epoch,total,ic,bc,pde
0,0.18649224936962128,0.13860522210597992,0.013562837615609169,0.0034324186854064465
1,1.2866332530975342,0.18113188445568085,0.3318018615245819,0.07736995071172714
2,0.31767427921295166,0.1413518488407135,0.0642089694738388,0.01121134590357542
3,0.2630251944065094,0.1359337866306305,0.03141513839364052,0.009567626751959324
4,0.5159224271774292,0.1501280963420868,0.12179340422153473,0.024400092661380768
5,0.4898223876953125,0.14712128043174744,0.1201082170009613,0.022259287536144257
6,0.3145945072174072,0.1344677060842514,0.060264602303504944,0.011986221186816692
7,0.1716139167547226,0.12574630975723267,0.01326297502964735,0.003260463709011674
8,0.13752157986164093,0.12507271766662598,0.004152681678533554,0.0008296174928545952
9,0.18435931205749512,0.12953677773475647,0.02079761028289795,0.0034024924971163273
10,0.23639462888240814,0.1340368390083313,0.03781306743621826,0.006454471964389086
11,0.24662016332149506,0.13557547330856323,0.04024624451994896,0.0070798443630337715
12,0.2198762744665146,0.13443198800086975,0.03002236969769001,0.00554219214245677
13,0.18222731351852417,0.13235896825790405,0.01602982170879841,0.0033838527742773294
14,0.15348652005195618,0.13086865842342377,0.0053354850970208645,0.0017282378394156694
15,0.13986141979694366,0.13060900568962097,0.0005230151582509279,0.0008729393593966961
16,0.13888922333717346,0.13145510852336884,0.000774575222749263,0.0006659537320956588
17,0.14573271572589874,0.13282401859760284,0.003829430555924773,0.0009079258888959885
18,0.15541256964206696,0.1339847445487976,0.007382763549685478,0.001404505455866456
19,0.16267266869544983,0.1343463808298111,0.009797194972634315,0.0018529085209593177
20,0.16340959072113037,0.13368819653987885,0.010396462865173817,0.0019324928289279342
21,0.1572313904762268,0.1321800798177719,0.009398224763572216,0.0015653094742447138
22,0.14759089052677155,0.1302115023136139,0.007539762184023857,0.0009839617414399981
23,0.13907450437545776,0.1282031536102295,0.00562768429517746,0.0005243660998530686
24,0.1345309317111969,0.1264963150024414,0.004235176835209131,0.0003799441910814494
25,0.1340777426958084,0.1253155767917633,0.003609028644859791,0.0005153135862201452
26,0.13599631190299988,0.12476538121700287,0.003716461593285203,0.0007514459430240095
27,0.13833846151828766,0.12483610957860947,0.00433501647785306,0.0009167325915768743
28,0.1400030255317688,0.12542417645454407,0.005133572034537792,0.0009445282630622387
29,0.1407715380191803,0.1263652741909027,0.005749632138758898,0.0008656635764054954
30,0.1407349407672882,0.12747102975845337,0.00588371092453599,0.0007380202878266573
31,0.13989245891571045,0.12856525182724,0.005401766858994961,0.0005925441510044038
32,0.13826480507850647,0.12951554358005524,0.004394317511469126,0.0004354932752903551
33,0.13619312644004822,0.1302516609430313,0.003137620398774743,0.0002803846728056669
34,0.13432887196540833,0.130763441324234,0.001964965369552374,0.0001600464602233842
35,0.13325268030166626,0.13108038902282715,0.0011240916792303324,0.00010481921344762668
36,0.1330975592136383,0.1312454491853714,0.0007012143032625318,0.00011508858005981892
37,0.13352453708648682,0.13129398226737976,0.0006399571429938078,0.00015905954933259636
38,0.13403956592082977,0.13124316930770874,0.0008224603370763361,0.00019739443087019026
39,0.1343429535627365,0.1310911923646927,0.0011492297053337097,0.00021025381283834577
40,0.13442710041999817,0.13082416355609894,0.0015693382592871785,0.00020335879526101053
41,0.13441257178783417,0.13042712211608887,0.0020583204459398985,0.00019271257042419165
42,0.13434667885303497,0.1298964023590088,0.002579736290499568,0.00018705485854297876
43,0.1341666281223297,0.1292494535446167,0.0030696082394570112,0.00018475708202458918
44,0.13382107019424438,0.12852920591831207,0.003455094527453184,0.0001836769370129332
45,0.13337986171245575,0.12780119478702545,0.003687862539663911,0.00018908055790234357
46,0.13300098478794098,0.12714378535747528,0.0037643397226929665,0.00020928482990711927
47,0.13279639184474945,0.1266341358423233,0.0037206774577498436,0.00024415782536379993
48,0.13274508714675903,0.12633347511291504,0.003610486164689064,0.0002801117952913046
49,0.13273735344409943,0.12627515196800232,0.003480793908238411,0.0002981412399094552
50,0.1326911300420761,0.12645812332630157,0.003356517758220434,0.00028764846501871943
51,0.1326155960559845,0.12684719264507294,0.0032359962351620197,0.00025324124726466835
52,0.13256970047950745,0.1273794323205948,0.0030967870261520147,0.0002093472721753642
53,0.13257843255996704,0.12797613441944122,0.0029100188985466957,0.00016922802024055272
54,0.1326034516096115,0.12855783104896545,0.0026588509790599346,0.0001386780641041696
55,0.13259084522724152,0.12905921041965485,0.0023524106945842505,0.00011792199074989185
56,0.13253042101860046,0.12943923473358154,0.002026650123298168,0.00010645460861269385
57,0.13245774805545807,0.129683718085289,0.001731210621073842,0.00010428112727822736
58,0.1324039250612259,0.12980005145072937,0.0015112243127077818,0.00010926465620286763
59,0.13235943019390106,0.1298072338104248,0.001395600731484592,0.00011565956810954958
60,0.1322927325963974,0.1297256201505661,0.0013960003852844238,0.00011711190745700151
61,0.13219580054283142,0.1295703947544098,0.0015109310625120997,0.00011144683230668306
62,0.13209828734397888,0.129349946975708,0.001727081835269928,0.00010212666529696435
63,0.1320365071296692,0.12906935811042786,0.00201672175899148,9.504263289272785e-05
64,0.13201679289340973,0.12873639166355133,0.002337501384317875,9.429072088096291e-05
65,0.13201600313186646,0.1283671259880066,0.002640637569129467,0.00010082372318720445
66,0.13201183080673218,0.12798847258090973,0.0028855386190116405,0.00011378299677744508
67,0.13200271129608154,0.12763607501983643,0.003052122425287962,0.00013145143748261034
68,0.1319960504770279,0.1273481845855713,0.003143216948956251,0.00015046389307826757
69,0.1319870799779892,0.12715722620487213,0.0031767701730132103,0.0001653090730542317
70,0.1319594383239746,0.12708210945129395,0.003173785051330924,0.00017035471682902426
71,0.1319054514169693,0.12712350487709045,0.0031484004575759172,0.00016335445980075747
72,0.13183806836605072,0.1272636502981186,0.0031036394648253918,0.0001470779679948464
73,0.13177832961082458,0.1274704933166504,0.003033490851521492,0.00012743455590680242
74,0.1317356526851654,0.12770526111125946,0.002930097281932831,0.00011003000690834597
75,0.13170504570007324,0.12793110311031342,0.0027927933260798454,9.81150587904267e-05
76,0.1316801905632019,0.12812009453773499,0.0026339730247855186,9.261191735276952e-05
77,0.1316617727279663,0.12825675308704376,0.0024780198000371456,9.270024747820571e-05
78,0.1316506266593933,0.12833689153194427,0.002353901509195566,9.598336328053847e-05
79,0.1316395103931427,0.1283634752035141,0.002285994589328766,9.900287113850936e-05
80,0.13161779940128326,0.12834158539772034,0.0022875142749398947,9.886999760055915e-05
81,0.1315830647945404,0.1282750815153122,0.0023577483370900154,9.502319880994037e-05
82,0.13154254853725433,0.12816601991653442,0.002482340205460787,8.941911073634401e-05
83,0.13150382041931152,0.1280171275138855,0.002636627061292529,8.500699914293364e-05
84,0.13146792352199554,0.127835214138031,0.0027926412876695395,8.400718797929585e-05
85,0.13143330812454224,0.1276334673166275,0.0029282700270414352,8.71575903147459e-05
86,0.13140170276165009,0.12743107974529266,0.0030340838711708784,9.365353616885841e-05
87,0.13137589395046234,0.12724973261356354,0.0031137242913246155,0.00010124310938408598
88,0.1313541829586029,0.12710830569267273,0.003177846781909466,0.0001068019846570678
89,0.13133126497268677,0.12701791524887085,0.003235580399632454,0.00010777694842545316
90,0.1313045620918274,0.12697915732860565,0.0032883365638554096,0.00010370548989158124
91,0.13127604126930237,0.12698274850845337,0.003328861203044653,9.644390229368582e-05
92,0.13124796748161316,0.12701302766799927,0.003345872275531292,8.890589379006997e-05
93,0.131219744682312,0.12705296277999878,0.003331939922645688,8.348412666236982e-05
94,0.13119082152843475,0.12708857655525208,0.0032902671955525875,8.119729318423197e-05
95,0.13116297125816345,0.12711124122142792,0.003236000193282962,8.157318370649591e-05
96,0.131137877702713,0.1271171122789383,0.0031910426914691925,8.297280146507546e-05
97,0.1311146467924118,0.12710508704185486,0.0031753452494740486,8.34217353258282e-05
98,0.1310914307832718,0.1270742118358612,0.0031992674339562654,8.179492579074576e-05
99,0.13106845319271088,0.12702283263206482,0.00326023087836802,7.853964780224487e-05
100,0.13104693591594696,0.12694932520389557,0.0033447355963289738,7.52887426642701e-05
101,0.1310267299413681,0.1268543154001236,0.003434935584664345,7.374671258730814e-05
102,0.13100674748420715,0.12674245238304138,0.003516955766826868,7.473453297279775e-05
103,0.13098731637001038,0.12662269175052643,0.0035865213721990585,7.781024760333821e-05
104,0.1309693306684494,0.12650629878044128,0.0036485844757407904,8.14447776065208e-05
105,0.1309526562690735,0.12640361487865448,0.0037114578299224377,8.375729521503672e-05
106,0.13093644380569458,0.12632085382938385,0.003779510734602809,8.360797073692083e-05
107,0.13092100620269775,0.12625882029533386,0.0038490695878863335,8.131131471600384e-05
108,0.13090716302394867,0.12621361017227173,0.003910002764314413,7.835441647330299e-05
109,0.13089483976364136,0.12617900967597961,0.003952068276703358,7.637654198333621e-05
110,0.1308836042881012,0.1261492669582367,0.003972058184444904,7.622867269674316e-05
111,0.13087354600429535,0.12612053751945496,0.00397690013051033,7.761167944408953e-05
112,0.13086487352848053,0.1260908991098404,0.0039805020205676556,7.934697350719944e-05
113,0.13085705041885376,0.1260591447353363,0.003996383864432573,8.015258936211467e-05
114,0.13084955513477325,0.12602363526821136,0.004030800890177488,7.951243605930358e-05
115,0.13084259629249573,0.12598219513893127,0.004080323502421379,7.80080008553341e-05
116,0.1308363974094391,0.1259329617023468,0.004134963266551495,7.684733282076195e-05
117,0.13083083927631378,0.12587599456310272,0.00418476015329361,7.700784044573084e-05
118,0.13082587718963623,0.1258140504360199,0.004225576296448708,7.862425991334021e-05
119,0.13082171976566315,0.1257520616054535,0.00426036212593317,8.09292250778526e-05
120,0.13081827759742737,0.12569549679756165,0.00429530767723918,8.274803258245811e-05
121,0.13081514835357666,0.1256483793258667,0.004334037192165852,8.327321847900748e-05
122,0.13081210851669312,0.12561210989952087,0.0043740710243582726,8.259268361143768e-05
123,0.13080917298793793,0.12558560073375702,0.004408083390444517,8.154955867212266e-05
124,0.13080629706382751,0.1255665421485901,0.004428951535373926,8.108048496069387e-05
125,0.13080334663391113,0.12555263936519623,0.004434939939528704,8.157622505677864e-05
126,0.13080045580863953,0.12554240226745605,0.004431265406310558,8.267971134046093e-05
127,0.13079772889614105,0.12553484737873077,0.004426903091371059,8.359833736903965e-05
128,0.13079506158828735,0.12552890181541443,0.00442909449338913,8.370534487767145e-05
129,0.13079233467578888,0.1255228966474533,0.004439430311322212,8.300028275698423e-05
130,0.13078956305980682,0.12551487982273102,0.0044539496302604675,8.20748318801634e-05
131,0.13078673183918,0.1255035549402237,0.004466789308935404,8.163928578142077e-05
132,0.13078372180461884,0.12548907101154327,0.004474545828998089,8.200991578632966e-05
133,0.13078057765960693,0.12547320127487183,0.004478180781006813,8.291890117106959e-05
134,0.13077738881111145,0.12545864284038544,0.004481364972889423,8.373877790290862e-05
135,0.13077415525913239,0.1254478245973587,0.004486842546612024,8.394844189751893e-05
136,0.13077084720134735,0.12544205784797668,0.004493795335292816,8.349909330718219e-05
137,0.1307675540447235,0.12544137239456177,0.004498153924942017,8.280226029455662e-05
138,0.13076423108577728,0.1254449039697647,0.004495576955378056,8.237521979026496e-05
139,0.13076089322566986,0.1254517138004303,0.004484686069190502,8.244933997048065e-05
140,0.13075752556324005,0.12546102702617645,0.004468189552426338,8.283059287350625e-05
141,0.13075414299964905,0.12547220289707184,0.0044510988518595695,8.308472024509683e-05
142,0.13075077533721924,0.12548433244228363,0.004437556955963373,8.288873505080119e-05
143,0.13074740767478943,0.1254960149526596,0.004428624175488949,8.227683429140598e-05
144,0.130744069814682,0.12550565600395203,0.004422457423061132,8.1595906522125e-05
145,0.13074074685573578,0.1255120486021042,0.004416471812874079,8.122257713694125e-05
146,0.13073743879795074,0.12551498413085938,0.004409599583595991,8.128587796818465e-05
147,0.13073419034481049,0.12551526725292206,0.004402948543429375,8.159657591022551e-05
148,0.13073094189167023,0.12551428377628326,0.004398517310619354,8.181508019333705e-05
149,0.13072775304317474,0.12551340460777283,0.004397149197757244,8.171899389708415e-05
150,0.13072456419467926,0.12551349401474,0.0043974947184324265,8.135791722452268e-05
151,0.13072140514850616,0.12551482021808624,0.004396739415824413,8.09842167655006e-05
152,0.13071824610233307,0.12551739811897278,0.004392505623400211,8.083358989097178e-05
153,0.13071510195732117,0.1255212426185608,0.004384453874081373,8.09403500170447e-05
154,0.13071195781230927,0.1255263388156891,0.0043743378482759,8.112801879178733e-05
155,0.13070881366729736,0.12553250789642334,0.004364659544080496,8.116455137496814e-05
156,0.13070569932460785,0.12553921341896057,0.004356977995485067,8.095128578133881e-05
157,0.13070258498191833,0.1255454123020172,0.004351208917796612,8.059517131187022e-05
158,0.13069947063922882,0.12555009126663208,0.004346280358731747,8.031036850297824e-05
159,0.13069632649421692,0.1255524456501007,0.004341436084359884,8.024440467124805e-05
160,0.13069318234920502,0.12555240094661713,0.004337070509791374,8.037139195948839e-05
161,0.13069000840187073,0.12555032968521118,0.004334390163421631,8.052912744460627e-05
162,0.13068684935569763,0.1255469173192978,0.00433432636782527,8.055994112510234e-05
163,0.13068364560604095,0.12554271519184113,0.004336576908826828,8.043465641094372e-05
164,0.13068042695522308,0.1255381554365158,0.004339657723903656,8.026231807889417e-05
165,0.1306772083044052,0.12553350627422333,0.004341845400631428,8.01858477643691e-05
166,0.13067394495010376,0.12552909553050995,0.0043422747403383255,8.025804709177464e-05
167,0.1306706666946411,0.12552529573440552,0.004341324791312218,8.040491229621693e-05
168,0.13066738843917847,0.12552239000797272,0.004340055398643017,8.049437747104093e-05
169,0.13066405057907104,0.12552028894424438,0.0043392665684223175,8.045048161875457e-05
170,0.13066072762012482,0.12551863491535187,0.004338957369327545,8.031207835301757e-05
171,0.13065733015537262,0.12551681697368622,0.004338579252362251,8.01938003860414e-05
172,0.13065393269062042,0.12551431357860565,0.00433776481077075,8.01859496277757e-05
173,0.13065050542354584,0.1255108267068863,0.004336842335760593,8.028332376852632e-05
174,0.13064704835414886,0.12550638616085052,0.0043366653844714165,8.039961539907381e-05
175,0.1306435614824295,0.1255011409521103,0.004337947815656662,8.044709829846397e-05
176,0.13064004480838776,0.12549526989459991,0.00434066029265523,8.041127875912935e-05
177,0.13063649833202362,0.12548892199993134,0.004344034940004349,8.035476639633998e-05
178,0.1306329220533371,0.1254822462797165,0.004347120877355337,8.03557486506179e-05
179,0.13062931597232819,0.12547552585601807,0.004349431023001671,8.043616981012747e-05
180,0.1306256800889969,0.12546910345554352,0.004351126030087471,8.054595673456788e-05
181,0.1306220293045044,0.12546326220035553,0.004352654796093702,8.061045082286e-05
182,0.13061830401420593,0.12545809149742126,0.004354240372776985,8.059733954723924e-05
183,0.13061456382274628,0.12545347213745117,0.004355663899332285,8.054177305893973e-05
184,0.13061077892780304,0.12544915080070496,0.004356519319117069,8.051044278545305e-05
185,0.13060694932937622,0.12544484436511993,0.004356686025857925,8.054204954532906e-05
186,0.1306031048297882,0.12544041872024536,0.004356516525149345,8.061656990321353e-05
187,0.13059920072555542,0.12543579936027527,0.004356606863439083,8.067954331636429e-05
188,0.13059525191783905,0.12543097138404846,0.004357337951660156,8.069479372352362e-05
189,0.1305912733078003,0.12542590498924255,0.00435861200094223,8.067543967626989e-05
190,0.13058723509311676,0.12542057037353516,0.004359995946288109,8.066706504905596e-05
191,0.13058318197727203,0.12541504204273224,0.004361101426184177,8.070253534242511e-05
192,0.13057903945446014,0.12540945410728455,0.00436187069863081,8.077174425125122e-05
193,0.13057488203048706,0.12540404498577118,0.004362511448562145,8.083290595095605e-05
194,0.130570650100708,0.1253989338874817,0.004363187588751316,8.085255103651434e-05
195,0.13056638836860657,0.12539422512054443,0.004363816697150469,8.083481952780858e-05
196,0.13056206703186035,0.12538981437683105,0.004364108666777611,8.081497071543708e-05
197,0.13055767118930817,0.1253855675458908,0.004363871179521084,8.08244658401236e-05
198,0.1305532455444336,0.12538142502307892,0.0043631913140416145,8.086248999461532e-05
199,0.13054877519607544,0.125377357006073,0.004362399689853191,8.090144547168165e-05
200,0.13054423034191132,0.1253732591867447,0.004361802712082863,8.091616473393515e-05
201,0.13053961098194122,0.12536907196044922,0.004361454397439957,8.090867049759254e-05
202,0.13053496181964874,0.1253647357225418,0.004361178260296583,8.090483606792986e-05
203,0.1305302232503891,0.1253601610660553,0.0043607912957668304,8.09269622550346e-05
204,0.13052543997764587,0.12535543739795685,0.0043602753430604935,8.097259706119075e-05
205,0.13052058219909668,0.12535063922405243,0.004359764978289604,8.101833373075351e-05
206,0.1305156648159027,0.1253458559513092,0.004359372891485691,8.104286825982854e-05
207,0.13051067292690277,0.12534116208553314,0.004359043203294277,8.104686276055872e-05
208,0.13050562143325806,0.12533652782440186,0.004358583129942417,8.105008600978181e-05
209,0.13050048053264618,0.12533193826675415,0.004357846453785896,8.107040775939822e-05
210,0.13049528002738953,0.12532734870910645,0.004356873221695423,8.110622002277523e-05
211,0.1304900050163269,0.12532275915145874,0.004355844110250473,8.114048978313804e-05
212,0.1304846704006195,0.12531813979148865,0.004354916512966156,8.116011304082349e-05
213,0.13047921657562256,0.1253134161233902,0.0043541062623262405,8.116965182125568e-05
214,0.13047371804714203,0.1253085434436798,0.004353316966444254,8.118637924781069e-05
215,0.13046813011169434,0.1253034472465515,0.004352469928562641,8.122168219415471e-05
216,0.13046245276927948,0.1252981424331665,0.004351605661213398,8.127091859932989e-05
217,0.13045668601989746,0.12529267370700836,0.004350830800831318,8.131890353979543e-05
218,0.13045084476470947,0.12528708577156067,0.004350193776190281,8.135551615851e-05
219,0.13044489920139313,0.125281423330307,0.004349621012806892,8.1386293459218e-05
220,0.13043886423110962,0.125275656580925,0.004348984453827143,8.142360456986353e-05
221,0.13043276965618134,0.125269815325737,0.0043482230976223946,8.147319022100419e-05
222,0.1304265409708023,0.12526386976242065,0.004347378853708506,8.152899681590497e-05
223,0.13042022287845612,0.12525786459445953,0.00434656348079443,8.157979027600959e-05
224,0.13041383028030396,0.12525178492069244,0.004345814697444439,8.162260201061144e-05
225,0.13040728867053986,0.12524554133415222,0.004345094319432974,8.166573388734832e-05
226,0.13040068745613098,0.12523914873600006,0.0043443432077765465,8.17190739326179e-05
227,0.13039395213127136,0.1252325475215912,0.00434355903416872,8.178496500477195e-05
228,0.1303870975971222,0.1252257376909256,0.004342809785157442,8.185570914065465e-05
229,0.13038015365600586,0.12521876394748688,0.004342152737081051,8.192355744540691e-05
230,0.13037309050559998,0.12521162629127502,0.004341567866504192,8.198907016776502e-05
231,0.13036592304706573,0.12520435452461243,0.004340978804975748,8.205941412597895e-05
232,0.13035862147808075,0.1251968890428543,0.0043403287418186665,8.213960973080248e-05
233,0.13035118579864502,0.12518930435180664,0.004339623264968395,8.222673204727471e-05
234,0.13034366071224213,0.12518160045146942,0.004338914528489113,8.231384708778933e-05
235,0.1303359717130661,0.12517376244068146,0.0043382300063967705,8.239767339546233e-05
236,0.13032816350460052,0.12516579031944275,0.00433754175901413,8.248272206401452e-05
237,0.130320206284523,0.1251576542854309,0.0043368106707930565,8.257544686784968e-05
238,0.13031212985515594,0.12514932453632355,0.004336032550781965,8.267771772807464e-05
239,0.13030393421649933,0.12514083087444305,0.004335257224738598,8.278502355096862e-05
240,0.13029558956623077,0.12513212859630585,0.00433452008292079,8.289352990686893e-05
241,0.1302870661020279,0.12512321770191193,0.004333809949457645,8.300432818941772e-05
242,0.13027840852737427,0.1251140981912613,0.00433308957144618,8.312164572998881e-05
243,0.1302696019411087,0.12510479986667633,0.004332324489951134,8.324893860844895e-05
244,0.1302606612443924,0.12509529292583466,0.004331523552536964,8.338333282154053e-05
245,0.13025152683258057,0.12508560717105865,0.00433071656152606,8.352092845598236e-05
246,0.130242258310318,0.12507574260234833,0.004329908639192581,8.366033580387011e-05
247,0.1302327960729599,0.1250656694173813,0.004329076502472162,8.380503277294338e-05
248,0.13022319972515106,0.12505541741847992,0.004328194074332714,8.39586355141364e-05
249,0.1302133947610855,0.12504491209983826,0.004327269271016121,8.412131865043193e-05
250,0.13020342588424683,0.1250341832637787,0.004326337482780218,8.429004083154723e-05
251,0.130193293094635,0.1250232309103012,0.004325417336076498,8.446373249171302e-05
252,0.13018295168876648,0.12501201033592224,0.004324494861066341,8.464448183076456e-05
253,0.13017244637012482,0.12500053644180298,0.004323546774685383,8.483617421006784e-05
254,0.13016173243522644,0.12498876452445984,0.0043225716799497604,8.503884600941092e-05
255,0.13015083968639374,0.1249767392873764,0.004321583546698093,8.525043813278899e-05
256,0.13013973832130432,0.12496443837881088,0.004320596344769001,8.546953176846728e-05
257,0.130128413438797,0.12495184689760208,0.004319601226598024,8.569659985369071e-05
258,0.13011690974235535,0.12493898719549179,0.004318573512136936,8.593533129896969e-05
259,0.1301051825284958,0.12492579966783524,0.0043175108730793,8.618616993771866e-05
260,0.13009324669837952,0.1249123364686966,0.004316431470215321,8.644785702927038e-05
261,0.13008108735084534,0.12489853799343109,0.004315346945077181,8.672003605170175e-05
262,0.13006870448589325,0.12488441169261932,0.004314262419939041,8.700347825651988e-05
263,0.13005609810352325,0.1248699277639389,0.004313161130994558,8.730113768251613e-05
264,0.13004326820373535,0.12485508620738983,0.004312038421630859,8.761412027524784e-05
265,0.13003018498420715,0.12483984977006912,0.004310907330363989,8.794204040896147e-05
266,0.13001687824726105,0.12482425570487976,0.004309784155339003,8.828363934298977e-05
267,0.13000331819057465,0.12480826675891876,0.0043086581863462925,8.863987750373781e-05
268,0.12998951971530914,0.12479186803102493,0.004307515453547239,8.90137380338274e-05
269,0.12997548282146454,0.12477507442235947,0.0043063475750386715,8.940572297433391e-05
270,0.12996117770671844,0.12475784868001938,0.004305173642933369,8.98147773114033e-05
271,0.12994661927223206,0.12474021315574646,0.004303994122892618,9.024141763802618e-05
272,0.12993179261684418,0.12472212314605713,0.004302803426980972,9.068734652828425e-05
273,0.129916712641716,0.12470357865095139,0.004301590844988823,9.115484135691077e-05
274,0.12990139424800873,0.12468457221984863,0.004300365690141916,9.164454968413338e-05
275,0.1298857480287552,0.12466505169868469,0.004299134481698275,9.215649333782494e-05
276,0.12986987829208374,0.12464506179094315,0.004297900013625622,9.269099246012047e-05
277,0.12985371053218842,0.12462455779314041,0.0042966557666659355,9.325030987383798e-05
278,0.1298372894525528,0.1246035248041153,0.00429539056494832,9.383642463944852e-05
279,0.1298205703496933,0.1245819628238678,0.004294109530746937,9.444946772418916e-05
280,0.1298035830259323,0.12455986440181732,0.00429281871765852,9.508968651061878e-05
281,0.12978631258010864,0.12453721463680267,0.00429151626303792,9.575842705089599e-05
282,0.12976877391338348,0.12451400607824326,0.00429018959403038,9.645759564591572e-05
283,0.12975095212459564,0.12449022382497787,0.004288835451006889,9.718920045997947e-05
284,0.1297328621149063,0.12446586042642593,0.004287457559257746,9.795396181289107e-05
285,0.1297144889831543,0.12444089353084564,0.004286058712750673,9.875270916381851e-05
286,0.1296958178281784,0.1244153156876564,0.004284634720534086,9.958753071259707e-05
287,0.1296769082546234,0.12438911944627762,0.004283182788640261,0.0001004601435852237
288,0.12965771555900574,0.12436229735612869,0.004281702917069197,0.00010137185745406896
289,0.12963825464248657,0.12433482706546783,0.004280193708837032,0.00010232386557618156
290,0.1296185553073883,0.12430673092603683,0.004278657492250204,0.00010331746307201684
291,0.12959858775138855,0.12427796423435211,0.004277083557099104,0.00010435459262225777
292,0.1295783966779709,0.12424854934215546,0.004275467712432146,0.00010543725511524826
293,0.12955793738365173,0.12421846389770508,0.004273806232959032,0.00010656685481080785
294,0.12953728437423706,0.12418773770332336,0.004272104240953922,0.00010774433030746877
295,0.1295163929462433,0.12415631860494614,0.004270350560545921,0.00010897214087890461
296,0.1294952929019928,0.12412422895431519,0.004268542863428593,0.00011025206913473085
297,0.12947401404380798,0.12409146875143051,0.004266682080924511,0.00011158516281284392
298,0.12945254147052765,0.12405803799629211,0.004264769610017538,0.00011297337914584205
299,0.129430890083313,0.1240239143371582,0.004262798465788364,0.00011441771493991837
300,0.12940911948680878,0.12398915737867355,0.004260767251253128,0.00011591985094128177
301,0.12938721477985382,0.12395372241735458,0.004258665256202221,0.00011748175165848807
302,0.12936519086360931,0.12391764670610428,0.00425649294629693,0.00011910439206985757
303,0.12934309244155884,0.12388094514608383,0.004254251718521118,0.00012078842701157555
304,0.1293209046125412,0.12384361773729324,0.004251931793987751,0.0001225353917106986
305,0.12929868698120117,0.1238056868314743,0.004249522462487221,0.00012434684322215617
306,0.12927643954753876,0.1237671747803688,0.004247026517987251,0.00012622313806787133
307,0.12925419211387634,0.12372809648513794,0.004244447685778141,0.00012816426169592887
308,0.12923197448253632,0.12368849664926529,0.004241778049618006,0.00013017065066378564
309,0.12920983135700226,0.12364839762449265,0.004239005036652088,0.00013224358553998172
310,0.12918779253959656,0.12360783666372299,0.004236136097460985,0.00013438200403470546
311,0.1291658580303192,0.12356683611869812,0.0042331647127866745,0.00013658538227900863
312,0.129144087433815,0.1235254555940628,0.004230089485645294,0.00013885306543670595
313,0.12912248075008392,0.12348373979330063,0.004226899705827236,0.00014118476246949285
314,0.12910109758377075,0.12344171106815338,0.004223592579364777,0.00014357843610923737
315,0.1290799379348755,0.12339944392442703,0.004220174625515938,0.00014603191812057048
316,0.1290590763092041,0.12335699796676636,0.004216636065393686,0.00014854347682558
317,0.1290384978055954,0.12331442534923553,0.00421297550201416,0.00015110985259525478
318,0.12901826202869415,0.12327177822589874,0.0042091840878129005,0.00015372922644019127
319,0.12899838387966156,0.12322913855314255,0.004205274395644665,0.00015639665070921183
320,0.1289788782596588,0.12318655848503113,0.004201237577944994,0.00015910873480606824
321,0.12895981967449188,0.12314412742853165,0.004197069443762302,0.00016186236462090164
322,0.12894116342067719,0.12310187518596649,0.004192782565951347,0.0001646507007535547
323,0.12892299890518188,0.12305992841720581,0.0041883718222379684,0.00016746943583711982
324,0.1289052963256836,0.12301831692457199,0.0041838292963802814,0.00017031366587616503
325,0.1288880556821823,0.122977115213871,0.004179166629910469,0.00017317640595138073
326,0.12887133657932281,0.1229364350438118,0.00417438754811883,0.00017605151515454054
327,0.1288551241159439,0.12289629876613617,0.004169491119682789,0.0001789332163752988
328,0.12883944809436798,0.12285681068897247,0.004164481535553932,0.0001818144228309393
329,0.12882427871227264,0.12281802296638489,0.00415937090292573,0.0001846880913944915
330,0.1288096308708191,0.12277999520301819,0.004154170863330364,0.0001875464804470539
331,0.12879548966884613,0.12274277955293655,0.00414887722581625,0.0001903837692225352
332,0.12878188490867615,0.12270644307136536,0.004143505822867155,0.0001931929582497105
333,0.12876877188682556,0.12267103046178818,0.004138071555644274,0.00019596600031945854
334,0.12875613570213318,0.122636578977108,0.004132584668695927,0.00019869647803716362
335,0.1287439614534378,0.12260312587022781,0.004127052146941423,0.0002013790508499369
336,0.12873226404190063,0.1225707083940506,0.004121497273445129,0.00020400580251589417
337,0.1287209838628769,0.12253933399915695,0.004115935880690813,0.0002065713779302314
338,0.12871012091636658,0.12250903248786926,0.004110374022275209,0.00020907096040900797
339,0.1286996304988861,0.12247979640960693,0.004104836843907833,0.00021149913663975894
340,0.1286894977092743,0.12245164811611176,0.004099342040717602,0.0002138511772500351
341,0.12867970764636993,0.12242455780506134,0.004093911964446306,0.00021612386626657099
342,0.12867021560668945,0.12239853292703629,0.004088564310222864,0.00021831289632245898
343,0.12866103649139404,0.1223735436797142,0.004083323758095503,0.00022041586635168642
344,0.12865206599235535,0.1223495602607727,0.004078198689967394,0.00022243124840315431
345,0.12864334881305695,0.1223265677690506,0.004073214717209339,0.00022435703431256115
346,0.12863482534885406,0.1223045065999031,0.0040683927945792675,0.00022619242372456938
347,0.1286264955997467,0.12228338420391083,0.004063754342496395,0.00022793628158979118
348,0.12861832976341248,0.1222631186246872,0.0040593077428638935,0.00022959000489208847
349,0.128610298037529,0.12224368005990982,0.0040550753474235535,0.0002311538701178506
350,0.12860238552093506,0.12222503125667572,0.004051067400723696,0.0002326283574802801
351,0.12859457731246948,0.12220711261034012,0.004047298803925514,0.00023401602811645716
352,0.12858685851097107,0.12218989431858063,0.004043771885335445,0.00023531977785751224
353,0.12857922911643982,0.12217332422733307,0.004040501546114683,0.00023654063988942653
354,0.12857165932655334,0.12215735018253326,0.004037497565150261,0.00023768152459524572
355,0.12856413424015045,0.12214192003011703,0.004034754820168018,0.00023874685575719923
356,0.12855669856071472,0.12212702631950378,0.0040322658605873585,0.00023973996576387435
357,0.12854927778244019,0.12211260944604874,0.00403004651889205,0.00024066246987786144
358,0.12854191660881042,0.1220986396074295,0.004028075374662876,0.00024152026162482798
359,0.12853458523750305,0.12208505719900131,0.004026341717690229,0.00024231805582530797
360,0.12852729856967926,0.12207187712192535,0.00402484368532896,0.00024305714759975672
361,0.12852001190185547,0.12205902487039566,0.004023564979434013,0.00024374293570872396
362,0.12851279973983765,0.12204651534557343,0.004022480919957161,0.0002443807024974376
363,0.12850558757781982,0.12203428149223328,0.004021576140075922,0.00024497410049661994
364,0.12849844992160797,0.1220223605632782,0.004020840860903263,0.0002455255016684532
365,0.1284913271665573,0.12201068550348282,0.004020243417471647,0.00024604066857136786
366,0.12848426401615143,0.12199925631284714,0.004019756801426411,0.00024652486899867654
367,0.12847723066806793,0.12198805809020996,0.0040193721652030945,0.00024697952903807163
368,0.12847021222114563,0.1219770610332489,0.004019062500447035,0.000247409101575613
369,0.1284632682800293,0.12196629494428635,0.00401879521086812,0.00024781806860119104
370,0.12845633924007416,0.12195569276809692,0.004018549807369709,0.0002482105337549001
371,0.128449484705925,0.12194527685642242,0.004018315579742193,0.0002485885052010417
372,0.128442645072937,0.12193503230810165,0.0040180678479373455,0.0002489554462954402
373,0.1284358650445938,0.12192493677139282,0.0040177772752940655,0.0002493162464816123
374,0.12842914462089539,0.12191498279571533,0.0040174429304897785,0.0002496715169399977
375,0.12842245399951935,0.12190515547990799,0.0040170480497181416,0.0002500252448953688
376,0.12841582298278809,0.1218954548239708,0.004016571212559938,0.0002503803698346019
377,0.1284092217683792,0.12188582122325897,0.004016012419015169,0.0002507389581296593
378,0.1284026801586151,0.1218762919306755,0.00401535676792264,0.0002511031343601644
379,0.1283961981534958,0.12186684459447861,0.004014608915895224,0.0002514747902750969
380,0.12838974595069885,0.1218574270606041,0.004013753961771727,0.0002518566616345197
381,0.1283833533525467,0.12184805423021317,0.004012807738035917,0.00025224938872270286
382,0.1283770054578781,0.12183869630098343,0.0040117595344781876,0.00025265506701543927
383,0.1283707171678543,0.12182935327291489,0.004010610748082399,0.0002530757337808609
384,0.1283644735813141,0.12181997299194336,0.004009381867945194,0.0002535114763304591
385,0.12835828959941864,0.12181058526039124,0.004008078016340733,0.000253962236456573
386,0.12835213541984558,0.12180113792419434,0.0040066903457045555,0.00025443205959163606
387,0.1283460557460785,0.12179162353277206,0.004005246330052614,0.0002549189957790077
388,0.12834003567695618,0.12178204953670502,0.004003759473562241,0.0002554228703957051
389,0.12833406031131744,0.12177237868309021,0.004002219066023827,0.00025594685575924814
390,0.1283281445503235,0.12176260352134705,0.004000645596534014,0.00025648920563980937
391,0.1283222883939743,0.12175273895263672,0.003999061416834593,0.0002570491924416274
392,0.1283164918422699,0.12174274772405624,0.003997472580522299,0.0002576270198915154
393,0.12831075489521027,0.12173264473676682,0.003995869308710098,0.00025822423049248755
394,0.1283050775527954,0.12172242254018784,0.003994282800704241,0.0002588377974461764
395,0.12829948961734772,0.1217120885848999,0.003992714919149876,0.0002594680117908865
396,0.1282939314842224,0.12170161306858063,0.003991172648966312,0.00026011469890363514
397,0.12828846275806427,0.12169104069471359,0.003989663440734148,0.0002607759088277817
398,0.1282830536365509,0.12168034166097641,0.003988192416727543,0.000261451379628852
399,0.1282777041196823,0.12166955322027206,0.003986760973930359,0.00026214035460725427
400,0.12827245891094208,0.12165866792201996,0.003985370509326458,0.00026284120394848287
401,0.12826725840568542,0.12164770811796188,0.0039840335957705975,0.00026355250156484544
402,0.12826216220855713,0.12163667380809784,0.003982748370617628,0.0002642731415107846
403,0.1282571256160736,0.12162559479475021,0.003981504123657942,0.0002650022506713867
404,0.12825216352939606,0.12161446362733841,0.003980306442826986,0.00026573918876238167
405,0.12824727594852448,0.12160331010818481,0.0039791627787053585,0.00026648014318197966
406,0.12824247777462006,0.12159215658903122,0.003978065215051174,0.00026722592883743346
407,0.1282377541065216,0.12158100306987762,0.003977001644670963,0.0002679756435099989
408,0.12823311984539032,0.12156986445188522,0.003975989762693644,0.00026872611488215625
409,0.1282285749912262,0.1215587854385376,0.003975012339651585,0.00026947687729261816
410,0.12822410464286804,0.12154776602983475,0.0039740633219480515,0.0002702274068724364
411,0.12821972370147705,0.12153682112693787,0.00397314690053463,0.0002709756081458181
412,0.12821541726589203,0.12152596563100815,0.003972256556153297,0.0002717203460633755
413,0.12821121513843536,0.12151522189378738,0.003971390891820192,0.0002724608057178557
414,0.12820708751678467,0.12150458246469498,0.0039705452509224415,0.00027319625951349735
415,0.12820304930210114,0.12149408459663391,0.0039697205647826195,0.00027392531046643853
416,0.12819911539554596,0.12148373574018478,0.0039689126424491405,0.00027464659069664776
417,0.12819525599479675,0.121473528444767,0.003968121018260717,0.00027535978006199
418,0.12819147109985352,0.12146349251270294,0.003967335447669029,0.00027606499497778714
419,0.12818779051303864,0.12145362794399261,0.003966568969190121,0.000276759295957163
420,0.12818418443202972,0.12144394218921661,0.003965812269598246,0.0002774439053609967
421,0.12818068265914917,0.12143444269895554,0.003965057898312807,0.00027811783365905285
422,0.12817725539207458,0.12142514437437057,0.003964319825172424,0.00027877980028279126
423,0.12817393243312836,0.12141604721546173,0.0039635905995965,0.00027942925225943327
424,0.1281706690788269,0.12140712887048721,0.0039628674276173115,0.00028006776119582355
425,0.1281675100326538,0.12139841914176941,0.003962159156799316,0.0002806928532663733
426,0.12816442549228668,0.12138991802930832,0.003961469046771526,0.0002813042083289474
427,0.12816143035888672,0.12138161063194275,0.003960784990340471,0.0002819030196405947
428,0.12815850973129272,0.12137351185083389,0.003960112575441599,0.00028248876333236694
429,0.1281556934118271,0.12136562168598175,0.003959470894187689,0.0002830589364748448
430,0.12815290689468384,0.12135791778564453,0.003958826884627342,0.00028361688600853086
431,0.12815023958683014,0.12135042995214462,0.003958203364163637,0.000284160632872954
432,0.1281476467847824,0.12134314328432083,0.003957604523748159,0.00028468912933021784
433,0.12814512848854065,0.12133605033159256,0.003957018256187439,0.00028520464547909796
434,0.12814266979694366,0.121329165995121,0.0039564473554492,0.00028570598806254566
435,0.12814028561115265,0.12132246792316437,0.003955906257033348,0.00028619199292734265
436,0.12813800573349,0.12131597101688385,0.0039553772658109665,0.00028666516300290823
437,0.12813575565814972,0.12130965292453766,0.003954863175749779,0.0002871244796551764
438,0.1281336098909378,0.12130354344844818,0.003954373765736818,0.00028756869141943753
439,0.12813149392604828,0.12129759788513184,0.003953903913497925,0.000287999544525519
440,0.1281294822692871,0.1212918609380722,0.003953441511839628,0.00028841730090789497
441,0.12812753021717072,0.1212863028049469,0.003953004255890846,0.00028882105834782124
442,0.1281256079673767,0.12128092348575592,0.0039525809697806835,0.00028921139892190695
443,0.12812377512454987,0.12127571552991867,0.003952170722186565,0.00028958843904547393
444,0.1281219869852066,0.12127069383859634,0.0039517683908343315,0.0002899531100410968
445,0.1281202733516693,0.12126583606004715,0.003951386548578739,0.0002903041895478964
446,0.1281185895204544,0.12126114964485168,0.0039510116912424564,0.00029064316186122596
447,0.12811698019504547,0.12125662714242935,0.003950641956180334,0.00029097055085003376
448,0.12811541557312012,0.12125227600336075,0.003950287587940693,0.00029128469759598374
449,0.12811391055583954,0.12124808877706528,0.0039499420672655106,0.00029158720280975103
450,0.12811245024204254,0.12124406546354294,0.003949589561671019,0.0002918797545135021
451,0.12811103463172913,0.12124018371105194,0.003949251025915146,0.0002921597915701568
452,0.12810967862606049,0.12123647332191467,0.003948922269046307,0.0002924283326137811
453,0.12810835242271423,0.12123287469148636,0.003948584198951721,0.00029268814250826836
454,0.12810707092285156,0.12122945487499237,0.003948255907744169,0.0002929365437012166
455,0.12810581922531128,0.12122614681720734,0.003947931341826916,0.00029317461303435266
456,0.12810462713241577,0.12122298032045364,0.0039476011879742146,0.0002934041840489954
457,0.12810347974300385,0.12121996283531189,0.003947281278669834,0.0002936231030616909
458,0.1281023472547531,0.12121704965829849,0.0039469595067203045,0.00029383396031334996
459,0.12810125946998596,0.12121427059173584,0.0039466372691094875,0.00029403582448139787
460,0.1281002312898636,0.12121161818504333,0.003946317825466394,0.00029422881198115647
461,0.12809918820858002,0.121209055185318,0.003945996053516865,0.00029441449441947043
462,0.12809820473194122,0.1212066113948822,0.003945675678551197,0.00029459185316227376
463,0.12809725105762482,0.12120427936315536,0.003945359494537115,0.00029476117924787104
464,0.128096342086792,0.12120204418897629,0.003945039119571447,0.00029492456815205514
465,0.12809543311595917,0.12119990587234497,0.00394472386687994,0.0002950798370875418
466,0.12809455394744873,0.12119785696268082,0.003944407682865858,0.00029522861586883664
467,0.12809370458126068,0.12119589745998383,0.003944088704884052,0.00029537201044149697
468,0.12809288501739502,0.121194027364254,0.003943782299757004,0.00029550777981057763
469,0.12809208035469055,0.12119223922491074,0.003943467512726784,0.00029563793214038014
470,0.12809130549430847,0.12119051069021225,0.003943145740777254,0.00029576424276456237
471,0.12809054553508759,0.12118888646364212,0.003942845389246941,0.0002958824625238776
472,0.1280898153781891,0.12118731439113617,0.003942532930523157,0.00029599727713502944
473,0.12808910012245178,0.12118580937385559,0.00394221767783165,0.00029610746423713863
474,0.12808839976787567,0.12118437886238098,0.0039419131353497505,0.0002962113358080387
475,0.12808772921562195,0.12118301540613174,0.003941602073609829,0.00029631133656948805
476,0.12808705866336823,0.12118168920278549,0.00394128542393446,0.0002964086306747049
477,0.1280864030122757,0.12118043750524521,0.00394098274409771,0.0002964989689644426
478,0.12808579206466675,0.1211792528629303,0.003940672613680363,0.00029658718267455697
479,0.1280851662158966,0.12117809802293777,0.0039403545670211315,0.0002966721076518297
480,0.12808458507061005,0.12117701023817062,0.003940050955861807,0.00029675153200514615
481,0.1280840039253235,0.12117596715688705,0.003939734771847725,0.0002968289190903306
482,0.12808340787887573,0.12117496132850647,0.003939415328204632,0.00029690333758480847
483,0.12808284163475037,0.12117400765419006,0.0039391061291098595,0.00029697289573960006
484,0.1280822902917862,0.12117309868335724,0.0039387838914990425,0.00029704111511819065
485,0.1280817687511444,0.121172234416008,0.0039384630508720875,0.0002971063368022442
486,0.12808121740818024,0.12117139250040054,0.0039381468668580055,0.0002971678040921688
487,0.12808071076869965,0.12117061018943787,0.003937825094908476,0.0002972270885948092
488,0.12808018922805786,0.12116985023021698,0.003937495406717062,0.00029728483059443533
489,0.12807969748973846,0.12116913497447968,0.003937170375138521,0.0002973386726807803
490,0.12807919085025787,0.12116844207048416,0.0039368378929793835,0.00029739097226411104
491,0.12807872891426086,0.12116780132055283,0.003936502151191235,0.00029744170024059713
492,0.12807822227478027,0.12116716802120209,0.003936173394322395,0.0002974887902382761
493,0.12807776033878326,0.12116657942533493,0.003935832064598799,0.00029753506532870233
494,0.12807728350162506,0.12116600573062897,0.003935487009584904,0.00029757971060462296
495,0.12807683646678925,0.12116546928882599,0.003935154993087053,0.00029762080521322787
496,0.12807638943195343,0.1211649551987648,0.003934808541089296,0.00029766192892566323
497,0.12807592749595642,0.12116445600986481,0.003934459760785103,0.00029770078253932297
498,0.1280754953622818,0.12116400897502899,0.003934118896722794,0.00029773692949675024
499,0.12807504832744598,0.12116355448961258,0.003933765925467014,0.0002977730764541775
500,0.12807461619377136,0.12116312980651855,0.003933412488549948,0.0002978072443511337
501,0.12807419896125793,0.12116274982690811,0.003933065105229616,0.00029783876379951835
502,0.1280737817287445,0.12116236984729767,0.003932702820748091,0.00029787071980535984
503,0.12807336449623108,0.12116200476884842,0.003932344727218151,0.0002979004639200866
504,0.12807293236255646,0.12116166949272156,0.003931989427655935,0.00029792828718200326
505,0.12807253003120422,0.1211613342165947,0.003931627608835697,0.00029795567388646305
506,0.1280721127986908,0.12116103619337082,0.003931261599063873,0.0002979821583721787
507,0.12807171046733856,0.12116073817014694,0.003930908627808094,0.000298006139928475
508,0.12807132303714752,0.12116046994924545,0.0039305430836975574,0.00029803006327711046
509,0.1280709207057953,0.12116020917892456,0.003930174745619297,0.00029805334634147584
510,0.12807050347328186,0.12115996330976486,0.003929808270186186,0.0002980741555802524
511,0.12807011604309082,0.12115973234176636,0.003929437603801489,0.0002980946155730635
512,0.12806972861289978,0.12115952372550964,0.003929060883820057,0.00029811475542373955
513,0.12806935608386993,0.12115932255983353,0.003928691614419222,0.0002981328871101141
514,0.1280689388513565,0.12115912139415741,0.0039283218793570995,0.0002981502329930663
515,0.12806856632232666,0.12115894258022308,0.0039279405027627945,0.00029816804453730583
516,0.12806816399097443,0.12115877121686935,0.003927570302039385,0.0002981832076329738
517,0.12806780636310577,0.12115862965583801,0.003927195910364389,0.00029819796327501535
518,0.12806741893291473,0.12115847319364548,0.003926808480173349,0.0002982133883051574
519,0.1280670464038849,0.12115835398435593,0.003926432691514492,0.0002982262521982193
520,0.12806665897369385,0.12115822732448578,0.0039260508492589,0.0002982385049108416
521,0.128066286444664,0.12115810811519623,0.003925658762454987,0.00029825151432305574
522,0.12806591391563416,0.12115801125764847,0.00392528111115098,0.00029826228274032474
523,0.1280655562877655,0.1211579218506813,0.003924894612282515,0.0002982729347422719
524,0.12806516885757446,0.12115782499313354,0.003924507647752762,0.0002982836158480495
525,0.12806479632854462,0.12115775048732758,0.003924120683223009,0.00029829225968569517
526,0.12806442379951477,0.1211576834321022,0.003923732787370682,0.000298301107250154
527,0.12806405127048492,0.12115761637687683,0.003923340234905481,0.00029830983839929104
528,0.12806367874145508,0.12115755677223206,0.003922948148101568,0.0002983169979415834
529,0.12806330621242523,0.12115751206874847,0.003922557923942804,0.00029832415748387575
530,0.12806296348571777,0.12115748226642609,0.00392215745523572,0.0002983312588185072
531,0.12806257605552673,0.1211574524641037,0.003921768628060818,0.0002983364975079894
532,0.12806221842765808,0.12115743011236191,0.003921372350305319,0.0002983426384162158
533,0.12806186079978943,0.12115740031003952,0.003920973278582096,0.0002983480808325112
534,0.12806148827075958,0.12115738540887833,0.003920582588762045,0.00029835227178409696
535,0.12806113064289093,0.12115737050771713,0.0039201839827001095,0.00029835652094334364
536,0.12806075811386108,0.12115737795829773,0.003919780720025301,0.0002983607118949294
537,0.12806041538715363,0.12115738540887833,0.003919380716979504,0.0002983638842124492
538,0.12806004285812378,0.12115739285945892,0.003918979316949844,0.00029836673638783395
539,0.12805968523025513,0.12115740031003952,0.0039185769855976105,0.0002983699378091842
540,0.12805931270122528,0.12115741521120071,0.003918176516890526,0.0002983720332849771
541,0.12805896997451782,0.1211574375629425,0.003917777445167303,0.0002983741578646004
542,0.12805859744548798,0.1211574599146843,0.003917373716831207,0.0002983757003676146
543,0.12805822491645813,0.12115748971700668,0.003916967660188675,0.0002983770100399852
544,0.12805786728858948,0.12115751951932907,0.003916564397513866,0.00029837837792001665
545,0.12805750966072083,0.12115757167339325,0.00391616253182292,0.0002983786107506603
546,0.12805716693401337,0.12115761637687683,0.003915753215551376,0.0002983794256579131
547,0.12805680930614471,0.12115766108036041,0.003915348555892706,0.00029837992042303085
548,0.12805645167827606,0.12115771323442459,0.0039149438962340355,0.0002983792219310999
549,0.12805607914924622,0.12115775048732758,0.003914531320333481,0.00029837960028089583
550,0.12805572152137756,0.12115781009197235,0.00391412666067481,0.00029837858164682984
551,0.1280553638935089,0.12115786969661713,0.003913721069693565,0.00029837776673957705
552,0.12805502116680145,0.1211579367518425,0.003913309425115585,0.00029837750480510294
553,0.1280546486377716,0.12115799635648727,0.0039129056967794895,0.00029837549664080143
554,0.12805430591106415,0.12115806341171265,0.003912496380507946,0.0002983743615914136
555,0.1280539482831955,0.12115813046693802,0.003912078216671944,0.00029837340116500854
556,0.12805359065532684,0.12115821242332458,0.003911676816642284,0.00029837057809345424
557,0.128053218126297,0.12115827202796936,0.003911263309419155,0.0002983692684210837
558,0.12805287539958954,0.12115834653377533,0.0039108493365347385,0.00029836766771040857
559,0.1280525177717209,0.1211584284901619,0.003910442814230919,0.0002983643498737365
560,0.12805216014385223,0.12115849554538727,0.003910029772669077,0.000298362341709435
561,0.12805181741714478,0.12115859240293503,0.00390961766242981,0.0002983601298183203
562,0.12805144488811493,0.121158666908741,0.003909211605787277,0.0002983566955663264
563,0.12805108726024628,0.12115874886512756,0.003908791579306126,0.0002983546582981944
564,0.12805074453353882,0.12115884572267532,0.003908383194357157,0.0002983510494232178
565,0.12805038690567017,0.12115894258022308,0.00390796922147274,0.0002983477897942066
566,0.12805001437664032,0.12115901708602905,0.003907550126314163,0.00029834554879926145
567,0.12804967164993286,0.12115912139415741,0.003907146397978067,0.0002983409503940493
568,0.1280493140220642,0.12115921080112457,0.003906726371496916,0.00029833836015313864
569,0.12804897129535675,0.12115930765867233,0.00390631565824151,0.00029833472217433155
570,0.1280486136674881,0.1211593970656395,0.0039059084374457598,0.00029833035659976304
571,0.12804825603961945,0.12115949392318726,0.0039054877124726772,0.0002983275044243783
572,0.1280478984117508,0.12115959823131561,0.0039050786290317774,0.0002983231097459793
573,0.12804754078388214,0.12115969508886337,0.00390466395765543,0.00029831862775608897
574,0.12804719805717468,0.12115979939699173,0.003904243465512991,0.00029831563006155193
575,0.12804685533046722,0.12115990370512009,0.003903836477547884,0.0002983104204759002
576,0.12804648280143738,0.12116000056266785,0.0039034164510667324,0.00029830672428943217
577,0.12804612517356873,0.1211601123213768,0.003902999684214592,0.00029830262064933777
578,0.12804578244686127,0.12116021662950516,0.0039025931619107723,0.00029829752747900784
579,0.12804542481899261,0.12116031348705292,0.0039021726697683334,0.000298293714877218
580,0.12804506719112396,0.12116041779518127,0.003901760559529066,0.00029828885453753173
581,0.1280447095632553,0.12116052955389023,0.003901347052305937,0.00029828434344381094
582,0.12804435193538666,0.12116063386201859,0.003900927258655429,0.00029827989055775106
583,0.1280440241098404,0.12116076052188873,0.003900513518601656,0.0002982747682835907
584,0.12804366648197174,0.12116086483001709,0.0039001000113785267,0.0002982700534630567
585,0.1280433088541031,0.12116096168756485,0.003899684641510248,0.00029826571699231863
586,0.12804296612739563,0.121161088347435,0.0038992727641016245,0.00029825998353771865
587,0.12804260849952698,0.12116120010614395,0.0038988529704511166,0.00029825573437847197
588,0.12804225087165833,0.12116129696369171,0.0038984371349215508,0.0002982508158311248
589,0.12804192304611206,0.12116143852472305,0.0038980289828032255,0.0002982445585075766
590,0.12804155051708221,0.12116153538227081,0.003897598013281822,0.00029824158991687
591,0.12804120779037476,0.12116165459156036,0.0038971975445747375,0.00029823489603586495
592,0.1280408501625061,0.12116177380084991,0.0038967858999967575,0.0002982295991387218
593,0.12804049253463745,0.12116187810897827,0.003896355628967285,0.0002982263104058802
594,0.1280401349067688,0.12116199731826782,0.0038959565572440624,0.0002982189762406051
595,0.12803979218006134,0.12116211652755737,0.0038955360651016235,0.0002982144651468843
596,0.1280394196510315,0.12116222083568573,0.0038951109163463116,0.0002982101577799767
597,0.12803910672664642,0.12116235494613647,0.0038947095163166523,0.00029820299823768437
598,0.12803873419761658,0.12116245925426483,0.0038942904211580753,0.00029819883638992906
599,0.12803839147090912,0.12116257101297379,0.0038938713259994984,0.00029819385963492095
600,0.12803803384304047,0.12116270512342453,0.0038934643380343914,0.00029818687471561134
601,0.12803767621517181,0.12116281688213348,0.003893036860972643,0.0002981829165946692
602,0.12803733348846436,0.12116293609142303,0.0038926282431930304,0.0002981768629979342
603,0.1280369907617569,0.12116306275129318,0.003892218694090843,0.0002981708094011992
604,0.12803663313388824,0.12116317451000214,0.003891794476658106,0.000298166909487918
605,0.1280362904071808,0.12116330116987228,0.003891390049830079,0.0002981597790494561
606,0.12803594768047333,0.12116342037916183,0.0038909707218408585,0.00029815512243658304
607,0.12803557515144348,0.12116353213787079,0.003890549298375845,0.00029815005837008357
608,0.12803523242473602,0.12116365879774094,0.0038901441730558872,0.00029814292793162167
609,0.12803488969802856,0.12116377800703049,0.003889720421284437,0.0002981389407068491
610,0.1280345320701599,0.12116388976573944,0.0038893159944564104,0.00029813271248713136
611,0.12803418934345245,0.12116401642560959,0.0038889055140316486,0.0002981265133712441
612,0.128033846616745,0.12116412818431854,0.0038884817622601986,0.0002981227298732847
613,0.12803350389003754,0.12116426229476929,0.0038880789652466774,0.00029811510466970503
614,0.12803314626216888,0.12116438150405884,0.003887653350830078,0.00029811070999130607
615,0.12803278863430023,0.12116450071334839,0.003887240309268236,0.00029810515115968883
616,0.12803243100643158,0.12116461992263794,0.003886834718286991,0.0002980984281748533
617,0.12803210318088531,0.12116473913192749,0.0038864142261445522,0.0002980942081194371
618,0.12803173065185547,0.12116485089063644,0.0038860084023326635,0.0002980876306537539
619,0.128031387925148,0.121164970099926,0.0038855955936014652,0.0002980825665872544
620,0.12803104519844055,0.12116509675979614,0.003885182086378336,0.00029807662940584123
621,0.1280307024717331,0.12116522341966629,0.0038847671821713448,0.00029807109967805445
622,0.12803035974502563,0.12116534262895584,0.0038843476213514805,0.0002980658318847418
623,0.1280299872159958,0.12116546183824539,0.003883941099047661,0.00029805925441905856
624,0.12802964448928833,0.12116558104753494,0.003883520606905222,0.0002980545104946941
625,0.12802930176258087,0.1211657002568245,0.003883116180077195,0.00029804877704009414
626,0.1280289590358734,0.12116581946611404,0.0038827103562653065,0.00029804251971654594
627,0.12802861630916595,0.1211659386754036,0.003882289631292224,0.00029803815414197743
628,0.1280282735824585,0.12116605788469315,0.0038818868342787027,0.0002980314311571419
629,0.12802790105342865,0.1211661770939827,0.0038814679719507694,0.00029802636709064245
630,0.1280275583267212,0.12116630375385284,0.0038810535334050655,0.0002980207500513643
631,0.12802720069885254,0.1211664155125618,0.0038806437514722347,0.0002980149583891034
632,0.12802687287330627,0.12116654217243195,0.0038802330382168293,0.0002980094577651471
633,0.12802653014659882,0.1211666613817215,0.0038798246532678604,0.00029800410266034305
634,0.12802617251873016,0.12116677314043045,0.003879415336996317,0.00029799819458276033
635,0.1280258297920227,0.1211668998003006,0.00387899880297482,0.0002979930432047695
636,0.12802548706531525,0.12116701900959015,0.003878589952364564,0.00029798707691952586
637,0.1280251443386078,0.1211671382188797,0.003878183662891388,0.00029798122704960406
638,0.12802478671073914,0.12116725742816925,0.0038777643349021673,0.0002979769487865269
639,0.12802442908287048,0.1211673691868782,0.0038773631677031517,0.0002979698474518955
640,0.12802408635616302,0.12116748839616776,0.0038769496604800224,0.00029796521994285285
641,0.12802374362945557,0.1211676076054573,0.003876535687595606,0.00029795998125337064
642,0.12802338600158691,0.12116772681474686,0.0038761345203965902,0.0002979535493068397
643,0.12802304327487946,0.12116783857345581,0.003875719616189599,0.0002979491255246103
644,0.1280227154493332,0.12116797268390656,0.0038753098342567682,0.00029794315923936665
645,0.12802235782146454,0.12116808444261551,0.003874905640259385,0.0002979374257847667
646,0.12802201509475708,0.12116820365190506,0.0038744895718991756,0.0002979323617182672
647,0.12802167236804962,0.12116832286119461,0.003874084446579218,0.00029792668647132814
648,0.12802134454250336,0.12116844207048416,0.003873680252581835,0.00029792136047035456
649,0.1280209869146347,0.12116855382919312,0.0038732707034796476,0.0002979158307425678
650,0.12802062928676605,0.12116867303848267,0.0038728611543774605,0.00029791067936457694
651,0.1280203014612198,0.12116879224777222,0.003872453700751066,0.00029790514963679016
652,0.12801994383335114,0.12116890400648117,0.003872047644108534,0.0002978996781166643
653,0.12801960110664368,0.12116902321577072,0.00387163320556283,0.00029789467225782573
654,0.12801925837993622,0.12116913497447968,0.0038712320383638144,0.0002978886477649212
655,0.12801891565322876,0.12116924673318863,0.003870819229632616,0.0002978841366712004
656,0.1280185729265213,0.12116936594247818,0.0038704234175384045,0.00029787831590510905
657,0.12801821529865265,0.12116948515176773,0.0038700103759765625,0.0002978730190079659
658,0.1280178725719452,0.12116959691047668,0.0038696001283824444,0.00029786815866827965
659,0.12801754474639893,0.12116971611976624,0.003869201522320509,0.00029786210507154465
660,0.12801720201969147,0.12116982787847519,0.0038687903434038162,0.0002978575066663325
661,0.12801684439182281,0.12116993963718414,0.0038683845195919275,0.00029785215156152844
662,0.12801650166511536,0.1211700513958931,0.003867986612021923,0.000297846389003098
663,0.1280161589384079,0.12117017060518265,0.003867574967443943,0.00029784199432469904
664,0.12801580131053925,0.121170274913311,0.0038671777583658695,0.00029783599893562496
665,0.12801547348499298,0.12117039412260056,0.003866765648126602,0.0002978311094921082
666,0.12801513075828552,0.1211705133318901,0.0038663549348711967,0.0002978263364639133
667,0.12801480293273926,0.12117063254117966,0.003865959821268916,0.0002978199627250433
668,0.1280144304037094,0.12117072939872742,0.0038655451498925686,0.00029781609191559255
669,0.12801408767700195,0.12117084115743637,0.0038651470094919205,0.00029781044577248394
670,0.1280137598514557,0.12117096036672592,0.0038647509645670652,0.00029780491604469717
671,0.12801343202590942,0.12117107212543488,0.0038643409498035908,0.0002978006668854505
672,0.12801307439804077,0.12117117643356323,0.0038639442063868046,0.0002977949916385114
673,0.1280127316713333,0.12117130309343338,0.003863538382574916,0.00029778986936435103
674,0.12801238894462585,0.12117141485214233,0.0038631288334727287,0.00029778541647829115
675,0.1280120313167572,0.1211715117096901,0.0038627278991043568,0.0002977794501930475
676,0.12801170349121094,0.12117162346839905,0.00386232091113925,0.0002977753465529531
677,0.12801136076450348,0.121171735227108,0.003861926728859544,0.00029776967130601406
678,0.12801101803779602,0.12117183208465576,0.00386152695864439,0.00029776495648548007
679,0.12801067531108856,0.12117194384336472,0.0038611236959695816,0.0002977602416649461
680,0.1280103325843811,0.12117205560207367,0.0038607236929237843,0.00029775494476780295
681,0.12800997495651245,0.12117216736078262,0.0038603225257247686,0.00029774964787065983
682,0.12800966203212738,0.12117228657007217,0.0038599129766225815,0.00029774586437270045
683,0.12800931930541992,0.12117239087820053,0.003859520424157381,0.00029773960704915226
684,0.12800896167755127,0.12117248773574829,0.0038591139018535614,0.0002977356780320406
685,0.1280086189508438,0.12117260694503784,0.0038587176240980625,0.0002977302938234061
686,0.12800827622413635,0.1211727038025856,0.003858319716528058,0.0002977258700411767
687,0.1280079483985901,0.12117281556129456,0.00385792413726449,0.00029772051493637264
688,0.12800762057304382,0.1211729347705841,0.0038575176149606705,0.00029771626577712595
689,0.12800724804401398,0.12117302417755127,0.0038571192417293787,0.00029771102708764374
690,0.1280069202184677,0.12117313593626022,0.003856721566990018,0.00029770596302114427
691,0.12800657749176025,0.12117324024438858,0.0038563180714845657,0.00029770174296572804
692,0.1280062347650528,0.12117334455251694,0.0038559273816645145,0.0002976965915877372
693,0.12800590693950653,0.1211734488606453,0.0038555297069251537,0.0002976921678055078
694,0.12800556421279907,0.12117356061935425,0.0038551301695406437,0.00029768742388114333
695,0.1280052214860916,0.1211736649274826,0.003854735754430294,0.00029768224339932203
696,0.12800486385822296,0.12117376178503036,0.0038543306291103363,0.000297678227070719
697,0.1280045509338379,0.12117388099431992,0.0038539348170161247,0.00029767307569272816
698,0.12800420820713043,0.12117397785186768,0.003853543195873499,0.0002976685354951769
699,0.12800386548042297,0.12117407470941544,0.003853148315101862,0.00029766414081677794
700,0.1280035376548767,0.12117418646812439,0.0038527529686689377,0.00029765910585410893
701,0.12800319492816925,0.12117428332567215,0.003852352499961853,0.00029765500221401453
702,0.1280028522014618,0.1211743950843811,0.0038519599474966526,0.0002976498508360237
703,0.12800250947475433,0.12117449194192886,0.0038515599444508553,0.00029764557257294655
704,0.12800218164920807,0.12117459625005722,0.0038511641323566437,0.0002976410905830562
705,0.12800182402133942,0.12117469310760498,0.0038507753051817417,0.00029763593920506537
706,0.12800149619579315,0.12117478996515274,0.00385037949308753,0.00029763233033008873
707,0.1280011534690857,0.1211748942732811,0.0038499878719449043,0.00029762685880996287
708,0.12800082564353943,0.12117499113082886,0.00384959252551198,0.00029762324993498623
709,0.12800046801567078,0.12117509543895721,0.003849199740216136,0.0002976179530378431
710,0.1280001550912857,0.12117519974708557,0.0038488004356622696,0.00029761437326669693
711,0.12799979746341705,0.12117529660463333,0.0038484118413180113,0.0002976088726427406
712,0.1279994696378708,0.12117539346218109,0.003848017193377018,0.00029760555480606854
713,0.12799912691116333,0.12117549777030945,0.0038476288318634033,0.00029760011238977313
714,0.12799879908561707,0.12117559462785721,0.003847233485430479,0.00029759659082628787
715,0.1279984712600708,0.12117569893598557,0.0038468451239168644,0.00029759202152490616
716,0.12799811363220215,0.12117578834295273,0.0038464569952338934,0.0002975868701469153
717,0.1279977709054947,0.12117587774991989,0.003846053034067154,0.0002975841925945133
718,0.12799744307994843,0.12117598205804825,0.0038456786423921585,0.00029757776064798236
719,0.12799710035324097,0.12117607891559601,0.0038452716544270515,0.0002975749666802585
720,0.1279967725276947,0.12117617577314377,0.0038448874838650227,0.0002975704555865377
721,0.12799644470214844,0.12117627263069153,0.0038445107638835907,0.0002975650713779032
722,0.12799610197544098,0.12117636948823929,0.00384410354308784,0.00029756303410977125
723,0.12799577414989471,0.12117647379636765,0.0038437326438724995,0.00029755616560578346
724,0.12799541652202606,0.12117654830217361,0.003843326587229967,0.0002975540410261601
725,0.127995103597641,0.12117666006088257,0.003842945210635662,0.00029754897695966065
726,0.12799476087093353,0.12117674946784973,0.003842560574412346,0.0002975442330352962
727,0.12799441814422607,0.12117684632539749,0.0038421587087213993,0.00029754170100204647
728,0.1279940903186798,0.12117693573236465,0.003841789672151208,0.00029753532726317644
729,0.12799374759197235,0.12117702513933182,0.0038413889706134796,0.00029753337730653584
730,0.1279934048652649,0.12117711454629898,0.003841011319309473,0.0002975278184749186
731,0.12799307703971863,0.12117721885442734,0.0038406201638281345,0.00029752429691143334
732,0.12799274921417236,0.1211773008108139,0.003840232267975807,0.0002975203678943217
733,0.1279924064874649,0.12117740511894226,0.003839851124212146,0.00029751562396995723
734,0.12799206376075745,0.12117748707532883,0.0038394583389163017,0.0002975124807562679
735,0.12799173593521118,0.1211775690317154,0.003839083481580019,0.00029750767862424254
736,0.12799140810966492,0.12117767333984375,0.0038386934902518988,0.0002975039533339441
737,0.12799106538295746,0.12117775529623032,0.0038383067585527897,0.0002975001698359847
738,0.1279907375574112,0.12117784470319748,0.0038379309698939323,0.00029749551322311163
739,0.12799040973186493,0.12117794156074524,0.003837540280073881,0.00029749248642474413
740,0.12799006700515747,0.1211780309677124,0.003837160300463438,0.0002974875387735665
741,0.1279897391796112,0.12117812782526016,0.003836770076304674,0.0002974840463139117
742,0.12798939645290375,0.12117820233106613,0.0038363877683877945,0.00029748043743893504
743,0.12798908352851868,0.12117829918861389,0.0038360143080353737,0.00029747566441074014
744,0.12798874080181122,0.12117838114500046,0.0038356254808604717,0.00029747310327365994
745,0.12798839807510376,0.12117846310138702,0.003835256677120924,0.0002974679518956691
746,0.1279880702495575,0.12117855995893478,0.003834859235212207,0.00029746501240879297
747,0.12798774242401123,0.12117865681648254,0.003834482515230775,0.0002974605013150722
748,0.12798739969730377,0.12117873132228851,0.003834100440144539,0.00029745700885541737
749,0.1279870718717575,0.12117882817983627,0.0038337232545018196,0.0002974530216306448
750,0.12798675894737244,0.12117891758680344,0.0038333460688591003,0.0002974490635097027
751,0.12798640131950378,0.12117897719144821,0.003832962131127715,0.00029744606581516564
752,0.12798607349395752,0.12117908149957657,0.003832591697573662,0.0002974410599563271
753,0.12798573076725006,0.12117915600538254,0.003832200076431036,0.00029743826598860323
754,0.127985417842865,0.1211792454123497,0.0038318270817399025,0.0002974339877255261
755,0.12798507511615753,0.12117932736873627,0.0038314475677907467,0.0002974306989926845
756,0.12798473238945007,0.12117940932512283,0.0038310731761157513,0.0002974263043142855
757,0.1279844045639038,0.1211794912815094,0.0038306894712150097,0.00029742345213890076
758,0.12798410654067993,0.12117958068847656,0.0038303222972899675,0.0002974191738758236
759,0.12798376381397247,0.12117966264486313,0.003829943249002099,0.0002974156232085079
760,0.1279834359884262,0.1211797446012497,0.0038295648992061615,0.00029741230537183583
761,0.12798310816287994,0.12117983400821686,0.003829190507531166,0.0002974082308355719
762,0.12798276543617249,0.12117990851402283,0.0038288095965981483,0.0002974049129988998
763,0.12798245251178741,0.12117999792098999,0.003828439163044095,0.00029740118770860136
764,0.12798209488391876,0.12118005752563477,0.0038280668668448925,0.0002973975206259638
765,0.1279817819595337,0.12118015438318253,0.003827690612524748,0.0002973942901007831
766,0.12798145413398743,0.12118023633956909,0.003827319946140051,0.00029739036108367145
767,0.12798112630844116,0.12118031829595566,0.0038269422948360443,0.00029738713055849075
768,0.1279807984828949,0.12118039280176163,0.0038265706971287727,0.00029738349257968366
769,0.12798047065734863,0.1211804673075676,0.003826201893389225,0.00029738000012002885
770,0.12798014283180237,0.12118054926395416,0.0038258282002061605,0.00029737630393356085
771,0.1279798001050949,0.12118060886859894,0.0038254517130553722,0.00029737380100414157
772,0.12797947227954865,0.1211806982755661,0.0038250917568802834,0.0002973681839648634
773,0.12797914445400238,0.12118076533079147,0.0038247001357376575,0.0002973676018882543
774,0.1279788315296173,0.12118085473775864,0.0038243536837399006,0.0002973612863570452
775,0.12797850370407104,0.1211809292435646,0.0038239669520407915,0.0002973598602693528
776,0.1279781609773636,0.12118100374937057,0.0038236002437770367,0.0002973558148369193
777,0.12797783315181732,0.12118107825517654,0.003823240287601948,0.000297351652989164
778,0.12797750532627106,0.12118115276098251,0.0038228577468544245,0.00029735025600530207
779,0.1279771775007248,0.12118123471736908,0.0038225082680583,0.0002973439986817539
780,0.12797686457633972,0.12118129432201385,0.003822112688794732,0.00029734455165453255
781,0.12797652184963226,0.12118138372898102,0.003821777179837227,0.0002973364316858351
782,0.127976194024086,0.12118145078420639,0.003821372054517269,0.00029733843985013664
783,0.12797586619853973,0.12118153274059296,0.0038210488855838776,0.0002973291848320514
784,0.12797555327415466,0.12118158489465714,0.003820637473836541,0.00029733258998021483
785,0.1279752254486084,0.1211816743016243,0.0038203236181288958,0.0002973222581204027
786,0.12797491252422333,0.12118174135684967,0.003819907084107399,0.00029732598341070116
787,0.12797456979751587,0.12118183076381683,0.0038195871748030186,0.0002973160590045154
788,0.1279742419719696,0.12118188291788101,0.003819174598902464,0.0002973189402837306
789,0.12797391414642334,0.12118197232484818,0.003818853758275509,0.0002973100054077804
790,0.12797360122203827,0.12118202447891235,0.0038184532895684242,0.00029731212998740375
791,0.1279732584953308,0.12118209898471832,0.0038181294221431017,0.0002973040973301977
792,0.12797296047210693,0.12118217349052429,0.00381773104891181,0.0002973052323795855
793,0.12797263264656067,0.12118225544691086,0.0038173957727849483,0.00029729850939475
794,0.1279723048210144,0.12118231505155563,0.0038170134648680687,0.0002972975489683449
795,0.12797196209430695,0.12118237465620041,0.0038166583981364965,0.000297293794574216
796,0.12797166407108307,0.12118245661258698,0.0038163065910339355,0.0002972896327264607
797,0.1279713213443756,0.12118250876665115,0.003815928939729929,0.00029728913796134293
798,0.12797100841999054,0.12118258327245712,0.0038156015798449516,0.00029728221124969423
799,0.12797068059444427,0.1211826354265213,0.0038152053020894527,0.0002972838992718607
800,0.1279703676700592,0.12118273228406906,0.003814883064478636,0.00029727505170740187
801,0.12797003984451294,0.12118277698755264,0.003814470488578081,0.00029727883520536125
802,0.12796971201896667,0.1211828663945198,0.003814178053289652,0.00029726725188083947
803,0.1279693841934204,0.1211828961968422,0.0038137445226311684,0.00029727473156526685
804,0.12796908617019653,0.12118300795555115,0.003813481656834483,0.00029725919011980295
805,0.12796874344348907,0.12118303030729294,0.003813016228377819,0.0002972706570290029
806,0.127968430519104,0.12118314206600189,0.003812781535089016,0.0002972506044898182
807,0.12796808779239655,0.12118314206600189,0.003812279086560011,0.0002972677175421268
808,0.12796777486801147,0.12118326872587204,0.003812100738286972,0.0002972407382912934
809,0.1279674768447876,0.12118326872587204,0.0038115347269922495,0.00029726658249273896
810,0.12796714901924133,0.12118341773748398,0.00381143344566226,0.00029722898034378886
811,0.12796682119369507,0.1211833655834198,0.0038107740692794323,0.0002972680376842618
812,0.12796650826931,0.12118356674909592,0.0038107968866825104,0.0002972136135213077
813,0.12796618044376373,0.12118346244096756,0.0038099740631878376,0.0002972743532154709
814,0.12796586751937866,0.12118373066186905,0.0038102096877992153,0.0002971920766867697
815,0.1279655396938324,0.12118352949619293,0.003809124929830432,0.0002972883521579206
816,0.12796521186828613,0.12118391692638397,0.0038096928037703037,0.00029716090648435056
817,0.12796489894390106,0.12118356674909592,0.0038081759121268988,0.00029731597169302404
818,0.1279645711183548,0.12118415534496307,0.003809310495853424,0.0002971112553495914
819,0.12796425819396973,0.12118353694677353,0.0038070431910455227,0.00029736824217252433
820,0.12796393036842346,0.12118446826934814,0.003809186629951,0.00029702845495194197
821,0.1279636174440384,0.1211833730340004,0.003805585205554962,0.0002974662638735026
822,0.12796331942081451,0.12118496000766754,0.0038095200434327126,0.000296883808914572
823,0.12796300649642944,0.12118300795555115,0.003803490661084652,0.0002976500545628369
824,0.12796269357204437,0.12118574976921082,0.0038107254076749086,0.00029662169981747866
825,0.1279623806476593,0.12118219584226608,0.003800185164436698,0.00029799985350109637
826,0.12796208262443542,0.12118712067604065,0.003813642542809248,0.00029613159131258726
827,0.12796182930469513,0.12118054926395416,0.0037944954819977283,0.0002986785548273474
828,0.12796160578727722,0.12118972092866898,0.0038199604023247957,0.00029519275994971395
829,0.12796147167682648,0.12117718905210495,0.0037840204313397408,0.000300026178592816
830,0.12796151638031006,0.1211947351694107,0.003833184251561761,0.00029335933504626155
831,0.1279619187116623,0.12117036432027817,0.003763753455132246,0.0003027805360034108
832,0.12796306610107422,0.12120482325553894,0.003860815893858671,0.0002897425729315728
833,0.12796573340892792,0.12115631252527237,0.00372320506721735,0.00030862135463394225
834,0.12797150015830994,0.12122565507888794,0.003919179551303387,0.00028266620938666165
835,0.12798385322093964,0.12112698704004288,0.0036403420381247997,0.0003216520417481661
836,0.1280098706483841,0.12126968801021576,0.004044493194669485,0.000269569136435166
837,0.12806472182273865,0.12106585502624512,0.003471288364380598,0.0003527583903633058
838,0.12817774713039398,0.1213633269071579,0.004315403755754232,0.00024990172823891044
839,0.1284063756465912,0.12094386667013168,0.0031469722744077444,0.00043155450839549303
840,0.1288294494152069,0.12155113369226456,0.0048670778051018715,0.00024112376559060067
841,0.12953148782253265,0.12074901163578033,0.002654765732586384,0.0006127700908109546
842,0.13035978376865387,0.12183098495006561,0.005655212327837944,0.0002873590274248272
843,0.13085614144802094,0.12065448611974716,0.00231751031242311,0.0007884145015850663
844,0.13018450140953064,0.12192026525735855,0.005515077151358128,0.0002749166451394558
845,0.12872254848480225,0.12109706550836563,0.0028893649578094482,0.0004736123082693666
846,0.12796619534492493,0.12149662524461746,0.003631158731877804,0.00028384142206050456
847,0.12860853970050812,0.12186656892299652,0.004516310524195433,0.0002225669304607436
848,0.12917086482048035,0.12120639532804489,0.002628850284963846,0.0005335616879165173
849,0.1285170167684555,0.12192375212907791,0.004408050328493118,0.00021852161444257945
850,0.12797613441944122,0.12167113274335861,0.0036388039588928223,0.00026661829906515777
851,0.12845379114151,0.12141837924718857,0.002954438328742981,0.00040809783968143165
852,0.12861575186252594,0.12197421491146088,0.004503014497458935,0.00021385289437603205
853,0.1280783861875534,0.12156064063310623,0.0033122780732810497,0.00032054728944785893
854,0.12809649109840393,0.12154664099216461,0.00327892554923892,0.0003270930319558829
855,0.1284293681383133,0.12189510464668274,0.004399336874485016,0.0002134931564796716
856,0.12815648317337036,0.1214657798409462,0.0032619875855743885,0.0003428712661843747
857,0.1279904693365097,0.12153404951095581,0.003547147149220109,0.0002909268660005182
858,0.1282568871974945,0.12173038721084595,0.0043336935341358185,0.00021928145724814385
859,0.12815946340560913,0.12135190516710281,0.0033280816860497,0.0003479477309156209
860,0.1279670149087906,0.12146614491939545,0.003734341822564602,0.00027665405650623143
861,0.12814219295978546,0.12158215790987015,0.004269012250006199,0.0002291023702127859
862,0.12813149392604828,0.1212652400135994,0.003400739748030901,0.0003465515037532896
863,0.12796534597873688,0.12138913571834564,0.003851173911243677,0.00027250335551798344
864,0.12807059288024902,0.12144679576158524,0.004216768778860569,0.00024070314248092473
865,0.12809635698795319,0.12118561565876007,0.0034749177284538746,0.00034358189441263676
866,0.1279672384262085,0.12131862342357635,0.003916979767382145,0.0002731630520429462
867,0.12802575528621674,0.12135496735572815,0.0041472427546978,0.0002523536968510598
868,0.12806257605552673,0.12115510553121567,0.003508636262267828,0.00033988399081863463
869,0.12796777486801147,0.12129157036542892,0.003917858470231295,0.0002758345508482307
870,0.127997487783432,0.12130755931138992,0.004059907048940659,0.0002630022063385695
871,0.12803348898887634,0.1211480125784874,0.003523766528815031,0.00033617165172472596
872,0.1279667317867279,0.12127437442541122,0.0038986033760011196,0.0002793759049382061
873,0.12798038125038147,0.12127714604139328,0.003981106914579868,0.0002722135395742953
874,0.12801072001457214,0.12115779519081116,0.003527252934873104,0.00033256717142648995
875,0.12796485424041748,0.12127552181482315,0.0038609220646321774,0.00028284010477364063
876,0.1279706209897995,0.12126945704221725,0.003904414363205433,0.0002796755579765886
877,0.12799423933029175,0.12117654830217361,0.003527283202856779,0.0003290412714704871
878,0.12796242535114288,0.12127205729484558,0.0038323740009218454,0.0002857996732927859
879,0.12796469032764435,0.12125448137521744,0.003855303628370166,0.0002854893682524562
880,0.1279827058315277,0.12118178606033325,0.0035442106891423464,0.0003256708150729537
881,0.12795978784561157,0.12125924974679947,0.003820497076958418,0.0002880042011383921
882,0.1279599964618683,0.12124068289995193,0.003822583705186844,0.0002896726946346462
883,0.12797436118125916,0.12118552625179291,0.0035668667405843735,0.00032219599233940244
884,0.12795749306678772,0.1212443932890892,0.0038194013759493828,0.0002893700439017266
885,0.12795576453208923,0.12122338265180588,0.0038072667084634304,0.0002925111330114305
886,0.1279677450656891,0.1211773008108139,0.003603154793381691,0.00031872891122475266
887,0.127955824136734,0.1212218701839447,0.003833315335214138,0.00029006414115428925
888,0.12795227766036987,0.12120512872934341,0.003803851082921028,0.00029432924930006266
889,0.12796209752559662,0.12117017060518265,0.0036398768424987793,0.00031520548509433866
890,0.12795458734035492,0.12120877206325531,0.0038446038961410522,0.00029012083541601896
891,0.12794989347457886,0.12119658291339874,0.0037996009923517704,0.0002953702933155
892,0.1279573291540146,0.12116753309965134,0.0036727299448102713,0.00031170729198493063
893,0.12795333564281464,0.12120144069194794,0.003854315495118499,0.00028975779423490167
894,0.12794844806194305,0.12119237333536148,0.0037967581301927567,0.00029593234648928046
895,0.12795351445674896,0.1211702898144722,0.0036998428404331207,0.00030833829077892005
896,0.12795186042785645,0.12120542675256729,0.0038550503086298704,0.0002891369513235986
897,0.12794750928878784,0.12119963765144348,0.003786382731050253,0.0002961483260150999
898,0.12795057892799377,0.12118343263864517,0.0037156608887016773,0.00030514856916852295
899,0.12795022130012512,0.1212177723646164,0.003847560379654169,0.00028848895453847945
900,0.127946674823761,0.12121003866195679,0.003774195211008191,0.00029624428134411573
901,0.1279483586549759,0.12119809538125992,0.0037272851914167404,0.0003022973833139986
902,0.12794865667819977,0.12123140692710876,0.0038367435336112976,0.00028804931207560003
903,0.12794585525989532,0.12122174352407455,0.0037605322431772947,0.0002963581937365234
904,0.1279466152191162,0.12121521681547165,0.003733172081410885,0.0002998230920638889
905,0.12794724106788635,0.12124530971050262,0.0038224291056394577,0.00028794960235245526
906,0.12794508039951324,0.12123102694749832,0.003748172428458929,0.00029658793937414885
907,0.1279451549053192,0.1212276741862297,0.003739449195563793,0.0002978036063723266
908,0.1279458999633789,0.12125159054994583,0.0038112779147922993,0.00028830350493080914
909,0.12794435024261475,0.1212337538599968,0.0037409779615700245,0.00029696134151890874
910,0.12794390320777893,0.12123478204011917,0.003746760543435812,0.00029623511363752186
911,0.12794460356235504,0.12125243246555328,0.0038014501333236694,0.0002890727191697806
912,0.12794363498687744,0.12123280018568039,0.0037369474302977324,0.00029738788725808263
913,0.12794283032417297,0.12123674899339676,0.0037552076391875744,0.0002950876369141042
914,0.12794332206249237,0.12124648690223694,0.0037948854733258486,0.0002901953994296491
915,0.12794281542301178,0.12122677266597748,0.003738168627023697,0.00029778771568089724
916,0.12794193625450134,0.12123329192399979,0.0037653674371540546,0.00029432825976982713
917,0.12794211506843567,0.12123692780733109,0.003789801150560379,0.00029153769719414413
918,0.12794192135334015,0.12122037261724472,0.0037411649245768785,0.0002980385615956038
919,0.12794114649295807,0.12122850865125656,0.003773781005293131,0.0002938848047051579
920,0.12794099748134613,0.12122698873281479,0.0037845612969249487,0.00029294550768099725
921,0.12794096767902374,0.12121424078941345,0.003745805937796831,0.00029809234547428787
922,0.1279403567314148,0.12122230976819992,0.0037808476481586695,0.0002937199897132814
923,0.12794002890586853,0.12121789157390594,0.0037793198134750128,0.00029428189736790955
924,0.12793999910354614,0.12121011316776276,0.0037505244836211205,0.0002979353885166347
925,0.12793956696987152,0.12121779471635818,0.0037841065786778927,0.0002937652461696416
926,0.1279391497373581,0.1212124228477478,0.0037725470028817654,0.00029541749972850084
927,0.12793904542922974,0.12120859324932098,0.00375448539853096,0.0002975966490339488
928,0.12793874740600586,0.12121465802192688,0.0037843347527086735,0.00029397461912594736
929,0.12793830037117004,0.12120923399925232,0.0037661378737539053,0.0002962931466754526
930,0.12793810665607452,0.12120836228132248,0.0037583252415060997,0.00029714120319113135
931,0.1279378980398178,0.12121322751045227,0.00378176080994308,0.00029429097776301205
932,0.12793749570846558,0.12120870500802994,0.0037600179202854633,0.00029687685309909284
933,0.1279371976852417,0.12120972573757172,0.0037612272426486015,0.0002966250467579812
934,0.12793701887130737,0.12121313065290451,0.003777188714593649,0.000294669735012576
935,0.1279366910457611,0.12120901793241501,0.003755823941901326,0.00029718491714447737
936,0.12793634831905365,0.12121089547872543,0.003764243796467781,0.00029612064827233553
937,0.12793612480163574,0.12121306359767914,0.0037722080014646053,0.00029508533771149814
938,0.12793587148189545,0.1212095394730568,0.0037538791075348854,0.0002972459187731147
939,0.127935528755188,0.12121221423149109,0.003766531590372324,0.00029567794990725815
940,0.1279352605342865,0.12121309340000153,0.0037670850288122892,0.0002955083909910172
941,0.1279350221157074,0.12120991200208664,0.003754141740500927,0.00029709740192629397
942,0.12793472409248352,0.12121288478374481,0.0037683071568608284,0.00029535326757468283
943,0.12793441116809845,0.12121216207742691,0.003763121785596013,0.0002959129342343658
944,0.12793417274951935,0.12120984494686127,0.003756423480808735,0.00029678974533453584
945,0.12793388962745667,0.12121301144361496,0.0037690051831305027,0.00029518789961002767
946,0.1279335916042328,0.12121103703975677,0.003760103601962328,0.0002962450962513685
947,0.1279333233833313,0.12121009826660156,0.003759409999474883,0.00029638188425451517
948,0.127933070063591,0.12121265381574631,0.0037684072740375996,0.0002952002687379718
949,0.12793278694152832,0.1212097555398941,0.0037585017271339893,0.00029645327595062554
950,0.12793247401714325,0.12121032178401947,0.0037625511176884174,0.00029596066451631486
951,0.12793222069740295,0.12121175974607468,0.0037667416036128998,0.0002953729417640716
952,0.12793196737766266,0.1212090253829956,0.0037579913623631,0.00029649489442817867
953,0.12793166935443878,0.12121091037988663,0.0037646216806024313,0.0002956140087917447
954,0.1279314011335373,0.12121088802814484,0.0037641068920493126,0.0002956404350697994
955,0.1279311180114746,0.1212090402841568,0.0037583597004413605,0.00029637262923642993
956,0.12793086469173431,0.12121126055717468,0.0037654154002666473,0.0002954180527012795
957,0.12793058156967163,0.12121003121137619,0.0037613813765347004,0.0002959169214591384
958,0.12793031334877014,0.12120961397886276,0.0037593042943626642,0.0002961393620353192
959,0.12793003022670746,0.12121135741472244,0.003764670342206955,0.0002954011724796146
960,0.12792974710464478,0.12120968103408813,0.003758929669857025,0.00029611424542963505
961,0.12792949378490448,0.12121041119098663,0.0037602493539452553,0.0002958831319119781
962,0.1279292106628418,0.12121103703975677,0.003762806998565793,0.0002955373201984912
963,0.1279289424419403,0.12120960652828217,0.0037574616726487875,0.00029618749977089465
964,0.12792867422103882,0.12121078372001648,0.003760942257940769,0.00029569416074082255
965,0.12792840600013733,0.12121044099330902,0.0037604249082505703,0.0002957533288281411
966,0.12792813777923584,0.12120974063873291,0.0037569748237729073,0.0002961418067570776
967,0.12792786955833435,0.1212107315659523,0.0037608854472637177,0.00029562547570094466
968,0.12792758643627167,0.12120982259511948,0.0037581422366201878,0.00029596229433082044
969,0.12792731821537018,0.12120970338582993,0.0037573371082544327,0.00029602841823361814
970,0.1279270499944687,0.12121010571718216,0.0037601462099701166,0.0002956798125524074
971,0.1279267817735672,0.12120915204286575,0.003756606485694647,0.000296102516585961
972,0.1279265135526657,0.12120939046144485,0.003757997415959835,0.00029591182828880847
973,0.12792623043060303,0.12120930850505829,0.0037587680853903294,0.0002958154946099967
974,0.12792597711086273,0.1212085634469986,0.0037559191696345806,0.0002961488498840481
975,0.12792570888996124,0.12120888382196426,0.00375839089974761,0.0002958427357953042
976,0.12792542576789856,0.12120844423770905,0.0037572230212390423,0.0002959763223771006
977,0.12792517244815826,0.12120799720287323,0.0037560369819402695,0.0002961138088721782
978,0.12792488932609558,0.12120827287435532,0.0037581503856927156,0.0002958470140583813
979,0.1279246062040329,0.12120766192674637,0.0037559038028120995,0.00029610449564643204
980,0.1279243528842926,0.1212075874209404,0.0037564090453088284,0.0002960355777759105
981,0.12792406976222992,0.12120769917964935,0.0037571797147393227,0.00029591945349238813
982,0.12792381644248962,0.121207095682621,0.003755108918994665,0.00029616086976602674
983,0.12792353332042694,0.12120729684829712,0.003756585530936718,0.0002959656994789839
984,0.12792326509952545,0.12120714038610458,0.0037558618932962418,0.00029602687573060393
985,0.12792299687862396,0.12120676040649414,0.003754847217351198,0.00029613927472382784
986,0.12792272865772247,0.12120712548494339,0.003756161779165268,0.0002959450939670205
987,0.12792247533798218,0.12120673060417175,0.0037545650266110897,0.0002961185236927122
988,0.1279222071170807,0.12120670825242996,0.00375480018556118,0.0002960691344924271
989,0.1279219388961792,0.12120688706636429,0.0037551845889538527,0.00029598677065223455
990,0.1279216706752777,0.12120642513036728,0.0037537189200520515,0.0002961517602670938
991,0.12792140245437622,0.12120673060417175,0.0037546344101428986,0.00029600440757349133
992,0.12792114913463593,0.12120658159255981,0.0037539403419941664,0.0002960626152344048
993,0.12792086601257324,0.1212063804268837,0.003753297496587038,0.00029611866921186447
994,0.12792059779167175,0.12120664864778519,0.0037540453486144543,0.0002959905832540244
995,0.12792034447193146,0.12120628356933594,0.0037528439424932003,0.00029612143407575786
996,0.12792007625102997,0.1212063804268837,0.0037531224079430103,0.0002960562997031957
997,0.12791980803012848,0.1212063580751419,0.003753118682652712,0.0002960326964966953
998,0.127919539809227,0.12120608985424042,0.0037521773483604193,0.00029612702201120555
999,0.1279192864894867,0.12120628356933594,0.0037528034299612045,0.00029601907590404153
1000,0.1279190182685852,0.12120603770017624,0.003752079326659441,0.00029608968179672956
1001,0.12791873514652252,0.12120597809553146,0.0037518548779189587,0.00029609035118483007
1002,0.12791848182678223,0.12120600044727325,0.0037521622143685818,0.0002960313286166638
1003,0.12791821360588074,0.12120573222637177,0.0037512918934226036,0.0002961189311463386
1004,0.12791794538497925,0.12120579183101654,0.003751615760847926,0.0002960537967737764
1005,0.12791767716407776,0.1212056428194046,0.003751293057575822,0.00029607414035126567
1006,0.12791740894317627,0.12120550870895386,0.003750802017748356,0.0002961099671665579
1007,0.12791715562343597,0.12120553851127625,0.0037511312402784824,0.0002960484416689724
1008,0.12791688740253448,0.12120532989501953,0.003750442061573267,0.00029611153877340257
1009,0.127916619181633,0.12120529264211655,0.003750478383153677,0.0002960848796647042
1010,0.1279163658618927,0.12120521068572998,0.0037503959611058235,0.00029607489705085754
1011,0.1279160976409912,0.12120504677295685,0.0037498173769563437,0.0002961227437481284
1012,0.12791582942008972,0.12120505422353745,0.003750056494027376,0.0002960716374218464
1013,0.12791556119918823,0.1212049126625061,0.0037495242431759834,0.00029611235368065536
1014,0.12791530787944794,0.12120483815670013,0.003749377094209194,0.00029610880301333964
1015,0.12791503965854645,0.12120480835437775,0.0037493661511689425,0.00029608674230985343
1016,0.12791477143764496,0.12120462954044342,0.0037488117814064026,0.00029613293008878827
1017,0.12791451811790466,0.12120463699102402,0.0037489410024136305,0.00029609480407088995
1018,0.12791424989700317,0.12120451033115387,0.003748541697859764,0.00029611968784593046
1019,0.12791398167610168,0.12120441347360611,0.003748293500393629,0.0002961284189950675
1020,0.1279137283563614,0.12120440602302551,0.0037482937332242727,0.0002961030986625701
1021,0.1279134601354599,0.12120423465967178,0.0037477866280823946,0.0002961439604405314
1022,0.1279131919145584,0.12120421230792999,0.003747827373445034,0.00029611564241349697
1023,0.12791293859481812,0.12120410054922104,0.0037475130520761013,0.000296132086077705
1024,0.12791267037391663,0.12120398879051208,0.003747247625142336,0.0002961434074677527
1025,0.12791240215301514,0.1212039664387703,0.0037472196854650974,0.0002961219288408756
1026,0.12791214883327484,0.12120382487773895,0.0037467796355485916,0.00029615472885780036
1027,0.12791188061237335,0.12120378762483597,0.003746758447960019,0.0002961338614113629
1028,0.12791162729263306,0.12120368331670761,0.0037464811466634274,0.0002961465797852725
1029,0.12791135907173157,0.12120357155799866,0.0037462334148585796,0.00029615554376505315
1030,0.12791109085083008,0.12120352685451508,0.003746170550584793,0.0002961403224617243
1031,0.12791083753108978,0.12120339274406433,0.00374580011703074,0.00029616488609462976
1032,0.1279105842113495,0.12120335549116135,0.0037457223515957594,0.00029615024686791003
1033,0.127910315990448,0.12120325118303299,0.003745469730347395,0.0002961598220281303
1034,0.1279100626707077,0.12120316177606583,0.0037452280521392822,0.000296167068881914
1035,0.1279097944498062,0.12120310217142105,0.003745132591575384,0.0002961562422569841
1036,0.12790952622890472,0.1212029755115509,0.003744805231690407,0.00029617498512379825
1037,0.12790927290916443,0.12120293080806732,0.003744708839803934,0.0002961639838758856
1038,0.12790901958942413,0.12120283395051956,0.003744458546862006,0.00029617268592119217
1039,0.12790875136852264,0.121202751994133,0.0037442268803715706,0.0002961762947961688
1040,0.12790848314762115,0.12120268493890762,0.00374409556388855,0.000296170765068382
1041,0.12790822982788086,0.12120258808135986,0.0037438087165355682,0.0002961836289614439
1042,0.12790797650814056,0.12120252847671509,0.0037436848506331444,0.00029617620748467743
1043,0.12790772318840027,0.12120244652032852,0.0037434303667396307,0.00029618391999974847
1044,0.12790745496749878,0.12120236456394196,0.003743227571249008,0.0002961854333989322
1045,0.1279071867465973,0.12120229005813599,0.003743058070540428,0.0002961832797154784
1046,0.127906933426857,0.12120220810174942,0.003742796368896961,0.00029619233100675046
1047,0.1279066652059555,0.12120214104652405,0.0037426508497446775,0.00029618703410960734
1048,0.1279064118862152,0.12120205909013748,0.003742404282093048,0.00029619477572850883
1049,0.12790614366531372,0.12120198458433151,0.003742220113053918,0.0002961940481327474
1050,0.12790589034557343,0.12120192497968674,0.00374201824888587,0.00029619535780511796
1051,0.12790563702583313,0.12120183557271957,0.0037417863495647907,0.0002962009748443961
1052,0.12790538370609283,0.1212017759680748,0.0037416270934045315,0.0002961974241770804
1053,0.12790511548519135,0.12120168656110764,0.0037413774989545345,0.0002962054859381169
1054,0.12790484726428986,0.12120161205530167,0.003741211723536253,0.00029620269197039306
1055,0.12790459394454956,0.1212015300989151,0.0037409900687634945,0.00029620761051774025
1056,0.12790432572364807,0.12120144814252853,0.003740789135918021,0.00029620903660543263
1057,0.12790407240390778,0.12120137363672256,0.0037405951879918575,0.0002962097933050245
1058,0.12790381908416748,0.1212012991309166,0.003740373533219099,0.0002962145081255585
1059,0.12790356576442719,0.12120123207569122,0.0037401984445750713,0.00029621314024552703
1060,0.1279032975435257,0.12120114266872406,0.0037399730645120144,0.0002962186699733138
1061,0.1279030293226242,0.1212010607123375,0.0037397919222712517,0.00029621797148138285
1062,0.1279027760028839,0.12120097875595093,0.0037395786494016647,0.0002962219004984945
1063,0.12790252268314362,0.12120091915130615,0.0037393802776932716,0.0002962227736134082
1064,0.12790226936340332,0.12120082974433899,0.0037391791120171547,0.0002962254802696407
1065,0.12790200114250183,0.12120076268911362,0.003738971194252372,0.0002962271682918072
1066,0.12790174782276154,0.12120068073272705,0.0037387730553746223,0.0002962292928714305
1067,0.12790149450302124,0.12120061367750168,0.0037385718896985054,0.00029623089358210564
1068,0.12790122628211975,0.12120052427053452,0.00373836699873209,0.0002962338912766427
1069,0.12790095806121826,0.12120044976472855,0.0037381737492978573,0.00029623418231494725
1070,0.12790070474147797,0.12120036780834198,0.003737960010766983,0.0002962384023703635
1071,0.12790045142173767,0.1212003082036972,0.003737769555300474,0.00029623773298226297
1072,0.12790019810199738,0.12120022624731064,0.0037375488318502903,0.00029624279704876244
1073,0.12789995968341827,0.12120017409324646,0.0037373658269643784,0.00029624110902659595
1074,0.12789969146251678,0.1212000772356987,0.003737145569175482,0.00029624690068885684
1075,0.1278994232416153,0.12120001763105392,0.0037369662895798683,0.0002962447179015726
1076,0.127899169921875,0.12119991332292557,0.0037367469631135464,0.0002962506259791553
1077,0.1278989166021347,0.12119986861944199,0.0037365600001066923,0.00029624870512634516
1078,0.12789864838123322,0.12119976431131363,0.0037363488227128983,0.00029625414754264057
1079,0.1278984099626541,0.12119973450899124,0.0037361476570367813,0.0002962522557936609
1080,0.12789815664291382,0.12119961529970169,0.0037359497509896755,0.0002962582220789045
1081,0.12789788842201233,0.1211995929479599,0.0037357457913458347,0.00029625481693074107
1082,0.12789762020111084,0.12119945138692856,0.0037355441600084305,0.0002962633443530649
1083,0.12789736688137054,0.12119945883750916,0.0037353518418967724,0.0002962561557069421
1084,0.12789711356163025,0.12119927257299423,0.0037351399660110474,0.0002962699218187481
1085,0.12789686024188995,0.1211993470788002,0.003734956029802561,0.0002962557482533157
1086,0.12789660692214966,0.1211990937590599,0.0037347199395298958,0.00029627885669469833
1087,0.12789635360240936,0.12119925767183304,0.003734573721885681,0.0002962515864055604
1088,0.12789608538150787,0.121198870241642,0.003734293859452009,0.00029629241907969117
1089,0.12789583206176758,0.12119921296834946,0.0037342077121138573,0.0002962414000649005
1090,0.12789559364318848,0.12119858711957932,0.0037338552065193653,0.00029631410143338144
1091,0.127895325422287,0.12119925767183304,0.0037338626570999622,0.00029621992143802345
1092,0.1278950721025467,0.12119817733764648,0.0037333713844418526,0.0002963521983474493
1093,0.1278948187828064,0.12119948863983154,0.0037335737142711878,0.0002961756254080683
1094,0.1278945505619049,0.12119750678539276,0.0037328172475099564,0.00029642353183589876
1095,0.127894327044487,0.1212000697851181,0.003733403282240033,0.0002960854326374829
1096,0.1278941035270691,0.12119633704423904,0.0037321196869015694,0.0002965647727251053
1097,0.12789390981197357,0.12120140343904495,0.0037334889639168978,0.0002959026605822146
1098,0.12789379060268402,0.12119410187005997,0.003731125732883811,0.0002968560147564858
1099,0.12789380550384521,0.12120432406663895,0.003734159516170621,0.00029553251806646585
1100,0.1278941035270691,0.12118960916996002,0.0037295834627002478,0.00029749140958301723
1101,0.1278950273990631,0.12121068686246872,0.0037363655865192413,0.00029479674412868917
1102,0.127897247672081,0.12118025869131088,0.0037272549234330654,0.0002989727072417736
1103,0.12790226936340332,0.12122482806444168,0.0037429342046380043,0.00029345048824325204
1104,0.12791350483894348,0.12116046994924545,0.003725227667018771,0.0003027796628884971
1105,0.12793825566768646,0.12125719338655472,0.0037641851231455803,0.00029168761102482677
1106,0.12799297273159027,0.12111902981996536,0.003733886405825615,0.00031400483567267656
1107,0.1281125694513321,0.1213342547416687,0.003842218779027462,0.00029361003544181585
1108,0.12837161123752594,0.12103841453790665,0.0038126311264932156,0.00035205576568841934
1109,0.1288992464542389,0.12152142822742462,0.004146812949329615,0.00032310045207850635
1110,0.12988488376140594,0.12091617286205292,0.004177921451628208,0.00047907786210998893
1111,0.1312880665063858,0.12189539521932602,0.005055909976363182,0.00043367594480514526
1112,0.13246044516563416,0.12080372869968414,0.00471326382830739,0.0006943453918211162
1113,0.1317552626132965,0.12205540388822556,0.005562303587794304,0.00041375544969923794
1114,0.1293812394142151,0.12091101706027985,0.0035098616499453783,0.0004960352671332657
1115,0.1283075362443924,0.12160910665988922,0.00451500341296196,0.0002183415344916284
1116,0.1295449584722519,0.12186992168426514,0.003833492286503315,0.00038415539893321693
1117,0.1295281946659088,0.12151343375444412,0.004423575475811958,0.0003591185377445072
1118,0.12804976105690002,0.12173063308000565,0.003992822021245956,0.00023263058392331004
1119,0.12864123284816742,0.12175724655389786,0.0038486490957438946,0.0003035332483705133
1120,0.12912018597126007,0.12162116914987564,0.004659623838961124,0.00028393801767379045
1121,0.1280856728553772,0.12173403054475784,0.003585312981158495,0.0002766333636827767
1122,0.12851975858211517,0.12207165360450745,0.004032304044812918,0.00024158091400749981
1123,0.12858794629573822,0.12178098410367966,0.004161129239946604,0.0002645828644745052
1124,0.12803220748901367,0.12175203859806061,0.0036333934403955936,0.00026467748102732003
1125,0.12857893109321594,0.12203962355852127,0.004231375642120838,0.00023079296806827188
1126,0.12821391224861145,0.12165293097496033,0.0038595753721892834,0.00027014000806957483
1127,0.12809574604034424,0.12173520773649216,0.003899876493960619,0.000246065465034917
1128,0.12840454280376434,0.12203743308782578,0.00402270769700408,0.00023444004182238132
1129,0.1280103623867035,0.12174080312252045,0.0035876992624253035,0.00026818650076165795
1130,0.1282302290201187,0.12171811610460281,0.004045714158564806,0.00024663942167535424
1131,0.12813161313533783,0.12179228663444519,0.0038275127299129963,0.00025118113262578845
1132,0.12798616290092468,0.12164982408285141,0.0037398478016257286,0.0002596501144580543
1133,0.12820886075496674,0.1215512678027153,0.00406902190297842,0.0002588564238976687
1134,0.12797346711158752,0.12158180773258209,0.0036361273378133774,0.0002755542518571019
1135,0.12805083394050598,0.1216614618897438,0.003844178281724453,0.00025451983674429357
1136,0.12805956602096558,0.12142304331064224,0.003848640713840723,0.00027878955006599426
1137,0.12792649865150452,0.12136327475309372,0.003685592208057642,0.000287763774394989
1138,0.1280703842639923,0.12146033346652985,0.003949252888560295,0.00026607917970977724
1139,0.1279618740081787,0.12119665741920471,0.0037236064672470093,0.0003041605814360082
1140,0.12794488668441772,0.12121403217315674,0.0038620904088020325,0.0002868765441235155
1141,0.12801478803157806,0.12130255997180939,0.003789362031966448,0.0002922856656368822
1142,0.12791556119918823,0.12113207578659058,0.00367382587864995,0.000310966104734689
1143,0.12797552347183228,0.12110214680433273,0.00393375800922513,0.00029396076570264995
1144,0.1279727965593338,0.1210966631770134,0.003681367030367255,0.00031947623938322067
1145,0.12790612876415253,0.12104786932468414,0.0038360431790351868,0.0003022214223165065
1146,0.1279662847518921,0.12096334993839264,0.0038392026908695698,0.00031637391657568514
1147,0.12793514132499695,0.12103253602981567,0.00369507959112525,0.0003207529953215271
1148,0.12791991233825684,0.12105390429496765,0.0038374545983970165,0.0003028549544978887
1149,0.12796150147914886,0.12091899663209915,0.0037060431204736233,0.00033364613773301244
1150,0.1279168426990509,0.1210126280784607,0.0038197736721485853,0.00030844376306049526
1151,0.1279212087392807,0.12098820507526398,0.0037544285878539085,0.00031785789178684354
1152,0.12794025242328644,0.12091697007417679,0.0037729188334196806,0.0003250360896345228
1153,0.1279078722000122,0.12100674957036972,0.003813757561147213,0.00030873704236000776
1154,0.12792620062828064,0.1210152804851532,0.0036778105422854424,0.0003233110473956913
1155,0.12792660295963287,0.12099601328372955,0.0038263234309852123,0.000310426956275478
1156,0.12790293991565704,0.12100499123334885,0.0037230472080409527,0.00031748952460475266
1157,0.12792004644870758,0.12105319648981094,0.0037575564347207546,0.0003109289100393653
1158,0.1279119998216629,0.1210164800286293,0.003807362401857972,0.00030881576822139323
1159,0.12790319323539734,0.12103091180324554,0.0037199684884399176,0.0003152304270770401
1160,0.12791679799556732,0.12112016975879669,0.003794509219005704,0.0003002117737196386
1161,0.1279038041830063,0.12107094377279282,0.003722137538716197,0.0003110723046120256
1162,0.12790198624134064,0.12109649181365967,0.003774600801989436,0.0003030903171747923
1163,0.12790918350219727,0.12114129215478897,0.003765840083360672,0.0003002051671501249
1164,0.12789881229400635,0.12110669165849686,0.003742652013897896,0.0003049469378311187
1165,0.12790320813655853,0.1211276575922966,0.0038071051239967346,0.0002968439366668463
1166,0.1279047727584839,0.12116247415542603,0.003725219750776887,0.0003017073904629797
1167,0.12789678573608398,0.12116898596286774,0.0037773156072944403,0.00029504825943149626
1168,0.12790167331695557,0.12115274369716644,0.003762014675885439,0.0002986917388625443
1169,0.1278998851776123,0.121182881295681,0.0037463102489709854,0.0002970690547954291
1170,0.12789639830589294,0.1211828887462616,0.003791088704019785,0.0002922429412137717
1171,0.12790074944496155,0.12115170061588287,0.003747167531400919,0.00030018825782462955
1172,0.12789708375930786,0.12119681388139725,0.00378215778619051,0.0002918109530583024
1173,0.12789571285247803,0.12119176238775253,0.0037498148158192635,0.00029541365802288055
1174,0.1278982162475586,0.12117321044206619,0.0037589657586067915,0.000296603626338765
1175,0.12789489328861237,0.12119559198617935,0.003773861564695835,0.00029254372930154204
1176,0.12789535522460938,0.12118407338857651,0.0037408974021673203,0.0002970383211504668
1177,0.1278962939977646,0.12117135524749756,0.0037856721319258213,0.0002939262194558978
1178,0.12789328396320343,0.12117723375558853,0.0037475561257451773,0.0002968499611597508
1179,0.12789404392242432,0.12118806689977646,0.003756863996386528,0.0002949111512862146
1180,0.1278940588235855,0.12116919457912445,0.0037631636951118708,0.00029617082327604294
1181,0.1278921365737915,0.12116923928260803,0.003740091808140278,0.0002982797159347683
1182,0.12789306044578552,0.12117863446474075,0.0037689360324293375,0.00029454956529662013
1183,0.12789249420166016,0.12114877998828888,0.0037447630893439054,0.0002998952695634216
1184,0.12789098918437958,0.12115811556577682,0.0037616705521941185,0.00029712021932937205
1185,0.1278916299343109,0.12116283923387527,0.0037496716249734163,0.00029791233828291297
1186,0.12789098918437958,0.12114493548870087,0.003744441783055663,0.00030016095843166113
1187,0.12789008021354675,0.12115039676427841,0.0037593813613057137,0.0002980293065775186
1188,0.12789054214954376,0.12114738672971725,0.003736987244337797,0.0003006173938047141
1189,0.12788984179496765,0.12113647907972336,0.0037615213077515364,0.00029918469954282045
1190,0.12788908183574677,0.12113329768180847,0.0037452615797519684,0.0003010533400811255
1191,0.12788935005664825,0.12114167958498001,0.0037473305128514767,0.00030003394931554794
1192,0.1278887391090393,0.12113231420516968,0.0037519370671361685,0.0003004486788995564
1193,0.12788818776607513,0.12113068252801895,0.0037386701442301273,0.00030188384698703885
1194,0.12788832187652588,0.12113973498344421,0.003753828350454569,0.00029947562143206596
1195,0.1278877705335617,0.12112478166818619,0.003740741638466716,0.00030222523491829634
1196,0.12788724899291992,0.12113001942634583,0.003751905169337988,0.00030053258524276316
1197,0.12788723409175873,0.12113536149263382,0.0037438878789544106,0.0003007992054335773
1198,0.12788677215576172,0.1211291179060936,0.003742661327123642,0.0003014995018020272
1199,0.1278863251209259,0.12113463133573532,0.0037485864013433456,0.0003003111341968179
1200,0.12788625061511993,0.12113676965236664,0.0037368880584836006,0.0003012593660969287
1201,0.1278858482837677,0.12113361805677414,0.003750696312636137,0.0003001531877089292
1202,0.12788540124893188,0.12113416939973831,0.0037401500158011913,0.0003011085791513324
1203,0.12788525223731995,0.1211416944861412,0.0037447139620780945,0.00029988406458869576
1204,0.1278848797082901,0.12113810330629349,0.0037433907855302095,0.00030033907387405634
1205,0.12788447737693787,0.12114182114601135,0.0037387507036328316,0.00030039064586162567
1206,0.12788431346416473,0.12114794552326202,0.0037448229268193245,0.00029915350023657084
1207,0.12788398563861847,0.12114161998033524,0.003737794701009989,0.000300457002595067
1208,0.12788358330726624,0.12114768475294113,0.0037454592529684305,0.00029904404073022306
1209,0.12788335978984833,0.12114982306957245,0.003738147672265768,0.0002995389804709703
1210,0.12788307666778564,0.12114867568016052,0.003741435706615448,0.0002992966619785875
1211,0.1278827041387558,0.12115318328142166,0.003740149550139904,0.00029893737519159913
1212,0.1278824508190155,0.12115465104579926,0.003736649639904499,0.0002991151704918593
1213,0.1278821974992752,0.12115313112735748,0.003742767032235861,0.00029862954397685826
1214,0.12788185477256775,0.12115473300218582,0.003736130427569151,0.0002990983775816858
1215,0.12788155674934387,0.1211576908826828,0.003741373773664236,0.00029824901139363647
1216,0.12788130342960358,0.1211547926068306,0.0037369278725236654,0.0002989581844303757
1217,0.1278809756040573,0.12115897983312607,0.003737956751137972,0.0002984037855640054
1218,0.12788067758083344,0.12115918844938278,0.0037377644330263138,0.00029837293550372124
1219,0.12788042426109314,0.12115640938282013,0.003736140439286828,0.0002987874613609165
1220,0.12788012623786926,0.12115982919931412,0.0037391255609691143,0.00029811696731485426
1221,0.12787982821464539,0.12115810811519623,0.0037346079479902983,0.0002987105690408498
1222,0.1278795450925827,0.12115820497274399,0.003738436382263899,0.00029829112463630736
1223,0.1278792768716812,0.1211598739027977,0.0037339283153414726,0.00029854709282517433
1224,0.12787896394729614,0.12115931510925293,0.003735831007361412,0.0002983812883030623
1225,0.12787869572639465,0.12115807086229324,0.003735245205461979,0.0002985374303534627
1226,0.12787841260433197,0.12115941196680069,0.0037337893154472113,0.0002985208702739328
1227,0.1278781145811081,0.12115849554538727,0.0037356922402977943,0.0002983931335620582
1228,0.1278778463602066,0.1211576759815216,0.00373233575373888,0.0002987832704093307
1229,0.12787756323814392,0.12116006761789322,0.003734408877789974,0.00029830908169969916
1230,0.12787728011608124,0.12115775048732758,0.0037314901128411293,0.0002988040796481073
1231,0.12787698209285736,0.12115839868783951,0.003733339486643672,0.0002985252358485013
1232,0.12787672877311707,0.12115868926048279,0.0037316144444048405,0.0002986422332469374
1233,0.12787644565105438,0.12115732580423355,0.003731863107532263,0.00029872640152461827
1234,0.1278761625289917,0.12115831673145294,0.003731747856363654,0.0002986098697874695
1235,0.1278758943080902,0.12115851044654846,0.003729793708771467,0.0002987590851262212
1236,0.12787562608718872,0.12115795165300369,0.003731462173163891,0.00029862174415029585
1237,0.12787535786628723,0.12115824222564697,0.0037289601750671864,0.00029881458613090217
1238,0.12787505984306335,0.121158666908741,0.0037307327147573233,0.00029856685432605445
1239,0.12787479162216187,0.12115754187107086,0.0037288619205355644,0.0002988388005178422
1240,0.12787450850009918,0.12115911394357681,0.0037294342182576656,0.0002985966275446117
1241,0.1278742402791977,0.12115880846977234,0.003728399518877268,0.00029870346770621836
1242,0.1278739869594574,0.12115875631570816,0.0037281939294189215,0.00029870288562960923
1243,0.12787370383739471,0.12115984410047531,0.003728219773620367,0.00029856449691578746
1244,0.12787343561649323,0.12115910649299622,0.00372724374756217,0.00029870803700760007
1245,0.12787315249443054,0.12115976959466934,0.0037281070835888386,0.0002985275932587683
1246,0.12787288427352905,0.12116029858589172,0.0037262572441250086,0.000298633094644174
1247,0.12787261605262756,0.12116041779518127,0.0037273564375936985,0.00029848440317437053
1248,0.12787236273288727,0.12116079032421112,0.0037256921641528606,0.0002985874889418483
1249,0.12787207961082458,0.12116152793169022,0.0037264334969222546,0.00029841254581697285
1250,0.1278718113899231,0.12116104364395142,0.003725542454048991,0.00029852299485355616
1251,0.1278715431690216,0.12116200476884842,0.0037255682982504368,0.00029839685885235667
1252,0.1278712898492813,0.12116224318742752,0.0037251042667776346,0.00029839357011951506
1253,0.12787100672721863,0.12116231769323349,0.0037246060092002153,0.0002984088787343353
1254,0.12787075340747833,0.1211632713675499,0.0037246053107082844,0.0002982869918923825
1255,0.12787050008773804,0.12116304785013199,0.003723763395100832,0.00029836889007128775
1256,0.12787021696567535,0.1211635172367096,0.003724276088178158,0.0002982424048241228
1257,0.12786994874477386,0.12116388231515884,0.0037230234593153,0.00029830436687916517
1258,0.12786968052387238,0.12116406857967377,0.003723649075254798,0.00029819656629115343
1259,0.12786942720413208,0.12116436660289764,0.0037223761901259422,0.00029826880199834704
1260,0.1278691589832306,0.12116492539644241,0.0037228339351713657,0.00029813952278345823
1261,0.1278689056634903,0.12116464227437973,0.0037219214718788862,0.000298233499052003
1262,0.1278686374425888,0.12116529792547226,0.003722146386280656,0.0002981190918944776
1263,0.12786836922168732,0.12116524577140808,0.0037214402109384537,0.00029816883034072816
1264,0.12786810100078583,0.1211654394865036,0.0037214113399386406,0.00029812558204866946
1265,0.12786783277988434,0.12116586416959763,0.003720867680385709,0.00029811038984917104
1266,0.12786757946014404,0.12116579711437225,0.0037206290289759636,0.00029811495915055275
1267,0.12786731123924255,0.12116604298353195,0.003720437176525593,0.00029808341059833765
1268,0.12786705791950226,0.12116622179746628,0.0037199179641902447,0.00029809234547428787
1269,0.12786680459976196,0.12116623669862747,0.003719972912222147,0.0002980591671075672
1270,0.12786655128002167,0.12116649746894836,0.003719198051840067,0.0002980854769703001
1271,0.12786626815795898,0.12116672098636627,0.0037193517200648785,0.00029802010976709425
1272,0.1278660148382187,0.12116660177707672,0.003718545427545905,0.00029808716499246657
1273,0.1278657615184784,0.12116705626249313,0.003718805033713579,0.0002979896089527756
1274,0.1278654932975769,0.12116683274507523,0.0037179323844611645,0.0002980738936457783
1275,0.1278652399778366,0.12116719782352448,0.003718281164765358,0.0002979759592562914
1276,0.1278649866580963,0.12116723507642746,0.003717235289514065,0.0002980514836963266
1277,0.12786473333835602,0.12116745114326477,0.0037176930345594883,0.00029795855516567826
1278,0.12786448001861572,0.12116748839616776,0.003716589417308569,0.0002980401332024485
1279,0.12786421179771423,0.12116777896881104,0.0037171607837080956,0.0002979276468977332
1280,0.12786394357681274,0.12116757780313492,0.0037159950006753206,0.00029803666984662414
1281,0.12786370515823364,0.12116813659667969,0.0037166266702115536,0.00029789379914291203
1282,0.12786343693733215,0.1211678683757782,0.0037152892909944057,0.0002980273275170475
1283,0.12786318361759186,0.12116841971874237,0.0037161423824727535,0.00029786271625198424
1284,0.12786293029785156,0.12116819620132446,0.003714552614837885,0.00029801754863001406
1285,0.12786266207695007,0.12116865813732147,0.003715779632329941,0.0002978224365506321
1286,0.12786240875720978,0.12116841971874237,0.003713771468028426,0.00029802220524288714
1287,0.1278621405363083,0.1211690828204155,0.0037154583260416985,0.0002977605618070811
1288,0.1278619021177292,0.12116856873035431,0.0037128590047359467,0.0002980471181217581
1289,0.1278616338968277,0.1211695671081543,0.003715298604220152,0.00029767697560600936
1290,0.1278613805770874,0.12116867303848267,0.003711770288646221,0.0002980935387313366
1291,0.1278611421585083,0.1211700364947319,0.0037154387682676315,0.00029756620642729104
1292,0.127860888838768,0.12116876989603043,0.0037103414069861174,0.00029817724134773016
1293,0.1278606504201889,0.12117062509059906,0.003715990576893091,0.00029740261379629374
1294,0.12786038219928741,0.12116869539022446,0.0037083455827087164,0.0002983342274092138
1295,0.12786012887954712,0.12117143720388412,0.0037172730080783367,0.0002971417852677405
1296,0.12785989046096802,0.12116823345422745,0.0037054414860904217,0.00029862159863114357
1297,0.1278596669435501,0.12117267400026321,0.003719834377989173,0.000296715967124328
1298,0.1278594434261322,0.12116730213165283,0.003700822591781616,0.00029913216712884605
1299,0.12785924971103668,0.12117455154657364,0.0037246542051434517,0.00029600420384667814
1300,0.12785910069942474,0.12116549909114838,0.0036931480281054974,0.000300045678159222
1301,0.12785904109477997,0.12117758393287659,0.0037336712703108788,0.00029477791395038366
1302,0.12785911560058594,0.1211620420217514,0.0036798897199332714,0.00030171911930665374
1303,0.1278594583272934,0.12118293344974518,0.0037504425272345543,0.0002926085435319692
1304,0.12786029279232025,0.12115548551082611,0.003656113287433982,0.0003048696380574256
1305,0.12786202132701874,0.12119272351264954,0.0037820134311914444,0.0002887280425056815
1306,0.12786541879177094,0.12114299088716507,0.003612418659031391,0.0003110011457465589
1307,0.12787197530269623,0.12121107429265976,0.003842547070235014,0.0002818363718688488
1308,0.1278846561908722,0.12111920863389969,0.003530445508658886,0.00032350115361623466
1309,0.12790894508361816,0.12124668061733246,0.003960879985243082,0.00027013826183974743
1310,0.12795601785182953,0.12107393145561218,0.0033754222095012665,0.00035066562122665346
1311,0.12804602086544037,0.12131740152835846,0.0041967397555708885,0.0002531892678234726
1312,0.12822043895721436,0.12098965048789978,0.0030878582037985325,0.0004142932884860784
1313,0.12854298949241638,0.12145859003067017,0.0046662986278533936,0.00024180964101105928
1314,0.1291332095861435,0.12085002660751343,0.0026027336716651917,0.0005680454196408391
1315,0.13005271553993225,0.1217198595404625,0.005503023974597454,0.00028298329561948776
1316,0.1312882900238037,0.1207181066274643,0.0020141061395406723,0.0008556072134524584
1317,0.131997749209404,0.12205038964748383,0.00621628575026989,0.0003731078759301454
1318,0.13129925727844238,0.12095887213945389,0.0019287336617708206,0.0008411660091951489
1319,0.1290183812379837,0.12204161286354065,0.004708060063421726,0.0002268707030452788
1320,0.12790173292160034,0.12185729295015335,0.0035098448861390352,0.0002534591476432979
1321,0.129011869430542,0.1216139942407608,0.0023909122683107853,0.0005006957799196243
1322,0.129379540681839,0.12238924205303192,0.004776266869157553,0.00022140369401313365
1323,0.12815901637077332,0.12192467600107193,0.0028532894793897867,0.00033810443710535765
1324,0.12821486592292786,0.12195222824811935,0.0028054672293365,0.0003457174461800605
1325,0.12888972461223602,0.12238360196352005,0.004523137584328651,0.00019829842494800687
1326,0.1281627118587494,0.12194696813821793,0.0028899991884827614,0.0003325739235151559
1327,0.12808577716350555,0.12193544954061508,0.0030030235648155212,0.00031473077251575887
1328,0.12856902182102203,0.12219522893428802,0.004458475857973099,0.00019153146422468126
1329,0.12802481651306152,0.1218351274728775,0.003149316180497408,0.00030403747223317623
1330,0.12807844579219818,0.12173091620206833,0.0031232149340212345,0.00032243161695078015
1331,0.12834236025810242,0.1219019740819931,0.004474706947803497,0.00019656757649499923
1332,0.1279194951057434,0.12162768095731735,0.0034869560040533543,0.0002804857795126736
1333,0.12809446454048157,0.12147500365972519,0.0032236615661531687,0.0003395802923478186
1334,0.1281612664461136,0.12161431461572647,0.00443746242672205,0.0002109483175445348
1335,0.12788252532482147,0.12143738567829132,0.003778481390327215,0.0002666654181666672
1336,0.12809264659881592,0.12128385156393051,0.0032848867122083902,0.0003523911291267723
1337,0.12801896035671234,0.12141384184360504,0.004287657327950001,0.0002317457547178492
1338,0.12789012491703033,0.12132815271615982,0.003956246189773083,0.0002605721529107541
1339,0.12805691361427307,0.12119565904140472,0.003304210025817156,0.0003557040181476623
1340,0.1279202103614807,0.12132062017917633,0.004042415414005518,0.0002557177795097232
1341,0.12791484594345093,0.12131559103727341,0.004003752954304218,0.0002595497644506395
1342,0.12799839675426483,0.12119855731725693,0.003301507793366909,0.0003498335718177259
1343,0.12787234783172607,0.1212962195277214,0.003773102071136236,0.00028030318208038807
1344,0.1279371976852417,0.12134633213281631,0.003970429766923189,0.0002620423911139369
1345,0.12793803215026855,0.12123502790927887,0.0033241454511880875,0.0003378866531420499
1346,0.12786808609962463,0.12129008769989014,0.00355228828266263,0.00030257157050073147
1347,0.12794137001037598,0.12137019634246826,0.0039029791951179504,0.00026681990129873157
1348,0.12789274752140045,0.12126757204532623,0.0033925974275916815,0.0003232572053093463
1349,0.12788377702236176,0.12127242237329483,0.0034208435099571943,0.0003190503630321473
1350,0.1279236078262329,0.12135397642850876,0.0038404662627726793,0.0002729169209487736
1351,0.12786951661109924,0.12127349525690079,0.0035064085386693478,0.0003089616075158119
1352,0.1278957724571228,0.12123594433069229,0.003385058604180813,0.000327476387610659
1353,0.12789587676525116,0.12130666524171829,0.003792740171775222,0.0002796469780150801
1354,0.12786465883255005,0.12125939130783081,0.0036353678442537785,0.00029698971775360405
1355,0.1278950721025467,0.12119397521018982,0.003421386703848839,0.0003279708616901189
1356,0.12787333130836487,0.12124989926815033,0.003759042825549841,0.00028643885161727667
1357,0.12786878645420074,0.1212359070777893,0.0037506395019590855,0.00028822405147366226
1358,0.12788569927215576,0.12116527557373047,0.003494442906230688,0.00032259844010695815
1359,0.12786231935024261,0.12120937556028366,0.0037274924106895924,0.0002925449807662517
1360,0.12787306308746338,0.12122480571269989,0.0038231611251831055,0.0002825099800247699
1361,0.1278742104768753,0.12116587162017822,0.003568354994058609,0.0003139986365567893
1362,0.12786009907722473,0.12119630724191666,0.0036915354430675507,0.0002972257207147777
1363,0.12787321209907532,0.12123393267393112,0.0038450479041785,0.000279423373285681
1364,0.12786488234996796,0.12119396030902863,0.0036247665993869305,0.0003046155034098774
1365,0.12786142528057098,0.12121021747589111,0.0036505437456071377,0.0003000663418788463
1366,0.12786947190761566,0.12126106768846512,0.003822016529738903,0.00027863774448633194
1367,0.12785941362380981,0.12123724818229675,0.0036592273972928524,0.00029629404889419675
1368,0.12786279618740082,0.12123756855726242,0.003613267559558153,0.0003011953376699239
1369,0.1278643012046814,0.12128850817680359,0.0037764180451631546,0.00027993839466944337
1370,0.12785746157169342,0.12127562612295151,0.0036797765642404556,0.00029020593501627445
1371,0.12786272168159485,0.12126196175813675,0.0035896096378564835,0.0003011147491633892
1372,0.1278599053621292,0.12130241096019745,0.003728416981175542,0.0002829072473105043
1373,0.12785737216472626,0.12129627168178558,0.003693557810038328,0.0002867545117624104
1374,0.1278611272573471,0.12127076834440231,0.003585832193493843,0.0003004528989549726
1375,0.12785694003105164,0.12129481136798859,0.0036934316158294678,0.0002868698793463409
1376,0.12785741686820984,0.12129347026348114,0.0037067888770252466,0.0002857165818568319
1377,0.1278586983680725,0.1212611272931099,0.003600464668124914,0.0002997102274093777
1378,0.12785524129867554,0.12127086520195007,0.003674277802929282,0.0002910104230977595
1379,0.12785689532756805,0.12127315253019333,0.0037192911840975285,0.0002864445559680462
1380,0.1278563141822815,0.12123938649892807,0.0036258138716220856,0.0002991113578900695
1381,0.12785430252552032,0.12123963236808777,0.0036681382916867733,0.000294653931632638
1382,0.12785588204860687,0.12124493718147278,0.0037294698413461447,0.0002881475375033915
1383,0.12785448133945465,0.1212160512804985,0.0036521817091852427,0.0002986252075061202
1384,0.12785370647907257,0.12121211737394333,0.003667716635391116,0.00029738651937805116
1385,0.12785467505455017,0.12122070044279099,0.0037331352941691875,0.0002900841645896435
1386,0.1278531700372696,0.12119990587234497,0.0036721141077578068,0.00029811557033099234
1387,0.12785309553146362,0.1211944967508316,0.003667832352221012,0.000299077364616096
1388,0.12785345315933228,0.1212066262960434,0.003729327814653516,0.0002917498932220042
1389,0.1278521865606308,0.12119416147470474,0.0036831034813076258,0.0002974912931676954
1390,0.12785238027572632,0.12118927389383316,0.003665221855044365,0.00029978755628690124
1391,0.12785226106643677,0.1212039515376091,0.0037190676666796207,0.0002929244365077466
1392,0.12785130739212036,0.12119751423597336,0.0036863903515040874,0.00029674029792658985
1393,0.12785154581069946,0.12119346857070923,0.0036607952788472176,0.0002997277188114822
1394,0.1278511881828308,0.12120816856622696,0.0037067276425659657,0.00029362860368564725
1395,0.1278505027294159,0.12120574712753296,0.003685538424178958,0.00029592125792987645
1396,0.12785065174102783,0.12120197713375092,0.0036568271461874247,0.0002991848741658032
1397,0.12785018980503082,0.12121462821960449,0.003695742692798376,0.0002939814585261047
1398,0.12784971296787262,0.12121431529521942,0.003683989867568016,0.00029513996560126543
1399,0.1278497725725174,0.12120942026376724,0.0036559151485562325,0.0002984429884236306
1400,0.1278492659330368,0.12121926993131638,0.0036887037567794323,0.0002941294515039772
1401,0.12784892320632935,0.12121956050395966,0.0036842292174696922,0.0002945136511698365
1402,0.12784884870052338,0.12121345847845078,0.0036583857145160437,0.00029770118999294937
1403,0.12784838676452637,0.12122076004743576,0.0036856471560895443,0.00029419807833619416
1404,0.12784811854362488,0.121220663189888,0.0036864038556814194,0.0002941050915978849
1405,0.12784798443317413,0.12121410667896271,0.0036631671246141195,0.00029707045177929103
1406,0.1278475522994995,0.12121918052434921,0.003685631789267063,0.00029427348636090755
1407,0.1278473138809204,0.12121904641389847,0.0036892208736389875,0.00029390459530986845
1408,0.12784713506698608,0.12121294438838959,0.003668245393782854,0.00029659393476322293
1409,0.12784673273563385,0.12121656537055969,0.003686389420181513,0.0002943777362816036
1410,0.12784650921821594,0.12121696770191193,0.0036908918991684914,0.00029386463575065136
1411,0.12784628570079803,0.12121149897575378,0.003672065446153283,0.00029627230833284557
1412,0.12784592807292938,0.1212146058678627,0.003686328884214163,0.0002944990701507777
1413,0.12784570455551147,0.1212155744433403,0.003690667450428009,0.00029394563171081245
1414,0.12784546613693237,0.12121105194091797,0.003673686645925045,0.0002960727142635733
1415,0.1278451383113861,0.12121408432722092,0.0036847484298050404,0.00029462954262271523
1416,0.1278448849916458,0.12121520191431046,0.003688606433570385,0.0002941085258498788
1417,0.1278446614742279,0.12121161073446274,0.0036734091117978096,0.00029596322565339506
1418,0.12784433364868164,0.12121427059173584,0.0036823302507400513,0.0002947736356873065
1419,0.12784408032894135,0.12121538817882538,0.003685534931719303,0.0002943161525763571
1420,0.12784384191036224,0.12121237069368362,0.003672220278531313,0.0002959253324661404
1421,0.12784354388713837,0.12121450155973434,0.0036798398941755295,0.000294919969746843
1422,0.12784327566623688,0.12121536582708359,0.00368247227743268,0.000294544268399477
1423,0.12784302234649658,0.1212124228477478,0.003671252401545644,0.00029593525687232614
1424,0.1278427392244339,0.12121410667896271,0.0036780894733965397,0.0002950547495856881
1425,0.1278425008058548,0.12121447175741196,0.0036802783142775297,0.0002947743923868984
1426,0.1278422474861145,0.1212116926908493,0.003670943435281515,0.00029596046078950167
1427,0.12784194946289062,0.12121295183897018,0.00367733184248209,0.000295166828436777
1428,0.12784168124198914,0.12121280282735825,0.0036790631711483,0.00029498207732103765
1429,0.12784144282341003,0.12121027708053589,0.0036713937297463417,0.00029597661341540515
1430,0.12784115970134735,0.1212112158536911,0.0036774761974811554,0.00029524657293222845
1431,0.12784089148044586,0.12121091037988663,0.0036784971598535776,0.0002951484639197588
1432,0.12784063816070557,0.12120872735977173,0.0036722382064908743,0.00029596747481264174
1433,0.12784036993980408,0.12120966613292694,0.0036778682842850685,0.00029528341838158667
1434,0.12784011662006378,0.12120931595563889,0.0036781185772269964,0.0002952674694824964
1435,0.1278398483991623,0.12120760232210159,0.0036730205174535513,0.00029592280043289065
1436,0.1278395801782608,0.12120870500802994,0.003678080393001437,0.00029527916922234
1437,0.1278393268585205,0.12120839953422546,0.003677514148876071,0.00029534034547396004
1438,0.1278390735387802,0.12120731174945831,0.00367334159091115,0.00029584200819954276
1439,0.12783880531787872,0.12120851874351501,0.0036778259091079235,0.00029524581623263657
1440,0.12783853709697723,0.12120828777551651,0.0036765048280358315,0.0002953745424747467
1441,0.12783826887607574,0.12120761722326279,0.0036732566077262163,0.000295739941066131
1442,0.12783801555633545,0.12120886147022247,0.003677152097225189,0.0002952002396341413
1443,0.12783774733543396,0.12120863050222397,0.0036752293817698956,0.00029538822127506137
1444,0.12783749401569366,0.12120825052261353,0.0036729108542203903,0.0002956327225547284
1445,0.12783722579479218,0.12120937556028366,0.003676238004118204,0.00029516147333197296
1446,0.12783695757389069,0.12120896577835083,0.00367399537935853,0.00029540024115704
1447,0.1278367042541504,0.12120876461267471,0.0036725776735693216,0.0002955369127448648
1448,0.1278364509344101,0.12120959907770157,0.003675373736768961,0.0002951475325971842
1449,0.1278361827135086,0.12120901048183441,0.0036729867570102215,0.0002954188676085323
1450,0.1278359293937683,0.12120885401964188,0.0036724263336509466,0.00029546458972617984
1451,0.12783566117286682,0.12120934575796127,0.003674678737297654,0.0002951633941847831
1452,0.12783539295196533,0.12120860069990158,0.0036723087541759014,0.00029544864082708955
1453,0.12783513963222504,0.12120845913887024,0.003672500140964985,0.0002954178780782968
1454,0.12783487141132355,0.12120867520570755,0.0036741183139383793,0.00029520754469558597
1455,0.12783461809158325,0.12120784819126129,0.0036719131749123335,0.0002954858646262437
1456,0.12783433496952057,0.12120776623487473,0.003672640770673752,0.00029539360548369586
1457,0.12783408164978027,0.12120775878429413,0.0036736009642481804,0.00029527259175665677
1458,0.12783382833003998,0.12120696157217026,0.003671657294034958,0.00029552142950706184
1459,0.12783357501029968,0.12120699137449265,0.0036727096885442734,0.00029538694070652127
1460,0.1278333067893982,0.12120680510997772,0.0036730258725583553,0.0002953478251583874
1461,0.1278330534696579,0.12120616436004639,0.003671402344480157,0.00029554820503108203
1462,0.1278328001499176,0.12120626121759415,0.0036725979298353195,0.00029539375100284815
1463,0.12783251702785492,0.12120600789785385,0.0036723027005791664,0.00029542139964178205
1464,0.12783226370811462,0.12120551615953445,0.003671119688078761,0.0002955635136459023
1465,0.12783201038837433,0.12120569497346878,0.0036722421646118164,0.00029540795367211103
1466,0.12783174216747284,0.12120535969734192,0.003671512706205249,0.00029548758175224066
1467,0.12783148884773254,0.12120506167411804,0.003670784179121256,0.00029556427034549415
1468,0.12783122062683105,0.12120522558689117,0.003671708982437849,0.000295429490506649
1469,0.12783096730709076,0.12120486050844193,0.0036707117687910795,0.00029553991043940187
1470,0.12783071398735046,0.12120471894741058,0.0036704475060105324,0.0002955546078737825
1471,0.12783044576644897,0.12120478600263596,0.0036710849963128567,0.0002954575465992093
1472,0.12783019244670868,0.1212044358253479,0.0036700046621263027,0.00029557498055510223
1473,0.12782993912696838,0.12120436877012253,0.0036701548378914595,0.00029554133652709424
1474,0.1278296709060669,0.12120436131954193,0.003670414676889777,0.00029548926977440715
1475,0.1278294026851654,0.1212039664387703,0.00366948451846838,0.00029559520771726966
1476,0.1278291493654251,0.12120398879051208,0.0036698738113045692,0.00029552855994552374
1477,0.12782889604568481,0.12120382487773895,0.0036698190961033106,0.00029552445630542934
1478,0.12782862782478333,0.12120354175567627,0.003669086843729019,0.0002955998934339732
1479,0.12782835960388184,0.12120351940393448,0.003669599536806345,0.00029552416526712477
1480,0.12782810628414154,0.12120332568883896,0.0036692186258733273,0.0002955561503767967
1481,0.12782785296440125,0.12120306491851807,0.003668830730021,0.00029559596441686153
1482,0.12782758474349976,0.12120307236909866,0.0036692447029054165,0.00029552727937698364
1483,0.12782733142375946,0.12120278179645538,0.0036687045358121395,0.00029558452661149204
1484,0.12782706320285797,0.12120265513658524,0.0036685641389340162,0.0002955842937808484
1485,0.12782679498195648,0.12120257318019867,0.003668806981295347,0.00029554206412285566
1486,0.1278265416622162,0.12120234221220016,0.0036681820638477802,0.00029560187249444425
1487,0.1278262883424759,0.12120223045349121,0.0036683010403066874,0.00029557570815086365
1488,0.1278260350227356,0.12120217084884644,0.0036682384088635445,0.0002955621457658708
1489,0.1278257668018341,0.12120188772678375,0.0036677513271570206,0.00029561269911937416
1490,0.1278255134820938,0.12120192497968674,0.003667885437607765,0.0002955698291771114
1491,0.12782524526119232,0.12120169401168823,0.0036676647141575813,0.00029558868845924735
1492,0.12782497704029083,0.12120159715414047,0.0036672637797892094,0.00029561202973127365
1493,0.12782472372055054,0.12120145559310913,0.0036674924194812775,0.000295578152872622
1494,0.12782447040081024,0.12120137363672256,0.0036670020781457424,0.0002956085081677884
1495,0.12782420217990875,0.12120110541582108,0.0036669461987912655,0.0002956152311526239
1496,0.12782394886016846,0.12120121717453003,0.0036668539978563786,0.0002955872332677245
1497,0.12782368063926697,0.12120077759027481,0.0036665680818259716,0.000295633653877303
1498,0.12782341241836548,0.12120096385478973,0.003666387405246496,0.00029560664552263916
1499,0.12782315909862518,0.12120047211647034,0.003666495904326439,0.00029561942210420966
1500,0.1278228908777237,0.12120073288679123,0.003665848169475794,0.00029563126736320555
1501,0.1278226524591446,0.1212000772356987,0.0036662828642874956,0.00029562905547209084
1502,0.1278223842382431,0.12120064347982407,0.0036655336152762175,0.000295620207907632
1503,0.1278221160173416,0.12119951099157333,0.0036659552715718746,0.0002956657554022968
1504,0.12782186269760132,0.12120067328214645,0.0036651482805609703,0.00029560437542386353
1505,0.12782160937786102,0.12119881808757782,0.003665906609967351,0.0002956886310130358
1506,0.12782137095928192,0.12120088934898376,0.0036644055508077145,0.0002956070238724351
1507,0.12782113254070282,0.12119786441326141,0.0036662002094089985,0.0002957064425572753
1508,0.12782089412212372,0.12120155990123749,0.003663388080894947,0.00029559448012150824
1509,0.1278207004070282,0.12119626253843307,0.003666769014671445,0.00029576654196716845
1510,0.12782055139541626,0.12120313942432404,0.0036620288155972958,0.0002955380768980831
1511,0.12782050669193268,0.12119344621896744,0.003668101504445076,0.00029589637415483594
1512,0.1278207004070282,0.12120644748210907,0.0036597163416445255,0.0002954528608825058
1513,0.12782123684883118,0.12118837237358093,0.003671350423246622,0.0002961518766824156
1514,0.12782257795333862,0.1212131679058075,0.003655648324638605,0.00029537625960074365
1515,0.12782546877861023,0.12117873132228851,0.003678922075778246,0.00029678066493943334
1516,0.12783142924308777,0.12122713029384613,0.0036493961233645678,0.0002954901137854904
1517,0.12784363329410553,0.12115996330976486,0.003697317559272051,0.00029863460804335773
1518,0.1278684437274933,0.12125679850578308,0.0036431585904210806,0.0002968494372908026
1519,0.12791936099529266,0.12112382799386978,0.0037474199198186398,0.0003048111393582076
1520,0.12802256643772125,0.12132204324007034,0.003655756125226617,0.00030447726021520793
1521,0.12823377549648285,0.12105847895145416,0.00390156963840127,0.0003273723996244371
1522,0.12864677608013153,0.12147001922130585,0.0037833680398762226,0.00033933864324353635
1523,0.12943699955940247,0.12096419930458069,0.00439180713146925,0.0004081002261955291
1524,0.13070157170295715,0.1217784658074379,0.004331206437200308,0.0004591897886712104
1525,0.13233338296413422,0.12090107798576355,0.005488038063049316,0.0005944268777966499
1526,0.13288278877735138,0.12205737084150314,0.005057489965111017,0.0005767930997535586
1527,0.1311357617378235,0.12097077816724777,0.0051925573498010635,0.0004972423193976283
1528,0.12827637791633606,0.12162017822265625,0.003979908302426338,0.0002676296280696988
1529,0.12843264639377594,0.12184653431177139,0.003855188377201557,0.0002730925043579191
1530,0.1299358308315277,0.12148705869913101,0.004685870837420225,0.00037628988502547145
1531,0.12864363193511963,0.12197165191173553,0.004072180949151516,0.000259981257840991
1532,0.12813949584960938,0.1217736080288887,0.003989950753748417,0.00023759268515277654
1533,0.12920047342777252,0.12154629826545715,0.004652980249375105,0.00030011922353878617
1534,0.12821762263774872,0.12205757200717926,0.003966291900724173,0.00021937605924904346
1535,0.1283731758594513,0.12217942625284195,0.003764884080737829,0.00024288655549753457
1536,0.12872174382209778,0.12186820060014725,0.004291294142603874,0.0002562256995588541
1537,0.1279861181974411,0.12197550386190414,0.003984248731285334,0.00020263661281205714
1538,0.12857478857040405,0.12211517989635468,0.003851114073768258,0.0002608493668958545
1539,0.12817291915416718,0.12186099588871002,0.004053606651723385,0.00022583125974051654
1540,0.12814687192440033,0.12193602323532104,0.003995315171778202,0.00022155343322083354
1541,0.12837103009223938,0.12216515839099884,0.0036243516951799393,0.00025815144181251526
1542,0.1279314160346985,0.1219259724020958,0.0037430853117257357,0.00022623581753578037
1543,0.12827274203300476,0.12168657779693604,0.004073450807482004,0.00025127019034698606
1544,0.12801216542720795,0.12176741659641266,0.0036963592283427715,0.00025483936769887805
1545,0.12800724804401398,0.12174651771783829,0.0037056966684758663,0.00025550229474902153
1546,0.12813681364059448,0.1215164065361023,0.0039054788649082184,0.0002714928996283561
1547,0.1278669834136963,0.12152834981679916,0.003669480327516794,0.0002669150708243251
1548,0.1280687302350998,0.12151650339365005,0.0036759725771844387,0.0002876244834624231
1549,0.1279538869857788,0.12118146568536758,0.003859708085656166,0.0002912722120527178
1550,0.12788836658000946,0.12111848592758179,0.0038580168038606644,0.00029118661768734455
1551,0.12803055346012115,0.12120653688907623,0.003683782182633877,0.00031402314198203385
1552,0.12786662578582764,0.12102361768484116,0.0037524362560361624,0.000309058086713776
1553,0.12792927026748657,0.1209394782781601,0.003857321571558714,0.0003132471174467355
1554,0.1279672235250473,0.12097299844026566,0.0036793663166463375,0.0003314866335131228
1555,0.1278506964445114,0.1208343580365181,0.003812276991084218,0.0003204063687007874
1556,0.12794029712677002,0.12074942886829376,0.0038846854586154222,0.00033061866997741163
1557,0.127915158867836,0.12087393552064896,0.0036912057548761368,0.0003350012411829084
1558,0.12785544991493225,0.1208624467253685,0.003748390357941389,0.00032446140539832413
1559,0.127928227186203,0.12077485769987106,0.003788695205003023,0.0003364667354617268
1560,0.12787741422653198,0.12087075412273407,0.00372882722876966,0.000327783462125808
1561,0.12785843014717102,0.12086538970470428,0.0037428694777190685,0.00032501702662557364
1562,0.12790437042713165,0.12082407623529434,0.0037846816703677177,0.0003295617934782058
1563,0.12785224616527557,0.12095841020345688,0.003706260584294796,0.0003187581605743617
1564,0.12785978615283966,0.12100560963153839,0.0036672912538051605,0.0003186884569004178
1565,0.1278797835111618,0.12096018344163895,0.0037514506839215755,0.0003168147522956133
1566,0.1278388500213623,0.12102092802524567,0.003702461253851652,0.0003115457366220653
1567,0.12785965204238892,0.12107477337121964,0.0037036100402474403,0.00030812688055448234
1568,0.12785924971103668,0.12104926258325577,0.0037439714651554823,0.0003066019562538713
1569,0.12783554196357727,0.1211126297712326,0.0036802173126488924,0.00030426925513893366
1570,0.1278575211763382,0.12118442356586456,0.00369461951777339,0.000297847727779299
1571,0.1278447061777115,0.12112729251384735,0.0037174862809479237,0.0002999925927724689
1572,0.12783727049827576,0.12113786488771439,0.003720269538462162,0.00029791396809741855
1573,0.12785223126411438,0.12119921296834946,0.0037267818115651608,0.0002926242013927549
1574,0.12783631682395935,0.1211659386754036,0.003712789621204138,0.0002957590913865715
1575,0.12783946096897125,0.12117810547351837,0.0037236232310533524,0.0002937738026957959
1576,0.12784484028816223,0.12122469395399094,0.0037056226283311844,0.00029145306325517595
1577,0.12783211469650269,0.12118154019117355,0.003719506785273552,0.00029310653917491436
1578,0.12783920764923096,0.1211571991443634,0.0037458324804902077,0.0002936179516837001
1579,0.12783759832382202,0.12119684368371964,0.00371307460591197,0.00029276832356117666
1580,0.12783002853393555,0.12118594348430634,0.003718454157933593,0.0002925638109445572
1581,0.12783657014369965,0.121159628033638,0.003717689774930477,0.0002959245757665485
1582,0.1278318613767624,0.12118609994649887,0.0037011094391345978,0.0002944644365925342
1583,0.12782859802246094,0.12116595357656479,0.0037163021042943,0.0002946346940007061
1584,0.12783309817314148,0.12112528830766678,0.0037160301581025124,0.0002991783549077809
1585,0.12782803177833557,0.1211552619934082,0.003705520648509264,0.0002967246400658041
1586,0.1278272420167923,0.12115281075239182,0.0036932823713868856,0.0002981145225930959
1587,0.1278299242258072,0.12111898511648178,0.0036968234926462173,0.00030141149181872606
1588,0.12782566249370575,0.1211339458823204,0.0036963759921491146,0.00029953429475426674
1589,0.12782594561576843,0.12112273275852203,0.003689620876684785,0.000301358726574108
1590,0.12782740592956543,0.12109261006116867,0.003705013543367386,0.00030297794728539884
1591,0.1278240829706192,0.12111133337020874,0.0036891261115670204,0.00030236179009079933
1592,0.1278245747089386,0.12111478298902512,0.003681211732327938,0.000302858097711578
1593,0.12782534956932068,0.12108902633190155,0.003695944556966424,0.0003040377050638199
1594,0.12782277166843414,0.12109726667404175,0.0036861980333924294,0.0003039308649022132
1595,0.1278231292963028,0.12109880894422531,0.003693153616040945,0.00030311671434901655
1596,0.12782347202301025,0.12107923626899719,0.0036970151122659445,0.0003047225472982973
1597,0.1278214454650879,0.12109773606061935,0.003686603158712387,0.000303711392916739
1598,0.12782157957553864,0.12110613286495209,0.003688305616378784,0.0003027140919584781
1599,0.12782172858715057,0.12108816206455231,0.0036907722242176533,0.0003042799944523722
1600,0.12782011926174164,0.12110200524330139,0.0036931470967829227,0.0003024963370990008
1601,0.12782001495361328,0.12110738456249237,0.003691144520416856,0.00030214901198633015
1602,0.12782007455825806,0.12109917402267456,0.003692624857649207,0.00030282780062407255
1603,0.12781880795955658,0.12111879140138626,0.003688403405249119,0.00030116073321551085
1604,0.12781855463981628,0.12112464755773544,0.00368345994502306,0.0003010437067132443
1605,0.12781855463981628,0.1211160272359848,0.003691616700962186,0.00030109190265648067
1606,0.1278175711631775,0.12112897634506226,0.0036872236523777246,0.000300137500744313
1607,0.12781718373298645,0.12113425135612488,0.003685956820845604,0.0002996979164890945
1608,0.12781718373298645,0.12113098055124283,0.003687680698931217,0.00029985213768668473
1609,0.12781639397144318,0.12114496529102325,0.003679883200675249,0.00029915428603999317
1610,0.12781594693660736,0.12114709615707397,0.0036830061580985785,0.0002985843166243285
1611,0.1278158724308014,0.12113937735557556,0.0036842250265181065,0.00029922707471996546
1612,0.12781526148319244,0.12114937603473663,0.0036822636611759663,0.00029836149769835174
1613,0.12781475484371185,0.12114998698234558,0.0036826562136411667,0.0002982105943374336
1614,0.12781460583209991,0.12114575505256653,0.0036800596863031387,0.000298879953334108
1615,0.1278141289949417,0.1211548000574112,0.0036797914654016495,0.000297954014968127
1616,0.12781360745429993,0.12115000188350677,0.0036797518841922283,0.0002983847225550562
1617,0.1278133988380432,0.12114423513412476,0.0036819414235651493,0.0002987221523653716
1618,0.12781301140785217,0.12115065008401871,0.003680803347378969,0.00029815564630553126
1619,0.127812460064888,0.12114649266004562,0.0036787616554647684,0.0002987211337313056
1620,0.1278121918439865,0.12114432454109192,0.003679970046505332,0.0002987896732520312
1621,0.12781186401844025,0.12114828824996948,0.003677290864288807,0.00029862855444662273
1622,0.12781138718128204,0.12114181369543076,0.0036793584004044533,0.00029902145615778863
1623,0.12781104445457458,0.12113969773054123,0.003679821267724037,0.0002991525980178267
1624,0.1278107613325119,0.12114354968070984,0.003676747437566519,0.0002990461653098464
1625,0.12781032919883728,0.12113936990499496,0.0036776852793991566,0.00029932716279290617
1626,0.12780995666980743,0.12113948911428452,0.003675496205687523,0.000299496779916808
1627,0.12780965864658356,0.12114157527685165,0.003675449173897505,0.00029926304705441
1628,0.1278092861175537,0.12113628536462784,0.003676376072689891,0.0002996628754772246
1629,0.12780888378620148,0.1211380735039711,0.0036746347323060036,0.0002996181428898126
1630,0.1278085857629776,0.12114053964614868,0.0036740051582455635,0.00029940411332063377
1631,0.12780824303627014,0.12113732844591141,0.003672817489132285,0.0002998097916133702
1632,0.1278078556060791,0.12114033848047256,0.0036725602112710476,0.0002994951792061329
1633,0.12780751287937164,0.12114021927118301,0.003672302234917879,0.0002994989918079227
1634,0.12780721485614777,0.12113787978887558,0.003672470338642597,0.00029968650778755546
1635,0.12780684232711792,0.12114191055297852,0.003671661950647831,0.00029932663892395794
1636,0.12780649960041046,0.12114185839891434,0.0036703255027532578,0.00029943164554424584
1637,0.1278061866760254,0.1211414709687233,0.0036709432024508715,0.0002993763773702085
1638,0.12780584394931793,0.1211443766951561,0.003669986966997385,0.00029914831975474954
1639,0.12780548632144928,0.12114299833774567,0.0036705448292195797,0.00029919491498731077
1640,0.12780515849590302,0.12114380300045013,0.0036705262027680874,0.00029908251599408686
1641,0.12780484557151794,0.12114676088094711,0.003669001627713442,0.00029890856239944696
1642,0.12780450284481049,0.12114587426185608,0.003669572528451681,0.0002989054482895881
1643,0.12780416011810303,0.12114723771810532,0.0036687757819890976,0.0002988142950925976
1644,0.12780384719371796,0.12114863842725754,0.003668868914246559,0.00029863405507057905
1645,0.1278035193681717,0.12114749848842621,0.003669056808575988,0.0002986972685903311
1646,0.12780319154262543,0.12114983052015305,0.0036679182667285204,0.0002985442988574505
1647,0.12780286371707916,0.12115073949098587,0.0036677620373666286,0.00029843547963537276
1648,0.1278025358915329,0.12115011364221573,0.0036671855486929417,0.0002985245082527399
1649,0.12780222296714783,0.12115205824375153,0.003667018376290798,0.00029831455321982503
1650,0.12780189514160156,0.12115147709846497,0.0036667846143245697,0.0002983627200592309
1651,0.1278015673160553,0.12115170806646347,0.003666284494102001,0.0002983578888233751
1652,0.12780125439167023,0.12115351110696793,0.003665634896606207,0.00029821114731021225
1653,0.12780094146728516,0.12115263938903809,0.0036650649271905422,0.00029832380823791027
1654,0.1278006136417389,0.12115330249071121,0.003664978314191103,0.0002982339356094599
1655,0.12780028581619263,0.12115373462438583,0.003664392279461026,0.0002982169098686427
1656,0.12780000269412994,0.12115287035703659,0.0036643168423324823,0.00029828117112629116
1657,0.12779965996742249,0.12115401774644852,0.0036636278964579105,0.00029820145573467016
1658,0.1277993619441986,0.12115395814180374,0.0036630318500101566,0.000298236554954201
1659,0.12779904901981354,0.12115348875522614,0.003663023468106985,0.0002982533478643745
1660,0.12779873609542847,0.12115421146154404,0.003662390634417534,0.00029821315547451377
1661,0.1277984231710434,0.12115353345870972,0.0036624190397560596,0.00029824633384123445
1662,0.12779809534549713,0.12115371227264404,0.0036618702579289675,0.00029825110686942935
1663,0.12779779732227325,0.12115437537431717,0.0036613268312066793,0.00029820884810760617
1664,0.12779748439788818,0.12115373462438583,0.0036612190306186676,0.00029825291130691767
1665,0.1277971714735031,0.12115421891212463,0.0036607033107429743,0.00029822473879903555
1666,0.12779685854911804,0.12115426361560822,0.0036606378853321075,0.000298196537187323
1667,0.12779656052589417,0.12115398794412613,0.003660172689706087,0.0002982400474138558
1668,0.1277962476015091,0.12115489691495895,0.003659742884337902,0.00029816137976013124
1669,0.12779593467712402,0.12115469574928284,0.0036594148259609938,0.0002981833531521261
1670,0.12779563665390015,0.12115491926670074,0.0036590578965842724,0.00029816568712703884
1671,0.12779532372951508,0.12115547060966492,0.0036588269285857677,0.00029810285195708275
1672,0.12779501080513,0.12115521728992462,0.0036584369372576475,0.0002981361758429557
1673,0.12779471278190613,0.12115601450204849,0.003658088156953454,0.00029806134989485145
1674,0.12779441475868225,0.12115628272294998,0.0036576162092387676,0.00029805145459249616
1675,0.12779411673545837,0.12115635722875595,0.0036573903635144234,0.0002980367571581155
1676,0.1277938038110733,0.12115702033042908,0.0036570453085005283,0.0002979739510919899
1677,0.12779350578784943,0.1211569756269455,0.0036567423958331347,0.0002979780547320843
1678,0.12779317796230316,0.1211574524641037,0.003656435292214155,0.0002979298878926784
1679,0.12779289484024048,0.12115795910358429,0.003655963111668825,0.00029789769905619323
1680,0.1277925819158554,0.12115795165300369,0.0036557838320732117,0.00029788530082441866
1681,0.12779226899147034,0.12115848064422607,0.003655390115454793,0.0002978405391331762
1682,0.12779198586940765,0.12115859240293503,0.0036551915109157562,0.00029782039928250015
1683,0.12779167294502258,0.12115879356861115,0.0036548476200550795,0.00029780284967273474
1684,0.1277913898229599,0.12115932255983353,0.0036544636823236942,0.0002977595431730151
1685,0.12779107689857483,0.12115930020809174,0.003654230386018753,0.00029775509028695524
1686,0.12779077887535095,0.12115965783596039,0.0036538694985210896,0.0002977247931994498
1687,0.12779048085212708,0.12115983664989471,0.0036536669358611107,0.000297697726637125
1688,0.127790167927742,0.1211598739027977,0.0036533111706376076,0.00029769891989417374
1689,0.12778986990451813,0.12116032838821411,0.0036529989447444677,0.0002976542746182531
1690,0.12778957188129425,0.12116032093763351,0.00365265691652894,0.00029765942599624395
1691,0.12778927385807037,0.12116057425737381,0.003652381245046854,0.00029763177735731006
1692,0.1277889907360077,0.12116076052188873,0.003652081824839115,0.0002976147225126624
1693,0.12778867781162262,0.12116076797246933,0.0036517910193651915,0.00029761233599856496
1694,0.12778837978839874,0.12116112560033798,0.0036514385137706995,0.00029758119489997625
1695,0.12778808176517487,0.12116115540266037,0.003651110455393791,0.0002975809038616717
1696,0.127787783741951,0.1211613342165947,0.003650832921266556,0.00029756082221865654
1697,0.12778747081756592,0.12116151303052902,0.0036505030002444983,0.0002975456300191581
1698,0.12778717279434204,0.12116152793169022,0.0036502510774880648,0.00029753975104540586
1699,0.12778688967227936,0.12116182595491409,0.003649882972240448,0.00029751742840744555
1700,0.12778659164905548,0.12116190046072006,0.00364959635771811,0.0002975086681544781
1701,0.1277862787246704,0.1211620420217514,0.003649283666163683,0.0002974950766656548
1702,0.12778598070144653,0.12116222828626633,0.003648994490504265,0.0002974758099298924
1703,0.12778568267822266,0.12116225808858871,0.0036487362813204527,0.00029746899963356555
1704,0.12778538465499878,0.1211625188589096,0.003648390993475914,0.00029744746279902756
1705,0.1277850866317749,0.12116261571645737,0.0036481188144534826,0.0002974349772557616
1706,0.12778478860855103,0.1211627721786499,0.003647799603641033,0.0002974218805320561
1707,0.12778449058532715,0.12116295099258423,0.0036475416272878647,0.0002973994123749435
1708,0.12778419256210327,0.121163010597229,0.003647252917289734,0.00029739318415522575
1709,0.1277838945388794,0.1211632564663887,0.0036469597835093737,0.00029736736905761063
1710,0.12778359651565552,0.12116336077451706,0.003646658733487129,0.00029735759017057717
1711,0.12778329849243164,0.12116353213787079,0.003646363504230976,0.00029733977862633765
1712,0.12778300046920776,0.12116370350122452,0.0036460966803133488,0.0002973196969833225
1713,0.1277827024459839,0.12116379290819168,0.0036458042450249195,0.0002973107621073723
1714,0.12778240442276,0.12116402387619019,0.003645529504865408,0.0002972854417748749
1715,0.12778210639953613,0.12116412818431854,0.003645211923867464,0.00029727688524872065
1716,0.12778180837631226,0.12116431444883347,0.0036449371837079525,0.00029725575586780906
1717,0.12778151035308838,0.12116445600986481,0.003644645679742098,0.00029724143678322434
1718,0.1277811974287033,0.12116454541683197,0.0036443867720663548,0.0002972270012833178
1719,0.12778091430664062,0.12116473913192749,0.0036440836265683174,0.0002972088404931128
1720,0.12778060138225555,0.12116484344005585,0.003643803996965289,0.00029719577287323773
1721,0.12778031826019287,0.12116502970457077,0.0036434903740882874,0.000297180115012452
1722,0.1277800351381302,0.12116514891386032,0.0036432421766221523,0.00029716367134824395
1723,0.12777972221374512,0.12116524577140808,0.003642940428107977,0.00029715357231907547
1724,0.12777942419052124,0.12116540223360062,0.003642686642706394,0.00029713325784541667
1725,0.12777911126613617,0.12116548418998718,0.0036423755809664726,0.0002971259818878025
1726,0.1277788132429123,0.12116565555334091,0.0036421064287424088,0.0002971051726490259
1727,0.12777851521968842,0.12116573005914688,0.003641807474195957,0.0002970981877297163
1728,0.12777823209762573,0.12116587162017822,0.003641566028818488,0.00029707932844758034
1729,0.12777791917324066,0.12116596102714539,0.003641254734247923,0.0002970706264022738
1730,0.12777762115001678,0.12116607278585434,0.003641009796410799,0.0002970536588691175
1731,0.1277773231267929,0.12116620689630508,0.003640676848590374,0.0002970442292280495
1732,0.12777704000473022,0.12116631120443344,0.003640454960986972,0.0002970269706565887
1733,0.12777674198150635,0.1211664155125618,0.003640119917690754,0.00029701978201046586
1734,0.12777642905712128,0.12116651237010956,0.003639915958046913,0.0002969996421597898
1735,0.1277761459350586,0.12116662412881851,0.00363955763168633,0.0002969958586618304
1736,0.12777581810951233,0.12116674333810806,0.0036393580958247185,0.00029697243007831275
1737,0.12777552008628845,0.12116681784391403,0.0036389899905771017,0.00029697190620936453
1738,0.12777522206306458,0.12116695940494537,0.003638813504949212,0.0002969454217236489
1739,0.1277749240398407,0.12116701155900955,0.003638440277427435,0.0002969473716802895
1740,0.12777462601661682,0.12116716802120209,0.0036382703110575676,0.00029691882082261145
1741,0.12777432799339294,0.12116722762584686,0.0036378714721649885,0.0002969230990856886
1742,0.12777402997016907,0.1211673766374588,0.0036377308424562216,0.0002968916669487953
1743,0.1277737319469452,0.12116743624210358,0.0036372956819832325,0.00029689978691749275
1744,0.12777341902256012,0.12116756290197372,0.0036372197791934013,0.00029686352354474366
1745,0.12777312099933624,0.1211676225066185,0.003636719426140189,0.0002968779590446502
1746,0.12777283787727356,0.12116779386997223,0.0036367010325193405,0.00029683340108022094
1747,0.1277725100517273,0.12116781622171402,0.0036361156962811947,0.00029685854678973556
1748,0.1277722269296646,0.12116800248622894,0.003636219073086977,0.0002968001354020089
1749,0.12777191400527954,0.12116797268390656,0.0036354977637529373,0.0002968439075630158
1750,0.12777161598205566,0.12116821110248566,0.0036357841454446316,0.0002967615728266537
1751,0.1277713030576706,0.12116812914609909,0.003634807886555791,0.00029683668981306255
1752,0.12777100503444672,0.12116846442222595,0.003635409288108349,0.0002967136970255524
1753,0.12777070701122284,0.12116825580596924,0.003634029533714056,0.00029684187029488385
1754,0.12777039408683777,0.12116871029138565,0.0036351848393678665,0.00029665010515600443
1755,0.1277700960636139,0.12116831541061401,0.003633079817518592,0.0002968694316223264
1756,0.12776979804039001,0.12116903811693192,0.003635183908045292,0.0002965571475215256
1757,0.12776948511600494,0.12116832286119461,0.0036317952908575535,0.0002969375054817647
1758,0.12776920199394226,0.12116947770118713,0.0036356220953166485,0.0002964094455819577
1759,0.1277688890695572,0.12116813659667969,0.003629921469837427,0.0002970825007651001
1760,0.1277685910463333,0.12117009609937668,0.0036369170993566513,0.0002961572026833892
1761,0.12776827812194824,0.12116765975952148,0.003626876510679722,0.00029737487784586847
1762,0.12776799499988556,0.12117116153240204,0.003639804432168603,0.0002957036776933819
1763,0.12776774168014526,0.12116659432649612,0.0036215728614479303,0.0002979571290779859
1764,0.12776750326156616,0.12117304652929306,0.0036459150724112988,0.00029485506820492446
1765,0.12776736915111542,0.12116433680057526,0.003611770924180746,0.0002991256187669933
1766,0.12776735424995422,0.12117663025856018,0.003658503061160445,0.00029322245973162353
1767,0.1277676522731781,0.12115970999002457,0.0035927738063037395,0.00030151638202369213
1768,0.12776854634284973,0.12118373811244965,0.003684486960992217,0.00029003192321397364
1769,0.12777066230773926,0.12115015089511871,0.003554878756403923,0.00030656292801722884
1770,0.12777531147003174,0.12119829654693604,0.003738858737051487,0.0002838154323399067
1771,0.12778523564338684,0.12113039195537567,0.0034774933010339737,0.0003177356848027557
1772,0.12780620157718658,0.12122920900583267,0.003854896407574415,0.0002722098433878273
1773,0.12785078585147858,0.12108954787254333,0.003317948430776596,0.0003443285822868347
1774,0.12794455885887146,0.12129692733287811,0.004108830355107784,0.0002538792905397713
1775,0.1281442791223526,0.12100761383771896,0.0029949117451906204,0.00041417605825699866
1776,0.12855350971221924,0.12144876271486282,0.0046726856380701065,0.00024320607190020382
1777,0.12938319146633148,0.12086579948663712,0.002403932623565197,0.0006113461568020284
1778,0.13081811368465424,0.12177332490682602,0.005821947008371353,0.00032228356576524675
1779,0.13290053606033325,0.12077219039201736,0.0016637805383652449,0.0010464570950716734
1780,0.1339486688375473,0.12225319445133209,0.006838874891400337,0.00048565983888693154
1781,0.1320890337228775,0.12133044004440308,0.0016309288330376148,0.0009127664379775524
1782,0.1283596307039261,0.12229858338832855,0.004029890056699514,0.00020311560365371406
1783,0.1287672221660614,0.12262225896120071,0.0042273798026144505,0.00019175870693288743
1784,0.13043536245822906,0.12202930450439453,0.0017688320949673653,0.0006637225160375237
1785,0.1283324658870697,0.12284448742866516,0.003754843957722187,0.00017331360140815377
1786,0.12870371341705322,0.12296601384878159,0.004055731929838657,0.00016819620213937014
1787,0.12933626770973206,0.12243981659412384,0.002027523936703801,0.0004868927935604006
1788,0.12795743346214294,0.12270662188529968,0.003151021897792816,0.0002099777339026332
1789,0.12905074656009674,0.12280832231044769,0.004569291137158871,0.00016731278446968645
1790,0.1282280534505844,0.12245888262987137,0.002697913208976388,0.00030712573789060116
1791,0.1283392459154129,0.12229149788618088,0.0026808250695466995,0.0003366924065630883
1792,0.1285327523946762,0.12229441106319427,0.004605489782989025,0.00016328525089193135
1793,0.1279199719429016,0.12210570275783539,0.003866778686642647,0.0001947488053701818
1794,0.12852966785430908,0.12181548029184341,0.002725772326812148,0.00039884215220808983
1795,0.12788227200508118,0.12173817306756973,0.003982014488428831,0.00021620816551148891
1796,0.12830021977424622,0.12163106352090836,0.004780185408890247,0.00018889813509304076
1797,0.1280318796634674,0.12149538099765778,0.003262079320847988,0.0003274416958447546
1798,0.12801742553710938,0.12142269313335419,0.003283152589574456,0.0003311586915515363
1799,0.12814590334892273,0.12135200202465057,0.004631460644304752,0.00021624464716296643
1800,0.1278456300497055,0.1213521882891655,0.003971947822719812,0.00025215072673745453
1801,0.12812811136245728,0.12128660827875137,0.0030200413893908262,0.0003821456921286881
1802,0.1278167963027954,0.12137969583272934,0.0037357835099101067,0.0002701306948438287
1803,0.12802647054195404,0.12136784940958023,0.004214623477309942,0.0002444004931021482
1804,0.12786902487277985,0.12135205417871475,0.003230615984648466,0.0003286349819973111
1805,0.1279168426990509,0.12132420390844345,0.0030907061882317066,0.00035019320785067976
1806,0.12792503833770752,0.12147217243909836,0.003841240657493472,0.0002611618838272989
1807,0.1278487890958786,0.12139733135700226,0.0036344320978969336,0.0002817015629261732
1808,0.1279626041650772,0.12140341848134995,0.0029796825256198645,0.0003579506592359394
1809,0.12786170840263367,0.12131530791521072,0.003383966162800789,0.00031624341499991715
1810,0.12803864479064941,0.12153758853673935,0.0038225878961384296,0.0002678469172678888
1811,0.12806104123592377,0.12120366841554642,0.0034717507660388947,0.00033856224035844207
1812,0.12842850387096405,0.12153264880180359,0.003247033106163144,0.00036488196928985417
1813,0.12898024916648865,0.12107428908348083,0.004179495386779308,0.0003726463473867625
1814,0.13002942502498627,0.1218298003077507,0.004311798606067896,0.00038878305349498987
1815,0.1314907968044281,0.12082064151763916,0.004757626913487911,0.000591252523008734
1816,0.13241493701934814,0.12202639132738113,0.004785910714417696,0.0005602622404694557
1817,0.1315726786851883,0.12090811133384705,0.005632261745631695,0.0005032295593991876
1818,0.12872742116451263,0.12163957208395004,0.004133838228881359,0.00029540032846853137
1819,0.12808924913406372,0.12161098420619965,0.0036490014754235744,0.0002829264849424362
1820,0.1296187788248062,0.12141279876232147,0.004683054517954588,0.00035229374771006405
1821,0.12894213199615479,0.12202303111553192,0.004368049092590809,0.0002551055804360658
1822,0.12799134850502014,0.12162671983242035,0.004059210419654846,0.00023054159828461707
1823,0.12906236946582794,0.12142464518547058,0.004473935347050428,0.000316378369461745
1824,0.1283634454011917,0.12213899195194244,0.004083383362740278,0.00021410713088698685
1825,0.128203883767128,0.12222855538129807,0.0039640809409320354,0.00020112587662879378
1826,0.12873691320419312,0.12179423868656158,0.004123147577047348,0.0002819516812451184
1827,0.12798261642456055,0.12199808657169342,0.0038114553317427635,0.00021730792650487274
1828,0.1284458488225937,0.12224169820547104,0.004030381795018911,0.00021737729548476636
1829,0.12823615968227386,0.12186853587627411,0.004007610492408276,0.00023600156418979168
1830,0.12801317870616913,0.12193430215120316,0.003634973429143429,0.0002443908015266061
1831,0.12835881114006042,0.12226131558418274,0.0036474086809903383,0.0002450095780659467
1832,0.127909854054451,0.12185152620077133,0.0037930537946522236,0.00022652724874205887
1833,0.12812216579914093,0.12155196070671082,0.0038465894758701324,0.000272362056421116
1834,0.12808147072792053,0.12175872176885605,0.003627995029091835,0.00026947527658194304
1835,0.12784384191036224,0.12160531431436539,0.0036488177720457315,0.0002589703071862459
1836,0.12810547649860382,0.12132156640291214,0.0038067649584263563,0.0002977152762468904
1837,0.1278846263885498,0.12139203399419785,0.003603816032409668,0.0002888776652980596
1838,0.12788031995296478,0.12120109796524048,0.0036591938696801662,0.0003020027943421155
1839,0.12802278995513916,0.12085200846195221,0.003904745914041996,0.00032660391298122704
1840,0.12782123684883118,0.12097054719924927,0.0037649860605597496,0.00030856989906169474
1841,0.12790754437446594,0.12096783518791199,0.0036325864493846893,0.00033071223879233
1842,0.12795473635196686,0.12069648504257202,0.0037824634928256273,0.0003475779085420072
1843,0.12781640887260437,0.12076865881681442,0.0038337677251547575,0.0003213974414393306
1844,0.12790317833423615,0.12076832354068756,0.0037278244271874428,0.0003407032345421612
1845,0.12790349125862122,0.12058550119400024,0.003776946570724249,0.00035410383134149015
1846,0.12781181931495667,0.1207650750875473,0.003815328236669302,0.0003231419832445681
1847,0.12788039445877075,0.12088632583618164,0.00366500043310225,0.00033290652208961546
1848,0.12785862386226654,0.12074402719736099,0.0036651315167546272,0.0003449456417001784
1849,0.1278013288974762,0.12085416167974472,0.0037793321534991264,0.00031678436789661646
1850,0.1278567761182785,0.12098923325538635,0.00370406243018806,0.00031634728657081723
1851,0.127821683883667,0.12092728912830353,0.0036214955616742373,0.00032729044323787093
1852,0.12779726088047028,0.12105464190244675,0.0036613878328353167,0.0003081231261603534
1853,0.1278388500213623,0.12120488286018372,0.0036450489424169064,0.0002988925261888653
1854,0.1277976930141449,0.12111293524503708,0.0036086952313780785,0.0003076056018471718
1855,0.12780258059501648,0.12113455682992935,0.0036475041415542364,0.0003020525036845356
1856,0.12782184779644012,0.12127920985221863,0.003660484915599227,0.0002882152621168643
1857,0.12778759002685547,0.1212502047419548,0.0036223693750798702,0.00029150117188692093
1858,0.1278078705072403,0.12123338878154755,0.0036013219505548477,0.00029731576796621084
1859,0.1278046816587448,0.12132018059492111,0.003634481690824032,0.0002850019372999668
1860,0.12778730690479279,0.12127462029457092,0.003685456933453679,0.0002827233693096787
1861,0.12780532240867615,0.12121056765317917,0.0036507423501461744,0.0002944013976957649
1862,0.12779174745082855,0.12128870189189911,0.0036230096593499184,0.000288004259346053
1863,0.12778861820697784,0.12129546701908112,0.003684501862153411,0.0002808652934618294
1864,0.127796933054924,0.12121375650167465,0.0036594890989363194,0.0002923694555647671
1865,0.1277846395969391,0.12122996151447296,0.0036143134348094463,0.0002940358826890588
1866,0.12778693437576294,0.12123636901378632,0.0037007159553468227,0.00028498450410552323
1867,0.127788707613945,0.12117525190114975,0.003689123783260584,0.0002924337750300765
1868,0.12778088450431824,0.12119623273611069,0.003585713915526867,0.000299894338240847
1869,0.12778335809707642,0.12121814489364624,0.0036490587517619133,0.00029161557904444635
1870,0.12778353691101074,0.12115434557199478,0.003689232049509883,0.0002939963305834681
1871,0.12777838110923767,0.12114565074443817,0.003591215703636408,0.0003041517920792103
1872,0.12778036296367645,0.12117151916027069,0.0036234105937182903,0.0002985433966387063
1873,0.12778064608573914,0.12114350497722626,0.003675694577395916,0.00029614518280141056
1874,0.12777632474899292,0.12114474177360535,0.0035759718157351017,0.0003055603301618248
1875,0.1277783215045929,0.12115858495235443,0.0035866904072463512,0.0003033048415090889
1876,0.1277782917022705,0.1211259663105011,0.0036732179578393698,0.0002979107084684074
1877,0.12777435779571533,0.12112538516521454,0.00360025092959404,0.00030487196636386216
1878,0.1277763992547989,0.12114670872688293,0.003575643990188837,0.00030540491570718586
1879,0.127775639295578,0.12113558501005173,0.0036550364457070827,0.0002985020983032882
1880,0.12777240574359894,0.12113837897777557,0.0036108088679611683,0.00030232215067371726
1881,0.12777414917945862,0.12114317715167999,0.0035811085253953934,0.0003049870429094881
1882,0.12777292728424072,0.1211303323507309,0.003659534268081188,0.0002983058802783489
1883,0.12777063250541687,0.1211453452706337,0.003633800894021988,0.00029914834885858
1884,0.12777182459831238,0.1211596131324768,0.003584769554436207,0.0003027440106961876
1885,0.1277705579996109,0.12115242332220078,0.003644037526100874,0.00029740954050794244
1886,0.12776906788349152,0.1211637556552887,0.003644020762294531,0.00029612984508275986
1887,0.12776964902877808,0.12116861343383789,0.0036015440709888935,0.00029994884971529245
1888,0.12776869535446167,0.12116330862045288,0.003639334812760353,0.0002966055180877447
1889,0.12776760756969452,0.12118484079837799,0.003642425639554858,0.0002940347185358405
1890,0.12776771187782288,0.12119251489639282,0.003601938020437956,0.0002973263617604971
1891,0.12776711583137512,0.12118031829595566,0.0036258259788155556,0.00029609748162329197
1892,0.12776614725589752,0.12119301408529282,0.0036404472775757313,0.0002932689676526934
1893,0.12776599824428558,0.12119727581739426,0.003611822845414281,0.00029568898025900126
1894,0.12776561081409454,0.12118763476610184,0.0036168680526316166,0.000296110927592963
1895,0.12776465713977814,0.12120186537504196,0.0036267542745918036,0.00029360366170294583
1896,0.12776437401771545,0.12120173871517181,0.0036125287879258394,0.00029501106473617256
1897,0.12776409089565277,0.12118356674909592,0.0036147618666291237,0.0002965765306726098
1898,0.12776315212249756,0.12119131535291672,0.0036235377192497253,0.0002948300389107317
1899,0.1277628242969513,0.12119247764348984,0.0036178845912218094,0.00029524683486670256
1900,0.1277625411748886,0.12117808312177658,0.003612180007621646,0.000297228223644197
1901,0.12776172161102295,0.12118292599916458,0.0036156463902443647,0.0002963144797831774
1902,0.1277613639831543,0.12117891758680344,0.003622605698183179,0.00029598380206152797
1903,0.12776105105876923,0.12116332352161407,0.0036187092773616314,0.00029790139524266124
1904,0.1277603656053543,0.12116874754428864,0.0036147988867014647,0.00029768270906060934
1905,0.12775994837284088,0.12116881459951401,0.0036234152503311634,0.0002967714099213481
1906,0.12775960564613342,0.1211581826210022,0.003619024995714426,0.0002982399018947035
1907,0.12775906920433044,0.12116122990846634,0.003612498752772808,0.000298534519970417
1908,0.12775857746601105,0.1211593821644783,0.0036257775500416756,0.00029734117561019957
1909,0.1277582198381424,0.12115392088890076,0.0036220774054527283,0.0002982222940772772
1910,0.12775777280330658,0.12116041779518127,0.0036095809191465378,0.00029877660563215613
1911,0.1277572363615036,0.12116072326898575,0.0036214853171259165,0.0002975029346998781
1912,0.12775684893131256,0.12115786969661713,0.003620653646066785,0.00029783285572193563
1913,0.12775644659996033,0.12116196006536484,0.0036092139780521393,0.00029852750594727695
1914,0.12775593996047974,0.12116202712059021,0.0036201467737555504,0.00029737656586803496
1915,0.12775550782680511,0.12116420269012451,0.0036188443191349506,0.00029724652995355427
1916,0.12775513529777527,0.12116903811693192,0.0036067096516489983,0.00029793879366479814
1917,0.12775464355945587,0.12116772681474686,0.0036164834164083004,0.0002970438508782536
1918,0.12775421142578125,0.12116973847150803,0.0036180082242935896,0.0002966464380733669
1919,0.1277538239955902,0.12117243558168411,0.003608515951782465,0.00029728683875873685
1920,0.1277533769607544,0.12117161601781845,0.0036148051731288433,0.000296695448923856
1921,0.12775292992591858,0.12117574363946915,0.003615568857640028,0.0002961619757115841
1922,0.12775252759456635,0.12117640674114227,0.0036090167704969645,0.00029671049560420215
1923,0.1277521252632141,0.12117352336645126,0.0036141243763267994,0.0002964469895232469
1924,0.1277516782283783,0.12117696553468704,0.0036155967973172665,0.00029591217753477395
1925,0.12775124609470367,0.12117689102888107,0.0036109730135649443,0.0002963384613394737
1926,0.12775085866451263,0.12117518484592438,0.003612350206822157,0.00029633197118528187
1927,0.127750426530838,0.12117838859558105,0.0036134645342826843,0.0002958580444101244
1928,0.1277499943971634,0.12117624282836914,0.003612099913880229,0.0002961648569907993
1929,0.12774959206581116,0.12117433547973633,0.003611723892390728,0.000296354090096429
1930,0.12774918973445892,0.12117745727300644,0.0036120773293077946,0.00029596552485600114
1931,0.1277487576007843,0.12117580324411392,0.0036115734837949276,0.0002961380814667791
1932,0.12774835526943207,0.1211748868227005,0.003609110601246357,0.0002964350569527596
1933,0.12774792313575745,0.12117643654346466,0.0036100721918046474,0.0002961416030302644
1934,0.1277475208044052,0.12117412686347961,0.0036113583482801914,0.00029620397253893316
1935,0.12774710357189178,0.12117424607276917,0.003607499413192272,0.0002965361636597663
1936,0.12774671614170074,0.12117563188076019,0.0036079734563827515,0.00029631040524691343
1937,0.12774628400802612,0.12117397040128708,0.0036095879040658474,0.0002962722792290151
1938,0.1277458816766739,0.12117419391870499,0.0036058002151548862,0.00029658855055458844
1939,0.12774544954299927,0.12117411196231842,0.0036071226932108402,0.0002964221057482064
1940,0.12774504721164703,0.12117331475019455,0.003608650527894497,0.00029630749486386776
1941,0.1277446448802948,0.1211744025349617,0.0036045946180820465,0.00029656480182893574
1942,0.12774424254894257,0.12117397040128708,0.003605887293815613,0.0002964379673358053
1943,0.12774382531642914,0.12117371708154678,0.003607336897403002,0.0002962764701806009
1944,0.1277434229850769,0.12117427587509155,0.003604438155889511,0.0002964698651339859
1945,0.12774300575256348,0.12117361277341843,0.003605604637414217,0.0002963787119369954
1946,0.12774260342121124,0.12117462605237961,0.003606087062507868,0.00029618930420838296
1947,0.12774218618869781,0.12117514759302139,0.0036039017140865326,0.00029631456709466875
1948,0.12774178385734558,0.12117438018321991,0.003604806959629059,0.0002962597936857492
1949,0.12774138152599335,0.12117554992437363,0.0036051268689334393,0.0002960699493996799
1950,0.12774096429347992,0.12117566168308258,0.003603885415941477,0.0002961417194455862
1951,0.12774056196212769,0.1211756095290184,0.003603761550039053,0.00029611820355057716
1952,0.12774015963077545,0.1211770698428154,0.0036036756355315447,0.00029594096122309566
1953,0.12773974239826202,0.12117668241262436,0.003603285411372781,0.0002959777775686234
1954,0.1277393400669098,0.12117675691843033,0.003602684009820223,0.00029598927358165383
1955,0.12773892283439636,0.12117781490087509,0.0036027489695698023,0.00029583630384877324
1956,0.12773850560188293,0.12117746472358704,0.0036025287117809057,0.00029585184529423714
1957,0.1277381181716919,0.12117797881364822,0.00360124371945858,0.00029588909819722176
1958,0.12773770093917847,0.12117833644151688,0.003601721255108714,0.00029576438828371465
1959,0.12773728370666504,0.12117782980203629,0.00360172800719738,0.00029577274108305573
1960,0.1277368813753128,0.12117829918861389,0.003600310068577528,0.00029582783463411033
1961,0.12773647904396057,0.1211782917380333,0.003600910771638155,0.0002957278920803219
1962,0.12773606181144714,0.12117817252874374,0.003600592026486993,0.0002957301039714366
1963,0.12773564457893372,0.12117832154035568,0.0035994085483253,0.00029579244437627494
1964,0.12773524224758148,0.12117788195610046,0.0036002127453684807,0.00029571473714895546
1965,0.12773483991622925,0.12117800116539001,0.0035997051745653152,0.0002957128162961453
1966,0.12773442268371582,0.12117797136306763,0.0035987505689263344,0.000295770209049806
1967,0.1277340203523636,0.12117769569158554,0.0035992383491247892,0.0002957079850602895
1968,0.12773360311985016,0.12117792665958405,0.003598689567297697,0.00029569867183454335
1969,0.12773318588733673,0.12117753177881241,0.0035981868859380484,0.0002957468095701188
1970,0.1277327686548233,0.12117750942707062,0.0035983077250421047,0.0002956955577246845
1971,0.12773236632347107,0.12117782980203629,0.003597784321755171,0.00029567486490122974
1972,0.12773194909095764,0.12117749452590942,0.0035973498597741127,0.0002957105461973697
1973,0.1277315467596054,0.12117773294448853,0.003597158007323742,0.00029566558077931404
1974,0.12773112952709198,0.1211777925491333,0.003596978262066841,0.0002956355456262827
1975,0.12773071229457855,0.12117760628461838,0.003596498630940914,0.0002956609532702714
1976,0.12773029506206512,0.12117800861597061,0.0035960879176855087,0.0002956190728582442
1977,0.1277298778295517,0.12117798626422882,0.0035960725508630276,0.0002955814416054636
1978,0.12772946059703827,0.12117800861597061,0.0035954471677541733,0.0002955998934339732
1979,0.12772904336452484,0.12117823958396912,0.00359519780613482,0.0002955601958092302
1980,0.1277286261320114,0.12117817997932434,0.0035952338948845863,0.0002955210511572659
1981,0.1277281939983368,0.12117841094732285,0.0035944541450589895,0.0002955333038698882
1982,0.12772779166698456,0.12117850035429001,0.003594327485188842,0.00029549605096690357
1983,0.12772737443447113,0.1211785227060318,0.003594254143536091,0.0002954587689600885
1984,0.1277269572019577,0.12117868661880493,0.003593588713556528,0.0002954677620436996
1985,0.12772652506828308,0.12117862701416016,0.0035935554187744856,0.00029543432174250484
1986,0.12772610783576965,0.12117883563041687,0.0035932622849941254,0.00029540093964897096
1987,0.12772569060325623,0.12117888033390045,0.0035927423741668463,0.0002954064984805882
1988,0.1277252584695816,0.12117883563041687,0.0035926448181271553,0.0002953780931420624
1989,0.12772484123706818,0.1211790218949318,0.003592323511838913,0.00029534942586906254
1990,0.12772440910339355,0.12117893248796463,0.003591951448470354,0.00029535251087509096
1991,0.12772397696971893,0.12117903679609299,0.0035916557535529137,0.00029532890766859055
1992,0.1277235597372055,0.12117914110422134,0.003591385204344988,0.00029530248139053583
1993,0.12772312760353088,0.12117905169725418,0.0035910308361053467,0.00029530489700846374
1994,0.12772271037101746,0.12117919325828552,0.003590669482946396,0.00029528376762755215
1995,0.12772226333618164,0.12117917090654373,0.0035904941614717245,0.0002952598442789167
1996,0.1277218461036682,0.12117920070886612,0.003590033855289221,0.0002952608629129827
1997,0.12772142887115479,0.12117931246757507,0.0035897009074687958,0.00029524057754315436
1998,0.12772098183631897,0.12117926776409149,0.0035895342007279396,0.00029521840042434633
1999,0.12772054970264435,0.12117934972047806,0.0035890289582312107,0.00029521790565922856
2000,0.12772011756896973,0.12117934226989746,0.0035888073034584522,0.00029519718373194337
2001,0.1277197003364563,0.12117940187454224,0.0035885339602828026,0.00029517657821998
2002,0.12771925330162048,0.12117946147918701,0.003588056657463312,0.0002951726783066988
2003,0.12771882116794586,0.12117943167686462,0.0035878736525774,0.0002951510832644999
2004,0.12771838903427124,0.12117953598499298,0.003587530693039298,0.0002951323112938553
2005,0.12771794199943542,0.12117952853441238,0.003587171668186784,0.000295124453259632
2006,0.1277175098657608,0.12117958813905716,0.003586889710277319,0.00029510329477488995
2007,0.127717062830925,0.12117967754602432,0.0035865455865859985,0.0002950840280391276
2008,0.12771663069725037,0.12117964774370193,0.0035862408112734556,0.0002950742491520941
2009,0.12771618366241455,0.1211797446012497,0.0035859071649610996,0.00029505297425203025
2010,0.12771575152873993,0.12117978185415268,0.0035856233444064856,0.0002950342313852161
2011,0.1277153044939041,0.12117983400821686,0.003585243131965399,0.0002950223861262202
2012,0.1277148425579071,0.12117992341518402,0.003584915539249778,0.0002950010821223259
2013,0.12771441042423248,0.12117993086576462,0.0035846512764692307,0.0002949831250589341
2014,0.12771394848823547,0.12117999792098999,0.0035842517390847206,0.0002949703484773636
2015,0.12771351635456085,0.12118005752563477,0.003583966288715601,0.00029494910268113017
2016,0.12771305441856384,0.12118011713027954,0.0035836203023791313,0.00029493230977095664
2017,0.12771262228488922,0.12118018418550491,0.003583243116736412,0.0002949188929051161
2018,0.1277121752500534,0.12118019908666611,0.0035829879343509674,0.00029489846201613545
2019,0.1277117133140564,0.12118027359247208,0.0035826065577566624,0.00029488297877833247
2020,0.12771126627922058,0.12118029594421387,0.00358227314427495,0.0002948686887975782
2021,0.12771080434322357,0.12118036299943924,0.003581944853067398,0.00029484930564649403
2022,0.12771034240722656,0.12118039280176163,0.003581604454666376,0.0002948343171738088
2023,0.12770988047122955,0.12118040770292282,0.0035812798887491226,0.000294820056296885
2024,0.12770944833755493,0.12118048965930939,0.003580942749977112,0.00029480113880708814
2025,0.12770897150039673,0.12118050456047058,0.0035805997904390097,0.00029478679061867297
2026,0.12770850956439972,0.12118054926395416,0.0035802433267235756,0.0002947718894574791
2027,0.1277080476284027,0.12118057906627655,0.003579935757443309,0.00029475337942130864
2028,0.1277075856924057,0.12118059396743774,0.003579591866582632,0.0002947394677903503
2029,0.1277071088552475,0.12118064612150192,0.003579225391149521,0.0002947237517219037
2030,0.1277066469192505,0.12118068337440491,0.0035789101384580135,0.0002947054454125464
2031,0.12770617008209229,0.12118072807788849,0.0035785390064120293,0.0002946913300547749
2032,0.12770570814609528,0.12118074297904968,0.0035782121121883392,0.0002946753229480237
2033,0.12770524621009827,0.12118081003427505,0.0035778842866420746,0.00029465631814673543
2034,0.12770476937294006,0.12118084728717804,0.0035775001160800457,0.00029464252293109894
2035,0.12770430743694305,0.12118088454008102,0.003577161580324173,0.00029462514794431627
2036,0.12770383059978485,0.1211809292435646,0.0035768249072134495,0.00029460719088092446
2037,0.12770335376262665,0.121180959045887,0.00357647193595767,0.00029459179495461285
2038,0.12770287692546844,0.12118101865053177,0.0035761070903390646,0.00029457497294060886
2039,0.12770238518714905,0.12118105590343475,0.003575767856091261,0.0002945562591776252
2040,0.12770190834999084,0.12118110060691833,0.0035753981210291386,0.00029454095056280494
2041,0.12770143151283264,0.12118114531040192,0.003575049340724945,0.00029452337184920907
2042,0.12770093977451324,0.1211811751127243,0.003574714995920658,0.000294505269266665
2043,0.12770046293735504,0.12118122726678848,0.0035743331536650658,0.00029448966961354017
2044,0.12769995629787445,0.12118126451969147,0.003573981113731861,0.00029447145061567426
2045,0.12769947946071625,0.12118130922317505,0.003573624650016427,0.00029445410473272204
2046,0.12769898772239685,0.12118133902549744,0.003573268186300993,0.00029443763196468353
2047,0.12769849598407745,0.12118138372898102,0.0035729077644646168,0.00029441999504342675
2048,0.12769800424575806,0.1211814358830452,0.003572543151676655,0.0002944021252915263
2049,0.12769751250743866,0.12118148058652878,0.003572170389816165,0.00029438623460009694
2050,0.12769702076911926,0.12118152529001236,0.0035718127619475126,0.0002943675499409437
2051,0.12769651412963867,0.12118154764175415,0.0035714558325707912,0.0002943509316537529
2052,0.12769600749015808,0.12118159979581833,0.0035710730589926243,0.00029433402232825756
2053,0.1276955008506775,0.12118162214756012,0.003570717293769121,0.000294315570499748
2054,0.1276950091123581,0.1211816817522049,0.0035703328903764486,0.0002942994178738445
2055,0.1276945024728775,0.12118171155452728,0.003569973399862647,0.0002942814608104527
2056,0.1276939958333969,0.12118176370859146,0.0035695950500667095,0.00029426388209685683
2057,0.12769348919391632,0.12118180096149445,0.0035692155361175537,0.00029424691456370056
2058,0.12769296765327454,0.12118183076381683,0.0035688532516360283,0.0002942286664620042
2059,0.12769246101379395,0.12118188291788101,0.0035684669855982065,0.00029421132057905197
2060,0.12769193947315216,0.1211819127202034,0.003568092128261924,0.00029419391648843884
2061,0.12769143283367157,0.12118196487426758,0.003567708656191826,0.0002941752609331161
2062,0.12769091129302979,0.12118199467658997,0.003567334031686187,0.00029415811877697706
2063,0.1276903748512268,0.12118203192949295,0.0035669496282935143,0.00029413995798677206
2064,0.12768986821174622,0.12118207663297653,0.0035665733739733696,0.00029412159346975386
2065,0.12768934667110443,0.12118212133646011,0.0035661738365888596,0.00029410445131361485
2066,0.12768881022930145,0.1211821511387825,0.0035658013075590134,0.00029408547561615705
2067,0.12768828868865967,0.12118219584226608,0.0035654171369969845,0.00029406731482595205
2068,0.1276877522468567,0.12118224054574966,0.003565011080354452,0.00029404961969703436
2069,0.1276872158050537,0.12118227034807205,0.003564640413969755,0.0002940304111689329
2070,0.12768666446208954,0.12118231505155563,0.00356423226185143,0.00029401227948255837
2071,0.12768612802028656,0.12118233740329742,0.003563852980732918,0.00029399426421150565
2072,0.12768560647964478,0.1211824119091034,0.003563452512025833,0.00029397482285276055
2073,0.1276850551366806,0.12118243426084518,0.0035630580969154835,0.0002939565456472337
2074,0.12768451869487762,0.12118247896432877,0.0035626557655632496,0.00029393829754553735
2075,0.12768396735191345,0.12118250876665115,0.0035622732248157263,0.0002939182741101831
2076,0.12768341600894928,0.12118256092071533,0.0035618499387055635,0.0002939008118119091
2077,0.1276828646659851,0.12118259072303772,0.0035614604130387306,0.00029388110851868987
2078,0.12768231332302094,0.1211826354265213,0.0035610583145171404,0.0002938618417829275
2079,0.12768176198005676,0.12118266522884369,0.0035606520250439644,0.00029384405934251845
2080,0.1276811957359314,0.12118271738290787,0.0035602450370788574,0.00029382374486885965
2081,0.12768064439296722,0.12118274718523026,0.003559843171387911,0.00029380503110587597
2082,0.12768007814884186,0.12118279188871384,0.0035594175569713116,0.00029378628823906183
2083,0.1276795119047165,0.12118281424045563,0.0035590287297964096,0.00029376629390753806
2084,0.12767893075942993,0.1211828663945198,0.0035586003214120865,0.0002937472891062498
2085,0.12767836451530457,0.121182881295681,0.0035581933334469795,0.0002937280514743179
2086,0.127677783370018,0.12118292599916458,0.0035577788949012756,0.0002937080280389637
2087,0.12767720222473145,0.12118295580148697,0.0035573607310652733,0.0002936890523415059
2088,0.12767663598060608,0.12118300795555115,0.003556933719664812,0.0002936692035291344
2089,0.12767605483531952,0.12118303775787354,0.0035565251018851995,0.00029364944202825427
2090,0.12767547369003296,0.12118308246135712,0.0035560906399041414,0.00029362968052737415
2091,0.1276748776435852,0.12118309736251831,0.00355568528175354,0.00029360988992266357
2092,0.12767428159713745,0.12118314206600189,0.0035552377812564373,0.00029358977917581797
2093,0.1276736855506897,0.12118315696716309,0.0035548354499042034,0.000293569901259616
2094,0.12767308950424194,0.12118322402238846,0.0035543744452297688,0.00029354955768212676
2095,0.1276724934577942,0.12118320912122726,0.0035539879463613033,0.0002935294760391116
2096,0.12767188251018524,0.12118329852819443,0.003553494345396757,0.00029350927798077464
2097,0.1276712864637375,0.12118324637413025,0.003553148824721575,0.0002934887306764722
2098,0.12767067551612854,0.12118340283632278,0.0035525918938219547,0.0002934681251645088
2099,0.1276700645685196,0.12118326872587204,0.003552313894033432,0.0002934480144176632
2100,0.12766945362091064,0.12118352204561234,0.003551660105586052,0.0002934267686214298
2101,0.1276688277721405,0.12118323892354965,0.003551520174369216,0.0002934068033937365
2102,0.12766820192337036,0.12118370831012726,0.003550652414560318,0.00029338515014387667
2103,0.1276675909757614,0.1211831197142601,0.0035508102737367153,0.00029336565057747066
2104,0.12766695022583008,0.12118402868509293,0.003549499437212944,0.00029334251303225756
2105,0.12766632437705994,0.12118277698755264,0.0035502975806593895,0.0002933255454991013
2106,0.1276656985282898,0.12118466198444366,0.0035480516962707043,0.00029329833341762424
2107,0.12766505777835846,0.12118194997310638,0.003550229361280799,0.00029328797245398164
2108,0.1276644468307495,0.1211860254406929,0.0035458924248814583,0.00029325243667699397
2109,0.12766383588314056,0.12118002027273178,0.0035512533504515886,0.00029325694777071476
2110,0.1276632845401764,0.12118909507989883,0.003542117541655898,0.00029320779140107334
2111,0.12766288220882416,0.12117540836334229,0.003554918337613344,0.00029325499781407416
2112,0.127662792801857,0.12119638919830322,0.0035345391370356083,0.0002931860799435526
2113,0.1276634931564331,0.12116429954767227,0.0035653640516102314,0.0002933831710834056
2114,0.1276661455631256,0.12121429294347763,0.003518198849633336,0.0002933652722276747
2115,0.12767361104488373,0.12113698571920395,0.003594690002501011,0.00029419295606203377
2116,0.12769314646720886,0.12125998735427856,0.003483758307993412,0.0002949406916741282
2117,0.127743661403656,0.12106938660144806,0.0036838683299720287,0.00029904034454375505
2118,0.12787248194217682,0.12138235569000244,0.003430434502661228,0.0003059685695916414
2119,0.12820544838905334,0.12090762704610825,0.0040030693635344505,0.0003294752386864275
2120,0.1290307343006134,0.12172796577215195,0.0035111387260258198,0.00037916243309155107
2121,0.131040558218956,0.1205865666270256,0.005335093941539526,0.0005118895205669105
2122,0.13485275208950043,0.12262381613254547,0.004721939098089933,0.0007507001282647252
2123,0.1397293210029602,0.1202828511595726,0.009004737250506878,0.0010441738413646817
2124,0.13690972328186035,0.1229008138179779,0.005486922338604927,0.0008521982235834002
2125,0.12862415611743927,0.12119728326797485,0.0050012762658298016,0.00024255923926830292
2126,0.1310194432735443,0.12154161930084229,0.005690664518624544,0.0003787157475017011
2127,0.13090413808822632,0.12324818968772888,0.0040445271879434586,0.0003611415158957243
2128,0.12906403839588165,0.12254107743501663,0.0045861974358558655,0.00019367632921785116
2129,0.13061265647411346,0.12165486812591553,0.006073916330933571,0.00028838595608249307
2130,0.1290498822927475,0.1226629689335823,0.004637461155653,0.00017494498752057552
2131,0.1299598067998886,0.12414757162332535,0.003762657754123211,0.00020495790522545576
2132,0.12937673926353455,0.12371747940778732,0.0037757931277155876,0.00018834621005225927
2133,0.1292198896408081,0.12269921600818634,0.0047947862185537815,0.0001725875772535801
2134,0.12969087064266205,0.12291763722896576,0.005103033501654863,0.0001670192286837846
2135,0.12869852781295776,0.12383179366588593,0.003552443813532591,0.0001314304390689358
2136,0.12962035834789276,0.12427797168493271,0.003140924032777548,0.00022014640853740275
2137,0.1285826712846756,0.12361771613359451,0.003618914633989334,0.00013460298941936344
2138,0.12913140654563904,0.12277685105800629,0.004576129838824272,0.0001778425939846784
2139,0.12867720425128937,0.12263626605272293,0.004306836519390345,0.00017341076454613358
2140,0.12855972349643707,0.123154416680336,0.003541933838278055,0.0001863376674009487
2141,0.12868720293045044,0.12321358174085617,0.0031039875466376543,0.00023696335847489536
2142,0.12817001342773438,0.12242572009563446,0.003750756150111556,0.00019935377349611372
2143,0.12854860723018646,0.12148132175207138,0.004696149844676256,0.00023711344692856073
2144,0.12801289558410645,0.12121756374835968,0.004117237403988838,0.0002678099262993783
2145,0.12839218974113464,0.12172897905111313,0.003646799363195896,0.0003016413247678429
2146,0.1279759258031845,0.12158641964197159,0.0032681473530828953,0.00031213558395393193
2147,0.1282898187637329,0.12082478404045105,0.004405404441058636,0.0003059618757106364
2148,0.1279841661453247,0.12005836516618729,0.004148568958044052,0.00037772388895973563
2149,0.1282643973827362,0.12055929005146027,0.004200280643999577,0.0003504827036522329
2150,0.12809641659259796,0.12100756168365479,0.002881544642150402,0.0004207317251712084
2151,0.12851983308792114,0.12105290591716766,0.004367106128484011,0.0003099818422924727
2152,0.12904243171215057,0.11994235962629318,0.0028584254905581474,0.0006241651717573404
2153,0.13056685030460358,0.12070117890834808,0.006346418522298336,0.0003519250894896686
2154,0.13319548964500427,0.12074411660432816,0.0015087206847965717,0.0010942649096250534
2155,0.13572587072849274,0.12214650958776474,0.007388082332909107,0.0006191277061589062
2156,0.13475364446640015,0.12094296514987946,0.0012628324329853058,0.0012547853402793407
2157,0.12866468727588654,0.1219792291522026,0.004596513696014881,0.0002088949695462361
2158,0.1296955943107605,0.12265565991401672,0.0048964256420731544,0.00021435078815557063
2159,0.13103768229484558,0.12262403219938278,0.0013907570391893387,0.0007022892823442817
2160,0.12809514999389648,0.12304751574993134,0.002806137315928936,0.0002241499169031158
2161,0.13044914603233337,0.12316504120826721,0.005392889492213726,0.0001891206920845434
2162,0.12819871306419373,0.1229281947016716,0.002923864172771573,0.0002346646215301007
2163,0.12972161173820496,0.12302064150571823,0.0018736505880951881,0.0004827313241548836
2164,0.12818723917007446,0.12330834567546844,0.0035764682106673717,0.00013024202780798078
2165,0.1293378323316574,0.12319137156009674,0.004952834919095039,0.00011936332884943113
2166,0.12811213731765747,0.12287475913763046,0.0032040481455624104,0.00020333284919615835
2167,0.1290498822927475,0.12267784774303436,0.002401923993602395,0.00039701201603747904
2168,0.12800611555576324,0.1226181909441948,0.003743632696568966,0.00016442987543996423
2169,0.12881678342819214,0.12256497889757156,0.005045958794653416,0.00012058517313562334
2170,0.1279425323009491,0.12249685078859329,0.003687324235215783,0.0001758359430823475
2171,0.1285593956708908,0.12224019318819046,0.0026756958104670048,0.0003643509407993406
2172,0.12791205942630768,0.12193527072668076,0.003580100368708372,0.00023966886510606855
2173,0.1283232420682907,0.12187124788761139,0.0048500970005989075,0.00016018861788325012
2174,0.1278878003358841,0.12202861905097961,0.0038808947429060936,0.00019782914023380727
2175,0.1281212717294693,0.1219894215464592,0.0026816059835255146,0.0003450251242611557
2176,0.12790076434612274,0.12163399904966354,0.003146612551063299,0.0003120161418337375
2177,0.1279817521572113,0.1213664785027504,0.004333416000008583,0.0002281864290125668
2178,0.12790678441524506,0.12155339866876602,0.0038906442932784557,0.0002462746051605791
2179,0.12791065871715546,0.12175049632787704,0.00269785663112998,0.0003462300810497254
2180,0.12793000042438507,0.1214573085308075,0.0027752816677093506,0.0003697405045386404
2181,0.12784874439239502,0.12112773209810257,0.0038471193984150887,0.0002873888297472149
2182,0.12793263792991638,0.12115082144737244,0.003963619936257601,0.0002818191424012184
2183,0.12780915200710297,0.12133510410785675,0.002974929753690958,0.0003499123558867723
2184,0.12790809571743011,0.12136662006378174,0.002741042524576187,0.0003800434060394764
2185,0.1277620494365692,0.12112503498792648,0.0035666872281581163,0.00030703292577527463
2186,0.127872034907341,0.1209588348865509,0.004075121134519577,0.000283807166852057
2187,0.12773455679416656,0.12109161913394928,0.003434798214584589,0.0003208139387425035
2188,0.12783083319664001,0.12126164138317108,0.0029779004398733377,0.00035912866587750614
2189,0.12771788239479065,0.12126846611499786,0.0034230477176606655,0.0003026373451575637
2190,0.1278008073568344,0.12112953513860703,0.00402254331856966,0.0002648727095220238
2191,0.12771736085414886,0.12106155604124069,0.003794158808887005,0.0002861647226382047
2192,0.12777388095855713,0.12123700231313705,0.0032778591848909855,0.0003259021614212543
2193,0.1277247816324234,0.1214507520198822,0.0033295978792011738,0.0002944433654192835
2194,0.12775522470474243,0.1214216947555542,0.0037904768250882626,0.0002543040900491178
2195,0.1277311146259308,0.12126147001981735,0.0038646901957690716,0.0002604966575745493
2196,0.1277388632297516,0.1212620809674263,0.0034961504861712456,0.00029806274687871337
2197,0.12773582339286804,0.12147292494773865,0.003318874631077051,0.0002944021543953568
2198,0.12772497534751892,0.12160493433475494,0.003532630391418934,0.000258740212302655
2199,0.12773345410823822,0.12144382297992706,0.0037413304671645164,0.00025483002536930144
2200,0.12771420180797577,0.12124671041965485,0.003612295724451542,0.0002855203638318926
2201,0.12772786617279053,0.12132428586483002,0.0033976747654378414,0.00030059050186537206
2202,0.12770415842533112,0.12150397151708603,0.0034317770041525364,0.0002768411941360682
2203,0.12772007286548615,0.12144898623228073,0.0036109904758632183,0.0002660093305166811
2204,0.12769800424575806,0.12120632827281952,0.0036319917999207973,0.0002859677479136735
2205,0.12771187722682953,0.12110012769699097,0.00351649709045887,0.0003095247666351497
2206,0.12769442796707153,0.12123949825763702,0.003478123340755701,0.00029768116655759513
2207,0.12770546972751617,0.12132685631513596,0.0035577877424657345,0.00028208279400132596
2208,0.12769341468811035,0.12115930765867233,0.0036093266680836678,0.0002924770815297961
2209,0.12769930064678192,0.12098986655473709,0.003571852808818221,0.00031375879188999534
2210,0.12769296765327454,0.1210496723651886,0.0035457382909953594,0.00030975541449151933
2211,0.12769408524036407,0.1211974248290062,0.0035670045763254166,0.00029296541470102966
2212,0.12769155204296112,0.12119579315185547,0.0035631819628179073,0.00029325822833925486
2213,0.127688467502594,0.12105955928564072,0.0035430551506578922,0.0003085850039497018
2214,0.12768901884555817,0.12103703618049622,0.003556374926120043,0.0003095609718002379
2215,0.127683624625206,0.12118583917617798,0.0035693738609552383,0.0002928406756836921
2216,0.12768542766571045,0.12127823382616043,0.0035337156150490046,0.00028734857914969325
2217,0.1276794672012329,0.12122124433517456,0.0034888593945652246,0.00029693625401705503
2218,0.12768185138702393,0.12116008251905441,0.0035138940438628197,0.00030078680720180273
2219,0.12767641246318817,0.12122073769569397,0.003566519357264042,0.0002889154420699924
2220,0.1276782751083374,0.12133672088384628,0.0035368120297789574,0.00028047466184943914
2221,0.1276739239692688,0.12134421616792679,0.003467752831056714,0.00028619501972571015
2222,0.1276751458644867,0.12126492708921432,0.003481647465378046,0.0002928574976976961
2223,0.1276717483997345,0.12125422805547714,0.0035564773716032505,0.00028610462322831154
2224,0.12767203152179718,0.12132272869348526,0.003567382227629423,0.000278191379038617
2225,0.12766945362091064,0.12136166542768478,0.003493110416457057,0.00028146852855570614
2226,0.12766911089420319,0.12131272256374359,0.0034682415425777435,0.00028881500475108624
2227,0.12766702473163605,0.1212494745850563,0.00354548217728734,0.00028720582486130297
2228,0.12766608595848083,0.12126855552196503,0.0035894792526960373,0.0002808042336255312
2229,0.12766435742378235,0.12131604552268982,0.0035262340679764748,0.0002822081733029336
2230,0.12766316533088684,0.12129846215248108,0.003471077186986804,0.0002893631753977388
2231,0.12766164541244507,0.12124098092317581,0.0035171692725270987,0.00029035008628852665
2232,0.12766022980213165,0.12121982872486115,0.0035829294938594103,0.0002857469953596592
2233,0.1276589334011078,0.12125537544488907,0.0035463268868625164,0.0002857231884263456
2234,0.1276574432849884,0.121275395154953,0.0034703388810157776,0.00029117113444954157
2235,0.12765629589557648,0.12123473733663559,0.0034874090924859047,0.0002934143412858248
2236,0.12765470147132874,0.12120068073272705,0.003555476199835539,0.0002898540406022221
2237,0.12765365839004517,0.12121743708848953,0.003549668937921524,0.000288655050098896
2238,0.12765201926231384,0.12124647945165634,0.0034806481562554836,0.0002924888103734702
2239,0.12765100598335266,0.12123706936836243,0.00346861663274467,0.0002945322485174984
2240,0.12764929234981537,0.12119890004396439,0.0035323237534612417,0.00029180696583352983
2241,0.127648264169693,0.12119633704423904,0.003553206566721201,0.00028987202676944435
2242,0.1276465356349945,0.12122675031423569,0.0034990650601685047,0.0002920719562098384
2243,0.12764547765254974,0.12123245000839233,0.003474269062280655,0.00029387592803686857
2244,0.12764376401901245,0.12120799720287323,0.003520405851304531,0.0002915355726145208
2245,0.1276426464319229,0.12119263410568237,0.0035564154386520386,0.0002893598866648972
2246,0.1276409775018692,0.12121245265007019,0.003522148821502924,0.0002906367590185255
2247,0.12763981521129608,0.1212322786450386,0.0034868884831666946,0.0002920649712905288
2248,0.12763819098472595,0.12121724337339401,0.003516768803820014,0.0002904176071751863
2249,0.12763695418834686,0.12120049446821213,0.003553049173206091,0.00028834101976826787
2250,0.12763537466526031,0.12121019512414932,0.0035335514694452286,0.00028916291194036603
2251,0.12763406336307526,0.1212296187877655,0.00349833513610065,0.0002906103618443012
2252,0.1276325136423111,0.12122820317745209,0.0035093617625534534,0.00028949478291906416
2253,0.12763112783432007,0.12120985984802246,0.003542493097484112,0.0002878773957490921
2254,0.1276295781135559,0.12121117115020752,0.0035331049002707005,0.0002885303401853889
2255,0.1276281476020813,0.12122675031423569,0.003501308849081397,0.00029000802896916866
2256,0.12762658298015594,0.12122760713100433,0.0035037491470575333,0.0002895233337767422
2257,0.12762510776519775,0.12121394276618958,0.0035286718048155308,0.00028824948822148144
2258,0.1276235431432724,0.12120623141527176,0.0035283418837934732,0.0002888966118916869
2259,0.12762199342250824,0.12121511995792389,0.003503328189253807,0.00029035424813628197
2260,0.1276204138994217,0.12121777981519699,0.0035006748512387276,0.00029019551584497094
2261,0.12761881947517395,0.1212053969502449,0.003521301783621311,0.00028921221382915974
2262,0.12761721014976501,0.12119746953248978,0.0035234251990914345,0.0002896312507800758
2263,0.12761560082435608,0.12119997292757034,0.00350631820037961,0.0002909304457716644
2264,0.12761393189430237,0.12120355665683746,0.0035018830094486475,0.0002908496535383165
2265,0.12761229276657104,0.1211964413523674,0.00351678766310215,0.0002899060782510787
2266,0.12761059403419495,0.1211889460682869,0.003520684316754341,0.00029009729041717947
2267,0.12760889530181885,0.12119150161743164,0.003506861859932542,0.0002910536131821573
2268,0.12760716676712036,0.12119406461715698,0.003503392916172743,0.00029097110382281244
2269,0.1276054084300995,0.12119210511445999,0.0035131988115608692,0.0002900102408602834
2270,0.12760363519191742,0.12118794769048691,0.0035160006955266,0.0002899688552133739
2271,0.12760183215141296,0.12118946760892868,0.0035056606866419315,0.0002906697627622634
2272,0.12760001420974731,0.12119269371032715,0.003501956118270755,0.00029053562320768833
2273,0.12759815156459808,0.12119142711162567,0.0035099314991384745,0.0002896794758271426
2274,0.12759627401828766,0.12119048088788986,0.00351062067784369,0.00028951745480298996
2275,0.12759436666965485,0.12119027972221375,0.0035031400620937347,0.00029009373974986374
2276,0.12759241461753845,0.12119133770465851,0.003500786144286394,0.0002900292456615716
2277,0.12759044766426086,0.12118986248970032,0.0035071070306003094,0.0002893473720178008
2278,0.1275884360074997,0.12118849903345108,0.0035075517371296883,0.0002892381453420967
2279,0.12758640944957733,0.12118786573410034,0.0035010534338653088,0.0002897491795010865
2280,0.1275843381881714,0.12118533253669739,0.003500910010188818,0.0002898093080148101
2281,0.12758222222328186,0.12118343263864517,0.003505690023303032,0.00028931046836078167
2282,0.12758009135723114,0.12118161469697952,0.003505681175738573,0.0002892791817430407
2283,0.12757790088653564,0.12118061631917953,0.003499845741316676,0.00028974353335797787
2284,0.12757568061351776,0.12117650359869003,0.0035005456302314997,0.00028986320830881596
2285,0.1275734156370163,0.12117370218038559,0.00350455055013299,0.00028951663989573717
2286,0.12757112085819244,0.12117286771535873,0.0035031288862228394,0.00028951195417903364
2287,0.127568781375885,0.12117163836956024,0.003498094156384468,0.0002899043611250818
2288,0.1275663822889328,0.12116760015487671,0.0034987712278962135,0.00029000063659623265
2289,0.127563938498497,0.12116428464651108,0.003502295818179846,0.00028973660664632916
2290,0.12756146490573883,0.12116476893424988,0.003499593585729599,0.00028970965649932623
2291,0.12755891680717468,0.12116357684135437,0.003495400305837393,0.00028999350615777075
2292,0.12755633890628815,0.12115991115570068,0.0034961742348968983,0.0002900247636716813
2293,0.12755368649959564,0.1211562380194664,0.003499407786875963,0.00028980302158743143
2294,0.12755098938941956,0.12115759402513504,0.0034959204494953156,0.00028974757879041135
2295,0.1275482326745987,0.12115595489740372,0.0034929325338453054,0.0002899348037317395
2296,0.12754541635513306,0.12115278095006943,0.0034936275333166122,0.0002899012470152229
2297,0.12754257023334503,0.12114817649126053,0.0034970776177942753,0.00028973096050322056
2298,0.12753963470458984,0.12115088105201721,0.0034922645427286625,0.0002896488003898412
2299,0.12753663957118988,0.12114708870649338,0.003491645213216543,0.0002897907397709787
2300,0.12753358483314514,0.12114662677049637,0.0034901443868875504,0.0002896810765378177
2301,0.12753045558929443,0.12113770842552185,0.0034964396618306637,0.0002896316291298717
2302,0.12752731144428253,0.12114697694778442,0.003485738765448332,0.0002894593053497374
2303,0.12752413749694824,0.12113218754529953,0.0034946175292134285,0.0002897334052249789
2304,0.12752103805541992,0.12114845961332321,0.0034788832999765873,0.00028936934540979564
2305,0.12751829624176025,0.12111218273639679,0.0035075489431619644,0.00028985633980482817
2306,0.12751664221286774,0.12116676568984985,0.0034587690606713295,0.00028911064146086574
2307,0.12751834094524384,0.12107433378696442,0.0035350690595805645,0.0002908930473495275
2308,0.12753023207187653,0.12122417241334915,0.003411330282688141,0.00028947312966920435
2309,0.1275743544101715,0.1209564134478569,0.0036517134867608547,0.0002966222236864269
2310,0.12772180140018463,0.12143408507108688,0.003295513801276684,0.0002992202353198081
2311,0.12821641564369202,0.12060408294200897,0.004171681124716997,0.00034406455233693123
2312,0.12983742356300354,0.12221140414476395,0.0033583752810955048,0.0004267641925252974
2313,0.13505619764328003,0.11964056640863419,0.0074308207258582115,0.0007984820986166596
2314,0.14702485501766205,0.12483281642198563,0.006947016343474388,0.0015245013637468219
2315,0.15819820761680603,0.11842413991689682,0.017909375950694084,0.002186469966545701
2316,0.13408346474170685,0.12271904945373535,0.0050700511783361435,0.0006294373306445777
2317,0.13588793575763702,0.12466640770435333,0.0041555059142410755,0.0007066025864332914
2318,0.13331636786460876,0.12098129838705063,0.008427503518760204,0.0003907553618773818
2319,0.13587424159049988,0.1204301044344902,0.010451662354171276,0.0004992476315237582
2320,0.12968498468399048,0.12324520945549011,0.004811467137187719,0.00016283021250274032
2321,0.1348305642604828,0.12671296298503876,0.0035120761021971703,0.00046055277925916016
2322,0.13253583014011383,0.1265985518693924,0.0034630699083209038,0.0002474206266924739
2323,0.13024544715881348,0.12434599548578262,0.005006713792681694,8.927381713874638e-05
2324,0.13328154385089874,0.12302150577306747,0.007334171328693628,0.00029258750146254897
2325,0.13236360251903534,0.12345952540636063,0.0068185157142579556,0.00020855625916738063
2326,0.13044361770153046,0.12556256353855133,0.004334788769483566,5.4625885240966454e-05
2327,0.13182002305984497,0.1279459446668625,0.002533932216465473,0.00013401481555774808
2328,0.1324014663696289,0.1284485161304474,0.0019257080275565386,0.00020272507390473038
2329,0.13094370067119598,0.12692072987556458,0.002550421515479684,0.00014725506480317563
2330,0.1305786669254303,0.12511219084262848,0.004590476397424936,8.759961929172277e-05
2331,0.13154692947864532,0.1241973266005516,0.006328593473881483,0.00010210074833594263
2332,0.13137023150920868,0.12413915246725082,0.006011460442095995,0.00012196094758110121
2333,0.13052330911159515,0.12467285990715027,0.004527113866060972,0.00013233449135441333
2334,0.13035759329795837,0.12564942240715027,0.003511432558298111,0.00011967472528340295
2335,0.1308145374059677,0.1265110969543457,0.003284143516793847,0.00010193033085670322
2336,0.13080525398254395,0.12646271288394928,0.003314540721476078,0.00010280012793373317
2337,0.13022352755069733,0.12547653913497925,0.0035388190299272537,0.00012081768363714218
2338,0.12996844947338104,0.12433893978595734,0.004376768600195646,0.00012527394574135542
2339,0.1301167607307434,0.12364407628774643,0.005551091395318508,9.215973113896325e-05
2340,0.13018639385700226,0.1234007179737091,0.00593313854187727,8.525417069904506e-05
2341,0.12981684505939484,0.12349541485309601,0.005169108510017395,0.00011523272405611351
2342,0.1295178085565567,0.12397455424070358,0.004222632385790348,0.00013206127914600074
2343,0.12953002750873566,0.12468720972537994,0.0036495430395007133,0.00011932635243283585
2344,0.12960733473300934,0.1250053197145462,0.0032455935142934322,0.00013564221444539726
2345,0.12935104966163635,0.12444532662630081,0.0032410570420324802,0.00016646685253363103
2346,0.1290138214826584,0.12335944175720215,0.004125239793211222,0.00015291484305635095
2347,0.12896166741847992,0.12244304269552231,0.0052849468775093555,0.00012336795043665916
2348,0.12893061339855194,0.12190927565097809,0.005503990687429905,0.00015173399879131466
2349,0.12865892052650452,0.12173052132129669,0.005028318613767624,0.000190008053323254
2350,0.1284276247024536,0.12209896743297577,0.004419737029820681,0.0001908910635393113
2351,0.12845005095005035,0.12272170931100845,0.003535201773047447,0.00021931332594249398
2352,0.12833304703235626,0.12262477725744247,0.0031574552413076162,0.00025508072576485574
2353,0.12809120118618011,0.1216837614774704,0.0039360481314361095,0.0002471391635481268
2354,0.12814727425575256,0.12091078609228134,0.00462756771594286,0.00026089209131896496
2355,0.12813617289066315,0.12085381895303726,0.004232012666761875,0.0003050348605029285
2356,0.12802085280418396,0.12129990011453629,0.0035156989470124245,0.00032052505412139
2357,0.12813934683799744,0.12185834348201752,0.0028129154816269875,0.0003468087234068662
2358,0.12813039124011993,0.12178593128919601,0.002641174243763089,0.00037032869295217097
2359,0.12806107103824615,0.12079493701457977,0.003558643162250519,0.00037074857391417027
2360,0.12814797461032867,0.12000447511672974,0.004227328114211559,0.0003916172427125275
2361,0.12807722389698029,0.12025473266839981,0.0037793328519910574,0.0004043166118208319
2362,0.12804816663265228,0.12088409811258316,0.0032916441559791565,0.00038724279147572815
2363,0.12806573510169983,0.12099362164735794,0.0031129433773458004,0.0003959167515859008
2364,0.12797985970973969,0.12051177024841309,0.0035464754328131676,0.0003921609022654593
2365,0.12799732387065887,0.11996369063854218,0.004373777192085981,0.00036598631413653493
2366,0.1279769241809845,0.11996608972549438,0.004366153851151466,0.00036446875310502946
2367,0.1279246211051941,0.12054584175348282,0.003793258685618639,0.00035855136229656637
2368,0.12794379889965057,0.12105657160282135,0.003537589916959405,0.00033496349351480603
2369,0.1278999298810959,0.12100827693939209,0.003636850044131279,0.00032547974842600524
2370,0.1278792768716812,0.12066983431577682,0.0040205093100667,0.0003188933478668332
2371,0.12788833677768707,0.12065054476261139,0.0042604184709489346,0.00029773663845844567
2372,0.12785018980503082,0.12109895795583725,0.003874331247061491,0.0002876903454307467
2373,0.12785430252552032,0.12160488963127136,0.0033759507350623608,0.0002873469493351877
2374,0.12785133719444275,0.12175513058900833,0.0033463872969150543,0.000274982099654153
2375,0.12782897055149078,0.12154494971036911,0.00361478328704834,0.0002669231907930225
2376,0.12783949077129364,0.1213134378194809,0.0037947301752865314,0.00027313249302096665
2377,0.12782296538352966,0.12139599770307541,0.0037249692250043154,0.0002701993507798761
2378,0.1278109848499298,0.12172045558691025,0.0034633935429155827,0.00026271407841704786
2379,0.12781210243701935,0.12183186411857605,0.003305607009679079,0.0002674627467058599
2380,0.12779167294502258,0.12153271585702896,0.0035207108594477177,0.0002738259208854288
2381,0.1277914047241211,0.1211898997426033,0.003865993581712246,0.00027355176280252635
2382,0.12778474390506744,0.12115738540887833,0.0038598673418164253,0.0002767495170701295
2383,0.12777411937713623,0.12132559716701508,0.0036023410502821207,0.0002846185234375298
2384,0.12777766585350037,0.12139011174440384,0.0035131596960127354,0.00028743999428115785
2385,0.1277664303779602,0.12123088538646698,0.0036491653881967068,0.00028863735496997833
2386,0.1277664601802826,0.12099006026983261,0.003818898694589734,0.0002957503602374345
2387,0.12776203453540802,0.12094145268201828,0.0038231476210057735,0.0002997440751641989
2388,0.127754345536232,0.1211523786187172,0.003610125742852688,0.00029918376822024584
2389,0.1277547925710678,0.12130255997180939,0.0034366485197097063,0.0003015587863046676
2390,0.12774591147899628,0.12116026878356934,0.0035406958777457476,0.00030449521727859974
2391,0.12774574756622314,0.1209864541888237,0.0037071399856358767,0.0003052146639674902
2392,0.12774071097373962,0.12106402963399887,0.003622912336140871,0.00030537700513377786
2393,0.1277364045381546,0.12125074118375778,0.0034294184297323227,0.0003056236600968987
2394,0.12773485481739044,0.12128929793834686,0.0033962700981646776,0.0003049278457183391
2395,0.12772835791110992,0.12117177248001099,0.003510416019707918,0.00030461634742096066
2396,0.1277274638414383,0.12106122821569443,0.0036093234084546566,0.00030569115187972784
2397,0.12772205471992493,0.1210947185754776,0.003578208852559328,0.0003049124497920275
2398,0.12771965563297272,0.1212230697274208,0.003469989635050297,0.0003026593185495585
2399,0.1277170330286026,0.12123140692710876,0.0034698746167123318,0.0003015746478922665
2400,0.12771351635456085,0.12108414620161057,0.0036114726681262255,0.0003017890267074108
2401,0.12771259248256683,0.1210174486041069,0.0036840057000517845,0.0003011143417097628
2402,0.1277088224887848,0.1211247444152832,0.003594242502003908,0.0002989829226862639
2403,0.12770752608776093,0.12121846526861191,0.003515933407470584,0.00029731306130997837
2404,0.12770433723926544,0.12118323147296906,0.0035569057799875736,0.0002964191953651607
2405,0.12770198285579681,0.12111871689558029,0.0036263340152800083,0.00029569395701400936
2406,0.12769965827465057,0.12113401293754578,0.0036191358231008053,0.0002946511667687446
2407,0.12769660353660583,0.1212250217795372,0.003539787605404854,0.0002931793569587171
2408,0.12769478559494019,0.12129365652799606,0.0034821927547454834,0.000291892938548699
2409,0.12769173085689545,0.12125708907842636,0.003518743673339486,0.00029158947290852666
2410,0.1276898980140686,0.12118951976299286,0.003580417949706316,0.0002919957914855331
2411,0.12768718600273132,0.12121880054473877,0.0035516845528036356,0.00029166939202696085
2412,0.12768498063087463,0.12129513174295425,0.0034797661937773228,0.0002910088805947453
2413,0.12768271565437317,0.1212829053401947,0.003486295696347952,0.00029135175282135606
2414,0.12768028676509857,0.12120436877012253,0.003551580011844635,0.00029243415337987244
2415,0.12767846882343292,0.12117379158735275,0.0035740507300943136,0.0002930632035713643
2416,0.1276760995388031,0.12120441347360611,0.00354019389487803,0.0002931484195869416
2417,0.12767444550991058,0.12122577428817749,0.003513675183057785,0.0002934994117822498
2418,0.12767228484153748,0.12119506299495697,0.0035358231980353594,0.00029414042364805937
2419,0.12767058610916138,0.12114366888999939,0.003579382784664631,0.0002947538159787655
2420,0.12766864895820618,0.12114150077104568,0.003576876362785697,0.00029502768302336335
2421,0.12766675651073456,0.12118972092866898,0.003527849679812789,0.00029491924215108156
2422,0.1276649683713913,0.12120489776134491,0.0035120979882776737,0.00029479703516699374
2423,0.1276630014181137,0.12116587907075882,0.003546691732481122,0.00029504246776923537
2424,0.1276613026857376,0.12115143239498138,0.0035575302317738533,0.000295233418000862
2425,0.12765935063362122,0.12118963152170181,0.00352175859734416,0.0002947959874290973
2426,0.1276576668024063,0.12121801823377609,0.0034967921674251556,0.00029428652487695217
2427,0.12765581905841827,0.12120286375284195,0.003510129638016224,0.0002942822175100446
2428,0.12765412032604218,0.12117882072925568,0.003531611990183592,0.000294368015602231
2429,0.1276523619890213,0.12118259072303772,0.00352919171564281,0.00029405771056190133
2430,0.127650648355484,0.12120676040649414,0.003507230430841446,0.00029366539092734456
2431,0.1276489943265915,0.12121092528104782,0.003502609208226204,0.0002935456286650151
2432,0.1276473104953766,0.1211826428771019,0.0035287230275571346,0.00029359458130784333
2433,0.12764574587345123,0.1211661547422409,0.0035440477076917887,0.00029355447622947395
2434,0.12764409184455872,0.12118593603372574,0.0035250806249678135,0.0002933080540969968
2435,0.12764255702495575,0.12120099365711212,0.003511167597025633,0.00029303960036486387
2436,0.12764094769954681,0.12118491530418396,0.003526244778186083,0.0002929791226051748
2437,0.12763941287994385,0.12117020040750504,0.00353891309350729,0.0002930305781774223
2438,0.1276378631591797,0.12118133902549744,0.0035277120769023895,0.00029288051882758737
2439,0.12763631343841553,0.12119901180267334,0.00351142231374979,0.0002925875596702099
2440,0.12763477861881256,0.12119972705841064,0.0035099578090012074,0.0002925085136666894
2441,0.1276332437992096,0.12118712067604065,0.003519528079777956,0.00029265900957398117
2442,0.12763173878192902,0.12118427455425262,0.0035207869950681925,0.0002926684683188796
2443,0.12763021886348724,0.12119864672422409,0.003506676759570837,0.00029248965438455343
2444,0.12762874364852905,0.121205635368824,0.003498324193060398,0.0002924787113443017
2445,0.12762722373008728,0.12119141221046448,0.0035091526806354523,0.0002926663728430867
2446,0.12762577831745148,0.12118061631917953,0.003517587436363101,0.0002927568566519767
2447,0.1276242882013321,0.12118840962648392,0.0035086411517113447,0.0002927240275312215
2448,0.1276228427886963,0.12119413167238235,0.00350126251578331,0.0002927450113929808
2449,0.1276213675737381,0.1211845800280571,0.003508534049615264,0.0002928254543803632
2450,0.12761995196342468,0.12117450684309006,0.0035163371358066797,0.00029291061218827963
2451,0.12761850655078888,0.1211765706539154,0.003512687748298049,0.0002929244365077466
2452,0.12761706113815308,0.12118425965309143,0.00350478058680892,0.00029280170565471053
2453,0.12761563062667847,0.12118445336818695,0.0035041961818933487,0.00029269818332977593
2454,0.12761421501636505,0.12117720395326614,0.0035097377840429544,0.0002927276655100286
2455,0.12761279940605164,0.12117711454629898,0.0035091168247163296,0.0002926568849943578
2456,0.12761136889457703,0.12118704617023468,0.003500165417790413,0.00029241660377010703
2457,0.1276099681854248,0.12119081616401672,0.0034962305799126625,0.00029229169012978673
2458,0.1276085525751114,0.12118448317050934,0.003501150757074356,0.00029229256324470043
2459,0.12760715186595917,0.12118290364742279,0.0035024131648242474,0.00029218356939963996
2460,0.12760575115680695,0.12118938565254211,0.0034961628261953592,0.00029202073346823454
2461,0.12760433554649353,0.12119199335575104,0.003492908086627722,0.00029194404487498105
2462,0.1276029497385025,0.12118737399578094,0.0034966119565069675,0.00029189622728154063
2463,0.12760154902935028,0.12118367105722427,0.0034994035959243774,0.0002918481477536261
2464,0.12760017812252045,0.12118586897850037,0.0034963302314281464,0.00029179707053117454
2465,0.12759877741336823,0.12118906527757645,0.0034926384687423706,0.00029170684865675867
2466,0.127597376704216,0.12118644267320633,0.0034942682832479477,0.00029166683088988066
2467,0.12759599089622498,0.12118174135684967,0.003497195430099964,0.0002917054807767272
2468,0.12759459018707275,0.1211833730340004,0.003494570031762123,0.00029166467720642686
2469,0.12759320437908173,0.12118766456842422,0.003489895723760128,0.0002915639488492161
2470,0.1275918185710907,0.1211862862110138,0.003489886410534382,0.0002915638033300638
2471,0.12759041786193848,0.12118293344974518,0.0034915476571768522,0.0002915935474447906
2472,0.12758903205394745,0.12118439376354218,0.003489250782877207,0.0002915386576205492
2473,0.12758763134479523,0.12118743360042572,0.0034853098914027214,0.0002914888318628073
2474,0.127586230635643,0.12118672579526901,0.003484511747956276,0.0002914994256570935
2475,0.12758482992649078,0.12118381261825562,0.0034859287552535534,0.0002915096119977534
2476,0.12758344411849976,0.12118316441774368,0.0034852861426770687,0.00029149994952604175
2477,0.12758204340934753,0.12118494510650635,0.003482320113107562,0.00029147820896469057
2478,0.1275806427001953,0.12118469923734665,0.0034813734237104654,0.0002914567885454744
2479,0.1275792419910431,0.12118146568536758,0.003483137581497431,0.0002914631913881749
2480,0.12757784128189087,0.12118036299943924,0.0034829075448215008,0.000291456381091848
2481,0.12757642567157745,0.12118232250213623,0.0034800998400896788,0.000291400239802897
2482,0.12757501006126404,0.12118228524923325,0.0034791664220392704,0.00029135553631931543
2483,0.12757359445095062,0.1211799830198288,0.0034801585134118795,0.00029134523356333375
2484,0.127572163939476,0.12117977440357208,0.003479341045022011,0.00029130553593859076
2485,0.1275707483291626,0.12118156254291534,0.003476891666650772,0.00029123033164069057
2486,0.12756933271884918,0.12118200957775116,0.003475585952401161,0.0002911733172368258
2487,0.12756790220737457,0.12118088454008102,0.0034756441600620747,0.0002911376650445163
2488,0.12756647169589996,0.12118054926395416,0.003475046716630459,0.000291087111691013
2489,0.12756502628326416,0.12118179351091385,0.003473043441772461,0.0002910190087277442
2490,0.12756358087062836,0.12118231505155563,0.0034715894144028425,0.00029096679645590484
2491,0.12756213545799255,0.12118085473775864,0.0034718757960945368,0.0002909401955548674
2492,0.12756067514419556,0.12117995321750641,0.0034716459922492504,0.0002909081522375345
2493,0.12755922973155975,0.12118081748485565,0.0034698054660111666,0.0002908606838900596
2494,0.12755775451660156,0.1211807131767273,0.0034687649458646774,0.0002908279711846262
2495,0.12755627930164337,0.12117911875247955,0.003469041083008051,0.0002908122551161796
2496,0.127554789185524,0.1211785078048706,0.003468394046649337,0.0002907893212977797
2497,0.1275533139705658,0.1211790069937706,0.0034667300060391426,0.00029075751081109047
2498,0.1275518387556076,0.12117879837751389,0.0034657088108360767,0.00029073256882838905
2499,0.12755033373832703,0.12117774784564972,0.0034653805196285248,0.0002907206944655627
2500,0.12754882872104645,0.12117717415094376,0.0034645511768758297,0.00029070983873680234
2501,0.12754730880260468,0.12117749452590942,0.0034629828296601772,0.000290683499770239
2502,0.1275457888841629,0.12117739021778107,0.00346177420578897,0.0002906624577008188
2503,0.12754426896572113,0.12117628753185272,0.003461383981630206,0.0002906594309024513
2504,0.12754273414611816,0.12117566168308258,0.003460600273683667,0.0002906477602664381
2505,0.127541184425354,0.1211758702993393,0.0034590959548950195,0.00029062232351861894
2506,0.12753964960575104,0.12117534130811691,0.003458194201812148,0.00029061103123240173
2507,0.12753808498382568,0.12117411196231842,0.0034579019993543625,0.00029060745146125555
2508,0.12753652036190033,0.12117356806993484,0.0034570451825857162,0.0002905908622778952
2509,0.12753494083881378,0.1211734190583229,0.0034558000043034554,0.0002905712462961674
2510,0.12753334641456604,0.12117274850606918,0.0034550288692116737,0.0002905569563154131
2511,0.1275317519903183,0.12117180973291397,0.003454525489360094,0.00029054179321974516
2512,0.12753015756607056,0.12117134034633636,0.0034535995218902826,0.00029052188619971275
2513,0.12752851843833923,0.12117121368646622,0.0034523482900112867,0.00029049624572508037
2514,0.1275268942117691,0.12117069214582443,0.0034514768049120903,0.0002904732245951891
2515,0.12752525508403778,0.1211698055267334,0.0034508868120610714,0.0002904568682424724
2516,0.12752361595630646,0.12116944044828415,0.003449836280196905,0.0002904343418776989
2517,0.12752196192741394,0.12116927653551102,0.0034486055374145508,0.0002904074499383569
2518,0.12752029299736023,0.12116849422454834,0.0034478905145078897,0.00029039024957455695
2519,0.12751859426498413,0.1211676225066185,0.003447216935455799,0.00029037572676315904
2520,0.12751689553260803,0.12116721272468567,0.003446136135607958,0.00029035500483587384
2521,0.12751519680023193,0.12116667628288269,0.003445148468017578,0.0002903372223954648
2522,0.12751348316669464,0.12116573005914688,0.0034444760531187057,0.0002903272688854486
2523,0.12751175463199615,0.12116488069295883,0.0034437007270753384,0.0002903171116486192
2524,0.12750999629497528,0.12116425484418869,0.003442698158323765,0.00029030453879386187
2525,0.1275082230567932,0.12116352468729019,0.003441745415329933,0.00029029499273747206
2526,0.12750644981861115,0.12116255611181259,0.0034409970976412296,0.00029029001598246396
2527,0.12750466167926788,0.12116166204214096,0.0034401605371385813,0.00029028410790488124
2528,0.12750284373760223,0.12116102129220963,0.003439063671976328,0.00029027610435150564
2529,0.12750104069709778,0.12116019427776337,0.0034381248988211155,0.00029027200071141124
2530,0.12749917805194855,0.12115909159183502,0.003437379840761423,0.0002902713604271412
2531,0.1274973452091217,0.12115822732448578,0.003436420811340213,0.0002902694104705006
2532,0.12749546766281128,0.12115743011236191,0.0034353709779679775,0.00029026641277596354
2533,0.12749357521533966,0.12115633487701416,0.0034345602616667747,0.00029026815900579095
2534,0.12749166786670685,0.12115520238876343,0.0034337625838816166,0.00029027045820839703
2535,0.12748976051807404,0.12115425616502762,0.0034327972680330276,0.00029027083655819297
2536,0.12748782336711884,0.12115322798490524,0.003431868739426136,0.00029027211712673306
2537,0.12748584151268005,0.12115202844142914,0.0034310626797378063,0.00029027601704001427
2538,0.12748387455940247,0.12115083634853363,0.0034302379935979843,0.00029027913114987314
2539,0.1274818778038025,0.12114979326725006,0.003429268952459097,0.0002902816340792924
2540,0.12747985124588013,0.12114866822957993,0.003428342752158642,0.00029028436983935535
2541,0.12747780978679657,0.12114734947681427,0.0034275632351636887,0.00029028955032117665
2542,0.12747575342655182,0.12114616483449936,0.003426644019782543,0.0002902940905187279
2543,0.1274736523628235,0.12114503979682922,0.0034256456419825554,0.0002902971173170954
2544,0.12747156620025635,0.12114371359348297,0.0034248149022459984,0.0002903030253946781
2545,0.12746943533420563,0.12114235013723373,0.0034239680971950293,0.0002903112326748669
2546,0.12746727466583252,0.12114109098911285,0.003423011861741543,0.000290317548206076
2547,0.12746508419513702,0.12113971263170242,0.0034221173264086246,0.0002903254353441298
2548,0.12746289372444153,0.12113823741674423,0.0034212893806397915,0.0002903370186686516
2549,0.12746065855026245,0.12113676220178604,0.0034204181283712387,0.0002903481072280556
2550,0.12745840847492218,0.12113531678915024,0.0034195012412965298,0.0002903585263993591
2551,0.12745611369609833,0.12113376706838608,0.0034186244010925293,0.000290372729068622
2552,0.1274537891149521,0.12113212794065475,0.003417790401726961,0.0002903877175413072
2553,0.12745146453380585,0.1211305558681488,0.0034168874844908714,0.0002904020657297224
2554,0.12744909524917603,0.12112893909215927,0.0034159631468355656,0.0002904191496782005
2555,0.12744669616222382,0.12112720310688019,0.0034151123836636543,0.0002904371067415923
2556,0.12744426727294922,0.1211254671216011,0.0034142471849918365,0.00029045555857010186
2557,0.12744179368019104,0.12112375348806381,0.003413289552554488,0.000290475320070982
2558,0.12743930518627167,0.12112191319465637,0.003412422724068165,0.00029049592558294535
2559,0.12743675708770752,0.12112000584602356,0.003411579644307494,0.00029051813180558383
2560,0.12743419408798218,0.12111813575029373,0.003410652745515108,0.0002905407454818487
2561,0.12743158638477325,0.12111616879701614,0.003409764263778925,0.00029056528001092374
2562,0.12742893397808075,0.12111412733793259,0.003408917458727956,0.0002905896690208465
2563,0.12742626667022705,0.12111206352710724,0.003408043645322323,0.0002906157751567662
2564,0.12742355465888977,0.1211099922657013,0.0034071262925863266,0.0002906427253037691
2565,0.12742076814174652,0.1211078092455864,0.003406272502616048,0.00029066932620480657
2566,0.12741798162460327,0.12110558152198792,0.0034054124262183905,0.0002906982263084501
2567,0.12741512060165405,0.12110335379838943,0.0034044962376356125,0.0002907273592427373
2568,0.12741224467754364,0.12110105156898499,0.0034036212600767612,0.0002907566959038377
2569,0.12740929424762726,0.12109865248203278,0.0034027621150016785,0.0002907876914832741
2570,0.1274062991142273,0.12109624594449997,0.003401861060410738,0.00029081953107379377
2571,0.12740325927734375,0.1210937574505806,0.003400979097932577,0.0002908516034949571
2572,0.12740015983581543,0.12109120935201645,0.00340011203661561,0.00029088472365401685
2573,0.12739701569080353,0.12108859419822693,0.003399227513000369,0.0002909198228735477
2574,0.12739382684230804,0.12108591943979263,0.0033983555622398853,0.00029095448553562164
2575,0.12739057838916779,0.12108318507671356,0.0033974843099713326,0.0002909900213126093
2576,0.12738725543022156,0.12108036130666733,0.003396605607122183,0.00029102806001901627
2577,0.12738385796546936,0.12107744812965393,0.0033957497216761112,0.00029106595320627093
2578,0.12738041579723358,0.12107452750205994,0.0033948568161576986,0.0002911031770054251
2579,0.12737689912319183,0.121071457862854,0.0033940058201551437,0.000291143951471895
2580,0.1273733377456665,0.12106836587190628,0.0033931301441043615,0.0002911837073042989
2581,0.127369686961174,0.12106520682573318,0.003392243292182684,0.0002912234631367028
2582,0.12736593186855316,0.12106187641620636,0.003391395788639784,0.00029126647859811783
2583,0.12736214697360992,0.12105855345726013,0.0033905126620084047,0.0002913082134909928
2584,0.12735827267169952,0.12105511128902435,0.0033896532841026783,0.0002913500356953591
2585,0.12735429406166077,0.12105157226324081,0.0033887794706970453,0.00029139421530999243
2586,0.12735024094581604,0.12104792892932892,0.003387927543371916,0.00029143839492462575
2587,0.12734608352184296,0.12104419618844986,0.003387079806998372,0.0002914813521783799
2588,0.1273418515920639,0.12104039639234543,0.003386195283383131,0.0002915262011811137
2589,0.1273375302553177,0.12103642523288727,0.0033853696659207344,0.0002915726217906922
2590,0.12733307480812073,0.12103240191936493,0.003384510986506939,0.0002916157536674291
2591,0.1273285150527954,0.12102824449539185,0.0033836569637060165,0.0002916616795118898
2592,0.12732385098934174,0.12102393060922623,0.0033828378655016422,0.0002917078963946551
2593,0.1273190677165985,0.12101957201957703,0.0033819829113781452,0.0002917518140748143
2594,0.12731416523456573,0.1210150420665741,0.0033811500761657953,0.000291797099635005
2595,0.12730912864208221,0.12101037055253983,0.003380333771929145,0.00029184279264882207
2596,0.12730395793914795,0.121005579829216,0.003379505593329668,0.000291886884951964
2597,0.12729865312576294,0.12100066244602203,0.0033786797430366278,0.00029193091904744506
2598,0.1272931843996048,0.12099555879831314,0.00337788718752563,0.000291974691208452
2599,0.1272875815629959,0.12099029868841171,0.003377092070877552,0.0002920182887464762
2600,0.1272817999124527,0.12098491191864014,0.0033762925304472446,0.00029206002363935113
2601,0.12727585434913635,0.12097931653261185,0.0033755190670490265,0.000292100798105821
2602,0.1272697150707245,0.12097353488206863,0.0033747630659490824,0.0002921420964412391
2603,0.1272633820772171,0.12096758186817169,0.0033740061335265636,0.00029218042618595064
2604,0.1272568553686142,0.12096143513917923,0.003373249899595976,0.00029221715521998703
2605,0.12725012004375458,0.12095502763986588,0.0033725500106811523,0.0002922536223195493
2606,0.12724316120147705,0.1209484413266182,0.0033718396443873644,0.00029228729545138776
2607,0.12723593413829803,0.1209416463971138,0.0033711139112710953,0.0002923179417848587
2608,0.1272284835577011,0.12093450874090195,0.0033704994712024927,0.0002923478605225682
2609,0.1272207647562027,0.12092721462249756,0.0033698072656989098,0.0002923745196312666
2610,0.1272127628326416,0.12091958522796631,0.0033692095894366503,0.000292397104203701
2611,0.12720447778701782,0.12091169506311417,0.0033685946837067604,0.000292418320896104
2612,0.12719585001468658,0.12090345472097397,0.003368041478097439,0.0002924350555986166
2613,0.12718689441680908,0.12089493125677109,0.0033674847800284624,0.0002924480359070003
2614,0.12717758119106293,0.12088600546121597,0.003367010038346052,0.0002924570580944419
2615,0.12716789543628693,0.1208767518401146,0.0033665155060589314,0.000292462354991585
2616,0.1271577924489975,0.120867058634758,0.003366112243384123,0.00029246247140690684
2617,0.12714728713035583,0.12085700035095215,0.003365711774677038,0.00029245708719827235
2618,0.12713630497455597,0.12084644287824631,0.0033653839491307735,0.00029244739562273026
2619,0.1271248310804367,0.12083543837070465,0.003365063341334462,0.000292433425784111
2620,0.12711286544799805,0.12082386761903763,0.0033648828975856304,0.0002924109576269984
2621,0.12710031867027283,0.12081187963485718,0.003364566946402192,0.00029238651040941477
2622,0.12708719074726105,0.12079904973506927,0.0033646144438534975,0.0002923531865235418
2623,0.12707345187664032,0.12078598886728287,0.003364263568073511,0.00029232018277980387
2624,0.12705902755260468,0.12077171355485916,0.0033646118827164173,0.00029227050254121423
2625,0.12704390287399292,0.12075746804475784,0.0033640519250184298,0.0002922379062511027
2626,0.12702800333499908,0.12074124813079834,0.003365112701430917,0.00029216473922133446
2627,0.12701131403446198,0.12072629481554031,0.0033634821884334087,0.00029215298127382994
2628,0.12699374556541443,0.12070674449205399,0.0033667832612991333,0.00029202151927165687
2629,0.12697529792785645,0.12069286406040192,0.003361255396157503,0.0002921179693657905
2630,0.12695589661598206,0.12066607922315598,0.0033721192739903927,0.0002917703823186457
2631,0.1269356608390808,0.12066010385751724,0.003352079074829817,0.00029234870453365147
2632,0.12691517174243927,0.12061191350221634,0.003392329439520836,0.0002910924958996475
2633,0.126897394657135,0.12064148485660553,0.003314288565889001,0.0002941626589745283
2634,0.1268984079360962,0.12051700055599213,0.003485787194222212,0.00028956198366358876
2635,0.1270047277212143,0.12069937586784363,0.003181890584528446,0.0003123455971945077
2636,0.12772181630134583,0.12030334025621414,0.004151463508605957,0.0003267018182668835
2637,0.13193750381469727,0.12125067412853241,0.00379490340128541,0.0006891922676004469
2638,0.15488646924495697,0.12084442377090454,0.014722391031682491,0.0019319659331813455
2639,0.20419904589653015,0.12386080622673035,0.021736115217208862,0.005860211793333292
2640,0.15828891098499298,0.12224271148443222,0.0193411223590374,0.0016705079469829798
2641,0.1379670351743698,0.12203537672758102,0.011713878251612186,0.0004217778623569757
2642,0.16724269092082977,0.12512923777103424,0.010717896744608879,0.0031395552214235067
2643,0.13607488572597504,0.11942444741725922,0.012794709764420986,0.00038557304651476443
2644,0.1517712026834488,0.12976358830928802,0.005114477127790451,0.0016893137944862247
2645,0.14316613972187042,0.13345380127429962,0.0014007347635924816,0.000831159355584532
2646,0.13575227558612823,0.12345404922962189,0.007028371561318636,0.0005269856192171574
2647,0.14728374779224396,0.12285653501749039,0.01138389203697443,0.0013043319340795279
2648,0.13249580562114716,0.12700828909873962,0.004180876538157463,0.00013066432438790798
2649,0.13512946665287018,0.12720467150211334,0.0035622993018478155,0.0004362488689366728
2650,0.13941121101379395,0.12886439263820648,0.0029923245310783386,0.0007554503390565515
2651,0.13430432975292206,0.13046115636825562,0.0010901136556640267,0.0002753061125986278
2652,0.13083603978157043,0.12554113566875458,0.0028846049681305885,0.00024102935276459903
2653,0.13323791325092316,0.12328100949525833,0.006431130692362785,0.0003525773936416954
2654,0.13508400321006775,0.12421844154596329,0.0073298439383506775,0.00035357175511308014
2655,0.13277257978916168,0.122418113052845,0.00788179226219654,0.00024726625997573137
2656,0.13078483939170837,0.12362153083086014,0.005072422791272402,0.00020908894657623023
2657,0.13142012059688568,0.1270384043455124,0.0023917255457490683,0.00019899880862794816
2658,0.13234086334705353,0.12558229267597198,0.003219107398763299,0.0003539463796187192
2659,0.13255786895751953,0.1254206895828247,0.003874200629070401,0.00032629765337333083
2660,0.13181275129318237,0.12660500407218933,0.0033005783334374428,0.0001907170662889257
2661,0.1307855248451233,0.12460007518529892,0.0037966263480484486,0.00023888163559604436
2662,0.1305532455444336,0.1251494288444519,0.0037393015809357166,0.0001664522133069113
2663,0.13099324703216553,0.12522266805171967,0.004646456800401211,0.00011241316678933799
2664,0.1315218061208725,0.1230272576212883,0.0068885162472724915,0.0001606036676093936
2665,0.13136929273605347,0.12463793903589249,0.005696827545762062,0.00010345340706408024
2666,0.13090726733207703,0.1252126544713974,0.004540607333183289,0.00011540083505678922
2667,0.13059483468532562,0.12490205466747284,0.00407744525000453,0.0001615325454622507
2668,0.13049763441085815,0.1265040636062622,0.0032315999269485474,7.619778625667095e-05
2669,0.13062207400798798,0.12543347477912903,0.0036557731218636036,0.00015328280278481543
2670,0.13074176013469696,0.1261512041091919,0.003032468492165208,0.00015580773469991982
2671,0.13083072006702423,0.12707671523094177,0.002402819460257888,0.00013511972792912275
2672,0.13071097433567047,0.12559504806995392,0.00305713783018291,0.0002058787358691916
2673,0.1304677277803421,0.1259482502937317,0.0034235056955367327,0.0001095967018045485
2674,0.13031117618083954,0.12481952458620071,0.004289236851036549,0.00012024217721773311
2675,0.13029123842716217,0.12435653805732727,0.0045255450531840324,0.00014091581397224218
2676,0.130416601896286,0.12503057718276978,0.004237493500113487,0.00011485353752505034
2677,0.13046590983867645,0.12374397367238998,0.00520733930170536,0.00015145973884500563
2678,0.1304408609867096,0.12403261661529541,0.00533541664481163,0.00010728216147981584
2679,0.13032954931259155,0.12425371259450912,0.005001021549105644,0.0001074819519999437
2680,0.13022303581237793,0.1242646649479866,0.004498621448874474,0.00014597500558011234
2681,0.13015656173229218,0.12538446485996246,0.003729324322193861,0.00010427730740047991
2682,0.13013897836208344,0.12477966398000717,0.003978494554758072,0.00013808223593514413
2683,0.1301683932542801,0.12527979910373688,0.0036897698882967234,0.00011988300684606656
2684,0.13017353415489197,0.12564001977443695,0.0032994896173477173,0.0001234032097272575
2685,0.13014870882034302,0.12529388070106506,0.0033117327839136124,0.00015430874191224575
2686,0.13006657361984253,0.12563951313495636,0.0033751903101801872,0.00010518690396565944
2687,0.1299937516450882,0.1245855763554573,0.004104996100068092,0.0001303179160458967
2688,0.12994921207427979,0.12479554116725922,0.0041378336027264595,0.00010158454824704677
2689,0.1299465298652649,0.12455669790506363,0.004234770778566599,0.00011550581257324666
2690,0.12994128465652466,0.12422647327184677,0.004474876448512077,0.00012399385741446167
2691,0.1299038678407669,0.12434650212526321,0.0045522903092205524,0.00010050648415926844
2692,0.12983916699886322,0.12386205792427063,0.004661024548113346,0.0001316090056207031
2693,0.12977497279644012,0.12459775060415268,0.0040354556404054165,0.00011417739005992189
2694,0.12974195182323456,0.12432513386011124,0.003937478177249432,0.0001479343482060358
2695,0.1297207921743393,0.12454420328140259,0.003851072397083044,0.000132551314891316
2696,0.1296890676021576,0.12436532229185104,0.003913523629307747,0.000141021708259359
2697,0.12962706387043,0.12432581186294556,0.0038445601239800453,0.00014566881873179227
2698,0.12956249713897705,0.1243884488940239,0.003860029624775052,0.00013140158262103796
2699,0.12951231002807617,0.12377914786338806,0.004311746452003717,0.00014214265684131533
2700,0.12948335707187653,0.12394680082798004,0.004397411830723286,0.00011391447333153337
2701,0.1294432133436203,0.12346278131008148,0.004514508880674839,0.00014659238513559103
2702,0.12938480079174042,0.12410147488117218,0.004133322276175022,0.00011499973334139213
2703,0.12932324409484863,0.1233806163072586,0.004314796533435583,0.0001627830497454852
2704,0.12928955256938934,0.124326191842556,0.003839174285531044,0.00011241918400628492
2705,0.1292881816625595,0.12322796136140823,0.0040155150927603245,0.00020447029964998364
2706,0.12933838367462158,0.12489651143550873,0.00340423546731472,0.00010376416321378201
2707,0.12953555583953857,0.12209618091583252,0.004483087919652462,0.00029562917188741267
2708,0.13020074367523193,0.1257479041814804,0.003426486160606146,0.00010263423610012978
2709,0.13201484084129333,0.11953370273113251,0.0056675393134355545,0.0006813604268245399
2710,0.13662733137607574,0.12923061847686768,0.002660204889252782,0.0004736520058941096
2711,0.1435851901769638,0.1154857873916626,0.007558376528322697,0.0020541022531688213
2712,0.14587488770484924,0.13222943246364594,0.0021577547304332256,0.001148770097643137
2713,0.1317630261182785,0.11943213641643524,0.005396567285060883,0.0006934328703209758
2714,0.13229404389858246,0.11925238370895386,0.005329122766852379,0.0007712532533332705
2715,0.1342853307723999,0.12824799120426178,0.002552814781665802,0.00034845236223191023
2716,0.12974920868873596,0.12462162971496582,0.004016105551272631,0.00011114743392681703
2717,0.13231243193149567,0.11901681870222092,0.0059300921857357025,0.0007365518249571323
2718,0.1300298273563385,0.12161315977573395,0.0039068423211574554,0.00045098180999048054
2719,0.13012446463108063,0.12602105736732483,0.002718317788094282,0.0001385099603794515
2720,0.13073214888572693,0.125166654586792,0.004248126409947872,0.00013173598563298583
2721,0.12909965217113495,0.12261684238910675,0.004808696452528238,0.00016741086437832564
2722,0.12996244430541992,0.12240114063024521,0.0031829995568841696,0.00043782967259176075
2723,0.12986861169338226,0.12318497151136398,0.0028694579377770424,0.0003814181254711002
2724,0.128679558634758,0.12319287657737732,0.004207931458950043,0.00012787441664841026
2725,0.12981408834457397,0.12377271801233292,0.004896132741123438,0.00011452384933363646
2726,0.12906743586063385,0.12482275813817978,0.0031989263370633125,0.00010457470489200205
2727,0.12872491776943207,0.12402372062206268,0.0026222511660307646,0.000207895107450895
2728,0.129237562417984,0.1219688355922699,0.003547134343534708,0.00037215996417216957
2729,0.12876521050930023,0.12170957028865814,0.004142017103731632,0.00029136298689991236
2730,0.12856456637382507,0.12296555191278458,0.00400244165211916,0.0001596575166331604
2731,0.1288232058286667,0.12310285121202469,0.004339383915066719,0.0001380968460580334
2732,0.1285616010427475,0.12242768704891205,0.004441006109118462,0.0001692912046564743
2733,0.12834492325782776,0.12256921082735062,0.0031342385336756706,0.000264146423432976
2734,0.1286877989768982,0.12256618589162827,0.0026957702357321978,0.00034258386585861444
2735,0.12820149958133698,0.12139478325843811,0.004072638228535652,0.00027340807719156146
2736,0.1283808946609497,0.12088685482740402,0.005419894587248564,0.0002074151416309178
2737,0.12838207185268402,0.12171407788991928,0.0045893266797065735,0.0002078660181723535
2738,0.12808921933174133,0.12209537625312805,0.0034862509928643703,0.0002507597964722663
2739,0.128343403339386,0.12181925028562546,0.003117669839411974,0.00034064846113324165
2740,0.1281731128692627,0.12193877249956131,0.0029389294795691967,0.00032954130438156426
2741,0.12809492647647858,0.12163916230201721,0.0036810929886996746,0.0002774665190372616
2742,0.12823723256587982,0.12079303711652756,0.0048623718321323395,0.00025818200083449483
2743,0.12807852029800415,0.12099841982126236,0.004308189265429974,0.000277192157227546
2744,0.1281009167432785,0.12175513058900833,0.0030358934309333563,0.00033098968560807407
2745,0.12814538180828094,0.12167816609144211,0.0028904059436172247,0.0003576803719624877
2746,0.12803372740745544,0.12151140719652176,0.003305572085082531,0.0003216755576431751
2747,0.12809456884860992,0.12147796899080276,0.003701413981616497,0.0002915192162618041
2748,0.12806662917137146,0.12099136412143707,0.004168183077126741,0.0002907082380261272
2749,0.12800993025302887,0.12091915309429169,0.003832033136859536,0.00032587419264018536
2750,0.12807130813598633,0.12141906470060349,0.003057914786040783,0.00035943364491686225
2751,0.1280026137828827,0.12141083180904388,0.0031807241030037403,0.000341104983817786
2752,0.127997025847435,0.12125200778245926,0.003717117477208376,0.0003027902857866138
2753,0.12803325057029724,0.12139743566513062,0.0037508783861994743,0.0002884939021896571
2754,0.12796014547348022,0.12124475836753845,0.0037191398441791534,0.0002996247785631567
2755,0.12798510491847992,0.12112156301736832,0.003555265488103032,0.0003308278101030737
2756,0.12799033522605896,0.12137440592050552,0.0032524382695555687,0.00033634842839092016
2757,0.12793442606925964,0.12136130034923553,0.0035099543165415525,0.0003063175536226481
2758,0.1279674619436264,0.12128135561943054,0.003885907121002674,0.0002800192160066217
2759,0.12795060873031616,0.12153169512748718,0.0036359354853630066,0.000278297666227445
2760,0.12791962921619415,0.12156625837087631,0.0034065386280417442,0.0002946831227745861
2761,0.12794598937034607,0.1214231327176094,0.0034174686297774315,0.0003105390351265669
2762,0.12791994214057922,0.12149220705032349,0.0034138215705752373,0.00030139225418679416
2763,0.12791001796722412,0.12146732211112976,0.003656297456473112,0.00027863963623531163
2764,0.1279238760471344,0.12143608182668686,0.003828801214694977,0.0002658985904417932
2765,0.12789858877658844,0.12169042974710464,0.0034855990670621395,0.00027225620578974485
2766,0.12790153920650482,0.12178320437669754,0.003254672046750784,0.000286365975625813
2767,0.12790270149707794,0.1216004490852356,0.0034096732269972563,0.0002892585762310773
2768,0.1278839111328125,0.12153258174657822,0.0035727014765143394,0.0002778638154268265
2769,0.1278914213180542,0.1214950904250145,0.003722480032593012,0.00026738562155514956
2770,0.12788386642932892,0.12147083133459091,0.003745176363736391,0.00026678628637455404
2771,0.12787310779094696,0.12165063619613647,0.00345129263587296,0.00027711899019777775
2772,0.12787911295890808,0.12172586470842361,0.003306704107671976,0.0002846543211489916
2773,0.12786802649497986,0.12153919786214828,0.0035354825668036938,0.00027933434466831386
2774,0.12786391377449036,0.12143146246671677,0.003717998508363962,0.00027144612977281213
2775,0.12786537408828735,0.12142687290906906,0.003724969457834959,0.0002713527937885374
2776,0.12785519659519196,0.12142488360404968,0.003652536077424884,0.0002777772897388786
2777,0.12785422801971436,0.12153400480747223,0.003468211740255356,0.00028520062915049493
2778,0.12785127758979797,0.12159064412117004,0.003419790882617235,0.0002840850211214274
2779,0.12784454226493835,0.12145941704511642,0.0036217477172613144,0.0002763380471151322
2780,0.12784343957901,0.1213897168636322,0.0037118876352906227,0.0002741834905464202
2781,0.12783852219581604,0.12142083048820496,0.003611419117078185,0.0002806272532325238
2782,0.1278350055217743,0.12141561508178711,0.0035423971712589264,0.0002877003571484238
2783,0.12783217430114746,0.1214490756392479,0.003497895784676075,0.00028852050309069455
2784,0.12782782316207886,0.12147919833660126,0.003515888936817646,0.00028327296604402363
2785,0.12782573699951172,0.1214081272482872,0.0036282867658883333,0.0002789317222777754
2786,0.12782150506973267,0.12137923389673233,0.0036202557384967804,0.00028220124659128487
2787,0.127818763256073,0.12140706181526184,0.003512890776619315,0.00028988064150325954
2788,0.12781624495983124,0.1213710680603981,0.003520832397043705,0.0002924351720139384
2789,0.12781202793121338,0.12135080993175507,0.0035749110393226147,0.00028863048646599054
2790,0.12781034409999847,0.12137442827224731,0.0035881036892533302,0.00028478173771873116
2791,0.1278068870306015,0.12135728448629379,0.0035980460233986378,0.0002851551107596606
2792,0.1278037428855896,0.12135256081819534,0.0035508708097040653,0.0002900308172684163
2793,0.12780192494392395,0.12136003375053406,0.0035041687078773975,0.0002937720564659685
2794,0.1277981549501419,0.12130586057901382,0.0035755475983023643,0.000291674688924104
2795,0.12779600918293,0.1212768703699112,0.0036385180428624153,0.00028806208865717053
2796,0.12779343128204346,0.1213139221072197,0.0035984069108963013,0.0002881109539885074
2797,0.1277901977300644,0.12132777273654938,0.0035545621067285538,0.00029078684747219086
2798,0.12778827548027039,0.12132558226585388,0.003533868817612529,0.0002928822941612452
2799,0.12778525054454803,0.12131845951080322,0.003547046333551407,0.0002919754770118743
2800,0.12778274714946747,0.1212751492857933,0.00361540075391531,0.00028921914054080844
2801,0.12778042256832123,0.12126524746417999,0.003627501893788576,0.00028876762371510267
2802,0.12777763605117798,0.12130866944789886,0.003558114171028137,0.0002910858020186424
2803,0.1277753859758377,0.12132201343774796,0.0035317461006343365,0.000292162352707237
2804,0.12777280807495117,0.12131074070930481,0.003555803094059229,0.00029062663088552654
2805,0.12777046859264374,0.12130323052406311,0.0035796561278402805,0.0002887588052544743
2806,0.12776806950569153,0.12128148227930069,0.0036007435992360115,0.0002885840949602425
2807,0.12776565551757812,0.12128050625324249,0.0035811052657663822,0.0002904035500250757
2808,0.12776349484920502,0.12130469083786011,0.0035414365120232105,0.00029173659277148545
2809,0.12776097655296326,0.12130000442266464,0.0035577802918851376,0.00029031981830485165
2810,0.12775883078575134,0.12128616869449615,0.0035893877502530813,0.00028832783573307097
2811,0.12775659561157227,0.12128904461860657,0.0035822251811623573,0.00028853194089606404
2812,0.12775422632694244,0.12128039449453354,0.0035719689913094044,0.000290186406346038
2813,0.1277521699666977,0.12127216160297394,0.00356790772639215,0.0002912109193857759
2814,0.12774987518787384,0.12127532809972763,0.0035697612911462784,0.00029047945281490684
2815,0.12774774432182312,0.12126702815294266,0.003591467160731554,0.0002889242023229599
2816,0.1277456283569336,0.12126538902521133,0.0035919025540351868,0.0002888329909183085
2817,0.1277434378862381,0.12127632647752762,0.0035639707930386066,0.0002903141430579126
2818,0.12774135172367096,0.1212669089436531,0.0035636508837342262,0.0002910786133725196
2819,0.12773920595645905,0.1212506890296936,0.003584160003811121,0.0002904351567849517
2820,0.1277371644973755,0.1212492361664772,0.003590805223211646,0.00028971213032491505
2821,0.12773504853248596,0.12124903500080109,0.0035873199813067913,0.000289868883555755
2822,0.1277330070734024,0.12125357985496521,0.003571358509361744,0.000290806608973071
2823,0.12773098051548004,0.12125843018293381,0.003559133503586054,0.0002913411590270698
2824,0.1277288794517517,0.12124396860599518,0.0035770568065345287,0.00029078591614961624
2825,0.12772691249847412,0.12123025953769684,0.003592895111069083,0.00029037537751719356
2826,0.12772487103939056,0.12123289704322815,0.0035818107426166534,0.0002910163893830031
2827,0.1277228742837906,0.12123362720012665,0.003571106120944023,0.0002918138343375176
2828,0.1277208924293518,0.12123171240091324,0.0035701123997569084,0.00029190690838731825
2829,0.12771889567375183,0.12122897803783417,0.003575100563466549,0.0002914815559051931
2830,0.12771692872047424,0.1212177723646164,0.003585957922041416,0.0002913200296461582
2831,0.12771496176719666,0.12121137231588364,0.003583639394491911,0.0002919952676165849
2832,0.12771300971508026,0.12121249735355377,0.0035723631735891104,0.0002928158501163125
2833,0.12771105766296387,0.12120663374662399,0.003576727584004402,0.0002927699824795127
2834,0.12770912051200867,0.12120113521814346,0.0035848934203386307,0.00029231002554297447
2835,0.12770719826221466,0.1212008148431778,0.0035826442763209343,0.00029237434500828385
2836,0.12770526111125946,0.1211962029337883,0.003579526674002409,0.0002929528127424419
2837,0.12770335376262665,0.12119156867265701,0.0035771154798567295,0.0002934672811534256
2838,0.12770143151283264,0.12118790298700333,0.0035791487898677588,0.0002934377989731729
2839,0.12769952416419983,0.12118110060691833,0.003587294602766633,0.00029311314574442804
2840,0.12769761681556702,0.12118018418550491,0.003585116472095251,0.00029323113267309964
2841,0.1276957094669342,0.12118279188871384,0.0035756146535277367,0.0002937309327535331
2842,0.12769383192062378,0.12117798626422882,0.00357647193595767,0.00029393687145784497
2843,0.12769190967082977,0.12117166817188263,0.0035822438076138496,0.00029379958868958056
2844,0.12769003212451935,0.12116788327693939,0.003584780730307102,0.00029373675351962447
2845,0.12768813967704773,0.12116462737321854,0.0035839341580867767,0.00029395855381153524
2846,0.1276862472295761,0.12116517871618271,0.0035780840553343296,0.00029429810820147395
2847,0.12768436968326569,0.12116429209709167,0.0035765860229730606,0.0002943488652817905
2848,0.12768247723579407,0.12115778774023056,0.003583164419978857,0.00029415232711471617
2849,0.12768056988716125,0.12115368992090225,0.0035847898107022047,0.00029420986538752913
2850,0.12767869234085083,0.12115195393562317,0.0035812482237815857,0.000294549303362146
2851,0.1276768147945404,0.12114865332841873,0.0035805674269795418,0.00029475908377207816
2852,0.1276749223470688,0.12114661931991577,0.0035812780261039734,0.0002947019529528916
2853,0.12767301499843597,0.1211438849568367,0.003583271522074938,0.00029458609060384333
2854,0.12767113745212555,0.12113995850086212,0.003584243357181549,0.000294693949399516
2855,0.12766924500465393,0.12113823741674423,0.0035809646360576153,0.0002950043126475066
2856,0.1276673525571823,0.1211351603269577,0.00358068710193038,0.00029515064670704305
2857,0.1276654452085495,0.12113045156002045,0.0035843548830598593,0.00029506333521567285
2858,0.1276635378599167,0.12112868577241898,0.00358430203050375,0.0002950547495856881
2859,0.12766164541244507,0.12112725526094437,0.00358207942917943,0.0002952301292680204
2860,0.12765972316265106,0.1211245134472847,0.003580929711461067,0.00029542858828790486
2861,0.12765781581401825,0.12112165242433548,0.0035811520647257566,0.0002955009986180812
2862,0.12765589356422424,0.1211172416806221,0.00358385662548244,0.0002954794908873737
2863,0.12765395641326904,0.12111390382051468,0.0035843923687934875,0.0002955664531327784
2864,0.12765201926231384,0.12111302465200424,0.0035812051501125097,0.00029577885288745165
2865,0.12765008211135864,0.1211104616522789,0.0035806067753583193,0.00029590146732516587
2866,0.12764813005924225,0.12110664695501328,0.0035823725629597902,0.00029591162456199527
2867,0.12764619290828705,0.12110339850187302,0.0035830866545438766,0.00029597070533782244
2868,0.12764422595500946,0.12109982967376709,0.003583027981221676,0.00029613717924803495
2869,0.12764227390289307,0.12109728157520294,0.003581724129617214,0.00029632620862685144
2870,0.1276402771472931,0.12109488993883133,0.0035813008435070515,0.0002964089217130095
2871,0.1276382952928543,0.12109111249446869,0.003583016572520137,0.00029641675064340234
2872,0.12763631343841553,0.1210881769657135,0.0035829469561576843,0.00029651945806108415
2873,0.12763431668281555,0.12108556926250458,0.0035816309973597527,0.00029671151423826814
2874,0.12763230502605438,0.12108197808265686,0.00358182517811656,0.00029685039771720767
2875,0.12763027846813202,0.12107886373996735,0.003582341829314828,0.00029690706287510693
2876,0.12762825191020966,0.12107591331005096,0.0035827297251671553,0.00029696052661165595
2877,0.1276262253522873,0.12107306718826294,0.003582300618290901,0.0002970852656289935
2878,0.12762415409088135,0.12107076495885849,0.003580937162041664,0.00029724559863097966
2879,0.1276220828294754,0.12106737494468689,0.003581315977498889,0.0002973391383420676
2880,0.12762001156806946,0.12106361240148544,0.003582476172596216,0.00029739236924797297
2881,0.12761792540550232,0.12106095254421234,0.003582037054002285,0.0002974941744469106
2882,0.127615824341774,0.12105827778577805,0.0035812496207654476,0.0002976295363623649
2883,0.12761369347572327,0.1210554987192154,0.003580815624445677,0.00029773858841508627
2884,0.12761159241199493,0.12105248123407364,0.0035810451954603195,0.0002978058182634413
2885,0.12760944664478302,0.12104885280132294,0.0035818032920360565,0.00029787883977405727
2886,0.12760727107524872,0.12104589492082596,0.0035813255235552788,0.00029800538322888315
2887,0.1276051104068756,0.12104323506355286,0.0035805385559797287,0.000298133963951841
2888,0.12760291993618011,0.12104001641273499,0.003580818884074688,0.00029820925556123257
2889,0.12760069966316223,0.12103699892759323,0.00358098978176713,0.0002982717996928841
2890,0.12759849429130554,0.1210339367389679,0.003580860560759902,0.0002983699960168451
2891,0.12759625911712646,0.1210307702422142,0.0035805273801088333,0.00029849595739506185
2892,0.1275940090417862,0.12102784961462021,0.0035801311023533344,0.000298603146802634
2893,0.12759174406528473,0.12102451175451279,0.003580524353310466,0.00029867058037780225
2894,0.12758943438529968,0.12102138996124268,0.0035805723164230585,0.0002987481711897999
2895,0.12758713960647583,0.1210186555981636,0.0035798782482743263,0.00029886135598644614
2896,0.1275848150253296,0.12101545184850693,0.003579638432711363,0.00029897212516516447
2897,0.12758246064186096,0.12101218104362488,0.00357968476600945,0.0002990599605254829
2898,0.12758012115955353,0.12100888788700104,0.003579826094210148,0.00029914078186266124
2899,0.12757772207260132,0.12100563943386078,0.003579680807888508,0.00029924040427431464
2900,0.1275753229856491,0.12100277841091156,0.003578995820134878,0.0002993547823280096
2901,0.1275728940963745,0.12099951505661011,0.0035788645036518574,0.00029945099959149957
2902,0.12757043540477753,0.12099600583314896,0.0035790856927633286,0.00029953435296192765
2903,0.12756797671318054,0.12099271267652512,0.003578923875465989,0.000299634353723377
2904,0.12756547331809998,0.12098933011293411,0.0035786591470241547,0.0002997487608809024
2905,0.1275629699230194,0.12098609656095505,0.00357829499989748,0.00029985717264935374
2906,0.12756042182445526,0.12098271399736404,0.003578235860913992,0.0002999472199007869
2907,0.12755785882472992,0.12097913026809692,0.003578340169042349,0.00030003933352418244
2908,0.1275552660226822,0.1209757924079895,0.0035779427271336317,0.0003001534496434033
2909,0.12755265831947327,0.12097227573394775,0.0035776933655142784,0.00030026910826563835
2910,0.12755000591278076,0.12096869200468063,0.0035776158329099417,0.000300370593322441
2911,0.12754735350608826,0.12096518278121948,0.0035775089636445045,0.0003004663740284741
2912,0.12754467129707336,0.12096156924962997,0.0035773837007582188,0.00030057135154493153
2913,0.1275419443845749,0.120958112180233,0.0035769427195191383,0.00030068843625485897
2914,0.12753918766975403,0.12095441669225693,0.0035767792724072933,0.0003007988852914423
2915,0.12753641605377197,0.1209506094455719,0.0035768020898103714,0.00030090060317888856
2916,0.12753361463546753,0.12094693630933762,0.003576598595827818,0.0003010071814060211
2917,0.1275307685136795,0.12094321846961975,0.0035763359628617764,0.00030112170497886837
2918,0.12752790749073029,0.12093954533338547,0.0035759955644607544,0.00030123646138235927
2919,0.12752500176429749,0.12093565613031387,0.0035759115125983953,0.00030134391272440553
2920,0.1275220811367035,0.12093169242143631,0.0035758651793003082,0.0003014514804817736
2921,0.12751911580562592,0.1209278404712677,0.0035755846183747053,0.0003015690017491579
2922,0.12751612067222595,0.12092392146587372,0.003575327806174755,0.0003016877453774214
2923,0.1275130957365036,0.12091995775699615,0.0035751312971115112,0.0003018003480974585
2924,0.12751002609729767,0.12091589719057083,0.003575025126338005,0.0003019101277459413
2925,0.12750691175460815,0.12091177701950073,0.003574859816581011,0.00030202718335203826
2926,0.12750378251075745,0.120907723903656,0.003574551083147526,0.00030215075821615756
2927,0.12750060856342316,0.12090352922677994,0.0035743876360356808,0.00030227002571336925
2928,0.12749740481376648,0.12089932709932327,0.003574225353077054,0.00030238504405133426
2929,0.12749415636062622,0.12089506536722183,0.003574058413505554,0.00030250303098000586
2930,0.12749086320400238,0.1208907812833786,0.0035738046281039715,0.00030262782820500433
2931,0.12748754024505615,0.12088646739721298,0.003573535941541195,0.0003027537604793906
2932,0.12748417258262634,0.12088199704885483,0.0035734246484935284,0.00030287541449069977
2933,0.12748076021671295,0.12087753415107727,0.003573240479454398,0.000302998028928414
2934,0.12747730314731598,0.12087303400039673,0.0035730190575122833,0.0003031255619134754
2935,0.12747380137443542,0.1208685040473938,0.003572743386030197,0.0003032557724509388
2936,0.12747026979923248,0.12086386978626251,0.0035725561901926994,0.00030338423675857484
2937,0.12746669352054596,0.12085915356874466,0.003572417888790369,0.00030351258465088904
2938,0.12746305763721466,0.12085440754890442,0.003572202753275633,0.00030364541453309357
2939,0.12745939195156097,0.1208496168255806,0.003571957815438509,0.00030378118390217423
2940,0.1274556666612625,0.1208447813987732,0.0035717268474400043,0.0003039160219486803
2941,0.12745189666748047,0.12083981931209564,0.003571567591279745,0.00030405030702240765
2942,0.12744808197021484,0.1208348199725151,0.0035713762044906616,0.0003041884920094162
2943,0.12744420766830444,0.1208297610282898,0.003571141976863146,0.0003043303731828928
2944,0.12744028866291046,0.1208246499300003,0.0035709149669855833,0.0003044727200176567
2945,0.1274363100528717,0.12081944942474365,0.003570720087736845,0.0003046140191145241
2946,0.12743228673934937,0.12081416696310043,0.0035705366171896458,0.0003047579084523022
2947,0.12742821872234344,0.12080886960029602,0.003570293541997671,0.0003049053775612265
2948,0.12742409110069275,0.12080346047878265,0.0035700774751603603,0.0003050547093153
2949,0.12741988897323608,0.12079798430204391,0.0035698525607585907,0.00030520494328811765
2950,0.12741564214229584,0.12079241126775742,0.0035696865525096655,0.0003053550608456135
2951,0.12741133570671082,0.12078680098056793,0.003569440683349967,0.0003055090783163905
2952,0.12740696966648102,0.12078109383583069,0.003569216001778841,0.0003056659479625523
2953,0.12740255892276764,0.12077533453702927,0.0035689822398126125,0.0003058236907236278
2954,0.1273980736732483,0.1207694411277771,0.0035688108764588833,0.0003059822483919561
2955,0.12739352881908417,0.12076349556446075,0.0035685859620571136,0.0003061438037548214
2956,0.12738890945911407,0.12075748294591904,0.003568345448002219,0.0003063078038394451
2957,0.1273842304944992,0.12075138092041016,0.0035681105218827724,0.00030647387029603124
2958,0.12737949192523956,0.12074516713619232,0.003567914478480816,0.0003066406643483788
2959,0.12737467885017395,0.12073887884616852,0.0035676993429660797,0.0003068104269914329
2960,0.12736980617046356,0.12073250859975815,0.003567463019862771,0.0003069828380830586
2961,0.1273648589849472,0.12072606384754181,0.0035672211088240147,0.0003071573155466467
2962,0.12735985219478607,0.12071950733661652,0.0035670066718012094,0.00030733278254047036
2963,0.12735475599765778,0.12071286886930466,0.003566780826076865,0.00030751104350201786
2964,0.1273495852947235,0.12070611119270325,0.0035665552131831646,0.0003076923021581024
2965,0.12734436988830566,0.12069931626319885,0.0035662930458784103,0.00030787609284743667
2966,0.12733906507492065,0.12069234251976013,0.003566108178347349,0.0003080612514168024
2967,0.12733367085456848,0.1206853836774826,0.003565797582268715,0.0003082489420194179
2968,0.12732820212841034,0.1206781342625618,0.0035656846594065428,0.0003084384952671826
2969,0.12732267379760742,0.12067113071680069,0.003565218299627304,0.0003086324722971767
2970,0.12731705605983734,0.12066341936588287,0.003565368242561817,0.00030882618739269674
2971,0.1273113489151001,0.12065662443637848,0.0035644504241645336,0.0003090274694841355
2972,0.1273055523633957,0.12064794450998306,0.003565395250916481,0.0003092213883064687
2973,0.1272996962070465,0.12064234167337418,0.0035630115307867527,0.00030943460296839476
2974,0.12729373574256897,0.12063085287809372,0.0035666662734001875,0.00030962168239057064
2975,0.12728771567344666,0.1206299290060997,0.0035591337364166975,0.00030986469937488437
2976,0.12728163599967957,0.12060877680778503,0.0035726986825466156,0.0003100161557085812
2977,0.12727564573287964,0.12062607705593109,0.0035459608770906925,0.00031036094878800213
2978,0.1272701621055603,0.12056823819875717,0.0035978727973997593,0.00031040559406392276
2979,0.12726715207099915,0.12065884470939636,0.003495576325803995,0.0003112739068455994
2980,0.1272747665643692,0.1204516813158989,0.003707739757373929,0.0003115355793852359
2981,0.1273282766342163,0.12085499614477158,0.003300539217889309,0.0003172736905980855
2982,0.12758690118789673,0.12000932544469833,0.00426920922473073,0.0003308364248368889
2983,0.12875163555145264,0.12184837460517883,0.0027737352065742016,0.00041295256232842803
2984,0.13399867713451385,0.11834611743688583,0.008390635251998901,0.000726191618014127
2985,0.1519489288330078,0.1267213225364685,0.005872122477740049,0.0019355490803718567
2986,0.18559250235557556,0.1158248782157898,0.0320722721517086,0.0037695341743528843
2987,0.1423245221376419,0.12422402948141098,0.004664304666221142,0.0013436184963211417
2988,0.14220236241817474,0.12599876523017883,0.00328222569078207,0.0012921378947794437
2989,0.13341565430164337,0.11983003467321396,0.008336690254509449,0.0005248939851298928
2990,0.14033567905426025,0.11967822909355164,0.013009906746447086,0.0007647544844076037
2991,0.13114798069000244,0.12377845495939255,0.006206722930073738,0.0001162791668321006
2992,0.1323021650314331,0.12786389887332916,0.0024568329099565744,0.00019814404367934912
2993,0.13505253195762634,0.12740832567214966,0.0027565595228224993,0.000488764198962599
2994,0.13488465547561646,0.12446898967027664,0.004502393305301666,0.000591326504945755
2995,0.13227933645248413,0.12328950315713882,0.006174290087074041,0.00028155490872450173
2996,0.13082925975322723,0.12475666403770447,0.005621224641799927,4.5137774577597156e-05
2997,0.1321813315153122,0.12663663923740387,0.004198046866804361,0.0001346654462395236
2998,0.13336773216724396,0.1263718456029892,0.004195511341094971,0.0002800381917040795
2999,0.13272583484649658,0.12428399920463562,0.0056816465221345425,0.0002760179340839386
3000,0.1317562311887741,0.1228790357708931,0.007291211746633053,0.0001585987047292292
3001,0.13126087188720703,0.12324167788028717,0.007006336934864521,0.00010128590656677261
3002,0.1307825893163681,0.12444991618394852,0.005697154439985752,6.355184450512752e-05
3003,0.1307079941034317,0.12595613300800323,0.004107099026441574,6.447554915212095e-05
3004,0.13104747235774994,0.12710508704185486,0.002945680171251297,9.967108053388074e-05
3005,0.131374791264534,0.1274481564760208,0.0024723901879042387,0.0001454255252610892
3006,0.13135573267936707,0.12696509063243866,0.0026396296452730894,0.0001751012314343825
3007,0.131084144115448,0.126017227768898,0.0033163190819323063,0.00017506012227386236
3008,0.13081946969032288,0.12508685886859894,0.004245591815561056,0.0001487017289036885
3009,0.13064533472061157,0.12452570348978043,0.005015722941607237,0.00011039122910005972
3010,0.13050751388072968,0.12444698065519333,0.005285435356199741,7.750961231067777e-05
3011,0.1304164081811905,0.12474270910024643,0.0050338394939899445,6.398629921022803e-05
3012,0.1304473578929901,0.12516877055168152,0.004537208937108517,7.41377953090705e-05
3013,0.13056622445583344,0.12546347081661224,0.004123469814658165,9.792880155146122e-05
3014,0.13060417771339417,0.1254659742116928,0.003980486653745174,0.00011577139957807958
3015,0.13046632707118988,0.12518157064914703,0.004136780742555857,0.00011479653767310083
3016,0.13025571405887604,0.12475685775279999,0.004499446135014296,9.994090214604512e-05
3017,0.1301211267709732,0.12438840419054031,0.004870508797466755,8.622155291959643e-05
3018,0.13007818162441254,0.12422682344913483,0.0050143888220191,8.369741408387199e-05
3019,0.1300538182258606,0.12432164698839188,0.004803736228495836,9.28428053157404e-05
3020,0.1300230622291565,0.12461471557617188,0.004317293409258127,0.00010910492710536346
3021,0.13000650703907013,0.12496975809335709,0.003781290492042899,0.00012554562999866903
3022,0.1299808770418167,0.12522488832473755,0.0034208146389573812,0.00013351699453778565
3023,0.12989425659179688,0.125254824757576,0.0033612868282943964,0.00012781404075212777
3024,0.12975893914699554,0.12502212822437286,0.0036136391572654247,0.00011231691314605996
3025,0.12964828312397003,0.12459283322095871,0.004083144012838602,9.722974937176332e-05
3026,0.12960071861743927,0.12410669028759003,0.004586878698319197,9.07155845197849e-05
3027,0.12958288192749023,0.12371741235256195,0.004921503830701113,9.439585119253024e-05
3028,0.12954401969909668,0.12353231012821198,0.004968065768480301,0.00010436489537823945
3029,0.1294662207365036,0.12357474118471146,0.004750027786940336,0.0001141455868491903
3030,0.1293637603521347,0.12377983331680298,0.004397823940962553,0.00011861001257784665
3031,0.12926191091537476,0.12402404844760895,0.004062300082296133,0.00011755651939893141
3032,0.12917876243591309,0.12417920678853989,0.0038453256711363792,0.00011542303400347009
3033,0.12911511957645416,0.12416921555995941,0.0037749966140836477,0.00011709048703778535
3034,0.12905646860599518,0.12400007992982864,0.00381611380726099,0.00012402646825648844
3035,0.12898407876491547,0.12374654412269592,0.00390244135633111,0.00013351059169508517
3036,0.1288883239030838,0.1235043853521347,0.00397714227437973,0.0001406806259183213
3037,0.12878020107746124,0.1233372688293457,0.004019468557089567,0.0001423469657311216
3038,0.1286860853433609,0.12324722856283188,0.004040819592773914,0.00013980403309687972
3039,0.1286167949438095,0.12318351864814758,0.004058999940752983,0.00013742702140007168
3040,0.12854906916618347,0.12308352440595627,0.004077322781085968,0.0001388222590321675
3041,0.1284574419260025,0.12291964143514633,0.004084222950041294,0.00014535774243995547
3042,0.12835273146629333,0.12272024899721146,0.004064788110554218,0.000156769689056091
3043,0.12826313078403473,0.12254966050386429,0.004008415155112743,0.00017050474707502872
3044,0.12819060683250427,0.12246058881282806,0.003912112209945917,0.00018179065955337137
3045,0.1281163990497589,0.12245278060436249,0.0037879529409110546,0.00018756701319944113
3046,0.12803608179092407,0.12246522307395935,0.0036702542565762997,0.00019005917420145124
3047,0.12796029448509216,0.12240865081548691,0.0036059378180652857,0.00019457066082395613
3048,0.12789225578308105,0.12222045660018921,0.0036279703490436077,0.00020438246428966522
3049,0.127828910946846,0.12190897762775421,0.003732869401574135,0.0002187062200391665
3050,0.12777353823184967,0.1215558871626854,0.0038762064650654793,0.00023414561292156577
3051,0.1277286857366562,0.12127083539962769,0.0039848387241363525,0.0002473016793373972
3052,0.12768858671188354,0.12112726271152496,0.003988188225775957,0.00025731264031492174
3053,0.12765103578567505,0.12112105637788773,0.003864289727061987,0.0002665687061380595
3054,0.1276244968175888,0.12117558717727661,0.003665665164589882,0.00027832473278976977
3055,0.1276124119758606,0.12118825316429138,0.0034914412535727024,0.0002932721399702132
3056,0.12760449945926666,0.12109127640724182,0.0034257727675139904,0.0003087451041210443
3057,0.1275949478149414,0.12088896334171295,0.0034909211099147797,0.00032150570768862963
3058,0.12759143114089966,0.12064724415540695,0.003636282868683338,0.00033079038257710636
3059,0.12759661674499512,0.12044712901115417,0.0037659835070371628,0.000338350044330582
3060,0.12760259211063385,0.12033849954605103,0.003800362581387162,0.0003463736502453685
3061,0.12760642170906067,0.12032181769609451,0.0037300363183021545,0.0003554562572389841
3062,0.12761004269123077,0.12036050111055374,0.0036121634766459465,0.0003637378686107695
3063,0.1276121586561203,0.12040935456752777,0.003517510136589408,0.00036852998891845345
3064,0.12761276960372925,0.12043893337249756,0.0034815091639757156,0.00036923258448950946
3065,0.12761259078979492,0.12044288963079453,0.003492955584079027,0.00036767442361451685
3066,0.12760834395885468,0.12043042480945587,0.0035184221342206,0.00036594996345229447
3067,0.1276000589132309,0.12041457742452621,0.00353666627779603,0.0003648818237707019
3068,0.1275922954082489,0.12040567398071289,0.0035506251733750105,0.00036359942168928683
3069,0.12758469581604004,0.12041140347719193,0.003570599714294076,0.0003602696815505624
3070,0.12757468223571777,0.12043942511081696,0.003593183122575283,0.0003542077320162207
3071,0.12756401300430298,0.12049614638090134,0.0035991529002785683,0.0003468720824457705
3072,0.12755456566810608,0.12058059871196747,0.0035715405829250813,0.00034024231717921793
3073,0.12754584848880768,0.12067896872758865,0.003516705008223653,0.0003350180049892515
3074,0.1275380402803421,0.12076710164546967,0.0034659989178180695,0.0003304936399217695
3075,0.12753114104270935,0.12082225829362869,0.0034537629690021276,0.00032551254844293
3076,0.12752458453178406,0.12083743512630463,0.003491103183478117,0.00031960499472916126
3077,0.1275191456079483,0.12082763016223907,0.003556914161890745,0.00031345963361673057
3078,0.12751533091068268,0.1208217516541481,0.003611719235777855,0.00030818511731922626
3079,0.12751196324825287,0.1208447813987732,0.0036246904637664557,0.0003042483585886657
3080,0.12750844657421112,0.12090211361646652,0.003594085108488798,0.00030122481985017657
3081,0.1275055855512619,0.12097693234682083,0.003545211860910058,0.0002983440354000777
3082,0.12750343978405,0.12104175984859467,0.003509740810841322,0.00029519465169869363
3083,0.12750127911567688,0.12107596546411514,0.003504838328808546,0.00029204730526544154
3084,0.12749892473220825,0.12107733637094498,0.0035261681769043207,0.00028954161098226905
3085,0.12749657034873962,0.12106047570705414,0.003555610775947571,0.00028804774046875536
3086,0.12749412655830383,0.1210448145866394,0.003575640730559826,0.0002873669727705419
3087,0.12749163806438446,0.12104230374097824,0.003579535521566868,0.0002869797754101455
3088,0.12748906016349792,0.12105268239974976,0.0035713394172489643,0.00028650343301706016
3089,0.12748613953590393,0.12106770277023315,0.003558737924322486,0.0002859702508430928
3090,0.12748299539089203,0.12107904255390167,0.0035466658882796764,0.0002857293584384024
3091,0.12747995555400848,0.12108314782381058,0.0035361205227673054,0.00028606809792108834
3092,0.12747685611248016,0.1210804358124733,0.0035271313972771168,0.00028692904743365943
3093,0.12747351825237274,0.12107167392969131,0.0035216649994254112,0.0002880173269659281
3094,0.12747012078762054,0.12105613946914673,0.0035229676868766546,0.0002891015319619328
3095,0.1274668574333191,0.12103342264890671,0.0035318289883434772,0.0002901604166254401
3096,0.12746360898017883,0.12100651860237122,0.0035439273342490196,0.00029131636256352067
3097,0.12746034562587738,0.12098225951194763,0.0035513881593942642,0.00029267070931382477
3098,0.1274571716785431,0.12096745520830154,0.0035478947684168816,0.00029418212943710387
3099,0.12745405733585358,0.12096352130174637,0.0035335365682840347,0.00029570006881840527
3100,0.12745103240013123,0.1209644079208374,0.003515456337481737,0.00029711617389693856
3101,0.12744812667369843,0.12096021324396133,0.003503465326502919,0.0002984447928611189
3102,0.1274452656507492,0.12094404548406601,0.0035036406479775906,0.000299757462926209
3103,0.1274424046278,0.12091711163520813,0.0035145210567861795,0.0003010776999872178
3104,0.12743966281414032,0.12088791280984879,0.0035283395554870367,0.00030234118457883596
3105,0.12743698060512543,0.1208663135766983,0.0035361922346055508,0.00030344701372087
3106,0.12743428349494934,0.12085706740617752,0.0035336625296622515,0.00030435522785410285
3107,0.12743158638477325,0.12085741013288498,0.0035230335779488087,0.0003051144885830581
3108,0.12742893397808075,0.12086009234189987,0.0035109645687043667,0.0003057879803236574
3109,0.12742626667022705,0.12085875868797302,0.0035037442576140165,0.00030637564486823976
3110,0.12742356956005096,0.12085173279047012,0.003503639716655016,0.00030681947828270495
3111,0.12742087244987488,0.12084170430898666,0.0035084402188658714,0.00030707335099577904
3112,0.1274181455373764,0.1208326444029808,0.0035138712264597416,0.0003071629034820944
3113,0.12741540372371674,0.12082700431346893,0.003516685450449586,0.00030717163463123143
3114,0.12741266191005707,0.1208249107003212,0.0035161874257028103,0.00030715647153556347
3115,0.12740987539291382,0.12082536518573761,0.0035136030055582523,0.0003070910170208663
3116,0.12740708887577057,0.12082762271165848,0.0035104439593851566,0.0003069016966037452
3117,0.12740428745746613,0.12083129584789276,0.0035074660554528236,0.00030655230511911213
3118,0.12740148603916168,0.12083566933870316,0.0035048527643084526,0.00030609703389927745
3119,0.12739866971969604,0.12083921581506729,0.0035030273720622063,0.0003056433342862874
3120,0.1273958683013916,0.12084036320447922,0.003502868115901947,0.0003052635584026575
3121,0.12739305198192596,0.12083874642848969,0.0035049563739448786,0.00030493541271425784
3122,0.12739023566246033,0.12083591520786285,0.0035085915587842464,0.00030457304092124104
3123,0.12738743424415588,0.12083453685045242,0.0035117054358124733,0.0003041188174393028
3124,0.12738461792469025,0.12083648890256882,0.0035120833199471235,0.0003036038833670318
3125,0.1273818016052246,0.12084152549505234,0.003509051166474819,0.0003031222440768033
3126,0.12737897038459778,0.12084726244211197,0.003504207357764244,0.0003027506172657013
3127,0.12737618386745453,0.12085089087486267,0.003500460647046566,0.000302482774714008
3128,0.1273733526468277,0.12085088342428207,0.00350000848993659,0.00030224575311876833
3129,0.12737052142620087,0.12084794789552689,0.003502804785966873,0.00030197674641385674
3130,0.12736767530441284,0.12084423005580902,0.0035066278651356697,0.00030168128432706
3131,0.12736482918262482,0.1208418607711792,0.0035087200812995434,0.00030142502509988844
3132,0.1273619532585144,0.12084156274795532,0.003507699817419052,0.00030126929050311446
3133,0.12735909223556519,0.12084264308214188,0.0035043153911828995,0.0003012141678482294
3134,0.12735621631145477,0.1208435595035553,0.0035006427206099033,0.0003012012457475066
3135,0.12735331058502197,0.12084313482046127,0.003498484380543232,0.0003011693770531565
3136,0.12735040485858917,0.12084103375673294,0.003498263657093048,0.0003011114022228867
3137,0.12734748423099518,0.12083765119314194,0.0034990899730473757,0.0003010747313965112
3138,0.12734454870224,0.12083371728658676,0.003499708604067564,0.000301111867884174
3139,0.1273415982723236,0.12082984298467636,0.003499456215649843,0.00030123002943582833
3140,0.12733863294124603,0.12082633376121521,0.0034984650555998087,0.0003013836976606399
3141,0.12733565270900726,0.12082330137491226,0.003497201018035412,0.00030151475220918655
3142,0.1273326724767685,0.12082067877054214,0.0034959381446242332,0.00030160488677211106
3143,0.12732966244220734,0.12081819772720337,0.003494630102068186,0.00030168300145305693
3144,0.12732663750648499,0.12081547826528549,0.003493217285722494,0.00030179411987774074
3145,0.12732359766960144,0.12081211060285568,0.0034919357858598232,0.00030195555882528424
3146,0.1273205578327179,0.1208079382777214,0.003491218201816082,0.0003021400480065495
3147,0.12731748819351196,0.12080319970846176,0.0034912668634206057,0.00030230209813453257
3148,0.12731441855430603,0.1207985058426857,0.0034917364828288555,0.0003024170873686671
3149,0.12731130421161652,0.12079446762800217,0.003491861978545785,0.00030249785049818456
3150,0.127308189868927,0.12079139053821564,0.003491016337648034,0.00030257890466600657
3151,0.1273050606250763,0.12078899145126343,0.0034892475232481956,0.0003026813792530447
3152,0.1273019015789032,0.12078668922185898,0.0034872747492045164,0.00030279444763436913
3153,0.1272987574338913,0.12078388780355453,0.0034859764855355024,0.00030288854031823575
3154,0.12729555368423462,0.12078038603067398,0.0034857401624321938,0.00030294241150841117
3155,0.12729234993457794,0.12077651172876358,0.0034862207248806953,0.00030296173645183444
3156,0.12728911638259888,0.12077280133962631,0.00348659697920084,0.0003029718354810029
3157,0.12728586792945862,0.12076971679925919,0.003486223518848419,0.0003029925574082881
3158,0.12728258967399597,0.12076734006404877,0.003485034918412566,0.00030302145751193166
3159,0.12727931141853333,0.12076538801193237,0.003483525011688471,0.0003030394436791539
3160,0.1272760033607483,0.12076341360807419,0.0034822868183255196,0.00030302981031127274
3161,0.12727265059947968,0.12076108157634735,0.003481618594378233,0.0003029947110917419
3162,0.12726929783821106,0.12075839936733246,0.003481379710137844,0.000302951957564801
3163,0.12726591527462006,0.12075550109148026,0.0034812111407518387,0.00030291976872831583
3164,0.12726250290870667,0.12075266242027283,0.0034808292984962463,0.0003029009385500103
3165,0.12725907564163208,0.12075003981590271,0.0034802062436938286,0.0003028838546015322
3166,0.1272556334733963,0.1207476258277893,0.0034794644452631474,0.0003028541977982968
3167,0.12725214660167694,0.12074533849954605,0.003478717990219593,0.00030280917417258024
3168,0.1272486448287964,0.1207430437207222,0.0034779924899339676,0.000302760920021683
3169,0.12724511325359344,0.12074063718318939,0.003477248130366206,0.0003027229104191065
3170,0.12724155187606812,0.12073802202939987,0.003476516343653202,0.00030270119896158576
3171,0.1272379755973816,0.12073520570993423,0.0034758918918669224,0.0003026884514838457
3172,0.1272343546152115,0.12073216587305069,0.003475440666079521,0.00030267442343756557
3173,0.12723073363304138,0.12072908878326416,0.0034751067869365215,0.0003026538179256022
3174,0.1272270530462265,0.12072603404521942,0.00347471097484231,0.0003026312042493373
3175,0.12722337245941162,0.12072313576936722,0.003474076045677066,0.00030261592473834753
3176,0.12721964716911316,0.12072032690048218,0.003473182674497366,0.00030261307256296277
3177,0.1272158920764923,0.12071750313043594,0.0034721880219876766,0.0003026195918209851
3178,0.12721210718154907,0.12071448564529419,0.003471335396170616,0.0003026283229701221
3179,0.12720829248428345,0.12071119993925095,0.0034707472659647465,0.00030263388180173934
3180,0.12720443308353424,0.1207076907157898,0.0034703679848462343,0.0003026379272341728
3181,0.12720055878162384,0.12070414423942566,0.0034699696116149426,0.00030264517408795655
3182,0.12719665467739105,0.12070068717002869,0.00346936983987689,0.00030265978421084583
3183,0.12719270586967468,0.12069738656282425,0.0034685239661484957,0.0003026805934496224
3184,0.12718874216079712,0.12069414556026459,0.0034675649367272854,0.0003027025959454477
3185,0.12718471884727478,0.12069083750247955,0.0034666727297008038,0.0003027213388122618
3186,0.12718068063259125,0.12068735063076019,0.003465957473963499,0.00030273690936155617
3187,0.12717661261558533,0.1206837072968483,0.003465385641902685,0.0003027521015610546
3188,0.12717249989509583,0.12067996710538864,0.003464830806478858,0.00030276965117082
3189,0.12716834247112274,0.12067624181509018,0.00346419052220881,0.000302790169371292
3190,0.12716414034366608,0.12067259848117828,0.0034634401090443134,0.0003028106002602726
3191,0.12715992331504822,0.12066900730133057,0.0034626335836946964,0.00030282774241641164
3192,0.12715564668178558,0.12066540867090225,0.003461838234215975,0.00030284025706350803
3193,0.12715135514736176,0.12066178023815155,0.0034610810689628124,0.00030284980311989784
3194,0.12714701890945435,0.12065806984901428,0.0034603518433868885,0.000302859436487779
3195,0.12714263796806335,0.12065429985523224,0.003459635656327009,0.0003028699429705739
3196,0.1271381974220276,0.12065048515796661,0.00345891946926713,0.0003028799837920815
3197,0.12713374197483063,0.1206466406583786,0.0034582181833684444,0.00030288822017610073
3198,0.12712925672531128,0.12064281105995178,0.003457518294453621,0.00030289249843917787
3199,0.12712469696998596,0.12063898146152496,0.0034567886032164097,0.0003028934297617525
3200,0.12712012231349945,0.12063516676425934,0.00345601630397141,0.0003028931678272784
3201,0.12711548805236816,0.12063135206699371,0.003455200931057334,0.0003028936334885657
3202,0.1271108239889145,0.1206275075674057,0.003454369492828846,0.0003028946812264621
3203,0.12710610032081604,0.12062356621026993,0.0034535792656242847,0.0003028945066034794
3204,0.127101331949234,0.12061955779790878,0.003452850040048361,0.00030289278947748244
3205,0.1270965039730072,0.12061547487974167,0.003452148288488388,0.00030288909329101443
3206,0.1270916610956192,0.12061138451099396,0.0034514260478317738,0.0003028851351700723
3207,0.12708675861358643,0.12060730904340744,0.0034506325609982014,0.000302881991956383
3208,0.12708182632923126,0.12060324847698212,0.0034497720189392567,0.0003028801002074033
3209,0.12707681953907013,0.12059913575649261,0.003448900766670704,0.00030287864501588047
3210,0.12707176804542542,0.12059494107961655,0.003448064438998699,0.00030287669505923986
3211,0.12706667184829712,0.12059064209461212,0.0034472874831408262,0.00030287416302599013
3212,0.12706151604652405,0.12058626115322113,0.003446535672992468,0.00030287206755019724
3213,0.1270563155412674,0.12058184295892715,0.003445764072239399,0.00030287078698165715
3214,0.12705105543136597,0.12057740986347198,0.0034449403174221516,0.00030287099070847034
3215,0.12704575061798096,0.12057295441627502,0.003444071626290679,0.00030287232948467135
3216,0.12704040110111237,0.12056846916675568,0.003443193854764104,0.00030287346453405917
3217,0.127034991979599,0.12056390941143036,0.00344233401119709,0.0003028745704796165
3218,0.12702952325344086,0.12055925279855728,0.0034415037371218204,0.0003028758801519871
3219,0.12702399492263794,0.12055453658103943,0.0034406818449497223,0.0003028778010047972
3220,0.12701842188835144,0.1205497682094574,0.0034398455172777176,0.0003028805658686906
3221,0.12701275944709778,0.12054494023323059,0.00343898544088006,0.00030288397101685405
3222,0.12700706720352173,0.120540089905262,0.0034381086006760597,0.0003028875507880002
3223,0.1270013302564621,0.12053519487380981,0.003437221050262451,0.0003028910723514855
3224,0.1269955039024353,0.12053022533655167,0.0034363330341875553,0.0003028938081115484
3225,0.12698963284492493,0.12052521109580994,0.0034354524686932564,0.0003028966311831027
3226,0.1269836723804474,0.12052012979984283,0.003434557467699051,0.00030289951246231794
3227,0.12697769701480865,0.12051500380039215,0.0034336610697209835,0.0003029029176104814
3228,0.12697163224220276,0.1205097958445549,0.003432762809097767,0.0003029066137969494
3229,0.1269654929637909,0.12050453573465347,0.0034318645484745502,0.0003029093786608428
3230,0.12695930898189545,0.12049923092126846,0.003430960001423955,0.0003029113868251443
3231,0.12695303559303284,0.12049387395381927,0.003430042415857315,0.00030291301663964987
3232,0.12694670259952545,0.12048845738172531,0.0034291103947907686,0.00030291438451968133
3233,0.12694032490253448,0.12048298865556717,0.0034281716216355562,0.000302916276268661
3234,0.12693385779857635,0.12047745287418365,0.003427230753004551,0.0003029179060831666
3235,0.12692733108997345,0.12047183513641357,0.003426298964768648,0.0003029190411325544
3236,0.12692072987556458,0.12046615779399872,0.003425375558435917,0.00030291982693597674
3237,0.12691405415534973,0.1204604059457779,0.003424443071708083,0.0003029200597666204
3238,0.12690730392932892,0.12045460939407349,0.0034234938211739063,0.0003029201761819422
3239,0.12690047919750214,0.1204487532377243,0.0034225303679704666,0.0003029202052857727
3240,0.12689357995986938,0.12044280767440796,0.003421560162678361,0.0003029205836355686
3241,0.12688660621643066,0.12043680250644684,0.003420591354370117,0.00030292102019302547
3242,0.12687955796718597,0.12043071538209915,0.0034196283668279648,0.00030292136943899095
3243,0.12687242031097412,0.1204245463013649,0.003418669570237398,0.0003029211948160082
3244,0.1268652081489563,0.12041829526424408,0.003417704254388809,0.00030292102019302547
3245,0.1268579214811325,0.12041198462247849,0.0034167286939918995,0.0003029210492968559
3246,0.12685054540634155,0.12040559202432632,0.003415733575820923,0.000302921689581126
3247,0.12684310972690582,0.12039913237094879,0.0034147421829402447,0.00030292311566881835
3248,0.12683555483818054,0.1203925609588623,0.003413752419874072,0.00030292393057607114
3249,0.1268279254436493,0.12038590759038925,0.0034127687104046345,0.0003029249783139676
3250,0.12682022154331207,0.12037917226552963,0.0034117840696126223,0.0003029259678442031
3251,0.1268124133348465,0.12037234753370285,0.0034107891842722893,0.0003029273939318955
3252,0.12680453062057495,0.1203654482960701,0.0034097919706255198,0.0003029292856808752
3253,0.12679654359817505,0.1203584372997284,0.0034087898675352335,0.0003029318468179554
3254,0.12678846716880798,0.12035133689641953,0.0034077875316143036,0.000302934437058866
3255,0.12678030133247375,0.1203441396355629,0.0034067900851368904,0.00030293717281892896
3256,0.12677203118801117,0.1203368529677391,0.003405790776014328,0.0003029395593330264
3257,0.12676367163658142,0.12032945454120636,0.0034047914668917656,0.00030294249881990254
3258,0.1267552226781845,0.12032195925712585,0.0034037944860756397,0.0003029458748642355
3259,0.12674665451049805,0.1203143522143364,0.003402799367904663,0.0003029495710507035
3260,0.12673798203468323,0.12030665576457977,0.003401803318411112,0.0003029532090295106
3261,0.12672922015190125,0.1202988475561142,0.003400803543627262,0.0003029571380466223
3262,0.1267203539609909,0.12029093503952026,0.003399802604690194,0.0003029608051292598
3263,0.12671136856079102,0.12028290331363678,0.0033988123759627342,0.00030296467593871057
3264,0.12670226395130157,0.12027475237846375,0.003397830296307802,0.0003029686922673136
3265,0.12669306993484497,0.12026648223400116,0.0033968533389270306,0.0003029729996342212
3266,0.12668374180793762,0.12025809288024902,0.0033958791755139828,0.0003029774234164506
3267,0.12667430937290192,0.12024959921836853,0.0033948970958590508,0.0003029818180948496
3268,0.12666477262973785,0.12024097889661789,0.003393924795091152,0.0003029861254617572
3269,0.12665508687496185,0.1202322319149971,0.0033929594792425632,0.00030299011268652976
3270,0.1266452968120575,0.12022334337234497,0.0033920109272003174,0.00030299442005343735
3271,0.1266353726387024,0.1202143058180809,0.0033910705242305994,0.0003029988147318363
3272,0.12662531435489655,0.12020514905452728,0.0033901305869221687,0.0003030034713447094
3273,0.12661513686180115,0.12019586563110352,0.0033891904167830944,0.0003030078369192779
3274,0.126604825258255,0.12018643319606781,0.0033882681746035814,0.0003030119987670332
3275,0.12659436464309692,0.12017683684825897,0.0033873668871819973,0.0003030161315109581
3276,0.1265837699174881,0.1201670914888382,0.0033864763099700212,0.0003030206135008484
3277,0.12657305598258972,0.12015721946954727,0.0033855908550322056,0.00030302462982945144
3278,0.12656214833259583,0.12014716118574142,0.003384712152183056,0.0003030284424312413
3279,0.12655115127563477,0.12013697624206543,0.003383849747478962,0.00030303228413686156
3280,0.126539945602417,0.12012658268213272,0.0033830050379037857,0.0003030360385309905
3281,0.12652862071990967,0.12011604756116867,0.0033821850083768368,0.00030303941457532346
3282,0.1265171319246292,0.1201053261756897,0.0033813808113336563,0.0003030423540621996
3283,0.12650546431541443,0.1200944259762764,0.0033805840648710728,0.0003030451771337539
3284,0.1264936327934265,0.12008336186408997,0.0033798017539083958,0.00030304782558232546
3285,0.12648165225982666,0.12007210403680801,0.003379044821485877,0.0003030499501619488
3286,0.1264694631099701,0.12006064504384995,0.003378310240805149,0.00030305146356113255
3287,0.1264571249485016,0.12004898488521576,0.003377605462446809,0.0003030527150258422
3288,0.12644457817077637,0.12003713101148605,0.0033769235014915466,0.00030305294785648584
3289,0.12643183767795563,0.12002506107091904,0.003376254579052329,0.0003030527150258422
3290,0.12641891837120056,0.1200127899646759,0.0033756045158952475,0.0003030518419109285
3291,0.12640580534934998,0.12000031024217606,0.0033749837893992662,0.0003030502120964229
3292,0.12639246881008148,0.1199875995516777,0.003374390071257949,0.00030304756364785135
3293,0.12637892365455627,0.11997464299201965,0.003373837796971202,0.00030304447864182293
3294,0.12636516988277435,0.1199614480137825,0.003373315092176199,0.00030303982202894986
3295,0.12635119259357452,0.11994803696870804,0.0033728124108165503,0.0003030340012628585
3296,0.1263369768857956,0.11993437260389328,0.0033723320811986923,0.00030302724917419255
3297,0.12632252275943756,0.11992044746875763,0.003371880855411291,0.0003030199441127479
3298,0.12630784511566162,0.11990626156330109,0.003371469210833311,0.000303011474898085
3299,0.12629291415214539,0.11989180743694305,0.0033710962161421776,0.00030300120124593377
3300,0.12627771496772766,0.11987707018852234,0.0033707590773701668,0.00030298889032565057
3301,0.12626226246356964,0.11986204981803894,0.0033704580273479223,0.00030297611374408007
3302,0.12624654173851013,0.11984673142433167,0.0033701860811561346,0.0003029622894246131
3303,0.12623053789138794,0.1198311299085617,0.003369938349351287,0.0003029473591595888
3304,0.12621425092220306,0.11981521546840668,0.0033697308972477913,0.0003029308863915503
3305,0.1261976957321167,0.11979899555444717,0.003369562327861786,0.0003029130748473108
3306,0.12618079781532288,0.11978243291378021,0.0033694314770400524,0.0003028935461770743
3307,0.12616360187530518,0.11976552754640579,0.0033693425357341766,0.0003028735227417201
3308,0.1261460781097412,0.11974826455116272,0.0033692887518554926,0.0003028525388799608
3309,0.12612824141979218,0.11973067373037338,0.0033692591823637486,0.0003028309147339314
3310,0.12611006200313568,0.1197127103805542,0.003369260812178254,0.0003028088831342757
3311,0.12609153985977173,0.11969438940286636,0.00336929177865386,0.0003027857164852321
3312,0.12607266008853912,0.1196756586432457,0.0033693674486130476,0.0003027628699783236
3313,0.12605342268943787,0.1196565330028534,0.0033694799058139324,0.00030274043092504144
3314,0.12603378295898438,0.11963699012994766,0.0033696128521114588,0.0003027181373909116
3315,0.12601378560066223,0.1196170449256897,0.003369764657691121,0.00030269718263298273
3316,0.12599337100982666,0.11959666758775711,0.0033699306659400463,0.000302677828585729
3317,0.12597258388996124,0.1195758581161499,0.0033701248466968536,0.00030266024987213314
3318,0.1259513646364212,0.11955457180738449,0.003370343241840601,0.00030264552333392203
3319,0.12592972815036774,0.11953281611204147,0.0033705681562423706,0.00030263408552855253
3320,0.12590767443180084,0.11951059848070145,0.0033708042465150356,0.0003026269259862602
3321,0.12588515877723694,0.11948787420988083,0.0033710352145135403,0.0003026249469257891
3322,0.1258622109889984,0.11946465820074081,0.00337126012891531,0.0003026289341505617
3323,0.12583878636360168,0.11944091320037842,0.003371479455381632,0.00030264005181379616
3324,0.12581491470336914,0.11941664665937424,0.0033716789912432432,0.00030265917303040624
3325,0.1257905662059784,0.11939182877540588,0.0033718575723469257,0.0003026882477570325
3326,0.12576574087142944,0.11936645209789276,0.003372009377926588,0.0003027284110430628
3327,0.1257404386997223,0.11934050917625427,0.0033721216022968292,0.00030278044869191945
3328,0.12571462988853455,0.11931397765874863,0.0033721784129738808,0.0003028467472176999
3329,0.1256883293390274,0.11928685754537582,0.0033721751533448696,0.00030292896553874016
3330,0.12566150724887848,0.11925912648439407,0.0033721034415066242,0.0003030282096005976
3331,0.12563417851924896,0.11923075467348099,0.003371963044628501,0.0003031464875675738
3332,0.12560637295246124,0.11920177191495895,0.003371739760041237,0.0003032858367078006
3333,0.12557803094387054,0.11917213350534439,0.0033714144956320524,0.0003034482942894101
3334,0.12554918229579926,0.11914185434579849,0.0033709811978042126,0.00030363554833456874
3335,0.12551982700824738,0.11911088973283768,0.003370435442775488,0.0003038502181880176
3336,0.1254899501800537,0.11907924711704254,0.0033697611652314663,0.00030409370083361864
3337,0.12545956671237946,0.11904692649841309,0.0033689592964947224,0.0003043683827854693
3338,0.12542866170406342,0.11901389062404633,0.0033680149354040623,0.00030467595206573606
3339,0.12539726495742798,0.11898013949394226,0.0033669343683868647,0.00030501902801916003
3340,0.12536537647247314,0.11894568800926208,0.0033657008316367865,0.00030539906583726406
3341,0.12533298134803772,0.11891049146652222,0.003364311531186104,0.0003058176953345537
3342,0.1253000944852829,0.11887456476688385,0.003362763673067093,0.00030627750675193965
3343,0.12526674568653107,0.11883789300918579,0.0033610546961426735,0.00030677966424264014
3344,0.12523294985294342,0.11880048364400864,0.003359203226864338,0.00030732611776329577
3345,0.12519867718219757,0.1187622919678688,0.003357204142957926,0.0003079178277403116
3346,0.1251639574766159,0.11872333288192749,0.0033550597727298737,0.00030855636578053236
3347,0.1251288205385208,0.11868361383676529,0.0033527780324220657,0.0003092428087256849
3348,0.1250932663679123,0.11864310503005981,0.0033503733575344086,0.000309978291625157
3349,0.12505730986595154,0.11860182881355286,0.0033478420227766037,0.0003107643860857934
3350,0.12502095103263855,0.11855974048376083,0.0033452094066888094,0.0003116008301731199
3351,0.1249842569231987,0.11851688474416733,0.0033424943685531616,0.00031248806044459343
3352,0.1249471977353096,0.11847320944070816,0.0033397176302969456,0.0003134271828457713
3353,0.12490978091955185,0.11842872202396393,0.0033368803560733795,0.00031441840110346675
3354,0.12487208098173141,0.11838345974683762,0.0033339993096888065,0.0003154620935674757
3355,0.1248340755701065,0.11833740025758743,0.0033310838043689728,0.00031655843486078084
3356,0.12479577213525772,0.11829053610563278,0.003328163642436266,0.00031770719215273857
3357,0.12475721538066864,0.11824286729097366,0.0033252660650759935,0.0003189081035088748
3358,0.12471839785575867,0.11819440126419067,0.0033223889768123627,0.0003201604704372585
3359,0.12467934191226959,0.11814513802528381,0.003319554729387164,0.0003214651078451425
3360,0.1246400848031044,0.11809509992599487,0.00331677682697773,0.00032282088068313897
3361,0.1246006116271019,0.11804427951574326,0.0033140655141323805,0.00032422717777080834
3362,0.12456095218658447,0.11799269914627075,0.0033114231191575527,0.00032568283495493233
3363,0.12452112138271332,0.11794034391641617,0.0033089006319642067,0.00032718805596232414
3364,0.12448110431432724,0.1178872287273407,0.00330647942610085,0.00032873943564482033
3365,0.12444093078374863,0.11783337593078613,0.0033041820861399174,0.0003303373814560473
3366,0.12440063804388046,0.11777880042791367,0.003302029799669981,0.00033198046730831265
3367,0.12436017394065857,0.1177235022187233,0.003300013253465295,0.0003336662193760276
3368,0.12431959062814713,0.11766749620437622,0.003298162017017603,0.00033539324067533016
3369,0.12427888065576553,0.11761078238487244,0.0032965075224637985,0.0003371588245499879
3370,0.12423805892467499,0.11755341291427612,0.003295030677691102,0.0003389609919395298
3371,0.1241971105337143,0.11749536544084549,0.003293765941634774,0.0003407978801988065
3372,0.12415606528520584,0.11743666976690292,0.003292726818472147,0.0003426670446060598
3373,0.12411490082740784,0.11737734079360962,0.0032919077202677727,0.0003445652255322784
3374,0.12407363206148148,0.11731738597154617,0.0032913372851908207,0.0003464909386821091
3375,0.12403226643800735,0.11725682765245438,0.00329102436080575,0.00034844150650314987
3376,0.12399078905582428,0.11719568073749542,0.003290967084467411,0.0003504138730932027
3377,0.12394921481609344,0.1171339750289917,0.0032911780290305614,0.00035240635043010116
3378,0.12390756607055664,0.11707174777984619,0.003291649278253317,0.00035441649379208684
3379,0.12386579811573029,0.1170090064406395,0.003292372915893793,0.00035644177114591
3380,0.12382394075393677,0.116945780813694,0.0032933589536696672,0.00035847985418513417
3381,0.12378200888633728,0.11688211560249329,0.0032946006394922733,0.0003605287929531187
3382,0.12373997271060944,0.11681804805994034,0.0032960674725472927,0.00036258524050936103
3383,0.12369784712791443,0.11675357818603516,0.00329778715968132,0.0003646478580776602
3384,0.12365561723709106,0.11668877303600311,0.0032997054513543844,0.0003667136770673096
3385,0.12361331284046173,0.11662367731332779,0.0033018263056874275,0.00036878074752166867
3386,0.12357092648744583,0.11655831336975098,0.0033041476272046566,0.00037084653740748763
3387,0.12352846562862396,0.11649272590875626,0.00330664636567235,0.0003729092422872782
3388,0.12348590791225433,0.11642694473266602,0.003309306688606739,0.0003749656316358596
3389,0.12344329804182053,0.11636100709438324,0.003312133252620697,0.0003770154726225883
3390,0.12340059131383896,0.11629495769739151,0.0033150790259242058,0.0003790555929299444
3391,0.12335781753063202,0.11622878909111023,0.0033181679900735617,0.0003810858470387757
3392,0.1233149841427803,0.11616259068250656,0.003321355674415827,0.0003831035573966801
3393,0.12327205389738083,0.11609631031751633,0.0033246539533138275,0.000385109189664945
3394,0.12322908639907837,0.1160300150513649,0.0033280481584370136,0.0003871022490784526
3395,0.12318602949380875,0.11596371978521347,0.0033314977772533894,0.00038908133865334094
3396,0.12314292788505554,0.11589743196964264,0.003335015382617712,0.0003910480299964547
3397,0.12309976667165756,0.11583121865987778,0.0033385513816028833,0.000392999587347731
3398,0.12305653840303421,0.11576497554779053,0.003342163283377886,0.00039493993972428143
3399,0.12301325052976608,0.11569888144731522,0.0033457172103226185,0.00039686483796685934
3400,0.12296990305185318,0.11563277989625931,0.0033493428491055965,0.00039877815288491547
3401,0.1229264959692955,0.11556681245565414,0.003352909116074443,0.0004006772069260478
3402,0.12288304418325424,0.11550094932317734,0.0033564534969627857,0.0004025641246698797
3403,0.1228395402431488,0.11543518304824829,0.0033599701710045338,0.0004044384986627847
3404,0.12279597669839859,0.11536958813667297,0.003363402560353279,0.0004062989028170705
3405,0.1227523535490036,0.11530403047800064,0.0033668384421616793,0.0004081487422809005
3406,0.12270867824554443,0.11523871123790741,0.003370127873495221,0.00040998400072567165
3407,0.12266494333744049,0.11517340689897537,0.003373431973159313,0.00041181090637110174
3408,0.12262115627527237,0.1151084378361702,0.003376495558768511,0.0004136220959480852
3409,0.12257730215787888,0.11504334211349487,0.003379670437425375,0.00041542883263900876
3410,0.12253338098526001,0.11497876048088074,0.003382469527423382,0.00041721542947925627
3411,0.12248940765857697,0.11491374671459198,0.003385581774637103,0.00041900775977410376
3412,0.12244537472724915,0.1148497685790062,0.0033879124093800783,0.00042076900717802346
3413,0.12240126729011536,0.11478455364704132,0.0033911382779479027,0.0004225578159093857
3414,0.1223570853471756,0.1147216334939003,0.003392632119357586,0.00042428262531757355
3415,0.12231284379959106,0.1146552786231041,0.00339663028717041,0.0004260934656485915
3416,0.12226852774620056,0.11459501832723618,0.003396102460101247,0.00042774100438691676
3417,0.12222414463758469,0.11452451348304749,0.003403052221983671,0.0004296580154914409
3418,0.12217969447374344,0.11447256803512573,0.0033963345922529697,0.0004310794174671173
3419,0.1221352219581604,0.1143869087100029,0.0034142632503062487,0.0004334049008321017
3420,0.12209086865186691,0.11436478793621063,0.003385771531611681,0.000434030283940956
3421,0.12204723805189133,0.1142207682132721,0.0034463610500097275,0.0004380106402095407
3422,0.12200691550970078,0.11431682854890823,0.003333372762426734,0.000435670925071463
3423,0.12198086827993393,0.11393150687217712,0.0035746556241065264,0.0004474706656765193
3424,0.12201772630214691,0.11453823000192642,0.0031183240935206413,0.000436117552453652
3425,0.122344009578228,0.11308750510215759,0.004247783217579126,0.0005008718580938876
3426,0.12397284805774689,0.11608670651912689,0.00259357038885355,0.0005292573478072882
3427,0.13135746121406555,0.11005908995866776,0.009459025226533413,0.0011839347425848246
3428,0.1518758088350296,0.12263461947441101,0.006686154752969742,0.0022555033210664988
3429,0.1718698889017105,0.10555800050497055,0.027950609102845192,0.003836127696558833
3430,0.12667736411094666,0.11375715583562851,0.006485986523330212,0.0006434224778786302
3431,0.14523851871490479,0.12040059268474579,0.005504761356860399,0.0019333167001605034
3432,0.1375020146369934,0.10987743735313416,0.012564987875521183,0.0015059593133628368
3433,0.13381123542785645,0.11130572110414505,0.010693209245800972,0.0011812311131507158
3434,0.13203759491443634,0.11983568221330643,0.0026316388975828886,0.0009570271940901875
3435,0.13353809714317322,0.11994632333517075,0.003945755772292614,0.0009646012913435698
3436,0.12602382898330688,0.11320924758911133,0.007160867564380169,0.0005653711850754917
3437,0.1337490677833557,0.11212334036827087,0.01115298829972744,0.0010472743306308985
3438,0.12523433566093445,0.11524632573127747,0.00578669598326087,0.00042013166239485145
3439,0.12864182889461517,0.11896377801895142,0.0017587062902748585,0.0007919335621409118
3440,0.1281595677137375,0.11878755688667297,0.0023014608304947615,0.0007070551509968936
3441,0.12586241960525513,0.11600132286548615,0.0034244658891111612,0.0006436625262722373
3442,0.1272226721048355,0.11481067538261414,0.0051215169951319695,0.0007290476351045072
3443,0.12662197649478912,0.11535844951868057,0.005841181613504887,0.0005422340473160148
3444,0.12662431597709656,0.11613156646490097,0.005038578994572163,0.0005454171914607286
3445,0.12559331953525543,0.11642157286405563,0.004094685893505812,0.0005077063688077033
3446,0.12574271857738495,0.11651968210935593,0.0028511760756373405,0.000637186923995614
3447,0.12644197046756744,0.11713799089193344,0.0018799848621711135,0.0007423993083648384
3448,0.12506869435310364,0.1176142543554306,0.0023252880200743675,0.0005129147320985794
3449,0.1246490478515625,0.11685535311698914,0.004044410772621632,0.0003749282914213836
3450,0.1258903443813324,0.11556631326675415,0.0065635861828923225,0.0003760445397347212
3451,0.12478101253509521,0.11512020230293274,0.006542082875967026,0.0003118725144304335
3452,0.12421273440122604,0.11618559062480927,0.0037729234900325537,0.0004254223604220897
3453,0.1250150203704834,0.11792299896478653,0.00175539031624794,0.0005336621543392539
3454,0.12462297081947327,0.11832273006439209,0.001541969832032919,0.00047582725528627634
3455,0.1239175945520401,0.11682448536157608,0.003131659235805273,0.00039614533307030797
3456,0.12435021251440048,0.11501830071210861,0.005878400057554245,0.0003453512617852539
3457,0.1241450086236,0.11454521864652634,0.006207148544490337,0.00033926410833373666
3458,0.12384431809186935,0.1156354695558548,0.0040724268183112144,0.0004136422066949308
3459,0.12390603125095367,0.11685486137866974,0.002415513154119253,0.0004635656368918717
3460,0.12364353984594345,0.116762675344944,0.002203762298449874,0.0004677104880101979
3461,0.12380668520927429,0.11569742113351822,0.0034902417100965977,0.00046190270222723484
3462,0.12356214225292206,0.11484180390834808,0.004569532349705696,0.00041508040158078074
3463,0.12330776453018188,0.11491816490888596,0.004277586005628109,0.00041120126843452454
3464,0.1236395463347435,0.11549790948629379,0.003627034602686763,0.0004514602478593588
3465,0.1232302114367485,0.1156061589717865,0.0032595470547676086,0.00043645076220855117
3466,0.12311334162950516,0.11525539308786392,0.0035071242600679398,0.000435082329204306
3467,0.12335637211799622,0.11504042148590088,0.0037837252020835876,0.0004532227467279881
3468,0.12296685576438904,0.11518387496471405,0.003415571991354227,0.00043674116022884846
3469,0.12296164035797119,0.11542996764183044,0.0031945067457854748,0.00043371677747927606
3470,0.12303408235311508,0.11528308689594269,0.003470383118838072,0.0004280611756257713
3471,0.12275080382823944,0.11482204496860504,0.003916254732757807,0.0004012501158285886
3472,0.12280860543251038,0.11464696377515793,0.004088692367076874,0.00040729460306465626
3473,0.12272567301988602,0.11492476612329483,0.0035359952598810196,0.0004264914896339178
3474,0.12256680428981781,0.11528182029724121,0.0029153707437217236,0.00043696173815988004
3475,0.1226181611418724,0.11522191762924194,0.002972499467432499,0.0004423747886903584
3476,0.12244494259357452,0.11469058692455292,0.0035213157534599304,0.00042330363066866994
3477,0.12240830063819885,0.11425192654132843,0.0040632882155478,0.00040930905379354954
3478,0.12239041179418564,0.11430277675390244,0.0039218394085764885,0.00041657951078377664
3479,0.12221814692020416,0.1146625503897667,0.0032387087121605873,0.00043168896809220314
3480,0.12224168330430984,0.11487077921628952,0.0028481772169470787,0.00045227230293676257
3481,0.12214440852403641,0.1146308183670044,0.0030040121637284756,0.0004509574209805578
3482,0.12203557044267654,0.11416290700435638,0.0035177157260477543,0.0004354945558588952
3483,0.12204292416572571,0.11387299746274948,0.0038614270742982626,0.0004308496427256614
3484,0.12191437929868698,0.11391203850507736,0.0036467767786234617,0.00043555660522542894
3485,0.12187137454748154,0.11414585262537003,0.0032064970582723618,0.0004519022477325052
3486,0.12181771546602249,0.11425673216581345,0.0029689522925764322,0.00045920314732939005
3487,0.12172868102788925,0.11406157910823822,0.003138577565550804,0.00045285196392796934
3488,0.12168954312801361,0.11367814987897873,0.0035545770078897476,0.00044568150769919157
3489,0.12161034345626831,0.11340949684381485,0.003752736607566476,0.00044481048826128244
3490,0.12156417220830917,0.11346041411161423,0.0035533225163817406,0.0004550436860881746
3491,0.1214919239282608,0.11365221440792084,0.0032047941349446774,0.00046349139302037656
3492,0.12144026905298233,0.11362935602664948,0.0031292159110307693,0.0004681695718318224
3493,0.12138325721025467,0.11330894380807877,0.003396786516532302,0.0004677527176681906
3494,0.1213143914937973,0.11300288885831833,0.0036458875983953476,0.00046656097401864827
3495,0.12127231806516647,0.11298339068889618,0.003592011984437704,0.00046969164395704865
3496,0.12120355665683746,0.11310343444347382,0.0033557082060724497,0.00047444141819141805
3497,0.12114991247653961,0.11306475847959518,0.003272706177085638,0.0004812449333257973
3498,0.1210997998714447,0.1128639504313469,0.0033687930554151535,0.000486705539515242
3499,0.12103290110826492,0.11273351311683655,0.003438670886680484,0.0004860713961534202
3500,0.12098726630210876,0.11271384358406067,0.0034324645530432463,0.000484095566207543
3501,0.12092594802379608,0.11264555901288986,0.003437585197389126,0.0004842804919462651
3502,0.12087039649486542,0.11253071576356888,0.0034513031132519245,0.00048883754061535
3503,0.12081867456436157,0.11252517253160477,0.003358048154041171,0.000493544852361083
3504,0.12075766175985336,0.1125754714012146,0.003253788687288761,0.0004928402486257255
3505,0.12070722877979279,0.11245448142290115,0.0033406096044927835,0.000491213402710855
3506,0.12064684182405472,0.1122058853507042,0.0035326017532497644,0.0004908354603685439
3507,0.12059493362903595,0.11212658882141113,0.003532953094691038,0.0004935394390486181
3508,0.12053504586219788,0.11224651336669922,0.0033220206387341022,0.0004966515116393566
3509,0.12048155814409256,0.1122606098651886,0.0032297312282025814,0.0004991216701455414
3510,0.12042292207479477,0.11205607652664185,0.003375146072357893,0.0004991702153347433
3511,0.12036564201116562,0.11187365651130676,0.003521272446960211,0.0004970714217051864
3512,0.12030991166830063,0.11185995489358902,0.0034773065708577633,0.0004972653114236891
3513,0.12024866789579391,0.11187945306301117,0.003351653926074505,0.000501756090670824
3514,0.12019404023885727,0.11182334274053574,0.0033112666569650173,0.0005059431423433125
3515,0.12013182044029236,0.11172579228878021,0.0033618956804275513,0.0005044133285991848
3516,0.12007484585046768,0.11160912364721298,0.0034514861181378365,0.0005014233174733818
3517,0.1200137585401535,0.11150030046701431,0.003487660549581051,0.0005025793216191232
3518,0.11995366960763931,0.11148197203874588,0.00340839521959424,0.0005063300486654043
3519,0.11989297717809677,0.11150337010622025,0.0033144245389848948,0.0005075179506093264
3520,0.11983077973127365,0.11140532046556473,0.003359406255185604,0.0005066055455245078
3521,0.11976924538612366,0.1112355887889862,0.003471845993772149,0.0005061809788458049
3522,0.119705431163311,0.1111789122223854,0.0034619071520864964,0.000506461423356086
3523,0.11964268237352371,0.11119434237480164,0.0033733248710632324,0.0005075011868029833
3524,0.11957719922065735,0.11112982034683228,0.003359907539561391,0.0005087475874461234
3525,0.11951302736997604,0.1110309436917305,0.003394500818103552,0.0005087584140710533
3526,0.1194460541009903,0.11097412556409836,0.0033950067590922117,0.0005076920497231185
3527,0.1193796843290329,0.11089679598808289,0.00339839281514287,0.0005084496224299073
3528,0.11931170523166656,0.11080663651227951,0.0034052918199449778,0.0005099773989059031
3529,0.119242824614048,0.11077351868152618,0.0033682850189507008,0.0005101014976389706
3530,0.11917350441217422,0.11072538793087006,0.003342715557664633,0.0005105399759486318
3531,0.11910242587327957,0.11061035841703415,0.0033707316033542156,0.0005121337599121034
3532,0.11903108656406403,0.11051975190639496,0.003386912401765585,0.0005124416784383357
3533,0.11895819008350372,0.11045997589826584,0.0033759968355298042,0.0005122215370647609
3534,0.1188846230506897,0.11037667095661163,0.0033671571873128414,0.000514079409185797
3535,0.11880970001220703,0.11031187325716019,0.003337644040584564,0.0005160185974091291
3536,0.11873400211334229,0.11024365574121475,0.003328567836433649,0.0005161776207387447
3537,0.11865682899951935,0.1101156547665596,0.003379873698577285,0.0005161304143257439
3538,0.1185789704322815,0.11002548784017563,0.003387460485100746,0.0005166027694940567
3539,0.11849962919950485,0.10999646037817001,0.0033247265964746475,0.0005178441060706973
3540,0.11841943860054016,0.10991129279136658,0.0033115167170763016,0.0005196628626435995
3541,0.11833777278661728,0.10979563742876053,0.003346389392390847,0.0005195746780373156
3542,0.11825532466173172,0.10970813781023026,0.0033604977652430534,0.0005186692578718066
3543,0.11817126721143723,0.10961949825286865,0.003349992912262678,0.0005201775929890573
3544,0.11808636784553528,0.10955657064914703,0.0033124599140137434,0.0005217338330112398
3545,0.1180000826716423,0.10948345065116882,0.0033022065181285143,0.0005214420380070806
3546,0.1179126501083374,0.10935431718826294,0.0033436925150454044,0.0005214638658799231
3547,0.11782388389110565,0.1092657670378685,0.0033384240232408047,0.0005219688173383474
3548,0.11773405224084854,0.10919886082410812,0.0033062887378036976,0.0005228897789493203
3549,0.11764287203550339,0.10909739881753922,0.0033102459274232388,0.0005235224962234497
3550,0.11755053699016571,0.10901471227407455,0.0033065713942050934,0.0005229245871305466
3551,0.1174568384885788,0.1089126467704773,0.003308539278805256,0.0005235647549852729
3552,0.11736208200454712,0.10880956053733826,0.0033079017885029316,0.0005244619678705931
3553,0.11726593226194382,0.10872969776391983,0.0032958388328552246,0.0005240397294983268
3554,0.11716865748167038,0.10862138867378235,0.003302003489807248,0.0005245269858278334
3555,0.1170700415968895,0.10853919386863708,0.0032806158997118473,0.0005250230897217989
3556,0.1169702559709549,0.10843274742364883,0.0032833029981702566,0.0005254206480458379
3557,0.11686921119689941,0.1083148717880249,0.0033018647227436304,0.0005252475384622812
3558,0.11676694452762604,0.10823162645101547,0.003283863887190819,0.0005251456168480217
3559,0.11666344106197357,0.10812485218048096,0.0032741157338023186,0.0005264476640149951
3560,0.11655865609645844,0.1080334484577179,0.003263825085014105,0.0005261384067125618
3561,0.11645262688398361,0.10789801180362701,0.0032922918908298016,0.0005262325867079198
3562,0.11634532362222672,0.107808418571949,0.00327384565025568,0.0005263062193989754
3563,0.11623680591583252,0.10769689828157425,0.0032671326771378517,0.0005272779380902648
3564,0.11612695455551147,0.10759952664375305,0.0032595950178802013,0.0005267834640108049
3565,0.11601585149765015,0.10746704787015915,0.0032760549802333117,0.0005272742710076272
3566,0.11590340733528137,0.10737372189760208,0.0032553074415773153,0.0005274376017041504
3567,0.11578968167304993,0.10723065584897995,0.003276027739048004,0.0005282994243316352
3568,0.1156746968626976,0.10715950280427933,0.0032447222620248795,0.0005270471447147429
3569,0.11555875092744827,0.10697278380393982,0.0032897209748625755,0.0005296244053170085
3570,0.11544279009103775,0.10698329657316208,0.003192763775587082,0.0005266733933240175
3571,0.11533130705356598,0.1066034585237503,0.0033904658630490303,0.0005337381735444069
3572,0.11524252593517303,0.10697672516107559,0.0030272183939814568,0.0005238588200882077
3573,0.11526437848806381,0.1058574691414833,0.0037820376455783844,0.0005624867044389248
3574,0.11581747978925705,0.1078999862074852,0.0023110280744731426,0.000560646818485111
3575,0.11914259940385818,0.1031990572810173,0.006318280473351479,0.0009625261300243437
3576,0.1351010501384735,0.11419202387332916,0.0008765821694396436,0.0020032438915222883
3577,0.19452542066574097,0.09590399265289307,0.027047280222177505,0.007157415617257357
3578,0.1950276792049408,0.12362772971391678,0.0035193883813917637,0.006788055878132582
3579,0.12639695405960083,0.10215654224157333,0.011863186955451965,0.0012377231614664197
3580,0.14644233882427216,0.10027997195720673,0.017011180520057678,0.0029151190537959337
3581,0.13615122437477112,0.11668552458286285,0.0010456853779032826,0.001842001685872674
3582,0.12725241482257843,0.11491792649030685,0.0008632823009975255,0.001147120026871562
3583,0.13357704877853394,0.10216141492128372,0.01091738510876894,0.002049824455752969
3584,0.1253035068511963,0.1031818687915802,0.008652454242110252,0.0013469182886183262
3585,0.12717664241790771,0.11409652978181839,0.0012301935348659754,0.0011849922593683004
3586,0.12572939693927765,0.11411140859127045,0.0013195141218602657,0.0010298469569534063
3587,0.12213365733623505,0.10534622520208359,0.004343106877058744,0.001244432176463306
3588,0.12721633911132812,0.10441010445356369,0.005946273449808359,0.001685995957814157
3589,0.1178484559059143,0.10980036109685898,0.00235535716637969,0.000569273135624826
3590,0.12613041698932648,0.11303494870662689,0.0019430536776781082,0.0011152410879731178
3591,0.11864610016345978,0.10962191969156265,0.004501011222600937,0.0004523175593931228
3592,0.12203670293092728,0.10750356316566467,0.005008935462683439,0.0009524201159365475
3593,0.12196718901395798,0.10959672927856445,0.003661000868305564,0.0008709462126716971
3594,0.11796547472476959,0.11037398129701614,0.0024307810235768557,0.0005160713917575777
3595,0.12208566814661026,0.10916008800268173,0.004860491957515478,0.0008065086440183222
3596,0.11811240017414093,0.10683589428663254,0.005814033560454845,0.0005462473491206765
3597,0.11924634128808975,0.10662121325731277,0.0038789482787251472,0.0008746179519221187
3598,0.11991718411445618,0.10744097083806992,0.00312194786965847,0.0009354266803711653
3599,0.11712662875652313,0.10731656104326248,0.0034796050749719143,0.0006330461474135518
3600,0.11999981105327606,0.10754700750112534,0.005180016625672579,0.0007272785878740251
3601,0.11694006621837616,0.1074981689453125,0.0035697217099368572,0.0005872178007848561
3602,0.11828430742025375,0.10774922370910645,0.003182563465088606,0.0007352523971349001
3603,0.11781677603721619,0.1070275828242302,0.0036997366696596146,0.0007089459686540067
3604,0.1168031394481659,0.10683847218751907,0.004639148712158203,0.0005325517849996686
3605,0.11805977672338486,0.10797139257192612,0.0037608486600220203,0.0006327535375021398
3606,0.11643417179584503,0.10826446861028671,0.0027715028263628483,0.0005398198845796287
3607,0.11716768145561218,0.10707683861255646,0.0036649780813604593,0.0006425866740755737
3608,0.1167314201593399,0.105898916721344,0.004553326405584812,0.0006279179360717535
3609,0.11613287031650543,0.10670623183250427,0.0037172683514654636,0.0005709369434043765
3610,0.11680644005537033,0.10758659988641739,0.002473276574164629,0.000674655893817544
3611,0.11568710952997208,0.1063263937830925,0.0030968021601438522,0.000626391323748976
3612,0.11645456403493881,0.1046874150633812,0.004637130070477724,0.0007130017038434744
3613,0.11560936272144318,0.10516111552715302,0.004211753606796265,0.0006236492190510035
3614,0.11583906412124634,0.1069469302892685,0.002668429631739855,0.0006223698728717864
3615,0.11558597534894943,0.10698462277650833,0.0026475172489881516,0.0005953834042884409
3616,0.11530887335538864,0.10545795410871506,0.004048705101013184,0.000580221472773701
3617,0.1155003011226654,0.10515445470809937,0.004359268583357334,0.0005986575852148235
3618,0.11494950205087662,0.1063249409198761,0.003151997923851013,0.0005472566117532551
3619,0.1152808740735054,0.10661695897579193,0.002896425314247608,0.0005767488037236035
3620,0.11470600217580795,0.10537273436784744,0.0038948075380176306,0.0005438460502773523
3621,0.1149575486779213,0.104869045317173,0.00406159833073616,0.0006026898045092821
3622,0.11451415717601776,0.10568884760141373,0.003034922294318676,0.000579038867726922
3623,0.11464441567659378,0.10590364784002304,0.0028551847208291292,0.0005885587306693196
3624,0.11434514820575714,0.10483605414628983,0.0037788818590343,0.0005730210104957223
3625,0.11434893310070038,0.10432954877614975,0.0038280764129012823,0.0006191307911649346
3626,0.11416134983301163,0.10493968427181244,0.0030673458240926266,0.0006154319271445274
3627,0.11407426744699478,0.10508429259061813,0.0030843052081763744,0.0005905674770474434
3628,0.11395520716905594,0.10447908192873001,0.003818575758486986,0.0005657543078996241
3629,0.11382675170898438,0.10440903156995773,0.003570746397599578,0.0005846979329362512
3630,0.11374696344137192,0.10482166707515717,0.0030858865939080715,0.0005839404766447842
3631,0.11360442638397217,0.10462058335542679,0.003380418987944722,0.0005603426834568381
3632,0.11351945251226425,0.10419440269470215,0.0037509738467633724,0.0005574080278165638
3633,0.11338937282562256,0.10424850881099701,0.003271159715950489,0.000586970301810652
3634,0.11328244209289551,0.10427016019821167,0.0031201383098959923,0.0005892142071388662
3635,0.11318640410900116,0.10396914184093475,0.0035589635372161865,0.0005658300942741334
3636,0.11304742842912674,0.10390779376029968,0.0034383032470941544,0.0005701335612684488
3637,0.11298178881406784,0.103938527405262,0.0030667914543300867,0.0005976471002213657
3638,0.11281289905309677,0.10359540581703186,0.0033496455289423466,0.0005867849104106426
3639,0.11276166141033173,0.10344602167606354,0.0036133015528321266,0.0005702340858988464
3640,0.11258938908576965,0.10358364135026932,0.0032292897813022137,0.0005776459001936018
3641,0.11253299564123154,0.1033436506986618,0.0033182972110807896,0.0005871053435839713
3642,0.11237427592277527,0.10306688398122787,0.003657430876046419,0.0005649958620779216
3643,0.11229870468378067,0.10331776738166809,0.0033402196131646633,0.0005640716408379376
3644,0.11215274035930634,0.10320016741752625,0.003196405479684472,0.0005756166065111756
3645,0.11206243932247162,0.1026858538389206,0.00359281525015831,0.0005783764063380659
3646,0.11192931979894638,0.10281012207269669,0.0034365542232990265,0.000568264105822891
3647,0.11182071268558502,0.10294090211391449,0.0031402651220560074,0.0005739545449614525
3648,0.111711286008358,0.10243939608335495,0.0034854074474424124,0.0005786483525298536
3649,0.11157263070344925,0.1024029403924942,0.003466923488304019,0.0005702764610759914
3650,0.11148227006196976,0.10264714062213898,0.0031397605780512094,0.0005695366999134421
3651,0.1113353744149208,0.10217151790857315,0.0034597814083099365,0.0005704073118977249
3652,0.1112293004989624,0.10194311290979385,0.003565331222489476,0.0005720852641388774
3653,0.11110852658748627,0.10219496488571167,0.0032458906061947346,0.0005667671794071794
3654,0.11097224801778793,0.10186788439750671,0.003474215976893902,0.0005630149389617145
3655,0.11086364090442657,0.10160946100950241,0.0035546491853892803,0.0005699533503502607
3656,0.11072567105293274,0.10177209973335266,0.0032813926227390766,0.0005672181723639369
3657,0.11060235649347305,0.10148799419403076,0.0034834821708500385,0.0005630882806144655
3658,0.11047639697790146,0.10124716907739639,0.0035130763426423073,0.0005716150044463575
3659,0.11033764481544495,0.10131905972957611,0.0033349061850458384,0.0005683671915903687
3660,0.11021488904953003,0.10112224519252777,0.003502046689391136,0.0005590594955720007
3661,0.11007648706436157,0.10098494589328766,0.0034333395306020975,0.0005658201989717782
3662,0.10993548482656479,0.10090719908475876,0.0034103733487427235,0.0005617908318527043
3663,0.10980695486068726,0.10073799639940262,0.0035251607187092304,0.0005543799488805234
3664,0.10966404527425766,0.10062336921691895,0.003417623694986105,0.0005623051547445357
3665,0.10951785743236542,0.10042015463113785,0.003534058341756463,0.0005563647719100118
3666,0.10937986522912979,0.10039498656988144,0.0034552805591374636,0.0005529595073312521
3667,0.10923367738723755,0.1002110093832016,0.0034288675524294376,0.0005593800451606512
3668,0.10908326506614685,0.0999826118350029,0.003567148931324482,0.0005533500807359815
3669,0.10893721878528595,0.10003536194562912,0.00335293123498559,0.0005548925255425274
3670,0.10878599435091019,0.09967543184757233,0.00356124434620142,0.0005549319321289659
3671,0.10862836241722107,0.09968042373657227,0.0034484299831092358,0.000549951393622905
3672,0.10847333818674088,0.09957782179117203,0.003418023232370615,0.0005477496888488531
3673,0.1083192527294159,0.09927178919315338,0.003579780925065279,0.0005467686569318175
3674,0.10815946757793427,0.09935323894023895,0.003365583484992385,0.0005440643872134387
3675,0.1079958900809288,0.09898702055215836,0.0036060167476534843,0.0005402855458669364
3676,0.10783318430185318,0.0990036204457283,0.0033956265542656183,0.000543394242413342
3677,0.10767067968845367,0.09874266386032104,0.003593672066926956,0.000533434737008065
3678,0.10750552266836166,0.09871889650821686,0.003355671651661396,0.0005430950550362468
3679,0.10733925551176071,0.09834778308868408,0.0036987639032304287,0.0005292706191539764
3680,0.10717812925577164,0.09858176857233047,0.003169903764501214,0.0005426456918939948
3681,0.10703572630882263,0.09776556491851807,0.004061329178512096,0.0005208837101235986
3682,0.10694999992847443,0.09873960167169571,0.002721045631915331,0.0005489345639944077
3683,0.10704201459884644,0.09675396978855133,0.005309252999722958,0.0004978789365850389
3684,0.10773125290870667,0.09980490803718567,0.0020109836477786303,0.0005915355286560953
3685,0.11013152450323105,0.09444234520196915,0.011260909959673882,0.00044282645103521645
3686,0.11613103002309799,0.10339239984750748,0.005152694880962372,0.0007585934363305569
3687,0.12028179317712784,0.09245142340660095,0.023994427174329758,0.0003835939569398761
3688,0.11301279813051224,0.10206232219934464,0.004163820296525955,0.0006786651210859418
3689,0.1062866672873497,0.09930527955293655,0.0023719030432403088,0.0004609485622495413
3690,0.11310514062643051,0.09392328560352325,0.014525627717375755,0.00046562240459024906
3691,0.11164205521345139,0.10351970046758652,0.0020758979953825474,0.0006046456983312964
3692,0.10671474039554596,0.09829605370759964,0.002859655534848571,0.0005559035926125944
3693,0.11276185512542725,0.09535771608352661,0.013456993736326694,0.0003947148798033595
3694,0.1084577739238739,0.09855017811059952,0.00307708652690053,0.0006830505444668233
3695,0.10807767510414124,0.10074089467525482,0.0009848643094301224,0.0006351914489641786
3696,0.11174369603395462,0.09231144934892654,0.011954715475440025,0.0007477529579773545
3697,0.10895247012376785,0.10064851492643356,0.0012762922560796142,0.000702766003087163
3698,0.1145913153886795,0.096455417573452,0.006036285776644945,0.0012099610175937414
3699,0.12230046838521957,0.09881123900413513,0.010898932814598083,0.0012590296100825071
3700,0.12844407558441162,0.09078700840473175,0.011972368694841862,0.0025684707798063755
3701,0.13101333379745483,0.10571356862783432,0.0002437352668493986,0.0025056032463908195
3702,0.12018930166959763,0.0924716368317604,0.010040877386927605,0.001767678651958704
3703,0.10796482861042023,0.09700556844472885,0.00675592478364706,0.0004203332355245948
3704,0.10962405800819397,0.10106466710567474,0.0008290156838484108,0.0007730372017249465
3705,0.11818091571331024,0.09323708713054657,0.008160611614584923,0.0016783213941380382
3706,0.11650130152702332,0.09781739115715027,0.00902935117483139,0.0009654556051827967
3707,0.10492666065692902,0.0956089049577713,0.003698099870234728,0.0005619650473818183
3708,0.11004980653524399,0.09735798090696335,0.0037870712112635374,0.0008904755231924355
3709,0.11426784843206406,0.100272536277771,0.004846977069973946,0.0009148335084319115
3710,0.10973688215017319,0.09206192195415497,0.00787622295320034,0.0009798735845834017
3711,0.10618791729211807,0.0973285436630249,0.0024938664864748716,0.0006365507724694908
3712,0.1087118610739708,0.09833115339279175,0.0022303294390439987,0.000815037521533668
3713,0.11190149188041687,0.09062996506690979,0.010876379907131195,0.0010395146673545241
3714,0.10525438189506531,0.09820100665092468,0.001666780561208725,0.0005386591074056923
3715,0.1060943454504013,0.09815509617328644,0.0014725658111274242,0.0006466686027124524
3716,0.1104876697063446,0.09005849063396454,0.010573028586804867,0.0009856149554252625
3717,0.1051156148314476,0.09671343863010406,0.002132126595824957,0.0006270051817409694
3718,0.10457426309585571,0.09717760980129242,0.0017784932861104608,0.0005618159775622189
3719,0.10760010778903961,0.091573067009449,0.00793229229748249,0.0008094753138720989
3720,0.10523390769958496,0.09711688756942749,0.0023369230329990387,0.0005780101637355983
3721,0.10389114171266556,0.09609601646661758,0.0021047622431069613,0.0005690365796908736
3722,0.10499092936515808,0.09167642146348953,0.006505260244011879,0.0006809248006902635
3723,0.10493982583284378,0.09584520012140274,0.0032231449149549007,0.0005871481262147427
3724,0.10366102308034897,0.09523528069257736,0.002857733052223921,0.0005568015621975064
3725,0.1032661646604538,0.09305180609226227,0.0050335354171693325,0.0005180820589885116
3726,0.10414547473192215,0.09547700732946396,0.003361909417435527,0.0005306553794071078
3727,0.10356564819812775,0.09407944977283478,0.0033533659297972918,0.0006132834241725504
3728,0.10237842053174973,0.09321589767932892,0.004390730056911707,0.0004771793610416353
3729,0.10306523740291595,0.0947098582983017,0.0034822961315512657,0.00048730781418271363
3730,0.10337290167808533,0.0936313346028328,0.0034891723189502954,0.0006252395687624812
3731,0.10217338055372238,0.09357326477766037,0.003840730059891939,0.00047593892668373883
3732,0.10196305066347122,0.09345956891775131,0.0034153093583881855,0.0005088172038085759
3733,0.10266460478305817,0.09266846626996994,0.0035812142305076122,0.0006414930103346705
3734,0.10227194428443909,0.09337558597326279,0.003910975996404886,0.0004985381965525448
3735,0.10143378376960754,0.0928351953625679,0.0035246640909463167,0.0005073930369690061
3736,0.10158611088991165,0.09284653514623642,0.0032573207281529903,0.0005482254782691598
3737,0.10192276537418365,0.09308505803346634,0.0038991556502878666,0.0004938551574014127
3738,0.10144298523664474,0.09232240915298462,0.0035136539954692125,0.000560691871214658
3739,0.10092435032129288,0.09307489544153214,0.0030218162573873997,0.00048276380402967334
3740,0.1010405570268631,0.09259825944900513,0.0039081876166164875,0.00045341081568039954
3741,0.10117857903242111,0.09227634221315384,0.003306231228634715,0.0005596002447418869
3742,0.10085482895374298,0.09254751354455948,0.003384872805327177,0.000492244609631598
3743,0.10044653713703156,0.09160958975553513,0.003654260654002428,0.0005182680324651301
3744,0.10038890689611435,0.0922490730881691,0.002886362373828888,0.0005253474810160697
3745,0.10049708187580109,0.09181685745716095,0.003926279954612255,0.0004753943358082324
3746,0.10038115829229355,0.09152555465698242,0.003213963471353054,0.0005641637835651636
3747,0.10005351901054382,0.09164829552173615,0.003397899679839611,0.0005007327999919653
3748,0.09978067129850388,0.09118271619081497,0.003455893835052848,0.0005142064765095711
3749,0.09971988201141357,0.0915881022810936,0.00294608436524868,0.0005185696063563228
3750,0.09976125508546829,0.09113483875989914,0.0038685756735503674,0.000475784094305709
3751,0.09972289949655533,0.09112066775560379,0.0030649586115032434,0.0005537269753403962
3752,0.09955119341611862,0.09061363339424133,0.004064645152539015,0.0004872918943874538
3753,0.09930980950593948,0.09106729924678802,0.00291127385571599,0.000533123267814517
3754,0.09911136329174042,0.09032327681779861,0.003898071125149727,0.0004890014533884823
3755,0.09899505227804184,0.09120766073465347,0.0027025146409869194,0.0005084879230707884
3756,0.09894589334726334,0.08962613344192505,0.004045881796628237,0.0005273878923617303
3757,0.09892479330301285,0.09120822697877884,0.002529091201722622,0.0005187471397221088
3758,0.09891942143440247,0.08910329639911652,0.004367226734757423,0.0005448904121294618
3759,0.0989692360162735,0.09160874038934708,0.0020579444244503975,0.0005302550853230059
3760,0.0992116779088974,0.08805722743272781,0.005592162720859051,0.000556229380890727
3761,0.10005796700716019,0.09249041974544525,0.0015903343446552753,0.0005977213731966913
3762,0.10231641680002213,0.08589179068803787,0.01064393762499094,0.0005780686042271554
3763,0.1086384728550911,0.09622117877006531,0.004473367240279913,0.0007943925447762012
3764,0.1169075220823288,0.08243052661418915,0.026776062324643135,0.0007700932328589261
3765,0.12487206608057022,0.10113854706287384,0.011712072417140007,0.00120214419439435
3766,0.10924506187438965,0.08445622771978378,0.01367093063890934,0.0011117903050035238
3767,0.10706617683172226,0.09343571960926056,0.006232639774680138,0.0007397814188152552
3768,0.11446886509656906,0.09298042953014374,0.010764110833406448,0.0010724327294155955
3769,0.10414388030767441,0.09214144200086594,0.006526817101985216,0.0005475619109347463
3770,0.10261985659599304,0.08739243447780609,0.009485125541687012,0.0005742294015362859
3771,0.1053183376789093,0.09571460634469986,0.004215315915644169,0.0005388417048379779
3772,0.09906589984893799,0.09304199367761612,0.001794585958123207,0.00042293232399970293
3773,0.10688035935163498,0.08508162945508957,0.013480975292623043,0.0008317754254676402
3774,0.10497741401195526,0.09526070207357407,0.0008581656729802489,0.0008858548826538026
3775,0.1028212159872055,0.08909018337726593,0.004093392286449671,0.0009637637995183468
3776,0.10591423511505127,0.08876547962427139,0.01192458625882864,0.0005224170163273811
3777,0.09851718693971634,0.08953999727964401,0.0025818967260420322,0.0006395293748937547
3778,0.10128774493932724,0.09156953543424606,0.002934259595349431,0.0006783945136703551
3779,0.10092867165803909,0.08901683986186981,0.007095246110111475,0.00048165820771828294
3780,0.10018621385097504,0.0867108628153801,0.006234145723283291,0.0007241204148158431
3781,0.10272704809904099,0.09433075040578842,0.0014045888092368841,0.0006991704576648772
3782,0.09872273355722427,0.08799088001251221,0.004629537463188171,0.0006102318875491619
3783,0.10004796087741852,0.08839264512062073,0.007704479154199362,0.00039508368354290724
3784,0.0985061377286911,0.09101851284503937,0.002386744599789381,0.000510088459122926
3785,0.09812839329242706,0.08946741372346878,0.0032214641105383635,0.0005439513479359448
3786,0.1004074290394783,0.08907248824834824,0.007352699525654316,0.0003982236667070538
3787,0.09834074974060059,0.08842210471630096,0.003718930296599865,0.0006199719500727952
3788,0.09895161539316177,0.09207809716463089,0.0012909298529848456,0.0005582583253271878
3789,0.09847190231084824,0.08630132675170898,0.0070550646632909775,0.000511550810188055
3790,0.09663558006286621,0.08910410106182098,0.002943767234683037,0.0004587711300700903
3791,0.0975339263677597,0.09003094583749771,0.0021751734893769026,0.000532780250068754
3792,0.09733796119689941,0.08636093139648438,0.006039087660610676,0.0004937941557727754
3793,0.09670043736696243,0.08889598399400711,0.002907004440203309,0.0004897443577647209
3794,0.0975765809416771,0.08808952569961548,0.003295028582215309,0.0006192029104568064
3795,0.09743683785200119,0.08808594197034836,0.004867361392825842,0.00044835361768491566
3796,0.09655439853668213,0.08693228662014008,0.00401851162314415,0.000560359563678503
3797,0.09670784324407578,0.08972407877445221,0.0018903289455920458,0.000509343110024929
3798,0.0965956449508667,0.08602534979581833,0.005791395902633667,0.00047789010568521917
3799,0.09583347290754318,0.08854648470878601,0.0025704035069793463,0.0004716584226116538
3800,0.09568455815315247,0.08782767504453659,0.0029572476632893085,0.0004899633931927383
3801,0.09595012664794922,0.08636826276779175,0.005148281343281269,0.00044335832353681326
3802,0.09571778774261475,0.08838484436273575,0.0023555606603622437,0.0004977378994226456
3803,0.09539404511451721,0.08664026111364365,0.00372028024867177,0.000503349700011313
3804,0.09560032188892365,0.0873323529958725,0.0037352435756474733,0.0004532728053163737
3805,0.09585007280111313,0.08697011321783066,0.003059650771319866,0.0005820313235744834
3806,0.09573639929294586,0.0873856246471405,0.003573044203221798,0.0004777726426254958
3807,0.0956771969795227,0.08554289489984512,0.004023323766887188,0.0006110978429205716
3808,0.09605035185813904,0.08872822672128677,0.001752290641888976,0.0005569837521761656
3809,0.09677091240882874,0.08394534885883331,0.005909349769353867,0.0006916206330060959
3810,0.09765354543924332,0.0897531509399414,0.0011673440458253026,0.0006733054178766906
3811,0.09913463890552521,0.08305317908525467,0.006529218517243862,0.0009552242117933929
3812,0.10143309831619263,0.09074307978153229,0.0013468125835061073,0.0009343207930214703
3813,0.10540234297513962,0.08225040137767792,0.007699520327150822,0.0015452424995601177
3814,0.10866877436637878,0.0922928899526596,0.0016599405789747834,0.0014715949073433876
3815,0.1109706237912178,0.08121279627084732,0.009581188671290874,0.002017664024606347
3816,0.10676982998847961,0.09214752912521362,0.000788637378718704,0.0013833667617291212
3817,0.10052360594272614,0.08190774917602539,0.008298313245177269,0.0010317538399249315
3818,0.09562688320875168,0.08834436535835266,0.0018175902077928185,0.0005464924615807831
3819,0.09555889666080475,0.08601591736078262,0.004868553020060062,0.0004674428782891482
3820,0.09839672595262527,0.08378300815820694,0.005043311044573784,0.0009570405818521976
3821,0.09993261843919754,0.08977603912353516,0.0012994096614420414,0.0008857168140821159
3822,0.09916580468416214,0.08185403048992157,0.007613046560436487,0.0009698726353235543
3823,0.09721638262271881,0.08924515545368195,0.0013990042498335242,0.0006572222337126732
3824,0.09608446806669235,0.08337996900081635,0.008124066516757011,0.0004580430395435542
3825,0.09617561101913452,0.0857819989323616,0.0034299727994948626,0.0006963638006709516
3826,0.09583592414855957,0.08650171011686325,0.003688715398311615,0.000564549642149359
3827,0.09520743042230606,0.08321922272443771,0.00512239383533597,0.0006865811883471906
3828,0.09516251087188721,0.08782173693180084,0.0017115161754190922,0.0005629255902022123
3829,0.0956256166100502,0.08316067606210709,0.008071565069258213,0.00043933771667070687
3830,0.09581176191568375,0.08665364980697632,0.0031767431646585464,0.0005981370341032743
3831,0.0945940911769867,0.08475291728973389,0.00535001652315259,0.00044911607983522117
3832,0.0934445932507515,0.0844053402543068,0.00349331833422184,0.000554593454580754
3833,0.09351703524589539,0.08620549738407135,0.002141131553798914,0.0005170404328964651
3834,0.09444287419319153,0.08330778777599335,0.0066695730201900005,0.00044655121746473014
3835,0.09509043395519257,0.08654910326004028,0.0026795295998454094,0.0005861807730980217
3836,0.09434402734041214,0.08355006575584412,0.006415581796318293,0.0004378377925604582
3837,0.09323044866323471,0.0855708122253418,0.0023506570141762495,0.0005308978143148124
3838,0.09263058006763458,0.0843840092420578,0.0033419725950807333,0.0004904596135020256
3839,0.09289612621068954,0.0841522291302681,0.0041838036850094795,0.0004560092347674072
3840,0.09347705543041229,0.08523206412792206,0.0026898363139480352,0.0005555155803449452
3841,0.09366395324468613,0.0831608921289444,0.006114536896348,0.00043885278864763677
3842,0.09349633008241653,0.08579147607088089,0.0023090599570423365,0.0005395793705247343
3843,0.09305237978696823,0.0827493965625763,0.005538849625736475,0.00047641320270486176
3844,0.09279818087816238,0.08571625500917435,0.002002295572310686,0.000507962831761688
3845,0.09268898516893387,0.08276665210723877,0.004414710216224194,0.000550762633793056
3846,0.09258684515953064,0.08518901467323303,0.002497549634426832,0.0004900285857729614
3847,0.09239055961370468,0.08318708837032318,0.0036203174386173487,0.0005583151942119002
3848,0.0921044647693634,0.08430198580026627,0.0031343363225460052,0.00046681478852406144
3849,0.09184885025024414,0.0836959257721901,0.0030631129629909992,0.0005089812912046909
3850,0.0917227491736412,0.08327443152666092,0.003713869024068117,0.0004734446993097663
3851,0.09175825864076614,0.08438583463430405,0.0025030141696333885,0.00048694084398448467
3852,0.0919409915804863,0.08230970799922943,0.004421541467308998,0.0005209741648286581
3853,0.0922950953245163,0.08520517498254776,0.0018602947238832712,0.0005229622474871576
3854,0.09298008680343628,0.08100813627243042,0.006191572640091181,0.0005780374631285667
3855,0.09459619224071503,0.08675187826156616,0.0015906214248389006,0.0006253690808080137
3856,0.09808100759983063,0.07876154035329819,0.012626062147319317,0.0006693410105071962
3857,0.10714810341596603,0.09077638387680054,0.0069442191161215305,0.0009427505428902805
3858,0.11577241122722626,0.07572438567876816,0.030153146013617516,0.0009894876275211573
3859,0.12553288042545319,0.09554344415664673,0.015957295894622803,0.001403214642778039
3860,0.10442090779542923,0.07813737541437149,0.013710720464587212,0.0012572810519486666
3861,0.1004495695233345,0.08667205274105072,0.006998571567237377,0.0006778950919397175
3862,0.10643000900745392,0.08703391253948212,0.010894332081079483,0.0008501771953888237
3863,0.09346072375774384,0.08442603051662445,0.005482989829033613,0.0003551705740392208
3864,0.09748416393995285,0.08453094959259033,0.009474880062043667,0.0003478334110695869
3865,0.10182953625917435,0.08666007220745087,0.006932556629180908,0.0008236909634433687
3866,0.09587587416172028,0.0890093594789505,0.0008033832418732345,0.0006063130567781627
3867,0.10249151289463043,0.0796096995472908,0.01462875958532095,0.0008253049454651773
3868,0.09535349905490875,0.08833865076303482,0.0014118730323389173,0.0005602978635579348
3869,0.09477396309375763,0.08687930554151535,0.0023820828646421432,0.0005512572242878377
3870,0.09754826128482819,0.08097514510154724,0.010790551081299782,0.0005782564403489232
3871,0.09329414367675781,0.08611273765563965,0.0018878154223784804,0.0005293591530062258
3872,0.09746760129928589,0.08441745489835739,0.00498286122456193,0.0008067289018072188
3873,0.09367900341749191,0.08460564911365509,0.004774883389472961,0.000429846957558766
3874,0.0928974449634552,0.08198520541191101,0.0063769519329071045,0.0004535286279860884
3875,0.09427836537361145,0.08564743399620056,0.003353012725710869,0.0005277915042825043
3876,0.09155791997909546,0.08465471118688583,0.0027115484699606895,0.00041916596819646657
3877,0.09480416774749756,0.08019585907459259,0.009428759105503559,0.0005179542931728065
3878,0.09393873810768127,0.08710701763629913,0.0017470276216045022,0.0005084692966192961
3879,0.09150297939777374,0.08316225558519363,0.0034684620331972837,0.0004872260324191302
3880,0.0937097817659378,0.0818806067109108,0.008627141825854778,0.00032020389335229993
3881,0.09210355579853058,0.08532776683568954,0.0021629754919558764,0.00046128148096613586
3882,0.09112563729286194,0.0832054615020752,0.003096756525337696,0.0004823417402803898
3883,0.09380048513412476,0.08280567079782486,0.00762123754248023,0.0003373581566847861
3884,0.09258255362510681,0.08355381339788437,0.00334897730499506,0.0005679762689396739
3885,0.09065207839012146,0.08408250659704208,0.002292737364768982,0.0004276833788026124
3886,0.09222441911697388,0.0807812437415123,0.007559274323284626,0.00038838994805701077
3887,0.09198588132858276,0.08471518754959106,0.0025270143523812294,0.00047436784370802343
3888,0.09007741510868073,0.08313366025686264,0.0030769212171435356,0.0003866834449581802
3889,0.09144727140665054,0.08039321005344391,0.006703422870486975,0.00043506393558345735
3890,0.09237171709537506,0.08533301204442978,0.0020044578704982996,0.0005034249043092132
3891,0.09041046351194382,0.08102060109376907,0.00482294661924243,0.0004566914576571435
3892,0.09038817137479782,0.08243110775947571,0.004267035983502865,0.000369002838851884
3893,0.09135839343070984,0.08339232206344604,0.002844790695235133,0.0005121285212226212
3894,0.0901712104678154,0.0812738686800003,0.005029864609241486,0.0003867476771119982
3895,0.08945300430059433,0.08219090849161148,0.0032477991189807653,0.00040142974467016757
3896,0.09034112840890884,0.08288384228944778,0.002633003517985344,0.000482428353279829
3897,0.09039880335330963,0.08156338334083557,0.005052055232226849,0.0003783369029406458
3898,0.08958516269922256,0.08155038207769394,0.0030409274622797966,0.0004993858165107667
3899,0.08953990787267685,0.08308137953281403,0.002049544593319297,0.0004408987006172538
3900,0.09001811593770981,0.08018288016319275,0.005393538158386946,0.00044417023309506476
3901,0.08979971706867218,0.08332635462284088,0.001903108204714954,0.00045702519128099084
3902,0.08909719437360764,0.08074049651622772,0.0038023521192371845,0.00045543440501205623
3903,0.0890417993068695,0.08156617730855942,0.0034309937618672848,0.00040446314960718155
3904,0.08935405313968658,0.08211041241884232,0.002518164925277233,0.0004725478938780725
3905,0.08919008076190948,0.08087384700775146,0.004438663367182016,0.0003877572889905423
3906,0.08873269706964493,0.08157089352607727,0.0026908358559012413,0.00044709668145515025
3907,0.0885353609919548,0.0811951607465744,0.002986634150147438,0.00043535660370253026
3908,0.08870187401771545,0.08063806593418121,0.004028547555208206,0.00040352653013542295
3909,0.08886063098907471,0.08156269043684006,0.00262049469165504,0.0004677446268033236
3910,0.08871349692344666,0.08043335378170013,0.004252287559211254,0.00040278604137711227
3911,0.08843640983104706,0.08078257739543915,0.002927028574049473,0.00047268084017559886
3912,0.08825942128896713,0.0810297355055809,0.0029632095247507095,0.0004266480391379446
3913,0.08830481767654419,0.07981236279010773,0.0038961670361459255,0.00045962867443449795
3914,0.08852428197860718,0.08180052787065506,0.0021221726201474667,0.0004601579566951841
3915,0.08884082734584808,0.07874366641044617,0.005096295848488808,0.000500086578540504
3916,0.08936448395252228,0.08267850428819656,0.0016310256905853748,0.0005054947687312961
3917,0.09035526216030121,0.07769881188869476,0.0059939101338386536,0.0006662540836259723
3918,0.09249928593635559,0.08433864265680313,0.0009800996631383896,0.0007180540123954415
3919,0.09721438586711884,0.07583490014076233,0.007952006533741951,0.0013427477097138762
3920,0.10526925325393677,0.0880008265376091,0.00038611170020885766,0.0016882315976545215
3921,0.11839824914932251,0.07362155616283417,0.012712942436337471,0.0032063755206763744
3922,0.12313101440668106,0.09155558049678802,0.0003284808772150427,0.003124695038422942
3923,0.11596087366342545,0.07337773591279984,0.013817278668284416,0.0028765855822712183
3924,0.09553521126508713,0.08542089909315109,0.0012668742565438151,0.0008847436401993036
3925,0.09058979898691177,0.08028102666139603,0.006331351585686207,0.00039774205652065575
3926,0.10124873369932175,0.07777788490056992,0.007069139741361141,0.0016401705797761679
3927,0.1024036779999733,0.08655427396297455,0.0016805068589746952,0.0014168893685564399
3928,0.0923304557800293,0.07718968391418457,0.006515984423458576,0.0008624780457466841
3929,0.0902014970779419,0.08142434805631638,0.0033681667409837246,0.000540898006875068
3930,0.0978090763092041,0.08305920660495758,0.006670820061117411,0.00080790527863428
3931,0.09664515405893326,0.07847358286380768,0.0054880715906620026,0.001268350169993937
3932,0.08808276057243347,0.0811394527554512,0.002635335549712181,0.0004307972267270088
3933,0.09001906216144562,0.08169803023338318,0.0034703693818300962,0.0004850665864069015
3934,0.09531575441360474,0.07887417078018188,0.005600277800112963,0.0010841300245374441
3935,0.09101685136556625,0.08068427443504333,0.005361135117709637,0.0004971444141119719
3936,0.08795206993818283,0.08133405447006226,0.0020090907346457243,0.000460891897091642
3937,0.09141432493925095,0.0775105431675911,0.0052062273025512695,0.0008697553421370685
3938,0.09067115932703018,0.08206697553396225,0.0027412509080022573,0.000586293579544872
3939,0.08744759857654572,0.08006168156862259,0.002754355315119028,0.0004631562624126673
3940,0.08931237459182739,0.07719891518354416,0.005661155097186565,0.0006452309899032116
3941,0.09066223353147507,0.0832095518708229,0.0010596697684377432,0.0006393013754859567
3942,0.08793383091688156,0.07832899689674377,0.004505008924752474,0.0005099827540107071
3943,0.08732301741838455,0.07954341918230057,0.0028725191950798035,0.0004907079273834825
3944,0.08900926262140274,0.08126427233219147,0.0024751685559749603,0.0005269818939268589
3945,0.08799008280038834,0.07804989814758301,0.004161766264587641,0.0005778417689725757
3946,0.08676044642925262,0.07995213568210602,0.002622370608150959,0.0004185936413705349
3947,0.08811697363853455,0.08017357438802719,0.00368330511264503,0.00042600935557857156
3948,0.08844596147537231,0.07887151092290878,0.0035973151680082083,0.0005977138644084334
3949,0.08720474690198898,0.07870770245790482,0.004719954915344715,0.0003777086967602372
3950,0.08770255744457245,0.08136680722236633,0.0018005885649472475,0.0004535157058853656
3951,0.08857707679271698,0.07683464139699936,0.006167890038341284,0.0005574550596065819
3952,0.0880211889743805,0.08133599162101746,0.0018941182643175125,0.0004791078972630203
3953,0.0879695937037468,0.07780850678682327,0.006476658396422863,0.00036844282294623554
3954,0.0894089788198471,0.08024812489748001,0.003706845920532942,0.0005454010097309947
3955,0.0899265855550766,0.07811038941144943,0.008379650302231312,0.00034365442115813494
3956,0.09075278043746948,0.08181415498256683,0.003957157954573631,0.0004981462261639535
3957,0.09145770967006683,0.0757843479514122,0.011146060191094875,0.00045272998977452517
3958,0.09265130758285522,0.08341705799102783,0.0037020219024270773,0.0005532227223739028
3959,0.09038231521844864,0.07631129771471024,0.009887383319437504,0.0004183636046946049
3960,0.08836790919303894,0.08098240941762924,0.002938350895419717,0.00044471435830928385
3961,0.08668933808803558,0.07916687428951263,0.003945613745599985,0.0003576848830562085
3962,0.08629227429628372,0.07827665656805038,0.003754704026505351,0.00042609145748429
3963,0.08717802166938782,0.08091678470373154,0.0021538634318858385,0.0004107373533770442
3964,0.08816659450531006,0.07806441187858582,0.006758933886885643,0.00033432457712478936
3965,0.08822110295295715,0.0806182473897934,0.002898511942476034,0.00047043408267199993
3966,0.0867256447672844,0.07817057520151138,0.004921385552734137,0.0003633685118984431
3967,0.08582951128482819,0.07970404624938965,0.0022133553866297007,0.0003912105457857251
3968,0.08597490191459656,0.07891613990068436,0.0026827368419617414,0.0004376024007797241
3969,0.08650816231966019,0.07799667119979858,0.00490179006010294,0.00036097009433433414
3970,0.08707041293382645,0.08024714142084122,0.0024069594219326973,0.00044163106940686703
3971,0.08715379238128662,0.07670745998620987,0.006341185886412859,0.00041051453445106745
3972,0.08693689852952957,0.08057138323783875,0.0020366867538541555,0.00043288336019031703
3973,0.08618882298469543,0.07709593325853348,0.005168831907212734,0.00039240572368726134
3974,0.08565904945135117,0.07900198549032211,0.00249125761911273,0.00041658070404082537
3975,0.0853988453745842,0.07831163704395294,0.0033690654672682285,0.0003718146763276309
3976,0.08525227755308151,0.078046515583992,0.003090953454375267,0.00041148069431073964
3977,0.08517757058143616,0.07874086499214172,0.0025096454191952944,0.00039270598790608346
3978,0.0853055790066719,0.07777369767427444,0.0037918277084827423,0.00037400517612695694
3979,0.08565347641706467,0.07882184535264969,0.0025084111839532852,0.0004323221219237894
3980,0.08617746829986572,0.0771031528711319,0.005541667807847261,0.0003532646514941007
3981,0.08741018176078796,0.0800132155418396,0.002863606670871377,0.0004533356986939907
3982,0.08952698111534119,0.075331911444664,0.010449279099702835,0.0003745793364942074
3983,0.09491775929927826,0.0824696272611618,0.006920404266566038,0.0005527726607397199
3984,0.09930061548948288,0.07360254973173141,0.021665291860699654,0.00040327777969650924
3985,0.10763038694858551,0.08507445454597473,0.01610303297638893,0.0006452901870943606
3986,0.09605325758457184,0.07462413609027863,0.01770539954304695,0.0003723727131728083
3987,0.08674328774213791,0.08063029497861862,0.0023435642942786217,0.0003769430622924119
3988,0.08635279536247253,0.07992811501026154,0.0026381495408713818,0.00037865308695472777
3989,0.0916278064250946,0.07614253461360931,0.012178745120763779,0.0003306519938632846
3990,0.09086157381534576,0.08281265944242477,0.0037374012172222137,0.00043115176958963275
3991,0.08581162989139557,0.07849669456481934,0.002940530190244317,0.00043744081631302834
3992,0.08962410688400269,0.07791328430175781,0.008692841976881027,0.00030179761233739555
3993,0.09032732993364334,0.08219435811042786,0.0036219258327037096,0.0004511041915975511
3994,0.08606209605932236,0.07804815471172333,0.0031769201159477234,0.00048370196600444615
3995,0.08971747010946274,0.07852502167224884,0.007977085188031197,0.0003215365286450833
3996,0.08923298865556717,0.08074092119932175,0.003867057617753744,0.00046250084415078163
3997,0.08546444773674011,0.07778044044971466,0.003211601637303829,0.00044724062900058925
3998,0.08955832570791245,0.07808494567871094,0.008077362552285194,0.00033960165455937386
3999,0.08893545717000961,0.07977983355522156,0.004380195401608944,0.00047754240222275257
4000,0.084821917116642,0.07811813801527023,0.003063176991418004,0.00036406004801392555
4001,0.08854423463344574,0.07759007811546326,0.00784639734774828,0.00031077535822987556
4002,0.08923013508319855,0.07955072820186615,0.004606231115758419,0.0005073175998404622
4003,0.0846838727593422,0.0782351866364479,0.003184929024428129,0.00032637547701597214
4004,0.08693989366292953,0.07723263651132584,0.006754923611879349,0.00029523318517021835
4005,0.08935455232858658,0.07969893515110016,0.004715675488114357,0.0004939940990880132
4006,0.08526318520307541,0.07765967398881912,0.004489710088819265,0.00031137996120378375
4007,0.08511587232351303,0.07725832611322403,0.0047153751365840435,0.0003142171772196889
4008,0.08808865398168564,0.07970648258924484,0.003928525373339653,0.0004453642759472132
4009,0.08621210604906082,0.07703489065170288,0.006199192721396685,0.00029780177283100784
4010,0.08415744453668594,0.07779325544834137,0.002859580097720027,0.0003504608175717294
4011,0.08548453450202942,0.07865210622549057,0.002751398365944624,0.0004081036022398621
4012,0.08639120310544968,0.07666029036045074,0.006731986068189144,0.0002998926502186805
4013,0.08509619534015656,0.07869259268045425,0.002459452487528324,0.0003944154013879597
4014,0.08397217094898224,0.0773749127984047,0.0029287138022482395,0.0003668544231913984
4015,0.0849158987402916,0.07707667350769043,0.004623199813067913,0.00032160314731299877
4016,0.08570460230112076,0.07849553227424622,0.002862711437046528,0.00043463543988764286
4017,0.08464647084474564,0.07647185772657394,0.004820609465241432,0.00033540066215209663
4018,0.08386730402708054,0.07793255895376205,0.0023102164268493652,0.00036245278897695243
4019,0.08426280319690704,0.07710829377174377,0.0027735382318496704,0.00043809678754769266
4020,0.08468891680240631,0.07674078643321991,0.004597583319991827,0.0003350545885041356
4021,0.084401935338974,0.0779598131775856,0.002407811814919114,0.00040343141881749034
4022,0.0838538408279419,0.07616222649812698,0.0038911188021302223,0.00038004969246685505
4023,0.08383554220199585,0.07780163735151291,0.002400720492005348,0.00036331877345219254
4024,0.08401112258434296,0.07662170380353928,0.002902694046497345,0.00044867227552458644
4025,0.08388358354568481,0.07678790390491486,0.0037045336794108152,0.00033911471837200224
4026,0.0836542621254921,0.07758805900812149,0.0022543580271303654,0.0003811842470895499
4027,0.08362574130296707,0.0758262500166893,0.00379172433167696,0.0004007761017419398
4028,0.0837308019399643,0.07788136601448059,0.002090857131406665,0.00037585775135084987
4029,0.08364016562700272,0.07581213116645813,0.003364105010405183,0.0004463924269657582
4030,0.08332228660583496,0.07708793878555298,0.0026561757549643517,0.00035781736369244754
4031,0.0830928385257721,0.07657184451818466,0.0027147692162543535,0.00038062260136939585
4032,0.08313927799463272,0.07583382725715637,0.003316494869068265,0.0003988961107097566
4033,0.08331727236509323,0.07727617025375366,0.002213764004409313,0.0003827337350230664
4034,0.08338378369808197,0.07521946728229523,0.0037070168182253838,0.00044573034392669797
4035,0.08328083157539368,0.07730688899755478,0.002058496233075857,0.0003915444831363857
4036,0.0831766277551651,0.07520315796136856,0.003958210814744234,0.0004015260492451489
4037,0.08326592296361923,0.07693184167146683,0.0022553636226803064,0.0004078715282958001
4038,0.0835547149181366,0.07524694502353668,0.0047126528806984425,0.0003595112357288599
4039,0.08415406197309494,0.07712296396493912,0.002659874502569437,0.0004371223913040012
4040,0.08494874835014343,0.07451704889535904,0.006954454816877842,0.00034772432991303504
4041,0.08689071238040924,0.07846686989068985,0.003824598854407668,0.00045992431114427745
4042,0.0893063098192215,0.07281790673732758,0.01249027531594038,0.00039981320151127875
4043,0.09526398777961731,0.08128334581851959,0.008166490122675896,0.0005814152536913753
4044,0.09711306542158127,0.07102727144956589,0.01986900344491005,0.0006216787151060998
4045,0.10057748109102249,0.08331607282161713,0.009650074876844883,0.0007611334440298378
4046,0.09192867577075958,0.07177922129631042,0.01208421215415001,0.0008065236615948379
4047,0.08597543835639954,0.07968319207429886,0.0011600845027714968,0.0005132164224050939
4048,0.08524429053068161,0.07641130685806274,0.0035364232026040554,0.0005296558374539018
4049,0.08624972403049469,0.0750972330570221,0.008059505373239517,0.00030929921194911003
4050,0.08626748621463776,0.08021188527345657,0.0018441812135279179,0.000421141623519361
4051,0.08631672710180283,0.07450234144926071,0.00422173785045743,0.0007592646288685501
4052,0.08769971132278442,0.0788816437125206,0.0038972743786871433,0.0004920795327052474
4053,0.08610640466213226,0.07616902887821198,0.0038316042628139257,0.0006105773500166833
4054,0.08285610377788544,0.07645237445831299,0.003083874937146902,0.00033198483288288116
4055,0.08392328768968582,0.0771409422159195,0.0033530802465975285,0.0003429260686971247
4056,0.08627606183290482,0.07545459270477295,0.0040994007140398026,0.0006722072139382362
4057,0.08508142083883286,0.07751361280679703,0.0031279982067644596,0.0004439805052243173
4058,0.0832725241780281,0.07436107099056244,0.004162291996181011,0.00047491653822362423
4059,0.08355425298213959,0.07716286182403564,0.0024668779224157333,0.00039245127118192613
4060,0.08401688933372498,0.07557778060436249,0.005156818311661482,0.0003282293910160661
4061,0.08349986374378204,0.07531089335680008,0.0030957921408116817,0.0005093178479000926
4062,0.08278900384902954,0.0769127905368805,0.002020175103098154,0.0003856041294056922
4063,0.08312276750802994,0.07411486655473709,0.005122767761349678,0.0003885134938172996
4064,0.08401767164468765,0.0773560032248497,0.0026744594797492027,0.0003987210220657289
4065,0.08378413319587708,0.07451236993074417,0.0060914382338523865,0.0003180325438734144
4066,0.08294669538736343,0.07630359381437302,0.0025869952514767647,0.0004056100733578205
4067,0.08202870190143585,0.07538054883480072,0.003278746735304594,0.00033694045851007104
4068,0.08194072544574738,0.07520970702171326,0.003331409767270088,0.00033996143611148
4069,0.08253727853298187,0.07616782188415527,0.002499151509255171,0.00038703050813637674
4070,0.08310015499591827,0.0743478313088417,0.005476393736898899,0.00032759347232058644
4071,0.08344437927007675,0.07685635983943939,0.002543319948017597,0.00040446961065754294
4072,0.08316593617200851,0.07388744503259659,0.005735849030315876,0.000354263698682189
4073,0.08295682072639465,0.0771370604634285,0.0019210882019251585,0.0003898673166986555
4074,0.08262866735458374,0.07352139055728912,0.004809396807104349,0.00042978828423656523
4075,0.08235406875610352,0.07671606540679932,0.0017324292566627264,0.0003905573394149542
4076,0.08201227337121964,0.07399100065231323,0.003691563382744789,0.0004329709045123309
4077,0.08166106790304184,0.07589095830917358,0.002175802830606699,0.00035943108377978206
4078,0.08142459392547607,0.07477153092622757,0.0028821760788559914,0.00037708866875618696
4079,0.08137531578540802,0.07472525537014008,0.002918907208368182,0.0003731155302375555
4080,0.08147062361240387,0.07564695924520493,0.002245246199890971,0.00035784157807938755
4081,0.08161082863807678,0.07402066141366959,0.0034793508239090443,0.0004110810987185687
4082,0.0817289650440216,0.0761236920952797,0.0018610230181366205,0.0003744252899195999
4083,0.0818466767668724,0.07348383218050003,0.00422113761305809,0.0004141714016441256
4084,0.08210178464651108,0.07633516192436218,0.0019159424118697643,0.0003850686480291188
4085,0.08254440873861313,0.07311946153640747,0.005626292433589697,0.0003798653488047421
4086,0.08361659198999405,0.07688961923122406,0.0026550095062702894,0.00040719646494835615
4087,0.08497574180364609,0.0722498968243599,0.008963540196418762,0.00037623033858835697
4088,0.08825834840536118,0.07835165411233902,0.005267642438411713,0.0004639048420358449
4089,0.09060507267713547,0.07078128308057785,0.015256484970450401,0.00045673007844015956
4090,0.09625618904829025,0.08070460706949234,0.00950704701244831,0.0006044533802196383
4091,0.09390479326248169,0.06977709382772446,0.016928687691688538,0.0007199014653451741
4092,0.09220707416534424,0.08092044293880463,0.004082696978002787,0.000720393261872232
4093,0.08711510896682739,0.07129600644111633,0.0068998937495052814,0.0008919211104512215
4094,0.08488068729639053,0.07737741619348526,0.0025637438520789146,0.000493952538818121
4095,0.0845395177602768,0.07531186193227768,0.003957390319555998,0.0005270267138257623
4096,0.08302374929189682,0.07394220679998398,0.0058898660354316235,0.0003191681462340057
4097,0.08290127664804459,0.07778343558311462,0.0012119363527745008,0.0003905906924046576
4098,0.08507686108350754,0.07315364480018616,0.004037306644022465,0.0007885912200435996
4099,0.0859893411397934,0.07736992090940475,0.0032901836093515158,0.0005329239647835493
4100,0.08369201421737671,0.07359504699707031,0.0037226697895675898,0.000637429766356945
4101,0.08118530362844467,0.07557803392410278,0.002196961548179388,0.00034103114739991724
4102,0.08165766298770905,0.0747896283864975,0.00359007203951478,0.0003277963842265308
4103,0.08324641734361649,0.07385582476854324,0.0035944641567766666,0.0005796125042252243
4104,0.08312811702489853,0.07593023031949997,0.002816540654748678,0.00043813465163111687
4105,0.08204250037670135,0.07271236181259155,0.003950531594455242,0.0005379607318900526
4106,0.08162560313940048,0.07597390562295914,0.0018157311715185642,0.00038359692553058267
4107,0.08199797570705414,0.07320358604192734,0.005432377569377422,0.00033620180329307914
4108,0.08236381411552429,0.07487192004919052,0.00301238801330328,0.00044795044232159853
4109,0.08167149871587753,0.07415406405925751,0.004174396861344576,0.0003343039134051651
4110,0.0808001160621643,0.07385753095149994,0.0028538231272250414,0.000408876221626997
4111,0.08047851175069809,0.07468179613351822,0.0023125954903662205,0.0003484123735688627
4112,0.08094494789838791,0.07341849058866501,0.004229421727359295,0.0003297036746516824
4113,0.08182382583618164,0.07497217506170273,0.0027922666631639004,0.0004059384227730334
4114,0.08230748027563095,0.07295940071344376,0.0062191784381866455,0.00031289010075852275
4115,0.08275730907917023,0.07561351358890533,0.0031161936931312084,0.0004027601098641753
4116,0.08263471722602844,0.07207991927862167,0.007048873230814934,0.0003505926579236984
4117,0.08307874947786331,0.07653795182704926,0.002425913466140628,0.0004114879120606929
4118,0.08318988233804703,0.07128371298313141,0.007124551571905613,0.000478161993669346
4119,0.08358822762966156,0.07709409296512604,0.0018836415838450193,0.0004610493197105825
4120,0.08329672366380692,0.07099402695894241,0.006955323740839958,0.0005347367841750383
4121,0.0829167291522026,0.07669851928949356,0.001835556235164404,0.0004382652114145458
4122,0.08202065527439117,0.07165702432394028,0.005989018827676773,0.00043746063602156937
4123,0.08132506906986237,0.07565422356128693,0.0019510271959006786,0.0003719823434948921
4124,0.08059747517108917,0.07280676811933517,0.004317829385399818,0.00034728774335235357
4125,0.08014775812625885,0.07423920184373856,0.0022527698893100023,0.0003655780164990574
4126,0.07990608364343643,0.07384663820266724,0.0026858756318688393,0.00033735742908902466
4127,0.07990293204784393,0.07317113131284714,0.0030166797805577517,0.0003715119091793895
4128,0.0800996795296669,0.07459118962287903,0.0019513251027092338,0.00035571694024838507
4129,0.08040064573287964,0.07244603335857391,0.00428115576505661,0.00036734604509547353
4130,0.08081085979938507,0.07501928508281708,0.002068506320938468,0.00037230722955428064
4131,0.08110219240188599,0.07189016789197922,0.00551435025408864,0.0003697667852975428
4132,0.08161389082670212,0.0754418671131134,0.0023024152033030987,0.0003869611246045679
4133,0.08192165195941925,0.07125033438205719,0.00666989479213953,0.00040014207479543984
4134,0.0827682837843895,0.07601938396692276,0.002586148213595152,0.00041627511382102966
4135,0.083328478038311,0.07050672918558121,0.008267768658697605,0.00045539787970483303
4136,0.08486223220825195,0.07692009210586548,0.003290466032922268,0.00046516742440871894
4137,0.08554539829492569,0.06976082175970078,0.010461254045367241,0.000532332225702703
4138,0.08746720850467682,0.07785094529390335,0.004328812472522259,0.0005287456442601979
4139,0.08690252155065536,0.06937403231859207,0.011495908722281456,0.0006032581441104412
4140,0.08686462789773941,0.0778956487774849,0.0035939845256507397,0.000537499669007957
4141,0.0841534286737442,0.07001324743032455,0.0082244873046875,0.0005915690562687814
4142,0.08184601366519928,0.07613865286111832,0.0014295277651399374,0.00042778291390277445
4143,0.08017066866159439,0.07206638157367706,0.0035504947882145643,0.00045537922414951026
4144,0.07975099235773087,0.07349466532468796,0.003090036567300558,0.0003166286915075034
4145,0.08026489615440369,0.0745924860239029,0.0021025529131293297,0.0003569858963601291
4146,0.08089638501405716,0.07142660766839981,0.005306305829435587,0.0004163474077358842
4147,0.08150570094585419,0.07591569423675537,0.0014020150993019342,0.0004187992017250508
4148,0.08163319528102875,0.07076577842235565,0.004910140763968229,0.0005957277026027441
4149,0.08123514801263809,0.07543391734361649,0.001352249993942678,0.0004448982945177704
4150,0.08042952418327332,0.07140665501356125,0.0037346871104091406,0.0005288184038363397
4151,0.07951497286558151,0.07377944141626358,0.0021909824572503567,0.0003544546780176461
4152,0.07903528213500977,0.07280372083187103,0.002558775246143341,0.0003672786115203053
4153,0.07916749268770218,0.07207726687192917,0.0031378541607409716,0.0003952371480409056
4154,0.07966766506433487,0.07409995049238205,0.0017886643763631582,0.0003779053222388029
4155,0.08013978600502014,0.0710051953792572,0.003988273907452822,0.000514631625264883
4156,0.08031487464904785,0.07467654347419739,0.0014484983403235674,0.0004189833998680115
4157,0.08034906536340714,0.07060607522726059,0.004895799793303013,0.0004847190866712481
4158,0.08068990707397461,0.07475940138101578,0.0019141628872603178,0.00040163390804082155
4159,0.0816362276673317,0.07034391909837723,0.007490959018468857,0.0003801353450398892
4160,0.08459842950105667,0.07547471672296524,0.004901304375380278,0.0004222411080263555
4161,0.08792904019355774,0.06941891461610794,0.015098909847438335,0.0003411215730011463
4162,0.09655789285898209,0.07788826525211334,0.013666437938809395,0.0005003188271075487
4163,0.0949956476688385,0.06819893419742584,0.022355344146490097,0.0004441367054823786
4164,0.09558147192001343,0.0790756419301033,0.01074739545583725,0.0005758436163887382
4165,0.08508606255054474,0.06916995346546173,0.008525450713932514,0.000739065173547715
4166,0.08355644345283508,0.07541750371456146,0.0029462312813848257,0.000519271066877991
4167,0.08673448860645294,0.07338126003742218,0.006622421555221081,0.0006730807363055646
4168,0.08217330276966095,0.07310864329338074,0.006249282043427229,0.0002815383777488023
4169,0.0793665274977684,0.07442979514598846,0.0020082599949091673,0.0002928471949417144
4170,0.08318661153316498,0.07324722409248352,0.004104694817215204,0.000583469052799046
4171,0.08367835730314255,0.07523300498723984,0.004281805362552404,0.00041635482921265066
4172,0.08138953149318695,0.07134117186069489,0.004071664065122604,0.0005976689280942082
4173,0.08150437474250793,0.0758492574095726,0.0020026660058647394,0.0003652455343399197
4174,0.08047860860824585,0.07198725640773773,0.005229791160672903,0.00032615603413432837
4175,0.07913496345281601,0.07257746905088425,0.002716253511607647,0.00038412437424995005
4176,0.08030367642641068,0.07479377090930939,0.0017348388209939003,0.00037750648334622383
4177,0.08123013377189636,0.07027262449264526,0.006125414744019508,0.0004832094127777964
4178,0.08029577136039734,0.07500088214874268,0.0013875113800168037,0.00039073769585229456
4179,0.0792338103055954,0.07159746438264847,0.0030421786941587925,0.00045941665302962065
4180,0.0792621299624443,0.07225044816732407,0.0037568402476608753,0.000325483619235456
4181,0.0793466791510582,0.0733661949634552,0.002276040380820632,0.0003704443806782365
4182,0.07909733802080154,0.07089422643184662,0.004200987983494997,0.0004002126515842974
4183,0.07931574434041977,0.07384032756090164,0.0017986460588872433,0.0003676771593745798
4184,0.07962594926357269,0.07113074511289597,0.0033744461834430695,0.0005120756686665118
4185,0.0792870745062828,0.07282058149576187,0.0029324358329176903,0.0003534055140335113
4186,0.07855986058712006,0.07191561907529831,0.0026653765235096216,0.000397886527935043
4187,0.07816272974014282,0.07166922092437744,0.0030085318721830845,0.00034849782241508365
4188,0.07840331643819809,0.07281039655208588,0.0020617330446839333,0.00035311904503032565
4189,0.07887337356805801,0.07079742848873138,0.0032221288420259953,0.00048538154806010425
4190,0.0789802148938179,0.07303088903427124,0.0020988252945244312,0.0003850495268125087
4191,0.07863053679466248,0.07082659751176834,0.00316377030685544,0.0004640172701328993
4192,0.07810936123132706,0.07242783159017563,0.0021565603092312813,0.0003524966014083475
4193,0.07783867418766022,0.07123900204896927,0.0029385979287326336,0.00036610703682526946
4194,0.0779329240322113,0.0715668797492981,0.0024753466714173555,0.00038906995905563235
4195,0.07820092141628265,0.07175251096487045,0.0030490411445498466,0.0003399374836590141
4196,0.07841066271066666,0.07141263782978058,0.002685172250494361,0.0004312852688599378
4197,0.07842428237199783,0.07142097502946854,0.0036253766156733036,0.0003377929679118097
4198,0.07847418636083603,0.07198023051023483,0.002456184010952711,0.00040377784171141684
4199,0.07874627411365509,0.07028158754110336,0.004980277270078659,0.0003484411572571844
4200,0.07991984486579895,0.07355745136737823,0.0024421794805675745,0.0003920209710486233
4201,0.08197522163391113,0.06839492172002792,0.008881029672920704,0.00046992654097266495
4202,0.08705213665962219,0.07614944875240326,0.00548644969239831,0.000541623798198998
4203,0.09199810773134232,0.06623739004135132,0.0183112770318985,0.0007449439144693315
4204,0.10301870107650757,0.07978373765945435,0.0147406542673707,0.0008494307985529304
4205,0.09729889035224915,0.0654594898223877,0.02094402350485325,0.0010895378654822707
4206,0.0918264389038086,0.07851342856884003,0.004709665197879076,0.0008603339665569365
4207,0.0828690454363823,0.0685601457953453,0.005564374383538961,0.0008744520018808544
4208,0.08182384818792343,0.07234159857034683,0.005951696075499058,0.0003530553658492863
4209,0.08375392109155655,0.0747460424900055,0.005190686322748661,0.0003817192919086665
4210,0.08118366450071335,0.06963083148002625,0.005425804294645786,0.000612703210208565
4211,0.08412671834230423,0.07537896931171417,0.002936570905148983,0.0005811176961287856
4212,0.08592931926250458,0.0709039494395256,0.0060476805083453655,0.0008977691177278757
4213,0.07985911518335342,0.07346008718013763,0.0027342711109668016,0.0003664756950456649
4214,0.07897859811782837,0.07144398987293243,0.004472627304494381,0.0003061981115024537
4215,0.08195583522319794,0.07203225046396255,0.004301979206502438,0.0005621608579531312
4216,0.08068684488534927,0.07386627793312073,0.0022132154554128647,0.00046073473640717566
4217,0.08103183656930923,0.06857873499393463,0.006514935754239559,0.000593816745094955
4218,0.08160620182752609,0.07429243624210358,0.0031869937665760517,0.00041267756023444235
4219,0.07815515249967575,0.07093778997659683,0.0038376101292669773,0.00033797547803260386
4220,0.07830968499183655,0.0700899213552475,0.00405274610966444,0.0004167023580521345
4221,0.08117500692605972,0.07419420033693314,0.002519730245694518,0.0004461079079192132
4222,0.08015448600053787,0.06849196553230286,0.006687154062092304,0.0004975366755388677
4223,0.07806368917226791,0.07276284694671631,0.0016574346227571368,0.0003643411910161376
4224,0.07773149758577347,0.07144877314567566,0.0024661931674927473,0.00038165325531736016
4225,0.07853774726390839,0.06975508481264114,0.005365755409002304,0.00034169101854786277
4226,0.07908432930707932,0.07330107688903809,0.001854761503636837,0.00039284888771362603
4227,0.07866348326206207,0.0690755769610405,0.004592404700815678,0.0004995502531528473
4228,0.07806798070669174,0.07245345413684845,0.0018884013406932354,0.0003726127906702459
4229,0.07755398750305176,0.07072138041257858,0.002632779534906149,0.0004199825634714216
4230,0.07740164548158646,0.07005924731492996,0.0038738499861210585,0.00034685488208197057
4231,0.07783395797014236,0.07254055887460709,0.0015570053365081549,0.0003736388171091676
4232,0.07826575636863708,0.06896884739398956,0.004300761967897415,0.0004996150964871049
4233,0.07804998010396957,0.07255668938159943,0.0014874059706926346,0.0004005887021776289
4234,0.07727666944265366,0.06941664218902588,0.0034356117248535156,0.0004424414655659348
4235,0.07665605843067169,0.07089871913194656,0.0022480248007923365,0.0003509311063680798
4236,0.07669754326343536,0.07116039842367172,0.002103908220306039,0.000343323772540316
4237,0.0771259218454361,0.0694442167878151,0.0032886345870792866,0.00043930707033723593
4238,0.07735078781843185,0.07191155105829239,0.001626698998734355,0.00038125389255583286
4239,0.07722266018390656,0.06895877420902252,0.003871696535497904,0.00043921879841946065
4240,0.07705748826265335,0.07167862355709076,0.0017442710231989622,0.0003634593158494681
4241,0.07711397856473923,0.06953489035367966,0.0041325949132442474,0.00034464962664060295
4242,0.07746705412864685,0.07101406157016754,0.0025218406226485968,0.00039311478030867875
4243,0.07762941718101501,0.06953077018260956,0.004810469690710306,0.00032881766674108803
4244,0.07780374586582184,0.07117889821529388,0.0027104991022497416,0.0003914347616955638
4245,0.07774399220943451,0.06905469298362732,0.005314229056239128,0.00033750670263543725
4246,0.07816439121961594,0.07208220660686493,0.002328135073184967,0.0003754048957489431
4247,0.07858353108167648,0.06790953874588013,0.006459723226726055,0.00042142695747315884
4248,0.07961735874414444,0.07295262813568115,0.002464498858898878,0.0004200231924187392
4249,0.08019259572029114,0.06726318597793579,0.008125693537294865,0.0004803717602044344
4250,0.0815647765994072,0.07360658794641495,0.0035802817437797785,0.00043779067345894873
4251,0.08149685710668564,0.06702478229999542,0.009973343461751938,0.0004498724883887917
4252,0.08236707746982574,0.0734427347779274,0.0046733953058719635,0.0004250944475643337
4253,0.08043956756591797,0.06746385246515274,0.008964208886027336,0.0004011506971437484
4254,0.07897718250751495,0.0724184438586235,0.002746549667790532,0.000381218473194167
4255,0.07691018283367157,0.06862585991621017,0.00443264702335,0.0003851674555335194
4256,0.07606290280818939,0.07049919664859772,0.0021525132469832897,0.00034112000139430165
4257,0.0763833075761795,0.07041527330875397,0.0022475530859082937,0.0003720486129168421
4258,0.07708148658275604,0.06891507655382156,0.004774520173668861,0.00033918890403583646
4259,0.07763998210430145,0.07180216908454895,0.0021622260101139545,0.00036755864857695997
4260,0.07737891376018524,0.06805580109357834,0.0050673517398536205,0.0004255767271388322
4261,0.07703724503517151,0.07170900702476501,0.0014925476862117648,0.00038356956792995334
4262,0.0766318142414093,0.06836070865392685,0.0035646988544613123,0.00047064016689546406
4263,0.07622593641281128,0.07052753120660782,0.0021490519866347313,0.00035493512405082583
4264,0.07590863108634949,0.06943140923976898,0.0024981643073260784,0.0003979059692937881
4265,0.07582339644432068,0.06900210678577423,0.00322200870141387,0.00035992785706184804
4266,0.07606612890958786,0.07065404206514359,0.0017431440064683557,0.0003668938879854977
4267,0.07645805925130844,0.06792982667684555,0.003958489745855331,0.0004569745797198266
4268,0.07676941901445389,0.07126837223768234,0.0014414036413654685,0.0004059641214553267
4269,0.07686527818441391,0.06745047122240067,0.004525869619101286,0.0004888937692157924
4270,0.07691249996423721,0.07128757238388062,0.001615224638953805,0.00040097045712172985
4271,0.07707923650741577,0.06743068248033524,0.005536486394703388,0.0004112066235393286
4272,0.07800338417291641,0.07132106274366379,0.0027588524390012026,0.00039234652649611235
4273,0.07920286059379578,0.06711672991514206,0.008518336340785027,0.000356779113644734
4274,0.08253055065870285,0.07232451438903809,0.005979360546916723,0.00042266768286935985
4275,0.08443111926317215,0.06608101725578308,0.014528610743582249,0.000382149446522817
4276,0.0903186947107315,0.07442153990268707,0.010961231775581837,0.0004935917677357793
4277,0.08709143847227097,0.06502321362495422,0.016234252601861954,0.0005833972827531397
4278,0.08589570969343185,0.07482787221670151,0.0049351719208061695,0.000613266252912581
4279,0.08110985159873962,0.06593339145183563,0.00675894133746624,0.000841751869302243
4280,0.07950348407030106,0.07209529727697372,0.0021342553663998842,0.000527392840012908
4281,0.07934220135211945,0.06931894272565842,0.0043042502366006374,0.0005719007458537817
4282,0.0771070122718811,0.06916733086109161,0.004970232956111431,0.0002969448978547007
4283,0.07639201730489731,0.07164718955755234,0.0013858519960194826,0.00033589749364182353
4284,0.07873325794935226,0.06808914244174957,0.0038697044365108013,0.0006774408393539488
4285,0.08007089793682098,0.07199610769748688,0.002997740637511015,0.0005077047389931977
4286,0.07820510119199753,0.0679510086774826,0.0037715539801865816,0.0006482542958110571
4287,0.07596238702535629,0.07090537995100021,0.0015640310011804104,0.0003492971882224083
4288,0.07609818130731583,0.06881231814622879,0.004032641649246216,0.00032532206387259066
4289,0.07691582292318344,0.06897139549255371,0.00314398598857224,0.00048004393465816975
4290,0.07657232135534286,0.07040516287088394,0.002242185641080141,0.0003924971097148955
4291,0.0763879120349884,0.06724413484334946,0.00405023992061615,0.0005093539948575199
4292,0.07687407732009888,0.07114829123020172,0.0018271044827997684,0.00038986833533272147
4293,0.07679274678230286,0.06727754324674606,0.005817105062305927,0.0003698095679283142
4294,0.07624755799770355,0.07002276182174683,0.002435385249555111,0.00037894086563028395
4295,0.07516363263130188,0.06841246038675308,0.0034366948530077934,0.000331448158249259
4296,0.07474760711193085,0.068525031208992,0.0026590516790747643,0.0003563520440366119
4297,0.07513947784900665,0.06967465579509735,0.00195686356164515,0.0003507960063870996
4298,0.07590349018573761,0.06744043529033661,0.004986179526895285,0.00034768710611388087
4299,0.07687142491340637,0.07047659903764725,0.002587078372016549,0.000380774203222245
4300,0.07716847956180573,0.06665566563606262,0.006752485409379005,0.00037603266537189484
4301,0.07780712842941284,0.07107473909854889,0.0027374604251235723,0.0003994929138571024
4302,0.07762070000171661,0.06609700620174408,0.007116074673831463,0.0004407625528983772
4303,0.07789412885904312,0.07133720815181732,0.002320216502994299,0.00042367036803625524
4304,0.0774414911866188,0.06588882952928543,0.006662752479314804,0.0004889912670478225
4305,0.07720340043306351,0.07112018018960953,0.0018918983405455947,0.0004191321204416454
4306,0.07645241916179657,0.06622473150491714,0.005625330843031406,0.00046023554750718176
4307,0.07585902512073517,0.07035825401544571,0.001713727368041873,0.0003787039022427052
4308,0.0751517191529274,0.06702696532011032,0.004245102405548096,0.0003879648575093597
4309,0.07466883212327957,0.06933367252349854,0.001834349357523024,0.00035008086706511676
4310,0.0743260532617569,0.0679115504026413,0.002942110877484083,0.0003472395765129477
4311,0.07416931539773941,0.06828950345516205,0.0023097540251910686,0.0003570058033801615
4312,0.07415856420993805,0.06856857985258102,0.0021203248761594296,0.0003469660587143153
4313,0.07425770163536072,0.06749019026756287,0.003070624778047204,0.0003696890489663929
4314,0.07444804906845093,0.06904004514217377,0.001839586184360087,0.000356841686880216
4315,0.07469096779823303,0.06687291711568832,0.004026840906590223,0.00037912139669060707
4316,0.07511374354362488,0.06948526948690414,0.0019194958731532097,0.0003708983713295311
4317,0.0755993202328682,0.06620418280363083,0.005417907610535622,0.0003977234591729939
4318,0.07672280073165894,0.07022810727357864,0.0025174578186124563,0.0003977241285610944
4319,0.07798506319522858,0.06518305838108063,0.00835361611098051,0.0004448390391189605
4320,0.08134859800338745,0.07171579450368881,0.0049542393535375595,0.00046785600716248155
4321,0.08384199440479279,0.06376288086175919,0.014355363324284554,0.0005723752547055483
4322,0.09085379540920258,0.07407684624195099,0.010416323319077492,0.0006360625848174095
4323,0.08902282267808914,0.06272148340940475,0.017842669039964676,0.0008458667434751987
4324,0.08916126936674118,0.07455813884735107,0.006617559120059013,0.0007985572447068989
4325,0.08205554634332657,0.06380845606327057,0.008455300703644753,0.0009791789343580604
4326,0.07797496020793915,0.07084512710571289,0.0015132306143641472,0.0005616608541458845
4327,0.07707328349351883,0.06786949932575226,0.003904480254277587,0.0005299305776134133
4328,0.07599759101867676,0.06704258918762207,0.00566368643194437,0.00032913131872192025
4329,0.07630658149719238,0.07106058299541473,0.001164801768027246,0.0004081195220351219
4330,0.07862985134124756,0.0658830776810646,0.004511009901762009,0.0008235765271820128
4331,0.07942762225866318,0.07089610397815704,0.0026659725699573755,0.000586554582696408
4332,0.07680358737707138,0.06665771454572678,0.0037397174164652824,0.0006406158208847046
4333,0.07408585399389267,0.06884709745645523,0.0018431355711072683,0.00033956236438825727
4334,0.07479049265384674,0.06826528906822205,0.0031280526891350746,0.0003397149848751724
4335,0.07646434754133224,0.06666076928377151,0.0036618055310100317,0.0006141772610135376
4336,0.07613728940486908,0.06956199556589127,0.0018520071171224117,0.0004723288002423942
4337,0.07521478086709976,0.06570466607809067,0.004163533914834261,0.0005346580292098224
4338,0.07506328076124191,0.0692816898226738,0.0019486675737425685,0.00038329180097207427
4339,0.07490980625152588,0.06663426011800766,0.004867590963840485,0.0003407954063732177
4340,0.07454457879066467,0.06741023063659668,0.0027630552649497986,0.00043712943443097174
4341,0.07386911660432816,0.0680767223238945,0.002260352950543165,0.00035320414463058114
4342,0.07382841408252716,0.06627887487411499,0.003595709800720215,0.00039538266719318926
4343,0.0745982900261879,0.06883393228054047,0.00210747541859746,0.0003656882618088275
4344,0.0753435418009758,0.06590180844068527,0.006070256233215332,0.0003371476486790925
4345,0.07614472508430481,0.06894169747829437,0.0033019413240253925,0.0003901085292454809
4346,0.07559771090745926,0.06570100784301758,0.006487199105322361,0.00034095035516656935
4347,0.07531241327524185,0.0690087080001831,0.0025191865861415863,0.0003784512518905103
4348,0.07459136098623276,0.06537612527608871,0.005185400135815144,0.0004029833653476089
4349,0.07425259053707123,0.06883575767278671,0.0015832317294552922,0.0003833598457276821
4350,0.07386790215969086,0.06552001088857651,0.0039197965525090694,0.0004428096581250429
4351,0.07346021384000778,0.06822571903467178,0.001586959813721478,0.0003647534758783877
4352,0.07307164371013641,0.06619548797607422,0.002971038920804858,0.00039051208295859396
4353,0.07284297794103622,0.06718792021274567,0.002099019242450595,0.0003556034353096038
4354,0.07281284034252167,0.06709430366754532,0.0022499030455946922,0.0003468634095042944
4355,0.07288606464862823,0.0663367211818695,0.0026551263872534037,0.0003894214751198888
4356,0.07293905317783356,0.06753833591938019,0.0018626101082190871,0.00035381116322241724
4357,0.07295100390911102,0.0658055990934372,0.0031316576059907675,0.0004013749130535871
4358,0.07301029562950134,0.06758800894021988,0.0017619137652218342,0.00036603715852834284
4359,0.07323573529720306,0.06554645299911499,0.003935248591005802,0.0003754033532459289
4360,0.07389602065086365,0.06780580431222916,0.0022723411675542593,0.00038178800605237484
4361,0.07496504485607147,0.06484836339950562,0.006477211602032185,0.0003639465430751443
4362,0.07784877717494965,0.0690913051366806,0.004651010036468506,0.0004106459382455796
4363,0.08117880672216415,0.06325338780879974,0.013738319277763367,0.00041871017310768366
4364,0.09119231253862381,0.07224390655755997,0.013561726547777653,0.0005386678967624903
4365,0.09158947318792343,0.06130769103765488,0.023123804479837418,0.0007157975342124701
4366,0.09762219339609146,0.07463313639163971,0.014535521157085896,0.000845353293698281
4367,0.08458052575588226,0.06188172101974487,0.011127043515443802,0.0011571763316169381
4368,0.07944030314683914,0.07025230675935745,0.0018238197080790997,0.0007364174816757441
4369,0.07957810163497925,0.06654345989227295,0.006347815506160259,0.0006686825072392821
4370,0.07522854954004288,0.06608982384204865,0.005797769874334335,0.00033409547177143395
4371,0.07546429336071014,0.06983519345521927,0.0012875371612608433,0.0004341566818766296
4372,0.08074331283569336,0.06521254777908325,0.0057594915851950645,0.0009771273471415043
4373,0.07901035249233246,0.07015900313854218,0.002702312543988228,0.0006149039254523814
4374,0.07487882673740387,0.06529144942760468,0.004249997437000275,0.0005337382317520678
4375,0.07468516379594803,0.06833741068840027,0.0025871035177260637,0.00037606482510454953
4376,0.07469087839126587,0.06817755848169327,0.0026429297868162394,0.0003870394139084965
4377,0.0758717954158783,0.06397109478712082,0.005173987243324518,0.0006726711872033775
4378,0.07689882814884186,0.06984414905309677,0.0019473396241664886,0.0005107339820824564
4379,0.07423717528581619,0.06485150754451752,0.0046226512640714645,0.00047630141489207745
4380,0.07246759533882141,0.0667007714509964,0.002180254552513361,0.00035865698009729385
4381,0.07367348670959473,0.06783418357372284,0.0018572626868262887,0.0003982038761023432
4382,0.07482036203145981,0.0637061595916748,0.005834332667291164,0.0005279869656078517
4383,0.07447810471057892,0.06885526329278946,0.0011307939421385527,0.00044920467189513147
4384,0.07319363951683044,0.06498948484659195,0.003292782697826624,0.000491137383505702
4385,0.07237128168344498,0.06629578024148941,0.0026950379833579063,0.0003380464913789183
4386,0.07263023406267166,0.06713084876537323,0.0018871886422857642,0.0003612194850575179
4387,0.07345540076494217,0.06434657424688339,0.004408528096973896,0.0004700296849478036
4388,0.07394212484359741,0.06850186735391617,0.0011016065254807472,0.0004338652943260968
4389,0.07343299686908722,0.0639459490776062,0.00432217912748456,0.0005164866452105343
4390,0.07245355099439621,0.06692203879356384,0.001643176656216383,0.0003888340725097805
4391,0.0718948096036911,0.0653548389673233,0.0029130075126886368,0.0003626967954915017
4392,0.07199656218290329,0.06548814475536346,0.002389460103586316,0.0004118956858292222
4393,0.07217329740524292,0.06646385043859482,0.0019528090488165617,0.00037566383252851665
4394,0.0720786452293396,0.06435470283031464,0.0032499609515070915,0.0004473986045923084
4395,0.07190162688493729,0.06643645465373993,0.0016927297692745924,0.00037724425783380866
4396,0.07207846641540527,0.06477370113134384,0.0036516133695840836,0.00036531512159854174
4397,0.07276807725429535,0.06628935784101486,0.00248107872903347,0.0003997638705186546
4398,0.07349501550197601,0.06432855874300003,0.005740509368479252,0.0003425947215873748
4399,0.07494151592254639,0.06708595901727676,0.0038360259495675564,0.00040195288602262735
4400,0.07604189962148666,0.06319283694028854,0.009087826125323772,0.00037612393498420715
4401,0.07969465851783752,0.06915494799613953,0.006074770353734493,0.00044649362098425627
4402,0.08078017830848694,0.06130240112543106,0.013786942698061466,0.0005690838443115354
4403,0.08452316373586655,0.07075365632772446,0.007866899482905865,0.0005902608972974122
4404,0.0802549496293068,0.06133445352315903,0.011879784986376762,0.0007040708442218602
4405,0.07650823891162872,0.06917845457792282,0.002361111808568239,0.0004968671128153801
4406,0.07246563583612442,0.06366342306137085,0.004003969486802816,0.0004798242589458823
4407,0.07191337645053864,0.06505706161260605,0.003510129638016224,0.00033461826387792826
4408,0.07395317405462265,0.06784652918577194,0.002355133416131139,0.00037515111034736037
4409,0.0748438611626625,0.06281383335590363,0.00638426560908556,0.0005645759520120919
4410,0.07457272708415985,0.06856413930654526,0.0010911737335845828,0.0004917410551570356
4411,0.0733439177274704,0.06353668868541718,0.003911950159817934,0.0005895280628465116
4412,0.07199610769748688,0.06594714522361755,0.0025995587930083275,0.0003449403156992048
4413,0.07163646817207336,0.06616133451461792,0.0017832230078056455,0.0003691913152579218
4414,0.0724419355392456,0.06324610114097595,0.003929674159735441,0.0005266163498163223
4415,0.0732978954911232,0.06710219383239746,0.0012570304097607732,0.0004938672063872218
4416,0.07288917899131775,0.06311405450105667,0.0036828205920755863,0.0006092301337048411
4417,0.07146132737398148,0.06583459675312042,0.0017516385996714234,0.0003875093534588814
4418,0.07080553472042084,0.06470485776662827,0.00232899677939713,0.0003771675401367247
4419,0.07136213779449463,0.06372898817062378,0.002912171185016632,0.00047209823969751596
4420,0.0719878301024437,0.06606799364089966,0.0016328529454767704,0.00042869834578596056
4421,0.07183770835399628,0.0631428211927414,0.003485575318336487,0.0005209309165365994
4422,0.07122818380594254,0.06580254435539246,0.001564715406857431,0.0003860919096041471
4423,0.0710848867893219,0.06371856480836868,0.0036881770938634872,0.0003678142966236919
4424,0.07162188738584518,0.06494809687137604,0.002515820087864995,0.0004157970251981169
4425,0.07204848527908325,0.0640915259718895,0.004450814798474312,0.00035061498056165874
4426,0.07239246368408203,0.06504408270120621,0.0030408967286348343,0.00043074836139567196
4427,0.07241068035364151,0.06300568580627441,0.005806407891213894,0.00035985885187983513
4428,0.07361543923616409,0.06649763882160187,0.0029659587889909744,0.000415184156736359
4429,0.07515161484479904,0.0613320916891098,0.008793620392680168,0.000502590264659375
4430,0.07903851568698883,0.06853583455085754,0.005126628093421459,0.0005376057233661413
4431,0.08088218420743942,0.059974659234285355,0.01439774502068758,0.0006509781815111637
4432,0.08601096272468567,0.06997574120759964,0.010032996535301208,0.0006002226728014648
4433,0.08056890964508057,0.060317788273096085,0.014132458716630936,0.0006118659512139857
4434,0.07657257467508316,0.06803328543901443,0.0039447396993637085,0.00045945486635901034
4435,0.07126063853502274,0.0628402903676033,0.004020684864372015,0.0004399661847855896
4436,0.0713869258761406,0.06388173997402191,0.00412620697170496,0.0003378982364665717
4437,0.07440115511417389,0.06697063148021698,0.0035528913140296936,0.00038776287692599
4438,0.07364452630281448,0.06208042800426483,0.006374894641339779,0.0005189204239286482
4439,0.07272931933403015,0.06712207198143005,0.0011523931752890348,0.0004454847367014736
4440,0.0727040097117424,0.06335268914699554,0.003756551304832101,0.0005594766698777676
4441,0.07164900749921799,0.0648147240281105,0.003563067875802517,0.00032712152460590005
4442,0.07062763720750809,0.06539101898670197,0.0017053830670192838,0.0003531232650857419
4443,0.071444071829319,0.06293473392724991,0.0032443904783576727,0.0005264947540126741
4444,0.07249005138874054,0.06567910313606262,0.0023545457515865564,0.0004456400638446212
4445,0.07163972407579422,0.06296104937791824,0.00325184827670455,0.0005426821298897266
4446,0.07014092057943344,0.06469447165727615,0.0018527957145124674,0.0003593656001612544
4447,0.0702316015958786,0.06383635848760605,0.002834492363035679,0.00035607488825917244
4448,0.07109065353870392,0.06323569267988205,0.0029288618825376034,0.0004926103283651173
4449,0.07092242687940598,0.06454094499349594,0.002408208791166544,0.0003973274724557996
4450,0.07013687491416931,0.06282515823841095,0.002811686135828495,0.000450002757133916
4451,0.06987284123897552,0.06425496935844421,0.0018438600236549973,0.00037740118568763137
4452,0.07038488984107971,0.06307359784841537,0.0037716147489845753,0.0003539673634804785
4453,0.07102924585342407,0.06392525136470795,0.0027636887971311808,0.0004340307496022433
4454,0.07085108011960983,0.06302972882986069,0.004326696041971445,0.00034946599043905735
4455,0.0705530196428299,0.06420280039310455,0.0023535366635769606,0.00039966858457773924
4456,0.07031630724668503,0.06198616698384285,0.004362066276371479,0.00039680718327872455
4457,0.07065584510564804,0.06501922756433487,0.001518932287581265,0.00041176818194799125
4458,0.07107583433389664,0.06118055433034897,0.004861750639975071,0.0005033533670939505
4459,0.07155349850654602,0.06549850106239319,0.0016245177248492837,0.00044304769835434854
4460,0.07201024144887924,0.06071285530924797,0.006540434900671244,0.0004756949783768505
4461,0.07371096312999725,0.06583227962255478,0.0035741599276661873,0.0004304519097786397
4462,0.0751631036400795,0.060403015464544296,0.010616928339004517,0.00041431558202020824
4463,0.07974076271057129,0.06683147698640823,0.008411549963057041,0.0004497735935728997
4464,0.07844659686088562,0.05972829833626747,0.014154509641230106,0.0004563784459605813
4465,0.0795949250459671,0.06756569445133209,0.00710117956623435,0.0004928052076138556
4466,0.07436196506023407,0.05984571948647499,0.008181684650480747,0.0006334561039693654
4467,0.07176092267036438,0.06569437682628632,0.0010632314952090383,0.0005003312835469842
4468,0.07118074595928192,0.06201697140932083,0.0035365510266274214,0.0005627222126349807
4469,0.0707654282450676,0.06294025480747223,0.004407633561640978,0.00034175379551015794
4470,0.07058584690093994,0.06500254571437836,0.0019045245135203004,0.0003678772773128003
4471,0.07124131917953491,0.06115052476525307,0.004315606318414211,0.000577519356738776
4472,0.07236268371343613,0.06569954007863998,0.0016202256083488464,0.000504292082041502
4473,0.07180013507604599,0.06152806058526039,0.003827087115496397,0.0006444992031902075
4474,0.06961974501609802,0.0639609843492508,0.0019072969444096088,0.0003751467738766223
4475,0.06891560554504395,0.06281311810016632,0.0024125827476382256,0.00036899055703543127
4476,0.06996031850576401,0.061918459832668304,0.0029768869280815125,0.0005064970464445651
4477,0.07052195072174072,0.06403128057718277,0.0020808554254472256,0.0004409810935612768
4478,0.06993777304887772,0.061096206307411194,0.003423188580200076,0.000541837653145194
4479,0.06924888491630554,0.06369644403457642,0.0015215742168948054,0.0004030871205031872
4480,0.06939176470041275,0.06141279265284538,0.004117642063647509,0.00038613314973190427
4481,0.07001078873872757,0.0628967359662056,0.002701312070712447,0.0004412739654071629
4482,0.06977200508117676,0.061970096081495285,0.004192258231341839,0.0003609650011640042
4483,0.06918787211179733,0.06267501413822174,0.002421237528324127,0.0004091621667612344
4484,0.068557508289814,0.061713311821222305,0.0031555378809571266,0.00036886538146063685
4485,0.06845284253358841,0.06292105466127396,0.0017502096015959978,0.0003781581181101501
4486,0.06862813234329224,0.06118365749716759,0.0029109681490808725,0.00045335048343986273
4487,0.06862939894199371,0.06281545758247375,0.0018857093527913094,0.00039282301440835
4488,0.06835675239562988,0.061334025114774704,0.0026663735043257475,0.0004356353310868144
4489,0.0680440217256546,0.062117498368024826,0.0021583291236311197,0.0003768191090784967
4490,0.06794863194227219,0.0619359165430069,0.0022012838162481785,0.00038114358903840184
4491,0.06805124878883362,0.06122526526451111,0.0025991748552769423,0.0004226808378007263
4492,0.06814153492450714,0.06229177117347717,0.001928233657963574,0.0003921529569197446
4493,0.06807912141084671,0.060847606509923935,0.002771936357021332,0.0004459581396076828
4494,0.06791414320468903,0.06215794384479523,0.0018480551661923528,0.00039081458817236125
4495,0.06785353273153305,0.060926973819732666,0.002943843835964799,0.000398271280573681
4496,0.06811664998531342,0.06208731234073639,0.0020544053986668587,0.0003974928695242852
4497,0.06896655261516571,0.060475509613752365,0.0047471532598137856,0.0003743884735740721
4498,0.07177252322435379,0.06326868385076523,0.0042100949212908745,0.00042937506805174053
4499,0.07777350395917892,0.05828811600804329,0.01534553524106741,0.0004139852535445243
4500,0.09977494925260544,0.06861791014671326,0.02498447895050049,0.0006172557477839291
4501,0.10335198044776917,0.05505454167723656,0.038229480385780334,0.0010067953262478113
4502,0.1248350739479065,0.0743282362818718,0.035246677696704865,0.001526016159914434
4503,0.08989152312278748,0.05695949122309685,0.009924124926328659,0.002300790511071682
4504,0.1038975790143013,0.06398290395736694,0.02737601473927498,0.0012538667069748044
4505,0.0966157615184784,0.06583569943904877,0.024270489811897278,0.0006509568775072694
4506,0.08932706713676453,0.06506499648094177,0.010678056627511978,0.0013584013795480132
4507,0.10291415452957153,0.06930895149707794,0.019246941432356834,0.0014358262997120619
4508,0.09280809760093689,0.05534984916448593,0.028968805447220802,0.0008489446481689811
4509,0.08207317441701889,0.06979916244745255,0.006968430243432522,0.0005305582890287042
4510,0.09443868696689606,0.07856546342372894,0.009314058348536491,0.0006559161702170968
4511,0.0864754170179367,0.06312719732522964,0.00679045682772994,0.0016557761700823903
4512,0.09303069859743118,0.06384053826332092,0.017974674701690674,0.0011215484701097012
4513,0.07878279685974121,0.0656534880399704,0.009115013293921947,0.00040142974467016757
4514,0.0849190205335617,0.06874984502792358,0.0013271113857626915,0.0014842066448181868
4515,0.08876225352287292,0.07622642815113068,0.004668065346777439,0.0007867758395150304
4516,0.07721514254808426,0.06519550830125809,0.007170947268605232,0.0004848687967751175
4517,0.07882548868656158,0.06205384433269501,0.01071571558713913,0.0006055926205590367
4518,0.0838049054145813,0.06886672973632812,0.007894756272435188,0.000704342033714056
4519,0.0761350467801094,0.06409608572721481,0.004808514378964901,0.0007230447372421622
4520,0.07742682844400406,0.06732381135225296,0.005087744910269976,0.0005015269853174686
4521,0.07554351538419724,0.06989162415266037,0.0003836688119918108,0.0005268221721053123
4522,0.0797252431511879,0.06115332245826721,0.009338426403701305,0.0009233497548848391
4523,0.07191652059555054,0.06296462565660477,0.004660855513066053,0.0004291041404940188
4524,0.07457006722688675,0.06630396097898483,0.0030779854860156775,0.000518812274094671
4525,0.07491345703601837,0.0640702098608017,0.0018731593154370785,0.0008970087510533631
4526,0.07343629747629166,0.06520948559045792,0.004177238792181015,0.0004049578565172851
4527,0.07083067297935486,0.0620359443128109,0.0036279449705034494,0.0005166787304915488
4528,0.07417109608650208,0.06080804020166397,0.006319343112409115,0.0007043714867904782
4529,0.07047870755195618,0.06548381596803665,0.0008140708087012172,0.0004180821415502578
4530,0.07157178968191147,0.06373465806245804,0.003907483536750078,0.000392964604543522
4531,0.07055342197418213,0.06086335703730583,0.004262775648385286,0.0005427286960184574
4532,0.07078370451927185,0.06201138719916344,0.0032240203581750393,0.00055482960306108
4533,0.07004251331090927,0.06146924942731857,0.004378610290586948,0.00041946570854634047
4534,0.06904171407222748,0.06306297332048416,0.0012482700403779745,0.00047304676263593137
4535,0.069609634578228,0.06331094354391098,0.0022734508384019136,0.0004025241651106626
4536,0.06934375315904617,0.05890737473964691,0.006710330955684185,0.0003726053109858185
4537,0.06763555854558945,0.06145530566573143,0.002294988837093115,0.00038852638681419194
4538,0.06898793578147888,0.064244844019413,0.0008392627350986004,0.00039038265822455287
4539,0.068197101354599,0.06018861383199692,0.003909368999302387,0.00040991167770698667
4540,0.06773318350315094,0.060352470725774765,0.0036122403107583523,0.00037684739800170064
4541,0.0676383227109909,0.06164564937353134,0.0023241559974849224,0.00036685197846964
4542,0.0680248811841011,0.06099307909607887,0.0027482323348522186,0.00042835663771256804
4543,0.06742652505636215,0.06199593096971512,0.0014588527847081423,0.00039717397885397077
4544,0.06726125627756119,0.059629008173942566,0.003497591009363532,0.00041346572106704116
4545,0.06717075407505035,0.05971748009324074,0.0035343957133591175,0.0003918878792319447
4546,0.06747792661190033,0.06257326900959015,0.0010666509624570608,0.0003838013217318803
4547,0.06697080284357071,0.05980081483721733,0.002714384812861681,0.0004455602611415088
4548,0.06678660959005356,0.059588830918073654,0.003022226970642805,0.00041755492566153407
4549,0.066678985953331,0.06079006567597389,0.0019268735777586699,0.0003962045593652874
4550,0.06696732342243195,0.059967804700136185,0.0026030410081148148,0.0004396478470880538
4551,0.06662051379680634,0.06092537194490433,0.0018114532576873899,0.0003883692843373865
4552,0.06642477214336395,0.0590551495552063,0.003308437764644623,0.0004061187501065433
4553,0.06630275398492813,0.05956597253680229,0.002410648623481393,0.0004326131602283567
4554,0.06637906283140182,0.06101825460791588,0.0013886522501707077,0.00039721556822769344
4555,0.06626318395137787,0.05914286524057388,0.003058207454159856,0.00040621147491037846
4556,0.0663241595029831,0.05942029878497124,0.0027343896217644215,0.00041694744140841067
4557,0.06615860760211945,0.059364110231399536,0.0027370802126824856,0.0004057420010212809
4558,0.06604685634374619,0.0600692480802536,0.001672565471380949,0.00043050426756963134
4559,0.06586037576198578,0.05916865915060043,0.002494526095688343,0.0004197194939479232
4560,0.06590865552425385,0.058852143585681915,0.0029766180086880922,0.00040798893314786255
4561,0.06585787236690521,0.05949971824884415,0.0021327983122318983,0.00042253523133695126
4562,0.06584647297859192,0.05921251326799393,0.0024444828741252422,0.0004189473402220756
4563,0.06580939143896103,0.05950690060853958,0.002025018446147442,0.0004277472326066345
4564,0.06576915085315704,0.05816873908042908,0.0032994034700095654,0.0004301007720641792
4565,0.06565111130475998,0.05965205654501915,0.0018846942111849785,0.0004114357871003449
4566,0.06554780155420303,0.058969561010599136,0.0024706304538995028,0.00041076066554524004
4567,0.0654728040099144,0.05874953791499138,0.0024671663995832205,0.00042561005102470517
4568,0.0653970018029213,0.058686647564172745,0.0025601990055292845,0.0004150155873503536
4569,0.06531964242458344,0.058974314481019974,0.0021816871594637632,0.0004163640842307359
4570,0.0652739405632019,0.0589006207883358,0.0022173679899424314,0.0004155952774453908
4571,0.06525031477212906,0.05840224772691727,0.00275352131575346,0.0004094545147381723
4572,0.06519962102174759,0.05871136859059334,0.0022607503924518824,0.00042275007581338286
4573,0.06516879796981812,0.05853639543056488,0.0024580545723438263,0.00041743487236090004
4574,0.06513338536024094,0.05897782742977142,0.002045206492766738,0.0004110349982511252
4575,0.06511972844600677,0.05780065804719925,0.00316795171238482,0.0004151117173023522
4576,0.06508394330739975,0.05893851816654205,0.002002064371481538,0.0004143363912589848
4577,0.06508342921733856,0.058083392679691315,0.0028331542853266,0.00041668815538287163
4578,0.06511976569890976,0.0587623231112957,0.002117621712386608,0.00042398212826810777
4579,0.06518755108118057,0.057473063468933105,0.003616512753069401,0.0004097972414456308
4580,0.06539499014616013,0.05919636785984039,0.0019774395041167736,0.00042211846448481083
4581,0.06569843739271164,0.05709987133741379,0.004338287282735109,0.0004260276327840984
4582,0.06651590764522552,0.059600088745355606,0.0024974846746772528,0.00044183339923620224
4583,0.06748862564563751,0.0560961477458477,0.006969562731683254,0.00044229201739653945
4584,0.07023346424102783,0.06096966192126274,0.004608681425452232,0.00046551230479963124
4585,0.07183315604925156,0.05514437332749367,0.011935511603951454,0.0004753266111947596
4586,0.07733958959579468,0.062310103327035904,0.009699869900941849,0.0005329620325937867
4587,0.07395969331264496,0.05461887642741203,0.013655433431267738,0.0005685384385287762
4588,0.0727253407239914,0.062066808342933655,0.0053422278724610806,0.0005316302413120866
4589,0.06685356795787811,0.055792417377233505,0.005764675326645374,0.0005296479794196784
4590,0.06477134674787521,0.05828297883272171,0.0024755834601819515,0.00040127866668626666
4591,0.06639852374792099,0.059695951640605927,0.002453800290822983,0.0004248772456776351
4592,0.06775061786174774,0.055765897035598755,0.006536898203194141,0.0005447825533337891
4593,0.06760350614786148,0.06105761229991913,0.0014432374155148864,0.0005102659924887121
4594,0.06572888791561127,0.05670676752924919,0.0037983425427228212,0.0005223776097409427
4595,0.06468192487955093,0.058244723826646805,0.002733202651143074,0.00037039961898699403
4596,0.06554924696683884,0.05978696420788765,0.0014792421134188771,0.00042830390157178044
4597,0.06660060584545135,0.05569887161254883,0.004675763659179211,0.0006225971737876534
4598,0.06584174931049347,0.05981679633259773,0.0012021800503134727,0.0004822771006729454
4599,0.06432177126407623,0.05717582255601883,0.002747612539678812,0.00043983309296891093
4600,0.06424006074666977,0.05701172724366188,0.0028958057519048452,0.00043325271690264344
4601,0.0652124434709549,0.05928855761885643,0.0013296655379235744,0.0004594218626152724
4602,0.06532317399978638,0.055827416479587555,0.003983859904110432,0.0005511894705705345
4603,0.06449640542268753,0.05872747674584389,0.0015282672829926014,0.00042406638385728
4604,0.06401791423559189,0.057102020829916,0.003015195019543171,0.0003900698502548039
4605,0.06405144929885864,0.056993868201971054,0.0026034368202090263,0.0004454140434972942
4606,0.06398563086986542,0.05832674354314804,0.0016663859132677317,0.00039925030432641506
4607,0.06401950865983963,0.05633934214711189,0.0035552573390305042,0.0004124907427467406
4608,0.06445523351430893,0.058130454272031784,0.0021818324457854033,0.00041429500561207533
4609,0.06460431963205338,0.056293804198503494,0.004444554448127747,0.00038659642450511456
4610,0.06459829211235046,0.058000609278678894,0.002355509903281927,0.00042421778198331594
4611,0.06417864561080933,0.055811893194913864,0.004200023598968983,0.0004166732542216778
4612,0.0640922486782074,0.058249179273843765,0.0016147230053320527,0.00042283497168682516
4613,0.06394494324922562,0.05544167011976242,0.003881885204464197,0.00046213893801905215
4614,0.06371113657951355,0.057855501770973206,0.0016236347146332264,0.0004231998464092612
4615,0.06350193172693253,0.05576656013727188,0.0035487795248627663,0.0004186590958852321
4616,0.0635681003332138,0.0572822280228138,0.0021015340462327003,0.0004184335994068533
4617,0.06363622844219208,0.05598459765315056,0.0037718401290476322,0.00038797903107479215
4618,0.06384775042533875,0.05746535584330559,0.0022727742325514555,0.0004109624424017966
4619,0.06408499926328659,0.05518769100308418,0.004765596240758896,0.0004131714813411236
4620,0.0650748759508133,0.058403946459293365,0.0022802548483014107,0.00043906719656661153
4621,0.06625991314649582,0.053897254168987274,0.007445888593792915,0.0004916774341836572
4622,0.06941109895706177,0.05975404009222984,0.004687804728746414,0.00049692572792992
4623,0.0711572989821434,0.052861712872982025,0.012910470366477966,0.0005385115509852767
4624,0.07734570652246475,0.06125042214989662,0.010534612461924553,0.0005560676218010485
4625,0.07252652943134308,0.05254248529672623,0.013765321113169193,0.0006218727212399244
4626,0.0701877772808075,0.06022082641720772,0.004369726404547691,0.0005597227718681097
4627,0.06481453031301498,0.05392932519316673,0.005180378444492817,0.0005704826326109469
4628,0.06331242620944977,0.056530483067035675,0.0027023348957300186,0.00040796108078211546
4629,0.06490716338157654,0.057864222675561905,0.002771997358649969,0.0004270945501048118
4630,0.06589099764823914,0.05387013033032417,0.006275680847465992,0.0005745191010646522
4631,0.06614868342876434,0.05966451019048691,0.0009507849463261664,0.0005533386138267815
4632,0.06485036015510559,0.05434928089380264,0.004508071579039097,0.000599301012698561
4633,0.06291016936302185,0.056934989988803864,0.002071248833090067,0.00039039301918819547
4634,0.06297173351049423,0.05726101994514465,0.0014560006093233824,0.00042547148768790066
4635,0.06460753083229065,0.05374302715063095,0.004575537517666817,0.000628896988928318
4636,0.06464234739542007,0.058468785136938095,0.0009166454547084868,0.0005256919539533556
4637,0.06312733143568039,0.05430169403553009,0.0038398411124944687,0.000498579756822437
4638,0.06225352734327316,0.05590279772877693,0.0022096200846135616,0.00041411121492274106
4639,0.0626511201262474,0.056570183485746384,0.0018148176604881883,0.00042661206680350006
4640,0.06301842629909515,0.05400923267006874,0.0036178543232381344,0.0005391340237110853
4641,0.06289092451334,0.05699975788593292,0.0014135120436549187,0.0004477654001675546
4642,0.06293570250272751,0.0543115958571434,0.00448969379067421,0.00041344098281115294
4643,0.06336025893688202,0.056459520012140274,0.0026990564074367285,0.0004201684787403792
4644,0.06282719224691391,0.05466308817267418,0.004369242116808891,0.0003794867079705
4645,0.06220618635416031,0.05604121461510658,0.002012062817811966,0.000415290764067322
4646,0.06175381317734718,0.054288074374198914,0.0032076805364340544,0.0004258058324921876
4647,0.061691612005233765,0.055775146931409836,0.0017247102223336697,0.00041917574708350003
4648,0.06155221536755562,0.05423486977815628,0.0027862254064530134,0.00045311174471862614
4649,0.061281897127628326,0.055173732340335846,0.0020156281534582376,0.0004092536692041904
4650,0.061166781932115555,0.054933443665504456,0.0021340614184737206,0.0004099275392945856
4651,0.06126697361469269,0.05402246490120888,0.0028572508599609137,0.00043872607056982815
4652,0.061350200325250626,0.055558670312166214,0.0015780660323798656,0.00042134628165513277
4653,0.06139435991644859,0.053473662585020065,0.003503575921058655,0.00044171218178234994
4654,0.061790261417627335,0.05562971159815788,0.0019037086749449372,0.0004256842366885394
4655,0.06295159459114075,0.05312366783618927,0.00574856624007225,0.0004079360805917531
4656,0.0667833760380745,0.05689406022429466,0.005391011014580727,0.00044983052066527307
4657,0.0721791684627533,0.050981104373931885,0.016412077471613884,0.0004785984056070447
4658,0.09193328022956848,0.061823297291994095,0.02323181927204132,0.0006878170534037054
4659,0.08472968637943268,0.048717841506004333,0.025399459525942802,0.0010612379992380738
4660,0.08642055094242096,0.06307794898748398,0.011789684183895588,0.0011552913347259164
4661,0.07121504098176956,0.05005591735243797,0.009240595623850822,0.0011918529635295272
4662,0.06727965176105499,0.055290888994932175,0.0064981067553162575,0.0005490658804774284
4663,0.07022954523563385,0.05783002823591232,0.006565056275576353,0.0005834457115270197
4664,0.07128530740737915,0.05182469263672829,0.0063500250689685345,0.0013110593426972628
4665,0.07571621239185333,0.05967248976230621,0.006409428548067808,0.0009634291636757553
4666,0.06705475598573685,0.05308138206601143,0.008921653032302856,0.0005051720072515309
4667,0.06584198027849197,0.057186059653759,0.0011229838710278273,0.0007532936288043857
4668,0.06984096020460129,0.057838112115859985,0.004593221936374903,0.0007409622776322067
4669,0.06922344863414764,0.04979991540312767,0.012932635843753815,0.000649090448860079
4670,0.06820230931043625,0.06065211072564125,0.001997422194108367,0.0005552776274271309
4671,0.061986010521650314,0.056010812520980835,0.0017040000529959798,0.00042711972491815686
4672,0.06988295912742615,0.04877594858407974,0.016708677634596825,0.00043983300565741956
4673,0.06840895861387253,0.06131349876523018,0.0018736537313088775,0.0005221805186010897
4674,0.0632447749376297,0.055243927985429764,0.0013821321772411466,0.0006618713960051537
4675,0.06711767613887787,0.04997405409812927,0.013219568878412247,0.00039240546175278723
4676,0.06464271247386932,0.05866144970059395,0.0008721175254322588,0.0005109147750772536
4677,0.0670454278588295,0.055420082062482834,0.001033900072798133,0.0010591446189209819
4678,0.06397770345211029,0.05369515344500542,0.0056488169357180595,0.00046337288222275674
4679,0.06186410039663315,0.05456066504120827,0.0031082527711987495,0.0004195183573756367
4680,0.06574217230081558,0.0548924095928669,0.0011095114750787616,0.0009740253444761038
4681,0.06348323076963425,0.056555505841970444,0.0015751667087897658,0.0005352559965103865
4682,0.06208733841776848,0.05112852901220322,0.0069138044491410255,0.0004045005771331489
4683,0.061720218509435654,0.05436049401760101,0.0013983617536723614,0.0005961361457593739
4684,0.0631902888417244,0.057266946882009506,0.0010884854709729552,0.0004834854044020176
4685,0.062329720705747604,0.0502212718129158,0.007654197048395872,0.0004454251320566982
4686,0.06024476885795593,0.05393489450216293,0.001949199242517352,0.00043606775579974055
4687,0.062351301312446594,0.05576059967279434,0.0021756384521722794,0.00044150662142783403
4688,0.06138470768928528,0.05134179815649986,0.00529895955696702,0.0004743949684780091
4689,0.05957374721765518,0.05278105288743973,0.00275485310703516,0.0004037842736579478
4690,0.06106177344918251,0.0552988238632679,0.0016139941290020943,0.00041489562136121094
4691,0.06102428212761879,0.052143123000860214,0.004134187009185553,0.0004746974736917764
4692,0.06025788187980652,0.05170465260744095,0.0045446292497217655,0.0004008598334621638
4693,0.06056641787290573,0.055547084659338,0.0006993840215727687,0.0004319949075579643
4694,0.06084562838077545,0.051022011786699295,0.004320803098380566,0.0005502811982296407
4695,0.06081670522689819,0.05341356247663498,0.0025538464542478323,0.00048492950736545026
4696,0.06009558215737343,0.05253871530294418,0.0032720519229769707,0.0004284813767299056
4697,0.06078885495662689,0.05351952463388443,0.0026274670381098986,0.00046418627607636154
4698,0.06122176721692085,0.051152314990758896,0.0059891147539019585,0.0004080336366314441
4699,0.06116525083780289,0.05424031615257263,0.002587003167718649,0.0004337933787610382
4700,0.061865534633398056,0.05087704584002495,0.005771277472376823,0.0005217212601564825
4701,0.06409954279661179,0.05478721484541893,0.003711756318807602,0.0005600574077107012
4702,0.06464704871177673,0.04944094642996788,0.009706009179353714,0.0005500095430761576
4703,0.0681242048740387,0.05651642009615898,0.006799047812819481,0.00048087365576066077
4704,0.06547737121582031,0.04936603084206581,0.011982069350779057,0.0004129268927499652
4705,0.06480392068624496,0.05463414266705513,0.005660766735672951,0.00045090101775713265
4706,0.0604228600859642,0.051289308816194534,0.0041776858270168304,0.0004955867188982666
4707,0.058857887983322144,0.05218961834907532,0.002458179835230112,0.0004210089973639697
4708,0.059696730226278305,0.05240730941295624,0.0029172017239034176,0.00043722204281948507
4709,0.060684576630592346,0.051213715225458145,0.004569202195852995,0.0004901659558527172
4710,0.06085575744509697,0.05400676280260086,0.002057233126834035,0.00047917611664161086
4711,0.05963759869337082,0.05034349858760834,0.004434550646692514,0.0004859547480009496
4712,0.05878092348575592,0.0533711276948452,0.0013572883326560259,0.0004052506701555103
4713,0.05885715037584305,0.05230515077710152,0.0023318075109273195,0.00042201922042295337
4714,0.05957048758864403,0.04992575943470001,0.004579268861562014,0.0005065459408797324
4715,0.059727951884269714,0.0543280653655529,0.0007403349154628813,0.00046595523599535227
4716,0.05863529443740845,0.050024621188640594,0.004279206972569227,0.0004331464588176459
4717,0.05790917947888374,0.05156788229942322,0.002214218722656369,0.00041270771180279553
4718,0.058337558060884476,0.0529937781393528,0.0010824004421010613,0.00042613790719769895
4719,0.05876827612519264,0.049427539110183716,0.004741018638014793,0.0004599715175572783
4720,0.05867016687989235,0.05279900133609772,0.00141852383967489,0.00044526412966661155
4721,0.05843626707792282,0.05063042789697647,0.0035044385585933924,0.00043014000402763486
4722,0.05833641067147255,0.0513240210711956,0.0028472766280174255,0.00041651143692433834
4723,0.057837631553411484,0.05111681669950485,0.002765954937785864,0.0003954862477257848
4724,0.057442616671323776,0.05147537589073181,0.001787265995517373,0.0004179974494036287
4725,0.05733737349510193,0.050250742584466934,0.0029058377258479595,0.0004180793184787035
4726,0.05733510106801987,0.05118552967905998,0.001957959495484829,0.0004191610205452889
4727,0.057292308658361435,0.050823114812374115,0.002098062075674534,0.0004371133691165596
4728,0.057354994118213654,0.04984530806541443,0.003368623089045286,0.0004141063545830548
4729,0.0577549934387207,0.051965903490781784,0.0014545763842761517,0.00043345149606466293
4730,0.05849956348538399,0.04880068451166153,0.005055843386799097,0.0004643035645131022
4731,0.06052201986312866,0.05265745148062706,0.0030630668625235558,0.0004801501636393368
4732,0.0638904869556427,0.047724649310112,0.011350762099027634,0.00048150739166885614
4733,0.07592474669218063,0.05539848282933235,0.01494481973350048,0.0005581448785960674
4734,0.07622004300355911,0.0461275577545166,0.023686446249485016,0.0006406035972759128
4735,0.08832494914531708,0.05845927819609642,0.022155040875077248,0.0007710628560744226
4736,0.06556365638971329,0.04676879197359085,0.00930178351700306,0.0009493082761764526
4737,0.06353133916854858,0.05150141566991806,0.006214065942913294,0.0005815853946842253
4738,0.0695967823266983,0.05289972200989723,0.011009418405592442,0.0005687636439688504
4739,0.06401508301496506,0.04884229972958565,0.003808581968769431,0.0011364204110577703
4740,0.07037971168756485,0.053564541041851044,0.008425872772932053,0.000838930020108819
4741,0.06433536112308502,0.05017147585749626,0.009703013114631176,0.00044608706957660615
4742,0.06681322306394577,0.055072687566280365,0.0010676439851522446,0.0010672889184206724
4743,0.06596319377422333,0.05113335698843002,0.007784190587699413,0.0007045644451864064
4744,0.06024438887834549,0.048385534435510635,0.00759931979700923,0.0004259534180164337
4745,0.06758465617895126,0.05653953179717064,0.002297999570146203,0.0008747124229557812
4746,0.06000249832868576,0.05095001682639122,0.004640175495296717,0.0004412303678691387
4747,0.06331245601177216,0.047885287553071976,0.01202778797596693,0.0003399380948394537
4748,0.0623122863471508,0.0561784990131855,0.0008259252062998712,0.0005307859973981977
4749,0.061214879155159,0.050950951874256134,0.0060678026638925076,0.0004196125955786556
4750,0.05974655598402023,0.04886218160390854,0.007243313826620579,0.0003641060320660472
4751,0.05991901457309723,0.05348449945449829,0.002121055033057928,0.0004313461540732533
4752,0.06107873097062111,0.05062010511755943,0.005252871662378311,0.0005205754423514009
4753,0.05727925896644592,0.05026932805776596,0.003173148725181818,0.0003836780379060656
4754,0.06077759712934494,0.05155126377940178,0.005398948211222887,0.0003827384498436004
4755,0.06072485074400902,0.05089827626943588,0.005073358304798603,0.00047532186727039516
4756,0.05649806559085846,0.05039401724934578,0.002068551490083337,0.0004035496967844665
4757,0.06167645379900932,0.049780137836933136,0.007859922014176846,0.0004036391619592905
4758,0.0625123679637909,0.05106270685791969,0.0066948747262358665,0.000475478358566761
4759,0.05636104941368103,0.05001562461256981,0.001792008988559246,0.0004553413309622556
4760,0.06221722438931465,0.049478448927402496,0.008600855246186256,0.0004137922078371048
4761,0.06442205607891083,0.05110732838511467,0.008723119273781776,0.0004591602773871273
4762,0.057546284049749374,0.050066787749528885,0.001369929639622569,0.0006109565729275346
4763,0.06313089281320572,0.04915875568985939,0.009514170698821545,0.0004457963805180043
4764,0.06486518681049347,0.05072241276502609,0.009571067988872528,0.0004571707686409354
4765,0.059925828129053116,0.05097426474094391,0.0006233973545022309,0.0008328164694830775
4766,0.06440272927284241,0.04898124933242798,0.010365104302763939,0.000505637435708195
4767,0.06315498054027557,0.050030067563056946,0.008715391159057617,0.00044095225166529417
4768,0.06304405629634857,0.051948580890893936,0.00033103913301602006,0.0010764437029138207
4769,0.06352880597114563,0.048937439918518066,0.009307540021836758,0.0005283826612867415
4770,0.06033113971352577,0.04857674613595009,0.007415249943733215,0.00043391442159190774
4771,0.06523632258176804,0.05311153456568718,0.0006048377836123109,0.001151994802057743
4772,0.05886618793010712,0.049538832157850266,0.005069766193628311,0.0004257589753251523
4773,0.060482870787382126,0.04671570658683777,0.009365757927298546,0.00044014034210704267
4774,0.06482385843992233,0.054280925542116165,0.0011219220468774438,0.0009421008871868253
4775,0.05552147328853607,0.04994674772024155,0.002001797314733267,0.00035729294177144766
4776,0.06338086724281311,0.04542321711778641,0.012754187919199467,0.0005203464534133673
4777,0.06199276074767113,0.05449263006448746,0.001140775391831994,0.0006359353428706527
4778,0.05659055709838867,0.050275396555662155,0.0010891910642385483,0.0005225969944149256
4779,0.0640062689781189,0.04550928622484207,0.01219182275235653,0.0006305159186013043
4780,0.057523708790540695,0.052613526582717896,0.0004513437452260405,0.0004458837502170354
4781,0.05940604209899902,0.05063445121049881,0.0005548150511458516,0.0008216777350753546
4782,0.06069675087928772,0.046841081231832504,0.007437105290591717,0.0006418565171770751
4783,0.054969992488622665,0.04912155121564865,0.0020985351875424385,0.00037499063182622194
4784,0.05989468842744827,0.051179416477680206,0.0004765432677231729,0.0008238729205913842
4785,0.056468721479177475,0.048284389078617096,0.003375803120434284,0.0004808529338333756
4786,0.056042373180389404,0.04649948328733444,0.005564769264310598,0.0003978123131673783
4787,0.058799371123313904,0.05135928466916084,0.0008276782464236021,0.0006612409488297999
4788,0.054893143475055695,0.04813952371478081,0.0028303428553044796,0.00039232781273312867
4789,0.05704164132475853,0.04613964259624481,0.005824433173984289,0.0005077566602267325
4790,0.056637734174728394,0.050305552780628204,0.0004985884879715741,0.0005833593895658851
4791,0.05454185977578163,0.048077989369630814,0.0021101704332977533,0.00043536999146454036
4792,0.057558950036764145,0.04629333317279816,0.005718778818845749,0.0005546837928704917
4793,0.05574658140540123,0.04880674183368683,0.0016364908078685403,0.000530335062649101
4794,0.05479053780436516,0.04921286180615425,0.000981452176347375,0.000459622242487967
4795,0.05651647225022316,0.04520054906606674,0.006841781549155712,0.00044741397141478956
4796,0.05451584234833717,0.04947544261813164,0.0007719636778347194,0.00042684373329393566
4797,0.054807230830192566,0.04801346734166145,0.0013867164961993694,0.0005407046992331743
4798,0.05531056970357895,0.046409185975790024,0.004321883898228407,0.00045794981997460127
4799,0.05373634397983551,0.04804782196879387,0.0016439887695014477,0.00040445345803163946
4800,0.05477787181735039,0.04808475077152252,0.0011412181193009019,0.0005551904323510826
4801,0.054335687309503555,0.04678110405802727,0.0032201155554503202,0.00043344678124412894
4802,0.053468186408281326,0.047006938606500626,0.0024228114634752274,0.00040384349995292723
4803,0.0544639527797699,0.04806926101446152,0.0010218186071142554,0.0005372875020839274
4804,0.053803469985723495,0.04646831005811691,0.0031303437426686287,0.00042048163595609367
4805,0.05363624915480614,0.04699896648526192,0.002300424035638571,0.0004336861602496356
4806,0.05449619144201279,0.04682871326804161,0.0021409622859209776,0.0005526517052203417
4807,0.05451129376888275,0.04797005653381348,0.0018994250567629933,0.0004641811246983707
4808,0.055902495980262756,0.04440486058592796,0.007232130505144596,0.00042655065772123635
4809,0.060649048537015915,0.05068022012710571,0.005016352515667677,0.0004952476592734456
4810,0.06385886669158936,0.04312991723418236,0.015649734064936638,0.0005079213296994567
4811,0.07879190146923065,0.05265079811215401,0.018467718735337257,0.0007673384388908744
4812,0.07017169892787933,0.043066587299108505,0.01635902002453804,0.0010746089974418283
4813,0.06504028290510178,0.05207221955060959,0.005516580305993557,0.0007451482815667987
4814,0.0557919405400753,0.04349830746650696,0.007089765276759863,0.0005203868495300412
4815,0.05671270936727524,0.04694884642958641,0.004310472868382931,0.0005453387275338173
4816,0.061001501977443695,0.04996715858578682,0.004972499329596758,0.0006061845342628658
4817,0.05866696685552597,0.04349968954920769,0.008072083815932274,0.000709519546944648
4818,0.060392290353775024,0.0515463724732399,0.003785251872614026,0.0005060667172074318
4819,0.05802449956536293,0.0458793006837368,0.00761293713003397,0.0004532261227723211
4820,0.05430406704545021,0.04681398347020149,0.0018379739485681057,0.0005652111140079796
4821,0.05753364413976669,0.04949431121349335,0.0032245852053165436,0.00048147470806725323
4822,0.0581362210214138,0.04406632483005524,0.00900118425488472,0.0005068712634965777
4823,0.05550331994891167,0.04981369897723198,0.00048299983609467745,0.000520662113558501
4824,0.05431486293673515,0.046846915036439896,0.0033974861726164818,0.00040704605635255575
4825,0.05637214332818985,0.044500932097435,0.007802214473485947,0.0004068996349815279
4826,0.055635787546634674,0.0502152293920517,0.0005756953032687306,0.0004844863433390856
4827,0.053931549191474915,0.04564012214541435,0.003482627682387829,0.00048087991308420897
4828,0.056001946330070496,0.045470066368579865,0.005336221307516098,0.0005195658304728568
4829,0.054043352603912354,0.04823312535881996,0.0010404641507193446,0.0004769766819663346
4830,0.0531533919274807,0.04608559608459473,0.0020850650034844875,0.0004982732934877276
4831,0.05553117021918297,0.04604673385620117,0.004065874498337507,0.0005418561049737036
4832,0.054200321435928345,0.0464886873960495,0.003108359407633543,0.0004603272245731205
4833,0.05367987975478172,0.047272805124521255,0.0015298351645469666,0.00048772405716590583
4834,0.05346953496336937,0.04416079819202423,0.004832447972148657,0.0004476288740988821
4835,0.05249277129769325,0.046678077429533005,0.0014386589173227549,0.0004376035649329424
4836,0.05337859317660332,0.04631359502673149,0.0018236447358503938,0.0005241351900622249
4837,0.05336812511086464,0.04413033649325371,0.005033181980252266,0.00042046053567901254
4838,0.05318967625498772,0.0476311631500721,0.0010782923782244325,0.00044802192132920027
4839,0.05430173501372337,0.04374440759420395,0.0041205682791769505,0.0006436756229959428
4840,0.054154857993125916,0.04735313728451729,0.0014708982780575752,0.0005330823478288949
4841,0.05357804894447327,0.043527159839868546,0.005675027146935463,0.000437586015323177
4842,0.055289097130298615,0.04748924821615219,0.002998344600200653,0.0004801503091584891
4843,0.0547233410179615,0.0437333919107914,0.006984125357121229,0.00040058238664641976
4844,0.05555941164493561,0.04706624895334244,0.003858539741486311,0.0004634624347090721
4845,0.055509231984615326,0.04330052435398102,0.005929411388933659,0.0006279299268499017
4846,0.055722013115882874,0.04785384610295296,0.0024332490283995867,0.0005434920312836766
4847,0.05476729944348335,0.0419485941529274,0.007924286648631096,0.0004894417361356318
4848,0.05472039431333542,0.04834083840250969,0.0015666101826354861,0.00048129461356438696
4849,0.05266468971967697,0.042926494032144547,0.005476623307913542,0.0004261572321411222
4850,0.051582373678684235,0.04587433487176895,0.001532136113382876,0.0004175901412963867
4851,0.05132793262600899,0.04535919427871704,0.001341204158961773,0.0004627532325685024
4852,0.051243625581264496,0.043855179101228714,0.0032068972941488028,0.00041815469739958644
4853,0.05174296349287033,0.04626136273145676,0.0010611149482429028,0.0004420487384777516
4854,0.05226831138134003,0.04335476830601692,0.003676386084407568,0.000523716036695987
4855,0.0523715615272522,0.046392772346735,0.0015115567948669195,0.00044672354124486446
4856,0.05204616114497185,0.04320968687534332,0.00459473580121994,0.00042417392251081765
4857,0.05180583894252777,0.045966777950525284,0.0013658589450642467,0.0004473201697692275
4858,0.05103692039847374,0.043525297194719315,0.0031797257252037525,0.0004331898526288569
4859,0.05070853605866432,0.044794801622629166,0.0015723996330052614,0.00043413342791609466
4860,0.05061109736561775,0.044256214052438736,0.0017597402911633253,0.0004595140926539898
4861,0.050551317632198334,0.044011179357767105,0.002299031475558877,0.0004241105343680829
4862,0.05075652524828911,0.04490976780653,0.0015500321751460433,0.00042967250919900835
4863,0.05103383958339691,0.04320549592375755,0.003119126660749316,0.00047092189197428524
4864,0.05139395594596863,0.04563906788825989,0.0012332283658906817,0.0004521659866441041
4865,0.051892343908548355,0.04205625504255295,0.005345581099390984,0.00044905056711286306
4866,0.05318963900208473,0.04647831246256828,0.0019109430722892284,0.0004800382594112307
4867,0.05410173907876015,0.041194040328264236,0.008002626709640026,0.0004905069945380092
4868,0.057443588972091675,0.047541696578264236,0.004437705501914024,0.0005464188288897276
4869,0.05855437368154526,0.04025837033987045,0.011901404708623886,0.0006394600495696068
4870,0.06362371146678925,0.04914375767111778,0.008032429032027721,0.0006447527557611465
4871,0.0597393736243248,0.0394437275826931,0.01353859156370163,0.0006757054943591356
4872,0.05862043797969818,0.04904493689537048,0.0034774686209857464,0.0006098032463341951
4873,0.05412861332297325,0.04016088321805,0.008304083719849586,0.0005663643823936582
4874,0.05197292938828468,0.046097468584775925,0.0009986723307520151,0.0004876788589172065
4875,0.05120258033275604,0.04341337829828262,0.003360631875693798,0.00044285706826485693
4876,0.05131666734814644,0.04265056177973747,0.0038921087980270386,0.0004773997061420232
4877,0.05241847783327103,0.04695706441998482,0.0007458189502358437,0.00047155970241874456
4878,0.053499311208724976,0.04073726758360863,0.007281556725502014,0.0005480487016029656
4879,0.05420771986246109,0.04768682271242142,0.0013240757398307323,0.0005196821875870228
4880,0.052181143313646317,0.04101359099149704,0.006423498969525099,0.00047440541675314307
4881,0.050138890743255615,0.04472604766488075,0.0009238837519660592,0.0004488958802539855
4882,0.04976453259587288,0.04422098025679588,0.0012996118748560548,0.000424393976572901
4883,0.0509190708398819,0.04182818531990051,0.004933888558298349,0.000415699410950765
4884,0.05174630880355835,0.04639283940196037,0.0008563823066651821,0.0004497090121731162
4885,0.05095759779214859,0.041265133768320084,0.004936860408633947,0.0004755603731609881
4886,0.05027352645993233,0.044778015464544296,0.0009348758030682802,0.00045606354251503944
4887,0.05042692646384239,0.0425676666200161,0.0032569929026067257,0.0004602267290465534
4888,0.051463112235069275,0.04352458193898201,0.003354629036039114,0.00045839036465622485
4889,0.0515965037047863,0.043020740151405334,0.004392458591610193,0.0004183304263278842
4890,0.05190669745206833,0.04394184798002243,0.003459127154201269,0.00045057234819978476
4891,0.05155039578676224,0.04137033224105835,0.00541040999814868,0.00047696547699160874
4892,0.05317452922463417,0.045721933245658875,0.0022045322693884373,0.0005248061497695744
4893,0.054911963641643524,0.039103955030441284,0.00991924200206995,0.0005888765444979072
4894,0.05970437824726105,0.04842577874660492,0.005141644272953272,0.000613695417996496
4895,0.060676392167806625,0.037836115807294846,0.016291480511426926,0.0006548797246068716
4896,0.06636478006839752,0.04984971880912781,0.009667839854955673,0.0006847222684882581
4897,0.05912216380238533,0.03852594271302223,0.012814901769161224,0.0007781320018693805
4898,0.05433712154626846,0.04661361873149872,0.001711893593892455,0.0006011608638800681
4899,0.04975137114524841,0.041276704519987106,0.00356684229336679,0.0004907823749817908
4900,0.04953918606042862,0.042216960340738297,0.002790448721498251,0.0004531780141405761
4901,0.052479274570941925,0.04562709107995033,0.001710638520307839,0.0005141543224453926
4902,0.0536370724439621,0.04001496359705925,0.006952422671020031,0.0006669684662483633
4903,0.05353488773107529,0.04720529913902283,0.0011355283204466105,0.0005194061086513102
4904,0.052600711584091187,0.03966540843248367,0.007805378641933203,0.0005129927885718644
4905,0.052486639469861984,0.04529302567243576,0.001747017726302147,0.0005446593859232962
4906,0.05032626539468765,0.041782740503549576,0.004087392706423998,0.00044561337563209236
4907,0.048963747918605804,0.04204097017645836,0.0028188624419271946,0.00041039130883291364
4908,0.049972791224718094,0.04500181972980499,0.0007085195975378156,0.00042624521302059293
4909,0.05105527862906456,0.04062104970216751,0.006217822432518005,0.0004216404922772199
4910,0.05055481567978859,0.044773001223802567,0.001387254218570888,0.0004394560819491744
4911,0.048800595104694366,0.041577622294425964,0.002663629362359643,0.00045593426330015063
4912,0.04843711107969284,0.041941262781620026,0.0021137152798473835,0.00043821323197335005
4913,0.049462560564279556,0.0436854362487793,0.0014255251735448837,0.00043515965808182955
4914,0.05001014098525047,0.04080900177359581,0.0043610683642327785,0.0004840072651859373
4915,0.04927370697259903,0.04352247342467308,0.001408514566719532,0.00043427178752608597
4916,0.048153188079595566,0.04140432924032211,0.002383523155003786,0.0004365336208138615
4917,0.04800066351890564,0.041564494371414185,0.0018975913990288973,0.00045385758858174086
4918,0.04856928065419197,0.04279641434550285,0.001344797434285283,0.0004428070387803018
4919,0.048989828675985336,0.040537577122449875,0.003886991646140814,0.0004565261770039797
4920,0.048883065581321716,0.042700931429862976,0.0016862822230905294,0.0004495852335821837
4921,0.048463430255651474,0.041443925350904465,0.0025307433679699898,0.0004488761769607663
4922,0.0486772395670414,0.040520209819078445,0.0036232303828001022,0.00045338019845075905
4923,0.050971515476703644,0.04397522658109665,0.002100247424095869,0.0004896040773019195
4924,0.056146953254938126,0.037561457604169846,0.013249726966023445,0.0005335768219083548
4925,0.07555703818798065,0.049228567630052567,0.01912679150700569,0.0007201681146398187
4926,0.0805024653673172,0.03533988073468208,0.03383198007941246,0.0011330607812851667
4927,0.10945761948823929,0.05457852780818939,0.04106675460934639,0.0013812343822792172
4928,0.06383758038282394,0.03824760764837265,0.009748133830726147,0.0015841840067878366
4929,0.08821482211351395,0.041758157312870026,0.038280803710222244,0.0008175859111361206
4930,0.1053280234336853,0.04981621727347374,0.04061225429177284,0.0014899548841640353
4931,0.10328806936740875,0.047931328415870667,0.02357088215649128,0.003178586019203067
4932,0.06983043253421783,0.05016046762466431,0.0071923197247087955,0.0012477639829739928
4933,0.11605571955442429,0.03663640469312668,0.05565289035439491,0.002376641845330596
4934,0.1130741536617279,0.05553395301103592,0.029778163880109787,0.0027762039098888636
4935,0.08915486931800842,0.048092104494571686,0.01525900699198246,0.0025803763419389725
4936,0.10571631789207458,0.05613378807902336,0.030547961592674255,0.0019034562865272164
4937,0.09289806336164474,0.06502571702003479,0.010422898456454277,0.0017449447186663747
4938,0.09508591145277023,0.0539783276617527,0.007270167116075754,0.0033837417140603065
4939,0.0866040289402008,0.055219367146492004,0.015065477229654789,0.0016319187125191092
4940,0.0740441381931305,0.053129248321056366,0.007011710666120052,0.0013903180370107293
4941,0.09248119592666626,0.05069294199347496,0.004138355143368244,0.0037649902515113354
4942,0.06035962700843811,0.05413167551159859,0.0003708632430061698,0.0005857085925526917
4943,0.08125586062669754,0.04880378022789955,0.011901665478944778,0.002055041491985321
4944,0.07031916081905365,0.05241160839796066,0.0015541496686637402,0.0016353405080735683
4945,0.06551425158977509,0.05154658854007721,0.002354900585487485,0.0011612758971750736
4946,0.06634620577096939,0.044892314821481705,0.008876053616404533,0.0012577836168929935
4947,0.06644774228334427,0.043137624859809875,0.011953892186284065,0.0011356229661032557
4948,0.06393278390169144,0.04930521920323372,0.0032031910959631205,0.0011424373369663954
4949,0.05856926739215851,0.05187705531716347,0.0009653966408222914,0.0005726813105866313
4950,0.06717756390571594,0.046395525336265564,0.007932794280350208,0.001284924102947116
4951,0.05528322607278824,0.04633567854762077,0.002048133173957467,0.0006899412255734205
4952,0.06129729375243187,0.04649467021226883,0.006013665348291397,0.000878895923960954
4953,0.05770841985940933,0.04583831876516342,0.001940754009410739,0.000992934568785131
4954,0.059026725590229034,0.04400724917650223,0.007747012190520763,0.0007272465154528618
4955,0.054033562541007996,0.04465803503990173,0.0042340438812971115,0.000514148036018014
4956,0.057928647845983505,0.04836304858326912,0.0024701829534024,0.0007095416076481342
4957,0.05390486121177673,0.046221520751714706,0.002571149030700326,0.0005112188518978655
4958,0.05314171686768532,0.04264276474714279,0.005482408218085766,0.0005016541690565646
4959,0.05560077354311943,0.042507778853178024,0.006438600365072489,0.0006654392927885056
4960,0.05124181881546974,0.043995730578899384,0.0008317586034536362,0.000641432823613286
4961,0.05336892604827881,0.04243841767311096,0.003804030129685998,0.0007126476266421378
4962,0.051900897175073624,0.04338005930185318,0.001960103865712881,0.0006560735637322068
4963,0.05104254186153412,0.04304736480116844,0.002777038374915719,0.000521813752129674
4964,0.05214015021920204,0.04211333021521568,0.004202915355563164,0.0005823906976729631
4965,0.05024602636694908,0.04283706843852997,0.0016944909002631903,0.0005714469589293003
4966,0.05111004039645195,0.04181797057390213,0.004299867898225784,0.0004992203321307898
4967,0.050356555730104446,0.04202175512909889,0.0024544268380850554,0.0005880375974811614
4968,0.04974481835961342,0.04324040934443474,0.001317274640314281,0.0005187136703170836
4969,0.05010242015123367,0.042274173349142075,0.003666806500405073,0.0004161439719609916
4970,0.049137137830257416,0.0421283058822155,0.0028627936262637377,0.00041460388456471264
4971,0.04897642508149147,0.04224283620715141,0.0025264215655624866,0.0004207167658023536
4972,0.04912184923887253,0.04201645031571388,0.002627151319757104,0.0004478247428778559
4973,0.0483647882938385,0.042138490825891495,0.0012229622807353735,0.0005003336700610816
4974,0.04824812710285187,0.04117629677057266,0.0023090981412678957,0.00047627303865738213
4975,0.04834412783384323,0.041371800005435944,0.0026203335728496313,0.0004351994430180639
4976,0.04793687164783478,0.0420868918299675,0.0014512452762573957,0.0004398735472932458
4977,0.04772290959954262,0.04065525904297829,0.0027896480169147253,0.0004278003179933876
4978,0.04785763472318649,0.04137270525097847,0.002053207252174616,0.00044317226274870336
4979,0.04754820093512535,0.041776079684495926,0.000986922881565988,0.00047851979616098106
4980,0.047393493354320526,0.039871834218502045,0.0026024363469332457,0.0004919221973977983
4981,0.04748407378792763,0.0407569520175457,0.001995458733290434,0.0004731662047561258
4982,0.0471268966794014,0.04111471772193909,0.001443760935217142,0.0004568414587993175
4983,0.047239888459444046,0.0398651547729969,0.0025627894792705774,0.00048119420534931123
4984,0.04718136042356491,0.0414590910077095,0.001195237273350358,0.0004527033306658268
4985,0.04673245921730995,0.040492571890354156,0.0017157020047307014,0.00045241875341162086
4986,0.04695367440581322,0.039439599961042404,0.0026983271818608046,0.0004815747670363635
4987,0.04696046561002731,0.04098980873823166,0.00115272868424654,0.00048179272562265396
4988,0.04654498025774956,0.03966781124472618,0.002194672357290983,0.00046824972378090024
4989,0.046603698283433914,0.0397256575524807,0.0019869590178132057,0.0004891083226539195
4990,0.04662606120109558,0.04079937934875488,0.0010811606189236045,0.0004745522455777973
4991,0.04642587527632713,0.03926520794630051,0.0023950692266225815,0.0004765595367643982
4992,0.04641720652580261,0.03966037929058075,0.0018881249707192183,0.00048686994705349207
4993,0.04635488614439964,0.03994031623005867,0.0015243692323565483,0.0004890200216323137
4994,0.04622707515954971,0.03937140852212906,0.0018505861517041922,0.0005005081766285002
4995,0.04615895450115204,0.039753809571266174,0.0015623458893969655,0.0004842800844926387
4996,0.046163640916347504,0.03976444527506828,0.0017513809725642204,0.00046478118747472763
4997,0.04612564295530319,0.03955458849668503,0.001867111655883491,0.0004703944141510874
4998,0.04595454782247543,0.03940277174115181,0.0018991287797689438,0.0004652647767215967
4999,0.04592619836330414,0.039772793650627136,0.001440856489352882,0.00047125472337938845
5000,0.045920852571725845,0.03930317610502243,0.0017651314847171307,0.000485254597151652
5001,0.045804936438798904,0.039405565708875656,0.0017469546291977167,0.0004652415227610618
5002,0.04578147083520889,0.03976459056138992,0.0014555812813341618,0.00045612972462549806
5003,0.04574994742870331,0.03895995765924454,0.002199017908424139,0.00045909732580184937
5004,0.04564692825078964,0.03972947224974632,0.0013375908602029085,0.0004579865199048072
5005,0.045575205236673355,0.03926295042037964,0.0016540961805731058,0.0004658159741666168
5006,0.04553089663386345,0.03900023177266121,0.0018156347796320915,0.00047150286263786256
5007,0.04549134895205498,0.0394275076687336,0.0014078128151595592,0.0004656028759200126
5008,0.04542592167854309,0.03890449181199074,0.0018815717194229364,0.0004639857215806842
5009,0.045376915484666824,0.039129722863435745,0.00162363366689533,0.0004623557033482939
5010,0.04535786435008049,0.03911885246634483,0.0016317444387823343,0.00046072661643847823
5011,0.04529758170247078,0.03905309736728668,0.0015758180525153875,0.0004668668261729181
5012,0.04523436725139618,0.038739416748285294,0.0018899599090218544,0.0004604992864187807
5013,0.04520224407315254,0.03919677808880806,0.001396633917465806,0.0004608832241501659
5014,0.04515516757965088,0.03850705921649933,0.002013168530538678,0.00046349395415745676
5015,0.045105479657649994,0.039165619760751724,0.0013415220892056823,0.0004598340019583702
5016,0.0450611487030983,0.03859921544790268,0.00188657664693892,0.00045753567246720195
5017,0.045037951320409775,0.03889612853527069,0.001526123727671802,0.00046156978351064026
5018,0.04502321034669876,0.03846176713705063,0.001983539666980505,0.000457790563814342
5019,0.045031074434518814,0.03897927701473236,0.0014096489176154137,0.0004642148851417005
5020,0.04508618265390396,0.03801889345049858,0.002431612927466631,0.0004635677323676646
5021,0.04528152197599411,0.03941960632801056,0.001201642444357276,0.00046602761722169816
5022,0.04557450860738754,0.037490129470825195,0.003452134318649769,0.00046322453999891877
5023,0.04642391577363014,0.0398942306637764,0.0018024742603302002,0.00047272100346162915
5024,0.047395009547472,0.036830928176641464,0.005829906091094017,0.00047341774916276336
5025,0.05058855935931206,0.040989890694618225,0.00459361681714654,0.0005005050916224718
5026,0.05140044912695885,0.035883933305740356,0.010384715162217617,0.0005131798679940403
5027,0.056735046207904816,0.04256277531385422,0.008770212531089783,0.0005402056849561632
5028,0.05122766271233559,0.03550156578421593,0.009993325918912888,0.0005732771824114025
5029,0.048577893525362015,0.04135838523507118,0.002100610639899969,0.0005118897533975542
5030,0.045263346284627914,0.036892566829919815,0.0035304322373121977,0.00048403468099422753
5031,0.045035507529973984,0.03803068771958351,0.002280858810991049,0.0004723962629213929
5032,0.046978291124105453,0.04026452824473381,0.0018015442183241248,0.0004912220756523311
5033,0.04732334986329079,0.03611533343791962,0.005943440832197666,0.0005264576757326722
5034,0.046894535422325134,0.04134801775217056,0.0008388354326598346,0.0004707684274762869
5035,0.045565806329250336,0.03704803064465523,0.0037620242219418287,0.0004755750414915383
5036,0.044911645352840424,0.038675110787153244,0.0018339379457756877,0.0004402597260195762
5037,0.04516349732875824,0.039601411670446396,0.0009724907577037811,0.000458959664683789
5038,0.04573936015367508,0.03647787496447563,0.004271883051842451,0.0004989602020941675
5039,0.04592075198888779,0.04043532907962799,0.0008015085477381945,0.0004683916922658682
5040,0.04498699679970741,0.03726613521575928,0.003204858861863613,0.00045160012086853385
5041,0.04422514885663986,0.03838709741830826,0.001532857771962881,0.0004305194888729602
5042,0.0445367768406868,0.03932090103626251,0.0008449703454971313,0.0004370903770904988
5043,0.04517686367034912,0.03662654757499695,0.0036761807277798653,0.00048741349019110203
5044,0.04512026533484459,0.039742741733789444,0.0007266626926138997,0.00046508607920259237
5045,0.04437369108200073,0.036895886063575745,0.002830356126651168,0.00046474492410197854
5046,0.04403310641646385,0.03819912672042847,0.0014000621158629656,0.0004433918802533299
5047,0.044200703501701355,0.038450248539447784,0.001393654616549611,0.0004356803256087005
5048,0.04427690431475639,0.03708353266119957,0.002617098158225417,0.00045762723311781883
5049,0.04404290392994881,0.038698092103004456,0.0008980762795545161,0.00044467332190833986
5050,0.04389044642448425,0.03697479888796806,0.002373246941715479,0.00045423986739479005
5051,0.04413747042417526,0.0379696749150753,0.0015278452774509788,0.0004639949765987694
5052,0.04440119490027428,0.03726993873715401,0.0026443349197506905,0.0004486923571676016
5053,0.04470581188797951,0.03803025931119919,0.0020298482850193977,0.0004645704757422209
5054,0.04464254528284073,0.03663560748100281,0.0034556621685624123,0.00045512779615819454
5055,0.04523328319191933,0.0389605388045311,0.0015808043535798788,0.0004691940266638994
5056,0.0459122359752655,0.03523674234747887,0.005820890888571739,0.0004854603612329811
5057,0.048194415867328644,0.040311332792043686,0.0027554465923458338,0.0005127632757648826
5058,0.04971160739660263,0.03418048098683357,0.010121697559952736,0.0005409425357356668
5059,0.05598250404000282,0.04189199209213257,0.008431743830442429,0.0005658766604028642
5060,0.05353590101003647,0.033774133771657944,0.013615787029266357,0.0006145980441942811
5061,0.05615193396806717,0.04210914671421051,0.00824136845767498,0.0005801415536552668
5062,0.04789292439818382,0.03441940248012543,0.007675080560147762,0.000579844054300338
5063,0.04457796737551689,0.03892330080270767,0.0006939382874406874,0.0004960726946592331
5064,0.04486360400915146,0.03707302361726761,0.002959474688395858,0.0004831105179619044
5065,0.04576622694730759,0.03605600446462631,0.004616131074726582,0.0005094091175124049
5066,0.046523407101631165,0.040095433592796326,0.0015772448386996984,0.00048507298924960196
5067,0.0462334118783474,0.035116106271743774,0.005779521074146032,0.0005337786278687418
5068,0.04759005457162857,0.04037700220942497,0.0023501634132117033,0.00048628883087076247
5069,0.04688379168510437,0.035779502242803574,0.006257518194615841,0.00048467700253240764
5070,0.04418419674038887,0.038279641419649124,0.0012720031663775444,0.00046325521543622017
5071,0.04347000643610954,0.0375179760158062,0.0015089495573192835,0.00044430806883610785
5072,0.04512002691626549,0.036437682807445526,0.00410569878295064,0.00045766442781314254
5073,0.04564764350652695,0.03943363204598427,0.0016950024291872978,0.0004519009089563042
5074,0.04466208070516586,0.03557886555790901,0.004351803567260504,0.00047314108815044165
5075,0.044248856604099274,0.03890081122517586,0.0007603525882586837,0.0004587692965287715
5076,0.04414942488074303,0.03620034083724022,0.003320604097098112,0.00046284779091365635
5077,0.044019412249326706,0.03733676299452782,0.001981719397008419,0.00047009281115606427
5078,0.043217770755290985,0.03746846318244934,0.0013745608739554882,0.00043747443123720586
5079,0.043175939470529556,0.0359763465821743,0.002748329658061266,0.00044512643944472075
5080,0.043953586369752884,0.03825301676988602,0.0011806568363681436,0.0004519912472460419
5081,0.04431413486599922,0.0354754738509655,0.004212068859487772,0.00046265896526165307
5082,0.04463519901037216,0.03816130384802818,0.0016664989525452256,0.0004807395744137466
5083,0.04376106336712837,0.03530692309141159,0.0036724696401506662,0.0004781671450473368
5084,0.04326013848185539,0.03776288032531738,0.0008095146622508764,0.0004687744949478656
5085,0.042884357273578644,0.03542248532176018,0.0028624010737985373,0.0004599469539243728
5086,0.04267460107803345,0.03731607273221016,0.0008351883152499795,0.00045233420678414404
5087,0.04250586777925491,0.03590809553861618,0.001971689984202385,0.0004626080335583538
5088,0.04235652834177017,0.0364394448697567,0.0013918844051659107,0.00045251991832628846
5089,0.042314980179071426,0.03650495409965515,0.0012268145801499486,0.0004583208938129246
5090,0.042435530573129654,0.03547912836074829,0.0023460821248590946,0.00046103191561996937
5091,0.04277273640036583,0.0373455286026001,0.0007828210946172476,0.00046443851897493005
5092,0.043395865708589554,0.03454787656664848,0.003999181557446718,0.00048488081665709615
5093,0.04504816606640816,0.038444261997938156,0.0016417603474110365,0.0004962142556905746
5094,0.04781385883688927,0.033127300441265106,0.00944631639868021,0.0005240241880528629
5095,0.05800457298755646,0.04110131040215492,0.010856322944164276,0.0006046939524821937
5096,0.060580916702747345,0.03157668933272362,0.021651094779372215,0.0007353135151788592
5097,0.07966330647468567,0.045072246342897415,0.02619340270757675,0.0008397657074965537
5098,0.054936718195676804,0.03219320997595787,0.012484487146139145,0.001025901990942657
5099,0.05751506984233856,0.03949325159192085,0.010500483214855194,0.0007521334337070584
5100,0.0662616640329361,0.037030719220638275,0.02285381779074669,0.0006377125391736627
5101,0.047163523733615875,0.03693025931715965,0.0006830968777649105,0.0009550167014822364
5102,0.059145741164684296,0.03698231652379036,0.01719534397125244,0.0004968080902472138
5103,0.07116291671991348,0.03765018284320831,0.02372618392109871,0.0009786547161638737
5104,0.0676739513874054,0.045070674270391464,0.011005965992808342,0.0011597310658544302
5105,0.05784688889980316,0.033392634242773056,0.016530223190784454,0.0007924030069261789
5106,0.06377412378787994,0.04024483263492584,0.004548664670437574,0.0018980628810822964
5107,0.04974943771958351,0.040035754442214966,0.0013564537512138486,0.0008357230108231306
5108,0.056639403104782104,0.03868551179766655,0.0019235560903325677,0.0016030333936214447
5109,0.056906551122665405,0.0413062684237957,0.001616847701370716,0.0013983438257128
5110,0.050735604017972946,0.03554369509220123,0.009782975539565086,0.000540893233846873
5111,0.055006243288517,0.040962692350149155,0.0014655463164672256,0.0012578002642840147
5112,0.05038970708847046,0.039728209376335144,0.005431641824543476,0.0005229854723438621
5113,0.047121088951826096,0.03842545673251152,0.002806765493005514,0.0005888869054615498
5114,0.0547589510679245,0.037588607519865036,0.009674188680946827,0.0007496157195419073
5115,0.0452314056456089,0.03792070224881172,0.0028105881065130234,0.0004500116629060358
5116,0.051037777215242386,0.04033631831407547,0.004391033202409744,0.0006310426979325712
5117,0.045780494809150696,0.037479158490896225,0.0017855837941169739,0.0006515752756968141
5118,0.04690833017230034,0.03602640703320503,0.005950487218797207,0.0004931435687467456
5119,0.04911067709326744,0.03931184485554695,0.0020240831654518843,0.0007774748373776674
5120,0.04542475566267967,0.03750487044453621,0.001529455417767167,0.0006390430498868227
5121,0.04702213406562805,0.03675233572721481,0.004002995323389769,0.0006266804412007332
5122,0.04642566293478012,0.03692447021603584,0.002733963541686535,0.0006767227896489203
5123,0.043504685163497925,0.03715076297521591,0.0022014116402715445,0.0004152511537540704
5124,0.0471450537443161,0.03830747306346893,0.0012125708162784576,0.0007625009166076779
5125,0.04343816265463829,0.035944681614637375,0.002816422376781702,0.00046770586050115526
5126,0.04413998872041702,0.036594245582818985,0.0016000334871932864,0.0005945708835497499
5127,0.0448409803211689,0.036223482340574265,0.001209187787026167,0.0007408310775645077
5128,0.04247187077999115,0.03606675937771797,0.0012218191986903548,0.0005183291505090892
5129,0.04410970211029053,0.03643008694052696,0.0015664282254874706,0.0006113185081630945
5130,0.04289693757891655,0.03540680930018425,0.0029104999266564846,0.0004579630331136286
5131,0.04378359019756317,0.03759578987956047,0.0012088669463992119,0.0004978933720849454
5132,0.04214317351579666,0.03558285906910896,0.002272267360240221,0.000428804662078619
5133,0.0430111289024353,0.035046398639678955,0.003560698591172695,0.0004404029168654233
5134,0.0443374365568161,0.03700313717126846,0.001981247216463089,0.0005353051819838583
5135,0.0421888493001461,0.03452807292342186,0.002465998288244009,0.0005194778786972165
5136,0.04277586564421654,0.03590156137943268,0.0015592421405017376,0.0005315060261636972
5137,0.042636651545763016,0.035244718194007874,0.0025714801158756018,0.000482045637909323
5138,0.04316894710063934,0.035499207675457,0.0021796240471303463,0.000549011689145118
5139,0.04229074716567993,0.035849519073963165,0.0016219359822571278,0.00048192913527600467
5140,0.04184933751821518,0.03411032631993294,0.0032153925858438015,0.00045236205914989114
5141,0.0425257682800293,0.0366448275744915,0.0007238343823701143,0.0005157103878445923
5142,0.0420796275138855,0.03386637941002846,0.0033732231240719557,0.00048400243395008147
5143,0.04221133887767792,0.035823237150907516,0.0013906050007790327,0.0004997494397684932
5144,0.04132712632417679,0.03462634235620499,0.0016592395259067416,0.0005041543627157807
5145,0.041153501719236374,0.03480972722172737,0.0012461683945730329,0.0005097605753690004
5146,0.041416216641664505,0.035343948751688004,0.001126379705965519,0.0004945890395902097
5147,0.04144616797566414,0.03367820754647255,0.0029417192563414574,0.00048262396012432873
5148,0.04188846796751022,0.03609929233789444,0.000752956373617053,0.0005036220536567271
5149,0.041454777121543884,0.033491913229227066,0.00328077538870275,0.00046820915304124355
5150,0.04152341187000275,0.03577639162540436,0.0008998745470307767,0.0004847146919928491
5151,0.04187658056616783,0.0336516797542572,0.003114729654043913,0.0005110172205604613
5152,0.043154917657375336,0.035915400832891464,0.002288276795297861,0.0004951240262016654
5153,0.04490965977311134,0.032786376774311066,0.007496808655560017,0.00046264761476777494
5154,0.05114729329943657,0.03767247125506401,0.008117002435028553,0.0005357821937650442
5155,0.05087549611926079,0.031622640788555145,0.012814261019229889,0.0006438595009967685
5156,0.05782577767968178,0.04005428031086922,0.010969606228172779,0.0006801891140639782
5157,0.05031731724739075,0.030505675822496414,0.013096122071146965,0.0006715519702993333
5158,0.049481600522994995,0.0391448475420475,0.003617940004914999,0.0006718816002830863
5159,0.04780750721693039,0.031651854515075684,0.01043550856411457,0.0005720147164538503
5160,0.044893454760313034,0.03612389415502548,0.00336490198969841,0.0005404659896157682
5161,0.04173525050282478,0.035199474543333054,0.001777168596163392,0.00047586087021045387
5162,0.04218021780252457,0.03358735889196396,0.003626944962888956,0.0004965911502949893
5163,0.04653308540582657,0.038076382130384445,0.003521883161738515,0.0004934822209179401
5164,0.04825173318386078,0.03241012617945671,0.009856211952865124,0.000598539540078491
5165,0.04636139050126076,0.03832003101706505,0.002367901848629117,0.0005673455889336765
5166,0.04295807704329491,0.03276612237095833,0.005422077141702175,0.00047698753769509494
5167,0.04260046035051346,0.03559306636452675,0.0023229396902024746,0.00046844547614455223
5168,0.04271414875984192,0.03665721416473389,0.0015783688286319375,0.0004478565533645451
5169,0.0437750518321991,0.03275803476572037,0.005892239045351744,0.0005124775925651193
5170,0.04569727182388306,0.038335297256708145,0.0016834879061207175,0.0005678486777469516
5171,0.044038478285074234,0.032365258783102036,0.005941585637629032,0.0005731633282266557
5172,0.04182904213666916,0.03617529943585396,0.0007203951245173812,0.0004933347809128463
5173,0.04053081199526787,0.034437693655490875,0.001426447182893753,0.0004666671738959849
5174,0.041401710361242294,0.03340592607855797,0.0034633767791092396,0.0004532408493105322
5175,0.04334273934364319,0.037186454981565475,0.001493530930019915,0.0004662752035073936
5176,0.04274086654186249,0.032554991543293,0.005371465813368559,0.00048144086031243205
5177,0.04184873402118683,0.03638913854956627,0.0006502807373180985,0.0004809315432794392
5178,0.04088463634252548,0.033335138112306595,0.002456565387547016,0.000509293342474848
5179,0.04044392704963684,0.03420382738113403,0.0013753857929259539,0.0004864716902375221
5180,0.04066801071166992,0.03499747812747955,0.00082966941408813,0.00048408625298179686
5181,0.04124479368329048,0.03272426128387451,0.0037619504146277905,0.00047585804713889956
5182,0.04205017909407616,0.03652109578251839,0.000888952286913991,0.00046401319559663534
5183,0.04200008884072304,0.03221828490495682,0.004816599190235138,0.0004965206026099622
5184,0.04162028059363365,0.035935867577791214,0.0006815954693593085,0.0005002819816581905
5185,0.04090403765439987,0.03251657634973526,0.003380641108378768,0.0005006819847039878
5186,0.040511179715394974,0.03476131707429886,0.0009384782752022147,0.0004811384133063257
5187,0.040499936789274216,0.033538270741701126,0.002440448384732008,0.0004521218070294708
5188,0.040789492428302765,0.03423083573579788,0.001853250665590167,0.00047054074821062386
5189,0.040693797171115875,0.03388149291276932,0.0022818385623395443,0.00045304655213840306
5190,0.04066293314099312,0.03412952274084091,0.0018477136036381125,0.00046856969129294157
5191,0.04058185964822769,0.03295710310339928,0.00299976859241724,0.00046249895240180194
5192,0.041313815861940384,0.03515954688191414,0.0013137825299054384,0.00048404853441752493
5193,0.042347025126218796,0.03177370876073837,0.005716274958103895,0.00048570422222837806
5194,0.04576490819454193,0.03697827458381653,0.0035769324749708176,0.0005209699738770723
5195,0.048579953610897064,0.030340436846017838,0.01240162830799818,0.0005837885546498001
5196,0.05905913561582565,0.039515040814876556,0.013097052462399006,0.0006447043851949275
5197,0.05277107656002045,0.029559586197137833,0.016076382249593735,0.0007135106134228408
5198,0.052462510764598846,0.03908349201083183,0.006525508593767881,0.0006853508530184627
5199,0.04513278231024742,0.03065655753016472,0.008613891899585724,0.0005862332182005048
5200,0.04227098822593689,0.03529898077249527,0.0017630154034122825,0.0005208993097767234
5201,0.04247385263442993,0.03434228524565697,0.0032320660538971424,0.0004899502382613719
5202,0.0421111062169075,0.032372888177633286,0.004424944054335356,0.0005313271540217102
5203,0.043294623494148254,0.03693224489688873,0.0014739203033968806,0.0004888459807261825
5204,0.04575057327747345,0.031448595225811005,0.008511826395988464,0.0005790152354165912
5205,0.04791896417737007,0.037430182099342346,0.004637373145669699,0.0005851410678587854
5206,0.04433641582727432,0.03204049915075302,0.007438654080033302,0.00048572663217782974
5207,0.04057854786515236,0.035308968275785446,0.0007033798028714955,0.0004566200077533722
5208,0.04100823029875755,0.03462398797273636,0.0019807314965873957,0.00044035082100890577
5209,0.04312939569354057,0.03292395919561386,0.005193763412535191,0.0005011672619730234
5210,0.043930504471063614,0.03674992918968201,0.0020151762291789055,0.0005165397305972874
5211,0.04359563812613487,0.031247945502400398,0.0069063324481248856,0.0005441359244287014
5212,0.043484583497047424,0.03650703653693199,0.0018453368684276938,0.0005132210208103061
5213,0.041098132729530334,0.032659370452165604,0.003695072140544653,0.0004743689496535808
5214,0.039745476096868515,0.03380081057548523,0.0015798499807715416,0.000436481466749683
5215,0.04023385047912598,0.03514812886714935,0.000615521043073386,0.0004470197600312531
5216,0.041775599122047424,0.03180653974413872,0.00493395933881402,0.0005035100621171296
5217,0.04288112372159958,0.03596840798854828,0.0016933801816776395,0.0005219336599111557
5218,0.041576869785785675,0.03146730363368988,0.0048363772220909595,0.0005273189162835479
5219,0.04037260264158249,0.03479251265525818,0.0006186567479744554,0.0004961435333825648
5220,0.039367254823446274,0.032603245228528976,0.002106994856148958,0.0004657016252167523
5221,0.03928190469741821,0.03318648040294647,0.0016886055236682296,0.0004406818770803511
5222,0.03979961574077606,0.034375112503767014,0.0009683987591415644,0.0004456103197298944
5223,0.04046061635017395,0.031936947256326675,0.003743475768715143,0.0004780190938618034
5224,0.04134989529848099,0.03519396483898163,0.001152631128206849,0.0005003298865631223
5225,0.04159741476178169,0.03091672994196415,0.0054920935072004795,0.0005188591312617064
5226,0.04233638197183609,0.03541480749845505,0.0016181562095880508,0.0005303421639837325
5227,0.04201928898692131,0.03084735944867134,0.006155235692858696,0.0005016694776713848
5228,0.042876455932855606,0.035520248115062714,0.002365448046475649,0.0004990760935470462
5229,0.04225507006049156,0.03125469759106636,0.006020162254571915,0.0004980210214853287
5230,0.0430024154484272,0.03523397818207741,0.0028764684684574604,0.0004891969729214907
5231,0.041757360100746155,0.03125625103712082,0.005774071905761957,0.0004727035411633551
5232,0.041865743696689606,0.034803424030542374,0.002133529167622328,0.0004928791895508766
5233,0.0406951829791069,0.03141415864229202,0.004344625864177942,0.0004936396144330502
5234,0.040288105607032776,0.03449790179729462,0.000971922418102622,0.0004818282031919807
5235,0.039710503071546555,0.03160398453474045,0.0033521917648613453,0.0004754325782414526
5236,0.03942762687802315,0.03415748104453087,0.0006163704674690962,0.0004653773212339729
5237,0.03913751244544983,0.03198487311601639,0.002580024302005768,0.0004572615143842995
5238,0.03890252858400345,0.03353142738342285,0.000850055948831141,0.0004521044611465186
5239,0.038695078343153,0.03258369490504265,0.0015324412379413843,0.00045789394062012434
5240,0.038586053997278214,0.03272426873445511,0.0013339266879484057,0.00045278604375198483
5241,0.038613274693489075,0.0331093929708004,0.0009176585590466857,0.0004586225259117782
5242,0.038733817636966705,0.032023124396800995,0.002025674330070615,0.00046850202488712966
5243,0.03894050419330597,0.03360287845134735,0.0006607664399780333,0.0004676860698964447
5244,0.03917967155575752,0.03141668811440468,0.00304716220125556,0.0004715824034065008
5245,0.03958108648657799,0.03405655175447464,0.0007251097704283893,0.00047994250780902803
5246,0.040117934346199036,0.030865048989653587,0.00446116179227829,0.00047917221672832966
5247,0.04163707047700882,0.034771110862493515,0.0018256567418575287,0.0005040303221903741
5248,0.04348475858569145,0.030009375885128975,0.008327802643179893,0.0005147578776814044
5249,0.050385698676109314,0.03647980839014053,0.008130739443004131,0.0005775151657871902
5250,0.05062820017337799,0.028908686712384224,0.015481512993574142,0.0006237998022697866
5251,0.06026613712310791,0.03854864090681076,0.014560485258698463,0.0007157010841183364
5252,0.04916134849190712,0.028891490772366524,0.012721024453639984,0.0007548833964392543
5253,0.04660885035991669,0.036375969648361206,0.003430277807638049,0.0006802603602409363
5254,0.04665689170360565,0.030328184366226196,0.0108378566801548,0.0005490850890055299
5255,0.04541211202740669,0.03402119502425194,0.005368000827729702,0.0006022914894856513
5256,0.04137122258543968,0.032860979437828064,0.0036214059218764305,0.0004888836992904544
5257,0.03892118111252785,0.03248736634850502,0.002099905628710985,0.00043339107651263475
5258,0.04205828905105591,0.03456003591418266,0.003019808791577816,0.0004478443879634142
5259,0.04555388540029526,0.03186950460076332,0.008603658527135849,0.000508072436787188
5260,0.04422305151820183,0.03560459241271019,0.003150895005092025,0.0005467564333230257
5261,0.04244498908519745,0.03037405200302601,0.007043769117444754,0.0005027167499065399
5262,0.04263262078166008,0.035371262580156326,0.002080370206385851,0.0005180987063795328
5263,0.039846308529376984,0.03248320519924164,0.0026440732181072235,0.00047190298209898174
5264,0.03899600729346275,0.032252129167318344,0.002419053576886654,0.0004324822220951319
5265,0.04126730188727379,0.035238511860370636,0.0010439789621159434,0.0004984811530448496
5266,0.04289387911558151,0.03035341389477253,0.006469620391726494,0.0006070845411159098
5267,0.043004900217056274,0.03563552349805832,0.0018593029817566276,0.0005510073387995362
5268,0.0410182848572731,0.030430162325501442,0.005609514657407999,0.000497860717587173
5269,0.03977407142519951,0.033837709575891495,0.001206816523335874,0.0004729547363240272
5270,0.0392218679189682,0.032763320952653885,0.002097749151289463,0.0004360797756817192
5271,0.038994889706373215,0.031692102551460266,0.002999122254550457,0.0004303663154132664
5272,0.0396868959069252,0.034264709800481796,0.0007202471606433392,0.00047019365592859685
5273,0.040642671287059784,0.030410494655370712,0.004625809378921986,0.0005606369813904166
5274,0.04129783436655998,0.0343928225338459,0.0014689253875985742,0.0005436083883978426
5275,0.040443334728479385,0.030306385830044746,0.005205678753554821,0.0004931270377710462
5276,0.038992807269096375,0.03360256552696228,0.0007317339768633246,0.0004658509569708258
5277,0.038029078394174576,0.03187376260757446,0.0017915561329573393,0.00043637590715661645
5278,0.038162730634212494,0.03199630603194237,0.0017139313276857138,0.00044524925760924816
5279,0.03891085460782051,0.032827381044626236,0.0014117351965978742,0.00046717384248040617
5280,0.039521023631095886,0.030886875465512276,0.0034054529387503862,0.0005228696390986443
5281,0.03944697976112366,0.03270263224840164,0.0018075332045555115,0.0004936812329106033
5282,0.038911301642656326,0.03147783502936363,0.002566576236858964,0.00048668921226635575
5283,0.03867936134338379,0.03174038231372833,0.00252893497236073,0.00044100426021032035
5284,0.04011963680386543,0.03346676379442215,0.002119317650794983,0.0004533556930255145
5285,0.04373745247721672,0.029426436871290207,0.009525581263005733,0.00047854339936748147
5286,0.05865657329559326,0.03707795590162277,0.015302282758057117,0.0006276335334405303
5287,0.061775144189596176,0.027295811101794243,0.026369918137788773,0.000810941681265831
5288,0.09061098843812943,0.04155319929122925,0.039057910442352295,0.0009999878238886595
5289,0.05015149712562561,0.029856249690055847,0.009272919036448002,0.0011022330727428198
5290,0.08358995616436005,0.03190150484442711,0.043521471321582794,0.0008166982443071902
5291,0.12235833704471588,0.041437868028879166,0.06690280139446259,0.0014017669018357992
5292,0.10679945349693298,0.04400702938437462,0.04058927297592163,0.002220314694568515
5293,0.0722808912396431,0.041944582015275955,0.009139987640082836,0.0021196322049945593
5294,0.10237494856119156,0.030326012521982193,0.041447047144174576,0.0030601888429373503
5295,0.10448402166366577,0.039824534207582474,0.0378398522734642,0.0026819633785635233
5296,0.089557945728302,0.03397168219089508,0.023562483489513397,0.003202377585694194
5297,0.0735996812582016,0.05138615146279335,0.005086065270006657,0.0017127468017861247
5298,0.07994857430458069,0.05458436533808708,0.008167359977960587,0.0017196848057210445
5299,0.09491448104381561,0.04773109033703804,0.00972361396998167,0.0037459773011505604
5300,0.08591736853122711,0.0571097731590271,0.017444077879190445,0.0011363523080945015
5301,0.0821651741862297,0.04262687265872955,0.03225800767540932,0.000728030048776418
5302,0.07109764218330383,0.04228022322058678,0.011904026381671429,0.0016913390718400478
5303,0.08476884663105011,0.04854775220155716,0.019966941326856613,0.001625415519811213
5304,0.07196717709302902,0.0402502678334713,0.023994680494070053,0.0007722227019257843
5305,0.055413175374269485,0.04826856032013893,0.0011712429113686085,0.0005973372608423233
5306,0.061880890280008316,0.04933665692806244,0.005499221850186586,0.0007045010570436716
5307,0.06556252390146255,0.041219837963581085,0.011742000468075275,0.0012600685004144907
5308,0.05757661908864975,0.04441716521978378,0.0009043789468705654,0.0012255074689164758
5309,0.05402261018753052,0.0393444299697876,0.0055009000934660435,0.0009177278261631727
5310,0.06081105396151543,0.035720549523830414,0.015007726848125458,0.0010082776425406337
5311,0.0526275672018528,0.04328031465411186,0.000831088051199913,0.0008516166708432138
5312,0.0529099777340889,0.04445784166455269,0.00202008755877614,0.0006432048394344747
5313,0.05842828005552292,0.04137987643480301,0.003074555890634656,0.0013973847962915897
5314,0.049847155809402466,0.04059412702918053,0.002428255043923855,0.0006824771990068257
5315,0.0509926863014698,0.035651158541440964,0.00548830209299922,0.000985322636552155
5316,0.050993986427783966,0.033467888832092285,0.007494915276765823,0.001003118115477264
5317,0.05034314841032028,0.03872491791844368,0.0011541531421244144,0.001046407618559897
5318,0.04618297144770622,0.03789852187037468,0.000917061697691679,0.0007367388461716473
5319,0.0499216765165329,0.033757418394088745,0.006931973155587912,0.0009232286247424781
5320,0.04838108643889427,0.03768855333328247,0.0048630693927407265,0.000582946406211704
5321,0.044254153966903687,0.0358862541615963,0.0017914476338773966,0.0006576451123692095
5322,0.047055333852767944,0.034160882234573364,0.006101798266172409,0.0006792653584852815
5323,0.04469163715839386,0.035919006913900375,0.0012941858731210232,0.0007478444604203105
5324,0.04397237300872803,0.03258763998746872,0.00370851275511086,0.0007676219684071839
5325,0.043257035315036774,0.032873764634132385,0.0025447572115808725,0.0007838511373847723
5326,0.04438796639442444,0.03673956170678139,0.0014840285293757915,0.0006164376973174512
5327,0.04202262684702873,0.03290142863988876,0.0029024095274508,0.0006218787166289985
5328,0.04214100539684296,0.032451432198286057,0.004377682227641344,0.0005311890272423625
5329,0.04263754561543465,0.03582185506820679,0.0010486920364201069,0.0005766997928731143
5330,0.042095210403203964,0.033012088388204575,0.002231205813586712,0.0006851915968582034
5331,0.04059136286377907,0.03323731571435928,0.001097147585824132,0.0006256899214349687
5332,0.041166309267282486,0.03372473269701004,0.0012493761023506522,0.000619220023509115
5333,0.04122219234704971,0.03185301274061203,0.003914284985512495,0.0005454893107526004
5334,0.04019079729914665,0.033949196338653564,0.0007421663613058627,0.000549943302758038
5335,0.039744507521390915,0.03422793000936508,0.0010181821417063475,0.00044983954285271466
5336,0.04076872766017914,0.03204997628927231,0.003571996232494712,0.0005146758048795164
5337,0.03924254700541496,0.034007515758275986,0.0008927077287808061,0.0004342326137702912
5338,0.03924412652850151,0.03310026973485947,0.001030112151056528,0.0005113743245601654
5339,0.03925326094031334,0.03155157342553139,0.002927022287622094,0.0004774664412252605
5340,0.039076484739780426,0.033011820167303085,0.0010185337159782648,0.0005046130972914398
5341,0.0385405607521534,0.03220727667212486,0.001332776853814721,0.0005000506062060595
5342,0.03865167871117592,0.03212178871035576,0.0014182374579831958,0.0005111653008498251
5343,0.03862977772951126,0.03270934522151947,0.0010875345906242728,0.0004832898557651788
5344,0.038464780896902084,0.03109259158372879,0.0026962533593177795,0.0004675935488194227
5345,0.03842543065547943,0.03202769532799721,0.001309735351242125,0.0005088000325486064
5346,0.038149189203977585,0.03196324408054352,0.0011987171601504087,0.0004987227148376405
5347,0.038309019058942795,0.030873054638504982,0.002305559115484357,0.0005130406352691352
5348,0.0381314642727375,0.03200876712799072,0.0011473899940028787,0.0004975308547727764
5349,0.03825699910521507,0.03129247948527336,0.0018196526216343045,0.0005144866881892085
5350,0.037922680377960205,0.03114624135196209,0.0017136476235464215,0.0005062790587544441
5351,0.03777436167001724,0.031207628548145294,0.0013727375771850348,0.0005193996476009488
5352,0.03786574304103851,0.03103429079055786,0.0015330694150179625,0.0005298381438478827
5353,0.037878021597862244,0.0314209908246994,0.0012711271410807967,0.000518590328283608
5354,0.037770405411720276,0.03078458085656166,0.002107955515384674,0.0004877870378550142
5355,0.03756585344672203,0.03137930855154991,0.001324251526966691,0.0004862294008489698
5356,0.037504807114601135,0.031029867008328438,0.0015017575351521373,0.000497318513225764
5357,0.03743512183427811,0.031104886904358864,0.0013695622328668833,0.0004960670485161245
5358,0.037468720227479935,0.03109358623623848,0.001270512817427516,0.0005104620358906686
5359,0.03743347153067589,0.030590012669563293,0.001823220169171691,0.0005020239041186869
5360,0.037462491542100906,0.03149677440524101,0.001012755441479385,0.0004952962044626474
5361,0.03736216202378273,0.030596863478422165,0.0020353521686047316,0.0004729946085717529
5362,0.037268903106451035,0.03132001310586929,0.0012033074162900448,0.00047455832827836275
5363,0.0372258685529232,0.031078701838850975,0.0013619274832308292,0.0004785240162163973
5364,0.037135735154151917,0.030900416895747185,0.0014587577898055315,0.0004776558780577034
5365,0.03712770342826843,0.03095141239464283,0.0013652269262820482,0.0004811063699889928
5366,0.03706177696585655,0.030748402699828148,0.0014712007250636816,0.000484217336634174
5367,0.037065133452415466,0.030969321727752686,0.0012082167668268085,0.0004887596005573869
5368,0.037055470049381256,0.030701931565999985,0.0015798775712028146,0.0004773660621140152
5369,0.037036795169115067,0.030994229018688202,0.001255628652870655,0.0004786938661709428
5370,0.03704098239541054,0.030442796647548676,0.0017942928243428469,0.0004803893098141998
5371,0.03705180808901787,0.031116964295506477,0.0010767268249765038,0.0004858117026742548
5372,0.0370827354490757,0.03010857105255127,0.0021494170650839806,0.0004824745119549334
5373,0.03716906160116196,0.03119501657783985,0.00105155142955482,0.0004922495572827756
5374,0.0372757688164711,0.0300592053681612,0.002373744733631611,0.00048428168520331383
5375,0.03761109337210655,0.03134274110198021,0.001399964326992631,0.000486838718643412
5376,0.0379314124584198,0.02970847859978676,0.0035183888394385576,0.0004704546881839633
5377,0.03907881677150726,0.031932275742292404,0.0021946236956864595,0.0004951916635036469
5378,0.039631497114896774,0.029149718582630157,0.005618526134639978,0.00048632497782818973
5379,0.042382676154375076,0.03282616659998894,0.0043467385694384575,0.0005209771334193647
5380,0.04161365330219269,0.0286666639149189,0.007977329194545746,0.0004969658330082893
5381,0.04381278157234192,0.033311959356069565,0.005349293816834688,0.0005151527002453804
5382,0.03980727866292,0.028927652165293694,0.005943630822002888,0.0004935995093546808
5383,0.03790304809808731,0.03181106969714165,0.0011748196557164192,0.000491715909447521
5384,0.036617934703826904,0.03011818416416645,0.0017161855939775705,0.0004783564363606274
5385,0.03694164752960205,0.029979856684803963,0.002150647807866335,0.00048111408250406384
5386,0.03821997717022896,0.03183427453041077,0.0014440367231145501,0.0004941665683872998
5387,0.038312479853630066,0.029240556061267853,0.004311572760343552,0.00047603491111658514
5388,0.03799239546060562,0.03222765401005745,0.0011072894558310509,0.00046574496082030237
5389,0.036892566829919815,0.02990538999438286,0.0024762460961937904,0.00045109327766112983
5390,0.03661229461431503,0.03067249059677124,0.0014430549927055836,0.0004496749897953123
5391,0.03707670792937279,0.031299058347940445,0.0010757407872006297,0.00047019097837619483
5392,0.03730553388595581,0.029467912390828133,0.0030400999821722507,0.0004797522851731628
5393,0.037228699773550034,0.03173169493675232,0.0007121197413653135,0.0004784886841662228
5394,0.03680155426263809,0.029743662104010582,0.002426080871373415,0.00046318108798004687
5395,0.03651540353894234,0.030820932239294052,0.0011862402316182852,0.000450823106803
5396,0.03649849817156792,0.03088672086596489,0.001110557932406664,0.00045012205373495817
5397,0.03665321320295334,0.02969454787671566,0.002451832639053464,0.00045068335020914674
5398,0.036809246987104416,0.03139636665582657,0.0007326939376071095,0.0004680186975747347
5399,0.036669936031103134,0.02954884059727192,0.0024393738713115454,0.00046817201655358076
5400,0.036358073353767395,0.030781256034970284,0.0009312090696766973,0.00046456087147817016
5401,0.03613888472318649,0.030251288786530495,0.0012991633266210556,0.0004588434239849448
5402,0.036192551255226135,0.029868336394429207,0.0017339051701128483,0.00045903093996457756
5403,0.03638076409697533,0.03098021075129509,0.0007995081250555813,0.00046010478399693966
5404,0.036425329744815826,0.029430409893393517,0.0024567008949816227,0.00045382199459709227
5405,0.03629382327198982,0.030903808772563934,0.0008185144397430122,0.00045715010492131114
5406,0.036110881716012955,0.029687145724892616,0.0019347805064171553,0.00044889573473483324
5407,0.03605465218424797,0.03030911460518837,0.0011875675991177559,0.00045579709694720805
5408,0.03606502711772919,0.030033614486455917,0.0014680970925837755,0.00045633153058588505
5409,0.036045726388692856,0.029889948666095734,0.0014914394123479724,0.00046643390669487417
5410,0.035936884582042694,0.02997209131717682,0.0013484259834513068,0.0004616368096321821
5411,0.035826146602630615,0.029947856441140175,0.0012788702733814716,0.00045994215179234743
5412,0.03577936440706253,0.029658956453204155,0.0015831917989999056,0.0004537215572781861
5413,0.03580520674586296,0.030286021530628204,0.0009727769065648317,0.000454640801763162
5414,0.035840146243572235,0.029330777004361153,0.0019869832322001457,0.00045223883353173733
5415,0.03588766232132912,0.03038082644343376,0.0008897252846509218,0.0004617110243998468
5416,0.03602398931980133,0.0290390532463789,0.002384526189416647,0.0004600409301929176
5417,0.03663082793354988,0.03058014065027237,0.0012940579326823354,0.000475663022371009
5418,0.03802043944597244,0.028490038588643074,0.0049257720820605755,0.00046046284842304885
5419,0.04366053268313408,0.03207413852214813,0.0065447669476270676,0.0005041625117883086
5420,0.04763830453157425,0.027235863730311394,0.015298310667276382,0.0005104130250401795
5421,0.06992882490158081,0.03591752052307129,0.027626587077975273,0.0006384711596183479
5422,0.04208167642354965,0.027944402769207954,0.006550582591444254,0.0007586692809127271
5423,0.04670950770378113,0.03014938160777092,0.010553264990448952,0.0006006859475746751
5424,0.06950850784778595,0.03303113579750061,0.028846319764852524,0.0007631051703356206
5425,0.04274848848581314,0.031279414892196655,0.0005646846257150173,0.0010904391529038548
5426,0.0706598311662674,0.027287285774946213,0.037728164345026016,0.0005644378252327442
5427,0.10087186843156815,0.03831234201788902,0.04347342625260353,0.001908609876409173
5428,0.08793634921312332,0.042115215212106705,0.030807286500930786,0.0015013848897069693
5429,0.0656047910451889,0.036781251430511475,0.004940669052302837,0.0023882873356342316
5430,0.07261279970407486,0.03384784981608391,0.00921548530459404,0.0029549463652074337
5431,0.06760375201702118,0.029361199587583542,0.02455722726881504,0.0013685326557606459
5432,0.061846017837524414,0.03200468793511391,0.0059363567270338535,0.0023904971312731504
5433,0.057380273938179016,0.038241636008024216,0.003948823548853397,0.0015189816476777196
5434,0.07304195314645767,0.045802149921655655,0.008992880582809448,0.0018246921245008707
5435,0.06187807396054268,0.04103797301650047,0.007010172586888075,0.0013829927193000913
5436,0.05763551592826843,0.043072931468486786,0.004130523186177015,0.0010432058479636908
5437,0.06192627549171448,0.03870224207639694,0.015168260782957077,0.0008055774378590286
5438,0.05791833996772766,0.03869253396987915,0.01023697666823864,0.0008988827466964722
5439,0.05634378641843796,0.036111872643232346,0.007131427992135286,0.0013100485084578395
5440,0.04894670844078064,0.03766999766230583,0.0018613369902595878,0.0009415371459908783
5441,0.05723211169242859,0.04283253103494644,0.0037126706447452307,0.0010686912573873997
5442,0.059573203325271606,0.036844026297330856,0.011171404272317886,0.0011557773686945438
5443,0.06336569786071777,0.04209103807806969,0.009978370741009712,0.0011296290904283524
5444,0.057382453233003616,0.032810844480991364,0.019283298403024673,0.0005288310348987579
5445,0.05095870792865753,0.0366404727101326,0.006570969708263874,0.0007747267372906208
5446,0.04730360954999924,0.03620012849569321,0.004286499693989754,0.0006816982058808208
5447,0.05125299096107483,0.03461895138025284,0.007220227271318436,0.000941381324082613
5448,0.059889376163482666,0.04123677685856819,0.008122358471155167,0.001053023966960609
5449,0.05021543800830841,0.033022213727235794,0.008280545473098755,0.0008912676712498069
5450,0.04572036862373352,0.03406481444835663,0.0041266316547989845,0.000752892519813031
5451,0.04629933834075928,0.03404265642166138,0.00458864588290453,0.0007668038597330451
5452,0.04835140332579613,0.03223668783903122,0.01028517447412014,0.0005829539149999619
5453,0.04637133330106735,0.03791048005223274,0.0025472913403064013,0.0005913561908528209
5454,0.04151100292801857,0.03448867052793503,0.0014430268201977015,0.0005579303251579404
5455,0.04266493022441864,0.0312635712325573,0.004666823428124189,0.0006734534981660545
5456,0.045782629400491714,0.0337316133081913,0.004491109400987625,0.000755990797188133
5457,0.044657714664936066,0.029450036585330963,0.006755542941391468,0.0008452134788967669
5458,0.041355200111866,0.0332612507045269,0.0006474463734775782,0.0007446500821970403
5459,0.03934204950928688,0.032039232552051544,0.0008652565302327275,0.0006437557749450207
5460,0.0424814410507679,0.028865156695246696,0.008109869435429573,0.000550641561858356
5461,0.04278452694416046,0.03427403047680855,0.0033806399442255497,0.0005129853379912674
5462,0.04119758680462837,0.031130146235227585,0.005110863596200943,0.0004956577904522419
5463,0.03773496672511101,0.031778912991285324,0.0010288757039234042,0.0004927175468765199
5464,0.0393572673201561,0.030952075496315956,0.003205449553206563,0.0005199740990065038
5465,0.03995402902364731,0.02899065613746643,0.004159000236541033,0.000680437486153096
5466,0.04018783941864967,0.03306562826037407,0.001217711716890335,0.0005904498393647373
5467,0.03751940280199051,0.029997384175658226,0.0026950291357934475,0.000482699106214568
5468,0.037542469799518585,0.030230067670345306,0.0035423790104687214,0.0003770024632103741
5469,0.038786109536886215,0.033409081399440765,0.0011376884067431092,0.0004239338159095496
5470,0.038364749401807785,0.030044518411159515,0.003133708843961358,0.0005186521448194981
5471,0.036938779056072235,0.030959980562329292,0.0015205556992441416,0.00044582432019524276
5472,0.03664674237370491,0.030288968235254288,0.0009849085472524166,0.0005372866289690137
5473,0.036930013447999954,0.028880618512630463,0.0028730537742376328,0.0005176339182071388
5474,0.03745817765593529,0.03111627884209156,0.0013143930118530989,0.0005027505685575306
5475,0.036189086735248566,0.029881246387958527,0.0022280889097601175,0.000407975196139887
5476,0.0359322763979435,0.030439229682087898,0.0016498335171490908,0.00038432140718214214
5477,0.036240946501493454,0.030958132818341255,0.0013959165662527084,0.00038868968840688467
5478,0.036415550857782364,0.02939380332827568,0.002712027868255973,0.00043097222805954516
5479,0.035820454359054565,0.029982449486851692,0.0009860284626483917,0.0004851976700592786
5480,0.035625163465738297,0.029025953263044357,0.0017682489706203341,0.0004830960533581674
5481,0.03600569814443588,0.029435334727168083,0.001591991283930838,0.000497837143484503
5482,0.035823509097099304,0.030035005882382393,0.0013777395943179727,0.0004410762630868703
5483,0.035602763295173645,0.028896020725369453,0.0025182156823575497,0.0004188526072539389
5484,0.03542698547244072,0.029860811308026314,0.0012688071001321077,0.0004297365085221827
5485,0.035635191947221756,0.029068784788250923,0.0019044623477384448,0.0004661946150008589
5486,0.03553810715675354,0.029033113270998,0.001636303961277008,0.0004868690448347479
5487,0.03523730859160423,0.028927357867360115,0.0014438810758292675,0.00048660681932233274
5488,0.03499956801533699,0.028728831559419632,0.0014996868558228016,0.0004771050298586488
5489,0.035155922174453735,0.029174359515309334,0.001283549703657627,0.00046980130719020963
5490,0.03523460775613785,0.028768308460712433,0.001967713003978133,0.0004498585476540029
5491,0.035252220928668976,0.029186800122261047,0.0014722512569278479,0.0004593170015141368
5492,0.035069942474365234,0.028664758428931236,0.001834743656218052,0.0004570441087707877
5493,0.034891389310359955,0.029266607016324997,0.001098505686968565,0.00045262774801813066
5494,0.03485686704516411,0.028454046696424484,0.002034514443948865,0.00043683036346919835
5495,0.03479359298944473,0.02924223802983761,0.0011168757919222116,0.00044344796333462
5496,0.0347692035138607,0.02877434715628624,0.0014542000135406852,0.00045406544813886285
5497,0.03464793413877487,0.028808480128645897,0.0013867446687072515,0.00044527099817059934
5498,0.03464309871196747,0.02898622676730156,0.0011765729868784547,0.0004480298957787454
5499,0.034683503210544586,0.028343765065073967,0.0019435400608927011,0.0004396198783069849
5500,0.03473630174994469,0.029391804710030556,0.0009287671418860555,0.0004415730363689363
5501,0.03476296365261078,0.028182609006762505,0.0023246922064572573,0.0004255661042407155
5502,0.03484365716576576,0.029449760913848877,0.0010149056324735284,0.0004378991143312305
5503,0.034989066421985626,0.0280052088201046,0.00257695559412241,0.0004406902298796922
5504,0.035474516451358795,0.029444560408592224,0.001442544860765338,0.0004587409785017371
5505,0.03594498336315155,0.027525998651981354,0.0040128156542778015,0.0004406169173307717
5506,0.03775844722986221,0.030161958187818527,0.002896213671192527,0.00047002790961414576
5507,0.03824745863676071,0.026974499225616455,0.006765767000615597,0.0004507191479206085
5508,0.0419435054063797,0.031408585608005524,0.005662326700985432,0.0004872592689935118
5509,0.03952803090214729,0.026382403448224068,0.008564363233745098,0.0004581266257446259
5510,0.04026522487401962,0.031404219567775726,0.0037722818087786436,0.0005088726175017655
5511,0.037230707705020905,0.026487980037927628,0.005992583930492401,0.0004750142397824675
5512,0.03575880452990532,0.029902324080467224,0.00086918257875368,0.0004987296997569501
5513,0.034806035459041595,0.02772911638021469,0.0025494748260825872,0.0004527444834820926
5514,0.03462078049778938,0.02841014601290226,0.0018190685659646988,0.00043915651622228324
5515,0.03502766788005829,0.029530491679906845,0.0011663550976663828,0.00043308219755999744
5516,0.03533076122403145,0.027421625331044197,0.0037051013205200434,0.00042040360858663917
5517,0.035884689539670944,0.030344607308506966,0.0010131680173799396,0.0004526912234723568
5518,0.03596179932355881,0.027146821841597557,0.004506927449256182,0.000430804822826758
5519,0.03567210212349892,0.029843756929039955,0.0011116416426375508,0.0004716703260783106
5520,0.034794896841049194,0.027791574597358704,0.00273211975581944,0.00042712033609859645
5521,0.034106411039829254,0.028806695714592934,0.0010661839041858912,0.0004233532818034291
5522,0.03399006649851799,0.028844159096479416,0.0009872062364593148,0.00041587004670873284
5523,0.03439221531152725,0.027905531227588654,0.00233042286708951,0.00041562618571333587
5524,0.03493310883641243,0.029528994113206863,0.0010246343445032835,0.00043794812518171966
5525,0.035118114203214645,0.02734980173408985,0.003515911754220724,0.0004252399376127869
5526,0.035010822117328644,0.029625698924064636,0.0008853331091813743,0.0004499790957197547
5527,0.034594617784023285,0.02733415924012661,0.0030794241465628147,0.00041810350376181304
5528,0.03427658602595329,0.02921281009912491,0.00075770472176373,0.00043060691677965224
5529,0.03402175009250641,0.027762791141867638,0.002085912972688675,0.00041730477823875844
5530,0.03391847759485245,0.028489260002970695,0.001170964795164764,0.0004258250701241195
5531,0.03382110595703125,0.028220105916261673,0.0013529357966035604,0.0004248064069543034
5532,0.03376954793930054,0.027867842465639114,0.001668131211772561,0.000423357414547354
5533,0.03375212103128433,0.028585849329829216,0.000921027734875679,0.00042452430352568626
5534,0.033791687339544296,0.027518661692738533,0.002183496253564954,0.0004089528520125896
5535,0.03395667299628258,0.028844963759183884,0.0008795098401606083,0.00042321995715610683
5536,0.034184474498033524,0.027181562036275864,0.002821657108142972,0.0004181255353614688
5537,0.03478466346859932,0.02905639447271824,0.0012741759419441223,0.00044540941598825157
5538,0.03523767739534378,0.026618080213665962,0.004309031181037426,0.0004310566873755306
5539,0.03703790158033371,0.029755724593997,0.002622605999931693,0.00046595686580985785
5540,0.037633590400218964,0.0259525366127491,0.007331301458179951,0.0004349753144197166
5541,0.0418391227722168,0.031152943149209023,0.005737739615142345,0.0004948440473526716
5542,0.040548909455537796,0.025262903422117233,0.010520551353693008,0.00047654550871811807
5543,0.04378196969628334,0.03196341544389725,0.006108563393354416,0.0005709989345632493
5544,0.04141001030802727,0.02481440082192421,0.011545221321284771,0.000505038711708039
5545,0.0418333038687706,0.03143024444580078,0.004032908007502556,0.0006370150367729366
5546,0.039815690368413925,0.02536272071301937,0.009623703546822071,0.00048292663996107876
5547,0.038023095577955246,0.03021102584898472,0.002501813694834709,0.0005310254637151957
5548,0.0352114699780941,0.027078870683908463,0.004003909882158041,0.0004128689761273563
5549,0.03357486426830292,0.028558168560266495,0.0011910442262887955,0.00038256519474089146
5550,0.033529724925756454,0.028920521959662437,0.0007796584977768362,0.000382954312954098
5551,0.034741662442684174,0.027026625350117683,0.003629788989201188,0.00040852464735507965
5552,0.036400340497493744,0.02999664470553398,0.0016769170761108398,0.00047267790068872273
5553,0.036824122071266174,0.026162244379520416,0.006278495769947767,0.00043833808740600944
5554,0.03644632548093796,0.03008272685110569,0.001499691978096962,0.00048639081069268286
5555,0.03497540205717087,0.026556290686130524,0.004356578923761845,0.0004062532680109143
5556,0.03402600809931755,0.029210874810814857,0.0007859194884076715,0.0004029212868772447
5557,0.03360506892204285,0.027554592117667198,0.0021713050082325935,0.00038791727274656296
5558,0.03380894288420677,0.027918683364987373,0.0017971496563404799,0.0004093109455425292
5559,0.03398370370268822,0.028266964480280876,0.0014606108888983727,0.00042561301961541176
5560,0.03399106487631798,0.026944167912006378,0.0028018271550536156,0.0004245069867465645
5561,0.0338607057929039,0.02865634672343731,0.0008455022471025586,0.00043588559492491186
5562,0.03366949409246445,0.02671303227543831,0.0029392114374786615,0.0004017251485493034
5563,0.033844463527202606,0.028807150200009346,0.0008966882014647126,0.0004140624951105565
5564,0.03425836190581322,0.026598628610372543,0.0036663608625531197,0.0003993373829871416
5565,0.0358751118183136,0.028948277235031128,0.002583774272352457,0.0004343058099038899
5566,0.036364804953336716,0.026151860132813454,0.005990847945213318,0.0004222099669277668
5567,0.04003993049263954,0.02967389114201069,0.005716722924262285,0.0004649314796552062
5568,0.037762146443128586,0.02572958916425705,0.00767984613776207,0.0004352711548563093
5569,0.03927351534366608,0.030154239386320114,0.004438853822648525,0.00046804206795059144
5570,0.03637833893299103,0.025503722950816154,0.006482227705419064,0.0004392387345433235
5571,0.036257579922676086,0.02958163246512413,0.001548783271573484,0.0005127163021825254
5572,0.03677801415324211,0.025551682338118553,0.00651736743748188,0.00047089633881114423
5573,0.038314323872327805,0.029305707663297653,0.0034205440897494555,0.0005588073399849236
5574,0.038146309554576874,0.02605271339416504,0.0074111479334533215,0.0004682446306105703
5575,0.037293728440999985,0.029374297708272934,0.0030891597270965576,0.0004830271936953068
5576,0.03505934029817581,0.02664857730269432,0.004653582349419594,0.0003757180238608271
5577,0.03347279131412506,0.028837500140070915,0.0007648227619938552,0.0003870468644890934
5578,0.033025775104761124,0.027192963287234306,0.002135242335498333,0.00036975706461817026
5579,0.03373788297176361,0.027851693332195282,0.0018822760321199894,0.00040039129089564085
5580,0.03433816134929657,0.027708493173122406,0.002464903052896261,0.00041647639591246843
5581,0.03475312888622284,0.02714090421795845,0.0034336403477936983,0.0004178581584710628
5582,0.034375034272670746,0.02826140820980072,0.0019309622002765536,0.0004182665725238621
5583,0.0337274931371212,0.026703912764787674,0.0032018907368183136,0.0003821690334007144
5584,0.03332053869962692,0.02850479632616043,0.0007761423476040363,0.00040396006079390645
5585,0.033284176141023636,0.026318352669477463,0.0030994871631264687,0.00038663370651192963
5586,0.0339810885488987,0.028460467234253883,0.0012847611214965582,0.0004235859669279307
5587,0.034502219408750534,0.02598932571709156,0.00439173961058259,0.00041211536154150963
5588,0.03653143346309662,0.028834138065576553,0.003320443443953991,0.00043768520117737353
5589,0.03589732199907303,0.025780461728572845,0.006077183876186609,0.000403967424063012
5590,0.0377621203660965,0.029404867440462112,0.004063733853399754,0.0004293521633371711
5591,0.03568213805556297,0.025510983541607857,0.006166095845401287,0.000400505872676149
5592,0.03578418120741844,0.02931133471429348,0.0019122951198369265,0.00045605518971569836
5593,0.03529229015111923,0.02515086904168129,0.005823065526783466,0.0004318356513977051
5594,0.03629504144191742,0.02914070524275303,0.0018857074901461601,0.0005268629174679518
5595,0.03718059882521629,0.02494162879884243,0.007367782760411501,0.00048711852286942303
5596,0.03902140259742737,0.02961733378469944,0.0035690979566425085,0.0005834970506839454
5597,0.038780391216278076,0.02491721883416176,0.00936276838183403,0.00045004053390584886
5598,0.03853733092546463,0.030008584260940552,0.0030980699229985476,0.0005430674063973129
5599,0.03615431860089302,0.02530105970799923,0.006986605003476143,0.000386665400583297
5600,0.034695472568273544,0.02925291657447815,0.0012272812891751528,0.00042152751120738685
5601,0.03400248661637306,0.026076655834913254,0.004172103479504585,0.0003753727942239493
5602,0.03562985360622406,0.028360998257994652,0.003211407922208309,0.00040574491140432656
5603,0.035647887736558914,0.02673172950744629,0.005001632496714592,0.00039145234040915966
5604,0.03737062215805054,0.027945689857006073,0.005390935577452183,0.00040339960833080113
5605,0.03508909419178963,0.027049055323004723,0.004083465784788132,0.0003956572327297181
5606,0.03377268463373184,0.027496101334691048,0.002532519632950425,0.00037440628511831164
5607,0.03225981816649437,0.026911791414022446,0.001568507170304656,0.0003779519465751946
5608,0.0319925881922245,0.027039244771003723,0.0010011785198003054,0.0003952163679059595
5609,0.0327252522110939,0.026821035891771317,0.001736840233206749,0.0004167377483099699
5610,0.0336383655667305,0.026860054582357407,0.0025945045053958893,0.0004183804849162698
5611,0.03470228984951973,0.027095796540379524,0.003474046941846609,0.00041324467747472227
5612,0.0342022143304348,0.026935137808322906,0.0032995976507663727,0.0003967478114645928
5613,0.03383965045213699,0.027311578392982483,0.002826777985319495,0.0003701295063365251
5614,0.032584600150585175,0.026717517524957657,0.0021408917382359505,0.00037261913530528545
5615,0.031929630786180496,0.027130519971251488,0.0009588462999090552,0.0003840264107566327
5616,0.031843673437833786,0.026270585134625435,0.0015786400763317943,0.0003994449507445097
5617,0.0322657972574234,0.02701868675649166,0.0010189046151936054,0.0004228207981213927
5618,0.03292480483651161,0.02605469711124897,0.0027250652201473713,0.0004145041748415679
5619,0.03372260183095932,0.027409957721829414,0.002023049397394061,0.00042895955266430974
5620,0.034391313791275024,0.025996258482336998,0.004534762352705002,0.0003860291908495128
5621,0.03489946946501732,0.02781345508992672,0.0026204586029052734,0.0004465554666239768
5622,0.0348377451300621,0.025673504918813705,0.0051750969141721725,0.0003989142714999616
5623,0.034760117530822754,0.027778590098023415,0.0022619860246777534,0.000471953913802281
5624,0.03415760397911072,0.025340478867292404,0.00457975035533309,0.0004237373359501362
5625,0.033812038600444794,0.02779548428952694,0.0015060885343700647,0.00045104650780558586
5626,0.03321375325322151,0.02535060979425907,0.003977123182266951,0.0003886019403580576
5627,0.03310643509030342,0.028108637779951096,0.0009627005201764405,0.00040350950439460576
5628,0.03364601731300354,0.025075331330299377,0.005022772587835789,0.00035479149664752185
5629,0.037457145750522614,0.029066316783428192,0.0041618309915065765,0.00042289969860576093
5630,0.04298204556107521,0.02382398396730423,0.014963443391025066,0.0004194617213215679
5631,0.07083994150161743,0.0329749621450901,0.03173191100358963,0.0006133064744062722
5632,0.03827580437064171,0.025109002366662025,0.005517877172678709,0.0007648925529792905
5633,0.05551597476005554,0.026311799883842468,0.02278609201312065,0.0006418081466108561
5634,0.10408009588718414,0.03297625109553337,0.06125146895647049,0.000985237886197865
5635,0.07745598256587982,0.03578750416636467,0.025863198563456535,0.0015805278671905398
5636,0.053452640771865845,0.02524695359170437,0.013524129986763,0.001468155300244689
5637,0.07558304071426392,0.029850855469703674,0.015335123986005783,0.0030397057998925447
5638,0.043169472366571426,0.028566598892211914,0.007050706073641777,0.0007552166935056448
5639,0.07811689376831055,0.034353647381067276,0.008983558975160122,0.0034779685083776712
5640,0.05292351543903351,0.03189491480588913,0.009880581870675087,0.0011148022022098303
5641,0.06496875733137131,0.03750033676624298,0.007384437136352062,0.002008398063480854
5642,0.08426706492900848,0.025236856192350388,0.043377600610256195,0.001565261627547443
5643,0.09091075509786606,0.037460338324308395,0.03495103120803833,0.0018499383004382253
5644,0.07692242413759232,0.032070256769657135,0.035464003682136536,0.000938816403504461
5645,0.04804272577166557,0.0382646769285202,0.0026082086842507124,0.0007169838645495474
5646,0.061104245483875275,0.03873663395643234,0.0062948064878582954,0.0016072806902229786
5647,0.06485474854707718,0.031782954931259155,0.020509660243988037,0.00125621329061687
5648,0.07809916138648987,0.04187256097793579,0.018625130876898766,0.001760146813467145
5649,0.06046640872955322,0.02820850908756256,0.02214156836271286,0.001011633314192295
5650,0.04617263376712799,0.03028119169175625,0.008723745122551918,0.0007167698349803686
5651,0.06477425992488861,0.040160007774829865,0.013014452531933784,0.0011599797289818525
5652,0.06269453465938568,0.03176196292042732,0.012729212641716003,0.0018203363288193941
5653,0.04922033101320267,0.036034226417541504,0.004671931732445955,0.0008514173096045852
5654,0.040979206562042236,0.03266087546944618,0.0011708915699273348,0.0007147436845116317
5655,0.05431347340345383,0.028358351439237595,0.020113807171583176,0.0005841313977725804
5656,0.0397261418402195,0.0333978533744812,0.0018607003148645163,0.0004467588441912085
5657,0.043946657329797745,0.03561541438102722,0.0022196657955646515,0.0006111577386036515
5658,0.046885304152965546,0.03196470066905022,0.005820430815219879,0.0009100171737372875
5659,0.04024233669042587,0.03338860347867012,0.0006535528227686882,0.000620017817709595
5660,0.04199991002678871,0.029809866100549698,0.0069296276196837425,0.0005260416655801237
5661,0.040047142654657364,0.02866530790925026,0.0054172733798623085,0.0005964563461020589
5662,0.0388924703001976,0.03251255676150322,0.0015311295865103602,0.00048487872118130326
5663,0.03771789371967316,0.03203833848237991,0.0008078044047579169,0.00048717536265030503
5664,0.04016672819852829,0.027808137238025665,0.005248597823083401,0.0007109993021003902
5665,0.03596831113100052,0.029619142413139343,0.0014604937750846148,0.0004888673429377377
5666,0.03756195679306984,0.03009745664894581,0.0009491023374721408,0.0006515398272313178
5667,0.0369388610124588,0.027839316055178642,0.0030409134924411774,0.0006058629369363189
5668,0.03583565726876259,0.028779342770576477,0.001922852941788733,0.0005133459926582873
5669,0.0357695072889328,0.028700336813926697,0.0011320338817313313,0.0005937134847044945
5670,0.03519854694604874,0.027827102690935135,0.0028727813623845577,0.00044986637658439577
5671,0.03539646044373512,0.029510127380490303,0.0005848266300745308,0.000530150777194649
5672,0.03408946469426155,0.028629489243030548,0.001379273016937077,0.0004080702783539891
5673,0.034804198890924454,0.027668433263897896,0.003405713476240635,0.0003730052267201245
5674,0.03395563364028931,0.029317865148186684,0.0008205255144275725,0.0003817243850789964
5675,0.033679522573947906,0.02831551805138588,0.0007962564122863114,0.0004567749856505543
5676,0.03302064910531044,0.02726888842880726,0.0021526427008211613,0.00035991170443594456
5677,0.03384071961045265,0.02815799042582512,0.0008970503695309162,0.00047856802120804787
5678,0.03236287832260132,0.027269430458545685,0.0019544237293303013,0.0003139026230201125
5679,0.03300657123327255,0.028128651902079582,0.0012042403686791658,0.0003673677274491638
5680,0.03281277045607567,0.02882547490298748,0.0008372931042686105,0.0003150003030896187
5681,0.03269181773066521,0.026604050770401955,0.00304774078540504,0.0003040028386749327
5682,0.03233685344457626,0.02741909958422184,0.0015117329312488437,0.0003406023024581373
5683,0.03231215849518776,0.02757093869149685,0.0006985507206991315,0.00040426666964776814
5684,0.032124899327754974,0.026221949607133865,0.002255975268781185,0.0003646972181741148
5685,0.03254489228129387,0.027518820017576218,0.0008669146336615086,0.0004159159434493631
5686,0.031707096844911575,0.026820018887519836,0.0015369195025414228,0.0003350158513057977
5687,0.03177627548575401,0.02664238028228283,0.0017327034147456288,0.0003401192952878773
5688,0.031730156391859055,0.027136776596307755,0.0011417237110435963,0.00034516549203544855
5689,0.031902045011520386,0.026060042902827263,0.002485040808096528,0.00033569629886187613
5690,0.03202250227332115,0.027049824595451355,0.0011401382507756352,0.0003832540533039719
5691,0.03147433325648308,0.026199471205472946,0.0014257931616157293,0.0003849068016279489
5692,0.031258754432201385,0.025987699627876282,0.0014495691284537315,0.00038214848609641194
5693,0.031360067427158356,0.026162590831518173,0.0013360760640352964,0.00038614007644355297
5694,0.03153008967638016,0.02585156448185444,0.0017828246345743537,0.00038956981734372675
5695,0.03171201050281525,0.026739025488495827,0.0010854126885533333,0.000388757063774392
5696,0.03146052733063698,0.02552579902112484,0.002343921922147274,0.0003590807318687439
5697,0.03129282966256142,0.026568222790956497,0.001007675426080823,0.000371693167835474
5698,0.031143954023718834,0.025618242099881172,0.0018520040903240442,0.0003673708706628531
5699,0.03087863326072693,0.026244541630148888,0.0009411312639713287,0.00036929597263224423
5700,0.03089323081076145,0.025941966101527214,0.0011609497014433146,0.00037903155316598713
5701,0.03079787828028202,0.02573472633957863,0.0013585099950432777,0.00037046431680209935
5702,0.030879471451044083,0.0262448713183403,0.0009007265907712281,0.00037338733091019094
5703,0.030874455347657204,0.025538457557559013,0.0018500324804335833,0.00034859651350416243
5704,0.03100716508924961,0.026333468034863472,0.0011020125821232796,0.00035716829006560147
5705,0.031178630888462067,0.025542451068758965,0.0021458237897604704,0.000349035719409585
5706,0.03168368339538574,0.026646273210644722,0.0014048721641302109,0.0003632539592217654
5707,0.03201412409543991,0.024922551587224007,0.0036051273345947266,0.00034864447661675513
5708,0.033672869205474854,0.027124593034386635,0.002609900664538145,0.00039383763214573264
5709,0.034131936728954315,0.024270979687571526,0.006091752089560032,0.00037692039040848613
5710,0.03778783604502678,0.028126705437898636,0.0055603282526135445,0.00041008033440448344
5711,0.03430292755365372,0.024184640496969223,0.006383018102496862,0.00037352676736190915
5712,0.033653561025857925,0.027318190783262253,0.0024129808880388737,0.00039223904605023563
5713,0.031303271651268005,0.024816002696752548,0.0029051052406430244,0.000358216289896518
5714,0.030425451695919037,0.025759998708963394,0.000940333993639797,0.0003725118876900524
5715,0.030682701617479324,0.0259869284927845,0.0008484873687848449,0.0003847285988740623
5716,0.03146863728761673,0.024669723585247993,0.0031031337566673756,0.00036957787233404815
5717,0.03256745636463165,0.027014654129743576,0.0017078194068744779,0.00038449809653684497
5718,0.03170781582593918,0.024642175063490868,0.003588487859815359,0.0003477150748949498
5719,0.030961494892835617,0.026543281972408295,0.0008646362111903727,0.00035535768256522715
5720,0.03036034293472767,0.025458402931690216,0.0014715183060616255,0.0003430423093959689
5721,0.030521739274263382,0.025252152234315872,0.0017038318328559399,0.0003565754450391978
5722,0.03109687939286232,0.026344675570726395,0.0009643335943110287,0.0003787869936786592
5723,0.031058313325047493,0.024598313495516777,0.0028701587580144405,0.0003589840780477971
5724,0.030839277431368828,0.026399876922369003,0.0007208491442725062,0.0003718550724443048
5725,0.030405420809984207,0.025103162974119186,0.0018551925895735621,0.00034470661194063723
5726,0.030234549194574356,0.02569238282740116,0.0011445728596299887,0.00033975925180129707
5727,0.03033340349793434,0.025844639167189598,0.0010640994878485799,0.00034246654831804335
5728,0.030440285801887512,0.024884965270757675,0.002115370240062475,0.00034399490687064826
5729,0.0305169727653265,0.0261224452406168,0.000678406679071486,0.00037161202635616064
5730,0.030385522171854973,0.024694932624697685,0.0020914103370159864,0.00035991801996715367
5731,0.030202891677618027,0.0257752425968647,0.0007528858259320259,0.0003674764884635806
5732,0.03002185933291912,0.02512650191783905,0.001421567052602768,0.0003473790129646659
5733,0.029948966577649117,0.025231236591935158,0.00130832742433995,0.0003409402270335704
5734,0.03000868484377861,0.025677375495433807,0.0008820813382044435,0.00034492273698560894
5735,0.03011408820748329,0.024716103449463844,0.002001882065087557,0.00033961032750084996
5736,0.030208151787519455,0.025849033147096634,0.0007139859953895211,0.00036451328196562827
5737,0.03019370324909687,0.02441127598285675,0.002235108520835638,0.0003547318046912551
5738,0.030204210430383682,0.025683974847197533,0.000769797945395112,0.00037504377542063594
5739,0.03019782155752182,0.02440520189702511,0.0022218292579054832,0.00035707917413674295
5740,0.030455566942691803,0.02566213719546795,0.0011502575362101197,0.0003643170930445194
5741,0.03066876530647278,0.024360058829188347,0.002857642713934183,0.0003451063821557909
5742,0.031653113663196564,0.025995131582021713,0.0020436837803572416,0.00036142993485555053
5743,0.032209362834692,0.02387232333421707,0.0048540751449763775,0.0003482963074930012
5744,0.0355558842420578,0.026958707720041275,0.004678935743868351,0.00039182405453175306
5745,0.03493419289588928,0.023119965568184853,0.008048392832279205,0.000376583484467119
5746,0.039576321840286255,0.027955690398812294,0.007243778556585312,0.00043768499745056033
5747,0.034195370972156525,0.022984417155385017,0.007214226294308901,0.00039967274642549455
5748,0.032590385526418686,0.02683856338262558,0.0014575031818822026,0.00042943190783262253
5749,0.031090307980775833,0.02373144030570984,0.003733863588422537,0.00036250046105124056
5750,0.030779728665947914,0.025344034656882286,0.0014913631603121758,0.00039443321293219924
5751,0.031051956117153168,0.025220587849617004,0.0020679791923612356,0.00037633892497979105
5752,0.030784372240304947,0.024298742413520813,0.0030113905668258667,0.0003474239492788911
5753,0.031015247106552124,0.02628181502223015,0.0011227938812226057,0.00036106398329138756
5754,0.03090168908238411,0.023929981514811516,0.0035420709755271673,0.00034296358353458345
5755,0.0313367024064064,0.026289736852049828,0.0010789800435304642,0.00039679862675257027
5756,0.03145832568407059,0.024078378453850746,0.003852318972349167,0.00035276272683404386
5757,0.03112221136689186,0.02561301738023758,0.0015528741059824824,0.00039563202881254256
5758,0.030255837365984917,0.024595925584435463,0.0020789627451449633,0.00035809489781968296
5759,0.029551580548286438,0.025005223229527473,0.0010918970219790936,0.0003454459074418992
5760,0.02945271134376526,0.02509504184126854,0.0009873027447611094,0.000337036675773561
5761,0.029838666319847107,0.024609284475445747,0.001877470058389008,0.0003351912018842995
5762,0.030330415815114975,0.025424452498555183,0.0012729465961456299,0.0003633017768152058
5763,0.030475102365016937,0.02417687512934208,0.002810549922287464,0.0003487677313387394
5764,0.0302909966558218,0.02538932114839554,0.0010540930088609457,0.00038475828478112817
5765,0.02983989752829075,0.02401331439614296,0.002265733666718006,0.00035608510370366275
5766,0.029529891908168793,0.025235604494810104,0.0006498668226413429,0.00036444191937334836
5767,0.02947714366018772,0.024099955335259438,0.001966792857274413,0.0003410395875107497
5768,0.029811114072799683,0.02516462281346321,0.0011564732994884253,0.00034900178434327245
5769,0.03024166077375412,0.024083759635686874,0.0027687468100339174,0.00033891532802954316
5770,0.03153889998793602,0.025447363033890724,0.0025472561828792095,0.00035442804801277816
5771,0.03202998265624046,0.02359277755022049,0.00500807911157608,0.000342912768246606
5772,0.03557330742478371,0.026403458788990974,0.005354769993573427,0.0003815076488535851
5773,0.03397366777062416,0.022884396836161613,0.00729504507035017,0.00037942256312817335
5774,0.03711610287427902,0.02716168388724327,0.00568370008841157,0.00042707176180556417
5775,0.03367606922984123,0.022409457713365555,0.0073363641276955605,0.00039302484947256744
5776,0.034034449607133865,0.026881983503699303,0.002380654215812683,0.00047718119458295405
5777,0.03400734066963196,0.022421421483159065,0.007502150256186724,0.000408376770792529
5778,0.035275883972644806,0.02667027898132801,0.003331369487568736,0.0005274236318655312
5779,0.03467842563986778,0.022881805896759033,0.007622589822858572,0.0004174030327703804
5780,0.033917512744665146,0.02635100670158863,0.0029539933893829584,0.0004612512420862913
5781,0.03153069689869881,0.023612545803189278,0.004482261370867491,0.0003435889957472682
5782,0.02974061667919159,0.02550867386162281,0.0008007254800759256,0.00034312185016460717
5783,0.029047317802906036,0.024552613496780396,0.0013149610022082925,0.0003179744817316532
5784,0.02957853302359581,0.024484528228640556,0.0018031791551038623,0.00032908254070207477
5785,0.030600303784012794,0.02526906505227089,0.0016940267523750663,0.00036372116301208735
5786,0.03120380826294422,0.023839423432946205,0.0037762937135994434,0.00035880922223441303
5787,0.03115779161453247,0.025498149916529655,0.0018061018781736493,0.00038535395287908614
5788,0.030268024653196335,0.023762043565511703,0.003116277977824211,0.00033897021785378456
5789,0.029409240931272507,0.025167154148221016,0.0007842083577997983,0.00034578779013827443
5790,0.028924662619829178,0.024025648832321167,0.0016145356930792332,0.00032844775705598295
5791,0.02909075655043125,0.024621224030852318,0.00105572328902781,0.00034138091723434627
5792,0.029722023755311966,0.02412770502269268,0.0021046255715191364,0.0003489693917799741
5793,0.03112460859119892,0.024656837806105614,0.0028667249716818333,0.0003601046046242118
5794,0.03223108500242233,0.023763924837112427,0.004994249902665615,0.00034729091566987336
5795,0.03729338198900223,0.026080800220370293,0.0075604612939059734,0.0003652122977655381
5796,0.0355994813144207,0.02289695106446743,0.009170742705464363,0.00035317891160957515
5797,0.04236861318349838,0.0276838056743145,0.010623615235090256,0.000406119303079322
5798,0.033169686794281006,0.022464780136942863,0.006538258865475655,0.00041666487231850624
5799,0.032478008419275284,0.025814080610871315,0.0018347398145124316,0.00048291872371919453
5800,0.03520601615309715,0.02309485711157322,0.007778611965477467,0.0004332545504439622
5801,0.03770996630191803,0.02511971816420555,0.007033448666334152,0.0005556801334023476
5802,0.03731761872768402,0.024139225482940674,0.008761977776885033,0.00044164128485135734
5803,0.032103948295116425,0.025603093206882477,0.0026796709280461073,0.00038211853825487196
5804,0.03057517111301422,0.023387277498841286,0.004271870478987694,0.0002916022785939276
5805,0.03285832703113556,0.026535699144005775,0.0030296845361590385,0.00032929444569163024
5806,0.030428167432546616,0.024058431386947632,0.002744479803368449,0.0003625256067607552
5807,0.0291107427328825,0.024134496226906776,0.0015977349830791354,0.00033785117557272315
5808,0.03030761331319809,0.025692394003272057,0.0006752326153218746,0.00039399851812049747
5809,0.031697869300842285,0.022958161309361458,0.004841076210141182,0.0003898630093317479
5810,0.032364316284656525,0.026699407026171684,0.0018882590811699629,0.0003776650410145521
5811,0.030897853896021843,0.023334156721830368,0.004449776839464903,0.00031139201018959284
5812,0.031360942870378494,0.025539372116327286,0.0022379669826477766,0.000358360557584092
5813,0.031921885907649994,0.02435091696679592,0.004209716338664293,0.00033612531842663884
5814,0.030237412080168724,0.024807460606098175,0.0016450819093734026,0.0003784869040828198
5815,0.029059534892439842,0.023617589846253395,0.002034239238128066,0.0003407705808058381
5816,0.029256079345941544,0.02495567314326763,0.0007597244111821055,0.00035406823735684156
5817,0.02962695248425007,0.02386753261089325,0.0023080268874764442,0.00034513938589952886
5818,0.02959262765944004,0.02474304661154747,0.0016950378194451332,0.00031545443926006556
5819,0.028949234634637833,0.024495350196957588,0.001366515178233385,0.00030873698415234685
5820,0.028752055019140244,0.02372787520289421,0.00193174765445292,0.0003092432743869722
5821,0.029248390346765518,0.02512207254767418,0.0006676940247416496,0.00034586229594424367
5822,0.029717573896050453,0.022868912667036057,0.0035158959217369556,0.00033327663550153375
5823,0.030600622296333313,0.025411587208509445,0.0013556620106101036,0.00038333723205141723
5824,0.030307631939649582,0.022666947916150093,0.004103173967450857,0.00035375094739720225
5825,0.030661175027489662,0.025637246668338776,0.0013637542724609375,0.0003660174843389541
5826,0.030367666855454445,0.02255500853061676,0.0046486989594995975,0.00031639597727917135
5827,0.030866537243127823,0.025737987831234932,0.0013234795769676566,0.00038050682633183897
5828,0.031084507703781128,0.022302990779280663,0.005254802294075489,0.0003526714281179011
5829,0.03217142075300217,0.02598264440894127,0.0019084557425230742,0.0004280320426914841
5830,0.032884031534194946,0.021726643666625023,0.00746527686715126,0.0003692109021358192
5831,0.03613429144024849,0.026940474286675453,0.0045420704409480095,0.0004651747003663331
5832,0.03673992678523064,0.021248841658234596,0.011483611539006233,0.00040074720163829625
5833,0.04345633462071419,0.028333093971014023,0.009926077909767628,0.0005197164136916399
5834,0.03652924671769142,0.021484920755028725,0.010945647954940796,0.00040986790554597974
5835,0.034465741366147995,0.02687922865152359,0.0031859707087278366,0.00044005410745739937
5836,0.030939575284719467,0.02239217609167099,0.005248165689408779,0.0003299232921563089
5837,0.02955007366836071,0.024690862745046616,0.001134268706664443,0.0003724942507687956
5838,0.029380055144429207,0.02399098314344883,0.0018297680653631687,0.0003559305041562766
5839,0.029435690492391586,0.02336263470351696,0.0028593565803021193,0.0003213700547348708
5840,0.030235759913921356,0.025458982214331627,0.001481266226619482,0.0003295511123724282
5841,0.029972197487950325,0.022895801812410355,0.003963112831115723,0.0003113282728008926
5842,0.030447179451584816,0.025736086070537567,0.0010896032908931375,0.0003621491196099669
5843,0.030810687690973282,0.022816350683569908,0.004711698275059462,0.0003282638790551573
5844,0.03120548650622368,0.02507384493947029,0.0020840889774262905,0.00040475529385730624
5845,0.03058241866528988,0.023172296583652496,0.003794544143602252,0.0003615578170865774
5846,0.0295339934527874,0.02448718063533306,0.0015428252518177032,0.0003503987391013652
5847,0.028464902192354202,0.02372930571436882,0.0016921836649999022,0.00030434131622314453
5848,0.02792717143893242,0.024109287187457085,0.0009374906658194959,0.0002880395040847361
5849,0.028016431257128716,0.024193070828914642,0.0008883625851012766,0.00029349984833970666
5850,0.028501609340310097,0.023503858596086502,0.0019478555768728256,0.00030498948763124645
5851,0.02905014157295227,0.024205461144447327,0.0013192598707973957,0.0003525420615915209
5852,0.02933339960873127,0.02309662289917469,0.002740782219916582,0.00034959946060553193
5853,0.02933395840227604,0.02415851689875126,0.0015306754503399134,0.0003644766111392528
5854,0.02902400866150856,0.02318773791193962,0.0025700407568365335,0.0003266229177825153
5855,0.028644906356930733,0.024013374000787735,0.001420862739905715,0.0003210669965483248
5856,0.02834239974617958,0.02364536002278328,0.0016840141033753753,0.00030130252707749605
5857,0.02824479155242443,0.023315079510211945,0.0019268864998593926,0.00030028255423530936
5858,0.029050715267658234,0.024365592747926712,0.0014117893297225237,0.0003273331967648119
5859,0.0309012271463871,0.022036315873265266,0.005625108722597361,0.00032398037728853524
5860,0.03956511244177818,0.02657824382185936,0.008866170421242714,0.0004120696394238621
5861,0.040572524070739746,0.020757237449288368,0.015612071380019188,0.000420321652200073
5862,0.05997767299413681,0.029783353209495544,0.024291442707180977,0.0005902877892367542
5863,0.03624049946665764,0.0221424400806427,0.008064014837145805,0.0006034044199623168
5864,0.06251373142004013,0.02359088324010372,0.032159723341464996,0.0006763121346011758
5865,0.11190707981586456,0.03139249235391617,0.07085864245891571,0.0009655944304540753
5866,0.09556655585765839,0.037491440773010254,0.04471902176737785,0.0013356092385947704
5867,0.06190318614244461,0.030888987705111504,0.007891803979873657,0.0023122390266507864
5868,0.061225831508636475,0.027348164469003677,0.007211921736598015,0.0026665746700018644
5869,0.06622917950153351,0.02388538420200348,0.026967894285917282,0.0015375899383798242
5870,0.051432911306619644,0.02580886147916317,0.005148640368133783,0.0020475410856306553
5871,0.059657834470272064,0.0343572199344635,0.008158606477081776,0.001714200945571065
5872,0.08163458108901978,0.036655131727457047,0.024127619341015816,0.0020851825829595327
5873,0.09111650288105011,0.04448346793651581,0.027625655755400658,0.0019007381051778793
5874,0.09399383515119553,0.034422315657138824,0.04414056986570358,0.0015430947532877326
5875,0.07096190750598907,0.044993724673986435,0.011129092425107956,0.0014839088544249535
5876,0.054102249443531036,0.03843558207154274,0.005566702224314213,0.0010099966311827302
5877,0.06573870778083801,0.03229402005672455,0.016938574612140656,0.001650611637160182
5878,0.0803559347987175,0.03909015282988548,0.029179632663726807,0.001208614674396813
5879,0.06771469861268997,0.030510224401950836,0.028342794626951218,0.0008861676906235516
5880,0.04487965255975723,0.03358945623040199,0.00162212282884866,0.0009668073616921902
5881,0.049310218542814255,0.032534465193748474,0.003824192564934492,0.001295155961997807
5882,0.05809200555086136,0.02767709456384182,0.016739143058657646,0.001367576769553125
5883,0.05307434871792793,0.03441406413912773,0.0070222425274550915,0.001163804205134511
5884,0.03799201920628548,0.02985597774386406,0.0019944796804338694,0.0006141560734249651
5885,0.048457253724336624,0.028239762410521507,0.010113785974681377,0.0010103706736117601
5886,0.04972068592905998,0.03370274603366852,0.0044886767864227295,0.0011529263574630022
5887,0.03852995112538338,0.029823407530784607,0.0011909259483218193,0.0007515615434385836
5888,0.046249762177467346,0.026463093236088753,0.009353932924568653,0.0010432734852656722
5889,0.04279504716396332,0.031093435361981392,0.0034673246555030346,0.0008234286797232926
5890,0.03763808310031891,0.02901701256632805,0.0006435472751036286,0.0007977525237947702
5891,0.044662680476903915,0.025092804804444313,0.011950565502047539,0.0007619309471920133
5892,0.03826097771525383,0.02978215552866459,0.0028005880303680897,0.0005678234156221151
5893,0.03637285530567169,0.029359247535467148,0.0020819122437387705,0.0004931697621941566
5894,0.04176979884505272,0.025121133774518967,0.007456159684807062,0.0009192503639496863
5895,0.03650415688753128,0.028666455298662186,0.001969762612134218,0.0005867937579751015
5896,0.034315016120672226,0.027023427188396454,0.000628391862846911,0.0006663198582828045
5897,0.03911334276199341,0.023904947564005852,0.008649785071611404,0.0006558613386005163
5898,0.03416012227535248,0.027371352538466454,0.0004698516277130693,0.0006318915402516723
5899,0.03290952742099762,0.027206769213080406,0.0013360752491280437,0.00043666810961440206
5900,0.03571353107690811,0.02449691668152809,0.0049812146462500095,0.0006235400796867907
5901,0.03352232277393341,0.02738582342863083,0.0014410687144845724,0.0004695430980063975
5902,0.03202347457408905,0.0256268959492445,0.0018099118024110794,0.000458666734630242
5903,0.033346228301525116,0.024013536050915718,0.003815057687461376,0.0005517636891454458
5904,0.03209556266665459,0.026531584560871124,0.0006585228256881237,0.000490545469801873
5905,0.030971352010965347,0.025380700826644897,0.0018373008351773024,0.0003753350756596774
5906,0.031853087246418,0.02487257681787014,0.004023218061774969,0.0002957293763756752
5907,0.030738508328795433,0.0263031218200922,0.0011897952063009143,0.0003245592233724892
5908,0.030601482838392258,0.02549787238240242,0.0020153787918388844,0.00030882327700965106
5909,0.03163174167275429,0.02500378154218197,0.0027155939023941755,0.0003912366519216448
5910,0.03022051602602005,0.024701938033103943,0.0017621442675590515,0.0003756433434318751
5911,0.02968856878578663,0.025446156039834023,0.0005448849406093359,0.0003697528154589236
5912,0.03002970479428768,0.023996442556381226,0.003195179393514991,0.00028380818548612297
5913,0.029073841869831085,0.025333622470498085,0.0012848200276494026,0.00024553979164920747
5914,0.028918439522385597,0.02545219473540783,0.0010258490219712257,0.00024403943098150194
5915,0.029592100530862808,0.0237724669277668,0.0024734921753406525,0.0003346141311340034
5916,0.029382826760411263,0.02505664899945259,0.0006703089457005262,0.0003655869804788381
5917,0.029302356764674187,0.02298952452838421,0.002721450524404645,0.0003591380955185741
5918,0.030561650171875954,0.024209927767515182,0.002906594891101122,0.0003445127804297954
5919,0.031277984380722046,0.02340671978890896,0.0048811002634465694,0.00029901653761044145
5920,0.03559589385986328,0.026366276666522026,0.006063458509743214,0.0003166156238876283
5921,0.03482824191451073,0.02224218100309372,0.009613239206373692,0.0002972824149765074
5922,0.04219108819961548,0.027612697333097458,0.01044631190598011,0.0004132077156100422
5923,0.031979385763406754,0.022133169695734978,0.006303118541836739,0.0003543098282534629
5924,0.028395282104611397,0.023826073855161667,0.000877757091075182,0.00036914521479047835
5925,0.02896479330956936,0.02433031238615513,0.0005897871451452374,0.000404469232307747
5926,0.031280823051929474,0.021997788920998573,0.005475256592035294,0.00038077766657806933
5927,0.03480365127325058,0.026076216250658035,0.004920476116240025,0.0003806960885412991
5928,0.029022881761193275,0.022954491898417473,0.0029532588087022305,0.00031151308212429285
5929,0.028298942372202873,0.02321649342775345,0.0021863896399736404,0.0002896059595514089
5930,0.031063806265592575,0.0255407877266407,0.0020693447440862656,0.0003453673853073269
5931,0.029781868681311607,0.022871438413858414,0.003499044803902507,0.00034113862784579396
5932,0.0279298834502697,0.024249635636806488,0.0006707389838993549,0.0003009508363902569
5933,0.028417639434337616,0.024236638098955154,0.0008508376777172089,0.00033301644725725055
5934,0.029171336442232132,0.022731492295861244,0.003195572644472122,0.0003244271210860461
5935,0.029157070443034172,0.02501809597015381,0.0008569784695282578,0.0003281995886936784
5936,0.02780415490269661,0.023564213886857033,0.0013404814526438713,0.00028994615422561765
5937,0.02873142436146736,0.023186177015304565,0.0029158121906220913,0.00026294347480870783
5938,0.029525525867938995,0.02526257373392582,0.0013706490863114595,0.000289230199996382
5939,0.028245050460100174,0.023473748937249184,0.0016977887134999037,0.00030735135078430176
5940,0.028437500819563866,0.023587998002767563,0.001971621299162507,0.0002877882507164031
5941,0.02939371019601822,0.024465400725603104,0.001412965590134263,0.0003515343996696174
5942,0.028032181784510612,0.02289659157395363,0.0018010648200288415,0.00033345265546813607
5943,0.028290675953030586,0.023655707016587257,0.0012348712189123034,0.00034000983578152955
5944,0.028905823826789856,0.02395659312605858,0.0017926585860550404,0.00031565717654302716
5945,0.027757441624999046,0.02321712300181389,0.0018425399903208017,0.0002697778691072017
5946,0.027753500267863274,0.023979762569069862,0.0009155485895462334,0.0002858189109247178
5947,0.028312765061855316,0.023666994646191597,0.0017795725725591183,0.00028661967371590436
5948,0.027841653674840927,0.023212745785713196,0.001630387152545154,0.0002998522249981761
5949,0.02727067470550537,0.02334606647491455,0.0007853484712541103,0.00031392587698064744
5950,0.02757127583026886,0.02316027507185936,0.001157189137302339,0.0003253812901675701
5951,0.027767103165388107,0.023280862718820572,0.0013740591239184141,0.0003112182894255966
5952,0.027498407289385796,0.023282457143068314,0.0013259932165965438,0.00028899573953822255
5953,0.027104554697871208,0.02320387028157711,0.0011349746491760015,0.00027657102327793837
5954,0.027246635407209396,0.02339811623096466,0.0009742580587044358,0.0002874260244425386
5955,0.027442825958132744,0.023076122626662254,0.0014075099024921656,0.00029591936618089676
5956,0.027319077402353287,0.022955559194087982,0.0013427771627902985,0.00030207415693439543
5957,0.027074744924902916,0.02316112630069256,0.0008507028687745333,0.0003062915347982198
5958,0.027005864307284355,0.022660313174128532,0.0013513673329725862,0.00029941831598989666
5959,0.027072135359048843,0.02328457683324814,0.000792502542026341,0.0002995055983774364
5960,0.027034401893615723,0.022735310718417168,0.001428226358257234,0.0002870865282602608
5961,0.026899348944425583,0.02294760011136532,0.0010556364431977272,0.00028961108182556927
5962,0.02685546875,0.02309362404048443,0.0008181133307516575,0.0002943731378763914
5963,0.026965878903865814,0.022288408130407333,0.001773220021277666,0.00029042502865195274
5964,0.02712988667190075,0.023372767493128777,0.0006424403400160372,0.00031146773835644126
5965,0.027262121438980103,0.02202395349740982,0.0022276805248111486,0.00030104865436442196
5966,0.027732692658901215,0.023555200546979904,0.001082486822269857,0.000309500377625227
5967,0.02845347486436367,0.0217482540756464,0.003828180255368352,0.0002877039078157395
5968,0.031728390604257584,0.02425095997750759,0.004240944050252438,0.00032364888465963304
5969,0.032316386699676514,0.021241284906864166,0.007896481081843376,0.000317861937219277
5970,0.040495000779628754,0.025718430057168007,0.011120670475065708,0.0003655898617580533
5971,0.030400555580854416,0.0212749931961298,0.0056579988449811935,0.000346756394719705
5972,0.027600301429629326,0.023562023416161537,0.000650100177153945,0.0003388178301975131
5973,0.027518965303897858,0.022319013252854347,0.001998393563553691,0.00032015593023970723
5974,0.0288995411247015,0.021893365308642387,0.0035964413546025753,0.00034097343450412154
5975,0.032227691262960434,0.024289216846227646,0.0043304977007210255,0.00036079788696952164
5976,0.02892763912677765,0.021388372406363487,0.004361092112958431,0.0003178176120854914
5977,0.028069162741303444,0.02396918646991253,0.0008018552325665951,0.0003298120282124728
5978,0.028020456433296204,0.02220829203724861,0.003015215741470456,0.00027969482471235096
5979,0.028301410377025604,0.022989828139543533,0.0020776260644197464,0.00032339562312699854
5980,0.028018567711114883,0.02319892682135105,0.0017466286662966013,0.00030730123398825526
5981,0.02699386514723301,0.02209203876554966,0.0018790105823427439,0.0003022815508302301
5982,0.027241459116339684,0.023211339488625526,0.0007925775134935975,0.00032375421142205596
5983,0.028110934421420097,0.02234703116118908,0.002671843161806464,0.00030920596327632666
5984,0.028177034109830856,0.02317354641854763,0.0018781778635457158,0.0003125309885945171
5985,0.02733071893453598,0.022576095536351204,0.001962003530934453,0.0002792619925457984
5986,0.026583120226860046,0.022944457828998566,0.0008124873274937272,0.0002826174022629857
5987,0.026702880859375,0.022591156885027885,0.0011867384891957045,0.00029249858926050365
5988,0.027269475162029266,0.022531159222126007,0.0016873141285032034,0.00030510014039464295
5989,0.027325628325343132,0.022744040936231613,0.001302664983086288,0.00032789225224405527
5990,0.026970135048031807,0.022110749036073685,0.0017640767619013786,0.0003095308493357152
5991,0.026658281683921814,0.02300732024013996,0.0006028084899298847,0.0003048154176212847
5992,0.02665010467171669,0.02204228565096855,0.0018162225605919957,0.0002791596343740821
5993,0.026907265186309814,0.023020826280117035,0.0010243176948279142,0.00028621224919334054
5994,0.02686423249542713,0.02221331186592579,0.0017960491823032498,0.00028548709815368056
5995,0.026782706379890442,0.022603224962949753,0.001217063283547759,0.00029624177841469646
5996,0.02647201530635357,0.022237690165638924,0.0012078717118129134,0.00030264543602243066
5997,0.026247436180710793,0.022244691848754883,0.0009464140166528523,0.0003056331188417971
5998,0.026151778176426888,0.022273750975728035,0.0008616279810667038,0.0003016398986801505
5999,0.026203632354736328,0.022146960720419884,0.0011371735017746687,0.000291949778329581
6000,0.02637595497071743,0.022442815825343132,0.0010377223370596766,0.00028954161098226905
6001,0.026084832847118378,0.022199254482984543,0.0010275689419358969,0.0002858009247574955
6002,0.026299994438886642,0.02207086607813835,0.0013508740812540054,0.0002878254745155573
6003,0.026066824793815613,0.022292375564575195,0.0008498745737597346,0.0002924573782365769
6004,0.02621012181043625,0.02226456068456173,0.0009783701971173286,0.00029671905213035643
6005,0.026042381301522255,0.021965965628623962,0.0011107783066108823,0.0002965636958833784
6006,0.02614045888185501,0.021975213661789894,0.0011702878400683403,0.0002994957903865725
6007,0.026033790782094002,0.022244205698370934,0.0007797266007401049,0.0003009858191944659
6008,0.02607237547636032,0.02215413935482502,0.0009487054776400328,0.0002969532215502113
6009,0.02601229026913643,0.021897271275520325,0.001212559756822884,0.00029024604009464383
6010,0.026009969413280487,0.02204423025250435,0.0010745725594460964,0.0002891166659537703
6011,0.02599693462252617,0.02228388749063015,0.000810343655757606,0.0002902704291045666
6012,0.025960799306631088,0.022074095904827118,0.0010045949602499604,0.000288210780126974
6013,0.025975270196795464,0.021831948310136795,0.0012643851805478334,0.00028789357747882605
6014,0.025917332619428635,0.022041169926524162,0.0009480977896600962,0.0002928064204752445
6015,0.025945311412215233,0.022181322798132896,0.000794268911704421,0.00029697196441702545
6016,0.02588624507188797,0.021891644224524498,0.0010458675678819418,0.0002948732872027904
6017,0.0259122084826231,0.021750936284661293,0.001220698468387127,0.0002940574777312577
6018,0.025863662362098694,0.022023918107151985,0.0008683564374223351,0.00029713893309235573
6019,0.025873929262161255,0.022079287096858025,0.0008245396893471479,0.00029701023595407605
6020,0.025844834744930267,0.02179437316954136,0.0011232756078243256,0.00029271849780343473
6021,0.02583634853363037,0.021774711087346077,0.0011404429096728563,0.0002921193081419915
6022,0.025826964527368546,0.02201429009437561,0.0008588004275225103,0.0002953874645754695
6023,0.025802752003073692,0.02195347286760807,0.000894125725608319,0.00029551528859883547
6024,0.025805892422795296,0.021718500182032585,0.0011487358715385199,0.0002938656252808869
6025,0.02577524073421955,0.02178529091179371,0.0010342930909246206,0.0002955656382255256
6026,0.025779467076063156,0.021929224953055382,0.0008687428198754787,0.0002981498546432704
6027,0.025753645226359367,0.02180721051990986,0.0009755658684298396,0.00029708686633966863
6028,0.025750011205673218,0.021692460402846336,0.001098901266232133,0.0002958650584332645
6029,0.025735141709446907,0.02179543673992157,0.0009700738592073321,0.00029696314595639706
6030,0.025720784440636635,0.021830670535564423,0.0009178543696179986,0.0002972260117530823
6031,0.025715939700603485,0.021722596138715744,0.0010353911202400923,0.00029579520924016833
6032,0.025694895535707474,0.02171366661787033,0.0010256879031658173,0.00029555411310866475
6033,0.025693198665976524,0.021763816475868225,0.0009650253341533244,0.00029643563902936876
6034,0.025673069059848785,0.02171766757965088,0.0009908716892823577,0.00029645307222381234
6035,0.025667883455753326,0.02168332040309906,0.0010184680577367544,0.0002966095635201782
6036,0.025653885677456856,0.021716132760047913,0.0009644334786571562,0.0002973319496959448
6037,0.02564246952533722,0.021682484075427055,0.0009882559534162283,0.0002971728390548378
6038,0.025634050369262695,0.021633435040712357,0.0010331528028473258,0.00029674620600417256
6039,0.025619203224778175,0.02167697250843048,0.0009683053940534592,0.00029739251476712525
6040,0.025611745193600655,0.021678760647773743,0.0009585003717802465,0.00029744848143309355
6041,0.02559858374297619,0.021598370745778084,0.0010344679467380047,0.00029657440609298646
6042,0.025588292628526688,0.021607063710689545,0.0010136300697922707,0.00029675988480448723
6043,0.0255788192152977,0.02166452817618847,0.00093825813382864,0.00029760331381112337
6044,0.025565525516867638,0.0216049961745739,0.0009897227864712477,0.0002970807836391032
6045,0.025557883083820343,0.02154282107949257,0.0010481192730367184,0.00029669413925148547
6046,0.025544533506035805,0.021597135812044144,0.000970409600995481,0.0002976988034788519
6047,0.025535648688673973,0.02160833030939102,0.0009461892768740654,0.0002981127763632685
6048,0.025524597615003586,0.02153046429157257,0.0010214068461209536,0.0002972724905703217
6049,0.02551354467868805,0.021526342257857323,0.0010150731541216373,0.00029721297323703766
6050,0.025504164397716522,0.021570740267634392,0.000956669682636857,0.00029767552041448653
6051,0.025492599233984947,0.02153722569346428,0.0009835358941927552,0.00029718366567976773
6052,0.025482822209596634,0.02149779349565506,0.001018513459712267,0.00029665164765901864
6053,0.02547249011695385,0.021518010646104813,0.0009848306654021144,0.00029696483397856355
6054,0.025461450219154358,0.021512869745492935,0.0009770176839083433,0.00029715627897530794
6055,0.0254521481692791,0.021479405462741852,0.001001450465992093,0.00029712915420532227
6056,0.025440851226449013,0.02147926203906536,0.0009865062311291695,0.00029750814428552985
6057,0.025431198999285698,0.021472882479429245,0.0009808950126171112,0.00029774216818623245
6058,0.025420809164643288,0.021446719765663147,0.0009982048068195581,0.00029758847085759044
6059,0.025410298258066177,0.02145039476454258,0.0009835916571319103,0.00029763110796920955
6060,0.025400545448064804,0.021449794992804527,0.0009755530045367777,0.0002975196694023907
6061,0.02538999542593956,0.021417314186692238,0.001002307515591383,0.00029703727341257036
6062,0.025379948318004608,0.021414918825030327,0.0009951121173799038,0.00029699172591790557
6063,0.025369996204972267,0.021429788321256638,0.0009678092319518328,0.0002972398651763797
6064,0.025359511375427246,0.021399755030870438,0.0009894995018839836,0.0002970256609842181
6065,0.02534979023039341,0.021374478936195374,0.0010057480540126562,0.0002969562483485788
6066,0.025339486077427864,0.021390175446867943,0.0009750848403200507,0.0002974225499201566
6067,0.02532944642007351,0.021380659192800522,0.0009733018232509494,0.00029754862771369517
6068,0.025319572538137436,0.02134801261126995,0.0009986439254134893,0.00029729161178693175
6069,0.025309354066848755,0.021349485963582993,0.000986505881883204,0.00029733628616668284
6070,0.025299478322267532,0.02135358937084675,0.0009725770796649158,0.0002973312512040138
6071,0.02528950944542885,0.02133149653673172,0.0009882246376946568,0.00029697883292101324
6072,0.02527943067252636,0.021321965381503105,0.0009893327951431274,0.0002968132321257144
6073,0.0252696480602026,0.021321969106793404,0.000979243777692318,0.00029684355831705034
6074,0.02525961771607399,0.021306868642568588,0.0009850546484813094,0.00029676954727619886
6075,0.025249721482396126,0.02129749394953251,0.0009841370629146695,0.0002968090120702982
6076,0.02523990347981453,0.02129296213388443,0.0009777310770004988,0.00029692103271372616
6077,0.025229934602975845,0.021275712177157402,0.0009855290409177542,0.0002968692861031741
6078,0.025220133364200592,0.021267566829919815,0.0009836243698373437,0.00029689434450119734
6079,0.0252103041857481,0.021267976611852646,0.0009726483258418739,0.0002969677734654397
6080,0.02520042657852173,0.02125081606209278,0.0009818144608289003,0.0002967795298900455
6081,0.025190673768520355,0.02123725600540638,0.000987226259894669,0.00029661922599188983
6082,0.025180848315358162,0.021240511909127235,0.0009736255742609501,0.00029667114722542465
6083,0.025171061977744102,0.02122974954545498,0.0009756070794537663,0.00029657059349119663
6084,0.025161346420645714,0.02121146023273468,0.000985879683867097,0.0002964006271213293
6085,0.025151552632451057,0.0212095994502306,0.0009774211794137955,0.0002964532468467951
6086,0.025141840800642967,0.021204086020588875,0.0009729917510412633,0.00029647632618434727
6087,0.025132140144705772,0.021187974140048027,0.0009804307483136654,0.0002963734441436827
6088,0.02512241154909134,0.021180905401706696,0.0009777077939361334,0.0002963798469863832
6089,0.025112736970186234,0.021174997091293335,0.0009738338412716985,0.00029639058629982173
6090,0.02510308288037777,0.02116302400827408,0.0009770016185939312,0.000296305661322549
6091,0.02509338967502117,0.021156232804059982,0.0009745986317284405,0.00029625583556480706
6092,0.025083772838115692,0.02114821784198284,0.0009737792424857616,0.00029617748805321753
6093,0.025074133649468422,0.02113611251115799,0.0009774751961231232,0.00029605458257719874
6094,0.02506450191140175,0.021131103858351707,0.0009730703895911574,0.0002960327547043562
6095,0.025054914876818657,0.02112405188381672,0.0009708617581054568,0.0002960002748295665
6096,0.025045322254300117,0.02110997401177883,0.000976421230006963,0.00029589279438368976
6097,0.025035737082362175,0.021103510633111,0.0009733515908010304,0.00029588749748654664
6098,0.02502618543803692,0.021098602563142776,0.0009685569675639272,0.0002959026605822146
6099,0.025016631931066513,0.02108536846935749,0.0009731542668305337,0.0002958108962047845
6100,0.025007089599967003,0.021076418459415436,0.0009730388410389423,0.0002957633405458182
6101,0.024997573345899582,0.021071642637252808,0.0009683750686235726,0.0002957556280307472
6102,0.02498806081712246,0.021061135455965996,0.0009702723473310471,0.0002956652897410095
6103,0.02497856132686138,0.02105182409286499,0.000970903318375349,0.0002955832751467824
6104,0.024969080463051796,0.021045224741101265,0.0009684691322036088,0.00029553857166320086
6105,0.024959605187177658,0.021035557612776756,0.0009693808387964964,0.000295466830721125
6106,0.024950135499238968,0.02102751098573208,0.0009684012038633227,0.0002954225055873394
6107,0.024940697476267815,0.021020062267780304,0.0009667602716945112,0.00029538763919845223
6108,0.024931252002716064,0.0210094191133976,0.0009687019628472626,0.000295313133392483
6109,0.024921830743551254,0.02100198157131672,0.0009671063162386417,0.0002952743961941451
6110,0.024912431836128235,0.02099546045064926,0.0009645846439525485,0.00029523871489800513
6111,0.02490302175283432,0.020984601229429245,0.0009670021827332675,0.00029514191555790603
6112,0.024893630295991898,0.020976481959223747,0.0009663961827754974,0.0002950752095784992
6113,0.02488425187766552,0.020970419049263,0.0009634802117943764,0.000295035308226943
6114,0.024874882772564888,0.020960474386811256,0.0009648891864344478,0.000294951896648854
6115,0.024865534156560898,0.02095172554254532,0.000964908511377871,0.00029489010921679437
6116,0.024856192991137505,0.02094482257962227,0.0009628075640648603,0.000294856377877295
6117,0.02484685368835926,0.020935729146003723,0.0009631816064938903,0.00029479427030310035
6118,0.024837538599967957,0.02092750184237957,0.0009626687387935817,0.00029473681934177876
6119,0.02482823096215725,0.020919736474752426,0.0009616963798180223,0.000294679804937914
6120,0.02481893263757229,0.020910652354359627,0.000962240737862885,0.00029460390214808285
6121,0.024809645488858223,0.02090328373014927,0.0009608805412426591,0.0002945481101050973
6122,0.024800363928079605,0.020895501598715782,0.000959983910433948,0.0002944879524875432
6123,0.024791091680526733,0.020885983482003212,0.0009610329871065915,0.0002944075095001608
6124,0.0247818436473608,0.02087865211069584,0.000959624070674181,0.0002943568106275052
6125,0.02477259561419487,0.020871169865131378,0.0009583651553839445,0.0002943062281701714
6126,0.02476336434483528,0.020861759781837463,0.0009592844289727509,0.00029423192609101534
6127,0.02475413680076599,0.020854054018855095,0.0009583041537553072,0.00029417770565487444
6128,0.024744929745793343,0.020846547558903694,0.0009571510599926114,0.00029412307776510715
6129,0.024735724553465843,0.020837808027863503,0.0009574305731803179,0.00029404848464764655
6130,0.024726523086428642,0.0208300594240427,0.0009566288208588958,0.0002939835540018976
6131,0.02471735142171383,0.020822059363126755,0.0009561339975334704,0.00029391568386927247
6132,0.02470817230641842,0.020813744515180588,0.0009559854515828192,0.00029384426306933165
6133,0.0246990118175745,0.020806320011615753,0.0009548375383019447,0.0002937855024356395
6134,0.02468985505402088,0.02079794369637966,0.0009547506342642009,0.0002937160315923393
6135,0.024680713191628456,0.020789584144949913,0.0009546518558636308,0.00029364769579842687
6136,0.02467157319188118,0.020782388746738434,0.0009532497497275472,0.0002935933880507946
6137,0.024662446230649948,0.020774051547050476,0.0009531484683975577,0.00029352447018027306
6138,0.02465333789587021,0.02076573297381401,0.0009530733805149794,0.00029345316579565406
6139,0.02464422956109047,0.020758381113409996,0.0009519169107079506,0.0002933931245934218
6140,0.024635132402181625,0.0207502618432045,0.000951652298681438,0.00029332187841646373
6141,0.02462604269385338,0.020742220804095268,0.0009513244731351733,0.0002932497882284224
6142,0.024616969749331474,0.020734574645757675,0.0009505719062872231,0.0002931823255494237
6143,0.02460790053009987,0.020726483315229416,0.0009503189940005541,0.00029310982790775597
6144,0.024598844349384308,0.020718805491924286,0.0009496103739365935,0.00029304297640919685
6145,0.024589799344539642,0.020711027085781097,0.0009490305674262345,0.0002929742040578276
6146,0.02458074688911438,0.02070280909538269,0.0009489383082836866,0.0002928999892901629
6147,0.024571727961301804,0.020695308223366737,0.0009480633889324963,0.0002928356407210231
6148,0.024562690407037735,0.020687555894255638,0.0009474576218053699,0.00029276779969222844
6149,0.024553678929805756,0.020679382607340813,0.0009473632089793682,0.00029269332299008965
6150,0.024544676765799522,0.020671868696808815,0.0009465498733334243,0.00029262586031109095
6151,0.024535685777664185,0.020664123818278313,0.0009460265864618123,0.0002925536537077278
6152,0.024526692926883698,0.02065620757639408,0.0009457067353650928,0.00029247786733321846
6153,0.024517707526683807,0.020648609846830368,0.0009450360666960478,0.00029240615549497306
6154,0.02450874261558056,0.020640747621655464,0.0009446724434383214,0.00029233231907710433
6155,0.02449978142976761,0.020633118227124214,0.0009440436260774732,0.0002922618295997381
6156,0.024490825831890106,0.020625459030270576,0.0009434577659703791,0.0002921908744610846
6157,0.0244818814098835,0.02061750367283821,0.0009432142251171172,0.00029211645596660674
6158,0.02447293885052204,0.020610006526112556,0.0009424613672308624,0.00029204710153862834
6159,0.024464014917612076,0.02060234546661377,0.0009419207344762981,0.0002919748658314347
6160,0.024455096572637558,0.020594483241438866,0.0009416259708814323,0.00029189864289946854
6161,0.02444617822766304,0.020587006583809853,0.0009409156627953053,0.00029182570870034397
6162,0.024437276646494865,0.02057931385934353,0.0009404695592820644,0.0002917493402492255
6163,0.02442837692797184,0.020571652799844742,0.0009399845730513334,0.00029167404863983393
6164,0.02441948838531971,0.020564092323184013,0.0009393920190632343,0.00029160044505260885
6165,0.024410614743828773,0.020556379109621048,0.0009389910264872015,0.0002915243967436254
6166,0.024401739239692688,0.020548855885863304,0.0009383696014992893,0.000291451346129179
6167,0.024392874911427498,0.02054128237068653,0.0009378176182508469,0.00029137745150364935
6168,0.024384019896388054,0.020533563569188118,0.0009374571382068098,0.00029129994800314307
6169,0.024375170469284058,0.020526118576526642,0.0009367973543703556,0.00029122555861249566
6170,0.024366330355405807,0.020518535748124123,0.0009363067802041769,0.00029114881181158125
6171,0.024357493966817856,0.020510932430624962,0.0009358461247757077,0.00029107139562256634
6172,0.0243486650288105,0.020503463223576546,0.0009352531051263213,0.0002909948816522956
6173,0.024339843541383743,0.020495880395174026,0.0009347933228127658,0.0002909170580096543
6174,0.02433103509247303,0.020488394424319267,0.0009342379635199904,0.00029084025300107896
6175,0.024322228506207466,0.020480893552303314,0.0009337036754004657,0.00029076318605802953
6176,0.024313433095812798,0.020473312586545944,0.0009332684567198157,0.00029068521689623594
6177,0.024304646998643875,0.020465927198529243,0.0009326257277280092,0.0002906093141064048
6178,0.024295862764120102,0.020458394661545753,0.0009321587858721614,0.00029053090838715434
6179,0.024287089705467224,0.020450882613658905,0.0009316856740042567,0.00029045221162959933
6180,0.02427832782268524,0.020443521440029144,0.0009310608729720116,0.00029037450440227985
6181,0.02426956593990326,0.020436005666851997,0.0009306158171966672,0.0002902944106608629
6182,0.024260809645056725,0.020428571850061417,0.0009300812380388379,0.00029021556838415563
6183,0.024252066388726234,0.020421156659722328,0.000929543690290302,0.0002901366678997874
6184,0.024243324995040894,0.020413711667060852,0.0009290326852351427,0.0002900579711422324
6185,0.024234594777226448,0.020406322553753853,0.0009284737752750516,0.00028997971094213426
6186,0.0242258682847023,0.020398877561092377,0.0009279940277338028,0.0002898996463045478
6187,0.0242171511054039,0.020391495898365974,0.0009274542098864913,0.00028982022195123136
6188,0.024208443239331245,0.020384134724736214,0.0009268982103094459,0.0002897409722208977
6189,0.024199727922677994,0.020376719534397125,0.0009264125837944448,0.0002896596270147711
6190,0.024191034957766533,0.02036936581134796,0.0009258824866265059,0.0002895787765737623
6191,0.024182338267564774,0.020362025126814842,0.0009253382449969649,0.0002894975186791271
6192,0.024173663929104805,0.02035464718937874,0.0009248444112017751,0.00028941722121089697
6193,0.024164985865354538,0.020347334444522858,0.0009242822998203337,0.0002893368655350059
6194,0.024156320840120316,0.020339971408247948,0.0009237920166924596,0.0002892556949518621
6195,0.024147655814886093,0.020332660526037216,0.0009232442243956029,0.00028917513554915786
6196,0.02413899265229702,0.02032533660531044,0.0009227190166711807,0.0002890937321353704
6197,0.024130340665578842,0.020318029448390007,0.0009221935179084539,0.00028901174664497375
6198,0.02412169985473156,0.02031073532998562,0.0009216691832989454,0.0002889296447392553
6199,0.024113060906529427,0.02030343748629093,0.0009211493888869882,0.00028884742641821504
6200,0.02410443313419819,0.020296167582273483,0.0009206138784065843,0.0002887651789933443
6201,0.02409580908715725,0.02028888836503029,0.0009200919885188341,0.00028868281515315175
6202,0.02408718876540661,0.02028162032365799,0.0009195715538226068,0.0002885997819248587
6203,0.024078568443655968,0.020274365320801735,0.0009190315613523126,0.000288517156150192
6204,0.02406996861100197,0.020267102867364883,0.0009185178205370903,0.0002884346467908472
6205,0.02406136505305767,0.02025987021625042,0.000917975208722055,0.0002883520210161805
6206,0.024052783846855164,0.02025262825191021,0.0009174640290439129,0.0002882691042032093
6207,0.024044189602136612,0.02024541050195694,0.0009169260738417506,0.0002881851978600025
6208,0.02403559722006321,0.020238187164068222,0.0009163983631879091,0.00028810117510147393
6209,0.024027019739151,0.020230969414114952,0.0009158803150057793,0.00028801706503145397
6210,0.024018460884690285,0.020223768427968025,0.0009153580758720636,0.00028793347883038223
6211,0.024009890854358673,0.02021658793091774,0.0009148073149845004,0.0002878497471101582
6212,0.024001333862543106,0.02020937018096447,0.0009143119677901268,0.00028776522958651185
6213,0.023992788046598434,0.02020222134888172,0.0009137489832937717,0.0002876818471122533
6214,0.023984240368008614,0.020195025950670242,0.0009132494451478124,0.00028759645647369325
6215,0.02397570200264454,0.02018786035478115,0.0009127194061875343,0.000287512200884521
6216,0.023967158049345016,0.020180718973279,0.0009121604962274432,0.00028742803260684013
6217,0.023958638310432434,0.020173512399196625,0.0009116939036175609,0.0002873431076295674
6218,0.023950111120939255,0.020166432484984398,0.0009110923274420202,0.0002872586192097515
6219,0.02394159324467182,0.02015923708677292,0.0009106226498261094,0.0002871732576750219
6220,0.023933077231049538,0.0201521348208189,0.0009100681636482477,0.00028708737227134407
6221,0.023924579843878746,0.02014501579105854,0.0009095450513996184,0.0002870019234251231
6222,0.023916078731417656,0.020137879997491837,0.0009090375388041139,0.00028691606712527573
6223,0.023907585069537163,0.020130807533860207,0.0009084705961868167,0.00028683070559054613
6224,0.02389909327030182,0.020123658701777458,0.0009079865994863212,0.00028674473287537694
6225,0.023890607059001923,0.020116593688726425,0.0009074236731976271,0.0002866589929908514
6226,0.02388213574886322,0.020109480246901512,0.0009069265797734261,0.000286572816548869
6227,0.02387366071343422,0.020102407783269882,0.000906384433619678,0.0002864869311451912
6228,0.023865193128585815,0.020095352083444595,0.0009058350697159767,0.0002864006964955479
6229,0.023856740444898605,0.020088233053684235,0.0009053758112713695,0.0002863130939658731
6230,0.02384827472269535,0.020081253722310066,0.0009047484491020441,0.0002862273540813476
6231,0.02383982017636299,0.02007407695055008,0.0009043576428666711,0.00028613858739845455
6232,0.023831386119127274,0.020067181438207626,0.0009036645060405135,0.0002860540698748082
6233,0.023822950199246407,0.020059967413544655,0.0009033295209519565,0.0002859653322957456
6234,0.023814508691430092,0.02005310356616974,0.0009025991894304752,0.0002858806401491165
6235,0.023806080222129822,0.020045911893248558,0.0009022518643178046,0.000285791524220258
6236,0.02379765920341015,0.020039010792970657,0.0009015961550176144,0.0002857052313629538
6237,0.023789236322045326,0.020031919702887535,0.000901155814062804,0.0002856161445379257
6238,0.023780817165970802,0.020024945959448814,0.0009005812462419271,0.0002855289203580469
6239,0.023772411048412323,0.020017918199300766,0.0009000838035717607,0.00028544088127091527
6240,0.02376401051878929,0.020010920241475105,0.0008995573734864593,0.0002853532787412405
6241,0.02375560998916626,0.020003966987133026,0.0008989791967906058,0.0002852664329111576
6242,0.023747216910123825,0.019996890798211098,0.000898554571904242,0.000285177055047825
6243,0.023738829419016838,0.01999002881348133,0.0008978990372270346,0.00028509009280242026
6244,0.023730440065264702,0.019982928410172462,0.0008975145174190402,0.000284999783616513
6245,0.023722071200609207,0.019976086914539337,0.0008968590991571546,0.0002849124721251428
6246,0.023713694885373116,0.01996900700032711,0.0008964623557403684,0.0002848223957698792
6247,0.023705316707491875,0.019962133839726448,0.0008958252728916705,0.00028473572456277907
6248,0.023696960881352425,0.01995513215661049,0.0008953586220741272,0.0002846470451913774
6249,0.023688603192567825,0.019948195666074753,0.0008948267204686999,0.0002845581329893321
6250,0.023680247366428375,0.019941266626119614,0.0008942853310145438,0.0002844695118255913
6251,0.023671897128224373,0.019934315234422684,0.0008937923703342676,0.0002843789989128709
6252,0.023663554340600967,0.019927436485886574,0.0008932161144912243,0.0002842902031261474
6253,0.02365521341562271,0.01992042548954487,0.0008927900344133377,0.00028419974842108786
6254,0.023646876215934753,0.019913632422685623,0.0008921241387724876,0.00028411197126843035
6255,0.02363855019211769,0.019906576722860336,0.0008917658124119043,0.0002840208762791008
6256,0.02363022416830063,0.019899817183613777,0.0008910731412470341,0.0002839335356839001
6257,0.023621901869773865,0.019892752170562744,0.0008907277369871736,0.00028384223696775734
6258,0.023613587021827698,0.019886041060090065,0.000890007009729743,0.0002837539359461516
6259,0.02360527403652668,0.019878972321748734,0.0008896831423044205,0.0002836619096342474
6260,0.02359696663916111,0.019872238859534264,0.0008889959426596761,0.0002835731429513544
6261,0.023588666692376137,0.019865240901708603,0.0008886097348295152,0.00028348149498924613
6262,0.023580361157655716,0.01985848695039749,0.0008879468077793717,0.00028339269920252264
6263,0.02357206866145134,0.019851457327604294,0.0008876095525920391,0.0002833002363331616
6264,0.02356378175318241,0.019844800233840942,0.0008868513396009803,0.00028321289573796093
6265,0.023555491119623184,0.01983768492937088,0.000886610709130764,0.0002831195015460253
6266,0.0235472172498703,0.01983112469315529,0.0008857606444507837,0.000283033266896382
6267,0.02353893220424652,0.019823947921395302,0.0008856079075485468,0.000282937748124823
6268,0.02353067509829998,0.01981748268008232,0.0008846795535646379,0.0002828512224368751
6269,0.023522403091192245,0.01981022208929062,0.000884632405359298,0.0002827550342772156
6270,0.023514144122600555,0.019803885370492935,0.0008835507906042039,0.00028267066227272153
6271,0.023505885154008865,0.01979643665254116,0.0008837343193590641,0.0002825715346261859
6272,0.023497624322772026,0.01979042962193489,0.000882286112755537,0.00028249082970432937
6273,0.02348938211798668,0.019782524555921555,0.0008830035803839564,0.00028238544473424554
6274,0.023481130599975586,0.019777152687311172,0.0008808527491055429,0.0002823126269504428
6275,0.023472890257835388,0.01976841688156128,0.000882508815266192,0.00028219641535542905
6276,0.023464668542146683,0.019764209166169167,0.0008790617575868964,0.0002821396628860384
6277,0.023456431925296783,0.019753895699977875,0.0008825166733004153,0.0002820019726641476
6278,0.023448223248124123,0.019751885905861855,0.0008766051614657044,0.000281973130768165
6279,0.02344002015888691,0.019738510251045227,0.0008835703483782709,0.0002817939966917038
6280,0.023431850597262383,0.019740933552384377,0.0008726843516342342,0.0002818232460413128
6281,0.023423727601766586,0.01972118206322193,0.0008869426674209535,0.0002815603220369667
6282,0.023415733128786087,0.019732816144824028,0.0008657997823320329,0.00028171163285151124
6283,0.0234079472720623,0.01969975419342518,0.0008954713703133166,0.00028127216501161456
6284,0.023400692269206047,0.01973099261522293,0.0008528595790266991,0.00028168383869342506
6285,0.02339448779821396,0.019668985158205032,0.0009168862598016858,0.00028086156817153096
6286,0.023390792310237885,0.01974363438785076,0.0008286692900583148,0.0002818490320350975
6287,0.023392392322421074,0.01961696892976761,0.0009736964711919427,0.00028017282602377236
6288,0.02340741455554962,0.019790470600128174,0.0007921537617221475,0.0002824791008606553
6289,0.023449290543794632,0.0195158738642931,0.001144801964983344,0.00027886146563105285
6290,0.023568900302052498,0.0199215617030859,0.0008043993730098009,0.000284293812001124
6291,0.0238195788115263,0.01930377632379532,0.00175336969550699,0.00027624325593933463
6292,0.024553144350647926,0.020267896354198456,0.0013918550685048103,0.00028933939756825566
6293,0.02571815438568592,0.018874574452638626,0.004126636777073145,0.0002716944145504385
6294,0.02970498986542225,0.02113298512995243,0.005542127415537834,0.00030298769706860185
6295,0.03128625452518463,0.018294308334589005,0.010296907275915146,0.00026950391475111246
6296,0.040878862142562866,0.022341905161738396,0.015327878296375275,0.0003209075366612524
6297,0.029029713943600655,0.018534477800130844,0.007690866943448782,0.00028043679776601493
6298,0.02470479905605316,0.020425422117114067,0.0014022093964740634,0.00028771674260497093
6299,0.023490779101848602,0.019882524386048317,0.0007496236357837915,0.000285863148747012
6300,0.025694355368614197,0.018839702010154724,0.0040567731484770775,0.00027978786965832114
6301,0.02978775091469288,0.021152857691049576,0.0054167574271559715,0.0003218134806957096
6302,0.02618071436882019,0.018814675509929657,0.004331548698246479,0.0003034491965081543
6303,0.023817453533411026,0.020100178197026253,0.0007569869630970061,0.00029602882568724453
6304,0.023668557405471802,0.02008485049009323,0.0007628097664564848,0.00028208980802446604
6305,0.02522224187850952,0.01914292387664318,0.0034788090270012617,0.00026005087420344353
6306,0.026324575766921043,0.020928043872117996,0.002589151728898287,0.0002807381097227335
6307,0.023967348039150238,0.01950192265212536,0.0017190698999911547,0.0002746354148257524
6308,0.023674555122852325,0.019620675593614578,0.0013372006360441446,0.00027166781364940107
6309,0.025225941091775894,0.02068118005990982,0.0016588461585342884,0.00028859160374850035
6310,0.02449752204120159,0.019251136109232903,0.002571659628301859,0.0002674727002158761
6311,0.023477237671613693,0.02004574052989483,0.0006357879028655589,0.00027957098791375756
6312,0.02366534061729908,0.02020101621747017,0.0006462401943281293,0.00028180828667245805
6313,0.024229824542999268,0.01937243714928627,0.002193891443312168,0.0002663496998138726
6314,0.024121329188346863,0.020419666543602943,0.0009757376974448562,0.00027259261696599424
6315,0.0234050452709198,0.019840236753225327,0.0009628114057704806,0.00026019979850389063
6316,0.023660169914364815,0.01961052417755127,0.0014457015786319971,0.0002603944740258157
6317,0.02418624609708786,0.020429283380508423,0.0010110539151355624,0.0002745908568613231
6318,0.023628612980246544,0.019563227891921997,0.0013822001637890935,0.0002683184575289488
6319,0.023345332592725754,0.019778307527303696,0.0008399102371186018,0.00027271150611341
6320,0.023687859997153282,0.020137539133429527,0.0007364395423792303,0.0002813881146721542
6321,0.023726319894194603,0.019418472424149513,0.0015732169849798083,0.0002734631998464465
6322,0.023442301899194717,0.020020386204123497,0.0006269135046750307,0.0002795001200865954
6323,0.023295804858207703,0.01985844410955906,0.0007104449323378503,0.00027269162819720805
6324,0.023511864244937897,0.019517598673701286,0.001360638882033527,0.0002633626863826066
6325,0.023623481392860413,0.020155923441052437,0.0007560323574580252,0.0002711525303311646
6326,0.023357070982456207,0.019610505551099777,0.0011053192429244518,0.00026412459556013346
6327,0.023243071511387825,0.01973051019012928,0.0008254286367446184,0.0002687132218852639
6328,0.02337181754410267,0.01997024193406105,0.000667818880174309,0.00027337553910911083
6329,0.0234321691095829,0.01945011503994465,0.0012995905708521605,0.00026824651286005974
6330,0.02332638017833233,0.019886864349246025,0.000681019970215857,0.0002758496266324073
6331,0.023187747225165367,0.019636329263448715,0.0008227123180404305,0.00027287055854685605
6332,0.02321494370698929,0.019568558782339096,0.0009333572234027088,0.00027130285161547363
6333,0.023306049406528473,0.019897252321243286,0.0006875692051835358,0.0002721227065194398
6334,0.023284519091248512,0.019462158903479576,0.0011848347494378686,0.00026375261950306594
6335,0.02319038100540638,0.019808538258075714,0.0007014514412730932,0.00026803917717188597
6336,0.023117315024137497,0.019631031900644302,0.000814115977846086,0.0002672167611308396
6337,0.023133698850870132,0.019530300050973892,0.000919301703106612,0.0002684097271412611
6338,0.023184146732091904,0.019775688648223877,0.0006805942393839359,0.00027278647758066654
6339,0.023187074810266495,0.019405219703912735,0.0010978057980537415,0.0002684050123207271
6340,0.02314414642751217,0.019719311967492104,0.0006973890122026205,0.0002727445389609784
6341,0.023079346865415573,0.019487539306282997,0.0009001119178719819,0.0002691694535315037
6342,0.023046759888529778,0.01957215927541256,0.0007847801316529512,0.00026898199575953186
6343,0.023051179945468903,0.019629651680588722,0.000742528703995049,0.00026790000265464187
6344,0.023073840886354446,0.019431598484516144,0.0009989496320486069,0.00026432922459207475
6345,0.02309058979153633,0.01969512552022934,0.0007110864971764386,0.00026843775412999094
6346,0.023079976439476013,0.019376443699002266,0.0010479342890903354,0.0002655598509591073
6347,0.02305748499929905,0.019644638523459435,0.0007114727050065994,0.0002701373887248337
6348,0.023021264001727104,0.01939220540225506,0.0009585571242496371,0.0002670501999091357
6349,0.02299126423895359,0.019550811499357224,0.0007487084367312491,0.00026917445939034224
6350,0.022968443110585213,0.019435999915003777,0.0008553469087928534,0.00026770957629196346
6351,0.02295558899641037,0.01946026273071766,0.000811280682682991,0.00026840466307476163
6352,0.022950641810894012,0.019487394019961357,0.0007739253924228251,0.0002689321991056204
6353,0.022950395941734314,0.019375069066882133,0.0009013012750074267,0.00026740264729596674
6354,0.02295486070215702,0.019512640312314034,0.0007460601627826691,0.0002696160809136927
6355,0.022961053997278214,0.01930505596101284,0.0009807322639971972,0.00026752642588689923
6356,0.022974925115704536,0.01953529380261898,0.0007241096463985741,0.0002715522132348269
6357,0.022992070764303207,0.019230015575885773,0.0010825833305716515,0.00026794703444465995
6358,0.023031316697597504,0.01957981288433075,0.0007251620991155505,0.00027263432275503874
6359,0.02308163046836853,0.019135691225528717,0.0012815037043765187,0.00026644361787475646
6360,0.023204024881124496,0.019669221714138985,0.0007942771771922708,0.0002740526106208563
6361,0.02335353009402752,0.0189930759370327,0.0017069756286218762,0.00026534782955423
6362,0.02375001832842827,0.019862167537212372,0.00111484678927809,0.00027730027795769274
6363,0.024150783196091652,0.018755540251731873,0.0027692613657563925,0.0002625980705488473
6364,0.02541479282081127,0.020232979208230972,0.0023485503625124693,0.0002833264588844031
6365,0.026071986183524132,0.01843353919684887,0.005038613453507423,0.00025998338242061436
6366,0.029115259647369385,0.020794201642274857,0.005402127746492624,0.0002918930840678513
6367,0.027943547815084457,0.018223244696855545,0.007115029264241457,0.0002605275367386639
6368,0.029865510761737823,0.020926376804709435,0.006023406982421875,0.0002915726217906922
6369,0.0258901696652174,0.01847025752067566,0.004804807715117931,0.00026151040219701827
6370,0.02415071800351143,0.02000083215534687,0.001368074445053935,0.00027818113449029624
6371,0.022925326600670815,0.019185662269592285,0.0010343340691179037,0.0002705329970922321
6372,0.023122183978557587,0.01902136392891407,0.0013775251572951674,0.00027232960565015674
6373,0.02428295835852623,0.019981995224952698,0.001415955601260066,0.0002885008871089667
6374,0.02471083216369152,0.01862168498337269,0.003387346863746643,0.00027017996762879193
6375,0.02503601647913456,0.02021455392241478,0.001990842167288065,0.00028306213789619505
6376,0.023646827787160873,0.018929602578282356,0.0021408116444945335,0.00025764151359908283
6377,0.022891145199537277,0.019597874954342842,0.0006942013278603554,0.0002599067520350218
6378,0.022969460114836693,0.019663341343402863,0.0006999835604801774,0.00026061342214234173
6379,0.023524440824985504,0.018976785242557526,0.0019841070752590895,0.00025635494966991246
6380,0.024006519466638565,0.020033223554491997,0.0012331560719758272,0.0002740139898378402
6381,0.023444177582859993,0.018960032612085342,0.0018599936738610268,0.00026241515297442675
6382,0.022937702015042305,0.019587943330407143,0.0006578197935596108,0.0002691938716452569
6383,0.02281205728650093,0.019471365958452225,0.00068853102857247,0.00026521613472141325
6384,0.023102443665266037,0.019104965031147003,0.001420363667421043,0.00025771145010367036
6385,0.023445429280400276,0.019875576719641685,0.0009129393147304654,0.0002656912838574499
6386,0.023258917033672333,0.01904713548719883,0.0016763368621468544,0.0002535443636588752
6387,0.02296524867415428,0.01966208592057228,0.0006920117884874344,0.00026111508486792445
6388,0.022762786597013474,0.019350111484527588,0.000822542468085885,0.00025901320623233914
6389,0.022846557199954987,0.019188664853572845,0.0010500395437702537,0.00026078528026118875
6390,0.023059949278831482,0.019649986177682877,0.0007024988299235702,0.0002707463572733104
6391,0.023077309131622314,0.01899624802172184,0.0014404678950086236,0.0002640594029799104
6392,0.022968076169490814,0.019582677632570267,0.0006800437695346773,0.00027053547091782093
6393,0.022774912416934967,0.019179044291377068,0.0009713585604913533,0.00026245092158205807
6394,0.022705845534801483,0.01929752714931965,0.0007928842678666115,0.00026154337683692575
6395,0.022770727053284645,0.019468991085886955,0.0006772632477805018,0.000262447283603251
6396,0.02286394312977791,0.0190885029733181,0.0012045897310599685,0.00025708507746458054
6397,0.022917140275239944,0.019570203498005867,0.0007043702062219381,0.00026425663963891566
6398,0.022843485698103905,0.01905030943453312,0.0012070168741047382,0.00025861590984277427
6399,0.022749900817871094,0.019427135586738586,0.0006649982533417642,0.00026577682001516223
6400,0.022665388882160187,0.019166097044944763,0.0008614371181465685,0.0002637853322084993
6401,0.02263803593814373,0.019206875935196877,0.000783465919084847,0.00026476936182007194
6402,0.022661034017801285,0.019324172288179398,0.0006811314960941672,0.0002655730058904737
6403,0.022702936083078384,0.019062675535678864,0.001035409513860941,0.00026048519066534936
6404,0.022745197638869286,0.01942008174955845,0.0006833890220150352,0.00026417270419187844
6405,0.022748040035367012,0.019008418545126915,0.0011600025463849306,0.00025796188856475055
6406,0.022743288427591324,0.019418789073824883,0.0006871680379845202,0.0002637331490404904
6407,0.022703073918819427,0.018998928368091583,0.0011150295613333583,0.0002589115174487233
6408,0.022669995203614235,0.019342126324772835,0.000677838281262666,0.0002650030655786395
6409,0.022628523409366608,0.019014667719602585,0.0009967000223696232,0.0002617155550979078
6410,0.02259822189807892,0.019258229061961174,0.0006838816334493458,0.00026561107370071113
6411,0.022570928558707237,0.019043462350964546,0.00090497185010463,0.0002622495230752975
6412,0.02255091816186905,0.019205957651138306,0.000710841326508671,0.0002634119300637394
6413,0.022534601390361786,0.019071271643042564,0.0008589236531406641,0.000260440690908581
6414,0.0225218515843153,0.01917092688381672,0.0007385585340671241,0.00026123656425625086
6415,0.022511020302772522,0.019076915457844734,0.0008341718348674476,0.00025999321951530874
6416,0.022501619532704353,0.01913950964808464,0.0007481019129045308,0.00026140082627534866
6417,0.02249321900308132,0.01905098743736744,0.0008328449912369251,0.0002609386283438653
6418,0.022486209869384766,0.01911960542201996,0.000739879731554538,0.00026267245993949473
6419,0.022481178864836693,0.019011501222848892,0.0008535304805263877,0.00026161468122154474
6420,0.022480538114905357,0.019126232713460922,0.0007213627104647458,0.0002632941759657115
6421,0.02248748578131199,0.01895390823483467,0.0009269076399505138,0.0002606669149827212
6422,0.02251419797539711,0.019178202375769615,0.0006993536371737719,0.0002636642020661384
6423,0.02257551997900009,0.018839409574866295,0.0011456541251391172,0.0002590455987956375
6424,0.022743994370102882,0.019320160150527954,0.0007601046236231923,0.0002663730410858989
6425,0.023069974035024643,0.018602199852466583,0.001897479873150587,0.0002570294891484082
6426,0.02404424175620079,0.019696777686476707,0.001612307270988822,0.0002735155576374382
6427,0.02544872835278511,0.018138302490115166,0.0047802068293094635,0.0002530218625906855
6428,0.03050106391310692,0.02064613811671734,0.0069483499974012375,0.0002906575973611325
6429,0.031350526958703995,0.017584046348929405,0.011223374865949154,0.00025431063841097057
6430,0.04084828123450279,0.021724000573158264,0.01605534926056862,0.0003068932855967432
6431,0.027391187846660614,0.01796089857816696,0.006754699628800154,0.00026755890576168895
6432,0.022884530946612358,0.019472816959023476,0.0007065836107358336,0.0002705131482798606
6433,0.02338181622326374,0.019569166004657745,0.0010209523607045412,0.00027916976250708103
6434,0.02651415951550007,0.017919620499014854,0.005946774501353502,0.00026477655046619475
6435,0.031116008758544922,0.020779622718691826,0.007174015510827303,0.0003162371867801994
6436,0.024574685841798782,0.01828102581202984,0.0033750757575035095,0.0002918585087172687
6437,0.022604431957006454,0.0189600121229887,0.0009664930403232574,0.000267792638624087
6438,0.02525349333882332,0.020177166908979416,0.0022544716484844685,0.00028218553052283823
6439,0.025372542440891266,0.018311835825443268,0.004641610663384199,0.00024190959811676294
6440,0.02412521466612816,0.020039303228259087,0.0014313757419586182,0.0002654534764587879
6441,0.02260110341012478,0.019317613914608955,0.0006398424156941473,0.0002643647021614015
6442,0.024132192134857178,0.01854425109922886,0.0030742036178708076,0.00025137371267192066
6443,0.02565511129796505,0.0203089639544487,0.002449622843414545,0.0002896524383686483
6444,0.02292255125939846,0.018857019022107124,0.0014766306849196553,0.00025889018434099853
6445,0.023230992257595062,0.01884845830500126,0.0017247063806280494,0.00026578266988508403
6446,0.025068052113056183,0.02027370221912861,0.002086789347231388,0.0002707560488488525
6447,0.023221438750624657,0.018801884725689888,0.0020132025238126516,0.0002406351559329778
6448,0.02271219901740551,0.01918601244688034,0.001093568978831172,0.00024326184939127415
6449,0.023907098919153214,0.020046764984726906,0.0012661461951211095,0.00025941882631741464
6450,0.02329085022211075,0.018744468688964844,0.0020007523708045483,0.00025456276489421725
6451,0.022552484646439552,0.019363511353731155,0.0005795432953163981,0.0002609430521260947
6452,0.023013466969132423,0.019633827731013298,0.0006901037413626909,0.0002689535031095147
6453,0.023185310885310173,0.018656933680176735,0.001976095838472247,0.00025522816576994956
6454,0.02271156571805477,0.01954338513314724,0.0004843398928642273,0.0002683840284589678
6455,0.022543348371982574,0.01933886855840683,0.0005827939021401107,0.0002621685853227973
6456,0.022916141897439957,0.018783574923872948,0.0016426031943410635,0.00024899645359255373
6457,0.02295057848095894,0.019708853214979172,0.0006386141758412123,0.0002603111497592181
6458,0.0224881861358881,0.01908368431031704,0.0009264199761673808,0.0002478082024026662
6459,0.02256888709962368,0.018943414092063904,0.0011157144326716661,0.0002509758051019162
6460,0.02286314219236374,0.01962202973663807,0.0006089130183681846,0.00026321999030187726
6461,0.02262014150619507,0.01883930340409279,0.0012510365340858698,0.00025298012769781053
6462,0.022394215688109398,0.019104229286313057,0.0007202138658612967,0.0002569772768765688
6463,0.02249215729534626,0.019353114068508148,0.0005252526607364416,0.0002613789984025061
6464,0.02261028066277504,0.018790503963828087,0.0012891949154436588,0.0002530582423787564
6465,0.022521715611219406,0.0193184781819582,0.0006403963197953999,0.0002562842273619026
6466,0.022337064146995544,0.019064491614699364,0.0007684990996494889,0.0002504072617739439
6467,0.022351467981934547,0.01892802305519581,0.0009450585348531604,0.0002478387323208153
6468,0.022475164383649826,0.01927490346133709,0.0006487375940196216,0.00025515229208394885
6469,0.02245192788541317,0.018827524036169052,0.0010970194125548005,0.00025273847859352827
6470,0.02232496440410614,0.01913074217736721,0.0006212221924215555,0.00025730003835633397
6471,0.022241447120904922,0.01894848421216011,0.0007484500529244542,0.0002544512681197375
6472,0.022277221083641052,0.0188773050904274,0.0008696329896338284,0.0002530281781218946
6473,0.02234577015042305,0.019154267385601997,0.0006315519567579031,0.0002559949643909931
6474,0.02233753725886345,0.018745794892311096,0.0010942447697743773,0.0002497498062439263
6475,0.022272078320384026,0.019143162295222282,0.0005982768489047885,0.0002530639467295259
6476,0.022192686796188354,0.018855731934309006,0.0008580256253480911,0.0002478929527569562
6477,0.022163493558764458,0.01889200508594513,0.000778233865275979,0.0002493254723958671
6478,0.02218455821275711,0.01902896724641323,0.000621429702732712,0.0002534160448703915
6479,0.022216826677322388,0.01872720941901207,0.0009837785037234426,0.0002505838929209858
6480,0.0222389604896307,0.01904347352683544,0.0006485594203695655,0.000254692742601037
6481,0.02222498506307602,0.01870843768119812,0.001024384517222643,0.0002492163621354848
6482,0.022196795791387558,0.019003616645932198,0.0006619317573495209,0.00025312480283901095
6483,0.022153321653604507,0.01871250383555889,0.0009476531995460391,0.0002493164502084255
6484,0.022117437794804573,0.01894231326878071,0.000648162211291492,0.0002526963653508574
6485,0.022087406367063522,0.01874985359609127,0.0008350431453436613,0.0002502509451005608
6486,0.02206890843808651,0.01880938932299614,0.000737156777177006,0.00025223629199899733
6487,0.02205917425453663,0.018806129693984985,0.0007150595192797482,0.0002537984400987625
6488,0.022055786103010178,0.01871265470981598,0.0008076921803876758,0.0002535438979975879
6489,0.02205718122422695,0.018819348886609077,0.0006874963291920722,0.0002550335484556854
6490,0.022065021097660065,0.018660934641957283,0.000882484600879252,0.00025216027279384434
6491,0.02208341471850872,0.018856700509786606,0.0006799426628276706,0.00025467720115557313
6492,0.022113781422376633,0.018563583493232727,0.0010426038643345237,0.0002507594181224704
6493,0.02218540385365486,0.018952934071421623,0.0006641873624175787,0.0002568281488493085
6494,0.02229318767786026,0.018417630344629288,0.00137971225194633,0.00024958455469459295
6495,0.022565720602869987,0.019099807366728783,0.0008640732849016786,0.0002601840242277831
6496,0.02293938398361206,0.018198031932115555,0.002263917587697506,0.00024774327175691724
6497,0.024038413539528847,0.01945527270436287,0.0019148815190419555,0.00026682604220695794
6498,0.02504439279437065,0.017814911901950836,0.004781634546816349,0.00024478475097566843
6499,0.028814803808927536,0.020187120884656906,0.005834377836436033,0.00027933044475503266
6500,0.02853735350072384,0.017440984025597572,0.008659868501126766,0.00024365024000871927
6501,0.033223770558834076,0.020725106820464134,0.009637933224439621,0.0002860730164684355
6502,0.026525702327489853,0.01765512302517891,0.006368376314640045,0.0002502203278709203
6503,0.02384355291724205,0.019518231973052025,0.0016719258856028318,0.00026533965137787163
6504,0.02206956222653389,0.01856272667646408,0.0009502734756097198,0.0002556562249083072
6505,0.02266179397702217,0.01821650192141533,0.0018727653659880161,0.0002572527155280113
6506,0.02479725144803524,0.019614826887845993,0.002332191215828061,0.00028502324130386114
6507,0.024743493646383286,0.017808452248573303,0.004300445783883333,0.00026345960213802755
6508,0.02446766570210457,0.019638879224658012,0.0021025766618549824,0.0002726211096160114
6509,0.022463681176304817,0.01843160390853882,0.0016170116141438484,0.00024150667013600469
6510,0.022077510133385658,0.01869618333876133,0.0009942580945789814,0.00023870683799032122
6511,0.023072868585586548,0.019448192790150642,0.0011164897587150335,0.0002508186153136194
6512,0.02337241917848587,0.01819739304482937,0.002740104915574193,0.00024349211889784783
6513,0.0230332650244236,0.019404133781790733,0.0010276514803990722,0.00026014805189333856
6514,0.022095229476690292,0.0185878723859787,0.0010141845559701324,0.0002493172651156783
6515,0.022173559293150902,0.01854836381971836,0.0011395453475415707,0.0002485649019945413
6516,0.02289508655667305,0.019358616322278976,0.0009472118690609932,0.00025892601115629077
6517,0.022796474397182465,0.01831282116472721,0.0020680511370301247,0.00024156004656106234
6518,0.022331619635224342,0.01921282336115837,0.0006525377393700182,0.0002466258010827005
6519,0.021965350955724716,0.018819397315382957,0.0007653870852664113,0.00023805674572940916
6520,0.02220030128955841,0.018541477620601654,0.0012909389333799481,0.00023678841535001993
6521,0.02259211242198944,0.019275730475783348,0.0007787116337567568,0.00025376686244271696
6522,0.022375905886292458,0.018375761806964874,0.0015241721412166953,0.0002475971123203635
6523,0.022035280242562294,0.01891491562128067,0.0005603728932328522,0.0002559992135502398
6524,0.021939458325505257,0.018792416900396347,0.000609123264439404,0.00025379168801009655
6525,0.022138655185699463,0.01843836158514023,0.0012347931042313576,0.0002465502475388348
6526,0.022326670587062836,0.01911460980772972,0.0006728789303451777,0.00025391828967258334
6527,0.022158604115247726,0.018454208970069885,0.0012839410919696093,0.00024204539658967406
6528,0.021944625303149223,0.018871819600462914,0.0006216707988642156,0.00024511347874067724
6529,0.021874215453863144,0.018767131492495537,0.0006666083936579525,0.000244047463638708
6530,0.02197544276714325,0.018499286845326424,0.0010454296134412289,0.00024307255807798356
6531,0.022104620933532715,0.018951356410980225,0.0006206594407558441,0.00025326042668893933
6532,0.02206006832420826,0.01839296519756317,0.001193417701870203,0.00024736853083595634
6533,0.021945230662822723,0.018825441598892212,0.0005926867015659809,0.0002527101896703243
6534,0.021829426288604736,0.018556851893663406,0.0008039263775572181,0.0002468648017384112
6535,0.021807942539453506,0.018586181104183197,0.000764267984777689,0.0002457493683323264
6536,0.021865541115403175,0.018780900165438652,0.0006104937638156116,0.000247414835030213
6537,0.02192208170890808,0.018415356054902077,0.0010889852419495583,0.00024177400337066501
6538,0.021950894966721535,0.018843650817871094,0.0006203841185197234,0.00024868606124073267
6539,0.021901996806263924,0.01837480627000332,0.0010939000640064478,0.00024332913744729012
6540,0.02184145152568817,0.018733849748969078,0.0006021072622388601,0.0002505494630895555
6541,0.021773628890514374,0.018445521593093872,0.0008540265262126923,0.00024740814114920795
6542,0.021731046959757805,0.018577050417661667,0.0006667972193099558,0.00024871990899555385
6543,0.021715914830565453,0.018552083522081375,0.0006910157389938831,0.00024728159769438207
6544,0.021721908822655678,0.01846199855208397,0.0008102693827822804,0.00024496414698660374
6545,0.021742945536971092,0.018641430884599686,0.0006325595895759761,0.0002468955353833735
6546,0.021768102422356606,0.018370220437645912,0.0009709931327961385,0.00024268883862532675
6547,0.021806953474879265,0.01869826763868332,0.0006320497486740351,0.0002476635854691267
6548,0.021842584013938904,0.018270911648869514,0.0011502503184601665,0.00024214209406636655
6549,0.021919477730989456,0.018752355128526688,0.0006618685438297689,0.0002505253942217678
6550,0.021994249895215034,0.018161805346608162,0.0014064775314182043,0.00024259663769043982
6551,0.022191891446709633,0.01885364018380642,0.000812108744867146,0.00025261417613364756
6552,0.022382549941539764,0.01801067404448986,0.0019734587986022234,0.0002398417127551511
6553,0.02295328862965107,0.01906786859035492,0.0013279365375638008,0.00025574839673936367
6554,0.023388685658574104,0.017770718783140182,0.003237588796764612,0.00023803791555110365
6555,0.024973230436444283,0.019452981650829315,0.0028879977762699127,0.00026322517078369856
6556,0.0253598615527153,0.017466828227043152,0.005523908417671919,0.00023691249953117222
6557,0.028333628550171852,0.019922638311982155,0.0056811426766216755,0.0002729848201852292
6558,0.026461876928806305,0.0173344686627388,0.006731424480676651,0.0002395984047325328
6559,0.02734735794365406,0.01984015293419361,0.0048081413842737675,0.0002699063334148377
6560,0.023994814604520798,0.01763642579317093,0.003947557415813208,0.00024108302022796124
6561,0.022456221282482147,0.01895572431385517,0.0009294335613958538,0.00025710626505315304
6562,0.021636823192238808,0.018331974744796753,0.0008000945672392845,0.00025047536473721266
6563,0.021954597905278206,0.018081458285450935,0.0013695594388991594,0.00025035798898898065
6564,0.023008566349744797,0.01907886005938053,0.0012672015000134706,0.0002662504557520151
6565,0.023353075608611107,0.017732517793774605,0.0031789096537977457,0.0002441647811792791
6566,0.023637574166059494,0.019294075667858124,0.0017601015279069543,0.00025833980180323124
6567,0.022454291582107544,0.018017560243606567,0.002106635831296444,0.0002330093993805349
6568,0.02173992432653904,0.01874423958361149,0.0006013696547597647,0.0002394314215052873
6569,0.02165203168988228,0.01864434964954853,0.0006086732028052211,0.0002399008662905544
6570,0.022090783342719078,0.018114285543560982,0.0016035663429647684,0.0002372932358412072
6571,0.02262618951499462,0.019053103402256966,0.0010234899818897247,0.0002549596829339862
6572,0.022371558472514153,0.01796921342611313,0.0019989239517599344,0.00024034215311985463
6573,0.022000344470143318,0.01884659007191658,0.000654222909361124,0.0002499532129149884
6574,0.021617772057652473,0.01835542358458042,0.0008804204408079386,0.00023819274792913347
6575,0.02161538414657116,0.01837260089814663,0.0008889026939868927,0.00023538801178801805
6576,0.02188543789088726,0.018824538215994835,0.0006429514032788575,0.00024179479805752635
6577,0.022043399512767792,0.01808319240808487,0.0016252751229330897,0.0002334932069061324
6578,0.022058121860027313,0.018866989761590958,0.0007142447866499424,0.0002476887602824718
6579,0.02177424170076847,0.018148817121982574,0.0012245755642652512,0.0002400849771220237
6580,0.021567583084106445,0.01851164735853672,0.0005830698646605015,0.0002472865453455597
6581,0.021527409553527832,0.018454289063811302,0.000605341512709856,0.00024677792680449784
6582,0.021635621786117554,0.018186012282967567,0.0010342698078602552,0.00024153394042514265
6583,0.021786900237202644,0.018699070438742638,0.0006192594883032143,0.00024685703101567924
6584,0.021806124597787857,0.018091445788741112,0.0013575747143477201,0.00023571038036607206
6585,0.021769411861896515,0.01869048923254013,0.0006413108203560114,0.00024376115470658988
6586,0.021624000743031502,0.018170513212680817,0.001088289893232286,0.0002365198015468195
6587,0.021511118859052658,0.018487241119146347,0.0005966801545582712,0.00024271971778944135
6588,0.02145017683506012,0.018310673534870148,0.0007190763135440648,0.00024204282090067863
6589,0.021453160792589188,0.018257034942507744,0.0007680867565795779,0.00024280390061903745
6590,0.02149912901222706,0.01845185086131096,0.0005854522460140288,0.0002461826952639967
6591,0.021552642807364464,0.018108632415533066,0.001040593022480607,0.00024034174566622823
6592,0.021614626049995422,0.01855297014117241,0.0006073123659007251,0.0002454344357829541
6593,0.021634865552186966,0.01804179511964321,0.001228318433277309,0.00023647530179005116
6594,0.02167529985308647,0.0185859277844429,0.0006463830941356719,0.00024429894983768463
6595,0.021665483713150024,0.018000803887844086,0.0013008215464651585,0.000236385953030549
6596,0.02170303836464882,0.018573574721813202,0.0006669446593150496,0.0002462518750689924
6597,0.021698936820030212,0.017945514991879463,0.0013697892427444458,0.00023836323816794902
6598,0.02177661657333374,0.018582813441753387,0.0007066073594614863,0.0002487196179572493
6599,0.021816043183207512,0.017870105803012848,0.0015645630192011595,0.0002381375670665875
6600,0.022013455629348755,0.01866959035396576,0.0008517042733728886,0.00024921612930484116
6601,0.0221561286598444,0.017755812034010887,0.0020527353044599295,0.00023475805937778205
6602,0.02268572524189949,0.018859880045056343,0.0013211576733738184,0.0002504686708562076
6603,0.02302524819970131,0.01755768246948719,0.0031508123502135277,0.00023167546896729618
6604,0.024403123185038567,0.0191898662596941,0.0026453849859535694,0.0002567872579675168
6605,0.02471230924129486,0.01728622429072857,0.005111742299050093,0.00023143415455706418
6606,0.027250560000538826,0.019607126712799072,0.004983084741979837,0.000266034941887483
6607,0.025824513286352158,0.017137311398983,0.0063514490611851215,0.00023357541067525744
6608,0.026881078258156776,0.01960691250860691,0.004622119944542646,0.0002652044640854001
6609,0.02388712204992771,0.017369301989674568,0.004170464817434549,0.00023473564942833036
6610,0.022519877180457115,0.018863195553421974,0.0011286342050880194,0.00025280474801547825
6611,0.021447252482175827,0.017984550446271896,0.001049643731676042,0.0002413057954981923
6612,0.021416833624243736,0.0180083978921175,0.0009639643249101937,0.00024444726295769215
6613,0.02214360609650612,0.018710622563958168,0.000861953420098871,0.0002571030636318028
6614,0.022731177508831024,0.01754935272037983,0.0027909798081964254,0.00023908450384624302
6615,0.023351622745394707,0.019080089405179024,0.001714138314127922,0.00025573946186341345
6616,0.02248395048081875,0.017668530344963074,0.002528194338083267,0.00022872256522532552
6617,0.021812865510582924,0.018713222816586494,0.0007102206582203507,0.0002389421861153096
6618,0.021325957030057907,0.018191607668995857,0.0008144720341078937,0.00023198781127575785
6619,0.021430524066090584,0.018056724220514297,0.001038499642163515,0.000233530139666982
6620,0.021899955347180367,0.018693910911679268,0.0007340612355619669,0.0002471983607392758
6621,0.02208769880235195,0.01771482080221176,0.0020232759416103363,0.00023496018548030406
6622,0.02211720682680607,0.01876717619597912,0.0008585250470787287,0.00024915061658248305
6623,0.021655812859535217,0.017880668863654137,0.001460774801671505,0.00023143696307670325
6624,0.021336831152439117,0.01842278055846691,0.0005601391894742846,0.00023539125686511397
6625,0.02125682681798935,0.018304461613297462,0.0006312212790362537,0.0002321143983863294
6626,0.02140854112803936,0.018003368750214577,0.0011080726981163025,0.00022970997088123113
6627,0.021643629297614098,0.01858661323785782,0.0006333995261229575,0.00024236153694801033
6628,0.02167893759906292,0.01779436133801937,0.0015409105690196157,0.00023436651099473238
6629,0.021630557253956795,0.01853339746594429,0.000622435356490314,0.00024747251882217824
6630,0.021409716457128525,0.01789703406393528,0.0011409104336053133,0.00023717708245385438
6631,0.021250294521450996,0.018280956894159317,0.0005637084832414985,0.0002405629347776994
6632,0.021186422556638718,0.01816490851342678,0.0006589634576812387,0.00023625520407222211
6633,0.0212240070104599,0.018030770123004913,0.0008667035726830363,0.00023265340132638812
6634,0.021320365369319916,0.018371881917119026,0.0005677762674167752,0.0002380707155680284
6635,0.021399706602096558,0.01786271296441555,0.0012198458425700665,0.00023171462817117572
6636,0.02148117497563362,0.01843106746673584,0.0006280497182160616,0.00024220571503974497
6637,0.021463671699166298,0.017790643498301506,0.0013339514844119549,0.00023390768910758197
6638,0.021463461220264435,0.018397677689790726,0.0006295680650509894,0.00024362144176848233
6639,0.0213853158056736,0.01780058443546295,0.001243216567672789,0.00023415143368765712
6640,0.021341409534215927,0.018337329849600792,0.0005929222679696977,0.00024111561651807278
6641,0.021271347999572754,0.017842786386609077,0.0011018442455679178,0.0002326717512914911
6642,0.021234603598713875,0.01826844923198223,0.0005778021295554936,0.000238835287746042
6643,0.021196266636252403,0.0178644061088562,0.000999651849269867,0.00023322085326071829
6644,0.021182779222726822,0.018209217116236687,0.0005783443339169025,0.00023952187621034682
6645,0.021173052489757538,0.01784408651292324,0.000979611766524613,0.00023493541812058538
6646,0.021191781386733055,0.018199892714619637,0.0005838041543029249,0.00024080852745100856
6647,0.021223723888397217,0.01777835004031658,0.0011020717211067677,0.00023433017486240715
6648,0.021325647830963135,0.01827925257384777,0.0006319937529042363,0.0002414401969872415
6649,0.021473247557878494,0.017643243074417114,0.0015166333178058267,0.0002313372096978128
6650,0.021883459761738777,0.018487796187400818,0.000956710078753531,0.00024389538157265633
6651,0.022408468648791313,0.01737803779542446,0.002753304783254862,0.00022771272051613778
6652,0.024079296737909317,0.01894281804561615,0.0026073160115629435,0.000252916244789958
6653,0.02532409131526947,0.016942225396633148,0.006121366284787655,0.0002260497712995857
6654,0.03063827008008957,0.019787780940532684,0.00813828781247139,0.00027122022584080696
6655,0.02857920713722706,0.016617193818092346,0.009635289199650288,0.00023267246433533728
6656,0.0319090336561203,0.020046917721629143,0.009116483852267265,0.0002745632082223892
6657,0.02470412105321884,0.01695229858160019,0.005404840689152479,0.00023469810548704118
6658,0.021789606660604477,0.018608180806040764,0.0006619352498091757,0.0002519490080885589
6659,0.02123131975531578,0.01805225946009159,0.0007325152982957661,0.0002446545986458659
6660,0.022771690040826797,0.017296021804213524,0.0030417984817177057,0.00024338705406989902
6661,0.025483008474111557,0.019226787611842155,0.0034663474652916193,0.00027898731059394777
6662,0.023867959156632423,0.016989579424262047,0.004417273215949535,0.0002461107214912772
6663,0.022463921457529068,0.01893410086631775,0.000975729082711041,0.00025540904607623816
6664,0.021289419382810593,0.017843356356024742,0.0012237858027219772,0.00022222781262826174
6665,0.02170672081410885,0.01787685602903366,0.0015909543726593256,0.00022389106743503362
6666,0.02286405675113201,0.01894839107990265,0.0014786162646487355,0.00024370492610614747
6667,0.022359488531947136,0.017363082617521286,0.002676710020750761,0.0002319695195183158
6668,0.021698517724871635,0.018692277371883392,0.000464586541056633,0.0002541653229855001
6669,0.021391604095697403,0.017904454842209816,0.0011618067510426044,0.00023253433755598962
6670,0.021611420437693596,0.01788899675011635,0.001400511246174574,0.00023219127615448087
6671,0.021952461451292038,0.0187072716653347,0.0008443546830676496,0.0002400834928266704
6672,0.02169140987098217,0.017584342509508133,0.0018879602430388331,0.00022191066818777472
6673,0.021495599299669266,0.018605276942253113,0.0005213354015722871,0.00023689866065979004
6674,0.021412694826722145,0.017973892390727997,0.0012090019881725311,0.00022298001567833126
6675,0.021373309195041656,0.017966726794838905,0.0010935417376458645,0.0002313040167791769
6676,0.021383630111813545,0.018434487283229828,0.0005243347841314971,0.00024248086265288293
6677,0.021354030817747116,0.01760142482817173,0.001419885316863656,0.0002332721633138135
6678,0.021371591836214066,0.018384229391813278,0.0005029757739976048,0.00024843867868185043
6679,0.02129189297556877,0.0178522951900959,0.0011289498070254922,0.00023106492881197482
6680,0.021149758249521255,0.017998330295085907,0.0008392748422920704,0.00023121535195969045
6681,0.021105997264385223,0.018288230523467064,0.0004987342981621623,0.00023190330830402672
6682,0.021177254617214203,0.017680080607533455,0.001263307174667716,0.00022338661074172705
6683,0.0212336927652359,0.01836235076189041,0.00048641834291629493,0.0002384922991041094
6684,0.02113669365644455,0.017727253958582878,0.0011193358805030584,0.00022901043121237308
6685,0.02097732573747635,0.01802307926118374,0.0005931317573413253,0.0002361116057727486
6686,0.02092418447136879,0.018046556040644646,0.0005233913543634117,0.00023542356211692095
6687,0.021009746938943863,0.017666993662714958,0.0010554546024650335,0.00022872976842336357
6688,0.021092038601636887,0.01826353743672371,0.00044437748147174716,0.00023841235088184476
6689,0.02104814164340496,0.017620351165533066,0.0011727422242984176,0.00022550488938577473
6690,0.020925184711813927,0.01812589541077614,0.0004775822162628174,0.00023217078705783933
6691,0.020845498889684677,0.017816636711359024,0.0007602209225296974,0.0002268642419949174
6692,0.020859692245721817,0.01782151125371456,0.0007411629194393754,0.00022970170539338142
6693,0.02089952863752842,0.017983103170990944,0.0005610364605672657,0.0002355388569412753
6694,0.020885510370135307,0.017673101276159286,0.000904067768715322,0.0002308340190211311
6695,0.020825713872909546,0.01795266568660736,0.0005270935362204909,0.00023459548538085073
6696,0.020784243941307068,0.017743166536092758,0.0007529858266934752,0.00022880923643242568
6697,0.020798929035663605,0.017837507650256157,0.0006662810919806361,0.00022951401479076594
6698,0.02084130421280861,0.017818348482251167,0.0007277691620402038,0.00022951870050746948
6699,0.020871076732873917,0.017821984365582466,0.0007610367611050606,0.00022880546748638153
6700,0.02088513784110546,0.017687983810901642,0.0009210578864440322,0.00022760957654099911
6701,0.020964020863175392,0.017993608489632607,0.0006382388528436422,0.00023321733169723302
6702,0.021146921440958977,0.017384713515639305,0.001506058033555746,0.00022561487276107073
6703,0.021668151021003723,0.01834302581846714,0.0009075849666260183,0.0002417540963506326
6704,0.022446326911449432,0.01698905974626541,0.003246425883844495,0.00022108411940280348
6705,0.024909215047955513,0.01895548403263092,0.003414203180000186,0.0002539528359193355
6706,0.026831582188606262,0.016494544222950935,0.008131228387355804,0.0002205808850703761
6707,0.035324741154909134,0.020036296918988228,0.01252156775444746,0.00027668787515722215
6708,0.029401421546936035,0.016327157616615295,0.010705520398914814,0.00023687438806518912
6709,0.030074169859290123,0.0196901336312294,0.007712426129728556,0.0002671611146070063
6710,0.023111289367079735,0.016875794157385826,0.003954465501010418,0.00022810310474596918
6711,0.020975442603230476,0.018023299053311348,0.00047654437366873026,0.0002475599176250398
6712,0.022124361246824265,0.018140088766813278,0.0014588192570954561,0.0002525453455746174
6713,0.02391662821173668,0.016890110448002815,0.004559810273349285,0.0002466707373969257
6714,0.026073884218931198,0.01912480592727661,0.004169436637312174,0.00027796419453807175
6715,0.022769171744585037,0.016910802572965622,0.0035232815425843,0.00023350882111117244
6716,0.02144293487071991,0.01841803640127182,0.0006171209388412535,0.00024077791022136807
6717,0.02209756150841713,0.01800956204533577,0.0018768308218568563,0.00022111689031589776
6718,0.022564351558685303,0.017609689384698868,0.002705763792619109,0.0002248897944809869
6719,0.0222975742071867,0.018573300912976265,0.0013465490192174911,0.00023777235765010118
6720,0.02116663008928299,0.017474886029958725,0.0014130922500044107,0.00022786512272432446
6721,0.02168222889304161,0.018058540299534798,0.0011881645768880844,0.0002435524365864694
6722,0.022661343216896057,0.018043484538793564,0.0022680829279124737,0.0002349775459151715
6723,0.02185235358774662,0.01786205731332302,0.0016924922820180655,0.00022978043125476688
6724,0.020902451127767563,0.018018314614892006,0.0006759757525287569,0.0002208159421570599
6725,0.02098635584115982,0.018059110268950462,0.0007574400515295565,0.00021698055206798017
6726,0.02164429798722267,0.017890918999910355,0.0015493996907025576,0.00022039792384020984
6727,0.021786104887723923,0.018000314012169838,0.0015219750348478556,0.00022638158407062292
6728,0.021124878898262978,0.01802227459847927,0.0007265417370945215,0.0002376062038820237
6729,0.020931221544742584,0.017548663541674614,0.0010986282723024487,0.00022839287703391165
6730,0.02129478193819523,0.018214823678135872,0.0006872946978546679,0.0002392662427155301
6731,0.02125687710940838,0.017621411010622978,0.0013634272618219256,0.00022720398555975407
6732,0.020978378131985664,0.017904357984662056,0.0008032543119043112,0.0002270765253342688
6733,0.020802704617381096,0.01807383820414543,0.0004641219857148826,0.00022647435253020376
6734,0.020995236933231354,0.017489349469542503,0.001358596608042717,0.00021472916705533862
6735,0.021224431693553925,0.018276046961545944,0.0006359638646245003,0.00023124224389903247
6736,0.021014131605625153,0.017491232603788376,0.0012865079334005713,0.00022363914467860013
6737,0.020738981664180756,0.01791977323591709,0.000508831930346787,0.000231037731282413
6738,0.020644720643758774,0.01781843602657318,0.0005344165838323534,0.00022918677132111043
6739,0.02079048939049244,0.0175155196338892,0.0010492296423763037,0.00022257403179537505
6740,0.020969605073332787,0.018105683848261833,0.0005552624934352934,0.00023086594592314214
6741,0.020914698019623756,0.01742403954267502,0.0012890242505818605,0.00022016339062247425
6742,0.020770438015460968,0.01802912913262844,0.0004749147337861359,0.0002266393566969782
6743,0.0206227358430624,0.017554040998220444,0.0008792970329523087,0.00021893974917475134
6744,0.02057824283838272,0.01773138716816902,0.0005945870652794838,0.00022522702056448907
6745,0.020625920966267586,0.01775985024869442,0.0005818671779707074,0.00022842032194603235
6746,0.02068554237484932,0.01746622659265995,0.000968990963883698,0.00022503238869830966
6747,0.02074160799384117,0.017916059121489525,0.0005172376986593008,0.00023083116684574634
6748,0.020731251686811447,0.017341721802949905,0.0011937476228922606,0.00021957821445539594
6749,0.02071736939251423,0.017969608306884766,0.0004584003472700715,0.00022893604182172567
6750,0.020661866292357445,0.01734335348010063,0.0011349280830472708,0.00021835837105754763
6751,0.02060556225478649,0.0178875420242548,0.0004508768324740231,0.00022671431361231953
6752,0.020543383434414864,0.017401712015271187,0.0009511368116363883,0.00021905347239226103
6753,0.020492520183324814,0.017727406695485115,0.0005005816929042339,0.00022645322314929217
6754,0.020459312945604324,0.017491251230239868,0.0007315286202356219,0.00022365330369211733
6755,0.02044251561164856,0.017584433779120445,0.0006156265153549612,0.0002242455375380814
6756,0.02043755166232586,0.017570259049534798,0.0006352599011734128,0.0002232032420579344
6757,0.02043263241648674,0.017505791038274765,0.000711802626028657,0.00022150386939756572
6758,0.020423362031579018,0.01758943498134613,0.0005968739278614521,0.00022370538499671966
6759,0.020407622680068016,0.01747489720582962,0.000711014901753515,0.00022217104560695589
6760,0.020391298457980156,0.017533840611577034,0.0006137569434940815,0.000224370087380521
6761,0.020378349348902702,0.017468256875872612,0.0006626289105042815,0.0002247463708044961
6762,0.02037099003791809,0.017464620992541313,0.0006448243511840701,0.00022615460329689085
6763,0.020367342978715897,0.017470095306634903,0.0006311653996817768,0.00022660820104647428
6764,0.020364558324217796,0.017435917630791664,0.0006771531188860536,0.00022514870215673
6765,0.02036244422197342,0.01744033768773079,0.0006721953977830708,0.00022499107581097633
6766,0.02036522701382637,0.01746995560824871,0.000640189100522548,0.0002255083090858534
6767,0.020386401563882828,0.017332615330815315,0.0008110064663924277,0.00022427803196478635
6768,0.020467285066843033,0.01759534329175949,0.0005828582216054201,0.00022890834952704608
6769,0.02068803459405899,0.017083734273910522,0.0013886959059163928,0.0002215604908997193
6770,0.021414784714579582,0.017964715138077736,0.0010772949317470193,0.00023727744701318443
6771,0.023009419441223145,0.016548752784729004,0.004285212140530348,0.00021754535555373877
6772,0.02900429256260395,0.019097603857517242,0.007277972996234894,0.00026287150103598833
6773,0.03355857729911804,0.015647325664758682,0.015671558678150177,0.00022396931308321655
6774,0.05603582412004471,0.021427307277917862,0.03133167698979378,0.00032768392702564597
6775,0.02631441131234169,0.01613127999007702,0.007212470285594463,0.0002970662899315357
6776,0.025236990302801132,0.017671840265393257,0.004736724309623241,0.0002828426659107208
6777,0.041416019201278687,0.019260980188846588,0.018976271152496338,0.0003178768965881318
6778,0.02623342163860798,0.016953540965914726,0.006420507561415434,0.0002859372179955244
6779,0.020893285050988197,0.01730244979262352,0.0006842522416263819,0.000290658266749233
6780,0.025337664410471916,0.01838383637368679,0.004148843698203564,0.0002804984978865832
6781,0.025093648582696915,0.01725614070892334,0.005259883590042591,0.00025776244001463056
6782,0.022506138309836388,0.017676329240202904,0.0023445570841431618,0.00024852502974681556
6783,0.02232784405350685,0.0187700092792511,0.0009806721936911345,0.00025771631044335663
6784,0.02395802177488804,0.01672976091504097,0.004971805959939957,0.00022564551909454167
6785,0.023263754323124886,0.019107647240161896,0.0014375494793057442,0.000271855853497982
6786,0.021215183660387993,0.017755283042788506,0.0012077165301889181,0.00022521843493450433
6787,0.0231894813477993,0.01744452305138111,0.0031721722334623337,0.00025727867614477873
6788,0.022720813751220703,0.018681934103369713,0.001619853312149644,0.0002419025549897924
6789,0.021025698632001877,0.017972441390156746,0.000835851242300123,0.00022174074547365308
6790,0.023840803653001785,0.017597617581486702,0.004060069099068642,0.0002183117321692407
6791,0.023503191769123077,0.018451755866408348,0.002764606149867177,0.00022868294036015868
6792,0.021464630961418152,0.018642589449882507,0.0004908217233605683,0.0002331220603082329
6793,0.024455294013023376,0.01687399111688137,0.0054331813007593155,0.0002148121129721403
6794,0.023659104481339455,0.019083771854639053,0.001937061664648354,0.0002638271835166961
6795,0.021304596215486526,0.01803559809923172,0.0009103398770093918,0.00023586575116496533
6796,0.024896856397390366,0.01713971048593521,0.005163896828889847,0.00025932485004886985
6797,0.02331513538956642,0.01873880624771118,0.002050347626209259,0.00025259805261157453
6798,0.021511787548661232,0.018217751756310463,0.0009381120908074081,0.00023559245164506137
6799,0.02547754906117916,0.017181778326630592,0.005973459221422672,0.00023223110474646091
6800,0.02340947464108467,0.01855316571891308,0.00248826015740633,0.00023680478625465184
6801,0.021820127964019775,0.018653344362974167,0.0007889499538578093,0.00023778351896908134
6802,0.02563740685582161,0.016763843595981598,0.0066495127975940704,0.00022240499674808234
6803,0.023184090852737427,0.01889834739267826,0.0017496105283498764,0.00025361331063322723
6804,0.021868102252483368,0.018255291506648064,0.0012506763450801373,0.00023621329455636442
6805,0.02527778036892414,0.017105745151638985,0.005709390621632338,0.00024626438971608877
6806,0.022399727255105972,0.018513817340135574,0.0014838213101029396,0.0002402088575763628
6807,0.021886294707655907,0.018454210832715034,0.0010750108631327748,0.0002357073681196198
6808,0.024352697655558586,0.017158009111881256,0.004866074770689011,0.0002328613627469167
6809,0.021654022857546806,0.01830391027033329,0.0010546258417889476,0.00022954863379709423
6810,0.021825484931468964,0.018553441390395164,0.000899902603123337,0.0002372140297666192
6811,0.02319660782814026,0.017048804089426994,0.003933638799935579,0.00022141658701002598
6812,0.021117186173796654,0.018325019627809525,0.0004479987546801567,0.00023441662779077888
6813,0.02156074345111847,0.018180180341005325,0.0010787555947899818,0.00023018073989078403
6814,0.022136470302939415,0.017456037923693657,0.002424068981781602,0.0002256364095956087
6815,0.02075869031250477,0.017908543348312378,0.0006534872809424996,0.00021966609347146004
6816,0.02123955637216568,0.018347226083278656,0.0006265860283747315,0.00022657436784356833
6817,0.0213646050542593,0.01739833503961563,0.0018131491960957646,0.000215312116779387
6818,0.020565049722790718,0.017956485971808434,0.00043804949382320046,0.0002170514053432271
6819,0.020933395251631737,0.018123820424079895,0.0006150939734652638,0.00021944813488516957
6820,0.020965227857232094,0.017467522993683815,0.0013927207328379154,0.00021049848874099553
6821,0.02048763446509838,0.017879225313663483,0.00044493319001048803,0.0002163475874112919
6822,0.020687414333224297,0.017928574234247208,0.0005965181044302881,0.00021623229258693755
6823,0.02076444774866104,0.017549719661474228,0.0011072352062910795,0.0002107493783114478
6824,0.020450470969080925,0.01772969216108322,0.0006130895344540477,0.00021076890698168427
6825,0.02048463001847267,0.01792045123875141,0.00041145473369397223,0.00021527237549889833
6826,0.02062363550066948,0.01735920086503029,0.0011682880576699972,0.0002096146490657702
6827,0.020444033667445183,0.017861004918813705,0.0004141374956816435,0.00021688923879992217
6828,0.020327825099229813,0.017566602677106857,0.0006343077984638512,0.00021269153512548655
6829,0.020468497648835182,0.01745384745299816,0.0008806097903288901,0.00021340393868740648
6830,0.020456936210393906,0.017686834558844566,0.0006017734995111823,0.0002168326755054295
6831,0.020259441807866096,0.017515530809760094,0.0006007275660522282,0.0002143184101441875
6832,0.020273765549063683,0.01737508736550808,0.0007889226544648409,0.00021097552962601185
6833,0.020382743328809738,0.01770477369427681,0.0005169938667677343,0.00021609757095575333
6834,0.02029123529791832,0.01731475070118904,0.0008644027402624488,0.0002112082001985982
6835,0.020169764757156372,0.017496366053819656,0.0005312817520461977,0.0002142115554306656
6836,0.020182661712169647,0.017504572868347168,0.0005333071458153427,0.0002144782047253102
6837,0.02024581842124462,0.017264412716031075,0.0008680241880938411,0.0002113380905939266
6838,0.020228318870067596,0.01754838228225708,0.0005217347643338144,0.0002158202405553311
6839,0.020133040845394135,0.017285458743572235,0.0007289791246876121,0.0002118601551046595
6840,0.02009190432727337,0.01738525927066803,0.0005808546557091177,0.0002125791070284322
6841,0.020125750452280045,0.017397817224264145,0.0006054633995518088,0.00021224688680376858
6842,0.020154844969511032,0.017264526337385178,0.0007756486884318292,0.00021146712242625654
6843,0.02013673447072506,0.017387444153428078,0.0006100073223933578,0.00021392840426415205
6844,0.020075436681509018,0.0172720979899168,0.0006706300191581249,0.00021327080321498215
6845,0.020032469183206558,0.017258061096072197,0.0006455699913203716,0.0002128836786141619
6846,0.020029189065098763,0.0173429436981678,0.000537441810593009,0.00021488031779881567
6847,0.020050494000315666,0.017142169177532196,0.0007857050513848662,0.00021226196258794516
6848,0.020070824772119522,0.01738838665187359,0.000523106602486223,0.00021593317796941847
6849,0.02006480097770691,0.017078937962651253,0.0008756328606978059,0.00021102293976582587
6850,0.02004806511104107,0.017378350719809532,0.0005071175983175635,0.0002162596647394821
6851,0.02002282440662384,0.01704520545899868,0.0008585079340264201,0.00021191102860029787
6852,0.02001049928367138,0.017351822927594185,0.00047989794984459877,0.00021787788136862218
6853,0.020013676956295967,0.017004292458295822,0.0008842184906825423,0.0002125166793121025
6854,0.02003578096628189,0.017351986840367317,0.000488572521135211,0.00021952216047793627
6855,0.020074112340807915,0.016934677958488464,0.0010119002545252442,0.00021275343897286803
6856,0.02013220265507698,0.017406778410077095,0.0005033657653257251,0.00022220597020350397
6857,0.020214110612869263,0.01681130938231945,0.0012773724738508463,0.00021254281455185264
6858,0.020342227071523666,0.017533298581838608,0.0005365500692278147,0.00022723783331457525
6859,0.020538587123155594,0.01660221256315708,0.0018080936279147863,0.0002128280175384134
6860,0.020884070545434952,0.017780091613531113,0.0007308349595405161,0.00023731430701445788
6861,0.021432368084788322,0.0162601750344038,0.003020422300323844,0.00021517706045415252
6862,0.02251218631863594,0.018256211653351784,0.0016735438257455826,0.00025824300246313214
6863,0.024021001532673836,0.015718959271907806,0.006079011596739292,0.000222303147893399
6864,0.027472972869873047,0.019136253744363785,0.005329395644366741,0.0003007322666235268
6865,0.02996794693171978,0.015034355223178864,0.012481965124607086,0.00024516272242181003
6866,0.03724397346377373,0.020309830084443092,0.013269523158669472,0.00036646207445301116
6867,0.03318779915571213,0.014815926551818848,0.015698667615652084,0.000267320399871096
6868,0.03237070515751839,0.01992461085319519,0.008973449468612671,0.00034726457670331
6869,0.025082547217607498,0.015702752396464348,0.0071847629733383656,0.00021950322843622416
6870,0.02095029689371586,0.017873920500278473,0.0007383064948953688,0.00023380698985420167
6871,0.02041153609752655,0.017537888139486313,0.0006638172781094909,0.00022098302724771202
6872,0.022656992077827454,0.01609713025391102,0.004307578317821026,0.0002252285194117576
6873,0.02616037242114544,0.019053608179092407,0.004235976841300726,0.0002870786702260375
6874,0.02532256208360195,0.015707900747656822,0.007306132465600967,0.00023085283464752138
6875,0.023400217294692993,0.018686441704630852,0.002108158776536584,0.0002605616464279592
6876,0.02095373161137104,0.01685149036347866,0.002127321669831872,0.00019749192870222032
6877,0.02047235518693924,0.017149804159998894,0.0013586400309577584,0.00019639117817860097
6878,0.02177206426858902,0.018331017345190048,0.0011946798767894506,0.00022463662025984377
6879,0.022400498390197754,0.016256170347332954,0.00398004287853837,0.00021642846695613116
6880,0.022259868681430817,0.018340878188610077,0.0013572742464020848,0.00025617171195335686
6881,0.021223824471235275,0.016769107431173325,0.0023693302646279335,0.00020853872410953045
6882,0.02047588862478733,0.017365150153636932,0.0010596269275993109,0.00020511106413323432
6883,0.02059369720518589,0.01790284551680088,0.0006063749315217137,0.00020844773098360747
6884,0.020998405292630196,0.016693992540240288,0.0023120539262890816,0.00019923584477510303
6885,0.021320533007383347,0.018170036375522614,0.0009213808225467801,0.00022291147615760565
6886,0.021022990345954895,0.016878079622983932,0.002194745931774378,0.00019501657516229898
6887,0.020419374108314514,0.017468128353357315,0.0008457920048385859,0.0002105453168042004
6888,0.020129147917032242,0.017523178830742836,0.0004763395700138062,0.00021296295744832605
6889,0.020316865295171738,0.016805455088615417,0.0014089730102568865,0.00021024365560151637
6890,0.020693210884928703,0.017814651131629944,0.0006203481461852789,0.00022582108795177191
6891,0.020712504163384438,0.016838613897562027,0.0018527468200773,0.00020211424271110445
6892,0.02032490260899067,0.017528675496578217,0.0007157485815696418,0.00020804784435313195
6893,0.019953442737460136,0.017345959320664406,0.0006211866857483983,0.00019862965564243495
6894,0.01997041516005993,0.01701408252120018,0.0009806377347558737,0.00019756940309889615
6895,0.020248983055353165,0.017651589587330818,0.0004691093636211008,0.00021282843954395503
6896,0.02038918435573578,0.01679396443068981,0.001546473358757794,0.00020487465371843427
6897,0.020211288705468178,0.01746862567961216,0.0005385314580053091,0.00022041320335119963
6898,0.019898341968655586,0.01705336570739746,0.0007783650071360171,0.00020666107593569905
6899,0.01979212462902069,0.017072180286049843,0.0006757612572982907,0.00020441832020878792
6900,0.01993345282971859,0.01745101809501648,0.00040677026845514774,0.00020756645244546235
6901,0.02009890042245388,0.01683642715215683,0.0012741308892145753,0.0001988341537071392
6902,0.0200906191021204,0.01750091090798378,0.0004842151829507202,0.00021054934768471867
6903,0.019901350140571594,0.016897963359951973,0.0010055545717477798,0.00019978331692982465
6904,0.019737297669053078,0.017192235216498375,0.00047013163566589355,0.00020749308168888092
6905,0.01972973719239235,0.01714651845395565,0.0004856910672970116,0.00020975283405277878
6906,0.01982695609331131,0.016879746690392494,0.0008796644397079945,0.00020675460109487176
6907,0.01989990472793579,0.01731160096824169,0.00045566214248538017,0.00021326403657440096
6908,0.0198578629642725,0.016826314851641655,0.0010222085984423757,0.0002009339805226773
6909,0.01975155621767044,0.017252225428819656,0.0004389279056340456,0.00020604014571290463
6910,0.019683441147208214,0.016966955736279488,0.0006981489714235067,0.00020183362357784063
6911,0.019696500152349472,0.017047153785824776,0.0006049732910469174,0.0002044372959062457
6912,0.019756022840738297,0.017061801627278328,0.0006239868234843016,0.00020702341862488538
6913,0.019796833395957947,0.016932301223278046,0.0007986018317751586,0.00020659295842051506
6914,0.01978226751089096,0.017004292458295822,0.0006914204568602145,0.00020865532860625535
6915,0.019758330658078194,0.017036478966474533,0.0006342653650790453,0.00020875848713330925
6916,0.01976761221885681,0.01680651120841503,0.0009250834118574858,0.0002036017831414938
6917,0.019884364679455757,0.017268290743231773,0.000512138067279011,0.000210393569432199
6918,0.020085671916604042,0.016535038128495216,0.0015499114524573088,0.00020007233251817524
6919,0.020550094544887543,0.017537517473101616,0.0008300446206703782,0.00021825327712576836
6920,0.021142475306987762,0.016235675662755966,0.002900963881984353,0.0002005834976444021
6921,0.02295449748635292,0.01794736459851265,0.002712084213271737,0.0002295049198437482
6922,0.024308325722813606,0.015882091596722603,0.006420085206627846,0.00020061482791788876
6923,0.030026724562048912,0.01868782564997673,0.008896691724658012,0.00024422071874141693
6924,0.02738727629184723,0.015706274658441544,0.00959693267941475,0.00020840698562096804
6925,0.030054330825805664,0.018767155706882477,0.008875087834894657,0.00024120892339851707
6926,0.022912828251719475,0.016078738495707512,0.004748200066387653,0.00020858882635366172
6927,0.020122738555073738,0.017419133335351944,0.0004941349034197628,0.0002209469530498609
6928,0.0199978519231081,0.01700006239116192,0.0008203384932130575,0.00021774500783067197
6929,0.021747291088104248,0.01637881249189377,0.0031854109838604927,0.00021830684272572398
6930,0.024342041462659836,0.017936814576387405,0.003947849851101637,0.000245737552177161
6931,0.022004930302500725,0.0162536408752203,0.003622316522523761,0.00021289734286256135
6932,0.02035786211490631,0.01759399101138115,0.0006257860804907978,0.00021380848193075508
6933,0.019907090812921524,0.016946855932474136,0.0010107276029884815,0.00019495082960929722
6934,0.0209564957767725,0.01694369502365589,0.001989484764635563,0.00020233156101312488
6935,0.021948441863059998,0.01753672957420349,0.0022958761546760798,0.00021158369781915098
6936,0.020520206540822983,0.01684737205505371,0.0015855280216783285,0.00020873062021564692
6937,0.019668016582727432,0.01698737032711506,0.0006089496309868991,0.00020716979634016752
6938,0.020119406282901764,0.017339611425995827,0.0006495298584923148,0.00021302652021404356
6939,0.020666174590587616,0.016740303486585617,0.0018954286351799965,0.0002030444156844169
6940,0.020612850785255432,0.01739288866519928,0.001154520781710744,0.00020654406398534775
6941,0.01984957419335842,0.017135875299572945,0.0007403332274407148,0.00019733661611098796
6942,0.019864341244101524,0.016773872077465057,0.0011746925301849842,0.000191577710211277
6943,0.020418161526322365,0.01761907897889614,0.0006813301588408649,0.00021177527378313243
6944,0.02028527483344078,0.01656893454492092,0.0016651328187435865,0.0002051207993645221
6945,0.01984022743999958,0.017297644168138504,0.0003835728857666254,0.0002159011346520856
6946,0.01963217556476593,0.016947541385889053,0.0005930699408054352,0.00020915651111863554
6947,0.019878007471561432,0.016788111999630928,0.001036544912494719,0.00020533494534902275
6948,0.020122095942497253,0.017340492457151413,0.0006731431931257248,0.00021084594482090324
6949,0.019856303930282593,0.016740718856453896,0.0011284665670245886,0.00019871193217113614
6950,0.01961010880768299,0.017156066372990608,0.0004290707875043154,0.00020249714725650847
6951,0.01964070461690426,0.016977151855826378,0.0006532504921779037,0.00020103019778616726
6952,0.01982870325446129,0.016867224127054214,0.0009155658190138638,0.00020459137158468366
6953,0.019909599795937538,0.01705840975046158,0.0007505380199290812,0.00021006516180932522
6954,0.019720394164323807,0.016847820952534676,0.0007960356888361275,0.00020765374938491732
6955,0.019550351426005363,0.016858045011758804,0.0006374050863087177,0.00020549024338833988
6956,0.019533663988113403,0.01704639568924904,0.0004176232614554465,0.0002069645415758714
6957,0.019628971815109253,0.016695329919457436,0.0009306285064667463,0.0002003013069042936
6958,0.019708652049303055,0.017137862741947174,0.0005151228397153318,0.00020556671370286494
6959,0.019646255299448967,0.016677821055054665,0.0009807581081986427,0.00019876759324688464
6960,0.01954224333167076,0.01699289120733738,0.00048762070946395397,0.0002061732957372442
6961,0.01944793574512005,0.016774890944361687,0.0006197189213708043,0.0002053325588349253
6962,0.019423935562372208,0.016776088625192642,0.0005874406779184937,0.00020604061137419194
6963,0.01946159079670906,0.01690462976694107,0.00047999873640947044,0.00020769638649653643
6964,0.01951260305941105,0.0166398286819458,0.0008468707092106342,0.00020259041048120707
6965,0.019558914005756378,0.01699814200401306,0.0004943115636706352,0.0002066459128400311
6966,0.019554052501916885,0.01658126711845398,0.0009814789518713951,0.00019913060532417148
6967,0.019547099247574806,0.017010822892189026,0.00047962841927073896,0.000205664720851928
6968,0.019511237740516663,0.016536381095647812,0.000980904558673501,0.00019939524645451456
6969,0.01949489861726761,0.01698506996035576,0.0004261138092260808,0.00020837153715547174
6970,0.019478177651762962,0.016483033075928688,0.000977316522039473,0.00020178275008220226
6971,0.01948540098965168,0.016981057822704315,0.0004020233463961631,0.000210231970413588
6972,0.019502349197864532,0.01641983911395073,0.0010727045591920614,0.0002009805612033233
6973,0.019547251984477043,0.01703137531876564,0.0004044984234496951,0.00021113795810379088
6974,0.019611433148384094,0.01632026955485344,0.001287677325308323,0.0002003487606998533
6975,0.019738439470529556,0.017136525362730026,0.00045647943625226617,0.00021454336820170283
6976,0.019925329834222794,0.016133097931742668,0.0017907160799950361,0.00020015168411191553
6977,0.02034088224172592,0.017352987080812454,0.0007571512833237648,0.00022307438484858721
6978,0.0209316648542881,0.015815487131476402,0.0030919716227799654,0.0002024204732151702
6979,0.02251090295612812,0.017835091799497604,0.0022815305273979902,0.00023942806001286954
6980,0.02409081906080246,0.015318427234888077,0.006723112426698208,0.00020492784096859396
6981,0.029475171118974686,0.018775854259729385,0.007991433143615723,0.0002707884123083204
6982,0.02921939641237259,0.014837320894002914,0.012114034965634346,0.0002268039679620415
6983,0.03521043807268143,0.019490521401166916,0.012666943483054638,0.0003052972024306655
6984,0.0274330023676157,0.014931957237422466,0.010110858827829361,0.00023901848180685192
6985,0.024617942050099373,0.01834971457719803,0.0033689914271235466,0.00028992348234169185
6986,0.023136502131819725,0.015768535435199738,0.005150377284735441,0.00022175883350428194
6987,0.023678051307797432,0.017103534191846848,0.0040368009358644485,0.00025377163547091186
6988,0.025106502696871758,0.016973193734884262,0.005708239506930113,0.00024250683782156557
6989,0.02275792881846428,0.01647651568055153,0.004130109678953886,0.000215130319702439
6990,0.02087666280567646,0.01728561706840992,0.0015133330598473549,0.00020777115423697978
6991,0.01954086497426033,0.016597414389252663,0.0010757750133052468,0.00018676769104786217
6992,0.02054312266409397,0.017056990414857864,0.0014895964413881302,0.0001996536593651399
6993,0.02242089807987213,0.016954854130744934,0.003409787081182003,0.000205625532544218
6994,0.022076329216361046,0.01706843636929989,0.0027951733209192753,0.00022127201373223215
6995,0.02091139368712902,0.016523802652955055,0.0023418953642249107,0.00020456971833482385
6996,0.020108040422201157,0.017396988347172737,0.0005227174842730165,0.00021883334557060152
6997,0.02025485970079899,0.016270959749817848,0.0020153846126049757,0.0001968515571206808
6998,0.02064330317080021,0.017469419166445732,0.001118199434131384,0.0002055683871731162
6999,0.01997721567749977,0.01673918217420578,0.0013494512531906366,0.0001888581900857389
7000,0.019645273685455322,0.01671070232987404,0.0010469871340319514,0.00018875843670684844
7001,0.02001717872917652,0.017473004758358,0.00047034246381372213,0.00020738322928082198
7002,0.020491549745202065,0.01614166423678398,0.0023861988447606564,0.00019636854995042086
7003,0.0205319132655859,0.017585141584277153,0.0007329895161092281,0.00022137815540190786
7004,0.01983383484184742,0.01631784439086914,0.0015274990582838655,0.0001988490403164178
7005,0.01944074220955372,0.016970694065093994,0.00042333276360295713,0.00020467161084525287
7006,0.019546426832675934,0.016957055777311325,0.0005894046043977141,0.00019999673531856388
7007,0.01972176507115364,0.016495686024427414,0.0013153009349480271,0.00019107777916360646
7008,0.019761323928833008,0.017259452491998672,0.0004808160592801869,0.0002021056425292045
7009,0.01957763358950615,0.01642414554953575,0.0012429587077349424,0.000191053026355803
7010,0.019541282206773758,0.017049824818968773,0.00045451713958755136,0.00020369399862829596
7011,0.01965007372200489,0.01660582795739174,0.0010520730866119266,0.0001992174074985087
7012,0.01970510184764862,0.01677500642836094,0.0008924726280383766,0.00020376229076646268
7013,0.019610196352005005,0.01674799434840679,0.0008453908376395702,0.00020168113405816257
7014,0.019370187073946,0.016670336946845055,0.0007197598461061716,0.00019800913287326694
7015,0.019211236387491226,0.016748838126659393,0.0004953789757564664,0.00019670190522447228
7016,0.019210442900657654,0.016679665073752403,0.0005804022075608373,0.00019503750081639737
7017,0.019323498010635376,0.016702871769666672,0.0006570574478246272,0.00019635686476249248
7018,0.019446784630417824,0.016664497554302216,0.0007990708108991385,0.0001983215770451352
7019,0.019472934305667877,0.016667969524860382,0.0008068203460425138,0.00019981441437266767
7020,0.01942416839301586,0.01660526730120182,0.0008214388508349657,0.0001997460931306705
7021,0.019307313486933708,0.016660351306200027,0.000642116297967732,0.00020048448641318828
7022,0.019197532907128334,0.01656101830303669,0.000660669757053256,0.00019758455164264888
7023,0.019126135855913162,0.01665838249027729,0.0004884747904725373,0.00019792793318629265
7024,0.019107311964035034,0.01654377393424511,0.0006095013814046979,0.0001954035396920517
7025,0.019133470952510834,0.016638722270727158,0.0005246479995548725,0.00019701015844475478
7026,0.01918426901102066,0.016518540680408478,0.0007078701164573431,0.00019578584760893136
7027,0.019253715872764587,0.01662752404808998,0.0006378780817613006,0.00019883134518750012
7028,0.019314752891659737,0.016453247517347336,0.000895649311132729,0.00019658554811030626
7029,0.01941775158047676,0.016678079962730408,0.0007308194180950522,0.00020088512974325567
7030,0.019513608887791634,0.016319654881954193,0.0012402657885104418,0.0001953688042704016
7031,0.019783593714237213,0.01683833822607994,0.0009070022497326136,0.0002038254024228081
7032,0.020064469426870346,0.016081778332591057,0.002053718315437436,0.0001928971178131178
7033,0.020977754145860672,0.017171066254377365,0.0016934212762862444,0.0002113265945808962
7034,0.021723676472902298,0.015704825520515442,0.004103136248886585,0.000191571656614542
7035,0.02458682283759117,0.017775364220142365,0.004537009634077549,0.00022744506713934243
7036,0.025028444826602936,0.015258600935339928,0.0077977958135306835,0.0001972048485185951
7037,0.02993708848953247,0.018480191007256508,0.008961591869592667,0.0002495306252967566
7038,0.025660492479801178,0.015092072077095509,0.008453250862658024,0.00021151694818399847
7039,0.025226537138223648,0.018194470554590225,0.0045127649791538715,0.0002519302652217448
7040,0.02208331972360611,0.015383386984467506,0.004630624316632748,0.00020693086844403297
7041,0.02120681293308735,0.017332110553979874,0.0014167019398882985,0.00024580012541264296
7042,0.021711794659495354,0.01604536920785904,0.003432953730225563,0.0002233472332591191
7043,0.022636400535702705,0.016719890758395195,0.0035877013579010963,0.00023288068769033998
7044,0.023341607302427292,0.0166606642305851,0.00444938475266099,0.00022315591922961175
7045,0.021573975682258606,0.016605950891971588,0.0029181602876633406,0.0002049864415312186
7046,0.019999833777546883,0.016638314351439476,0.0014438638463616371,0.00019176542991772294
7047,0.019149523228406906,0.016830280423164368,0.0004246425232850015,0.00018946001364383847
7048,0.019550664350390434,0.016402345150709152,0.001281531061977148,0.000186678851605393
7049,0.020486997440457344,0.01694931834936142,0.0015336330980062485,0.00020040464005433023
7050,0.020390765741467476,0.016489865258336067,0.0018885200843214989,0.00020123805734328926
7051,0.020012065768241882,0.01651264727115631,0.001487081404775381,0.00020123369176872075
7052,0.019667644053697586,0.016972793266177177,0.0006246670964173973,0.00020701822359114885
7053,0.019857341423630714,0.016032250598073006,0.0019166527781635523,0.0001908438716782257
7054,0.020324349403381348,0.017407959327101707,0.0008323290385305882,0.0002084061998175457
7055,0.02018502913415432,0.01594810001552105,0.002368023619055748,0.00018689059652388096
7056,0.019813060760498047,0.017202362418174744,0.000560809567105025,0.00020498904632404447
7057,0.019269581884145737,0.01624494418501854,0.0011058676755055785,0.00019187711586710066
7058,0.019116787239909172,0.016612503677606583,0.0004982780665159225,0.00020060062524862587
7059,0.019293831661343575,0.016687536612153053,0.000581634696573019,0.00020246596250217408
7060,0.01943054422736168,0.01623797044157982,0.001253932830877602,0.00019386407802812755
7061,0.019460411742329597,0.016912318766117096,0.000530764926224947,0.00020173277880530804
7062,0.019266415387392044,0.01621042564511299,0.001173006952740252,0.00018829839245881885
7063,0.019162332639098167,0.016835892572999,0.0003657733032014221,0.00019606675778049976
7064,0.019199451431632042,0.016323383897542953,0.0009746573050506413,0.00019014108693227172
7065,0.01933341845870018,0.016643546521663666,0.0007038775947876275,0.00019859947497025132
7066,0.01944745145738125,0.016391634941101074,0.001074251951649785,0.000198156398255378
7067,0.01942327432334423,0.016525283455848694,0.0008764564990997314,0.00020215341646689922
7068,0.019310902804136276,0.016382455825805664,0.0009466764167882502,0.00019817703287117183
7069,0.019137533381581306,0.016530539840459824,0.0006295406492426991,0.00019774530665017664
7070,0.019000425934791565,0.01634492725133896,0.0007324456237256527,0.00019230516045354307
7071,0.018931200727820396,0.016567256301641464,0.00042202515760436654,0.00019419187447056174
7072,0.018929384648799896,0.01628582552075386,0.0007391119142994285,0.00019044462533202022
7073,0.018978137522935867,0.01656055822968483,0.0004491276340559125,0.00019684500875882804
7074,0.019040873274207115,0.016218610107898712,0.0008854114566929638,0.00019368519133422524
7075,0.019133690744638443,0.016550835222005844,0.0005802573869004846,0.00020025987760163844
7076,0.019188806414604187,0.01616613008081913,0.001084701856598258,0.0001937974593602121
7077,0.019305363297462463,0.016596173867583275,0.0007168580777943134,0.0001992332108784467
7078,0.019364289939403534,0.016098152846097946,0.001364856492727995,0.00019012800476048142
7079,0.019588958472013474,0.016712121665477753,0.0008858818910084665,0.00019909543334506452
7080,0.019746197387576103,0.015935847535729408,0.0019342985469847918,0.00018760505190584809
7081,0.02036275342106819,0.016931960359215736,0.0013759196735918522,0.00020548739121295512
7082,0.02080327831208706,0.015636473894119263,0.0032836133614182472,0.00018831923080142587
7083,0.0225644800812006,0.01736660860478878,0.003009570762515068,0.00021883002773392946
7084,0.02314683236181736,0.015230760909616947,0.00599670922383666,0.00019193619664292783
7085,0.02675379067659378,0.018018273636698723,0.006334787700325251,0.0002400730736553669
7086,0.025318099185824394,0.014894921332597733,0.008368384093046188,0.0002054793294519186
7087,0.027419336140155792,0.01831704191863537,0.0064805978909134865,0.00026216954574920237
7088,0.02462475188076496,0.01482873409986496,0.007616240531206131,0.00021797770750708878
7089,0.02432730235159397,0.01793515868484974,0.003562681144103408,0.00028294630465097725
7090,0.02431737631559372,0.015084112994372845,0.006896007806062698,0.00023372547002509236
7091,0.025135766714811325,0.01746281608939171,0.00475194351747632,0.0002921006816904992
7092,0.025286441668868065,0.01564285345375538,0.0072366101667284966,0.0002406979474471882
7093,0.024013860151171684,0.016997775062918663,0.004563929513096809,0.00024521551677025855
7094,0.021860912442207336,0.01630956120789051,0.003544249339029193,0.0002007103175856173
7095,0.019591450691223145,0.01647672988474369,0.0012931257952004671,0.00018215937598142773
7096,0.019002214074134827,0.016803260892629623,0.0003507349465508014,0.0001848218817031011
7097,0.019984740763902664,0.01609685644507408,0.00200176564976573,0.0001886118989204988
7098,0.021392647176980972,0.01700625754892826,0.00219119805842638,0.00021951913367956877
7099,0.02186703495681286,0.016018737107515335,0.003793579526245594,0.0002054718934232369
7100,0.020932555198669434,0.016851674765348434,0.0019439976895228028,0.0002136882540071383
7101,0.019549641758203506,0.016265228390693665,0.0013664718717336655,0.00019179416995029896
7102,0.01881887950003147,0.016490429639816284,0.0004917412297800183,0.00018367072334513068
7103,0.019142061471939087,0.016654714941978455,0.0006249880534596741,0.00018623590585775673
7104,0.01995665580034256,0.01619539223611355,0.0018571082036942244,0.0001904155797092244
7105,0.02037671022117138,0.01679038256406784,0.0015186388045549393,0.00020676890562754124
7106,0.020048649981617928,0.016127578914165497,0.001957009546458721,0.00019640607933979481
7107,0.019295677542686462,0.016561057418584824,0.0007479424239136279,0.00019866778166033328
7108,0.01879783347249031,0.016354257240891457,0.0005222312756814063,0.00019213451014366
7109,0.01886007934808731,0.016255982220172882,0.0007201375556178391,0.00018839590484276414
7110,0.01926904171705246,0.01663273200392723,0.0007089705904945731,0.0001927339326357469
7111,0.019565455615520477,0.01614520139992237,0.001544408849440515,0.0001875846355687827
7112,0.019481975585222244,0.01660282164812088,0.0009576247539371252,0.00019215286010876298
7113,0.01914854161441326,0.01627832092344761,0.0009819574188441038,0.00018882636504713446
7114,0.01885637454688549,0.016257407143712044,0.0007277042022906244,0.00018712636665441096
7115,0.01883733458817005,0.01655033975839615,0.00034137460170313716,0.00019456211884971708
7116,0.01901920698583126,0.015925006940960884,0.0012163894716650248,0.00018778108642436564
7117,0.019214138388633728,0.01675613969564438,0.00044136823271401227,0.00020166310423519462
7118,0.019237471744418144,0.01582205854356289,0.00154581677634269,0.00018695967446547002
7119,0.019129743799567223,0.016738280653953552,0.00041374366264790297,0.00019777193665504456
7120,0.019002273678779602,0.015890786424279213,0.0012700266670435667,0.00018414607620798051
7121,0.019073044881224632,0.016593335196375847,0.0005321103380993009,0.00019475992303341627
7122,0.01933128759264946,0.015940291807055473,0.0015400192933157086,0.00018509765504859388
7123,0.020066536962985992,0.01662035472691059,0.0014626221964135766,0.00019835596322081983
7124,0.020801352337002754,0.015773368999361992,0.0031808936037123203,0.0001847089733928442
7125,0.02311556786298752,0.017090879380702972,0.003961457405239344,0.0002063231950160116
7126,0.024047864601016045,0.015320707112550735,0.00690259225666523,0.0001824565406423062
7127,0.029676759615540504,0.017983295023441315,0.009425788186490536,0.0002267676027258858
7128,0.026217959821224213,0.014947616495192051,0.009292740374803543,0.0001977603096747771
7129,0.027817154303193092,0.01812201365828514,0.007307105697691441,0.00023880356457084417
7130,0.0225293580442667,0.015088171698153019,0.005465589463710785,0.00019755985704250634
7131,0.020402908325195312,0.017130032181739807,0.0010005476651713252,0.0002272329293191433
7132,0.019780803471803665,0.015857549384236336,0.0018932141829282045,0.00020300387404859066
7133,0.020425427705049515,0.016124935820698738,0.0022424240596592426,0.00020580684940796345
7134,0.02166927419602871,0.016848916187882423,0.0026576314121484756,0.0002162725868402049
7135,0.020686697214841843,0.01565541885793209,0.0031328408513218164,0.00018984370399266481
7136,0.020067788660526276,0.017114384099841118,0.0009286783169955015,0.0002024727000389248
7137,0.019606463611125946,0.015830298885703087,0.0019554325845092535,0.00018207319953944534
7138,0.02015749365091324,0.01675603725016117,0.0013857129961252213,0.00020157425024081022
7139,0.020801229402422905,0.016283752396702766,0.0025779884308576584,0.00019394878472667187
7140,0.02023727260529995,0.016389869153499603,0.0018593156710267067,0.0001988089206861332
7141,0.019274752587080002,0.016346443444490433,0.0009930679807439446,0.0001935241452883929
7142,0.01868334785103798,0.01633640006184578,0.00045381271047517657,0.00018931343220174313
7143,0.018998747691512108,0.016312234103679657,0.0008267077500931919,0.00018598066526465118
7144,0.01967541128396988,0.01641862653195858,0.001369883306324482,0.00018869007180910558
7145,0.01975911483168602,0.016460509970784187,0.0014306530356407166,0.0001867950923042372
7146,0.019436661154031754,0.01618158258497715,0.0014153480296954513,0.000183973039384
7147,0.01906144805252552,0.01664954051375389,0.00046767794992774725,0.00019442284246906638
7148,0.019008101895451546,0.015895245596766472,0.001246198546141386,0.000186665725777857
7149,0.01917385123670101,0.016675282269716263,0.000494179199449718,0.00020043901167809963
7150,0.01909813843667507,0.015949876978993416,0.0012643603840842843,0.00018839015683624893
7151,0.018933076411485672,0.016405781731009483,0.0006001346046105027,0.000192716033780016
7152,0.01872299611568451,0.016297003254294395,0.0005552428192459047,0.00018707486742641777
7153,0.01871207170188427,0.016046475619077682,0.0008410289301536977,0.00018245672981720418
7154,0.018878361210227013,0.016613399609923363,0.0003566720406524837,0.00019082886865362525
7155,0.01903044432401657,0.015814434736967087,0.0014028837904334068,0.00018131243996322155
7156,0.019122596830129623,0.016657505184412003,0.0004944317042827606,0.00019706596503965557
7157,0.018966007977724075,0.01579236052930355,0.0013160170055925846,0.000185763172339648
7158,0.018796872347593307,0.01647312007844448,0.0003598910116124898,0.00019638602680061013
7159,0.01861964538693428,0.01595216430723667,0.0007982478127814829,0.00018692330922931433
7160,0.018531866371631622,0.01623690314590931,0.0004041222855448723,0.00018908422498498112
7161,0.018528001382946968,0.01616579480469227,0.0004951015580445528,0.0001867105020210147
7162,0.018577707931399345,0.01602337695658207,0.0007143709808588028,0.00018399592954665422
7163,0.018661033362150192,0.016329022124409676,0.00043212820310145617,0.00018998823361471295
7164,0.018735148012638092,0.015830714255571365,0.0010647695744410157,0.00018396644736640155
7165,0.018858162686228752,0.01644386723637581,0.0004601749242283404,0.00019541196525096893
7166,0.01894604042172432,0.015661340206861496,0.0014362919609993696,0.0001848409592639655
7167,0.019151771441102028,0.016571611166000366,0.0005827838322147727,0.00019973759481217712
7168,0.019305776804685593,0.015504689887166023,0.0019655809737741947,0.00018355067004449666
7169,0.01974545232951641,0.0167623870074749,0.0009517562575638294,0.00020313092682044953
7170,0.02008718252182007,0.01530364714562893,0.0029639448039233685,0.00018195895245298743
7171,0.02121969498693943,0.01706659235060215,0.002037828555330634,0.00021152733825147152
7172,0.021863076835870743,0.015007687732577324,0.0050101871602237225,0.0001845201913965866
7173,0.024616220965981483,0.017546840012073517,0.004783014301210642,0.00022863669437356293
7174,0.024498822167515755,0.014698326587677002,0.007857047021389008,0.00019434480054769665
7175,0.027899354696273804,0.017972296103835106,0.007456574589014053,0.00024704847601242363
7176,0.024480899795889854,0.014650183729827404,0.007786913774907589,0.00020438022329472005
7177,0.023829981684684753,0.01762152835726738,0.0037723793648183346,0.0002436073700664565
7178,0.021284155547618866,0.014995664358139038,0.004314245656132698,0.00019742449512705207
7179,0.020214827731251717,0.016822177916765213,0.0011396030895411968,0.00022530464048031718
7180,0.020008260384202003,0.015652470290660858,0.002310962649062276,0.0002044826396740973
7181,0.02025878056883812,0.016141975298523903,0.002077256329357624,0.00020395488536451012
7182,0.020609963685274124,0.016328630968928337,0.0022606472484767437,0.00020206852059345692
7183,0.019859662279486656,0.015805687755346298,0.0022306262981146574,0.0001823349011829123
7184,0.019288916140794754,0.01658652164041996,0.000823965179733932,0.00018784291751217097
7185,0.018770603463053703,0.0157945454120636,0.0012069670483469963,0.00017690907407086343
7186,0.01896025612950325,0.016447151079773903,0.0005961003480479121,0.00019170048472005874
7187,0.019576122984290123,0.01592574454843998,0.0017597128171473742,0.0001890664716484025
7188,0.020001141354441643,0.01628587394952774,0.001715302001684904,0.00019999641517642885
7189,0.02001320756971836,0.015964852645993233,0.002087789122015238,0.00019605655688792467
7190,0.019455205649137497,0.016299240291118622,0.0012136216973885894,0.0001942343224072829
7191,0.01889057643711567,0.015893660485744476,0.001157255843281746,0.00018396608356852084
7192,0.018596038222312927,0.01639382168650627,0.00035194665542803705,0.00018502706370782107
7193,0.018629686906933784,0.015844600275158882,0.0010199182434007525,0.00017651694361120462
7194,0.01885327324271202,0.01636064611375332,0.000623500847723335,0.0001869126281235367
7195,0.01891809143126011,0.01588246040046215,0.0011957192327827215,0.00018399111286271363
7196,0.01890851929783821,0.01613936759531498,0.000855280552059412,0.00019138716743327677
7197,0.01871630921959877,0.01604066602885723,0.0007743514142930508,0.00019012905249837786
7198,0.018567288294434547,0.01588469184935093,0.0008140349527820945,0.00018685602117329836
7199,0.018515747040510178,0.0162569060921669,0.00036330358125269413,0.0001895538589451462
7200,0.018572526052594185,0.015712399035692215,0.0010561631061136723,0.0001803963677957654
7201,0.018714502453804016,0.01640385203063488,0.0004109383444301784,0.00018997119332198054
7202,0.01882672868669033,0.01559373363852501,0.0014435137854889035,0.00017894803022500128
7203,0.019000742584466934,0.01643899269402027,0.0006178469629958272,0.00019439028983470052
7204,0.018991734832525253,0.015518790110945702,0.001649683341383934,0.00018232609727419913
7205,0.019088678061962128,0.016426075249910355,0.0006908989162184298,0.00019717040413524956
7206,0.018988866358995438,0.015488982200622559,0.0016806034836918116,0.0001819280005292967
7207,0.019045021384954453,0.016432160511612892,0.0006580553599633276,0.00019548046111594886
7208,0.018975932151079178,0.015458319336175919,0.0017170831561088562,0.00018005289894063026
7209,0.01909659057855606,0.016475344076752663,0.0006628372939303517,0.00019584089750424027
7210,0.01913674734532833,0.015358971431851387,0.001971061807125807,0.00018067139899358153
7211,0.01944783329963684,0.016579564660787582,0.0008489987812936306,0.0002019270323216915
7212,0.01967032253742218,0.015174581669270992,0.002659248886629939,0.0001836490846471861
7213,0.020433368161320686,0.016811158508062363,0.001504262094385922,0.00021179461327847093
7214,0.020921221002936363,0.014918726868927479,0.00414464483037591,0.00018578488379716873
7215,0.02266588807106018,0.017220620065927505,0.003194394987076521,0.00022508730762638152
7216,0.023117322474718094,0.014623682014644146,0.006576736457645893,0.00019169037113897502
7217,0.025985028594732285,0.01770632155239582,0.0058351848274469376,0.0002443522389512509
7218,0.024828314781188965,0.014421463944017887,0.008380405604839325,0.00020264467457309365
7219,0.02626252919435501,0.01782500371336937,0.005863020196557045,0.00025745047605596483
7220,0.023615719750523567,0.014510232955217361,0.00704511534422636,0.00020603698794730008
7221,0.022472431883215904,0.01731235533952713,0.0026827119290828705,0.0002477365196682513
7222,0.02095762826502323,0.014969324693083763,0.003988287411630154,0.0002000016684178263
7223,0.020153844729065895,0.01656155474483967,0.001411561737768352,0.0002180729352403432
7224,0.019799290224909782,0.01569484733045101,0.00214329082518816,0.00019611511379480362
7225,0.019614068791270256,0.01591070368885994,0.001837054151110351,0.0001866310485638678
7226,0.019661953672766685,0.016364142298698425,0.0014079941902309656,0.00018898170674219728
7227,0.01921333558857441,0.015530195087194443,0.0019488506950438023,0.0001734290854074061
7228,0.019106661900877953,0.016613759100437164,0.0005909549072384834,0.00019019487081095576
7229,0.019091704860329628,0.015446917153894901,0.0018528064247220755,0.00017919814854394644
7230,0.019356973469257355,0.01648324728012085,0.00086779153207317,0.00020059346570633352
7231,0.019634556025266647,0.015589962713420391,0.002143237041309476,0.00019013571727555245
7232,0.01968047395348549,0.016234127804636955,0.0014676053542643785,0.0001978740910999477
7233,0.01943410374224186,0.0158240906894207,0.0017201787559315562,0.0001889833656605333
7234,0.018907608464360237,0.016019277274608612,0.0010642223060131073,0.00018241086218040437
7235,0.018471304327249527,0.01602051593363285,0.0006553753628395498,0.00017954129725694656
7236,0.018248900771141052,0.015849076211452484,0.0006463133613578975,0.00017535117513034493
7237,0.01831493340432644,0.01611143723130226,0.00038459227653220296,0.0001818903983803466
7238,0.018557865172624588,0.015719586983323097,0.0010179330129176378,0.00018203452054876834
7239,0.01880864053964615,0.016107803210616112,0.0007858193130232394,0.00019150174921378493
7240,0.018935419619083405,0.01568380743265152,0.0013736407272517681,0.00018779710808303207
7241,0.01887390948832035,0.01605132222175598,0.0009238923666998744,0.00018986956274602562
7242,0.01869426667690277,0.015764789655804634,0.001094746752642095,0.00018347296281717718
7243,0.018455693498253822,0.015933597460389137,0.0007172496989369392,0.00018048450874630362
7244,0.018275346606969833,0.015900345519185066,0.0005785576649941504,0.00017964438302442431
7245,0.018184388056397438,0.01574324630200863,0.0006654973258264363,0.00017756455054040998
7246,0.018199319019913673,0.01601654291152954,0.00033515880932100117,0.00018476168042980134
7247,0.018279341980814934,0.01554639358073473,0.000919077021535486,0.00018138714949600399
7248,0.018382921814918518,0.016108058393001556,0.0003557222371455282,0.00019191416504327208
7249,0.018463997170329094,0.01542048528790474,0.001218936056829989,0.00018245767569169402
7250,0.01851789839565754,0.016185490414500237,0.0004047271213494241,0.00019276811508461833
7251,0.018543830141425133,0.015350938774645329,0.0013974171597510576,0.0001795474236132577
7252,0.018620362505316734,0.016254711896181107,0.0004469934501685202,0.0001918656489579007
7253,0.018792923539876938,0.015239452943205833,0.0017809178680181503,0.00017725529323797673
7254,0.019420510157942772,0.01641487516462803,0.0010372677352279425,0.00019683668506331742
7255,0.020427009090781212,0.01497459877282381,0.00368366576731205,0.00017687436775304377
7256,0.02393219992518425,0.016963962465524673,0.004847994539886713,0.00021202430070843548
7257,0.026124529540538788,0.014533303678035736,0.009769456461071968,0.00018217692559119314
7258,0.036902621388435364,0.018077412620186806,0.016415521502494812,0.0002409689623164013
7259,0.027141451835632324,0.014508916065096855,0.010504691861569881,0.00021278443455230445
7260,0.024919217452406883,0.01731947995722294,0.005398533772677183,0.00022012030240148306
7261,0.01972307451069355,0.015051024034619331,0.0028457092121243477,0.00018263405945617706
7262,0.019067028537392616,0.015990396961569786,0.00101561495102942,0.00020610172941815108
7263,0.021554840728640556,0.01600688323378563,0.0033476930111646652,0.00022002651530783623
7264,0.022661224007606506,0.015427796170115471,0.0051380037330091,0.00020954229694325477
7265,0.02321537956595421,0.016333313658833504,0.004693515133112669,0.0002188549260608852
7266,0.01967066340148449,0.015888385474681854,0.0019071227870881557,0.00018751547031570226
7267,0.018690574914216995,0.015552296303212643,0.001379133202135563,0.00017591456708032638
7268,0.02020115777850151,0.016856739297509193,0.001400895998813212,0.0001943523675436154
7269,0.020298171788454056,0.015243823640048504,0.00326932012103498,0.00017850293079391122
7270,0.019414033740758896,0.01656767539680004,0.0008818558417260647,0.00019645025895442814
7271,0.018264684826135635,0.015766175463795662,0.0006335374200716615,0.00018649711273610592
7272,0.018921690061688423,0.015644581988453865,0.001443573273718357,0.00018335341883357614
7273,0.02000989206135273,0.016500474885106087,0.0015226344112306833,0.00019867830269504339
7274,0.019004331901669502,0.015622038394212723,0.001597548951394856,0.0001784743508324027
7275,0.0182267464697361,0.01611223630607128,0.00036409508902579546,0.00017504149582237005
7276,0.01859363354742527,0.01618138886988163,0.0006471524247899652,0.0001765092310961336
7277,0.01908436417579651,0.01570984162390232,0.001605798490345478,0.0001768723304849118
7278,0.018970321863889694,0.016146386042237282,0.0009160165209323168,0.00019079183402936906
7279,0.01835184544324875,0.01593811623752117,0.0004855350125581026,0.0001928192505147308
7280,0.01851441152393818,0.015477868728339672,0.0011856427881866693,0.0001850898697739467
7281,0.01908082887530327,0.016448674723505974,0.0006071208044886589,0.00020250349189154804
7282,0.018957234919071198,0.015346928499639034,0.0017624092288315296,0.0001847896637627855
7283,0.018651917576789856,0.01636851578950882,0.0003951205580960959,0.0001888279803097248
7284,0.01867624744772911,0.015608086250722408,0.0013177900109440088,0.00017503704293631017
7285,0.01910429634153843,0.016083993017673492,0.0011539090191945434,0.00018663947412278503
7286,0.0195204708725214,0.01567821577191353,0.0019434664864093065,0.00018987871590070426
7287,0.019560448825359344,0.016153989359736443,0.0013790770899504423,0.0002027383743552491
7288,0.019651928916573524,0.01524350419640541,0.0025076959282159805,0.000190072794794105
7289,0.02006181888282299,0.016583697870373726,0.0012713982723653316,0.00022067222744226456
7290,0.020651791244745255,0.014871062710881233,0.003799248021095991,0.00019814810366369784
7291,0.021300463005900383,0.016948310658335686,0.0020567248575389385,0.0002295427693752572
7292,0.021484756842255592,0.014739680103957653,0.004826097749173641,0.00019189783779438585
7293,0.021546699106693268,0.016919652000069618,0.002300269203260541,0.00023267764481715858
7294,0.02119964174926281,0.014858380891382694,0.004335018806159496,0.00020062417024746537
7295,0.020685819908976555,0.016586152836680412,0.0018693594029173255,0.00022303072910290211
7296,0.0198720283806324,0.0151351448148489,0.002860710024833679,0.00018761729006655514
7297,0.019008897244930267,0.016137268394231796,0.0009206586983054876,0.00019509709090925753
7298,0.018310198560357094,0.01556830108165741,0.0009544611675664783,0.0001787437649909407
7299,0.017985640093684196,0.015695281326770782,0.0005652731051668525,0.00017250854580197483
7300,0.018076913431286812,0.015982957556843758,0.00032755587017163634,0.00017664012557361275
7301,0.01843417063355446,0.015325266867876053,0.0013737325789406896,0.0001735171681502834
7302,0.018842458724975586,0.016238972544670105,0.0006920798332430422,0.0001911404833663255
7303,0.01906760036945343,0.01509659644216299,0.0021499935537576675,0.00018210106645710766
7304,0.019060418009757996,0.016281967982649803,0.0007726710755378008,0.00020057782239746302
7305,0.018826456740498543,0.015066253021359444,0.0019557219929993153,0.00018044824537355453
7306,0.018611649051308632,0.016192983835935593,0.000508276978507638,0.00019103882368654013
7307,0.01855461299419403,0.015150562860071659,0.0016823055921122432,0.00017217449203599244
7308,0.019047632813453674,0.016147373244166374,0.0010482441866770387,0.0001852015993790701
7309,0.019855473190546036,0.01512194611132145,0.0030407565645873547,0.0001692770456429571
7310,0.022457098588347435,0.01643170416355133,0.004085606895387173,0.00019397858704905957
7311,0.02398395538330078,0.01481656264513731,0.007452923804521561,0.0001714468962745741
7312,0.03110451065003872,0.017239386215806007,0.011715104803442955,0.00021500200091395527
7313,0.026529913768172264,0.014551998116075993,0.010087369941174984,0.00018905465549323708
7314,0.02810058556497097,0.017310524359345436,0.008640739135444164,0.00021493226813618094
7315,0.021166831254959106,0.01471394207328558,0.00460390979424119,0.00018489798821974546
7316,0.018933333456516266,0.01626463420689106,0.0006039095460437238,0.00020647911878768355
7317,0.019532836973667145,0.01538863405585289,0.002163731027394533,0.0001980472879949957
7318,0.021462539210915565,0.015522442758083344,0.0038973046466708183,0.00020427901472430676
7319,0.02351476065814495,0.01610654778778553,0.005220625549554825,0.00021875872334931046
7320,0.02068174071609974,0.01548798568546772,0.0033445346634835005,0.000184922173502855
7321,0.018551712855696678,0.015837902203202248,0.0009673685999587178,0.00017464430129621178
7322,0.018077846616506577,0.01600908674299717,0.0003611894208006561,0.00017075715004466474
7323,0.019242465496063232,0.015474391169846058,0.0020659449510276318,0.00017021290841512382
7324,0.020397698506712914,0.016238240525126457,0.002311927266418934,0.00018475292017683387
7325,0.01909322291612625,0.015664957463741302,0.0015988906379789114,0.00018293737957719713
7326,0.018345601856708527,0.015457268804311752,0.0010922536021098495,0.00017960798868443817
7327,0.018878422677516937,0.016366789117455482,0.0005459957756102085,0.000196563865756616
7328,0.019490117207169533,0.015062617138028145,0.002656246069818735,0.00017712540284264833
7329,0.019529085606336594,0.016579972580075264,0.001053392537869513,0.0001895720197353512
7330,0.018505025655031204,0.015346131287515163,0.0014978063991293311,0.0001661088172113523
7331,0.018259653821587563,0.01594943180680275,0.0005583735764957964,0.0001751847448758781
7332,0.018719207495450974,0.01587526686489582,0.001043825875967741,0.00018001133867073804
7333,0.01872979663312435,0.015534834936261177,0.0013739758869633079,0.0001820985198719427
7334,0.018321672454476357,0.015835940837860107,0.0006135405856184661,0.00018721904780250043
7335,0.017920898273587227,0.015658989548683167,0.00044277351116761565,0.00018191347771789879
7336,0.018068790435791016,0.015555813908576965,0.0007447829120792449,0.00017681943427305669
7337,0.018440529704093933,0.01593436859548092,0.0007060335483402014,0.00018001277931034565
7338,0.018375776708126068,0.015571781434118748,0.0011084519792348146,0.00016955430328380316
7339,0.018121208995580673,0.015742771327495575,0.0006487899227067828,0.00017296495207119733
7340,0.017946597188711166,0.015812404453754425,0.0003663779643829912,0.00017678133735898882
7341,0.018062306568026543,0.015348467975854874,0.0009547608206048608,0.0001759077567839995
7342,0.01829518750309944,0.016013149172067642,0.00038679069257341325,0.00018952469690702856
7343,0.018301965668797493,0.015185980126261711,0.001349149039015174,0.00017668359214439988
7344,0.01819613203406334,0.015983207151293755,0.0003472304670140147,0.00018656945030670613
7345,0.018023476004600525,0.015305636450648308,0.0009832626674324274,0.00017345763626508415
7346,0.017976708710193634,0.01581568643450737,0.00038468209095299244,0.00017763390496838838
7347,0.018042661249637604,0.01545779313892126,0.0008484733989462256,0.00017363954975735396
7348,0.018131395801901817,0.015656016767024994,0.0007001181365922093,0.00017752607527654618
7349,0.018177606165409088,0.015476496890187263,0.0009066349011845887,0.00017944737919606268
7350,0.018128322437405586,0.015588415786623955,0.0007210879703052342,0.0001818818273022771
7351,0.01804264262318611,0.015399905852973461,0.0008465862483717501,0.00017961510457098484
7352,0.01794487237930298,0.015638450160622597,0.0004960428923368454,0.00018103800539392978
7353,0.01787944696843624,0.015314753167331219,0.0008183540194295347,0.0001746339985402301
7354,0.017863936722278595,0.015735670924186707,0.0003453342360444367,0.00017829320859164
7355,0.0179003719240427,0.01520049199461937,0.0009930549422279,0.00017068261513486505
7356,0.018004322424530983,0.01583179645240307,0.0003580606426112354,0.00018144653586205095
7357,0.018165718764066696,0.015024063177406788,0.0014169185888022184,0.0001724736503092572
7358,0.018516264855861664,0.01598917320370674,0.0006299703381955624,0.0001897121692309156
7359,0.018953828141093254,0.014760863967239857,0.002455882029607892,0.00017370823479723185
7360,0.020089251920580864,0.01634819060564041,0.0017246915958821774,0.0002016369835473597
7361,0.021164389327168465,0.014366626739501953,0.005013499408960342,0.00017842637316789478
7362,0.024627331644296646,0.017043236643075943,0.005291239824146032,0.00022928541875444353
7363,0.025795696303248405,0.013847008347511292,0.009945373982191086,0.00020033144392073154
7364,0.03221631050109863,0.017932012677192688,0.011443907395005226,0.000284039240796119
7365,0.029126204550266266,0.013521110638976097,0.013142643496394157,0.0002462449483573437
7366,0.030696075409650803,0.01793922856450081,0.009412645362317562,0.00033441997948102653
7367,0.027860533446073532,0.013682713732123375,0.011745130643248558,0.00024326886341441423
7368,0.026247430592775345,0.017101643607020378,0.005977965425699949,0.0003167820395901799
7369,0.023848019540309906,0.014581995084881783,0.007041665725409985,0.00022243594867177308
7370,0.02147248014807701,0.015887385234236717,0.0035021016374230385,0.00020829931600019336
7371,0.020176157355308533,0.015923580154776573,0.0023675241973251104,0.00018850521882995963
7372,0.019463442265987396,0.014896713197231293,0.002859002910554409,0.00017077250231523067
7373,0.020581524819135666,0.016763227060437202,0.001785582397133112,0.00020327164384070784
7374,0.021608032286167145,0.01465138141065836,0.005070508923381567,0.00018861428543459624
7375,0.021681521087884903,0.01656895875930786,0.002841225592419505,0.00022713374346494675
7376,0.020232925191521645,0.015231495723128319,0.0031944895163178444,0.00018069391080643982
7377,0.01857808418571949,0.015625955536961555,0.0012358934618532658,0.0001716235128697008
7378,0.018270913511514664,0.016074540093541145,0.0004016699967905879,0.0001794703712221235
7379,0.019161885604262352,0.014944151975214481,0.002393798902630806,0.00018239331257063895
7380,0.020150186493992805,0.01643022894859314,0.0016507126856595278,0.00020692443649750203
7381,0.019914092496037483,0.015033596195280552,0.0030786695424467325,0.00018018252740148455
7382,0.018740424886345863,0.015978539362549782,0.00097419269150123,0.00017876930360216647
7383,0.01786724478006363,0.01567450538277626,0.0005013889749534428,0.000169135004398413
7384,0.018064098432660103,0.015241258777678013,0.0011124699376523495,0.0001710370706859976
7385,0.018851744011044502,0.016181260347366333,0.0007653421489521861,0.00019051408162340522
7386,0.01916126161813736,0.014967171475291252,0.002436562441289425,0.00017575286619830877
7387,0.018639439716935158,0.016035139560699463,0.0007179621607065201,0.00018863374134525657
7388,0.017866503447294235,0.015344682149589062,0.0008278807508759201,0.00016939404304139316
7389,0.01766223832964897,0.015470648184418678,0.0005131628713570535,0.00016784282342996448
7390,0.018053051084280014,0.015882132574915886,0.00043255629134364426,0.00017383629165124148
7391,0.018454790115356445,0.015079344622790813,0.00168159871827811,0.00016938459884840995
7392,0.018397513777017593,0.015992792323231697,0.0005664443597197533,0.00018382782582193613
7393,0.017960816621780396,0.015155802480876446,0.0011417402420192957,0.000166327299666591
7394,0.017670128494501114,0.01564686931669712,0.0003048485959880054,0.00017184109310619533
7395,0.01775343343615532,0.01547060813754797,0.0005789325223304331,0.00017038913210853934
7396,0.018021875992417336,0.015310299582779408,0.0009740008972585201,0.00017375756578985602
7397,0.018131645396351814,0.015595715492963791,0.0007576269563287497,0.00017783021030481905
7398,0.017977798357605934,0.015325379557907581,0.0009411335922777653,0.00017112850036937743
7399,0.017746811732649803,0.01539438497275114,0.0006792336353100836,0.00016731940559111536
7400,0.017711538821458817,0.015628617256879807,0.000366761174518615,0.0001716160768410191
7401,0.017888948321342468,0.015041525475680828,0.0011936563532799482,0.00016537659394089133
7402,0.01822652854025364,0.015909163281321526,0.0004969531437382102,0.0001820411707740277
7403,0.01854245737195015,0.014765436761081219,0.0021055908873677254,0.0001671430072747171
7404,0.019255513325333595,0.016106460243463516,0.001255482668057084,0.00018935701518785208
7405,0.02019616961479187,0.014585906639695168,0.003948176745325327,0.00016620858514215797
7406,0.023780858144164085,0.016531052067875862,0.005277611780911684,0.00019721950229723006
7407,0.025391381233930588,0.014339461922645569,0.009394853375852108,0.00016570645675528795
7408,0.03446969389915466,0.017352696508169174,0.014994416385889053,0.0002122582372976467
7409,0.02572706528007984,0.014367165043950081,0.00948935467749834,0.00018705453840084374
7410,0.023430677130818367,0.016630763188004494,0.00483480142429471,0.0001965113333426416
7411,0.01869993284344673,0.014833647757768631,0.002143334364518523,0.00017229499644599855
7412,0.017930783331394196,0.015410097315907478,0.0006515947752632201,0.0001869092375272885
7413,0.019926801323890686,0.015752876177430153,0.0021495698019862175,0.00020243572362232953
7414,0.021034736186265945,0.014759375713765621,0.004410368390381336,0.00018649923731572926
7415,0.021878113970160484,0.016313040629029274,0.003488626331090927,0.0002076447126455605
7416,0.018810071051120758,0.014966309070587158,0.0021466535981744528,0.00016971085278782994
7417,0.017856135964393616,0.015764864161610603,0.00041485263500362635,0.00016764197789598256
7418,0.019031932577490807,0.01572996750473976,0.0016270411433652043,0.0001674924569670111
7419,0.019654979929327965,0.015303405001759529,0.0026347306556999683,0.00017168444173876196
7420,0.019186953082680702,0.01582067459821701,0.0015490700025111437,0.0001817207084968686
7421,0.01777084358036518,0.015420890413224697,0.0005805601249448955,0.00017693935660645366
7422,0.017964191734790802,0.015273729339241982,0.0009683192474767566,0.00017221442249137908
7423,0.019071657210588455,0.01588531583547592,0.0013585025444626808,0.00018278404604643583
7424,0.01875358261168003,0.015341474674642086,0.001739212078973651,0.00016728948685340583
7425,0.018010562285780907,0.015584021806716919,0.0007744549657218158,0.00016520854842383415
7426,0.017809636890888214,0.01583726704120636,0.00028690233011730015,0.00016854662680998445
7427,0.018294930458068848,0.015081013552844524,0.0015744935953989625,0.0001639424153836444
7428,0.01861039735376835,0.015988042578101158,0.0007785253692418337,0.00018438290862832218
7429,0.017935944721102715,0.015151960775256157,0.0010146514978259802,0.0001769331720424816
7430,0.017591377720236778,0.015403957106173038,0.0003993524005636573,0.00017880684754345566
7431,0.01787015236914158,0.015666699036955833,0.000387099280487746,0.00018163540516979992
7432,0.018138309940695763,0.015090914443135262,0.0013372385874390602,0.00017101560661103576
7433,0.01807336136698723,0.01584535837173462,0.000475405715405941,0.00017525962903164327
7434,0.017704607918858528,0.01520996168255806,0.0008747571846470237,0.00016198882076423615
7435,0.017632897943258286,0.01551159005612135,0.00043700032983906567,0.00016843085177242756
7436,0.01784253492951393,0.01546734943985939,0.0006325024296529591,0.00017426826525479555
7437,0.017918314784765244,0.015238502994179726,0.0009394499938935041,0.00017403623496647924
7438,0.017795786261558533,0.015454478561878204,0.0005504594882950187,0.0001790848618838936
7439,0.0175484586507082,0.015263455919921398,0.0005447793519124389,0.00017402222147211432
7440,0.01746867597103119,0.015307051129639149,0.0004376820579636842,0.0001723942841636017
7441,0.017566116526722908,0.01543084904551506,0.0004247124888934195,0.00017105550796259195
7442,0.01768518052995205,0.015213469974696636,0.0008223747136071324,0.00016493348812218755
7443,0.017729299142956734,0.015445721335709095,0.0005731758428737521,0.00017104015569202602
7444,0.017623839899897575,0.01520700752735138,0.0007215242949314415,0.00016953096201177686
7445,0.01749996282160282,0.01528671570122242,0.000475971755804494,0.00017372758884448558
7446,0.017414333298802376,0.01525680162012577,0.0004118028446100652,0.00017457289504818618
7447,0.01739964447915554,0.015132635831832886,0.0005354288732632995,0.000173158070538193
7448,0.01744520477950573,0.015353272669017315,0.0003435488906688988,0.00017483823467046022
7449,0.017508983612060547,0.015055675059556961,0.000780981034040451,0.00016723269072826952
7450,0.017591502517461777,0.01542682945728302,0.00044747701031155884,0.00017171961371786892
7451,0.01763356290757656,0.01499125175178051,0.0009945026831701398,0.00016478080942761153
7452,0.017717551440000534,0.015465970151126385,0.0005120515124872327,0.00017395299801137298
7453,0.017754442989826202,0.014873280189931393,0.0012164260260760784,0.0001664737064857036
7454,0.01791485771536827,0.01552259549498558,0.0005954933003522456,0.00017967692110687494
7455,0.018046990036964417,0.014706788584589958,0.0016512855654582381,0.00016889168182387948
7456,0.018494650721549988,0.015703918412327766,0.0009418884292244911,0.0001848843676270917
7457,0.018902737647294998,0.014467455446720123,0.0027642566710710526,0.00016710246563889086
7458,0.020249953493475914,0.016080306842923164,0.002218659268692136,0.00019509873527567834
7459,0.02118496410548687,0.014100591652095318,0.005359004717320204,0.0001725367910694331
7460,0.02482893317937851,0.016716064885258675,0.005918442737311125,0.0002194424596382305
7461,0.02496686391532421,0.013673815876245499,0.00938224047422409,0.00019108070409856737
7462,0.02981717512011528,0.017328934744000435,0.0099029541015625,0.000258528656559065
7463,0.02573857456445694,0.013527880422770977,0.0100109176710248,0.00021997773728799075
7464,0.025354649871587753,0.017025448381900787,0.005608052015304565,0.00027211487758904696
7465,0.02315553091466427,0.013814268633723259,0.0072532533667981625,0.00020880087686236948
7466,0.02252643182873726,0.016271352767944336,0.0037000938318669796,0.0002554984821472317
7467,0.022314582020044327,0.014533370733261108,0.0056392718106508255,0.00021419403492473066
7468,0.021774020045995712,0.015559874475002289,0.0041419584304094315,0.00020721869077533484
7469,0.020877882838249207,0.01532405149191618,0.0036727250553667545,0.00018811048357747495
7470,0.018790846690535545,0.015085208229720592,0.0020825909450650215,0.00016230477194767445
7471,0.01780913583934307,0.01569829136133194,0.0004469656269066036,0.0001663877919781953
7472,0.01807284727692604,0.014928435906767845,0.0015129039529711008,0.0001631507620913908
7473,0.019281309098005295,0.01571187749505043,0.0017061518738046288,0.0001863280194811523
7474,0.02024843357503414,0.014981063082814217,0.0034366457257419825,0.0001830725814215839
7475,0.01989462971687317,0.01558889914304018,0.0023950785398483276,0.00019106526451651007
7476,0.018756773322820663,0.015033743344247341,0.0019490644335746765,0.0001773965050233528
7477,0.01765771582722664,0.015461784787476063,0.0004977568751201034,0.00016981741646304727
7478,0.017406241968274117,0.015179401263594627,0.000607601017691195,0.00016192406474146992
7479,0.017922788858413696,0.015328620560467243,0.0009282215032726526,0.00016659464745316654
7480,0.018473822623491287,0.015373770147562027,0.001408343785442412,0.00016917084576562047
7481,0.018657855689525604,0.015093169175088406,0.0018359515815973282,0.00017287353693973273
7482,0.018265675753355026,0.015484873205423355,0.0009852515067905188,0.00017955504881683737
7483,0.017757194116711617,0.014916070736944675,0.0011196531122550368,0.00017214693070854992
7484,0.017496850341558456,0.015480752103030682,0.0002656361320987344,0.00017504625429864973
7485,0.017568031325936317,0.01497266162186861,0.0009617891046218574,0.0001633581123314798
7486,0.017858292907476425,0.01538638025522232,0.0007769042858853936,0.00016950095596257597
7487,0.01796393096446991,0.015144883655011654,0.0011952813947573304,0.00016237665840890259
7488,0.017939437180757523,0.01521322038024664,0.0010514064924791455,0.0001674810773693025
7489,0.017672058194875717,0.015234097838401794,0.0007709554629400373,0.00016670048353262246
7490,0.01740676909685135,0.015065137296915054,0.0006612848374061286,0.00016803460312075913
7491,0.017256543040275574,0.015222372487187386,0.0003282722900621593,0.00017058983212336898
7492,0.017277352511882782,0.015011676587164402,0.000590641750022769,0.00016750342911109328
7493,0.017432820051908493,0.015208018012344837,0.0005148479249328375,0.0001709954667603597
7494,0.017604541033506393,0.015004645101726055,0.0009443681919947267,0.00016555275942664593
7495,0.01779446378350258,0.015252300538122654,0.000838739681057632,0.00017034242046065629
7496,0.01784180849790573,0.014922239817678928,0.0012941811000928283,0.00016253879584837705
7497,0.01799101009964943,0.015368296764791012,0.000901064311619848,0.0001721649314276874
7498,0.018016161397099495,0.014725365675985813,0.0016661519184708595,0.00016246446466539055
7499,0.01838078536093235,0.015572709031403065,0.0010237788083031774,0.00017842967645265162
7500,0.01861615851521492,0.014451604336500168,0.00253188144415617,0.00016326709010172635
7501,0.019582081586122513,0.01588900201022625,0.0018084697658196092,0.00018846089369617403
7502,0.02009347826242447,0.014156204648315907,0.004266977310180664,0.0001670297933742404
7503,0.02222318761050701,0.016318906098604202,0.0038767028599977493,0.00020275783026590943
7504,0.0223715640604496,0.013890736736357212,0.006758932955563068,0.0001721894514048472
7505,0.025401581078767776,0.016708362847566605,0.0065276469103991985,0.000216557047679089
7506,0.023051166906952858,0.013826247304677963,0.007415615953505039,0.00018093051039613783
7507,0.023346319794654846,0.016535568982362747,0.004676877520978451,0.00021338729129638523
7508,0.02015739306807518,0.014096110127866268,0.004312446340918541,0.0001748838258208707
7509,0.018565014004707336,0.015787838026881218,0.0008458789088763297,0.0001931297010742128
7510,0.01763959228992462,0.01468038372695446,0.001211447874084115,0.0001747760543366894
7511,0.017691595479846,0.015047525055706501,0.0008875498897396028,0.00017565202142577618
7512,0.018355900421738625,0.015378330834209919,0.0011631068773567677,0.0001814463030314073
7513,0.018618086352944374,0.01462568063288927,0.002348157577216625,0.00016442475316580385
7514,0.018892966210842133,0.015786392614245415,0.00132477143779397,0.00017818016931414604
7515,0.018210003152489662,0.014567602425813675,0.0020394062157720327,0.00016029938706196845
7516,0.017866408452391624,0.015650251880288124,0.000453557469882071,0.00017625991313252598
7517,0.017867721617221832,0.014758767560124397,0.0014331941492855549,0.00016757605771999806
7518,0.01818389631807804,0.0153095293790102,0.0010902720969170332,0.00017840952205006033
7519,0.01847906783223152,0.014995734207332134,0.001713114557787776,0.00017702198238112032
7520,0.018315380439162254,0.015120028518140316,0.0014682924374938011,0.00017270594253204763
7521,0.017944516614079475,0.01509688887745142,0.001137181418016553,0.00017104457947425544
7522,0.01743517443537712,0.015127396211028099,0.0006794888176955283,0.00016282899014186114
7523,0.017164330929517746,0.01505600567907095,0.0005007992731407285,0.0001607526937732473
7524,0.017191559076309204,0.015163354575634003,0.0003898091381415725,0.000163839606102556
7525,0.017397889867424965,0.01497175358235836,0.0007768922951072454,0.0001649243786232546
7526,0.017633451148867607,0.01510653831064701,0.0007992174942046404,0.00017276940343435854
7527,0.017677268013358116,0.014969030395150185,0.0009929100051522255,0.00017153259250335395
7528,0.017632588744163513,0.014988584443926811,0.000909992668312043,0.00017340116028208286
7529,0.01746920496225357,0.015082131139934063,0.0006893405225127935,0.00016977338236756623
7530,0.017325066030025482,0.014872591942548752,0.0007926733233034611,0.00016598009096924216
7531,0.01723736897110939,0.015204382129013538,0.0003567286767065525,0.0001676256797509268
7532,0.017224567010998726,0.014750425703823566,0.0008462897967547178,0.00016278517432510853
7533,0.01728513278067112,0.015255410224199295,0.00030807871371507645,0.0001721643639029935
7534,0.017376920208334923,0.01462780311703682,0.0010940218344330788,0.00016550954023841769
7535,0.017546655610203743,0.015288940630853176,0.00048365676775574684,0.00017740576004143804
7536,0.01766047067940235,0.01453672256320715,0.001471195020712912,0.00016525537648703903
7537,0.01795189082622528,0.015385892242193222,0.0007925562676973641,0.00017734432185534388
7538,0.018103204667568207,0.014438895508646965,0.002051839604973793,0.00016124702233355492
7539,0.018688494339585304,0.015564985573291779,0.0013350367080420256,0.00017884730186779052
7540,0.018962128087878227,0.014246967621147633,0.003102431772276759,0.00016127292474266142
7541,0.020245490595698357,0.01584445871412754,0.002501334296539426,0.00018996967992279679
7542,0.020581215620040894,0.013950583525002003,0.004946362227201462,0.0001684270828263834
7543,0.022959008812904358,0.016252664849162102,0.004610526841133833,0.00020958163077011704
7544,0.0225138571113348,0.013666203245520592,0.007034769747406244,0.00018128847295884043
7545,0.02482009492814541,0.01660180278122425,0.005917162634432316,0.00023011292796581984
7546,0.02303929254412651,0.013543317094445229,0.007551173213869333,0.00019448019156698138
7547,0.02341221459209919,0.016555268317461014,0.004410174675285816,0.0002446772123221308
7548,0.022436466068029404,0.01363272126764059,0.006780627649277449,0.00020231184316799045
7549,0.02236926555633545,0.016224553808569908,0.0036372235044837,0.00025074899895116687
7550,0.022157274186611176,0.01395749393850565,0.006118962075561285,0.00020808186673093587
7551,0.021724145859479904,0.015785707160830498,0.003663294715806842,0.00022751455253455788
7552,0.020660720765590668,0.014512934722006321,0.004263442941009998,0.00018843429279513657
7553,0.01915653795003891,0.015256932005286217,0.00214740470983088,0.00017522012058179826
7554,0.01797991618514061,0.015126815997064114,0.0012217917246744037,0.00016313085507135838
7555,0.017397407442331314,0.014741026796400547,0.0011181100271642208,0.00015382704441435635
7556,0.01772869937121868,0.015532076358795166,0.00048026477452367544,0.00017163585289381444
7557,0.018494728952646255,0.014426451176404953,0.0023656447883695364,0.00017026324348989874
7558,0.019123457372188568,0.015615315176546574,0.0015656722243875265,0.0001942470989888534
7559,0.019101202487945557,0.014448012225329876,0.0028582075610756874,0.00017949823813978583
7560,0.01847817376255989,0.015387101098895073,0.0012786416336894035,0.0001812431582948193
7561,0.01764165610074997,0.014781125821173191,0.0011965632438659668,0.00016639672685414553
7562,0.017101680859923363,0.014969120733439922,0.0005389073630794883,0.00015936527051962912
7563,0.017102591693401337,0.015187952667474747,0.0002775506873149425,0.00016370872617699206
7564,0.017492540180683136,0.014576920308172703,0.0012783755082637072,0.00016372447134926915
7565,0.017918162047863007,0.01541044283658266,0.0007027800311334431,0.00018049392383545637
7566,0.018041012808680534,0.014416307210922241,0.0019048813264817,0.0001719825668260455
7567,0.01781238615512848,0.01536144595593214,0.000648221408482641,0.00018027183250524104
7568,0.017385004088282585,0.014556458219885826,0.0011851034360006452,0.0001643441355554387
7569,0.0170536357909441,0.015125866048038006,0.0002851960016414523,0.00016425736248493195
7570,0.01698317378759384,0.014826828613877296,0.0005827630520798266,0.00015735821216367185
7571,0.01716172695159912,0.014873010106384754,0.0006761378608644009,0.00016125786351040006
7572,0.017421988770365715,0.014956138096749783,0.0008275876753032207,0.00016382639296352863
7573,0.017648695036768913,0.014789985492825508,0.001176892896182835,0.00016818157746456563
7574,0.01775231398642063,0.014816321432590485,0.001272388850338757,0.00016636036161798984
7575,0.018025698140263557,0.015028607100248337,0.0012790109030902386,0.00017180797294713557
7576,0.0184593815356493,0.014421256259083748,0.0024579318705946207,0.00015801932022441179
7577,0.020329609513282776,0.01566304825246334,0.0028598997741937637,0.0001806662476155907
7578,0.022173549979925156,0.013817418366670609,0.006753068417310715,0.00016030637198127806
7579,0.02944285050034523,0.016733454540371895,0.010530069470405579,0.00021793274208903313
7580,0.027927899733185768,0.013336344622075558,0.012640089727938175,0.00019514653831720352
7581,0.03440134972333908,0.017284076660871506,0.014610972255468369,0.0002506300515960902
7582,0.023255234584212303,0.013596790842711926,0.00762543547898531,0.00020330087863840163
7583,0.01891983114182949,0.015748899430036545,0.0011091564083471894,0.0002061775594484061
7584,0.018152575939893723,0.014679466374218464,0.001712785568088293,0.00017603237938601524
7585,0.020142119377851486,0.014468008652329445,0.0038982974365353584,0.00017758129979483783
7586,0.023528235033154488,0.01589956134557724,0.005538091529160738,0.00020905822748318315
7587,0.01983342319726944,0.014203773811459541,0.0038756614085286856,0.00017539877444505692
7588,0.017819222062826157,0.015562070533633232,0.0004619596293196082,0.00017951912013813853
7589,0.018146950751543045,0.014868796803057194,0.0016624042764306068,0.00016157505160663277
7590,0.019899796694517136,0.015065116807818413,0.0031068751122802496,0.00017278049199376255
7591,0.020646946504712105,0.015286426059901714,0.003611108520999551,0.00017494120402261615
7592,0.018306829035282135,0.015153666026890278,0.0014043353730812669,0.00017488289449829608
7593,0.017581304535269737,0.01457893569022417,0.0013463734649121761,0.00016559964569751173
7594,0.018642056733369827,0.015677984803915024,0.0011231765383854508,0.00018408941105008125
7595,0.018352294340729713,0.014597700908780098,0.0021034032106399536,0.00016511896683368832
7596,0.017507603392004967,0.015237586572766304,0.0006198345217853785,0.00016501829668413848
7597,0.0172458216547966,0.0153490686789155,0.00026747994706965983,0.00016292739019263536
7598,0.01803557761013508,0.014523057267069817,0.001923640607856214,0.0001588879677001387
7599,0.01860886439681053,0.015804976224899292,0.000994736677967012,0.00018091524543706328
7600,0.017789099365472794,0.014505223371088505,0.0016152161406353116,0.00016686592425685376
7601,0.017447371035814285,0.015204980038106441,0.00047200635890476406,0.0001770383823895827
7602,0.017815975472331047,0.015008490532636642,0.0010620453394949436,0.0001745440677041188
7603,0.017819756641983986,0.014856059104204178,0.0012816102243959904,0.00016820873133838177
7604,0.017384245991706848,0.015087530948221684,0.0006181466742418706,0.00016785686602815986
7605,0.01700173318386078,0.015026249922811985,0.0003698691143654287,0.00016056148160714656
7606,0.01716897264122963,0.014838902279734612,0.0007623956189490855,0.00015676752082072198
7607,0.017498096451163292,0.015191381797194481,0.0006544110365211964,0.00016523044905625284
7608,0.017360664904117584,0.014830287545919418,0.0009119012393057346,0.00016184757987502962
7609,0.01711495779454708,0.014860285446047783,0.0005933724460192025,0.00016612999024800956
7610,0.01706579513847828,0.015093600377440453,0.00025128404377028346,0.00017209108045790344
7611,0.01724555343389511,0.014526759274303913,0.0010635845828801394,0.0001655209343880415
7612,0.017409823834896088,0.015287226065993309,0.0003841918951366097,0.00017384065722581
7613,0.01728421449661255,0.014502815902233124,0.0011975910747423768,0.00015838076069485396
7614,0.017092538997530937,0.015159834176301956,0.00027407196466811,0.00016586326819378883
7615,0.016953011974692345,0.014683839865028858,0.0006710671586915851,0.00015981041360646486
7616,0.01695256493985653,0.014879721216857433,0.0004467836697585881,0.0001626059674890712
7617,0.017026016488671303,0.014833399094641209,0.0005391064914874732,0.00016535105532966554
7618,0.017053725197911263,0.01468223799020052,0.0007309965440072119,0.0001640489645069465
7619,0.01703176274895668,0.014887887053191662,0.00046731956535950303,0.00016765565669629723
7620,0.016931839287281036,0.014634756371378899,0.0006892287055961788,0.00016078545013442636
7621,0.016846785321831703,0.014876773580908775,0.0003430223441682756,0.00016269901243504137
7622,0.01678842306137085,0.014656945131719112,0.0005497839883901179,0.00015816945233382285
7623,0.016772445291280746,0.014829001389443874,0.0003384589508641511,0.00016049854457378387
7624,0.016788605600595474,0.014647440053522587,0.0005412091268226504,0.0001599956740392372
7625,0.01682335138320923,0.014755778014659882,0.0004350246745161712,0.00016325498290825635
7626,0.01686766743659973,0.014623486436903477,0.000596063444390893,0.00016481180500704795
7627,0.016912369057536125,0.014692975208163261,0.0005679632886312902,0.00016514307935722172
7628,0.016969449818134308,0.014634871855378151,0.0006827575853094459,0.00016518202028237283
7629,0.017031600698828697,0.014628593809902668,0.0007753215031698346,0.00016276859969366342
7630,0.017163820564746857,0.014713170006871223,0.0007953767199069262,0.0001655274973018095
7631,0.017348438501358032,0.01448843628168106,0.0012591809500008821,0.00016008215607143939
7632,0.017874663695693016,0.01490178145468235,0.001271584304049611,0.0001701297442195937
7633,0.018608054146170616,0.014184671454131603,0.002835057908669114,0.000158832423039712
7634,0.021083403378725052,0.015403259545564651,0.0038478104397654533,0.00018323333642911166
7635,0.023103175684809685,0.013673489913344383,0.00781850516796112,0.00016111807781271636
7636,0.031984586268663406,0.016479922458529472,0.013366146944463253,0.00021385164291132241
7637,0.02755608968436718,0.01330037321895361,0.012315919622778893,0.00019397969299461693
7638,0.03144245222210884,0.01680067554116249,0.012325196526944637,0.00023165797756519169
7639,0.02218710258603096,0.013422222808003426,0.006817587651312351,0.0001947290584212169
7640,0.020280728116631508,0.015673121437430382,0.002310892567038536,0.0002296713792020455
7641,0.023004531860351562,0.014017440378665924,0.006864989176392555,0.0002122103178407997
7642,0.027708152309060097,0.015220346860587597,0.009892543777823448,0.0002595262194518
7643,0.03193283453583717,0.01441174279898405,0.014857660979032516,0.00026634297682903707
7644,0.02825881354510784,0.015754854306578636,0.009732266888022423,0.00027716931072063744
7645,0.02443990297615528,0.01368454284965992,0.008741007186472416,0.00020143520669080317
7646,0.02272821217775345,0.016520140692591667,0.0038088129367679358,0.00023992588103283197
7647,0.020914513617753983,0.013909230940043926,0.005217553582042456,0.00017877292702905834
7648,0.01965183950960636,0.015709083527326584,0.002254222985357046,0.00016885325021576136
7649,0.017792334780097008,0.01515185832977295,0.0009696414927020669,0.00016708354814909399
7650,0.019828196614980698,0.013914782553911209,0.004151723347604275,0.00017616905097384006
7651,0.023186922073364258,0.0165189728140831,0.004242623690515757,0.00024253268202301115
7652,0.021119961515069008,0.013786179944872856,0.005320594646036625,0.00020131858764216304
7653,0.01846582256257534,0.0157035943120718,0.0009468980715610087,0.0001815330469980836
7654,0.01760844700038433,0.015029058791697025,0.0010333278914913535,0.00015460600843653083
7655,0.018152698874473572,0.014512522146105766,0.0020869653671979904,0.0001553212059661746
7656,0.01873663440346718,0.015812670812010765,0.0011260089231655002,0.0001797955483198166
7657,0.018550707027316093,0.014259043149650097,0.0025550611317157745,0.00017366019892506301
7658,0.018991678953170776,0.015264349989593029,0.0017848499119281769,0.00019424778292886913
7659,0.01894298940896988,0.014828616753220558,0.0023033125326037407,0.0001811060355976224
7660,0.01757814735174179,0.014871672727167606,0.001064416253939271,0.0001642056740820408
7661,0.016883883625268936,0.01503689680248499,0.00027898192638531327,0.00015680037904530764
7662,0.017587963491678238,0.014877664856612682,0.001166805624961853,0.00015434925444424152
7663,0.01831631362438202,0.015150580555200577,0.001589891267940402,0.0001575842616148293
7664,0.01808861456811428,0.014774096198379993,0.0017017689533531666,0.0001612748164916411
7665,0.01728455163538456,0.015167007222771645,0.0004716498078778386,0.00016458946629427373
7666,0.01703895442187786,0.014573493041098118,0.0008985178428702056,0.00015669439744669944
7667,0.017348293215036392,0.015031768940389156,0.0006286865100264549,0.0001687838084762916
7668,0.01741240918636322,0.014821217395365238,0.0009670256404206157,0.00016241674893535674
7669,0.017266951501369476,0.014648659154772758,0.0010418797610327601,0.00015764124691486359
7670,0.01714389957487583,0.015183191746473312,0.00033515130053274333,0.00016255569062195718
7671,0.017178554087877274,0.014471760019659996,0.0011878657387569547,0.00015189280384220183
7672,0.017254242673516273,0.01519189402461052,0.00047030707355588675,0.00015920412261039019
7673,0.01706083118915558,0.014577094465494156,0.0009670925210230052,0.00015166429511737078
7674,0.0168711319565773,0.014769578352570534,0.0004984752158634365,0.00016030779806897044
7675,0.01678808592259884,0.014858453534543514,0.0002885394205804914,0.0001641092967474833
7676,0.01687472127377987,0.01444113627076149,0.0008511056657880545,0.00015824790170881897
7677,0.01704804226756096,0.01506541296839714,0.00034020282328128815,0.00016424259229097515
7678,0.01709688827395439,0.014396954327821732,0.0012115471763536334,0.00014883869152981788
7679,0.0170961432158947,0.015049525536596775,0.0004834641586057842,0.00015631540736649185
7680,0.01690836250782013,0.01449842844158411,0.0009332040208391845,0.00014767295215278864
7681,0.016753152012825012,0.014822450466454029,0.0003755247744265944,0.00015551756951026618
7682,0.01662806048989296,0.014596682041883469,0.0004779868177138269,0.00015533919213339686
7683,0.01658451184630394,0.014594776555895805,0.00039713061414659023,0.00015926048217806965
7684,0.01660596765577793,0.014689403586089611,0.0003080677706748247,0.000160849594976753
7685,0.016675271093845367,0.014446534216403961,0.000675876101013273,0.0001552861649543047
7686,0.016786813735961914,0.014804442413151264,0.00038153171772137284,0.00016008384409360588
7687,0.01690024696290493,0.014343472197651863,0.0010313179809600115,0.00015254570462275296
7688,0.017113035544753075,0.014923453330993652,0.0005714487051591277,0.00016181342652998865
7689,0.017302941530942917,0.014169754460453987,0.0016202466795220971,0.00015129403618630022
7690,0.01782594621181488,0.015086795203387737,0.0010426185326650739,0.00016965329996310174
7691,0.018256211653351784,0.01392334420233965,0.0027751042507588863,0.00015577636077068746
7692,0.01969827525317669,0.015403969213366508,0.0024800002574920654,0.00018143063061870635
7693,0.020449860021471977,0.013617393560707569,0.005267182365059853,0.000156528374645859
7694,0.023921608924865723,0.01593770645558834,0.006038395222276449,0.00019455072470009327
7695,0.02328348718583584,0.013364356942474842,0.008241357281804085,0.00016777717974036932
7696,0.026762016117572784,0.016298877075314522,0.008364777080714703,0.00020983628928661346
7697,0.02229779027402401,0.013384539633989334,0.007178151980042458,0.00017350979032926261
7698,0.020908743143081665,0.015787336975336075,0.0031433957628905773,0.00019780108414124697
7699,0.018277788534760475,0.013785185292363167,0.002831042278558016,0.00016615618369542062
7700,0.017275886610150337,0.014928610995411873,0.0005543480510823429,0.0001792927214410156
7701,0.017409656196832657,0.014492564834654331,0.0011773320147767663,0.00017397596093360335
7702,0.017963159829378128,0.014284287579357624,0.0020512412302196026,0.0001627630990697071
7703,0.018689408898353577,0.015158233232796192,0.001786339795216918,0.00017448357539251447
7704,0.018011437729001045,0.01405688188970089,0.0024244985543191433,0.00015300560335163027
7705,0.017598992213606834,0.015262022614479065,0.0006724002887494862,0.00016645701543893665
7706,0.017360756173729897,0.014187055639922619,0.0016221468104049563,0.00015515544509980828
7707,0.01769332028925419,0.0149504654109478,0.0010428756941109896,0.00016999783110804856
7708,0.018132247030735016,0.01444434467703104,0.0020136444363743067,0.00016742575098760426
7709,0.018012799322605133,0.01468002237379551,0.0016515613533556461,0.00016812155081424862
7710,0.017507463693618774,0.014550220221281052,0.0012935235863551497,0.00016637207590974867
7711,0.01683061383664608,0.01464761421084404,0.0006045743939466774,0.000157842441694811
7712,0.01654939353466034,0.014543702825903893,0.00047696629189886153,0.00015287232236005366
7713,0.01672007516026497,0.014707370661199093,0.0004719608696177602,0.00015407435421366245
7714,0.017035437747836113,0.014546677470207214,0.0009615524904802442,0.00015272076416295022
7715,0.01725107990205288,0.014599463902413845,0.0010480068158358335,0.00016036095621529967
7716,0.017135202884674072,0.014614484272897243,0.0008841681992635131,0.0001636550441617146
7717,0.016936255618929863,0.01434734370559454,0.0009473094833083451,0.00016416015569120646
7718,0.016798295080661774,0.014764287509024143,0.00035101507091894746,0.0001682992442511022
7719,0.016803501173853874,0.014180262573063374,0.0010395059362053871,0.00015837322280276567
7720,0.016921784728765488,0.014903965406119823,0.0003677152853924781,0.0001650104532018304
7721,0.01697845384478569,0.0141508299857378,0.001309590763412416,0.00015180328045971692
7722,0.017032407224178314,0.01489258836954832,0.0005155979306437075,0.00016242207493633032
7723,0.016886208206415176,0.014181846752762794,0.001173584721982479,0.00015307776629924774
7724,0.0167629886418581,0.014732509851455688,0.00038934010080993176,0.0001641138514969498
7725,0.01659271866083145,0.014244195073843002,0.0007636569789610803,0.00015848674229346216
7726,0.016483360901474953,0.01455516368150711,0.000288904644548893,0.0001639292313484475
7727,0.016423488035798073,0.01434471644461155,0.0004805558128282428,0.00015982164768502116
7728,0.016411330550909042,0.014441181905567646,0.00037971819983795285,0.00015904297470115125
7729,0.016430947929620743,0.01445058360695839,0.0003989697725046426,0.0001581393153173849
7730,0.016468260437250137,0.014341934584081173,0.0005741563509218395,0.00015521683963015676
7731,0.016529494896531105,0.014531570486724377,0.00039914000080898404,0.00015987854567356408
7732,0.016604367643594742,0.01420016959309578,0.0008437060751020908,0.0001560492964927107
7733,0.0167658980935812,0.014632290229201317,0.00048046500887721777,0.0001653143553994596
7734,0.016970040276646614,0.01400317344814539,0.0014013064792379737,0.00015655599418096244
7735,0.017511773854494095,0.014865107834339142,0.0009352673660032451,0.0001711397635517642
7736,0.018157869577407837,0.013714888133108616,0.0028954430017620325,0.00015475379768759012
7737,0.020161384716629982,0.0153632378205657,0.002962054219096899,0.00018360934336669743
7738,0.0217242743819952,0.013258497230708599,0.006853260099887848,0.00016125156253110617
7739,0.02786487154662609,0.016248103231191635,0.009422323666512966,0.00021944432228337973
7740,0.026888085529208183,0.012794984504580498,0.012109268456697464,0.00019838324806187302
7741,0.032695114612579346,0.016857735812664032,0.01312406174838543,0.0002713315770961344
7742,0.02606319636106491,0.01274113729596138,0.0110268983989954,0.00022951612481847405
7743,0.024630017578601837,0.016126621514558792,0.0056558633223176,0.0002847534487955272
7744,0.02417958714067936,0.013225492089986801,0.008828890509903431,0.00021252055012155324
7745,0.0248098261654377,0.015295302495360374,0.0069464631378650665,0.0002568060008343309
7746,0.024716047570109367,0.01412822213023901,0.008394858799874783,0.00021929659123998135
7747,0.021380333229899406,0.014681164175271988,0.004874037578701973,0.00018251320580020547
7748,0.018256880342960358,0.014691834338009357,0.0019428369123488665,0.00016222083650063723
7749,0.016617942601442337,0.014385326765477657,0.0007679616683162749,0.0001464653032599017
7750,0.01792089268565178,0.014922848902642727,0.001404379028826952,0.00015936642012093216
7751,0.020282935351133347,0.014337065629661083,0.004258743021637201,0.0001687126059550792
7752,0.020645681768655777,0.01501124445348978,0.0037124233786016703,0.00019220139074604958
7753,0.019134437665343285,0.014175361022353172,0.0032322853803634644,0.0001726791961118579
7754,0.017278535291552544,0.014963115565478802,0.0006255712360143661,0.00016898484318517148
7755,0.01686849817633629,0.01426367461681366,0.0010966244153678417,0.00015081980382092297
7756,0.017742373049259186,0.014792458154261112,0.0013443578500300646,0.0001605558063602075
7757,0.01817588321864605,0.014702183194458485,0.0019231168553233147,0.00015505838382523507
7758,0.01802636869251728,0.014321834780275822,0.002121569588780403,0.00015829631593078375
7759,0.01749478653073311,0.015048925764858723,0.0007391735562123358,0.00017066877626348287
7760,0.017248285934329033,0.014022639952600002,0.0016520489007234573,0.00015735987108200788
7761,0.017408346757292747,0.015012181363999844,0.0007038194453343749,0.00016923449584282935
7762,0.01722569391131401,0.014243526384234428,0.0014424534747377038,0.0001539714285172522
7763,0.017040438950061798,0.014563975855708122,0.0008926722221076488,0.00015837902901694179
7764,0.01680598594248295,0.01472405530512333,0.0005174292018637061,0.0001564502454129979
7765,0.016840258613228798,0.014163162559270859,0.0011660399613901973,0.00015110551612451673
7766,0.01709633693099022,0.01501273550093174,0.0004801439354196191,0.00016034576401580125
7767,0.017175426706671715,0.014062704518437386,0.001641003880649805,0.0001471719442633912
7768,0.017175113782286644,0.01486898772418499,0.0006897837156429887,0.000161634263349697
7769,0.01677672192454338,0.014241249300539494,0.0010128200519829988,0.00015226518735289574
7770,0.0164863932877779,0.01448687445372343,0.0004296760307624936,0.00015698430070187896
7771,0.016382912173867226,0.014532214030623436,0.00028396956622600555,0.0001566729333717376
7772,0.016501549631357193,0.014195232652127743,0.000786186195909977,0.00015201311907730997
7773,0.016754576936364174,0.014750327914953232,0.00040874973637983203,0.00015954990522004664
7774,0.0169100109487772,0.014062018133699894,0.001366985379718244,0.00014810074935667217
7775,0.017075002193450928,0.014802757650613785,0.0006620392086915672,0.0001610205799806863
7776,0.016947846859693527,0.01404134463518858,0.0014169156784191728,0.00014895871572662145
7777,0.01688099093735218,0.014734866097569466,0.0005426694406196475,0.00016034547297749668
7778,0.01667390763759613,0.014065327122807503,0.001109996810555458,0.0001498583733337
7779,0.016552817076444626,0.014621948823332787,0.00034037555451504886,0.00015904933388810605
7780,0.0164308063685894,0.01411428302526474,0.0008001019014045596,0.00015164207434281707
7781,0.016359912231564522,0.014522475190460682,0.0002654243726283312,0.00015720128430984914
7782,0.016307411715388298,0.014168438501656055,0.0006227644626051188,0.00015162097406573594
7783,0.016271967440843582,0.01444206666201353,0.00028156215557828546,0.00015483389142900705
7784,0.01624407432973385,0.014213270507752895,0.000517222739290446,0.00015135813737288117
7785,0.01622418500483036,0.014368223026394844,0.00032029495923779905,0.00015356673975475132
7786,0.016212299466133118,0.01422338280826807,0.0004652263014577329,0.00015236907347571105
7787,0.01620827056467533,0.014306035824120045,0.0003477313439361751,0.0001554503251099959
7788,0.016210567206144333,0.01419361587613821,0.0004683692241087556,0.00015485820767935365
7789,0.016224073246121407,0.014291061088442802,0.0003583112556952983,0.000157470116391778
7790,0.016257217153906822,0.014120773412287235,0.0005935635999776423,0.0001542880927445367
7791,0.016350893303751945,0.014376570470631123,0.00038665381725877523,0.00015876699762884527
7792,0.016554776579141617,0.013958568684756756,0.0010824014898389578,0.00015138053277041763
7793,0.017155637964606285,0.014637712389230728,0.0008824270917102695,0.00016354983381461352
7794,0.018308371305465698,0.013577562756836414,0.003236738033592701,0.00014940703113097697
7795,0.022219542413949966,0.015349538065493107,0.005023305770009756,0.00018466981418896466
7796,0.026159534230828285,0.012897782027721405,0.011624369770288467,0.00016373832477256656
7797,0.04279526695609093,0.01696278713643551,0.02335263229906559,0.00024798462982289493
7798,0.02902834117412567,0.01271884422749281,0.013867630623281002,0.00024418666725978255
7799,0.026661774143576622,0.01624564826488495,0.007952036336064339,0.0002464089193381369
7800,0.02054143324494362,0.013166865333914757,0.00564094353467226,0.00017336240853182971
7801,0.01999877393245697,0.014853845350444317,0.003030471969395876,0.0002114456583512947
7802,0.022639593109488487,0.014248257502913475,0.0062217628583312035,0.00021695737086702138
7803,0.022403527051210403,0.014143393374979496,0.006350850686430931,0.00019092830189038068
7804,0.021109091117978096,0.014694908633828163,0.0044545698910951614,0.0001959612127393484
7805,0.017052097246050835,0.01434107031673193,0.0011258117156103253,0.0001585215941304341
7806,0.01681556925177574,0.014329600147902966,0.0010055871680378914,0.00014803819067310542
7807,0.019319280982017517,0.014943775720894337,0.0027881525456905365,0.0001587354054208845
7808,0.0189620703458786,0.01446589920669794,0.00286624813452363,0.00016299226263072342
7809,0.017843177542090416,0.014229340478777885,0.0019412573892623186,0.0001672579237492755
7810,0.017856385558843613,0.015152147971093655,0.0008058644598349929,0.00018983730114996433
7811,0.01875464618206024,0.013573875650763512,0.003518834710121155,0.0001661935239098966
7812,0.01886957697570324,0.015398874878883362,0.001578665804117918,0.00018920356524176896
7813,0.01709907129406929,0.014053856953978539,0.0014233635738492012,0.00016218503878917545
7814,0.016836436465382576,0.014556645415723324,0.0007999304216355085,0.00014798597840126604
7815,0.01764199510216713,0.014924030750989914,0.0011522340355440974,0.00015657299081794918
7816,0.01713523268699646,0.014182383194565773,0.0013894179137423635,0.00015634317242074758
7817,0.016550647094845772,0.014704777859151363,0.00020949741883669049,0.00016363711620215327
7818,0.016923239454627037,0.01436797995120287,0.0008993525989353657,0.0001655905944062397
7819,0.017461277544498444,0.014379547908902168,0.0014052927726879716,0.00016764365136623383
7820,0.01737682707607746,0.01438974216580391,0.0012642646906897426,0.00017228200158569962
7821,0.016839375719428062,0.014674230478703976,0.0005314027075655758,0.00016337429406121373
7822,0.01690947450697422,0.014025263488292694,0.0014017595676705241,0.0001482450752519071
7823,0.01720852218568325,0.015011683106422424,0.0005744004738517106,0.00016224391583818942
7824,0.016871154308319092,0.014059378765523434,0.0012690512230619788,0.00015427246398758143
7825,0.016417043283581734,0.014608212746679783,0.00022573211754206568,0.00015830992197152227
7826,0.016366226598620415,0.014377808198332787,0.0003928836085833609,0.00015955339767970145
7827,0.01657276600599289,0.014120703563094139,0.0008527624304406345,0.0001599299575900659
7828,0.016672570258378983,0.014615307562053204,0.00038643903099000454,0.0001670823257882148
7829,0.016445983201265335,0.014064744114875793,0.0008471373002976179,0.00015341024845838547
7830,0.016346147283911705,0.014502355828881264,0.0002788331767078489,0.00015649573470000178
7831,0.01646208018064499,0.014262320473790169,0.0006713772309012711,0.00015283813991118222
7832,0.016616173088550568,0.014367128722369671,0.0007297086995095015,0.00015193360741250217
7833,0.016631705686450005,0.01426350325345993,0.0008220705785788596,0.00015461316797882318
7834,0.016469398513436317,0.014323774725198746,0.0005672447150573134,0.00015783785784151405
7835,0.016314983367919922,0.014096259139478207,0.000626587076112628,0.00015921374142635614
7836,0.01625930517911911,0.01440597977489233,0.00023838039487600327,0.00016149446310009807
7837,0.016302440315485,0.013973753899335861,0.0008155412506312132,0.0001513143943157047
7838,0.01638045348227024,0.014494244940578938,0.00031753268558532,0.00015686763799749315
7839,0.016392895951867104,0.01397316250950098,0.0009405002929270267,0.00014792318688705564
7840,0.01637919433414936,0.014476709999144077,0.00036775507032871246,0.00015347292355727404
7841,0.016294363886117935,0.013965006917715073,0.000866713235154748,0.0001462643122067675
7842,0.01622721552848816,0.014367976225912571,0.0002934348303824663,0.000156580499606207
7843,0.016164308413863182,0.013949602842330933,0.0006718612858094275,0.00015428432379849255
7844,0.016128556802868843,0.014277010224759579,0.00025726668536663055,0.00015942801837809384
7845,0.016112592071294785,0.013934805057942867,0.0006418080301955342,0.00015359788085334003
7846,0.01611204631626606,0.014262087643146515,0.00027697900077328086,0.00015729799633845687
7847,0.016123179346323013,0.013923672959208488,0.0006711912574246526,0.00015283159154932946
7848,0.016143478453159332,0.014279872179031372,0.0003002827288582921,0.00015633241855539382
7849,0.016173887997865677,0.013846127316355705,0.0008054757490754128,0.0001522284437669441
7850,0.01622796431183815,0.014318609610199928,0.0003027243656106293,0.00016066301031969488
7851,0.016326144337654114,0.013698997907340527,0.0010696116369217634,0.00015575347060803324
7852,0.016543468460440636,0.014449154026806355,0.000411786837503314,0.00016825272177811712
7853,0.016970939934253693,0.0134502612054348,0.0019654494244605303,0.00015552299737464637
7854,0.01811334677040577,0.014841262251138687,0.001487277913838625,0.00017848063725978136
7855,0.020091937854886055,0.012976043857634068,0.005520358681678772,0.00015955360140651464
7856,0.02659722790122032,0.01585228368639946,0.008537642657756805,0.00022073020227253437
7857,0.030746938660740852,0.012241753749549389,0.016482308506965637,0.00020228752691764385
7858,0.049838341772556305,0.017608312889933586,0.029027920216321945,0.00032021093647927046
7859,0.030228545889258385,0.012289777398109436,0.01478174515068531,0.000315702345687896
7860,0.02584104984998703,0.01589568518102169,0.006683863699436188,0.00032615006784908473
7861,0.02725829742848873,0.013194623403251171,0.012115836143493652,0.00019478375907056034
7862,0.029646702110767365,0.01459448505192995,0.012492230162024498,0.0002559986896812916
7863,0.031338661909103394,0.014559009112417698,0.014272751286625862,0.0002506901801098138
7864,0.019991232082247734,0.01419566199183464,0.004067736677825451,0.0001727832859614864
7865,0.01647118479013443,0.01409042440354824,0.0008716764859855175,0.00015090843953657895
7866,0.020561987534165382,0.014793294481933117,0.004134457558393478,0.00016342345043085515
7867,0.022217031568288803,0.014533010311424732,0.0058980705216526985,0.0001785951026249677
7868,0.020920047536492348,0.014082027599215508,0.005211213603615761,0.00016268067702185363
7869,0.019287073984742165,0.015376308001577854,0.001673885271884501,0.0002236880682175979
7870,0.019743964076042175,0.013400881551206112,0.004526211880147457,0.0001816870499169454
7871,0.01999194361269474,0.015361414290964603,0.0028276576194912195,0.00018028703925665468
7872,0.016614260151982307,0.014375736936926842,0.0007075401954352856,0.00015309819718822837
7873,0.018378855660557747,0.013657835312187672,0.0032658344134688377,0.00014551861386280507
7874,0.02164635621011257,0.015902500599622726,0.0037462739273905754,0.0001997580548049882
7875,0.01861289143562317,0.013760311529040337,0.0028777788393199444,0.0001974800106836483
7876,0.01788455806672573,0.014679120853543282,0.001621523406356573,0.00015839133993722498
7877,0.019297096878290176,0.014916788786649704,0.0026014670729637146,0.00017788418335840106
7878,0.017141859978437424,0.014128380455076694,0.001315988483838737,0.00016974906611721963
7879,0.016837241128087044,0.014541607350111008,0.000616784964222461,0.00016788490756880492
7880,0.018651729449629784,0.014504040591418743,0.0024295379407703876,0.0001718151179375127
7881,0.018048223108053207,0.014529047533869743,0.0018890064675360918,0.00016301685536745936
7882,0.016969023272395134,0.014187511056661606,0.0010799122974276543,0.0001701599103398621
7883,0.017087945714592934,0.01500613335520029,0.0005054320790804923,0.00015763792907819152
7884,0.017063694074749947,0.014134558849036694,0.0015486093470826745,0.00013805255002807826
7885,0.016541393473744392,0.014495175331830978,0.0005512524512596428,0.00014949649630580097
7886,0.016665920615196228,0.014789982698857784,0.0002667668159119785,0.00016091702855192125
7887,0.01717672124505043,0.013847834430634975,0.001775484997779131,0.00015534019621554762
7888,0.017139745876193047,0.014903140254318714,0.0004375046701170504,0.00017991011554840952
7889,0.016444552689790726,0.014100559987127781,0.0007976635242812335,0.00015463285672012717
7890,0.016427315771579742,0.014322575181722641,0.0005687238299287856,0.00015360164979938418
7891,0.016671795397996902,0.014655133709311485,0.0004634213401004672,0.00015532394172623754
7892,0.01649024337530136,0.014050274156033993,0.0010288007324561477,0.00014111695054452866
7893,0.01635465770959854,0.014570875093340874,0.0002721218334045261,0.00015116612485144287
7894,0.016528192907571793,0.014237500727176666,0.0007575352792628109,0.00015331566100940108
7895,0.016600653529167175,0.014290785416960716,0.0007937803165987134,0.00015160877956077456
7896,0.0163771640509367,0.014264213852584362,0.0005865229177288711,0.00015264273679349571
7897,0.01610596850514412,0.014259662479162216,0.0003231540904380381,0.00015231520228553563
7898,0.01611817441880703,0.014192230999469757,0.0004367880756035447,0.0001489155547460541
7899,0.01630242168903351,0.014288084581494331,0.0005271873087622225,0.00014871494204271585
7900,0.016329072415828705,0.014223922975361347,0.0006627340335398912,0.0001442415959900245
7901,0.016216708347201347,0.014180873520672321,0.0005610890220850706,0.00014747459499631077
7902,0.016079077497124672,0.0143137751147151,0.00029577116947621107,0.0001469531562179327
7903,0.016069108620285988,0.013996824622154236,0.0006336912047117949,0.00014385917165782303
7904,0.01613154076039791,0.014315764419734478,0.00029407357214950025,0.00015217035252135247
7905,0.01615501567721367,0.01396647747606039,0.0006963602500036359,0.0001492177980253473
7906,0.01611136831343174,0.01420618873089552,0.0003869727370329201,0.00015182069910224527
7907,0.01601538620889187,0.014042002148926258,0.0005046242149546742,0.00014687607472296804
7908,0.01593824476003647,0.01407027430832386,0.00039020206895656884,0.00014777685282751918
7909,0.0159195214509964,0.014145531691610813,0.0002913001226261258,0.00014826894039288163
7910,0.01594681665301323,0.013944348320364952,0.000550601165741682,0.00014518671378027648
7911,0.01600699871778488,0.014177811332046986,0.00031927955569699407,0.0001509908033767715
7912,0.016057724133133888,0.01384388841688633,0.0007353534456342459,0.00014784820086788386
7913,0.016122223809361458,0.014199860394001007,0.00037598522612825036,0.00015463783347513527
7914,0.01614946685731411,0.013754138723015785,0.000929074187297374,0.00014662544708698988
7915,0.016231663525104523,0.014253266155719757,0.00042665418004617095,0.00015517430438194424
7916,0.016296127811074257,0.01366021391004324,0.0011724478099495173,0.0001463467051507905
7917,0.01650853641331196,0.014370300807058811,0.0005741185159422457,0.0001564116682857275
7918,0.01673230342566967,0.013487087562680244,0.001809316803701222,0.000143589946674183
7919,0.017396824434399605,0.01457885280251503,0.0011756228050217032,0.00016423480701632798
7920,0.018066857010126114,0.013210354372859001,0.003359102411195636,0.00014974013902246952
7921,0.020223556086421013,0.01499965600669384,0.003420464927330613,0.00018034350068774074
7922,0.021426187828183174,0.012819798663258553,0.007067193277180195,0.0001539195072837174
7923,0.02682720497250557,0.015701774507761,0.009055367670953274,0.00020700616005342454
7924,0.024859512224793434,0.012551520019769669,0.010479385033249855,0.00018286066188011318
7925,0.028074774891138077,0.015968333929777145,0.00983346812427044,0.0002272973069921136
7926,0.022262055426836014,0.012654293328523636,0.007795452140271664,0.0001812309492379427
7927,0.020036490634083748,0.015180946327745914,0.0027570929378271103,0.00020984510774724185
7928,0.018567655235528946,0.013203064911067486,0.003629485610872507,0.00017351047426927835
7929,0.01853150501847267,0.01431205216795206,0.0023858926724642515,0.00018335602362640202
7930,0.019071554765105247,0.013994826935231686,0.003284614998847246,0.0001792112016119063
7931,0.018375100567936897,0.013803550973534584,0.003026156220585108,0.0001545394625281915
7932,0.01761864870786667,0.014463282190263271,0.0015794599894434214,0.000157590679009445
7933,0.016389405354857445,0.013732600025832653,0.0012527359649538994,0.0001404069334967062
7934,0.01643233373761177,0.014405233785510063,0.0005200438317842782,0.00015070561494212598
7935,0.017443634569644928,0.013884449377655983,0.0020360760390758514,0.00015231086581479758
7936,0.018232064321637154,0.014262032695114613,0.0023274587001651525,0.00016425730427727103
7937,0.01822766661643982,0.013854841701686382,0.0027263949159532785,0.00016464294458273798
7938,0.01730062998831272,0.014313631691038609,0.0013412409462034702,0.00016457571473438293
7939,0.016552206128835678,0.013676203787326813,0.0013417144073173404,0.00015342875849455595
7940,0.016407925635576248,0.014486359432339668,0.000365122890798375,0.0001556443894514814
7941,0.016537318006157875,0.01370676513761282,0.001424911548383534,0.00014056410873308778
7942,0.016658160835504532,0.014373959973454475,0.0007889952976256609,0.00014952063793316483
7943,0.016318809241056442,0.013952784240245819,0.0009153581340797246,0.00014506670413538814
7944,0.016101568937301636,0.013888570480048656,0.0007044103695079684,0.00015085871564224362
7945,0.016186611726880074,0.014294730499386787,0.0002834234619513154,0.00016084570961538702
7946,0.016491681337356567,0.013510688208043575,0.001450820011086762,0.0001530173176433891
7947,0.016807060688734055,0.014526436105370522,0.0006153447320684791,0.0001665280433371663
7948,0.016698677092790604,0.01347349677234888,0.0017514422070235014,0.0001473737065680325
7949,0.016489867120981216,0.014465706422924995,0.00045989174395799637,0.00015642699145246297
7950,0.01615307107567787,0.013659373857080936,0.0010564987314864993,0.00014371990982908756
7951,0.015961013734340668,0.01416811440140009,0.0002894242061302066,0.00015034744865261018
7952,0.015920378267765045,0.013873987831175327,0.0005461092805489898,0.00015002819418441504
7953,0.015961358323693275,0.013852360658347607,0.0005947196623310447,0.00015142778283916414
7954,0.016019614413380623,0.014041864313185215,0.0004106781561858952,0.00015670721768401563
7955,0.016013018786907196,0.01367554534226656,0.0008473596535623074,0.00014901145186740905
7956,0.016020525246858597,0.014162043109536171,0.0003112958511337638,0.00015471858205273747
7957,0.01600666716694832,0.013615002855658531,0.0009393339860253036,0.00014523295976687223
7958,0.016039680689573288,0.014213121496140957,0.0002953958755824715,0.00015311641618609428
7959,0.016085520386695862,0.013559899292886257,0.0010562665993347764,0.0001469355047447607
7960,0.016146861016750336,0.014195740222930908,0.0003699864028021693,0.00015811348566785455
7961,0.01619458571076393,0.013488983735442162,0.0011818844359368086,0.0001523716637166217
7962,0.016226109117269516,0.014178750105202198,0.0004225873271934688,0.0001624770520720631
7963,0.016233906149864197,0.013441499322652817,0.0012695514596998692,0.00015228566189762205
7964,0.016244962811470032,0.014217616058886051,0.00042439516982994974,0.00016029509424697608
7965,0.01627497375011444,0.013396265916526318,0.0013983369572088122,0.0001480370556237176
7966,0.016410306096076965,0.014309481717646122,0.0005080536939203739,0.00015927695494610816
7967,0.016666961833834648,0.013260631822049618,0.0019460853654891253,0.00014602455485146493
7968,0.017428338527679443,0.014509684406220913,0.001246999716386199,0.00016716551908757538
7969,0.01844518631696701,0.012959858402609825,0.003995697014033794,0.0001489632559241727
7970,0.021723397076129913,0.015032518655061722,0.004813298117369413,0.00018775806529447436
7971,0.023536846041679382,0.012515650130808353,0.009401231072843075,0.0001619965332793072
7972,0.03213171660900116,0.015971001237630844,0.013912619091570377,0.00022480972984340042
7973,0.02637522481381893,0.012313077226281166,0.012059692293405533,0.0002002455439651385
7974,0.027306878939270973,0.015860339626669884,0.009060937911272049,0.00023856019834056497
7975,0.021841874346137047,0.012531090527772903,0.0074641043320298195,0.00018466796609573066
7976,0.02055053971707821,0.014896098524332047,0.003404534887522459,0.0002249905519420281
7977,0.021390199661254883,0.013183077797293663,0.006208956241607666,0.00019981656805612147
7978,0.022537115961313248,0.014212382026016712,0.006261100526899099,0.00020636334375012666
7979,0.022830728441476822,0.0138558279722929,0.007021731697022915,0.00019531695579644293
7980,0.019291121512651443,0.014045813120901585,0.003632982261478901,0.00016123268869705498
7981,0.016551878303289413,0.013901597820222378,0.001201699604280293,0.0001448580587748438
7982,0.015947282314300537,0.014218933880329132,0.0003184775123372674,0.00014098714746069163
7983,0.01721746288239956,0.013876073993742466,0.0019243134884163737,0.00014170768554322422
7984,0.018674451857805252,0.014147531241178513,0.0029571428894996643,0.00015697786875534803
7985,0.018029509112238884,0.0141519196331501,0.0022508713882416487,0.00016267187311314046
7986,0.017322218045592308,0.013490931130945683,0.002238662214949727,0.00015926243213471025
7987,0.017329057678580284,0.01466816384345293,0.0009080090094357729,0.0001752884272718802
7988,0.017567556351423264,0.013270561583340168,0.0027533196844160557,0.00015436742978636175
7989,0.01753968372941017,0.014737524092197418,0.0011973263463005424,0.0001604832214070484
7990,0.016351161524653435,0.013659690506756306,0.0013190790778025985,0.00013723925803788006
7991,0.015779908746480942,0.014010344631969929,0.0003418831911403686,0.00014276803995016962
7992,0.016143186017870903,0.014298609457910061,0.00030199612956494093,0.00015425801393575966
7993,0.016741758212447166,0.013400409370660782,0.0018298436189070344,0.00015115055430214852
7994,0.017057839781045914,0.014545557089149952,0.000785588868893683,0.0001726694026729092
7995,0.016616862267255783,0.013389216735959053,0.0016929558478295803,0.00015346883446909487
7996,0.016302037984132767,0.014291133731603622,0.0004367719229776412,0.00015741332026664168
7997,0.0162703488022089,0.013788998126983643,0.0010161661775782704,0.0001465185050619766
7998,0.016311191022396088,0.013964383862912655,0.0009329816675744951,0.00014138256665319204
7999,0.016224918887019157,0.014064195565879345,0.0006995119620114565,0.0001461211941204965
8000,0.015920834615826607,0.01375421229749918,0.0007360686431638896,0.0001430553093086928
8001,0.01575949788093567,0.014015826396644115,0.0002253401034977287,0.0001518331264378503
8002,0.015839163213968277,0.013713033869862556,0.0006124702049419284,0.0001513658935436979
8003,0.016060655936598778,0.013930533081293106,0.000594564073253423,0.0001535559567855671
8004,0.0162265095859766,0.013760839588940144,0.0009468872449360788,0.00015187825192697346
8005,0.016184138134121895,0.013933434151113033,0.0007727453485131264,0.0001477958430768922
8006,0.01600976660847664,0.013763283379375935,0.0007911010179668665,0.00014553820074070245
8007,0.01579701341688633,0.013940641656517982,0.0004054018354509026,0.00014509697211906314
8008,0.01566614769399166,0.013698490336537361,0.0005240297177806497,0.00014436274068430066
8009,0.01565210148692131,0.013894240371882915,0.00026138400426134467,0.00014964767615310848
8010,0.015719909220933914,0.01364536490291357,0.0005996106774546206,0.00014749329420737922
8011,0.01582770235836506,0.013856886886060238,0.0004505236865952611,0.00015202916983980685
8012,0.015890177339315414,0.01364742498844862,0.000788751698564738,0.00014540000120177865
8013,0.015948127955198288,0.013868320733308792,0.0005966652533970773,0.00014831413864158094
8014,0.015926426276564598,0.01363910548388958,0.0008760378696024418,0.00014112831559032202
8015,0.015936173498630524,0.013903520070016384,0.0005638363072648644,0.0001468816481065005
8016,0.01591053046286106,0.013533329591155052,0.0009635343449190259,0.00014136661775410175
8017,0.01599816232919693,0.01396837830543518,0.0005075500812381506,0.00015222327783703804
8018,0.01611306704580784,0.013334454037249088,0.001329700113274157,0.00014489128079731017
8019,0.016525613144040108,0.01415205467492342,0.0007710432400926948,0.00016025154036469758
8020,0.017041221261024475,0.01305693481117487,0.0025292818900197744,0.0001455004239687696
8021,0.01855994015932083,0.014570091851055622,0.002270435681566596,0.00017194129759445786
8022,0.019996292889118195,0.012652445584535599,0.005829134490340948,0.0001514711620984599
8023,0.02494777739048004,0.015337173826992512,0.007583376485854387,0.00020272265828680247
8024,0.025631003081798553,0.012184111401438713,0.011645474471151829,0.0001801416219677776
8025,0.03315235301852226,0.016124043613672256,0.014494368806481361,0.00025339395506307483
8026,0.026199687272310257,0.012085674330592155,0.011916683986783028,0.00021973282855469733
8027,0.024679072201251984,0.015547962859272957,0.006522061303257942,0.0002609047223813832
8028,0.02200276218354702,0.012494015507400036,0.007636683061718941,0.00018720648949965835
8029,0.021271344274282455,0.014592913910746574,0.004462839104235172,0.00022155909391585737
8030,0.02125839702785015,0.013372445479035378,0.005939319729804993,0.00019466310914140195
8031,0.020140251144766808,0.013860831037163734,0.0046000294387340546,0.00016793904069345444
8032,0.0188442412763834,0.014108611270785332,0.0031077838502824306,0.00016278451948892325
8033,0.016508257016539574,0.013548275455832481,0.001575845293700695,0.00013841368490830064
8034,0.016120700165629387,0.01426762342453003,0.00040226447163149714,0.00014508128515444696
8035,0.017481429502367973,0.013591459952294827,0.0024263125378638506,0.00014636575360782444
8036,0.018959686160087585,0.014198973774909973,0.0030837857630103827,0.00016769266221672297
8037,0.0192136038094759,0.013617686927318573,0.003933007828891277,0.00016629084711894393
8038,0.01770571991801262,0.014160635881125927,0.0018932553939521313,0.00016518284974154085
8039,0.01632106862962246,0.013491264544427395,0.0013355310074985027,0.00014942727284505963
8040,0.016006149351596832,0.014192245900630951,0.0003070684033446014,0.0001506834669271484
8041,0.016423771157860756,0.013670356944203377,0.001368759898468852,0.00013846540241502225
8042,0.016924232244491577,0.013978204689919949,0.0014863722026348114,0.00014596556138712913
8043,0.016742048785090446,0.014031309634447098,0.0012351253535598516,0.00014756138261873275
8044,0.01649445667862892,0.013483707793056965,0.0015243235975503922,0.00014864256081636995
8045,0.016463404521346092,0.014320296235382557,0.000520349305588752,0.00016227582818828523
8046,0.01651957631111145,0.013258778490126133,0.0017824287060648203,0.0001478369813412428
8047,0.016551364213228226,0.014281692914664745,0.0006692371680401266,0.00016004344797693193
8048,0.016110584139823914,0.013496237806975842,0.0012022049631923437,0.0001412140263710171
8049,0.01577397808432579,0.013907505199313164,0.00042508222395554185,0.00014413912140298635
8050,0.01565547101199627,0.013928298838436604,0.000311871524900198,0.0001415301812812686
8051,0.015839656814932823,0.013488654047250748,0.0009601058554835618,0.0001390896359225735
8052,0.016167549416422844,0.014209534041583538,0.00042392121395096183,0.00015340933168772608
8053,0.016289614140987396,0.013276972807943821,0.0015732531901448965,0.00014393879973795265
8054,0.01629495806992054,0.014183912426233292,0.0005175172118470073,0.00015935285773593932
8055,0.01599026843905449,0.013342326506972313,0.0012080739252269268,0.00014398671919479966
8056,0.015729423612356186,0.013969608582556248,0.0002577681443654001,0.0001502046943642199
8057,0.01553396601229906,0.013577102683484554,0.0005390153964981437,0.0001417848252458498
8058,0.015476035885512829,0.013705424964427948,0.0003508019435685128,0.0001419808395439759
8059,0.015528697520494461,0.013804235495626926,0.00027765892446041107,0.00014468027802649885
8060,0.01564209535717964,0.013468379154801369,0.0007596471114084125,0.00014140695566311479
8061,0.015805542469024658,0.013956748880445957,0.0003389674238860607,0.00015098271251190454
8062,0.015933439135551453,0.01328661385923624,0.0012305066920816898,0.0001416318555129692
8063,0.01614370383322239,0.014073395170271397,0.0005244866479188204,0.000154582186951302
8064,0.01625683717429638,0.01316747348755598,0.0016743021551519632,0.00014150618517305702
8065,0.016566192731261253,0.014188743196427822,0.0008110629860311747,0.0001566387218190357
8066,0.016733631491661072,0.01304966676980257,0.002283688634634018,0.0001400276378262788
8067,0.017371222376823425,0.014337542466819286,0.001425691181793809,0.00016079877968877554
8068,0.017706412822008133,0.012880375608801842,0.003406505100429058,0.00014195320545695722
8069,0.019172824919223785,0.014578795060515404,0.0028814892284572124,0.00017125395243056118
8070,0.019548114389181137,0.012656041420996189,0.005426217336207628,0.00014658548752777278
8071,0.022270990535616875,0.014927889220416546,0.005503795575350523,0.00018393060599919409
8072,0.021303784102201462,0.012481268495321274,0.007258318364620209,0.00015641981735825539
8073,0.023300522938370705,0.015098289586603642,0.006254029460251331,0.00019482035713735968
8074,0.020364563912153244,0.012507032603025436,0.0062445285730063915,0.0001613002095837146
8075,0.01953490823507309,0.014764020219445229,0.0028890068642795086,0.00018818814714904875
8076,0.017773648723959923,0.012772934511303902,0.0034225331619381905,0.0001578179799253121
8077,0.017044074833393097,0.014222631230950356,0.0010723746381700039,0.00017490691971033812
8078,0.016899175941944122,0.013217983767390251,0.0020652906969189644,0.00016159018559847027
8079,0.017054244875907898,0.013782517984509468,0.0016951796133071184,0.00015765466378070414
8080,0.01723608747124672,0.013676634058356285,0.002004808746278286,0.00015546449867542833
8081,0.016816232353448868,0.01353748794645071,0.001861821860074997,0.00014169215864967555
8082,0.016383420675992966,0.013901262544095516,0.0010222657583653927,0.0001459892955608666
8083,0.01575598306953907,0.013456798158586025,0.0009221772197633982,0.0001377008156850934
8084,0.015533840283751488,0.01384983491152525,0.0002291731652803719,0.00014548325270880014
8085,0.01572033204138279,0.013468783348798752,0.0007976280758157372,0.00014539204130414873
8086,0.016151534393429756,0.01375111099332571,0.0008960021659731865,0.00015044207975734025
8087,0.0165818240493536,0.013498994521796703,0.0015454136300832033,0.00015374159556813538
8088,0.016712356358766556,0.01375682931393385,0.0014459192752838135,0.0001509608409833163
8089,0.016634495928883553,0.013474676758050919,0.0016579353250563145,0.00015018843987490982
8090,0.016321752220392227,0.013832212425768375,0.0010004349751397967,0.00014891054888721555
8091,0.01600492186844349,0.01336584147065878,0.0011923409765586257,0.00014467391883954406
8092,0.015783468261361122,0.013880131766200066,0.00038875278551131487,0.0001514584437245503
8093,0.015707701444625854,0.013240503147244453,0.0010165078565478325,0.00014506900333799422
8094,0.015776775777339935,0.01389690674841404,0.00032923780963756144,0.00015506308409385383
8095,0.015878332778811455,0.013181902468204498,0.0012633041478693485,0.00014331273268908262
8096,0.016095081344246864,0.013930830173194408,0.0006269188597798347,0.00015373318456113338
8097,0.016142459586262703,0.013182079419493675,0.0015732336323708296,0.00013871461851522326
8098,0.01635328121483326,0.013967415317893028,0.0008805947727523744,0.00015052713570185006
8099,0.016285553574562073,0.013150259852409363,0.0017584767192602158,0.0001376816217089072
8100,0.016458697617053986,0.013976029120385647,0.0009467245545238256,0.00015359440294560045
8101,0.016355710104107857,0.013052803464233875,0.0018797217635437846,0.00014231853128876537
8102,0.016581261530518532,0.014010228216648102,0.0009675575420260429,0.00016034759755712003
8103,0.016582241281867027,0.01292265485972166,0.0022092610597610474,0.0001450325653422624
8104,0.017061637714505196,0.014161846600472927,0.0012499835574999452,0.0001649807527428493
8105,0.017311548814177513,0.0127560468390584,0.0030966068152338266,0.0001458893675589934
8106,0.018382547423243523,0.014455221593379974,0.0021890481002628803,0.00017382785154040903
8107,0.01898963376879692,0.012496300972998142,0.004959587939083576,0.00015337453805841506
8108,0.021129891276359558,0.014865404926240444,0.0042840964160859585,0.00019803910981863737
8109,0.021824587136507034,0.012166334316134453,0.007916701957583427,0.00017415506590623409
8110,0.02487492747604847,0.015307795256376266,0.007186539471149445,0.00023805932141840458
8111,0.02458946965634823,0.01193439494818449,0.010656043887138367,0.00019990303553640842
8112,0.02635074220597744,0.015498779714107513,0.008186772465705872,0.0002665189385879785
8113,0.024596182629466057,0.01199578307569027,0.010567963123321533,0.00020324367505963892
8114,0.02329445630311966,0.015157558023929596,0.005673812236636877,0.000246308627538383
8115,0.020584791898727417,0.012464544735848904,0.006358799524605274,0.00017614485113881528
8116,0.01803823933005333,0.014340213499963284,0.0019077691249549389,0.0001790257665561512
8117,0.01621129736304283,0.013280282728374004,0.0014455029740929604,0.00014855120389256626
8118,0.01565827801823616,0.013417650945484638,0.0008457404328510165,0.00013948872219771147
8119,0.016367232427001,0.014146323315799236,0.0006689360016025603,0.00015519725275225937
8120,0.017499078065156937,0.012798928655683994,0.003200213424861431,0.00014999360428191721
8121,0.0186166949570179,0.014636095613241196,0.0021489448845386505,0.00018316537898499519
8122,0.018573423847556114,0.012676802463829517,0.004317125771194696,0.0001579495146870613
8123,0.017800258472561836,0.01446425262838602,0.0015850437339395285,0.000175096356542781
8124,0.016498945653438568,0.013029036112129688,0.00201087212190032,0.00014590374485123903
8125,0.01554141752421856,0.013823173940181732,0.0002561092551331967,0.00014621340960729867
8126,0.01530773937702179,0.013615821488201618,0.0002598758146632463,0.00014320418995339423
8127,0.015728628262877464,0.013203238137066364,0.0010851199040189385,0.00014402702799998224
8128,0.016393672674894333,0.014109056442975998,0.0006927969516254961,0.00015918190183583647
8129,0.01680907979607582,0.01290679257363081,0.0024236198514699936,0.00014786679821554571
8130,0.016865991055965424,0.014262751676142216,0.000977855990640819,0.00016253824287559837
8131,0.01649264432489872,0.012955577112734318,0.0021330874878913164,0.00014039804227650166
8132,0.01621992141008377,0.014061672613024712,0.0006541588809341192,0.00015040890139061958
8133,0.01599220186471939,0.013184812851250172,0.0014593587256968021,0.00013480294728651643
8134,0.01618485525250435,0.01374988816678524,0.0009707283461466432,0.00014642385940533131
8135,0.016304822638630867,0.013377411291003227,0.0015355327632278204,0.00013918780314270407
8136,0.016546113416552544,0.013594033196568489,0.0014640010194852948,0.0001488079287810251
8137,0.016444126144051552,0.013395738787949085,0.0016509601846337318,0.00013974263856653124
8138,0.016451679170131683,0.013682093471288681,0.0013010099064558744,0.00014685756468679756
8139,0.016272801905870438,0.013217552565038204,0.0017066916916519403,0.0001348558289464563
8140,0.016541119664907455,0.013928685337305069,0.0011239289306104183,0.00014885056589264423
8141,0.016709744930267334,0.012923866510391235,0.0024244114756584167,0.00013614672934636474
8142,0.017609911039471626,0.014220060780644417,0.0017768279649317265,0.00016130234871525317
8143,0.01801714487373829,0.012643187306821346,0.003949527628719807,0.00014244302292354405
8144,0.019715525209903717,0.014522886835038662,0.003446293296292424,0.00017463462427258492
8145,0.019735507667064667,0.012482722289860249,0.005803551524877548,0.00014492344052996486
8146,0.022045060992240906,0.014756192453205585,0.005511783063411713,0.00017770857084542513
8147,0.020285524427890778,0.012523556128144264,0.006323217414319515,0.00014387522242031991
8148,0.020922932773828506,0.01459870208054781,0.004646665416657925,0.00016775642870925367
8149,0.018048372119665146,0.012792203575372696,0.0038561481051146984,0.00014000202645547688
8150,0.016722586005926132,0.013978815637528896,0.0011989809572696686,0.00015447897021658719
8151,0.015504196286201477,0.013240806758403778,0.0008269557729363441,0.0001436433958588168
8152,0.015239293687045574,0.01334925927221775,0.00041645110468380153,0.00014735829608980566
8153,0.015701301395893097,0.013770674355328083,0.00038585293805226684,0.00015447742771357298
8154,0.016371196135878563,0.012993508018553257,0.001972462981939316,0.00014052244659978896
8155,0.017177322879433632,0.01415572501718998,0.0014653290854766965,0.00015562682528980076
8156,0.016811907291412354,0.012947316281497478,0.0025055573787540197,0.0001359033485641703
8157,0.016472134739160538,0.014074211940169334,0.000899597245734185,0.00014983264554757625
8158,0.01570706255733967,0.013131852261722088,0.0011998875997960567,0.00013753226085100323
8159,0.015342330560088158,0.013651043176651001,0.00022603105753660202,0.0001465256355004385
8160,0.015397738665342331,0.013437310233712196,0.0004918119520880282,0.00014686162467114627
8161,0.015696657821536064,0.013296675868332386,0.000968318956438452,0.00014316634042188525
8162,0.01606106385588646,0.013715588487684727,0.0008341209031641483,0.00015113542031031102
8163,0.0160233061760664,0.013180340640246868,0.001478669117204845,0.00013642966223414987
8164,0.01593967340886593,0.013791576027870178,0.0007013824069872499,0.00014467141591012478
8165,0.01557171531021595,0.01321705337613821,0.0010046758688986301,0.00013499851047527045
8166,0.015325643122196198,0.01362772285938263,0.0002575682010501623,0.0001440352207282558
8167,0.01521192118525505,0.013294368982315063,0.0004853812279179692,0.00014321708295028657
8168,0.015262083150446415,0.013405606150627136,0.00038458401104435325,0.00014718926104251295
8169,0.015421176329255104,0.013391795568168163,0.0005321374046616256,0.00014972436474636197
8170,0.015588803216814995,0.01329677551984787,0.0008531240746378899,0.0001438904000679031
8171,0.015774250030517578,0.013491759076714516,0.0008105150191113353,0.00014719757018610835
8172,0.015820182859897614,0.013281859457492828,0.001160385669209063,0.00013779374421574175
8173,0.01590610295534134,0.013516491279006004,0.0009506472270004451,0.00014389643911272287
8174,0.015831710770726204,0.013258161954581738,0.0011796415783464909,0.0001393907587043941
8175,0.015835046768188477,0.013450341299176216,0.0009065219201147556,0.00014781832578592002
8176,0.015734555199742317,0.013216478750109673,0.0010696961544454098,0.0001448379916837439
8177,0.01573113165795803,0.013391004875302315,0.0008316048770211637,0.00015085212362464517
8178,0.015679748728871346,0.013202170841395855,0.001036639790982008,0.00014409382129088044
8179,0.015749812126159668,0.013412795960903168,0.0008563112933188677,0.00014807052502874285
8180,0.015798475593328476,0.013180040754377842,0.0012266647536307573,0.00013917707838118076
8181,0.016063671559095383,0.013495448045432568,0.001102713285945356,0.00014655101404059678
8182,0.016316939145326614,0.013062509708106518,0.0018737299833446741,0.00013806999777443707
8183,0.017166458070278168,0.013654202222824097,0.0019846302457153797,0.00015276263002306223
8184,0.017858417704701424,0.012827355414628983,0.0036296092439442873,0.000140145217301324
8185,0.02044021151959896,0.014015781693160534,0.0047856587916612625,0.00016387712094001472
8186,0.021146545186638832,0.012549285776913166,0.0071807545609772205,0.00014165040920488536
8187,0.026340562850236893,0.014567548409104347,0.010027030482888222,0.00017459849186707288
8188,0.022677622735500336,0.012448782101273537,0.008743273094296455,0.00014855680637992918
8189,0.02362280897796154,0.014512110501527786,0.007410827092826366,0.00016998710634652525
8190,0.018211103975772858,0.012655038386583328,0.0041055879555642605,0.0001450478011975065
8191,0.01592586189508438,0.013738121837377548,0.0006021223962306976,0.00015856168465688825
8192,0.015362590551376343,0.013105211779475212,0.0007131840102374554,0.00015441939467564225
8193,0.01660662144422531,0.013180047273635864,0.0018524517072364688,0.00015741228708066046
8194,0.01889670267701149,0.013555369339883327,0.0036122100427746773,0.00017291239055339247
8195,0.019303778186440468,0.013279133476316929,0.004474283661693335,0.00015503616305068135
8196,0.01983349397778511,0.013308171182870865,0.004921433515846729,0.0001603890850674361
8197,0.019845489412546158,0.014067653566598892,0.003973613027483225,0.00018042225565295666
8198,0.02195170894265175,0.012354625388979912,0.007759365253150463,0.00018377187370788306
8199,0.02627657726407051,0.015215247869491577,0.008217230439186096,0.0002844098780769855
8200,0.030557861551642418,0.011583358980715275,0.016434641554951668,0.0002539859851822257
8201,0.03366338089108467,0.015832513570785522,0.01398841105401516,0.0003842457663267851
8202,0.031125394627451897,0.01170667726546526,0.016908416524529457,0.00025102999643422663
8203,0.025087062269449234,0.015027888119220734,0.007335617672652006,0.00027235568268224597
8204,0.018469130620360374,0.012973685748875141,0.004003855399787426,0.0001491589064244181
8205,0.015721680596470833,0.013389160856604576,0.0010541821829974651,0.00012783362763002515
8206,0.017911408096551895,0.014492272399365902,0.0017758633475750685,0.00016432724078185856
8207,0.021466895937919617,0.012342013418674469,0.007217659614980221,0.00019072210125159472
8208,0.022524842992424965,0.01486216764897108,0.0051515549421310425,0.0002511118946131319
8209,0.019351916387677193,0.012612566351890564,0.005097674205899239,0.0001641676208237186
8210,0.01578414812684059,0.013798071071505547,0.0004946801927872002,0.00014913963968865573
8211,0.015659986063838005,0.01388061698526144,0.00032763302442617714,0.0001451736461604014
8212,0.018132474273443222,0.012735094875097275,0.0036624548956751823,0.00017349240079056472
8213,0.019552307203412056,0.014612137340009212,0.002986918669193983,0.0001953251485247165
8214,0.017957955598831177,0.012692375108599663,0.0037927604280412197,0.00014728195674251765
8215,0.015759721398353577,0.013909881934523582,0.00036202743649482727,0.0001487811969127506
8216,0.015674693509936333,0.013535927049815655,0.0007344179321080446,0.00014043481496628374
8217,0.017066672444343567,0.013022524304687977,0.002301819622516632,0.0001742328895488754
8218,0.01737300120294094,0.014070311561226845,0.0016389229567721486,0.00016637673252262175
8219,0.0161743201315403,0.012999298982322216,0.0018205749802291393,0.00013544457033276558
8220,0.015333372168242931,0.01369187980890274,0.0002944916195701808,0.00013470006524585187
8221,0.015989938750863075,0.013544771820306778,0.0011464768322184682,0.0001298690476687625
8222,0.017041221261024475,0.013320591300725937,0.0021343629341572523,0.0001586267026141286
8223,0.0168308112770319,0.013552253134548664,0.001903645577840507,0.00013749118079431355
8224,0.016164176166057587,0.013571047224104404,0.0012036217376589775,0.00013895075244363397
8225,0.016028817743062973,0.012944744899868965,0.0017801969079300761,0.000130387517856434
8226,0.0169841255992651,0.014158248901367188,0.0012336273211985826,0.00015922499005682766
8227,0.017566293478012085,0.012592646293342113,0.003478871425613761,0.0001494776806794107
8228,0.01815623790025711,0.014346332289278507,0.002218179404735565,0.00015917274868115783
8229,0.018168980255723,0.012675818055868149,0.004236234351992607,0.00012569274986162782
8230,0.02065487578511238,0.014246795326471329,0.004917027894407511,0.00014910538448020816
8231,0.020901354029774666,0.012798107229173183,0.006836897227913141,0.00012663482630159706
8232,0.024384213611483574,0.01440137904137373,0.008347565308213234,0.00016352698730770499
8233,0.020925283432006836,0.012677300721406937,0.006925229448825121,0.00013227533781901002
8234,0.02084178291261196,0.014441343955695629,0.004804237745702267,0.00015962010365910828
8235,0.01769142597913742,0.012639150954782963,0.003708288539201021,0.00013439853501040488
8236,0.016337670385837555,0.014015669003129005,0.0007674486842006445,0.0001554553455207497
8237,0.015479767695069313,0.013087833300232887,0.0009593546274118125,0.00014325797383207828
8238,0.015476711094379425,0.013288242742419243,0.0007997484062798321,0.00013887199747841805
8239,0.016296805813908577,0.013845412991940975,0.0009307863074354827,0.00015206060197670013
8240,0.01694430783390999,0.01275669690221548,0.002821076661348343,0.00013665348524227738
8241,0.017572227865457535,0.01426943950355053,0.0017210232326760888,0.00015817656822036952
8242,0.016603657975792885,0.012817507609724998,0.00244719535112381,0.00013389553350862116
8243,0.01567777805030346,0.013876739889383316,0.0003970216785091907,0.00014040166570339352
8244,0.015083324164152145,0.013341912999749184,0.00041992933256551623,0.0001321481104241684
8245,0.015254586935043335,0.013163391500711441,0.0007595963543280959,0.00013315991964191198
8246,0.01588767021894455,0.013861664570868015,0.0005179933505132794,0.0001508011482656002
8247,0.016212299466133118,0.01282424945384264,0.00200533214956522,0.00013827180373482406
8248,0.01626492477953434,0.01396486721932888,0.0007917112670838833,0.0001508346467744559
8249,0.01569157838821411,0.013010508380830288,0.0013804467162117362,0.00013006232620682567
8250,0.015250487253069878,0.01361857634037733,0.0002935381780844182,0.00013383734039962292
8251,0.015052203088998795,0.013412704691290855,0.0003309735329821706,0.0001308524515479803
8252,0.015158962458372116,0.013158297166228294,0.000675940653309226,0.0001324724144069478
8253,0.015412207692861557,0.013672693632543087,0.0002900560502894223,0.00014494579227175564
8254,0.015571692027151585,0.012922634370625019,0.0012767498847097158,0.00013723074516747147
8255,0.01567516289651394,0.013686961494386196,0.0005028628511354327,0.00014853379980195314
8256,0.015517733991146088,0.012992103584110737,0.0011937497183680534,0.00013318804849404842
8257,0.015393070876598358,0.013549200259149075,0.0004532059538178146,0.00013906652748119086
8258,0.01518935151398182,0.013185549527406693,0.0007056634640321136,0.00012981392501387745
8259,0.01505201868712902,0.013346400111913681,0.00036209297832101583,0.00013435260916594416
8260,0.014964153990149498,0.013294863514602184,0.00031725113512948155,0.0001352039398625493
8261,0.014944267459213734,0.013155132532119751,0.0004172827466391027,0.00013718518312089145
8262,0.014987267553806305,0.0133233442902565,0.00023845455143600702,0.000142546821734868
8263,0.015072682872414589,0.013048134744167328,0.0006424118764698505,0.0001382136979373172
8264,0.015211159363389015,0.013385714963078499,0.0003942782059311867,0.00014311663107946515
8265,0.015339803881943226,0.01298589538782835,0.001027453108690679,0.00013264553854241967
8266,0.015598464757204056,0.013512331992387772,0.0006810324848629534,0.00014050999016035348
8267,0.015809468924999237,0.012852273881435394,0.0016636780928820372,0.00012935166887473315
8268,0.016430316492915154,0.01369045116007328,0.0012781573459506035,0.00014617083070334047
8269,0.01688786968588829,0.01260360050946474,0.002957827877253294,0.00013264415611047298
8270,0.01854798011481762,0.013981291092932224,0.0029703984037041664,0.00015962900943122804
8271,0.01922501251101494,0.012309406884014606,0.005543929524719715,0.00013716763351112604
8272,0.022889025509357452,0.014439716935157776,0.006714025977998972,0.000173528358573094
8273,0.021800009533762932,0.012128668837249279,0.008234389126300812,0.00014369511336553842
8274,0.02490866556763649,0.014682942070066929,0.008448928594589233,0.00017767961253412068
8275,0.020130719989538193,0.012241297401487827,0.006430803798139095,0.00014586186443921179
8276,0.018407685682177544,0.014111298136413097,0.0026636351831257343,0.00016327519551850855
8277,0.01586717925965786,0.012662138789892197,0.0018004300072789192,0.00014046099386177957
8278,0.015059174969792366,0.013288773596286774,0.00026614186936058104,0.00015042588347569108
8279,0.01555818971246481,0.013305745087563992,0.0006954172858968377,0.0001557027135277167
8280,0.01649477519094944,0.012747323140501976,0.0023211040534079075,0.00014263487537391484
8281,0.017647799104452133,0.013868090696632862,0.0021836399100720882,0.0001596068759681657
8282,0.01679101586341858,0.012661411426961422,0.002769316779449582,0.0001360288297291845
8283,0.016082528978586197,0.013817817904055119,0.000803234288468957,0.00014614764950238168
8284,0.01534192357212305,0.012918663211166859,0.001083600684069097,0.00013396602298598737
8285,0.01541189942508936,0.01334806066006422,0.000638497993350029,0.0001425341033609584
8286,0.0159925390034914,0.013266384601593018,0.0012415111996233463,0.00014846441627014428
8287,0.01620459370315075,0.013018807396292686,0.001749597955495119,0.0001436189195374027
8288,0.016108395531773567,0.013390368781983852,0.0011942998971790075,0.0001523725950391963
8289,0.015400482341647148,0.013057395815849304,0.0009642826626077294,0.00013788034266326576
8290,0.014955021440982819,0.013268915936350822,0.0003090791287831962,0.00013770262012258172
8291,0.014944672584533691,0.01327135693281889,0.00031700037652626634,0.00013563153333961964
8292,0.015251267701387405,0.013087069615721703,0.0008210483938455582,0.00013431500701699406
8293,0.015598651021718979,0.013339590281248093,0.0008124521700665355,0.00014466088032349944
8294,0.015569755807518959,0.013017759658396244,0.001131335855461657,0.0001420659973518923
8295,0.015407595783472061,0.013178518041968346,0.0007396817672997713,0.00014893963816575706
8296,0.015131224878132343,0.013142595067620277,0.0005406179698184133,0.00014480118989013135
8297,0.014987971633672714,0.01298415008932352,0.0005845504347234964,0.0001419271866325289
8298,0.015010683797299862,0.013354587368667126,0.00022637320216745138,0.00014297236339189112
8299,0.015135012567043304,0.012844707816839218,0.0009461167501285672,0.00013441877672448754
8300,0.015303819440305233,0.013462590053677559,0.0003938203735742718,0.0001447409304091707
8301,0.01534299086779356,0.012750382535159588,0.0012237955816090107,0.00013688125181943178
8302,0.015386578626930714,0.013421771116554737,0.000464305019704625,0.00015005025488790125
8303,0.015267129987478256,0.01271726842969656,0.0011478341184556484,0.00014020279922988266
8304,0.015197312459349632,0.013342383317649364,0.00035261258017271757,0.00015023164451122284
8305,0.015077335759997368,0.012755182571709156,0.0009267801651731133,0.00013953729649074376
8306,0.015017674304544926,0.013298610225319862,0.00026485894341021776,0.00014542050485033542
8307,0.014967053197324276,0.01278676651418209,0.0008126400643959641,0.00013676458911504596
8308,0.014956612139940262,0.013272811658680439,0.00024587285588495433,0.000143792771268636
8309,0.014962569810450077,0.012748852372169495,0.000827983021736145,0.00013857343583367765
8310,0.015003759413957596,0.013264981098473072,0.00026113155763596296,0.00014776461466681212
8311,0.015073036774992943,0.012649149633944035,0.00101272773463279,0.00014111590280663222
8312,0.015215498395264149,0.013339395634829998,0.0003584904770832509,0.00015176128363236785
8313,0.015444416552782059,0.012501141056418419,0.0015410528285428882,0.00014022222603671253
8314,0.015965363010764122,0.013566057197749615,0.0008351445430889726,0.00015641616482753307
8315,0.016796961426734924,0.012227165512740612,0.0031715952791273594,0.0001398200256517157
8316,0.019112326204776764,0.014069332741200924,0.003309114370495081,0.0001733879471430555
8317,0.021786855533719063,0.011718956753611565,0.008549072779715061,0.00015188248653430492
8318,0.031235598027706146,0.01513157319277525,0.013853022828698158,0.00022510030248668045
8319,0.030086172744631767,0.011251172982156277,0.016774702817201614,0.00020602962467819452
8320,0.03973209112882614,0.015865977853536606,0.021062323823571205,0.0002803787065204233
8321,0.02541539818048477,0.011476511135697365,0.011658556759357452,0.00022803306637797505
8322,0.02139742486178875,0.014291297644376755,0.004685825202614069,0.0002420302334940061
8323,0.022920800372958183,0.012463915161788464,0.00869248528033495,0.00017644006584305316
8324,0.026230353862047195,0.013241405598819256,0.011009609326720238,0.00019793407409451902
8325,0.029768768697977066,0.013480902649462223,0.014102652668952942,0.00021852139616385102
8326,0.020527198910713196,0.013284173794090748,0.005586798302829266,0.0001656227104831487
8327,0.016310958191752434,0.012686044909060001,0.0022409826051443815,0.00013839296298101544
8328,0.017895178869366646,0.014139365404844284,0.0021751949097961187,0.00015806176816113293
8329,0.018449414521455765,0.01276373490691185,0.004121327772736549,0.00015643509686924517
8330,0.01757933758199215,0.013560842722654343,0.0025394498370587826,0.0001479044440202415
8331,0.01628248207271099,0.013718415051698685,0.0009004978346638381,0.00016635697102174163
8332,0.01838608644902706,0.012280558235943317,0.004477373789995909,0.00016281544230878353
8333,0.02053646743297577,0.014590357430279255,0.003976625856012106,0.00019694844377227128
8334,0.01704077422618866,0.012555439956486225,0.0028805092442780733,0.00016048247925937176
8335,0.016097698360681534,0.013456480577588081,0.0012063684407621622,0.0001434848818462342
8336,0.017496338114142418,0.013797728344798088,0.0022161907982081175,0.00014824196114204824
8337,0.016215220093727112,0.013008441776037216,0.0017245799535885453,0.0001482198276789859
8338,0.015182066708803177,0.013530220836400986,0.0002150839427486062,0.0001436761231161654
8339,0.01623612828552723,0.013336765579879284,0.0013950690627098083,0.00015042934683151543
8340,0.016863560304045677,0.013234982267022133,0.002117882017046213,0.00015106967475730926
8341,0.016303783282637596,0.01319806557148695,0.0014905917923897505,0.00016151265299413353
8342,0.015662971884012222,0.013654219917953014,0.00043859248398803174,0.00015701587835792452
8343,0.016055986285209656,0.01276642270386219,0.00195586821064353,0.0001333695836365223
8344,0.01614004373550415,0.013871918432414532,0.0007885804516263306,0.00014795437164139003
8345,0.01517336443066597,0.013160696253180504,0.0006309523596428335,0.00013817162835039198
8346,0.01513845194131136,0.013089102692902088,0.0007239214610308409,0.00013254277291707695
8347,0.01585632935166359,0.013735654763877392,0.0005436561768874526,0.00015770187019370496
8348,0.015739215537905693,0.012783011421561241,0.001436989288777113,0.00015192139835562557
8349,0.015327364206314087,0.013519950211048126,0.0002764536766335368,0.00015309598529711366
8350,0.015378907322883606,0.013074934482574463,0.0008620949229225516,0.00014418787031900138
8351,0.015586989931762218,0.013161569833755493,0.0010349194053560495,0.00013905006926506758
8352,0.015490429475903511,0.013334912247955799,0.0007169203599914908,0.00014385973918251693
8353,0.014987220987677574,0.01319167111068964,0.00045478311949409544,0.00013407661754172295
8354,0.014895075000822544,0.013093479909002781,0.00047230636118911207,0.00013292886433191597
8355,0.015128782019019127,0.013316110707819462,0.00040494644781574607,0.00014077247760724276
8356,0.015237998217344284,0.013012301176786423,0.0008137086988426745,0.00014119887782726437
8357,0.015097000636160374,0.013137299567461014,0.0005321931676007807,0.00014275081048253924
8358,0.014932987280189991,0.013180655427277088,0.0003272538888268173,0.0001425078371539712
8359,0.014939786866307259,0.012878715991973877,0.0006880477303639054,0.00013730231148656458
8360,0.015085059218108654,0.013409122824668884,0.00027010877965949476,0.00014058274973649532
8361,0.015111238695681095,0.012785213999450207,0.0010413579875603318,0.00012846665049437433
8362,0.01503760740160942,0.01335873268544674,0.000288346316665411,0.00013905281957704574
8363,0.014853104017674923,0.012864550575613976,0.0006487007485702634,0.0001339852751698345
8364,0.014720289036631584,0.013115976937115192,0.00022175925550982356,0.0001382553018629551
8365,0.014686962589621544,0.012990717776119709,0.0003178352490067482,0.00013784093607682735
8366,0.014724955894052982,0.0128816282376647,0.00047924593673087656,0.0001364081836072728
8367,0.014809666201472282,0.013137003406882286,0.0002635072451084852,0.00014091555203776807
8368,0.01486437302082777,0.012756471522152424,0.0007779531297273934,0.00013299481361173093
8369,0.014934034086763859,0.01321802195161581,0.0003166584065183997,0.00013993542233947664
8370,0.014946862123906612,0.012673965655267239,0.0009581229533068836,0.00013147731078788638
8371,0.015004569664597511,0.01324719563126564,0.0003433618403505534,0.0001414012658642605
8372,0.015022631734609604,0.012577354907989502,0.001110627199523151,0.000133464956888929
8373,0.015128243714571,0.013261581771075726,0.00039481237763538957,0.00014718493912369013
8374,0.015226136893033981,0.012469107285141945,0.0013913025613874197,0.00013657266390509903
8375,0.01551972795277834,0.01336375530809164,0.0006668599089607596,0.0001489113346906379
8376,0.015845337882637978,0.012313070707023144,0.0022056016605347395,0.00013266644964460284
8377,0.01681092567741871,0.013611815869808197,0.001642395043745637,0.000155671572429128
8378,0.01778409443795681,0.012048191390931606,0.004363668151199818,0.00013722351286560297
8379,0.021084127947688103,0.014114241115748882,0.005251735914498568,0.0001718150160741061
8380,0.02236454002559185,0.01165616326034069,0.009266164153814316,0.00014422126696445048
8381,0.02968057431280613,0.014844332821667194,0.012781129218637943,0.00020551130000967532
8382,0.02467510476708412,0.011500567197799683,0.01136297732591629,0.00018115612328983843
8383,0.025522753596305847,0.01470295712351799,0.008703460916876793,0.00021163353812880814
8384,0.019942359998822212,0.011735741049051285,0.006611419841647148,0.00015951991372276098
8385,0.0181783027946949,0.013815357349812984,0.0024666201788932085,0.00018963264301419258
8386,0.01867690496146679,0.012335753068327904,0.004623189102858305,0.00017179627320729196
8387,0.02054372988641262,0.013213478960096836,0.005552779883146286,0.00017774711886886507
8388,0.02266344614326954,0.012920891866087914,0.007932945154607296,0.00018096102576237172
8389,0.02082812786102295,0.013183058239519596,0.0060528176836669445,0.00015922515012789518
8390,0.018605004996061325,0.012811989523470402,0.004307999275624752,0.00014850169827695936
8391,0.016443291679024696,0.013546280562877655,0.0013839888852089643,0.00015130224346648902
8392,0.01605440303683281,0.012453262694180012,0.0022511989809572697,0.0001349941740045324
8393,0.016841765493154526,0.013754854910075665,0.001565112266689539,0.00015217978216242045
8394,0.016263073310256004,0.012551140040159225,0.0023572470527142286,0.00013546858099289238
8395,0.015591426752507687,0.013194913044571877,0.0009328153100796044,0.00014636981359217316
8396,0.015100003220140934,0.013185111805796623,0.00048777542542666197,0.00014271157851908356
8397,0.015674225986003876,0.012514063157141209,0.001758407219313085,0.0001401756308041513
8398,0.016729289665818214,0.013842763379216194,0.001307089114561677,0.00015794367936905473
8399,0.016746006906032562,0.01230781152844429,0.003063194453716278,0.0001375000283587724
8400,0.016278663650155067,0.01373366080224514,0.0009880228899419308,0.00015569798415526748
8401,0.015557853505015373,0.012580303475260735,0.001573338289745152,0.00014042122347746044
8402,0.01537156943231821,0.013147690333425999,0.0007690781494602561,0.0001454801094951108
8403,0.01552022434771061,0.01300900150090456,0.0010523872915655375,0.00014588360500056297
8404,0.015376290306448936,0.012805270031094551,0.0011973766377195716,0.0001373643899569288
8405,0.015076487325131893,0.013179972767829895,0.0004762421303894371,0.00014202723104972392
8406,0.014736710116267204,0.01282521616667509,0.0006026291521266103,0.000130886459373869
8407,0.01475127600133419,0.013096407055854797,0.0003305376449134201,0.00013243315333966166
8408,0.01505203451961279,0.012942822650074959,0.0007659581024199724,0.00013432538253255188
8409,0.015318657271564007,0.012984621338546276,0.0009768200106918812,0.00013572156603913754
8410,0.015399430878460407,0.012888907454907894,0.0011038276134058833,0.00014066958101466298
8411,0.015197539702057838,0.012985634617507458,0.0007893437286838889,0.00014225614722818136
8412,0.014962542802095413,0.012732138857245445,0.0008218908915296197,0.00014085126167628914
8413,0.014814157970249653,0.013100284151732922,0.00029441111837513745,0.00014194619143381715
8414,0.014794610440731049,0.01263207383453846,0.0008334612939506769,0.00013290757487993687
8415,0.014863347634673119,0.013189585879445076,0.000285523448837921,0.00013882385974284261
8416,0.014901905320584774,0.012605172581970692,0.0010011730482801795,0.00012955600686836988
8417,0.014947582967579365,0.01314602605998516,0.0004083265957888216,0.00013932303409092128
8418,0.014874120242893696,0.0126076340675354,0.0009456630796194077,0.0001320822921115905
8419,0.014823692850768566,0.013024275191128254,0.0003868674975819886,0.00014125499001238495
8420,0.014715304598212242,0.012647982686758041,0.0007196086226031184,0.00013477134052664042
8421,0.014643440023064613,0.012926721014082432,0.0003280980745330453,0.00013886208762414753
8422,0.014572779648005962,0.012708005495369434,0.0005368234124034643,0.00013279501581564546
8423,0.014529573731124401,0.012877991423010826,0.0003021654556505382,0.000134941641590558
8424,0.014495639130473137,0.012729670852422714,0.0004503057571128011,0.00013156628119759262
8425,0.014474828727543354,0.012837360613048077,0.0002898150123655796,0.00013476528692990541
8426,0.014461456798017025,0.012687149457633495,0.0004345668712630868,0.00013397402653936297
8427,0.0144602470099926,0.012813410721719265,0.000264886359218508,0.00013819495507050306
8428,0.014471497386693954,0.012608958408236504,0.0005044516874477267,0.00013580867380369455
8429,0.0145137719810009,0.012852555140852928,0.00026046871789731085,0.00014007485879119486
8430,0.014606809243559837,0.012499865144491196,0.0007675506640225649,0.00013393933477345854
8431,0.014860790222883224,0.013004175387322903,0.00043878814904019237,0.00014178271521814167
8432,0.015364917926490307,0.012274226173758507,0.0017833095043897629,0.0001307382044615224
8433,0.016887249425053596,0.013389267958700657,0.001977215288206935,0.00015207665273919702
8434,0.019280007109045982,0.011796035803854465,0.006148126907646656,0.00013358447176869959
8435,0.027899963781237602,0.014402073808014393,0.01161807682365179,0.0001879813935374841
8436,0.029842756688594818,0.011194958351552486,0.016952304169535637,0.00016954941384028643
8437,0.0469021275639534,0.0157370213419199,0.028652343899011612,0.00025127612752839923
8438,0.023747103288769722,0.011457015760242939,0.009895958006381989,0.0002394130133325234
8439,0.018996167927980423,0.01366355735808611,0.003149529220536351,0.00021830815239809453
8440,0.025256821885704994,0.012597713619470596,0.010913388803601265,0.00017457196372561157
8441,0.031879402697086334,0.01289138663560152,0.01686328835785389,0.0002124728198396042
8442,0.03856584429740906,0.01315698679536581,0.022760190069675446,0.00026486653950996697
8443,0.02647283487021923,0.013865116983652115,0.010126584209501743,0.0002481135306879878
8444,0.028281915932893753,0.011160685680806637,0.015351248905062675,0.00017699820455163717
8445,0.037268977612257004,0.015990642830729485,0.018192514777183533,0.00030858186073601246
8446,0.01976723037660122,0.012294798158109188,0.004476515110582113,0.0002995917166117579
8447,0.021784178912639618,0.012662617489695549,0.007628961931914091,0.00014925989671610296
8448,0.032588064670562744,0.01525642815977335,0.014025834389030933,0.0003305803402327001
8449,0.017287304624915123,0.012890156358480453,0.0014858376234769821,0.00029113100026734173
8450,0.03552374988794327,0.012547572143375874,0.020811928436160088,0.0002164247416658327
8451,0.0466163195669651,0.015063304454088211,0.027805080637335777,0.0003747937735170126
8452,0.024215159937739372,0.01518593356013298,0.006989608984440565,0.00020396162290126085
8453,0.05523092299699783,0.01156245730817318,0.03729194775223732,0.0006376520032063127
8454,0.03772313892841339,0.01627270132303238,0.016810985282063484,0.00046394523815251887
8455,0.0393945686519146,0.016396615654230118,0.01988050900399685,0.0003117446613032371
8456,0.027302777394652367,0.013320074416697025,0.004923409782350063,0.0009059293661266565
8457,0.03294983133673668,0.012751922942698002,0.01723509468138218,0.00029628112679347396
8458,0.03417254239320755,0.01567896269261837,0.00960642471909523,0.0008887154399417341
8459,0.03138228878378868,0.01621757633984089,0.011426434852182865,0.00037382778828032315
8460,0.027814708650112152,0.014816956594586372,0.0003664841060526669,0.0012631267309188843
8461,0.02694612555205822,0.013492138125002384,0.010677932761609554,0.0002776054898276925
8462,0.029202699661254883,0.015933100134134293,0.001519350684247911,0.001175025012344122
8463,0.020421553403139114,0.015421542339026928,0.0019886535592377186,0.0003011356748174876
8464,0.03151553124189377,0.016656704246997833,0.0028548541013151407,0.001200397266075015
8465,0.01845935918390751,0.014906824566423893,0.001051410916261375,0.00025011246907524765
8466,0.02780013531446457,0.0156924519687891,0.0023091412149369717,0.0009798541432246566
8467,0.020381834357976913,0.01407700590789318,0.003984919283539057,0.00023199102724902332
8468,0.022872500121593475,0.015466120094060898,0.00030672334833070636,0.0007099657086655498
8469,0.02116245962679386,0.016046050935983658,0.0023662764579057693,0.0002750131825450808
8470,0.022541293874382973,0.01587664522230625,0.0021565346978604794,0.000450811319751665
8471,0.018758151680231094,0.01475189533084631,0.0017901338869705796,0.00022161238302942365
8472,0.023352820426225662,0.014032176695764065,0.005507247056812048,0.00038133971975184977
8473,0.0176362544298172,0.015262291766703129,0.00022925686789676547,0.00021447052131406963
8474,0.02197159267961979,0.015909483656287193,0.0027751356828957796,0.0003286972059868276
8475,0.018442543223500252,0.01564793288707733,0.0006060596788302064,0.00021885501337237656
8476,0.01956980861723423,0.014680035412311554,0.001505713677033782,0.00033840598189271986
8477,0.01880425587296486,0.014359278604388237,0.0026280852034687996,0.0001816892036003992
8478,0.01893376186490059,0.015359295532107353,0.00019315638928674161,0.00033813095069490373
8479,0.018126023933291435,0.015417153015732765,0.0007808215450495481,0.00019280501874163747
8480,0.01914718933403492,0.015507998876273632,0.0002393600734649226,0.00033998306025750935
8481,0.01730058155953884,0.014562130905687809,0.0008717310847714543,0.00018667193944565952
8482,0.01884560100734234,0.014809823594987392,0.0009415808599442244,0.0003094195562880486
8483,0.01712600700557232,0.014711618423461914,0.0005178137216717005,0.00018965746858157218
8484,0.01793987862765789,0.015167837962508202,8.450076711596921e-05,0.00026875402545556426
8485,0.01734219305217266,0.015123488381505013,0.00011210756929358467,0.00021065963665023446
8486,0.017186520621180534,0.014784588478505611,0.000433022272773087,0.00019689096370711923
8487,0.017408931627869606,0.014583689160645008,0.0008666330249980092,0.00019586095004342496
8488,0.016886338591575623,0.014453872106969357,0.0006543865310959518,0.0001778079749783501
8489,0.017089376226067543,0.015001420862972736,0.00013523583766072989,0.00019527201948221773
8490,0.016892651095986366,0.014779550954699516,0.0004462111392058432,0.00016668884200043976
8491,0.01662837341427803,0.014487809501588345,0.00034408888313919306,0.0001796475553419441
8492,0.016854386776685715,0.014028523117303848,0.0012898099375888705,0.00015360527322627604
8493,0.016308795660734177,0.01448371447622776,0.00017261259199585766,0.00016524683451279998
8494,0.01666889898478985,0.014764868654310703,0.00035129941534250975,0.00015527305367868394
8495,0.016175895929336548,0.014494729228317738,0.00019475874432828277,0.0001486407418269664
8496,0.016475647687911987,0.014072997495532036,0.0009932389948517084,0.00014094109064899385
8497,0.016091791912913322,0.014118869788944721,0.0005555544048547745,0.0001417367602698505
8498,0.016269400715827942,0.014569471590220928,0.00020271452376618981,0.00014972139615565538
8499,0.016046179458498955,0.014316532760858536,0.00025502388598397374,0.00014746225497219712
8500,0.016091741621494293,0.01399183738976717,0.000641622522380203,0.00014582824951503426
8501,0.01593121513724327,0.013885242864489555,0.0006438631098717451,0.00014021086099091917
8502,0.015955833718180656,0.014287363737821579,0.00016706404858268797,0.00015014057862572372
8503,0.015810362994670868,0.014133032411336899,0.0002239889872726053,0.00014533419744111598
8504,0.01583286188542843,0.013873997144401073,0.0004946652916260064,0.0001464200031477958
8505,0.015674393624067307,0.01383476983755827,0.00046398447011597455,0.00013756383850704879
8506,0.015737561509013176,0.014042777009308338,0.00022537296172231436,0.00014694122364744544
8507,0.015560935251414776,0.013923552818596363,0.00020068269805051386,0.00014366998220793903
8508,0.015645716339349747,0.013680334202945232,0.00046612939331680536,0.0001499252102803439
8509,0.015465563163161278,0.013765454292297363,0.0002859707165043801,0.0001414138387190178
8510,0.015545479021966457,0.013794094324111938,0.00028691449551843107,0.0001464470406062901
8511,0.015393886715173721,0.013692079111933708,0.0002812007151078433,0.00014206070045474917
8512,0.015438972041010857,0.013547186739742756,0.0004219949769321829,0.00014697897131554782
8513,0.015336812473833561,0.013715905137360096,0.00021410675253719091,0.00014068007294554263
8514,0.015328329987823963,0.013584788888692856,0.00034546287497505546,0.00013980784569866955
8515,0.015282344073057175,0.013492865487933159,0.0004085897817276418,0.0001380888861604035
8516,0.015229830518364906,0.013476520776748657,0.0003256318159401417,0.00014276783622335643
8517,0.015211720019578934,0.013595406897366047,0.0002113400842063129,0.00014049731544218957
8518,0.015156343579292297,0.013354395516216755,0.00043355984962545335,0.0001368388329865411
8519,0.015124619007110596,0.013359107077121735,0.00038926349952816963,0.00013762488379143178
8520,0.015104089863598347,0.01341259479522705,0.0002801144146360457,0.0001411380071658641
8521,0.015037478879094124,0.013393186964094639,0.0002525969466660172,0.00013916946772951633
8522,0.015046101063489914,0.013188902288675308,0.000504174386151135,0.00013530239812098444
8523,0.014976421371102333,0.0133215906098485,0.0002741822390817106,0.000138064831844531
8524,0.014964260160923004,0.013272922486066818,0.0002991980582010001,0.00013921405479777604
8525,0.014935529790818691,0.013185558840632439,0.0003700603265315294,0.00013799108273815364
8526,0.014889487996697426,0.013143116608262062,0.00038186440360732377,0.00013645067519973963
8527,0.014879390597343445,0.013234435580670834,0.00025670259492471814,0.00013882522762287408
8528,0.014844040386378765,0.013059926219284534,0.0004066183464601636,0.00013774957915302366
8529,0.014812089502811432,0.013122168369591236,0.0003083681222051382,0.0001381552719976753
8530,0.014800201170146465,0.013081539422273636,0.0003532510017976165,0.00013654107169713825
8531,0.014769257977604866,0.013062394224107265,0.0003448285860940814,0.0001362034963676706
8532,0.01474371924996376,0.012960541062057018,0.0004206306184642017,0.00013625471910927445
8533,0.01473738718777895,0.013105999678373337,0.00024823436979204416,0.00013831525575369596
8534,0.014712384901940823,0.012883491814136505,0.0004818228189833462,0.00013470706471707672
8535,0.014702124521136284,0.013017216697335243,0.00031385308830067515,0.00013710543862544
8536,0.01470340508967638,0.01287262886762619,0.0004690607020165771,0.00013617156946565956
8537,0.014707689173519611,0.012999664060771465,0.0003275299386586994,0.0001380494941258803
8538,0.014722956344485283,0.012743140570819378,0.0006297352374531329,0.0001350080274278298
8539,0.014776433818042278,0.013065487146377563,0.00030910730129107833,0.00014018395449966192
8540,0.014857739210128784,0.012609055265784264,0.0008983943844214082,0.00013502896763384342
8541,0.014997686259448528,0.013100781477987766,0.00047497943160124123,0.00014219259901437908
8542,0.0152354147285223,0.012500333599746227,0.0013662106357514858,0.00013688704348169267
8543,0.015627466142177582,0.013179397210478783,0.0009597484604455531,0.00014883201220072806
8544,0.016242938116192818,0.012292059138417244,0.002538009313866496,0.000141286916914396
8545,0.01720394566655159,0.01341685838997364,0.0021660467609763145,0.00016210414469242096
8546,0.01865912601351738,0.01196373626589775,0.00516596669331193,0.00015294240438379347
8547,0.020694738253951073,0.013789343647658825,0.004931641276925802,0.00019737538241315633
8548,0.023213185369968414,0.011611191555857658,0.009860183112323284,0.000174181186594069
8549,0.025651298463344574,0.014160956256091595,0.009103928692638874,0.00023864139802753925
8550,0.026941243559122086,0.011413460597395897,0.013614688999950886,0.0001913093583425507
8551,0.025723613798618317,0.014206858351826668,0.009021852165460587,0.0002494902873877436
8552,0.021929604932665825,0.011663651093840599,0.008672424592077732,0.0001593527995282784
8553,0.017375562340021133,0.013530424796044827,0.002223572926595807,0.0001621565461391583
8554,0.014669548720121384,0.01247326284646988,0.0009063971228897572,0.0001289889041800052
8555,0.014946570619940758,0.012516036629676819,0.0011012154864147305,0.00013293189113028347
8556,0.017072750255465508,0.013363697566092014,0.0021539065055549145,0.00015551474643871188
8557,0.01873890310525894,0.011871655471622944,0.005353675689548254,0.00015135724970605224
8558,0.018394192680716515,0.013642832636833191,0.0029756503645330667,0.00017757105524651706
8559,0.016479115933179855,0.011983972042798996,0.0031396537087857723,0.00013554895122069865
8560,0.01501778420060873,0.01312556117773056,0.0004993145121261477,0.00013929080159869045
8561,0.014962618239223957,0.012637660838663578,0.0010345304617658257,0.00012904264440294355
8562,0.015851963311433792,0.012432185001671314,0.0020132397767156363,0.0001406538940500468
8563,0.01626756228506565,0.013113909400999546,0.001650956692174077,0.00015026969776954502
8564,0.015706129372119904,0.012154574505984783,0.0022065318189561367,0.00013450233382172883
8565,0.01490751001983881,0.013036955147981644,0.00044610651093535125,0.00014244487101677805
8566,0.014818340539932251,0.01237193588167429,0.001141232904046774,0.00013051724818069488
8567,0.015587937086820602,0.012781414203345776,0.0013909806730225682,0.0001415542355971411
8568,0.01607481949031353,0.012607102282345295,0.0021733720786869526,0.00012943439651280642
8569,0.016143959015607834,0.012763557024300098,0.0020560226403176785,0.0001324379409197718
8570,0.015413938090205193,0.012457757256925106,0.001714936108328402,0.00012412438809406012
8571,0.015105501748621464,0.012985552661120892,0.0007777750724926591,0.0001342173491138965
8572,0.015134979970753193,0.012119835242629051,0.001721489243209362,0.00012936558050569147
8573,0.01550423726439476,0.013178098946809769,0.00085262960055843,0.0001473508746130392
8574,0.015538796782493591,0.011987974867224693,0.0022228979505598545,0.0001327924255747348
8575,0.015376259572803974,0.013141622766852379,0.0007725713076069951,0.00014620658475905657
8576,0.015110780484974384,0.012134167365729809,0.0017342116916552186,0.00012424011947587132
8577,0.015372260473668575,0.012986993417143822,0.0010272515937685966,0.0001358015142614022
8578,0.015707843005657196,0.012276819907128811,0.002204303629696369,0.00012267188867554069
8579,0.01659134216606617,0.012977071106433868,0.002235469641163945,0.00013788016804028302
8580,0.01674739085137844,0.01214223075658083,0.0033623524941504,0.00012428070476744324
8581,0.017938412725925446,0.013242426328361034,0.003247696440666914,0.00014482902770396322
8582,0.017783259972929955,0.011819347739219666,0.004711001645773649,0.00012529108789749444
8583,0.019630825147032738,0.013644805178046227,0.004428339656442404,0.00015576805162709206
8584,0.01885029301047325,0.011585965752601624,0.005968155339360237,0.00012961719767190516
8585,0.01994089037179947,0.013796579092741013,0.004540111869573593,0.00016041990602388978
8586,0.018003495410084724,0.011638992466032505,0.005081070587038994,0.0001283432065974921
8587,0.017208842560648918,0.013445987366139889,0.002248251810669899,0.00015146042278502136
8588,0.015498598106205463,0.011993098072707653,0.002213049912825227,0.00012924506154377013
8589,0.014594652689993382,0.012821178883314133,0.0003715792263392359,0.00014018949877936393
8590,0.014219479635357857,0.012507954612374306,0.0003642818774096668,0.00013472425052896142
8591,0.014399434439837933,0.0122898630797863,0.000791451137047261,0.0001318120484938845
8592,0.014915588311851025,0.012988155707716942,0.000517552369274199,0.00014098796236794442
8593,0.015347608365118504,0.01202399656176567,0.0020604743622243404,0.000126313665532507
8594,0.015759721398353577,0.013209795579314232,0.001138717751018703,0.0001411207194905728
8595,0.015449060127139091,0.012027231976389885,0.0021749213337898254,0.00012469067587517202
8596,0.01514960266649723,0.01304650865495205,0.0007229099282994866,0.00013801839668303728
8597,0.014587121084332466,0.012233145534992218,0.0010944661917164922,0.00012595094449352473
8598,0.014253022149205208,0.012666549533605576,0.0002513806975912303,0.00013350918015930802
8599,0.014166365377604961,0.012544254772365093,0.0002967905602417886,0.0001325320772593841
8600,0.014301929622888565,0.012332575395703316,0.0006736627547070384,0.0001295691035920754
8601,0.014558227732777596,0.01282548438757658,0.00036924067535437644,0.00013635029608849436
8602,0.014735694974660873,0.012150493450462818,0.0013314972165971994,0.00012537045404314995
8603,0.014891988597810268,0.012951151467859745,0.0005696156295016408,0.0001371221587760374
8604,0.01479239109903574,0.012107780203223228,0.0014291234547272325,0.00012554867134895176
8605,0.014691459946334362,0.012879615649580956,0.00043318141251802444,0.00013786631461698562
8606,0.014483679085969925,0.01216565165668726,0.0010272073559463024,0.00012908205098938197
8607,0.014323722571134567,0.01269574649631977,0.0002573037054389715,0.00013706718164030463
8608,0.014202196151018143,0.012294178828597069,0.0005934119690209627,0.00013146056153345853
8609,0.014138583093881607,0.01250967476516962,0.0002936629462055862,0.0001335245033260435
8610,0.014124203473329544,0.012451914139091969,0.0003454764373600483,0.00013268119073472917
8611,0.014145400375127792,0.012355636805295944,0.0004903071094304323,0.00012994561984669417
8612,0.014195781201124191,0.012584264390170574,0.00027511012740433216,0.00013364072947297245
8613,0.014257150702178478,0.012214088812470436,0.0007560103549621999,0.0001287051709368825
8614,0.014350388199090958,0.012672617100179195,0.0003043419565074146,0.00013734292588196695
8615,0.014435824938118458,0.012081913650035858,0.0010486081009730697,0.0001305303449044004
8616,0.014580290764570236,0.012750931084156036,0.00041316321585327387,0.00014161963190417737
8617,0.014708045870065689,0.011962191201746464,0.0014379217755049467,0.00013079323980491608
8618,0.014981396496295929,0.012867432087659836,0.0006707585998810828,0.00014432056923396885
8619,0.015230807475745678,0.011827509850263596,0.0021107380744069815,0.0001292559172725305
8620,0.01587384007871151,0.01305804681032896,0.001332383370026946,0.00014834092871751636
8621,0.016390351578593254,0.011625636368989944,0.0034706443548202515,0.000129407097119838
8622,0.01798941195011139,0.013366121798753738,0.003041051095351577,0.00015822397836018354
8623,0.018700210377573967,0.011346476152539253,0.006021996960043907,0.00013317378761712462
8624,0.02187395840883255,0.013798559084534645,0.006327382754534483,0.00017480160749983042
8625,0.021281352266669273,0.011103207245469093,0.008756049908697605,0.0001422094355802983
8626,0.024040725082159042,0.01407239306718111,0.008076475001871586,0.00018918575369752944
8627,0.021228959783911705,0.011068543419241905,0.008654295466840267,0.00015061217709444463
8628,0.02091187611222267,0.013824629597365856,0.005173947662115097,0.00019132971647195518
8629,0.019271135330200195,0.011282525025308132,0.006468665320426226,0.00015199439076241106
8630,0.018570836633443832,0.013334866613149643,0.0034017018042504787,0.00018342683324590325
8631,0.018115021288394928,0.011695187538862228,0.0048497989773750305,0.00015700342191848904
8632,0.017649218440055847,0.012861480936408043,0.003176676109433174,0.00016110610158648342
8633,0.017006775364279747,0.012201705947518349,0.003333486383780837,0.000147158294566907
8634,0.01592935621738434,0.012484278529882431,0.0021099091973155737,0.00013351673260331154
8635,0.01506165973842144,0.01259451825171709,0.001141642453148961,0.00013254990335553885
8636,0.014405566267669201,0.012226400896906853,0.0009441262227483094,0.0001235038653248921
8637,0.014419090934097767,0.012751072645187378,0.00032854292658157647,0.0001339475711574778
8638,0.014927791431546211,0.012096351012587547,0.0015092495596036315,0.00013221913832239807
8639,0.015589054673910141,0.012759204022586346,0.0013858150923624635,0.00014440347149502486
8640,0.016012590378522873,0.012089857831597328,0.002504737349227071,0.00014179956633597612
8641,0.015931131318211555,0.01271581556648016,0.0017747185193002224,0.0001440598425688222
8642,0.015450166538357735,0.012171272188425064,0.0019107023254036903,0.00013681915879715234
8643,0.01477818563580513,0.012622837908565998,0.0008234289707615972,0.0001331919338554144
8644,0.014248763211071491,0.012281614355742931,0.0006852853111922741,0.00012818636605516076
8645,0.014034918509423733,0.012468873523175716,0.0002700041513890028,0.0001296040281886235
8646,0.01413671113550663,0.012376922182738781,0.0004591426404658705,0.00013006458175368607
8647,0.014420919120311737,0.01231403835117817,0.0007639778195880353,0.00013429032696876675
8648,0.014686955139040947,0.012453300878405571,0.0008821693481877446,0.00013514852616935968
8649,0.014834444969892502,0.01223844289779663,0.001239083823747933,0.00013569188013207167
8650,0.014770970679819584,0.01248977892100811,0.0009458853164687753,0.00013353062968235463
8651,0.014581182971596718,0.012250729836523533,0.0010151807218790054,0.00013152725296095014
8652,0.014320986345410347,0.012439577840268612,0.0005849130684509873,0.00012964954657945782
8653,0.014102964662015438,0.012297704815864563,0.0005079940892755985,0.00012972659897059202
8654,0.01397725474089384,0.012312643229961395,0.0003610134299378842,0.00013035984011366963
8655,0.013958732597529888,0.012349872849881649,0.00027790371677838266,0.0001330956001766026
8656,0.014019928872585297,0.01219149213284254,0.0005009830347262323,0.00013274536468088627
8657,0.014115845784544945,0.012404696084558964,0.0003595660673454404,0.00013515836326405406
8658,0.014203383587300777,0.01213614922016859,0.0007445428054779768,0.0001322691678069532
8659,0.014253105968236923,0.012431337498128414,0.000484589661937207,0.0001337179128313437
8660,0.014255883172154427,0.012137527577579021,0.0008064149296842515,0.0001311941450694576
8661,0.014216722920536995,0.01238296926021576,0.0005076124798506498,0.00013261404819786549
8662,0.014159280806779861,0.012176813557744026,0.0006598635809496045,0.0001322603493463248
8663,0.014106771908700466,0.012254690751433372,0.0005285965162329376,0.00013234849029686302
8664,0.014109005220234394,0.012285521253943443,0.0004753378452733159,0.00013481460337061435
8665,0.014207177795469761,0.012056843377649784,0.0008537466055713594,0.00012965880159754306
8666,0.01460212841629982,0.012539214454591274,0.00068225635914132,0.00013806576316710562
8667,0.015418630093336105,0.011724850162863731,0.002445350168272853,0.00012484290346037596
8668,0.01805783435702324,0.013120470568537712,0.0034367756452411413,0.00015005878231022507
8669,0.02153065986931324,0.011130386032164097,0.00914059393107891,0.00012596789747476578
8670,0.03472062200307846,0.014449306763708591,0.01837119087576866,0.00019001234613824636
8671,0.03012416511774063,0.01065092533826828,0.017814209684729576,0.00016590309678576887
8672,0.038817182183265686,0.014968383125960827,0.02165060117840767,0.0002198194997617975
8673,0.022324450314044952,0.01093780342489481,0.009628474712371826,0.00017581722931936383
8674,0.01934255287051201,0.013143766671419144,0.004159452859312296,0.000203933275770396
8675,0.023955190554261208,0.012114415876567364,0.01010972447693348,0.00017310505791101605
8676,0.027186760678887367,0.012298591434955597,0.013063505291938782,0.00018246631952933967
8677,0.029342269524931908,0.01276259683072567,0.014508345164358616,0.00020713261619675905
8678,0.01887744478881359,0.012689262628555298,0.0045581902377307415,0.0001629991747904569
8679,0.017234550788998604,0.01157735288143158,0.004368264228105545,0.0001288933417527005
8680,0.02232227846980095,0.013990671373903751,0.006605558563023806,0.0001726048649288714
8681,0.01714228466153145,0.011941550299525261,0.003683792194351554,0.00015169427206274122
8682,0.014332149177789688,0.012461421079933643,0.0004962855600751936,0.00013744417810812593
8683,0.016787728294730186,0.0133977010846138,0.0016203556442633271,0.00017696709255687892
8684,0.01763087697327137,0.011588063091039658,0.004662722814828157,0.00013800921442452818
8685,0.016666900366544724,0.013366392813622952,0.0016653005732223392,0.00016352061356883496
8686,0.0160689540207386,0.01222197338938713,0.002304650377482176,0.0001542329991934821
8687,0.017441021278500557,0.012646684423089027,0.003399586770683527,0.0001394749851897359
8688,0.017140675336122513,0.012793348170816898,0.002962683793157339,0.00013846441288478673
8689,0.014881184324622154,0.012896937318146229,0.000636488082818687,0.00013477588072419167
8690,0.01549677737057209,0.01212833821773529,0.0020464863628149033,0.00013219525862950832
8691,0.016401266679167747,0.013226487673819065,0.001592791173607111,0.00015819878899492323
8692,0.014467334374785423,0.012515159323811531,0.0005747085087932646,0.00013774661056231707
8693,0.015273054130375385,0.012089754454791546,0.0017089832108467817,0.00014743165229447186
8694,0.016694623976945877,0.013403420336544514,0.00168331537861377,0.0001607888116268441
8695,0.015122453682124615,0.01212427020072937,0.0017022520769387484,0.00012959317245986313
8696,0.015423654578626156,0.012687928043305874,0.0014162651496008039,0.0001319461443927139
8697,0.016481272876262665,0.012853173539042473,0.0022119826171547174,0.00014161161379888654
8698,0.015029712580144405,0.012686792761087418,0.0010279989801347256,0.00013149206642992795
8699,0.014768974855542183,0.012203074991703033,0.001291961409151554,0.0001273938687518239
8700,0.015558786690235138,0.013133487664163113,0.000883307948242873,0.00015419906412716955
8701,0.014633510261774063,0.012244036421179771,0.0010075777536258101,0.00013818965817335993
8702,0.014250515028834343,0.012455507181584835,0.000410822918638587,0.00013841845793649554
8703,0.014888955280184746,0.012902387417852879,0.0005270920810289681,0.00014594751701224595
8704,0.014675126411020756,0.01219973899424076,0.0012044986942782998,0.00012708881695289165
8705,0.014308128505945206,0.012730171903967857,0.00023487523139920086,0.00013430816761683673
8706,0.014593762345612049,0.012552847154438496,0.0006956589058972895,0.0001345256605418399
8707,0.01480416115373373,0.012477965094149113,0.0010223793797194958,0.0001303816825384274
8708,0.01455741561949253,0.01243269257247448,0.000779982190579176,0.0001344740594504401
8709,0.014389479532837868,0.012703720480203629,0.00028741679852828383,0.00013983427197672427
8710,0.014585684984922409,0.012086809612810612,0.0011577485129237175,0.0001341127062914893
8711,0.014632043428719044,0.012842975556850433,0.00035262733581475914,0.00014364402159117162
8712,0.014315563254058361,0.012182669714093208,0.0008559571579098701,0.0001276936527574435
8713,0.014209858141839504,0.012541881762444973,0.0003622566000558436,0.00013057200703769922
8714,0.014334408566355705,0.012478264048695564,0.0005447860457934439,0.00013113580644130707
8715,0.01429145596921444,0.012361997738480568,0.0006625863607041538,0.00012668718409258872
8716,0.01410556398332119,0.01240550447255373,0.0003967811935581267,0.00013032784045208246
8717,0.014000976458191872,0.012446373701095581,0.00023256080748979002,0.00013220423716120422
8718,0.01406576856970787,0.01220218650996685,0.0005629205843433738,0.0001300661388086155
8719,0.0141317592933774,0.012512783519923687,0.0002706794475670904,0.00013482963549904525
8720,0.014050405472517014,0.012196456082165241,0.000577232800424099,0.0001276717084692791
8721,0.013941088691353798,0.012375353835523129,0.00026230496587231755,0.00013034293078817427
8722,0.013910224661231041,0.012345793657004833,0.00026930932654067874,0.00012951217649970204
8723,0.013959024101495743,0.012184166349470615,0.0005045519210398197,0.0001270305656362325
8724,0.014009859412908554,0.012424738146364689,0.0002556303224992007,0.00013294912059791386
8725,0.013987221755087376,0.012096328660845757,0.0006013822858221829,0.00012895114195998758
8726,0.013933837413787842,0.012373321689665318,0.00021904318418819457,0.00013414720888249576
8727,0.013886298052966595,0.012112606316804886,0.00047437590546905994,0.00012993162090424448
8728,0.013884741812944412,0.012286022305488586,0.000280016683973372,0.00013187024160288274
8729,0.013922356069087982,0.012149440124630928,0.00046735588693991303,0.00013055597082711756
8730,0.013975895941257477,0.012245513498783112,0.0004252259968779981,0.00013051567657385021
8731,0.014029963873326778,0.012117678299546242,0.0006063321488909423,0.00013059536286164075
8732,0.014079881832003593,0.01226321142166853,0.0004946388071402907,0.0001322032476309687
8733,0.014147219248116016,0.012007070705294609,0.000819570675957948,0.00013205778668634593
8734,0.014256676658987999,0.01234988123178482,0.0005445708520710468,0.00013622247206512839
8735,0.014450419694185257,0.011834620498120785,0.0012912532547488809,0.00013245455920696259
8736,0.014787692576646805,0.012526512145996094,0.0008282509515993297,0.00014329289842862636
8737,0.015358402393758297,0.011587440967559814,0.0024217446334660053,0.0001349217345705256
8738,0.01632361300289631,0.012837396934628487,0.001910343300551176,0.00015758725930936635
8739,0.017879899591207504,0.011203051544725895,0.005228652153164148,0.00014481964171864092
8740,0.02050323784351349,0.013386323116719723,0.0051562427543103695,0.00019606731075327843
8741,0.024187974631786346,0.010634474456310272,0.011817441321909428,0.00017360600759275258
8742,0.03042495995759964,0.014312222599983215,0.013399839401245117,0.0002712898713070899
8743,0.035202402621507645,0.010016007348895073,0.023025033995509148,0.00021613626449834555
8744,0.04422459751367569,0.015376260504126549,0.02532876282930374,0.00035195713280700147
8745,0.035751115530729294,0.010059216991066933,0.023503359407186508,0.0002188537473557517
8746,0.03125149756669998,0.014632053673267365,0.014181515201926231,0.00024379283422604203
8747,0.018539555370807648,0.011232673190534115,0.005991621408611536,0.00013152598694432527
8748,0.01434970274567604,0.012371259741485119,0.0006544814677909017,0.0001323961332673207
8749,0.01652204617857933,0.01298463437706232,0.0019383770413696766,0.00015990342944860458
8750,0.021397089585661888,0.010885517112910748,0.008750967681407928,0.00017606039182282984
8751,0.02540508471429348,0.014109192416071892,0.008878353983163834,0.0002417538344161585
8752,0.021303268149495125,0.010965541936457157,0.008800873532891273,0.0001536851195851341
8753,0.01743846945464611,0.013331725262105465,0.0026396687608212233,0.00014670754899270833
8754,0.014525117352604866,0.012344488874077797,0.0009930809028446674,0.00011875476775458083
8755,0.01601829007267952,0.011758998967707157,0.002890627598389983,0.00013686626334674656
8756,0.018915530294179916,0.013609988614916801,0.003555373754352331,0.0001750166848069057
8757,0.018475357443094254,0.011278348043560982,0.005782635882496834,0.00014143742737360299
8758,0.016348740085959435,0.013139896094799042,0.0016219629906117916,0.00015868805348873138
8759,0.01418054848909378,0.012176081538200378,0.0007043236400932074,0.00013001429033465683
8760,0.014873038977384567,0.011917483061552048,0.001581375952810049,0.00013741791190113872
8761,0.016773516312241554,0.013340365141630173,0.001946914941072464,0.00014862367243040353
8762,0.016798315569758415,0.011618349701166153,0.003937719389796257,0.0001242246653418988
8763,0.015451048500835896,0.013130893930792809,0.0009854758391156793,0.00013346786727197468
8764,0.014034758321940899,0.012303100898861885,0.0005855475319549441,0.00011461100075393915
8765,0.014432808384299278,0.012043198570609093,0.0011383646633476019,0.0001251244539162144
8766,0.015675609931349754,0.0130563760176301,0.0011307185050100088,0.0001488515263190493
8767,0.01574118062853813,0.011662871576845646,0.002746174344792962,0.00013321347068995237
8768,0.01488938182592392,0.012869026511907578,0.0005821276572532952,0.00014382276276592165
8769,0.0139843188226223,0.012237198650836945,0.0005451534525491297,0.00012019669520668685
8770,0.014111105352640152,0.012174380011856556,0.000760682625696063,0.00011760427878471091
8771,0.014853370375931263,0.012932559475302696,0.0006300098029896617,0.00012908013013657182
8772,0.015058796852827072,0.011852671392261982,0.0019974694587290287,0.00012086550850654021
8773,0.014645088464021683,0.01281778048723936,0.00048387545393779874,0.00013434331049211323
8774,0.014015177264809608,0.012118441052734852,0.0006694684270769358,0.00012272682215552777
8775,0.013886850327253342,0.012193362228572369,0.0004238665569573641,0.0001269621861865744
8776,0.014247508719563484,0.012609812431037426,0.00027838587993755937,0.0001359309535473585
8777,0.014552446082234383,0.011868082918226719,0.0014210960362106562,0.0001263267477042973
8778,0.014517056755721569,0.012746254913508892,0.00045347129344008863,0.00013173303159419447
8779,0.014144441112875938,0.012029189616441727,0.0009570029797032475,0.00011582488514250144
8780,0.013859091326594353,0.012413974851369858,0.00024151019169948995,0.0001203605643240735
8781,0.013839121907949448,0.012371254153549671,0.00024751905584707856,0.00012203485675854608
8782,0.014017745852470398,0.012009944766759872,0.0007607191218994558,0.0001247081527253613
8783,0.014170912094414234,0.012544242665171623,0.00028779584681615233,0.0001338873989880085
8784,0.01415465958416462,0.011882548220455647,0.0010337410494685173,0.0001238370459759608
8785,0.014055803418159485,0.012468326836824417,0.00027438675169833004,0.00013130891602486372
8786,0.01392088271677494,0.0120459059253335,0.0006716880016028881,0.00012032895756419748
8787,0.013879808597266674,0.012275289744138718,0.0003646417462732643,0.00012398770195432007
8788,0.013869939371943474,0.012242304161190987,0.000422727782279253,0.00012049078941345215
8789,0.013847938738763332,0.012101450935006142,0.000530008808709681,0.00012164785584900528
8790,0.013795028440654278,0.012278232723474503,0.00026685636839829385,0.00012499390868470073
8791,0.013734094798564911,0.012029443867504597,0.0004690395435318351,0.0001235612144228071
8792,0.013712342828512192,0.012208852916955948,0.00022607576102018356,0.000127741412143223
8793,0.013749395497143269,0.012045656330883503,0.00045767019037157297,0.00012460688594728708
8794,0.013833287172019482,0.012171662412583828,0.0003941422619391233,0.00012674825848080218
8795,0.013927513733506203,0.012038941495120525,0.0006766199367120862,0.00012119521852582693
8796,0.01406921073794365,0.012230045162141323,0.0005859762895852327,0.00012531898391898721
8797,0.014225783757865429,0.01190436352044344,0.001130599994212389,0.00011908194574061781
8798,0.014662262052297592,0.012404006905853748,0.0009405878372490406,0.00013176671927794814
8799,0.015209430828690529,0.011627214960753918,0.0023897828068584204,0.00011924328282475471
8800,0.016914477571845055,0.012760335579514503,0.002736462280154228,0.00014176797412801534
8801,0.018277110531926155,0.011263568885624409,0.005828750319778919,0.00011847919085994363
8802,0.023568566888570786,0.01338139083236456,0.008625060319900513,0.0001562114484841004
8803,0.02274351380765438,0.01101014856249094,0.010486196726560593,0.000124716927530244
8804,0.02843533456325531,0.013752351514995098,0.013057810254395008,0.0001625173317734152
8805,0.019992075860500336,0.011205444112420082,0.007489487994462252,0.00012971441901754588
8806,0.016821473836898804,0.012815358117222786,0.002574068959802389,0.00014320453919935971
8807,0.014024198055267334,0.011816072277724743,0.0009184589143842459,0.00012896661064587533
8808,0.01395190879702568,0.011831849813461304,0.0007697604596614838,0.00013502984074875712
8809,0.01583646610379219,0.012583024799823761,0.001694157370366156,0.00015592844283673912
8810,0.016964608803391457,0.011390579864382744,0.004239664413034916,0.00013343631871975958
8811,0.018190525472164154,0.012975659221410751,0.0036685315426439047,0.0001546335406601429
8812,0.015499635599553585,0.011630292981863022,0.0026725465431809425,0.00011967961472691968
8813,0.013971610926091671,0.012430625967681408,0.0002856113715097308,0.00012553733540698886
8814,0.01394564751535654,0.012273089028894901,0.0004121165256947279,0.00012604417861439288
8815,0.01497730053961277,0.011806712485849857,0.0019341824809089303,0.00012364053691271693
8816,0.01598094217479229,0.01262661349028349,0.0019065211527049541,0.00014478075900115073
8817,0.014854002743959427,0.011754019185900688,0.001787018496543169,0.0001312965905526653
8818,0.01391022652387619,0.012225497514009476,0.0003215656615793705,0.0001363164046779275
8819,0.013784598559141159,0.0122522609308362,0.00021384247520472854,0.00013184947601985186
8820,0.014387420378625393,0.011842199601233006,0.0013348336797207594,0.00012103864719392732
8821,0.014962292276322842,0.01260477863252163,0.0010324709583073854,0.00013250431220512837
8822,0.01439172774553299,0.01185045950114727,0.0013353069080039859,0.00012059607252012938
8823,0.013827860355377197,0.012245304882526398,0.00027501030126586556,0.00013075448805466294
8824,0.013730489648878574,0.012167342007160187,0.0002219235902884975,0.00013412236876320094
8825,0.014092139899730682,0.011810882948338985,0.0009602911886759102,0.00013209659664426
8826,0.014429816044867039,0.012405485846102238,0.0006022668676450849,0.00014220636512618512
8827,0.014162445440888405,0.011782728135585785,0.0011143862502649426,0.00012653307931032032
8828,0.013821056112647057,0.012262213043868542,0.00024127564392983913,0.0001317567512160167
8829,0.013668272644281387,0.012056097388267517,0.0003479019505903125,0.00012642731599044055
8830,0.013817835599184036,0.011986278928816319,0.0005862517864443362,0.00012453054659999907
8831,0.014060355722904205,0.012227512896060944,0.0005036581424064934,0.00013291843060869724
8832,0.014055806212127209,0.011865898035466671,0.0009025190956890583,0.00012873884406872094
8833,0.013927158899605274,0.012097842060029507,0.0004644543514586985,0.00013648628373630345
8834,0.013745889998972416,0.012000346556305885,0.00040719046955928206,0.0001338353322353214
8835,0.013721982017159462,0.011840859428048134,0.0005730144330300391,0.00013081073120702058
8836,0.013865221291780472,0.012257595546543598,0.00025390327209606767,0.00013537223276216537
8837,0.014079218730330467,0.011641793884336948,0.0011670727981254458,0.00012703516404144466
8838,0.014324798248708248,0.012431698851287365,0.000507616437971592,0.0001385483192279935
8839,0.014537789858877659,0.0114928362891078,0.0017697010189294815,0.00012752528709825128
8840,0.014901638962328434,0.012496392242610455,0.0009363111457787454,0.00014689362433273345
8841,0.015517509542405605,0.011356635950505733,0.002783438190817833,0.00013774356921203434
8842,0.016626844182610512,0.012610684148967266,0.0024024832528084517,0.0001613676140550524
8843,0.018436383455991745,0.011173355393111706,0.005771748721599579,0.00014912783808540553
8844,0.021113935858011246,0.01291106827557087,0.006283046677708626,0.00019198202062398195
8845,0.024586671963334084,0.010926459915935993,0.01189125794917345,0.00017689548258204013
8846,0.028019383549690247,0.013308289460837841,0.012288699857890606,0.00024223944637924433
8847,0.02978820912539959,0.010768070816993713,0.017071804031729698,0.00019483342475723475
8848,0.027774129062891006,0.013304845429956913,0.011984304524958134,0.0002484979631844908
8849,0.022258508950471878,0.011117484420537949,0.009559687227010727,0.00015813365462236106
8850,0.016267459839582443,0.012457426637411118,0.002345480490475893,0.00014645537885371596
8851,0.013656696304678917,0.012066736817359924,0.0003236744669266045,0.0001266284816665575
8852,0.015327402390539646,0.01139107160270214,0.002600074280053377,0.00013362569734454155
8853,0.01876804418861866,0.01300350483506918,0.004039742052555084,0.00017247963114641607
8854,0.02023722045123577,0.010879348032176495,0.007840266451239586,0.0001517606433480978
8855,0.01883421465754509,0.01314589660614729,0.0038618938997387886,0.00018264241225551814
8856,0.01697070337831974,0.01109834760427475,0.0046477289870381355,0.00012246279220562428
8857,0.020290235057473183,0.012882133014500141,0.005949192214757204,0.00014589088095817715
8858,0.025042887777090073,0.011433718726038933,0.012443273328244686,0.00011658960283966735
8859,0.04043615236878395,0.013496385887265205,0.025305164977908134,0.00016346032498404384
8860,0.027167048305273056,0.011473560705780983,0.014249684289097786,0.0001443804067093879
8861,0.02316770888864994,0.013062135316431522,0.008688812144100666,0.0001416760787833482
8862,0.01571756973862648,0.011423202231526375,0.0030170727986842394,0.0001277294650208205
8863,0.015130162239074707,0.012432062067091465,0.0011819753563031554,0.00015161256305873394
8864,0.017560318112373352,0.01194857433438301,0.003909568767994642,0.00017021750682033598
8865,0.018965844064950943,0.011780998669564724,0.00577219482511282,0.00014126505993772298
8866,0.020491963252425194,0.012911663390696049,0.005969491321593523,0.00016108076670207083
8867,0.016557060182094574,0.011444360949099064,0.0038859357591718435,0.00012267623969819397
8868,0.015383230522274971,0.012891341000795364,0.0011747037060558796,0.0001317186251981184
8869,0.015758274123072624,0.011927520856261253,0.0025149178691208363,0.00013158364163246006
8870,0.016351759433746338,0.012196853756904602,0.002886171219870448,0.0001268733903998509
8871,0.01639948971569538,0.012653362937271595,0.002390087815001607,0.00013560394290834665
8872,0.014754834584891796,0.011685499921441078,0.0017825406976044178,0.0001286794140469283
8873,0.014677602797746658,0.012539338320493698,0.0007189119351096451,0.0001419351901859045
8874,0.015599549748003483,0.012016043066978455,0.0021806415170431137,0.000140286487294361
8875,0.01562771014869213,0.012193151749670506,0.0022222332190722227,0.00012123258056817576
8876,0.014820452779531479,0.012500331737101078,0.0010717386612668633,0.00012483818863984197
8877,0.013946774415671825,0.012012829072773457,0.0008110767230391502,0.00011228687799302861
8878,0.014434980228543282,0.012421179562807083,0.0007607555598951876,0.000125304504763335
8879,0.015250880271196365,0.012148805893957615,0.0017846530536189675,0.00013174211198929697
8880,0.014918764121830463,0.012184523046016693,0.0014467699220404029,0.00012874715321231633
8881,0.014029957354068756,0.012184841558337212,0.0005349425482563674,0.00013101729564368725
8882,0.013707758858799934,0.012085339985787868,0.00036560132866725326,0.00012568179226946086
8883,0.014222539030015469,0.012190532870590687,0.0007841758779250085,0.00012478308053687215
8884,0.014717363752424717,0.012162772007286549,0.0012498043943196535,0.0001304787292610854
8885,0.014401405118405819,0.012236755341291428,0.0009736361680552363,0.00011910136527149007
8886,0.01383489090949297,0.01210106536746025,0.0005367031553760171,0.00011971218191320077
8887,0.013658258132636547,0.01220414787530899,0.0002325043606106192,0.0001221605489263311
8888,0.013943629339337349,0.012062432244420052,0.0006425590254366398,0.00012386386515572667
8889,0.014215382747352123,0.012090924195945263,0.0008188975625671446,0.00013055605813860893
8890,0.014072836376726627,0.012101083993911743,0.0006883312598802149,0.0001283421297557652
8891,0.013761965557932854,0.011963381431996822,0.0005338455666787922,0.00012647385301534086
8892,0.013607967644929886,0.012161730788648129,0.00019182069809176028,0.00012544159835670143
8893,0.013705547899007797,0.011970091611146927,0.0005379209760576487,0.00011975357483606786
8894,0.01388524379581213,0.012130005285143852,0.000521176028996706,0.00012340630928520113
8895,0.01388956792652607,0.012023493647575378,0.0006726824794895947,0.00011933923815377057
8896,0.013751843944191933,0.012017076835036278,0.0004904810921289027,0.00012442856677807868
8897,0.013571951538324356,0.012029907666146755,0.00030530395451933146,0.00012367396266199648
8898,0.01350264810025692,0.011923721991479397,0.00034605388646014035,0.0001232871290994808
8899,0.013562088832259178,0.012012368999421597,0.0002944359148386866,0.0001255284296348691
8900,0.013664408586919308,0.0119068818166852,0.0005355062894523144,0.00012220208009239286
8901,0.013734279200434685,0.012024853378534317,0.0004614314530044794,0.00012479950964916497
8902,0.013701030053198338,0.011885451152920723,0.0006331217591650784,0.00011824577813968062
8903,0.013638374395668507,0.012052105739712715,0.00036434002686291933,0.00012219289783388376
8904,0.013560264371335506,0.011806987226009369,0.0005719944601878524,0.00011812832235591486
8905,0.01353105716407299,0.012066519819200039,0.00022006154176779091,0.00012444762978702784
8906,0.013527055270969868,0.011707201600074768,0.0006094397394917905,0.0001210413538501598
8907,0.013536280021071434,0.012054023332893848,0.00020245331688784063,0.00012798029638361186
8908,0.013528158888220787,0.011660467833280563,0.0006367939058691263,0.00012308974692132324
8909,0.013511362485587597,0.01203227136284113,0.0002044435968855396,0.00012746475113090128
8910,0.013497022911906242,0.011660379357635975,0.000630508060567081,0.00012061352754244581
8911,0.01352821197360754,0.01201657298952341,0.00025202365941368043,0.00012596156739164144
8912,0.013618233613669872,0.011629702523350716,0.0007915556197986007,0.00011969759361818433
8913,0.01387749332934618,0.012060554698109627,0.0005312426947057247,0.00012856954708695412
8914,0.014302495867013931,0.011471770703792572,0.0016433951677754521,0.00011873297626152635
8915,0.015513005666434765,0.012304902076721191,0.001843537320382893,0.0001364566123811528
8916,0.01708706095814705,0.011122609488666058,0.004789355676621199,0.0001175095749204047
8917,0.022570775821805,0.013010772876441479,0.008026733063161373,0.00015332706971094012
8918,0.024345753714442253,0.010646232403814793,0.012467014603316784,0.0001232506037922576
8919,0.036490704864263535,0.014036293141543865,0.020643118768930435,0.0001811291294870898
8920,0.02313406765460968,0.010640935972332954,0.010956719517707825,0.00015364120190497488
8921,0.019083337858319283,0.013066371902823448,0.004376744385808706,0.0001640220871195197
8922,0.015352833084762096,0.011167955584824085,0.0028928208630532026,0.00012920565495733172
8923,0.01539326086640358,0.011981360614299774,0.00191870192065835,0.00014931990881450474
8924,0.017819717526435852,0.012017928995192051,0.004131552763283253,0.00016702359425835311
8925,0.018274355679750443,0.011435850523412228,0.005434662103652954,0.00014038418885320425
8926,0.018541261553764343,0.01247271429747343,0.0044942316599190235,0.00015743145195301622
8927,0.014870000071823597,0.011597035452723503,0.0020747603848576546,0.00011982044816249982
8928,0.013530313968658447,0.012076378799974918,0.0002350512077100575,0.00012188844266347587
8929,0.014644140377640724,0.012138317339122295,0.00124492053873837,0.00012609027908183634
8930,0.01598316617310047,0.011769101023674011,0.0029508406296372414,0.0001263224403373897
8931,0.016401352360844612,0.012116529047489166,0.002878928557038307,0.00014058947272133082
8932,0.014860881492495537,0.01200506929308176,0.001448093680664897,0.00014077186642680317
8933,0.01448631938546896,0.01143856905400753,0.0017018226208165288,0.0001345928176306188
8934,0.015438531525433064,0.01264694333076477,0.0012317292857915163,0.0001559859374538064
8935,0.015598178841173649,0.011261382140219212,0.003057760652154684,0.00012790366599801928
8936,0.015089794993400574,0.012641645967960358,0.0010888120159506798,0.000135933660203591
8937,0.01404610089957714,0.0116309504956007,0.0012228561099618673,0.00011922944395337254
8938,0.014063525013625622,0.012005940079689026,0.0007841234328225255,0.00012734616757370532
8939,0.014622085727751255,0.012078836560249329,0.0011749309487640858,0.0001368319062748924
8940,0.014369934797286987,0.011708568781614304,0.001324821263551712,0.00013365446648094803
8941,0.013776036910712719,0.011957550421357155,0.00044309295481070876,0.0001375393767375499
8942,0.013475698418915272,0.011922547593712807,0.00022638385416939855,0.00013267665053717792
8943,0.01374942995607853,0.01171083003282547,0.0007914860616438091,0.00012471131049096584
8944,0.014126013033092022,0.012167380191385746,0.0006416009273380041,0.00013170317106414586
8945,0.013909670524299145,0.011750241741538048,0.0009541042963974178,0.00012053239333909005
8946,0.013596571981906891,0.011910200119018555,0.00042179980664514005,0.0001264572056243196
8947,0.013512631878256798,0.011993764899671078,0.00020454969489946961,0.00013143170508556068
8948,0.013741407543420792,0.011537688784301281,0.000895893492270261,0.00013078258780296892
8949,0.0139938835054636,0.012178551405668259,0.0003939354792237282,0.00014213970280252397
8950,0.013936235569417477,0.011428158730268478,0.0012357857776805758,0.00012722906831186265
8951,0.013811668381094933,0.01213802583515644,0.0003093637351412326,0.00013642784324474633
8952,0.013768406584858894,0.011560087092220783,0.0009333849302493036,0.000127493534819223
8953,0.01392142754048109,0.012015837244689465,0.0006092466646805406,0.00012963433982804418
8954,0.014193444512784481,0.011629627086222172,0.0012863436713814735,0.00012774739298038185
8955,0.014439964666962624,0.011972043663263321,0.0011363005032762885,0.000133162087877281
8956,0.0146586699411273,0.011508957482874393,0.0017966999439522624,0.00013530127762351185
8957,0.014873463660478592,0.012091942131519318,0.0013488088734447956,0.00014327136159408838
8958,0.015204966068267822,0.011259731836616993,0.0026174276135861874,0.0001327806676272303
8959,0.015726903453469276,0.012366215698421001,0.0018364086281508207,0.00015242787776514888
8960,0.016465626657009125,0.011003132909536362,0.004084107466042042,0.0001378386514261365
8961,0.017478706315159798,0.012698107399046421,0.0031300270929932594,0.00016505715029779822
8962,0.018558796495199203,0.010726038366556168,0.006425614468753338,0.00014071421173866838
8963,0.01994706317782402,0.01300680823624134,0.00507775042206049,0.0001862502977019176
8964,0.02083383873105049,0.010485285893082619,0.008800574578344822,0.0001547976426081732
8965,0.022052083164453506,0.013243165798485279,0.0067688049748539925,0.0002040112012764439
8966,0.021705394610762596,0.010371806100010872,0.009827656671404839,0.00015059325960464776
8967,0.0220359917730093,0.013297206722199917,0.0067894537933170795,0.0001949331199284643
8968,0.01994863525032997,0.010515732690691948,0.00803296361118555,0.00013999371731188148
8969,0.019530819728970528,0.01303100399672985,0.004867864772677422,0.00016319515998475254
8970,0.01703626848757267,0.010887148790061474,0.004960453137755394,0.00011886677384609357
8971,0.01659364625811577,0.012479153461754322,0.002728920429944992,0.00013855732686351985
8972,0.015246576629579067,0.011359583586454391,0.0027012028731405735,0.00011857903882628307
8973,0.014980264008045197,0.0118945874273777,0.0017535571241751313,0.00013321191363502294
8974,0.01452354621142149,0.011769064702093601,0.0014635934494435787,0.00012908886128570884
8975,0.014236426912248135,0.011502520181238651,0.0014228795189410448,0.00013110275904182345
8976,0.013982554897665977,0.012033399194478989,0.0006126207881607115,0.00013365349150262773
8977,0.013861075975000858,0.01134429220110178,0.0012792926281690598,0.00012374915240798146
8978,0.013990769162774086,0.012155375443398952,0.0005169182550162077,0.00013184752606321126
8979,0.01424217876046896,0.011328632943332195,0.0017432485474273562,0.00011702968913596123
8980,0.014887514524161816,0.01218502689152956,0.0013926434330642223,0.00013098448107484728
8981,0.015023380517959595,0.011354385875165462,0.002513525541871786,0.00011554700904525816
8982,0.015584452077746391,0.01216783095151186,0.0020961409900337458,0.00013204808055888861
8983,0.015148214995861053,0.011375331319868565,0.002612245501950383,0.00011606387852225453
8984,0.015147676691412926,0.012127813883125782,0.0017110881162807345,0.00013087746629025787
8985,0.01447424478828907,0.011381621472537518,0.0019326653564348817,0.00011599571735132486
8986,0.014196913689374924,0.012072684243321419,0.0008313180296681821,0.00012929114745929837
8987,0.013798094354569912,0.011379961855709553,0.0012402941938489676,0.00011778378393501043
8988,0.013647784478962421,0.012012247927486897,0.0003407209296710789,0.00012948160292580724
8989,0.01354964729398489,0.011389442719519138,0.000949108216445893,0.00012110964598832652
8990,0.01352740079164505,0.011948080733418465,0.0002821075322572142,0.00012972122931387275
8991,0.01350854430347681,0.011429005302488804,0.0008526263991370797,0.00012269122817087919
8992,0.013474402949213982,0.011876026168465614,0.0003244329709559679,0.0001273943780688569
8993,0.01341516524553299,0.011494414880871773,0.0006980700418353081,0.00012226798571646214
8994,0.013340751640498638,0.011782372370362282,0.00031242999830283225,0.00012459496792871505
8995,0.013265982270240784,0.011567670851945877,0.00047406466910615563,0.00012242469529155642
8996,0.01320616900920868,0.011668152175843716,0.0003069198573939502,0.0001231096830451861
8997,0.013171686790883541,0.011642513796687126,0.0002900268882513046,0.00012391463678795844
8998,0.01316628698259592,0.011547009460628033,0.0003966529038734734,0.00012226245598867536
8999,0.01319391094148159,0.01172909140586853,0.00020789990958292037,0.00012569190585054457
9000,0.013255761004984379,0.011420280672609806,0.0006231357110664248,0.00012123446504119784
9001,0.013119886629283428,0.011630606837570667,0.0002510201884433627,0.00012382598652038723
9002,0.013217969797551632,0.011750150471925735,0.00020645905169658363,0.00012613597209565341
9003,0.013112686574459076,0.011545106768608093,0.0003404890012461692,0.0001227090833708644
9004,0.013186819851398468,0.011437262408435345,0.0005321620847098529,0.00012173954019090161
9005,0.013107264414429665,0.011616860516369343,0.0002451398759149015,0.00012452642840798944
9006,0.013158202171325684,0.011690761893987656,0.00020598314586095512,0.00012614564911928028
9007,0.013100279495120049,0.011513077653944492,0.0003529821115080267,0.00012342198169790208
9008,0.013133345171809196,0.011447572149336338,0.0004572182078845799,0.00012285551929380745
9009,0.013094156980514526,0.011601063422858715,0.00024176412262022495,0.00012513293768279254
9010,0.013111473061144352,0.011638684198260307,0.0002155800466425717,0.00012572089326567948
9011,0.013086773455142975,0.011490324512124062,0.00036393958725966513,0.0001232509530382231
9012,0.013092120178043842,0.011461732909083366,0.0004001645720563829,0.00012302234244998544
9013,0.013079265132546425,0.011587941087782383,0.0002429692103760317,0.00012483546743169427
9014,0.013075655326247215,0.011593453586101532,0.0002337301557417959,0.00012484710896387696
9015,0.013070899061858654,0.011472024954855442,0.00036866776645183563,0.00012302066897973418
9016,0.013061117380857468,0.011469980701804161,0.0003572236164472997,0.00012339132081251591
9017,0.01306177582591772,0.011566104367375374,0.0002451979380566627,0.00012504737242124975
9018,0.013048909604549408,0.011546805500984192,0.00025407469365745783,0.0001248029147973284
9019,0.01305216085165739,0.011454137973487377,0.00036243494832888246,0.00012355872604530305
9020,0.013038230128586292,0.011471854522824287,0.000324741646181792,0.00012416338722687215
9021,0.01304181944578886,0.01153944618999958,0.0002496336819604039,0.00012527394574135542
9022,0.013028965331614017,0.011505949310958385,0.0002763347583822906,0.0001246681495103985
9023,0.013031363487243652,0.01144301239401102,0.0003498309524729848,0.0001238520781043917
9024,0.013020702637732029,0.011471521109342575,0.0003034582477994263,0.00012457233970053494
9025,0.013020748272538185,0.011510969139635563,0.0002574485260993242,0.00012523306941147894
9026,0.013012967072427273,0.011470998637378216,0.00029576156521216035,0.00012462060840334743
9027,0.013010448776185513,0.011434080079197884,0.00033280544448643923,0.00012435631651896983
9028,0.013005548156797886,0.011463220231235027,0.00029038958018645644,0.00012519389565568417
9029,0.013000616803765297,0.011477728374302387,0.00026739289751276374,0.00012554950080811977
9030,0.012998057529330254,0.011440436355769634,0.0003071501851081848,0.00012504708138294518
9031,0.012991403229534626,0.011425856500864029,0.0003145758237224072,0.00012509712541941553
9032,0.012990370392799377,0.011449214071035385,0.0002842881076503545,0.00012568685633596033
9033,0.012982910498976707,0.011446118354797363,0.0002806512638926506,0.00012561411131173372
9034,0.012982429936528206,0.01141909696161747,0.0003113755374215543,0.00012519574374891818
9035,0.012975030578672886,0.011419982649385929,0.00030087726190686226,0.00012541699106805027
9036,0.012974251061677933,0.011432215571403503,0.0002844403497874737,0.00012575949949678034
9037,0.012967657297849655,0.011418577283620834,0.000293812423478812,0.00012552672706078738
9038,0.012966001406311989,0.01140409056097269,0.0003080291789956391,0.00012538819282781333
9039,0.012960599735379219,0.011411004699766636,0.00029201386496424675,0.00012575816072057933
9040,0.01295783556997776,0.01141001284122467,0.0002886264701373875,0.00012591965787578374
9041,0.01295365858823061,0.01139387208968401,0.00030263137887232006,0.00012571549450512975
9042,0.012949886731803417,0.011391544714570045,0.00030010391492396593,0.00012582384806592017
9043,0.012946669943630695,0.011397140100598335,0.0002881393302232027,0.00012613908620551229
9044,0.012942278757691383,0.011385965161025524,0.00029558941605500877,0.00012607242388185114
9045,0.012939567677676678,0.011374645866453648,0.0003055945853702724,0.00012593269639182836
9046,0.012934998609125614,0.01138068363070488,0.00029261328745633364,0.0001261701836483553
9047,0.012932336889207363,0.01137976348400116,0.0002891363692469895,0.00012634370068553835
9048,0.012927988544106483,0.01136359665542841,0.0003025502373930067,0.00012618410983122885
9049,0.012925075367093086,0.01136027928441763,0.0003027052734978497,0.0001262091100215912
9050,0.01292115543037653,0.01136818714439869,0.00028793149976991117,0.00012650365533772856
9051,0.012917866930365562,0.011358977295458317,0.00029350363183766603,0.00012653857993427664
9052,0.012914380989968777,0.011343884281814098,0.000306384899886325,0.0001264111779164523
9053,0.012910798192024231,0.011348088271915913,0.00029684280161745846,0.00012658668856602162
9054,0.012907570227980614,0.011352356523275375,0.0002871162723749876,0.00012680968211498111
9055,0.012903891503810883,0.011337491683661938,0.0002993109228555113,0.00012670888099819422
9056,0.012900757603347301,0.01132836565375328,0.00030588306253775954,0.0001266509498236701
9057,0.01289713941514492,0.011336462572216988,0.00029188767075538635,0.00012687890557572246
9058,0.012893911451101303,0.011334103532135487,0.0002900944964494556,0.00012697135389316827
9059,0.012890491634607315,0.0113182058557868,0.00030390574829652905,0.0001268380437977612
9060,0.012887110002338886,0.011316224932670593,0.0003018630377482623,0.00012690218864008784
9061,0.012883881106972694,0.011323099955916405,0.000289596791844815,0.0001271184446522966
9062,0.012880398891866207,0.011314366944134235,0.00029499310767278075,0.00012710389273706824
9063,0.012877274304628372,0.011301874183118343,0.0003051215608138591,0.0001270278007723391
9064,0.01287377905100584,0.011304901912808418,0.0002970408240798861,0.00012718368088826537
9065,0.012870668433606625,0.011306866072118282,0.00029056560015305877,0.00012732369941659272
9066,0.012867250479757786,0.011295152828097343,0.0002995550457853824,0.00012725424312520772
9067,0.0128640653565526,0.011288464069366455,0.0003029584768228233,0.00012726429849863052
9068,0.012860778719186783,0.011292479932308197,0.00029398943297564983,0.00012743091792799532
9069,0.012857520952820778,0.011288922280073166,0.0002938516263384372,0.00012747463188134134
9070,0.012854311615228653,0.01127841230481863,0.0003016943810507655,0.00012742046965286136
9071,0.012851024977862835,0.011276581324636936,0.0002993794623762369,0.00012750644236803055
9072,0.012847856618463993,0.011277987621724606,0.00029360962798818946,0.0001276258990401402
9073,0.012844597920775414,0.01127108745276928,0.00029738727607764304,0.00012761232210323215
9074,0.012841414660215378,0.011264240369200706,0.00030099262949079275,0.00012761815742123872
9075,0.012838209979236126,0.011264203116297722,0.00029671977972611785,0.0001277287519769743
9076,0.01283500250428915,0.01126179564744234,0.000295373669359833,0.00012778332165908068
9077,0.012831836007535458,0.011254883371293545,0.00029924127738922834,0.0001277711271541193
9078,0.012828631326556206,0.01125152874737978,0.0002988140331581235,0.00012782889825757593
9079,0.01282548438757658,0.011250296607613564,0.0002961017598863691,0.00012790858454536647
9080,0.01282230019569397,0.01124550960958004,0.00029760636971332133,0.00012791843619197607
9081,0.012819141149520874,0.011240781284868717,0.00029896246269345284,0.0001279397401958704
9082,0.01281599048525095,0.01123872585594654,0.00029713535332120955,0.00012801286356989294
9083,0.012812823057174683,0.011235200800001621,0.0002971482172142714,0.00012804745347239077
9084,0.01280970685184002,0.011230492033064365,0.0002986406034324318,0.00012805739243049175
9085,0.012806540355086327,0.011227840557694435,0.0002975601819343865,0.00012811394117306918
9086,0.012803420424461365,0.01122480258345604,0.00029697007266804576,0.0001281647419091314
9087,0.012800280004739761,0.011220048181712627,0.00029846830875612795,0.00012817636888939887
9088,0.012797152623534203,0.011216937564313412,0.00029806827660650015,0.00012821472773794085
9089,0.012794033624231815,0.01121462881565094,0.0002966416359413415,0.0001282763114431873
9090,0.012790916487574577,0.011210075579583645,0.00029788078973069787,0.0001282960583921522
9091,0.012787798419594765,0.011205939576029778,0.0002987236948683858,0.00012831353524234146
9092,0.01278469618409872,0.011204066686332226,0.000296908023301512,0.0001283721358049661
9093,0.012781592085957527,0.011200640350580215,0.0002968466724269092,0.00012841045099776238
9094,0.012778488919138908,0.011195606552064419,0.0002987076877616346,0.000128417435917072
9095,0.012775389477610588,0.011192935518920422,0.0002978769480250776,0.00012845767196267843
9096,0.012772299349308014,0.011190876364707947,0.0002963032166007906,0.0001285120379179716
9097,0.01276920735836029,0.011186202056705952,0.0002977554686367512,0.00012852498912252486
9098,0.012766124680638313,0.011182096786797047,0.0002985880128107965,0.00012854400847572833
9099,0.012763038277626038,0.011180296540260315,0.00029676183476112783,0.00012859792332164943
9100,0.012759951874613762,0.011176999658346176,0.0002966713218484074,0.00012862810399383307
9101,0.012756871990859509,0.011172233149409294,0.00029829470440745354,0.00012863439042121172
9102,0.012753798626363277,0.011169487610459328,0.0002976185642182827,0.00012866919860243797
9103,0.01275072991847992,0.01116725243628025,0.0002963773440569639,0.00012870998762082309
9104,0.012747650034725666,0.011163032613694668,0.0002974084345623851,0.00012872085790149868
9105,0.012744590640068054,0.011159230023622513,0.0002979663258884102,0.0001287394406972453
9106,0.012741519138216972,0.011156969703733921,0.0002967503678519279,0.0001287799677811563
9107,0.012738456949591637,0.011153699830174446,0.0002967269974760711,0.00012880301801487803
9108,0.0127353984862566,0.011149630881845951,0.0002976171381305903,0.0001288150524487719
9109,0.012732338160276413,0.011146730743348598,0.0002971397479996085,0.00012884683383163065
9110,0.012729283422231674,0.011143965646624565,0.0002965537132695317,0.0001288764615310356
9111,0.012726232409477234,0.01114024966955185,0.0002970816567540169,0.00012889014033135027
9112,0.012723177671432495,0.01113693043589592,0.0002971258945763111,0.00012891223013866693
9113,0.012720121070742607,0.01113412156701088,0.00029659815481863916,0.0001289401261601597
9114,0.012717071920633316,0.011130762286484241,0.0002967467880807817,0.0001289563369937241
9115,0.012714027427136898,0.01112737599760294,0.0002969098277390003,0.00012897411943413317
9116,0.01271098293364048,0.011124460026621819,0.0002965244639199227,0.00012899977446068078
9117,0.012707933783531189,0.011121202260255814,0.00029654958052560687,0.00012901821173727512
9118,0.012704898603260517,0.011117836460471153,0.0002967239997815341,0.0001290337968384847
9119,0.012701853178441525,0.011114931665360928,0.00029634821112267673,0.00012905735638923943
9120,0.01269881147891283,0.011111765168607235,0.00029627897311002016,0.00012907673954032362
9121,0.012695767916738987,0.011108307167887688,0.0002965781604871154,0.0001290883228648454
9122,0.012692738324403763,0.011105398647487164,0.0002962583093903959,0.00012910811346955597
9123,0.012689696624875069,0.011102460324764252,0.00029594561783596873,0.0001291290536755696
9124,0.01268666423857212,0.011098980903625488,0.00029629297205246985,0.00012913909449707717
9125,0.0126836271956563,0.011095856316387653,0.00029622935107909143,0.00012915412662550807
9126,0.012680599465966225,0.011093116365373135,0.00029573438223451376,0.00012917495041619986
9127,0.012677574530243874,0.011089821346104145,0.0002958883997052908,0.0001291864609811455
9128,0.012674540281295776,0.011086463928222656,0.00029611127683892846,0.00012919653090648353
9129,0.01267151813954115,0.011083702556788921,0.00029566450393758714,0.00012921511370223016
9130,0.012668486684560776,0.011080685071647167,0.00029550521867349744,0.00012922966561745852
9131,0.012665456160902977,0.011077283881604671,0.0002957984688691795,0.00012923736358061433
9132,0.012662425637245178,0.011074299924075603,0.00029561115661635995,0.00012925142073072493
9133,0.012659404426813126,0.011071483604609966,0.00029524374986067414,0.00012926770432386547
9134,0.012656382285058498,0.011068212799727917,0.00029541653930209577,0.0001292753149755299
9135,0.012653355486690998,0.011065065860748291,0.0002954336232505739,0.00012928566138725728
9136,0.012650336138904095,0.011062251403927803,0.0002950870548374951,0.0001292997767450288
9137,0.012647302821278572,0.011059142649173737,0.00029507881845347583,0.00012930815864820033
9138,0.012644289061427116,0.011055977083742619,0.0002951572241727263,0.00012931549281347543
9139,0.012641268782317638,0.011053085327148438,0.0002949110057670623,0.00012932723620906472
9140,0.012638247571885586,0.011050078086555004,0.00029480367084033787,0.00012933654943481088
9141,0.012635220773518085,0.011046938598155975,0.0002948485198430717,0.00012934334517922252
9142,0.012632204219698906,0.011044006794691086,0.00029466598061844707,0.00012935315317008644
9143,0.012629188597202301,0.011041020043194294,0.00029454592731781304,0.00012936233542859554
9144,0.012626169249415398,0.011037924326956272,0.00029456612537615,0.00012936789426021278
9145,0.01262314710766077,0.01103499811142683,0.00029438501223921776,0.0001293764653382823
9146,0.012620124965906143,0.011032036505639553,0.000294253695756197,0.00012938342115376145
9147,0.012617121450603008,0.011028949171304703,0.0002942951687145978,0.00012938772852066904
9148,0.012614102102816105,0.01102602481842041,0.0002941343991551548,0.00012939433509018272
9149,0.012611087411642075,0.011023134924471378,0.00029394091689027846,0.00012940108717884868
9150,0.012608065269887447,0.011020020581781864,0.00029400456696748734,0.00012940401211380959
9151,0.012605052441358566,0.011017090640962124,0.0002938650141004473,0.00012940967280883342
9152,0.012602044269442558,0.011014235205948353,0.00029365159571170807,0.00012941569730173796
9153,0.01259902585297823,0.01101118978112936,0.0002936543896794319,0.00012941815657541156
9154,0.012596005573868752,0.011008198373019695,0.0002935969387181103,0.00012942108151037246
9155,0.012592991814017296,0.011005341075360775,0.0002933820942416787,0.00012942682951688766
9156,0.01258997991681099,0.011002378538250923,0.0002933123614639044,0.00012942891044076532
9157,0.01258696336299181,0.010999376885592937,0.0002932811912614852,0.00012943052570335567
9158,0.012583951465785503,0.010996505618095398,0.00029311500838957727,0.00012943308684043586
9159,0.012580938637256622,0.010993597097694874,0.0002929840120486915,0.0001294357207370922
9160,0.012577926740050316,0.010990604758262634,0.0002929519396275282,0.00012943698675371706
9161,0.012574905529618263,0.010987707413733006,0.00029280909802764654,0.00012943892215844244
9162,0.012571895495057106,0.010984815657138824,0.0002926770248450339,0.00012944026093464345
9163,0.012568890117108822,0.010981886647641659,0.00029259640723466873,0.00012944066838826984
9164,0.012565874494612217,0.010978971607983112,0.0002924863947555423,0.00012944161426275969
9165,0.01256285049021244,0.010976072400808334,0.00029236270347610116,0.00012944149784743786
9166,0.012559842318296432,0.01097316574305296,0.0002922689891420305,0.00012944077025167644
9167,0.012556825764477253,0.010970276780426502,0.00029215135145932436,0.00012943980982527137
9168,0.012553822249174118,0.01096739899367094,0.0002920301631093025,0.0001294393150601536
9169,0.012550794519484043,0.010964475572109222,0.0002919426769949496,0.00012943765614181757
9170,0.012547784484922886,0.01096159778535366,0.0002918229438364506,0.0001294363901251927
9171,0.012544781900942326,0.010958750732243061,0.00029168016044422984,0.00012943509500473738
9172,0.012541767209768295,0.010955839417874813,0.00029159546829760075,0.00012943321780767292
9173,0.01253875344991684,0.010952962562441826,0.00029148434987291694,0.0001294305984629318
9174,0.01253573689609766,0.010950115509331226,0.0002913368516601622,0.00012942840112373233
9175,0.012532729655504227,0.01094723679125309,0.0002912382478825748,0.00012942543253302574
9176,0.012529709376394749,0.01094435341656208,0.00029113824712112546,0.00012942183820996433
9177,0.012526682578027248,0.010941517539322376,0.0002909890899900347,0.00012941757449880242
9178,0.012523687444627285,0.010938667692244053,0.00029088184237480164,0.0001294137618970126
9179,0.01252067182213068,0.010935796424746513,0.00029077910585328937,0.0001294096146011725
9180,0.012517653405666351,0.010932943783700466,0.00029065259150229394,0.0001294056564802304
9181,0.012514639645814896,0.01093011163175106,0.0002905100700445473,0.00012940177111886442
9182,0.012511622160673141,0.010927245020866394,0.00029041164088994265,0.00012939654698129743
9183,0.012508617714047432,0.010924405418336391,0.00029029190773144364,0.00012939205043949187
9184,0.012505592778325081,0.010921580716967583,0.00029014446772634983,0.00012938682630192488
9185,0.012502569705247879,0.010918728075921535,0.0002900346298702061,0.00012938077270518988
9186,0.012499567121267319,0.010915893130004406,0.00028992528677918017,0.00012937486462760717
9187,0.01249654870480299,0.01091309916228056,0.0002897647791542113,0.00012936844723299146
9188,0.012493530288338661,0.010910237208008766,0.000289678864646703,0.00012936147686559707
9189,0.012490520253777504,0.0109074292704463,0.0002895392826758325,0.00012935526319779456
9190,0.012487499974668026,0.010904615744948387,0.0002894016797654331,0.00012934822007082403
9191,0.0124844741076231,0.01090177521109581,0.0002892919583246112,0.0001293406676268205
9192,0.012481464073061943,0.010898970067501068,0.00028916046721860766,0.00012933334801346064
9193,0.012478440999984741,0.010896173305809498,0.0002890133182518184,0.00012932538811583072
9194,0.012475434690713882,0.010893349535763264,0.00028890836983919144,0.00012931770470459014
9195,0.012472414411604404,0.010890534147620201,0.000288782874122262,0.0001293097884627059
9196,0.012469391338527203,0.010887746699154377,0.0002886260044761002,0.00012930185766890645
9197,0.012466372922062874,0.010884941555559635,0.0002884994028136134,0.00012929322838317603
9198,0.01246335543692112,0.010882116854190826,0.00028839855804108083,0.00012928394426126033
9199,0.012460332363843918,0.010879346169531345,0.00028824000037275255,0.00012927467469125986
9200,0.012457314878702164,0.010876546613872051,0.0002881180844269693,0.00012926507042720914
9201,0.012454296462237835,0.010873757302761078,0.0002879796957131475,0.00012925593182444572
9202,0.01245127897709608,0.010870963335037231,0.00028786019538529217,0.00012924552720505744
9203,0.012448258697986603,0.010868183337152004,0.0002877221559174359,0.00012923531176056713
9204,0.012445241212844849,0.010865402407944202,0.00028758172993548214,0.00012922567839268595
9205,0.012442213483154774,0.010862608440220356,0.00028744569863192737,0.00012921594316139817
9206,0.01243919599801302,0.01085982657968998,0.0002873155171982944,0.00012920536391902715
9207,0.012436176650226116,0.01085705030709505,0.00028717966051772237,0.00012919465370941907
9208,0.01243315078318119,0.010854294523596764,0.00028702369309030473,0.00012918331776745617
9209,0.012430118396878242,0.010851498693227768,0.0002869053860194981,0.00012917144340462983
9210,0.012427093461155891,0.010848714038729668,0.0002867910370696336,0.00012915884144604206
9211,0.012424075976014137,0.010845980606973171,0.00028661792748607695,0.00012914773833472282
9212,0.012421050108969212,0.010843203403055668,0.0002864904818125069,0.00012913560203742236
9213,0.012418022379279137,0.01084041502326727,0.0002863712143152952,0.00012912359670735896
9214,0.012415003031492233,0.010837677866220474,0.00028621070669032633,0.00012911150406580418
9215,0.012411974370479584,0.010834920220077038,0.0002860595122911036,0.000129099513287656
9216,0.012408951297402382,0.010832147672772408,0.00028594437753781676,0.00012908600911032408
9217,0.012405918911099434,0.010829395614564419,0.0002857903891708702,0.00012907333439216018
9218,0.012402891181409359,0.01082664355635643,0.00028565007960423827,0.00012905981566291302
9219,0.012399866245687008,0.010823885910212994,0.0002855205675587058,0.00012904597679153085
9220,0.012396838515996933,0.010821151547133923,0.0002853569167200476,0.00012903299648314714
9221,0.012393810786306858,0.01081838645040989,0.00028523022774606943,0.00012901940499432385
9222,0.01239078026264906,0.010815632529556751,0.00028510187985375524,0.0001290046056965366
9223,0.01238774973899126,0.010812911204993725,0.0002849240554496646,0.00012899140710942447
9224,0.012384720146656036,0.010810153558850288,0.0002847960568033159,0.00012897714623250067
9225,0.012381691485643387,0.010807398706674576,0.0002846635761670768,0.00012896297266706824
9226,0.012378656305372715,0.010804674588143826,0.0002844944829121232,0.00012894866813439876
9227,0.01237562857568264,0.010801934637129307,0.0002843586844392121,0.00012893351959064603
9228,0.012372597120702267,0.010799198411405087,0.0002842213725671172,0.00012891774531453848
9229,0.012369568459689617,0.010796473361551762,0.00028407451463863254,0.00012890202924609184
9230,0.012366535142064095,0.010793739929795265,0.00028392786043696105,0.00012888676428701729
9231,0.012363510206341743,0.010791008360683918,0.00028378708520904183,0.00012887147022411227
9232,0.01236046478152275,0.010788283310830593,0.00028362011653371155,0.0001288560888497159
9233,0.012357431463897228,0.0107855424284935,0.00028348821797408164,0.00012884008174296468
9234,0.012354384176433086,0.010782805271446705,0.00028333577211014926,0.00012882438022643328
9235,0.01235136017203331,0.01078010629862547,0.00028316761017777026,0.00012880863505415618
9236,0.01234832126647234,0.010777369141578674,0.00028303777799010277,0.00012879137648269534
9237,0.012345279566943645,0.010774639435112476,0.0002828972355928272,0.00012877423432655632
9238,0.012342250905930996,0.010771945118904114,0.00028272956842556596,0.0001287576014874503
9239,0.012339206412434578,0.010769214481115341,0.00028259074315428734,0.00012874003732576966
9240,0.012336168438196182,0.010766495950520039,0.0002824398980010301,0.0001287232298636809
9241,0.012333130463957787,0.010763789527118206,0.00028227889561094344,0.00012870616046711802
9242,0.012330092489719391,0.010761067271232605,0.0002821383241098374,0.00012868869816884398
9243,0.012327051721513271,0.01075836457312107,0.0002819763030856848,0.00012867109035141766
9244,0.012324013747274876,0.010755655355751514,0.0002818250213749707,0.00012865338067058474
9245,0.012320967391133308,0.01075292844325304,0.00028168840799480677,0.0001286350016016513
9246,0.012317927554249763,0.01075024250894785,0.0002815158513840288,0.00012861692812293768
9247,0.012314882129430771,0.010747532360255718,0.00028136582113802433,0.0001285983744310215
9248,0.012311837635934353,0.01074481476098299,0.0002812264137901366,0.00012857963156420738
9249,0.012308795936405659,0.010742123238742352,0.000281052925856784,0.0001285619946429506
9250,0.012305747717618942,0.01073941495269537,0.00028090609703212976,0.0001285426114918664
9251,0.012302707880735397,0.010736716911196709,0.0002807525743264705,0.0001285237813135609
9252,0.012299652211368084,0.01073401514440775,0.0002805910771712661,0.00012850461644120514
9253,0.012296603061258793,0.010731304995715618,0.0002804471005219966,0.0001284851023228839
9254,0.01229355949908495,0.010728614404797554,0.00028028269298374653,0.0001284662284888327
9255,0.012290511280298233,0.010725931264460087,0.0002801133377943188,0.0001284466707147658
9256,0.012287463061511517,0.010723202489316463,0.00027998758014291525,0.00012842730211559683
9257,0.0122844148427248,0.01072053611278534,0.0002798030327539891,0.00012840756971854717
9258,0.012281359173357487,0.010717848315834999,0.00027963900356553495,0.000128387167933397
9259,0.012278311885893345,0.010715130716562271,0.0002795187756419182,0.00012836627138312906
9260,0.012275266461074352,0.010712476447224617,0.00027932983357459307,0.00012834600056521595
9261,0.012272214516997337,0.010709770955145359,0.00027918515843339264,0.00012832580250687897
9262,0.012269161641597748,0.010707080364227295,0.00027902561123482883,0.00012830556079279631
9263,0.012266094796359539,0.010704394429922104,0.0002788493875414133,0.00012828510079998523
9264,0.01226304192095995,0.01070169173181057,0.00027871248312294483,0.00012826378224417567
9265,0.01225999090820551,0.010699018836021423,0.000278540828730911,0.0001282431185245514
9266,0.012256935238838196,0.010696358047425747,0.00027835971559397876,0.0001282218290725723
9267,0.012253881432116032,0.010693635791540146,0.0002782481606118381,0.00012819973926525563
9268,0.012250833213329315,0.010690998286008835,0.00027805022546090186,0.00012817847891710699
9269,0.012247761711478233,0.010688303038477898,0.0002778932685032487,0.00012815646186936647
9270,0.01224470790475607,0.010685606859624386,0.00027775330818258226,0.00012813479406759143
9271,0.012241649441421032,0.010682953521609306,0.00027756302733905613,0.0001281132863368839
9272,0.01223859004676342,0.010680263862013817,0.00027740656514652073,0.00012809201143682003
9273,0.012235538102686405,0.010677576996386051,0.00027726171538233757,0.00012806995073333383
9274,0.012232465669512749,0.010674918070435524,0.00027706450782716274,0.00012804832658730447
9275,0.012229411862790585,0.01067222561687231,0.00027693057199940085,0.00012802558194380254
9276,0.0122263478115201,0.01066956203430891,0.0002767599653452635,0.00012800254626199603
9277,0.012223275378346443,0.010666896589100361,0.0002765850513242185,0.00012797937961295247
9278,0.012220210395753384,0.010664209723472595,0.00027643912471830845,0.00012795618386007845
9279,0.01221715472638607,0.010661555454134941,0.0002762645890470594,0.00012793346832040697
9280,0.012214090675115585,0.010658888146281242,0.0002760995994322002,0.0001279103016713634
9281,0.012211022898554802,0.010656214319169521,0.00027593382401391864,0.00012788739695679396
9282,0.012207956984639168,0.0106535404920578,0.0002757715992629528,0.00012786440493073314
9283,0.012204885482788086,0.010650875978171825,0.0002756005269475281,0.00012784091813955456
9284,0.012201821431517601,0.010648208670318127,0.000275437138043344,0.00012781760597135872
9285,0.012198754586279392,0.010645551607012749,0.0002752664149738848,0.0001277936389669776
9286,0.012195678427815437,0.01064287405461073,0.0002751097781583667,0.00012776939547620714
9287,0.012192606925964355,0.010640225373208523,0.00027492590015754104,0.00012774555943906307
9288,0.012189539149403572,0.010637556202709675,0.00027477071853354573,0.00012772121408488601
9289,0.012186471372842789,0.010634888894855976,0.00027461082208901644,0.00012769715976901352
9290,0.01218339428305626,0.010632246732711792,0.0002744194061961025,0.00012767274165526032
9291,0.012180320918560028,0.010629558935761452,0.00027428139583207667,0.00012764814891852438
9292,0.01217725221067667,0.010626920498907566,0.00027408829191699624,0.00012762437108904123
9293,0.012174172326922417,0.010624266229569912,0.0002739116607699543,0.00012759944365825504
9294,0.012171098031103611,0.01062158215790987,0.0002737759205047041,0.00012757399235852063
9295,0.012168025597929955,0.010618946515023708,0.00027358048828318715,0.00012754989438690245
9296,0.012164938263595104,0.01061628945171833,0.0002734073786996305,0.0001275241666007787
9297,0.012161865830421448,0.010613608174026012,0.00027327131829224527,0.000127498569781892
9298,0.01215878501534462,0.010610989294946194,0.00027305493131279945,0.00012747403525281698
9299,0.012155710719525814,0.010608305223286152,0.00027292637969367206,0.00012744795822072774
9300,0.012152634561061859,0.010605673305690289,0.00027273083105683327,0.00012742301623802632
9301,0.012149537913501263,0.01060301624238491,0.00027254613814875484,0.0001273976085940376
9302,0.012146465480327606,0.010600338689982891,0.0002724173536989838,0.00012737092038150877
9303,0.012143387459218502,0.010597729124128819,0.0002722069912124425,0.0001273451343877241
9304,0.012140299193561077,0.010595063678920269,0.0002720461634453386,0.0001273189700441435
9305,0.01213721465319395,0.010592387057840824,0.0002719020121730864,0.00012729252921417356
9306,0.012134130112826824,0.0105897793546319,0.00027167919324710965,0.0001272671652259305
9307,0.012131043709814548,0.010587096214294434,0.00027154319104738533,0.000127240433357656
9308,0.012127954512834549,0.010584442876279354,0.0002713704889174551,0.00012721405073534697
9309,0.012124870903789997,0.010581822134554386,0.00027116970159113407,0.0001271879591513425
9310,0.012121778912842274,0.010579157620668411,0.00027101594605483115,0.00012716057244688272
9311,0.012118693441152573,0.010576515458524227,0.00027083649183623493,0.000127134146168828
9312,0.012115617282688618,0.010573871433734894,0.0002706811937969178,0.00012710645387414843
9313,0.0121125103905797,0.01057123951613903,0.00027047365438193083,0.00012707972200587392
9314,0.01210942305624485,0.010568583384156227,0.00027031736681237817,0.00012705218978226185
9315,0.012106338515877724,0.01056593470275402,0.0002701532794162631,0.00012702503590844572
9316,0.012103238143026829,0.010563302785158157,0.00026995662483386695,0.00012699786748271435
9317,0.01210014894604683,0.01056065782904625,0.00026978031382896006,0.00012697109195869416
9318,0.012097052298486233,0.010557985864579678,0.00026964035350829363,0.00012694259930867702
9319,0.012093965895473957,0.010555390268564224,0.00026941916439682245,0.00012691563460975885
9320,0.012090858072042465,0.01055271178483963,0.0002692701236810535,0.0001268875930691138
9321,0.01208776980638504,0.010550076141953468,0.00026909468579106033,0.00012685995898209512
9322,0.01208466850221157,0.010547454468905926,0.0002688951208256185,0.0001268318883376196
9323,0.012081575579941273,0.010544790886342525,0.0002687509695533663,0.00012680339568760246
9324,0.01207847148180008,0.010542160831391811,0.0002685540239326656,0.00012677564518526196
9325,0.012075373902916908,0.010539534501731396,0.0002683656057342887,0.00012674741446971893
9326,0.01207226887345314,0.010536865331232548,0.0002682175545487553,0.00012671863078139722
9327,0.01206916756927967,0.010534258559346199,0.00026800669729709625,0.00012669021089095622
9328,0.012066061608493328,0.010531594045460224,0.00026785460067912936,0.00012666128168348223
9329,0.012062965892255306,0.010528968647122383,0.00026767828967422247,0.00012663195957429707
9330,0.012059873901307583,0.010526352562010288,0.0002674783463589847,0.00012660429638344795
9331,0.012056760489940643,0.01052369549870491,0.0002673197304829955,0.0001265745668206364
9332,0.012053648009896278,0.010521047748625278,0.0002671444963198155,0.00012654562306124717
9333,0.012050548568367958,0.010518450289964676,0.00026692618848755956,0.00012651720317080617
9334,0.01204744167625904,0.010515769012272358,0.0002667993539944291,0.00012648734264075756
9335,0.012044338509440422,0.010513167828321457,0.0002665849751792848,0.00012645861716009676
9336,0.012041229754686356,0.010510524734854698,0.00026641032309271395,0.0001264294405700639
9337,0.012038109824061394,0.010507872328162193,0.0002662478946149349,0.00012639893975574523
9338,0.012035006657242775,0.010505261830985546,0.00026605097809806466,0.00012636944302357733
9339,0.012031905353069305,0.010502629913389683,0.0002658757148310542,0.0001263399753952399
9340,0.012028791010379791,0.010499977506697178,0.00026571235503070056,0.00012631015852093697
9341,0.012025668285787106,0.010497359558939934,0.00026550222537480295,0.00012628061813302338
9342,0.012022554874420166,0.01049471739679575,0.00026533144409768283,0.00012625068484339863
9343,0.012019440531730652,0.010492080822587013,0.0002651578688528389,0.0001262202422367409
9344,0.01201633084565401,0.010489464737474918,0.00026496691862121224,0.00012618994514923543
9345,0.012013209983706474,0.010486824437975883,0.00026479377993382514,0.00012615913874469697
9346,0.012010099366307259,0.010484201833605766,0.0002646076027303934,0.00012612897262442857
9347,0.012006985954940319,0.010481556877493858,0.00026444531977176666,0.000126098413602449
9348,0.012003865092992783,0.01047896221280098,0.0002642199397087097,0.00012606827658601105
9349,0.012000744231045246,0.01047628466039896,0.0002640875754877925,0.0001260372082469985
9350,0.011997625231742859,0.010473689995706081,0.0002638609439600259,0.0001260073622688651
9351,0.011994508095085621,0.010471027344465256,0.00026372313732281327,0.0001259757555089891
9352,0.011991385370492935,0.010468445718288422,0.0002634843986015767,0.00012594550207722932
9353,0.011988259851932526,0.010465762577950954,0.0002633654512465,0.0001259131677215919
9354,0.011985141783952713,0.01046318095177412,0.000263132038526237,0.0001258828560821712
9355,0.011982015334069729,0.010460532270371914,0.00026297307340428233,0.0001258510019397363
9356,0.011978890746831894,0.010457904078066349,0.0002627888461574912,0.0001258198026334867
9357,0.011975758709013462,0.01045527495443821,0.00026259859441779554,0.00012578850146383047
9358,0.011972634121775627,0.010452649556100368,0.00026241334853693843,0.00012575718574225903
9359,0.011969502083957195,0.010450015775859356,0.0002622341562528163,0.00012572517152875662
9360,0.011966381222009659,0.010447395965456963,0.0002620464365463704,0.00012569394311867654
9361,0.011963249184191227,0.01044475194066763,0.00026187681942246854,0.00012566203076858073
9362,0.011960126459598541,0.010442163795232773,0.00026165758026763797,0.0001256304676644504
9363,0.011956989765167236,0.010439501143991947,0.00026151203201152384,0.00012559771130327135
9364,0.011953866109251976,0.010436906479299068,0.0002612984389998019,0.00012556611909531057
9365,0.011950722895562649,0.010434248484671116,0.0002611393283586949,0.0001255335082532838
9366,0.011947598308324814,0.010431651026010513,0.00026092829648405313,0.00012550187238957733
9367,0.011944463476538658,0.010429018177092075,0.00026075035566464067,0.00012546940706670284
9368,0.011941326782107353,0.010426378808915615,0.0002605843765195459,0.00012543641787488014
9369,0.011938193812966347,0.010423772968351841,0.00026037413044832647,0.0001254045928362757
9370,0.01193506084382534,0.010421142913401127,0.00026020099176093936,0.0001253716618521139
9371,0.011931916698813438,0.01041851844638586,0.0002600078587420285,0.00012533909466583282
9372,0.011928782798349857,0.010415895842015743,0.00025982270017266273,0.00012530638196039945
9373,0.01192564144730568,0.010413259267807007,0.0002596487756818533,0.00012527329090517014
9374,0.011922497302293777,0.010410653427243233,0.0002594337856862694,0.00012524098565336317
9375,0.011919361539185047,0.010408001951873302,0.00025928529794327915,0.000125207458040677
9376,0.011916223913431168,0.010405409149825573,0.00025906614609993994,0.00012517491995822638
9377,0.011913081631064415,0.010402773506939411,0.00025889111566357315,0.0001251416833838448
9378,0.011909933760762215,0.010400139726698399,0.00025871608522720635,0.00012510782107710838
9379,0.011906794272363186,0.010397537611424923,0.0002585034817457199,0.00012507528299465775
9380,0.011903651058673859,0.010394897311925888,0.00025833878316916525,0.00012504146434366703
9381,0.011900492012500763,0.01039227843284607,0.0002581380831543356,0.00012500750017352402
9382,0.011897353455424309,0.010389658622443676,0.0002579554566182196,0.0001249739434570074
9383,0.011894211173057556,0.010387049056589603,0.00025776075199246407,0.00012494005204644054
9384,0.011891061440110207,0.010384405963122845,0.00025759663549251854,0.00012490594235714525
9385,0.011887914501130581,0.010381805710494518,0.000257381412666291,0.00012487279309425503
9386,0.011884765699505806,0.010379171930253506,0.000257202482316643,0.00012483916361816227
9387,0.011881609447300434,0.010376537218689919,0.0002570166252553463,0.0001248054759344086
9388,0.01187845878303051,0.010373922996222973,0.0002568204654380679,0.0001247714681085199
9389,0.011875307187438011,0.010371304117143154,0.00025663338601589203,0.000124736936413683
9390,0.011872151866555214,0.010368683375418186,0.00025644333800300956,0.00012470255023799837
9391,0.011868996545672417,0.01036605704575777,0.0002562637091614306,0.00012466762564145029
9392,0.011865833774209023,0.010363435372710228,0.0002560660941526294,0.00012463319581001997
9393,0.011862690560519695,0.010360820218920708,0.00025588052812963724,0.00012459896970540285
9394,0.011859533376991749,0.010358183644711971,0.00025570509023964405,0.00012456449621822685
9395,0.0118563836440444,0.010355586186051369,0.00025548803387209773,0.00012453099770937115
9396,0.011853222735226154,0.01035295333713293,0.0002553110243752599,0.00012449584028217942
9397,0.01185004971921444,0.010350316762924194,0.0002551285724621266,0.00012446040636859834
9398,0.01184689998626709,0.010347723960876465,0.0002549203345552087,0.0001244255545316264
9399,0.01184373814612627,0.01034506969153881,0.0002547678304836154,0.00012439007696229964
9400,0.011840577237308025,0.010342493653297424,0.0002545252500567585,0.00012435585085768253
9401,0.011837412603199482,0.010339817963540554,0.0002543919254094362,0.00012432025687303394
9402,0.011834255419671535,0.010337240993976593,0.00025415379786863923,0.00012428603076841682
9403,0.011831085197627544,0.010334599763154984,0.0002539803390391171,0.00012425053864717484
9404,0.011827927082777023,0.010331970639526844,0.0002538097614888102,0.0001242147118318826
9405,0.011824756860733032,0.010329391807317734,0.0002535662497393787,0.00012417990365065634
9406,0.011821593157947063,0.010326698422431946,0.00025346249458380044,0.00012414324737619609
9407,0.011818427592515945,0.01032418105751276,0.0002531539648771286,0.0001241092977579683
9408,0.011815252713859081,0.01032143086194992,0.00025310582714155316,0.0001240716374013573
9409,0.01181208435446024,0.010318945161998272,0.0002527610631659627,0.00012403786240611225
9410,0.011808928102254868,0.010316209867596626,0.0002527167380321771,0.00012400015839375556
9411,0.011805747635662556,0.010313698090612888,0.00025239295791834593,0.0001239656558027491
9412,0.01180257461965084,0.010310973972082138,0.0002523140865378082,0.00012392869393806905
9413,0.011799406260251999,0.01030843798071146,0.000252028985414654,0.00012389397306833416
9414,0.011796224862337112,0.010305746458470821,0.000251907593337819,0.0001238570112036541
9415,0.011793052777647972,0.010303173214197159,0.0002516658860258758,0.00012382134445942938
9416,0.011789883486926556,0.010300520807504654,0.00025151754380203784,0.00012378454266581684
9417,0.011786705814301968,0.010297941043972969,0.00025127572007477283,0.00012374894868116826
9418,0.011783524416387081,0.010295264422893524,0.00025114495656453073,0.00012371146294753999
9419,0.011780345812439919,0.010292697697877884,0.00025088907568715513,0.00012367595627438277
9420,0.011777184903621674,0.010290034115314484,0.00025075796293094754,0.0001236393436556682
9421,0.011773998849093914,0.010287458077073097,0.00025050982367247343,0.0001236030802829191
9422,0.011770814657211304,0.010284790769219398,0.00025036459555849433,0.00012356591469142586
9423,0.011767636053264141,0.010282211005687714,0.00025012914557009935,0.00012352957855910063
9424,0.011764452792704105,0.010279558598995209,0.0002499759430065751,0.00012349178723525256
9425,0.011761266738176346,0.010276966728270054,0.0002497443347238004,0.00012345561117399484
9426,0.011758088134229183,0.010274305939674377,0.00024960131850093603,0.00012341815454419702
9427,0.011754900217056274,0.010271738283336163,0.00024934561224654317,0.0001233815710293129
9428,0.011751716025173664,0.010269050486385822,0.0002492290223017335,0.00012334359053056687
9429,0.01174852903932333,0.010266512632369995,0.0002489397011231631,0.00012330770550761372
9430,0.01174534298479557,0.010263780131936073,0.0002488673781044781,0.00012326962314546108
9431,0.011742153204977512,0.0102612916380167,0.0002485188888385892,0.00012323427654337138
9432,0.01173896063119173,0.01025852095335722,0.00024849254987202585,0.00012319469533395022
9433,0.011735773645341396,0.010256044566631317,0.0002481410338077694,0.0001231588248629123
9434,0.011732589453458786,0.010253305546939373,0.00024809176102280617,0.00012311921454966068
9435,0.011729401536285877,0.010250799357891083,0.0002477779344189912,0.00012308236910030246
9436,0.01172620803117752,0.010248069651424885,0.0002477052330505103,0.00012304338451940566
9437,0.01172301173210144,0.010245553217828274,0.0002473795902915299,0.0001230079069500789
9438,0.011719819158315659,0.01024280209094286,0.00024732077145017684,0.00012296960630919784
9439,0.011716625653207302,0.010240321978926659,0.00024697056505829096,0.00012293324107304215
9440,0.011713425628840923,0.01023754570633173,0.0002469451865181327,0.00012289352889638394
9441,0.01171023864299059,0.010235079564154148,0.00024658767506480217,0.00012285714910831302
9442,0.011707034893333912,0.010232328437268734,0.00024654099252074957,0.0001228166074724868
9443,0.011703838594257832,0.010229822248220444,0.0002462246338836849,0.0001227791071869433
9444,0.011700637638568878,0.010227098129689693,0.0002461416879668832,0.0001227397151524201
9445,0.011697445064783096,0.010224571451544762,0.00024584136554040015,0.00012270326260477304
9446,0.01169423758983612,0.010221838019788265,0.00024575498537160456,0.00012266449630260468
9447,0.011691035702824593,0.010219319723546505,0.00024543481413275003,0.00012262807285878807
9448,0.011687842197716236,0.010216590017080307,0.0002453715424053371,0.00012258805509191006
9449,0.011684629134833813,0.010214084759354591,0.0002450390311423689,0.0001225505257025361
9450,0.011681431904435158,0.010211331769824028,0.00024500294239260256,0.0001225096930284053
9451,0.011678222566843033,0.010208871215581894,0.0002446213038638234,0.0001224729639943689
9452,0.01167502161115408,0.010206042788922787,0.00024467174080200493,0.00012243070523254573
9453,0.011671817861497402,0.010203692130744457,0.0002441637625452131,0.0001223962171934545
9454,0.011668608523905277,0.010200722143054008,0.0002443564007990062,0.00012235298345331103
9455,0.011665403842926025,0.01019852515310049,0.0002436753420624882,0.00012232041626702994
9456,0.0116621945053339,0.010195380076766014,0.00024407226010225713,0.00012227419938426465
9457,0.0116589879617095,0.010193380527198315,0.00024317073985002935,0.00012224362581036985
9458,0.011655776761472225,0.010189998894929886,0.0002438355004414916,0.00012219428026583046
9459,0.011652558110654354,0.010188315063714981,0.00024256286269519478,0.0001221680431626737
9460,0.011649353429675102,0.010184498503804207,0.00024373621272388846,0.00012211184366606176
9461,0.011646151542663574,0.010183395817875862,0.00024182240304071456,0.0001220932899741456
9462,0.0116429403424263,0.010178877040743828,0.0002437824005028233,0.00012202813377371058
9463,0.011639733798801899,0.010178609751164913,0.00024091295199468732,0.00012202112702652812
9464,0.011636532843112946,0.010173016227781773,0.00024411006597802043,0.00012194063310744241
9465,0.011633341200649738,0.010174182243645191,0.0002396188210695982,0.00012195396266179159
9466,0.011630149558186531,0.010166691616177559,0.0002449812018312514,0.00012184761726530269
9467,0.011626986786723137,0.01017031166702509,0.00023774473811499774,0.00012189304834464565
9468,0.0116238659247756,0.010159622877836227,0.00024682245566509664,0.00012174202856840566
9469,0.011620822362601757,0.010167530737817287,0.00023482649703510106,0.00012184653314761817
9470,0.011617911048233509,0.010150997899472713,0.00025074509903788567,0.00012161681661382318
9471,0.011615263298153877,0.010166901163756847,0.00023005285765975714,0.00012183098442619666
9472,0.011613093316555023,0.010139468125998974,0.00025910543627105653,0.00012145197979407385
9473,0.01161182951182127,0.010170349851250648,0.00022278368123807013,0.00012186958338133991
9474,0.01161227747797966,0.010122308507561684,0.00027786364080384374,0.00012121052714064717
9475,0.011616186238825321,0.010181954130530357,0.0002140271826647222,0.00012202045763842762
9476,0.011626492254436016,0.010093875229358673,0.00032446140539832413,0.00012081551540177315
9477,0.011650561355054379,0.010210390202701092,0.0002161583979614079,0.00012240126670803875
9478,0.011699296534061432,0.010042843408882618,0.000455266737844795,0.0001201186387334019
9479,0.011805646121501923,0.010274040512740612,0.0002989204949699342,0.00012326857540756464
9480,0.01200688537210226,0.009946906007826328,0.0008716150769032538,0.00011883639672305435
9481,0.01245998777449131,0.010413414798676968,0.0007946052355691791,0.00012519679148681462
9482,0.013239392079412937,0.009767062030732632,0.0023069928865879774,0.00011653373076114804
9483,0.015096919611096382,0.01071187760680914,0.003091221209615469,0.00012938209692947567
9484,0.017468519508838654,0.00946896243840456,0.006867782212793827,0.00011317740427330136
9485,0.023280512541532516,0.011256929486989975,0.010654077865183353,0.0001369505625916645
9486,0.0247347392141819,0.009179721586406231,0.014440600760281086,0.00011144162272103131
9487,0.029769157990813255,0.011604689992964268,0.016765041276812553,0.00013994249457027763
9488,0.02086864411830902,0.009318149648606777,0.010425480082631111,0.00011250162060605362
9489,0.015383737161755562,0.010776251554489136,0.0033368258737027645,0.0001270659704459831
9490,0.011774033308029175,0.010002905502915382,0.0005804376560263336,0.00011906903819181025
9491,0.012648266740143299,0.009807951748371124,0.0016419352032244205,0.00011983800504822284
9492,0.016368001699447632,0.010799549520015717,0.004175460431724787,0.00013929929991718382
9493,0.017556725069880486,0.009408939629793167,0.006939210928976536,0.00012085746129741892
9494,0.017345912754535675,0.010883238166570663,0.005077989771962166,0.00013846847286913544
9495,0.01331282313913107,0.009751339443027973,0.002395875984802842,0.00011656079004751518
9496,0.01159413531422615,0.010167419910430908,0.00024479127023369074,0.00011819235805887729
9497,0.012746915221214294,0.010494854301214218,0.0010277029359713197,0.00012243572564329952
9498,0.01445724256336689,0.009666705504059792,0.003656936576589942,0.00011336002353345975
9499,0.01507241278886795,0.010744936764240265,0.003019969444721937,0.0001307506172452122
9500,0.01287924312055111,0.009791763499379158,0.0018987542716786265,0.00011887250002473593
9501,0.011616714298725128,0.010171965695917606,0.00019996517221443355,0.00012447836343199015
9502,0.012198959477245808,0.010364247485995293,0.0005576208350248635,0.00012770913599524647
9503,0.013272909447550774,0.009740399196743965,0.0023596305400133133,0.00011728799290722236
9504,0.01351606473326683,0.010585482232272625,0.0016456760931760073,0.00012849066115450114
9505,0.012245865538716316,0.009901052340865135,0.0011772025609388947,0.00011676098802126944
9506,0.011589916422963142,0.010156756266951561,0.0002483866410329938,0.0001184773791464977
9507,0.01207302138209343,0.010373370721936226,0.0004778360016644001,0.00012218150368425995
9508,0.012666696682572365,0.009829684160649776,0.0016877945745363832,0.00011492171324789524
9509,0.01261034794151783,0.010455857031047344,0.0008902057306841016,0.00012642853835131973
9510,0.011854336597025394,0.009967903606593609,0.0006847804179415107,0.0001201652703457512
9511,0.011595242656767368,0.010082735680043697,0.0002946540480479598,0.00012178532779216766
9512,0.011987568810582161,0.010320018976926804,0.00041389011312276125,0.0001253660157090053
9513,0.012270896695554256,0.009869864210486412,0.0012270637089386582,0.00011739685578504577
9514,0.01210318598896265,0.010352780111134052,0.000509347824845463,0.00012410583440214396
9515,0.01167033426463604,0.010029490105807781,0.00045351905282586813,0.0001187325906357728
9516,0.011602003127336502,0.01007035281509161,0.0003429128846619278,0.00011887378059327602
9517,0.011873051524162292,0.010293465107679367,0.00035001279320567846,0.00012295741180423647
9518,0.011997510679066181,0.009914685972034931,0.0009080544696189463,0.00011747700773412362
9519,0.011843959800899029,0.010276339948177338,0.00032731209648773074,0.00012403077562339604
9520,0.011598060838878155,0.01004053559154272,0.00035074661718681455,0.00012067787611158565
9521,0.01158483512699604,0.010045991279184818,0.00033455772791057825,0.00012042860907968134
9522,0.011751076206564903,0.0102376788854599,0.000281522108707577,0.00012318756489548832
9523,0.011814570985734463,0.009937088936567307,0.0006952892290428281,0.00011821931548183784
9524,0.011712372303009033,0.01022239401936531,0.00026302438345737755,0.0001226954482262954
9525,0.011565876193344593,0.010044346563518047,0.0003209190326742828,0.0001200610859086737
9526,0.011553363874554634,0.010049529373645782,0.00030361226527020335,0.00012002224684692919
9527,0.011647872626781464,0.010191312991082668,0.00023357453756034374,0.00012229853018652648
9528,0.011694986373186111,0.009958654642105103,0.000549784570466727,0.00011865473788930103
9529,0.011643568053841591,0.010183370672166348,0.000235862098634243,0.00012243348464835435
9530,0.011550049297511578,0.010024628601968288,0.0003244906256441027,0.00012009298370685428
9531,0.011521459557116032,0.010055933147668839,0.0002609466901049018,0.00012045800394844264
9532,0.011565609835088253,0.010136374272406101,0.00021287560230121017,0.00012163600331405178
9533,0.011607333086431026,0.00997148733586073,0.0004453640431165695,0.00011904814164154232
9534,0.011596240103244781,0.010153980925679207,0.0002223202318418771,0.00012199388584122062
9535,0.011540770530700684,0.010001405142247677,0.00034256308572366834,0.00011968023318331689
9536,0.011501981876790524,0.010070465505123138,0.00022606986749451607,0.00012054459512000903
9537,0.01150769367814064,0.010087009519338608,0.00021437229588627815,0.00012063125905115157
9538,0.011535967700183392,0.009988571517169476,0.00035693717654794455,0.00011904594430234283
9539,0.011549092829227448,0.010124455206096172,0.00021212862338870764,0.00012125094508519396
9540,0.01152891293168068,0.009981757961213589,0.00035538087831810117,0.0001191774572362192
9541,0.01149669848382473,0.010079790838062763,0.00021073856623843312,0.00012061683810316026
9542,0.01147771067917347,0.010034690611064434,0.00024443829897791147,0.0001198580939671956
9543,0.011481411755084991,0.010008926503360271,0.00027782004326581955,0.0001194664801005274
9544,0.011495191603899002,0.01008148118853569,0.00020709686214104295,0.00012066135241184384
9545,0.011500065214931965,0.009974970482289791,0.0003343186399433762,0.0001190776310977526
9546,0.011489998549222946,0.010077663697302341,0.00020698716980405152,0.0001205347289214842
9547,0.011470917612314224,0.009991010650992393,0.00028899230528622866,0.00011909144814126194
9548,0.011456295847892761,0.010032468475401402,0.00022664939751848578,0.00011971783533226699
9549,0.011452426202595234,0.010027996264398098,0.00022662829724140465,0.00011978022666880861
9550,0.011456562206149101,0.009984833188354969,0.0002786436234600842,0.00011930855544051155
9551,0.011460748501121998,0.010049579665064812,0.0002074088406516239,0.00012037598935421556
9552,0.011458467692136765,0.009965797886252403,0.0003016859700437635,0.00011909841850865632
9553,0.011449881829321384,0.01003948226571083,0.00020862193196080625,0.0001201777922688052
9554,0.011438557878136635,0.009978138841688633,0.0002684547216631472,0.00011919639655388892
9555,0.011429732665419579,0.010007306933403015,0.00022648103185929358,0.00011959450057474896
9556,0.011425606906414032,0.010001825168728828,0.00022915969020687044,0.00011946220183745027
9557,0.01142517477273941,0.009974433109164238,0.0002603489556349814,0.00011903919948963448
9558,0.011425607837736607,0.010015291161835194,0.00021302889217622578,0.00011972880020039156
9559,0.01142409723252058,0.009956059977412224,0.0002783870149869472,0.0001189650283777155
9560,0.011419861577451229,0.010010865516960621,0.00021013477817177773,0.0001198861064040102
9561,0.011413373984396458,0.00995556078851223,0.00026724045164883137,0.00011905727296834812
9562,0.011406460776925087,0.009993212297558784,0.00021795302745886147,0.00011952953354921192
9563,0.011400526389479637,0.009966510348021984,0.00024371632025577128,0.00011902995902346447
9564,0.01139630563557148,0.009970621205866337,0.00023523728305008262,0.00011904472921742126
9565,0.01139360386878252,0.009977798908948898,0.0002242233167635277,0.000119158168672584
9566,0.011391650885343552,0.009950708597898483,0.0002530553610995412,0.00011878873920068145
9567,0.011389629915356636,0.009981404058635235,0.0002153355162590742,0.0001192890340462327
9568,0.011386899277567863,0.009938373230397701,0.0002613804244901985,0.00011871460446855053
9569,0.011383327655494213,0.009976348839700222,0.00021348784503061324,0.00011934906797250733
9570,0.01137898862361908,0.009934294037520885,0.0002571184013504535,0.0001187576272059232
9571,0.011374304071068764,0.009965961799025536,0.00021642775391228497,0.00011919140524696559
9572,0.011369595304131508,0.009935817681252956,0.00024708558339625597,0.00011866924614878371
9573,0.011365163139998913,0.009953049011528492,0.0002235108840977773,0.00011886031279573217
9574,0.011361137963831425,0.00993888359516859,0.00023588136537000537,0.00011863729741889983
9575,0.011357510462403297,0.009939129464328289,0.00023167216568253934,0.00011867090506711975
9576,0.011354206129908562,0.009940408170223236,0.00022646189609076828,0.00011873354378622025
9577,0.011351102031767368,0.009926252998411655,0.00023918169608805329,0.00011856677156174555
9578,0.01134811993688345,0.009939700365066528,0.00022043415810912848,0.0001187986126751639
9579,0.01134512946009636,0.009915962815284729,0.00024447106989100575,0.00011846955749206245
9580,0.011342116631567478,0.00993756577372551,0.00021676075994037092,0.00011877904762513936
9581,0.011339026503264904,0.009907959960401058,0.0002479838440194726,0.00011830822040792555
9582,0.011335899122059345,0.009934499859809875,0.0002149172651115805,0.00011864814587170258
9583,0.011332720518112183,0.009900936856865883,0.0002503996656741947,0.00011813833407359198
9584,0.011329554952681065,0.009930357336997986,0.00021332511096261442,0.00011858729703817517
9585,0.011326408013701439,0.009893728420138359,0.0002516930107958615,0.0001180986946565099
9586,0.011323351413011551,0.009925896301865578,0.0002114297531079501,0.00011860256199724972
9587,0.011320408433675766,0.009885905310511589,0.000254136451985687,0.0001180366743938066
9588,0.011317675933241844,0.009922713041305542,0.00020925243734382093,0.00011857101344503462
9589,0.011315200477838516,0.009876980446279049,0.00025922543136402965,0.00011789948621299118
9590,0.011313214898109436,0.009921778924763203,0.00020607089390978217,0.00011853646719828248
9591,0.011311773210763931,0.009865930303931236,0.0002686695952434093,0.00011771725985454395
9592,0.011311409994959831,0.009923807345330715,0.00020216671691741794,0.00011854353942908347
9593,0.011312379501760006,0.009850927628576756,0.000286468886770308,0.00011749827535822988
9594,0.011315948329865932,0.009930726140737534,0.00019852632249239832,0.00011866956629091874
9595,0.011322843842208385,0.009829355403780937,0.0003211656294297427,0.00011723228089977056
9596,0.01133651752024889,0.00994640402495861,0.00020087484153918922,0.00011892385373357683
9597,0.011358773335814476,0.00979715958237648,0.0003938446461688727,0.00011677693692035973
9598,0.011400088667869568,0.009977463632822037,0.00022903550416231155,0.00011935899965465069
9599,0.011464234441518784,0.00974695011973381,0.0005567113403230906,0.00011605728650465608
9600,0.011585364118218422,0.010035675950348377,0.00034771562786772847,0.00012019721179967746
9601,0.011766034178435802,0.009665817953646183,0.0009507245267741382,0.00011494911450427026
9602,0.01212460920214653,0.010142912156879902,0.0007638069218955934,0.00012178906763438135
9603,0.012614957988262177,0.009535296820104122,0.0019471561536192894,0.00011325049126753584
9604,0.013652663677930832,0.01033476460725069,0.0020709200762212276,0.00012469793728087097
9605,0.014774389564990997,0.009342559613287449,0.004321460612118244,0.00011103694123448804
9606,0.017303528264164925,0.010637899860739708,0.005372690036892891,0.00012929383956361562
9607,0.01852467842400074,0.009131348691880703,0.00830136053264141,0.00010919699707301334
9608,0.021792568266391754,0.01092491764575243,0.009534903801977634,0.0001332746905973181
9609,0.019700052216649055,0.009073484688997269,0.009535437449812889,0.00010911301069427282
9610,0.018906723707914352,0.01076853834092617,0.006839147303253412,0.00012990385584998876
9611,0.014691715128719807,0.009330176748335361,0.004253775347024202,0.00011077628732891753
9612,0.012216583825647831,0.01015975046902895,0.000834038364700973,0.0001222794526256621
9613,0.011254925280809402,0.009828531183302402,0.00023477431386709213,0.00011916193761862814
9614,0.0119565324857831,0.00958295539021492,0.001199783873744309,0.0001173793280031532
9615,0.013620717450976372,0.010315578430891037,0.0020092919003218412,0.000129584688693285
9616,0.014474834315478802,0.009320822544395924,0.004013679921627045,0.000114033195131924
9617,0.014854506589472294,0.010454103350639343,0.0031180698424577713,0.00012823335418943316
9618,0.013252600096166134,0.009451385587453842,0.0026930980384349823,0.00011081168486271054
9619,0.011918148957192898,0.010119193233549595,0.0006135368021205068,0.0001185418659588322
9620,0.01125908363610506,0.009836943820118904,0.0002725092926993966,0.00011496305523905903
9621,0.01160618755966425,0.009676337242126465,0.0007834817515686154,0.00011463689588708803
9622,0.01246822439134121,0.010184415616095066,0.001037974376231432,0.0001245833555003628
9623,0.012822845950722694,0.009464718401432037,0.002208464313298464,0.00011496635124785826
9624,0.012710710056126118,0.010214827954769135,0.0012357569066807628,0.0001260125427506864
9625,0.011903233826160431,0.009592290967702866,0.0011629669461399317,0.00011479761451482773
9626,0.011338477954268456,0.009945228695869446,0.00021161604672670364,0.00011816334153991193
9627,0.011284799315035343,0.009914218448102474,0.00020509467867668718,0.00011654861737042665
9628,0.011641153134405613,0.009660456329584122,0.000853105797432363,0.0001127591312979348
9629,0.012044724076986313,0.010131333023309708,0.000707298400811851,0.00012060927110724151
9630,0.012022711336612701,0.009569179266691208,0.001320680952630937,0.00011328511027386412
9631,0.011759948916733265,0.010059187188744545,0.00048443471314385533,0.00012163265637354925
9632,0.011380419135093689,0.009704573079943657,0.0005104556912556291,0.00011653903493424878
9633,0.011226488277316093,0.00982192438095808,0.0002218912704847753,0.00011826729314634576
9634,0.011337235569953918,0.009927812963724136,0.00021544587798416615,0.00011939770774915814
9635,0.011544829234480858,0.00964982621371746,0.0007493965676985681,0.00011456069478299469
9636,0.011676275171339512,0.010037390515208244,0.0004411840345710516,0.00011977004760410637
9637,0.01158028282225132,0.009642234072089195,0.0008030225289985538,0.00011350263957865536
9638,0.01140196155756712,0.0099549051374197,0.0002629545924719423,0.0001184102293336764
9639,0.011242961511015892,0.009759477339684963,0.00032439851202070713,0.00011590857320697978
9640,0.011211116798222065,0.009785141795873642,0.0002566179900895804,0.00011693577107507735
9641,0.011289949528872967,0.00989420898258686,0.00020492219482548535,0.00011908180749742314
9642,0.011387255042791367,0.009669090621173382,0.0005611433880403638,0.00011570214701350778
9643,0.01143423467874527,0.009948757477104664,0.0002882739354390651,0.00011972028732998297
9644,0.011380720883607864,0.009666070342063904,0.000564748712349683,0.00011499020911287516
9645,0.011290476657450199,0.009895521216094494,0.00021429755724966526,0.0001180658073280938
9646,0.011208913289010525,0.009747019968926907,0.0003049185615964234,0.00011569745402084664
9647,0.011181924492120743,0.009786293841898441,0.00023117032833397388,0.00011644608457572758
9648,0.011207595467567444,0.009839591570198536,0.000191980303497985,0.00011760234337998554
9649,0.011253687553107738,0.009696937166154385,0.0003993801074102521,0.00011573702795431018
9650,0.011288019828498363,0.009884028695523739,0.00021642414503730834,0.00011875668133143336
9651,0.011283057741820812,0.009672140702605247,0.00045623109326697886,0.0001154686397057958
9652,0.011252072639763355,0.009864195249974728,0.00020585890160873532,0.00011820189683930948
9653,0.011205554008483887,0.009707328863441944,0.00034203866380266845,0.00011561865539988503
9654,0.011169123463332653,0.009802968241274357,0.00019692027126438916,0.00011692344560287893
9655,0.011152959428727627,0.009765587747097015,0.00022411314421333373,0.00011632580572040752
9656,0.011157216504216194,0.009736734442412853,0.0002609793737065047,0.00011595029354793951
9657,0.011173165403306484,0.009810754097998142,0.00019066952518187463,0.00011717412417056039
9658,0.0111886290833354,0.009692560881376266,0.0003413105441723019,0.00011547580652404577
9659,0.011196927167475224,0.009826816618442535,0.00019477386376820505,0.00011753368016798049
9660,0.011191947385668755,0.009679845534265041,0.0003594550653360784,0.00011526472371770069
9661,0.011178926564753056,0.009815004654228687,0.00019209383754059672,0.00011718282621586695
9662,0.011159597896039486,0.009692596271634102,0.00031470099929720163,0.00011523001012392342
9663,0.011141158640384674,0.009784177877008915,0.00019172107568010688,0.00011652600369416177
9664,0.011126331984996796,0.00971730425953865,0.0002537555992603302,0.00011552719661267474
9665,0.011117180809378624,0.009745882824063301,0.00021117640426382422,0.00011601219011936337
9666,0.011113394051790237,0.00974162295460701,0.00021145760547369719,0.00011603138409554958
9667,0.011113576591014862,0.009711205027997494,0.00024591671535745263,0.00011564550368348137
9668,0.011115948669612408,0.009758787229657173,0.00019338310812599957,0.0001163778142654337
9669,0.01111869141459465,0.009686365723609924,0.0002794915344566107,0.00011528343748068437
9670,0.011121030896902084,0.009767304174602032,0.00018931442173197865,0.00011644117330433801
9671,0.011121658608317375,0.00967109389603138,0.0003007676568813622,0.00011497966625029221
9672,0.011121361516416073,0.009768543764948845,0.00018864937010221183,0.00011641680612228811
9673,0.011119221337139606,0.009661495685577393,0.00030925957253202796,0.00011484661081340164
9674,0.011116836220026016,0.009765085764229298,0.00018768568406812847,0.00011640651064226404
9675,0.011113302782177925,0.009654195979237556,0.0003112674748990685,0.00011478395026642829
9676,0.011110419407486916,0.009759707376360893,0.00018724321853369474,0.00011634690599748865
9677,0.011107166297733784,0.009647229686379433,0.00031302974093705416,0.00011469070886960253
9678,0.011105355806648731,0.00975512433797121,0.00018744922999758273,0.00011627822823356837
9679,0.011103888042271137,0.00963878445327282,0.00031938415486365557,0.00011457197251729667
9680,0.011104845441877842,0.009754171594977379,0.00018804779392667115,0.0001162625994766131
9681,0.011107100173830986,0.009626324288547039,0.0003370273334439844,0.00011437487410148606
9682,0.011113817803561687,0.009759477339684963,0.00019123038509860635,0.00011631099914666265
9683,0.011123699136078358,0.009606782346963882,0.00037639570655301213,0.00011405212717363611
9684,0.011142870411276817,0.009773819707334042,0.00020419435168150812,0.0001164855930255726
9685,0.011169545352458954,0.00957639142870903,0.00045707603567279875,0.00011360780627001077
9686,0.011217907071113586,0.009801991283893585,0.0002467161393724382,0.00011692004045471549
9687,0.011283851228654385,0.0095297209918499,0.0006241448572836816,0.00011299856851110235
9688,0.01140472199767828,0.009853260591626167,0.000374068709788844,0.0001177392914541997
9689,0.011564834043383598,0.009458097629249096,0.000986195052973926,0.0001120541273849085
9690,0.01187155582010746,0.009943601675331593,0.000736676505766809,0.00011912784248124808
9691,0.012247810140252113,0.00934919249266386,0.001792390481568873,0.00011062267731176689
9692,0.01301317848265171,0.010095448233187199,0.0017029434675350785,0.00012147865345468745
9693,0.013782456517219543,0.009194334968924522,0.003499777754768729,0.00010883433424169198
9694,0.015457944944500923,0.010323108173906803,0.0038835343439131975,0.0001251302455784753
9695,0.016392698511481285,0.009017206728458405,0.0063023753464221954,0.00010731172369560227
9696,0.018748769536614418,0.010561089031398296,0.006898051127791405,0.00012896297266706824
9697,0.018107451498508453,0.00891912542283535,0.008118712343275547,0.00010696126992115751
9698,0.01857404224574566,0.01056529488414526,0.006721857003867626,0.00012868907651863992
9699,0.015633124858140945,0.009034656919538975,0.00552084157243371,0.00010776262206491083
9700,0.013667697086930275,0.010186835192143917,0.002251005033031106,0.00012298572983127087
9701,0.0117333410307765,0.009377319365739822,0.001237215707078576,0.00011188061034772545
9702,0.01101914793252945,0.00967498030513525,0.00017466532881371677,0.00011695025023072958
9703,0.011364244855940342,0.009812986478209496,0.00035061396192759275,0.00012006439646938816
9704,0.012292413972318172,0.009291771799325943,0.0018733146134763956,0.000112732763227541
9705,0.013404189608991146,0.010142644867300987,0.0020119210239499807,0.00012496233102865517
9706,0.01350545883178711,0.009167423471808434,0.0032459041103720665,0.0001092131351470016
9707,0.01330565381795168,0.010152945294976234,0.0019357597921043634,0.00012169489491498098
9708,0.012209455482661724,0.009315676987171173,0.0018067080527544022,0.000108707019535359
9709,0.011380844749510288,0.00985045451670885,0.000367610773537308,0.00011627792991930619
9710,0.01100648008286953,0.009620376862585545,0.00024539712467230856,0.00011407057900214568
9711,0.011192630045115948,0.009495350532233715,0.0005605482729151845,0.00011367313709342852
9712,0.011694774962961674,0.009897435083985329,0.0005888639716431499,0.00012084756599506363
9713,0.012039188295602798,0.009309086948633194,0.001610191073268652,0.00011199100845260546
9714,0.012166689150035381,0.00998461153358221,0.0009702994721010327,0.00012117779260734096
9715,0.011792994104325771,0.009356132708489895,0.0013345550978556275,0.00011023061233572662
9716,0.011378862895071507,0.009843637235462666,0.0003738276718650013,0.00011613986134761944
9717,0.01105362456291914,0.009554735384881496,0.00038381529157049954,0.00011150733917020261
9718,0.010994574055075645,0.009600318036973476,0.00026617106050252914,0.00011280844773864374
9719,0.011157144792377949,0.009758232161402702,0.00023430160945281386,0.00011646118218777701
9720,0.011373544111847878,0.00941789522767067,0.000830586941447109,0.00011250613897573203
9721,0.01152648776769638,0.009852270595729351,0.0004774323897436261,0.00011967850878136232
9722,0.011463524773716927,0.009387504309415817,0.0009534581913612783,0.00011225625348743051
9723,0.01131218671798706,0.009803587570786476,0.00033307241392321885,0.00011755264858948067
9724,0.011108619160950184,0.009492097422480583,0.0004976742202416062,0.00011188470671186224
9725,0.010983656160533428,0.009662458673119545,0.00018314088811166584,0.00011380567593732849
9726,0.010967467911541462,0.009638741612434387,0.00019316785619594157,0.00011355589231243357
9727,0.011037126183509827,0.009515411220490932,0.00039817963261157274,0.0001123535112128593
9728,0.011136866174638271,0.009738131426274776,0.00023323541972786188,0.00011654988338705152
9729,0.011195173487067223,0.009434664621949196,0.0006352182826958597,0.00011252914555370808
9730,0.011205093935132027,0.00975470058619976,0.00027542043244466186,0.00011749733675969765
9731,0.011142202652990818,0.009445495903491974,0.0005720691988244653,0.0001124637492466718
9732,0.011062229052186012,0.009700476191937923,0.0002048099850071594,0.00011569428170332685
9733,0.010984024032950401,0.009518555365502834,0.0003406165633350611,0.0001124852424254641
9734,0.010939030908048153,0.009609964676201344,0.0001925601391121745,0.00011365061800461262
9735,0.01093188114464283,0.009600384160876274,0.00019461094052530825,0.00011368856212357059
9736,0.010953748598694801,0.009522370994091034,0.00030178160523064435,0.00011295954027445987
9737,0.010988755151629448,0.009655041620135307,0.00017972738714888692,0.00011539859406184405
9738,0.011017635464668274,0.009468244388699532,0.0004212758503854275,0.00011281148181296885
9739,0.011035223491489887,0.009674765169620514,0.00020190002396702766,0.00011585588072193787
9740,0.011029686778783798,0.009456602856516838,0.00045028029126115143,0.00011228031507926062
9741,0.011013246141374111,0.009664151817560196,0.0001988719159271568,0.0001150222378782928
9742,0.010983426123857498,0.009474235586822033,0.0003896128328051418,0.00011195776460226625
9743,0.010953827761113644,0.009630337357521057,0.0001812657283153385,0.00011422240640968084
9744,0.010925887152552605,0.00950210727751255,0.0002991719520650804,0.00011246078065596521
9745,0.010905131697654724,0.009585010819137096,0.0001809143286664039,0.00011392068699933589
9746,0.010891837067902088,0.009530382230877876,0.0002285429509356618,0.00011329120025038719
9747,0.01088559441268444,0.009542269632220268,0.00020817553740926087,0.00011351489956723526
9748,0.010884867049753666,0.009557005017995834,0.0001915986940730363,0.00011362627265043557
9749,0.010887823067605495,0.009509287774562836,0.0002514648367650807,0.0001127070645452477
9750,0.010893067345023155,0.009579272009432316,0.0001784343330655247,0.00011353613808751106
9751,0.010899117216467857,0.009483639150857925,0.00029534974601119757,0.0001120128872571513
9752,0.010906249284744263,0.009593764320015907,0.0001759840815793723,0.00011365013779141009
9753,0.010913010686635971,0.009460481815040112,0.000334454292897135,0.00011180746514583007
9754,0.010921770706772804,0.009602274745702744,0.0001790035457815975,0.00011404923134250566
9755,0.010930362157523632,0.00943813007324934,0.0003747744776774198,0.00011174578685313463
9756,0.010943805798888206,0.009611529298126698,0.00018902251031249762,0.00011432547034928575
9757,0.010958535596728325,0.00941520370543003,0.00042944413144141436,0.0001113887774408795
9758,0.01098382193595171,0.009627838619053364,0.00021198058675508946,0.00011440031084930524
9759,0.011013440787792206,0.009386362507939339,0.0005192466778680682,0.00011078314855694771
9760,0.011065687984228134,0.009655398316681385,0.0002634108532220125,0.00011468787852209061
9761,0.011128295212984085,0.009343525394797325,0.000682943151332438,0.00011018266377504915
9762,0.011241483502089977,0.009700598195195198,0.0003859088756144047,0.000115497678052634
9763,0.01137569546699524,0.009279023855924606,0.0010018673492595553,0.00010948044655378908
9764,0.011627924628555775,0.009775815531611443,0.0006838547415100038,0.00011682546028168872
9765,0.011909511871635914,0.009185696952044964,0.0016399265732616186,0.00010838884190889075
9766,0.012467382475733757,0.009897246025502682,0.0013824072666466236,0.00011877290671691298
9767,0.01299835555255413,0.00905800424516201,0.0028711133636534214,0.00010692386422306299
9768,0.0141222532838583,0.010074538178741932,0.002830668119713664,0.00012170464469818398
9769,0.014823539182543755,0.008906273171305656,0.004861399065703154,0.00010558663052506745
9770,0.01649985834956169,0.010275738313794136,0.004971101880073547,0.00012530178355518728
9771,0.016541212797164917,0.008785933256149292,0.006704182364046574,0.00010510978609090671
9772,0.017541145905852318,0.010368290357291698,0.005901874043047428,0.00012709821749012917
9773,0.015909716486930847,0.008794881403446198,0.006059584207832813,0.00010552511230343953
9774,0.01495199091732502,0.010194837115705013,0.0035139229148626328,0.00012432306539267302
9775,0.012922203168272972,0.008989468216896057,0.0028608411084860563,0.00010718936391640455
9776,0.011633474379777908,0.009814928285777569,0.0006324443384073675,0.00011861016537295654
9777,0.010921293869614601,0.009323101490736008,0.00048102240543812513,0.0001117169376811944
9778,0.010915848426520824,0.009417000226676464,0.0003686957061290741,0.00011301524500595406
9779,0.011422298848628998,0.0096858786419034,0.0005633640103042126,0.00011730571713997051
9780,0.012045416049659252,0.009129118174314499,0.0018291136948391795,0.00010871837730519474
9781,0.012680304236710072,0.00993958581238985,0.001539116259664297,0.00012016022810712457
9782,0.012656046077609062,0.009015913121402264,0.0025759045965969563,0.00010642275447025895
9783,0.0124857472255826,0.009960408322513103,0.0013318168930709362,0.00011935221846215427
9784,0.01184321939945221,0.009089995175600052,0.0016824789345264435,0.00010707452020142227
9785,0.011305837891995907,0.009759875945746899,0.00037934136344119906,0.00011666202044580132
9786,0.010937499813735485,0.009302237071096897,0.000530123186763376,0.00011051401816075668
9787,0.01085073035210371,0.009478575550019741,0.0002412986650597304,0.0001130856471718289
9788,0.010993191972374916,0.009556975215673447,0.00029122448177076876,0.00011449925659690052
9789,0.01122388057410717,0.009252716787159443,0.0008756925817579031,0.00010954707249766216
9790,0.011456629261374474,0.009744414128363132,0.0005479840910993516,0.00011642312892945483
9791,0.011506663635373116,0.00914834812283516,0.0012845838209614158,0.00010737323464127257
9792,0.01147208921611309,0.009786514565348625,0.0005233784322626889,0.00011621963494690135
9793,0.011285131797194481,0.00916862953454256,0.0010398892918601632,0.00010766126797534525
9794,0.01109166070818901,0.009685972705483437,0.0002532030048314482,0.00011524842557264492
9795,0.010921378619968891,0.009281099773943424,0.0005400420632213354,0.00011002364044543356
9796,0.010824732482433319,0.009515662677586079,0.00017475956701673567,0.00011343097139615566
9797,0.010806678794324398,0.009435758925974369,0.00024709661374799907,0.00011238236038479954
9798,0.010848193429410458,0.009356174618005753,0.00038546306313946843,0.000110655564640183
9799,0.01092319842427969,0.009574140422046185,0.0002142556622857228,0.00011348028056090698
9800,0.010988632217049599,0.009251129813492298,0.0006526849465444684,0.00010848174133570865
9801,0.011039430275559425,0.00964769534766674,0.000250845099799335,0.00011408898717490956
9802,0.011041197925806046,0.009209024719893932,0.000750419741962105,0.00010817539441632107
9803,0.011016443371772766,0.0096419183537364,0.0002283636131323874,0.00011461613030405715
9804,0.01095692627131939,0.009224506095051765,0.0006410991190932691,0.00010913205187534913
9805,0.010888652876019478,0.009578701108694077,0.0001675929088378325,0.00011423580144764856
9806,0.01081969402730465,0.009285136125981808,0.00043446896597743034,0.0001100089430110529
9807,0.010764696635305882,0.00949184875935316,0.00014768150867894292,0.0001125166381825693
9808,0.010729544796049595,0.00936721172183752,0.0002582328743301332,0.00011041002289857715
9809,0.010715831071138382,0.009404851123690605,0.00020505950669758022,0.00011059207463404164
9810,0.010720482096076012,0.00944257341325283,0.0001670861674938351,0.00011108224134659395
9811,0.010737628675997257,0.009329494088888168,0.0003115855506621301,0.0001096549749490805
9812,0.010761144571006298,0.009494908154010773,0.00014384399401023984,0.00011223928595427424
9813,0.010784539394080639,0.009273760952055454,0.0004165685677435249,0.00010942100925603881
9814,0.010805913247168064,0.009524681605398655,0.00015073586837388575,0.00011304962390568107
9815,0.010821059346199036,0.009241209365427494,0.000489430851303041,0.00010904196096817032
9816,0.010834225453436375,0.009539087302982807,0.0001646607997827232,0.0001130477903643623
9817,0.010841937735676765,0.009226030670106411,0.000531435536686331,0.00010844712232938036
9818,0.010853562504053116,0.009543664753437042,0.00018224489758722484,0.0001127652867580764
9819,0.010863243602216244,0.009216061793267727,0.0005663547199219465,0.00010808272054418921
9820,0.010885491967201233,0.009544757194817066,0.00021257135085761547,0.00011281628394499421
9821,0.01090895663946867,0.00920100323855877,0.0006280746310949326,0.00010798785660881549
9822,0.010956951417028904,0.009553242474794388,0.0002722525969147682,0.00011314560106256977
9823,0.011008360423147678,0.009174540638923645,0.0007571704918518662,0.00010766491323010996
9824,0.011106045916676521,0.009581232443451881,0.0003896992129739374,0.00011351141438353807
9825,0.011208971962332726,0.009129613637924194,0.0010104948887601495,0.00010688629117794335
9826,0.011404338292777538,0.009638087823987007,0.0006240826332941651,0.00011421677481848747
9827,0.01160142570734024,0.009056702256202698,0.0014856124762445688,0.00010591108730295673
9828,0.011988687328994274,0.009732287377119064,0.0010979754151776433,0.0001158424565801397
9829,0.01233823224902153,0.00894886627793312,0.0023397975601255894,0.00010495693277334794
9830,0.013063102960586548,0.009871895425021648,0.002005144488066435,0.00011860637459903955
9831,0.013563890010118484,0.0088101951405406,0.0037128275725990534,0.00010408680100226775
9832,0.014697864651679993,0.010049336589872837,0.0034260505344718695,0.0001222477585542947
9833,0.015053074806928635,0.008667322807013988,0.005349406972527504,0.00010363447654526681
9834,0.016181031242012978,0.010206678882241249,0.004715936724096537,0.00012584157229866832
9835,0.015737900510430336,0.008576682768762112,0.006120815873146057,0.00010404027125332505
9836,0.015912722796201706,0.010234128683805466,0.004403749480843544,0.00012748445442412049
9837,0.01464909315109253,0.008599433116614819,0.004998659249395132,0.00010510010179132223
9838,0.013834645971655846,0.010077841579914093,0.002499464200809598,0.0001257340918527916
9839,0.012745693325996399,0.008754369802772999,0.002923190128058195,0.00010681342973839492
9840,0.012054291553795338,0.009806351736187935,0.0010397525038570166,0.00012081868044333532
9841,0.011667903512716293,0.009008530527353287,0.0015688971616327763,0.00010904767259489745
9842,0.011566855013370514,0.009512795135378838,0.0009133622515946627,0.00011406979319872335
9843,0.011650548316538334,0.009297922253608704,0.0012447488261386752,0.00011078769603045657
9844,0.011742082424461842,0.009258133359253407,0.0014053531922399998,0.00010785950144054368
9845,0.011863499879837036,0.009537735022604465,0.0012059359578415751,0.00011198288848390803
9846,0.011738440953195095,0.009083405137062073,0.0016084624221548438,0.00010465735249454156
9847,0.011643790639936924,0.009656845591962337,0.0008530729683116078,0.00011338719923514873
9848,0.011392745189368725,0.009010512381792068,0.0013343398459255695,0.00010478932381374761
9849,0.011239980347454548,0.009651205502450466,0.00044338233419694006,0.00011453923798399046
9850,0.011139120906591415,0.00903334841132164,0.0010406518122181296,0.0001065121396095492
9851,0.011132958345115185,0.009570817463099957,0.0004226818273309618,0.00011394589819246903
9852,0.011179382912814617,0.009122399613261223,0.0009772330522537231,0.00010797505092341453
9853,0.011229386553168297,0.009462443180382252,0.0006524688797071576,0.0001114474653149955
9854,0.01124456524848938,0.009236965328454971,0.0009221805958077312,0.00010854186984943226
9855,0.011190194636583328,0.009350319392979145,0.0007539799553342164,0.000108589549199678
9856,0.011099581606686115,0.00933915562927723,0.000671293237246573,0.00010891322745010257
9857,0.010961996391415596,0.009250901639461517,0.000641977007035166,0.00010691172792576253
9858,0.010848850943148136,0.00940852239727974,0.0003428640484344214,0.00010974649921990931
9859,0.010754388757050037,0.009180230088531971,0.0005093740182928741,0.00010647845920175314
9860,0.01071440801024437,0.009444547817111015,0.00016478219185955822,0.00011050778266508132
9861,0.010714467614889145,0.009145916439592838,0.000504251685924828,0.00010642992856446654
9862,0.010747374035418034,0.009453953243792057,0.00018794633797369897,0.00011054746573790908
9863,0.010792812332510948,0.00914229266345501,0.000585986883379519,0.00010645322618074715
9864,0.0108335604891181,0.009440292604267597,0.0002918432292062789,0.00011014251504093409
9865,0.010856150649487972,0.009158086962997913,0.0006307194707915187,0.00010673441283870488
9866,0.010854216292500496,0.009406243450939655,0.0003511501126922667,0.00010968220158247277
9867,0.01082869153469801,0.009186121635138988,0.0005709295510314405,0.00010716405813582242
9868,0.010784360580146313,0.009358379058539867,0.0003354893415234983,0.00010904924420174211
9869,0.010731648653745651,0.009223729372024536,0.00043319747783243656,0.00010747218038886786
9870,0.010677511803805828,0.009305118583142757,0.00029170047491788864,0.00010806925274664536
9871,0.010631811805069447,0.009266970679163933,0.0002885194553527981,0.00010763217869680375
9872,0.010597104206681252,0.009251694194972515,0.00027520681032910943,0.00010702035069698468
9873,0.010577688924968243,0.009309780783951283,0.00018849055049940944,0.0001079417925211601
9874,0.010571287013590336,0.009199729189276695,0.0003083790361415595,0.00010631794430082664
9875,0.010578319430351257,0.009348797611892223,0.00014384882524609566,0.00010856729204533622
9876,0.01059481967240572,0.009149707853794098,0.00038594420766457915,0.00010591682803351432
9877,0.010621363297104836,0.009386205114424229,0.00014216004638001323,0.00010929987183772027
9878,0.010654917918145657,0.009100556373596191,0.0004997042706236243,0.00010546574048930779
9879,0.010699867270886898,0.009427391923964024,0.0001726016926113516,0.00010998730431310833
9880,0.010754752904176712,0.00904732383787632,0.0006589878466911614,0.00010484408994670957
9881,0.010832685977220535,0.009479185566306114,0.0002450387110002339,0.00011084620928158984
9882,0.010932398028671741,0.008980781771242619,0.0009100385941565037,0.00010415770520921797
9883,0.011089722625911236,0.009551942348480225,0.000415255781263113,0.000112252397229895
9884,0.011295683681964874,0.008889181539416313,0.001372364815324545,0.00010341367305954918
9885,0.011652246117591858,0.009663294069468975,0.000843475922010839,0.00011454763443907723
9886,0.012098599225282669,0.008759410120546818,0.002314135665073991,0.00010250537161482498
9887,0.01293342188000679,0.009837550111114979,0.0019137889612466097,0.00011820833606179804
9888,0.013818761333823204,0.008582995273172855,0.004219275899231434,0.0001016489986795932
9889,0.01558541227132082,0.01008907426148653,0.004258391447365284,0.0001237946271430701
9890,0.016733553260564804,0.008383341133594513,0.00733390124514699,0.00010163106344407424
9891,0.019235758110880852,0.01035371981561184,0.007580780424177647,0.00013012565614189953
9892,0.01891997642815113,0.008262097835540771,0.009631763212382793,0.00010261139686917886
9893,0.019586898386478424,0.010391270741820335,0.00788393709808588,0.00013116894115228206
9894,0.01665187068283558,0.0083627849817276,0.007265064865350723,0.00010240200208500028
9895,0.014524221420288086,0.010026070289313793,0.0032675322145223618,0.0001230618654517457
9896,0.01214830856770277,0.008713796734809875,0.0024037854745984077,0.00010307265620213002
9897,0.010995983146131039,0.009481949731707573,0.00038823223439976573,0.00011258016456849873
9898,0.010994996875524521,0.009188714437186718,0.0007190083852037787,0.00010872740676859394
9899,0.011775167658925056,0.009029745124280453,0.0016923724906519055,0.0001053050218615681
9900,0.012907247059047222,0.009596209041774273,0.0021694169845432043,0.00011416211782488972
9901,0.013181684538722038,0.008805487304925919,0.0033642100170254707,0.00010119876242242754
9902,0.013166585005819798,0.009722167626023293,0.002308269962668419,0.00011361472570570186
9903,0.01206993032246828,0.008839761838316917,0.002225792733952403,0.0001004375662887469
9904,0.011167249642312527,0.00952974148094654,0.0005375613109208643,0.00010999469668604434
9905,0.01063659880310297,0.009051392786204815,0.0005434688646346331,0.00010417375597171485
9906,0.010721830651164055,0.009239775128662586,0.00040684943087399006,0.00010752058733487502
9907,0.011228302493691444,0.009288257919251919,0.0008442812249995768,0.00010957636550301686
9908,0.011698835529386997,0.009062265045940876,0.0015824856236577034,0.00010540847870288417
9909,0.011976967565715313,0.009395132772624493,0.001476694131270051,0.00011051412730012089
9910,0.011670084670186043,0.009073004126548767,0.0015621965285390615,0.00010348839714424685
9911,0.011237788014113903,0.009303522296249866,0.0008659642189741135,0.0001068301426130347
9912,0.010781105607748032,0.00921958964318037,0.0005165956099517643,0.00010449202090967447
9913,0.010583649389445782,0.009104494005441666,0.0004379327583592385,0.00010412219853606075
9914,0.010657520964741707,0.00938595924526453,0.00018180468759965152,0.0001089757788577117
9915,0.01086826715618372,0.008945810608565807,0.000884285313077271,0.0001038171467371285
9916,0.011065859347581863,0.009471870958805084,0.00047401670599356294,0.0001119971348089166
9917,0.01105908490717411,0.008916313759982586,0.001108796102926135,0.00010339747677790001
9918,0.0109351621940732,0.009433653205633163,0.0004015171725768596,0.00010999916412401944
9919,0.010698051191866398,0.009009336121380329,0.0006610644049942493,0.0001027650578180328
9920,0.010513396002352238,0.009300660341978073,0.00014963687863200903,0.00010630991164362058
9921,0.010433909483253956,0.009149055927991867,0.00024203534121625125,0.00010428185487398878
9922,0.010466871783137321,0.009148422628641129,0.0002714233996812254,0.00010470250708749518
9923,0.010564115829765797,0.009258344769477844,0.00023232563398778439,0.00010734450188465416
9924,0.010650566779077053,0.00904866587370634,0.000556282524485141,0.00010456184099894017
9925,0.01069590263068676,0.009301098063588142,0.000308249524096027,0.00010865555668715388
9926,0.01065725740045309,0.009032411500811577,0.0005837528733536601,0.00010410928371129557
9927,0.01058474276214838,0.009277159348130226,0.00023502681870013475,0.00010725570609793067
9928,0.010491558350622654,0.009079067967832088,0.00037492881529033184,0.00010375615966040641
9929,0.010423201136291027,0.009208038449287415,0.00015985450590960681,0.00010553085303399712
9930,0.010392512194812298,0.009143097326159477,0.00020127929747104645,0.00010481359640834853
9931,0.010399571619927883,0.009128698147833347,0.00022046285448595881,0.00010504105011932552
9932,0.010430991649627686,0.0091922078281641,0.00017341643979307264,0.00010653675417415798
9933,0.010467417538166046,0.009073923341929913,0.00034488807432353497,0.00010486063547432423
9934,0.010497638024389744,0.0092155821621418,0.00021201829076744616,0.00010700375423766673
9935,0.01050647534430027,0.009059309028089046,0.0004054860328324139,0.00010416802979307249
9936,0.010502314195036888,0.009209317155182362,0.00023160901037044823,0.00010613879567245021
9937,0.010480082593858242,0.009076793678104877,0.0003655897453427315,0.00010376991122029722
9938,0.010455777868628502,0.009172040969133377,0.00023028721625450999,0.00010534498142078519
9939,0.010431254282593727,0.009111933410167694,0.00027447016327641904,0.00010448513057781383
9940,0.01041718665510416,0.009111356921494007,0.00025526632089167833,0.00010505634418223053
9941,0.010417522862553596,0.009160731919109821,0.00019902418716810644,0.00010577666398603469
9942,0.010438555851578712,0.009038803167641163,0.0003550034889485687,0.00010447498061694205
9943,0.010487858206033707,0.009228568524122238,0.00019096152391284704,0.00010683283471735194
9944,0.010578113608062267,0.00895407609641552,0.0005904199206270278,0.00010336168634239584
9945,0.01073240302503109,0.009323431178927422,0.0003262482350692153,0.00010827238293131813
9946,0.010988292284309864,0.00884001050144434,0.0011214603437110782,0.0001026821555569768
9947,0.011410586535930634,0.009461166337132454,0.0008298400789499283,0.00011195797560503706
9948,0.012085863389074802,0.00867429468780756,0.0023746183142066,0.0001036950052366592
9949,0.01313362829387188,0.00966861005872488,0.002264154376462102,0.00012008644262095913
9950,0.014602103270590305,0.008455810137093067,0.0050683883018791676,0.00010779044532682747
9951,0.01638786494731903,0.009934852831065655,0.005113957449793816,0.00013390551612246782
9952,0.017859386280179024,0.008270230144262314,0.008452611975371838,0.00011365432146703824
9953,0.01809006743133068,0.01006053015589714,0.006607651244848967,0.00014218864089343697
9954,0.016291450709104538,0.00834901537746191,0.006850831676274538,0.00010916027531493455
9955,0.013279462233185768,0.009722666814923286,0.0023512106854468584,0.00012055852130288258
9956,0.010905072093009949,0.008819534443318844,0.0010908411350101233,9.946961654350162e-05
9957,0.010579091496765614,0.00911153294146061,0.00044531028834171593,0.0001022248252411373
9958,0.011967560276389122,0.009371391497552395,0.0015179073670879006,0.00010782609024317935
9959,0.013506355695426464,0.008748000487685204,0.003703356022015214,0.00010549996659392491
9960,0.013713708147406578,0.0095140365883708,0.003045107936486602,0.00011545631423359737
9961,0.012487282045185566,0.008896498009562492,0.0025698442477732897,0.00010209398169536144
9962,0.01115525234490633,0.00909991655498743,0.001045225653797388,0.00010101095540449023
9963,0.011088782921433449,0.00942139606922865,0.0006103250198066235,0.0001057062327163294
9964,0.012162778526544571,0.008581134490668774,0.0025887060910463333,9.92937566479668e-05
9965,0.01344095729291439,0.009841685183346272,0.0024155171122401953,0.00011837542842840776
9966,0.013768735341727734,0.008393400348722935,0.00437801331281662,9.973219857783988e-05
9967,0.013872356154024601,0.00983008835464716,0.0028799979481846094,0.00011622696911217645
9968,0.013973946683108807,0.008569280616939068,0.004448987543582916,9.556787699693814e-05
9969,0.015715941786766052,0.009621087461709976,0.00500506442040205,0.00010897893662331626
9970,0.016635553911328316,0.008782437071204185,0.006886323913931847,9.667935955803841e-05
9971,0.018058767542243004,0.009576714597642422,0.007386240642517805,0.0001095813131541945
9972,0.01639251597225666,0.00873987004160881,0.006696637719869614,9.560087346471846e-05
9973,0.015250986441969872,0.009666841477155685,0.004503076430410147,0.00010810680396389216
9974,0.013130951672792435,0.008595971390604973,0.0035837581381201744,9.512225369689986e-05
9975,0.012089072726666927,0.009626953862607479,0.0013516219332814217,0.00011104967416031286
9976,0.011282891035079956,0.008703386411070824,0.0015844370936974883,9.950678213499486e-05
9977,0.010774015448987484,0.00929088145494461,0.00042656209552660584,0.00010565713455434889
9978,0.010680942796170712,0.009128515608608723,0.000519806460943073,0.00010326206393074244
9979,0.01114489696919918,0.008819089271128178,0.0013461587950587273,9.796491940505803e-05
9980,0.012029380537569523,0.009578834287822247,0.0013546687550842762,0.00010958773782476783
9981,0.0124816307798028,0.008562508970499039,0.0029614283703267574,9.576930460752919e-05
9982,0.01252334751188755,0.009672805666923523,0.0017471443861722946,0.00011033973714802414
9983,0.011766443029046059,0.00867714174091816,0.002135265152901411,9.54036004259251e-05
9984,0.011080766096711159,0.009368588216602802,0.0006725550047121942,0.0001039623239194043
9985,0.010594869032502174,0.009009183384478092,0.0005948845646344125,9.908010542858392e-05
9986,0.010469241999089718,0.008995343931019306,0.0004704651946667582,0.00010034326987806708
9987,0.010532345622777939,0.009273933246731758,0.00021093619579914957,0.00010474762530066073
9988,0.01065884716808796,0.008829287253320217,0.0008466559229418635,9.829040209297091e-05
9989,0.010837581008672714,0.009333058260381222,0.0004594085330609232,0.00010451140406075865
9990,0.010982092469930649,0.008872808888554573,0.001142501481808722,9.667819540482014e-05
9991,0.011109065264463425,0.00925568025559187,0.0008320555207319558,0.00010213289351668209
9992,0.010989468544721603,0.008966750465333462,0.0010514085879549384,9.71309345914051e-05
9993,0.010760357603430748,0.009162413887679577,0.0005888452869839966,0.0001009098268696107
9994,0.010460186749696732,0.009006313979625702,0.0004655543598346412,9.88318570307456e-05
9995,0.010275566950440407,0.009106392040848732,0.00015812278434168547,0.00010110520815942436
9996,0.010252698324620724,0.009024013765156269,0.00022442296904046088,0.00010042619396699592
9997,0.010343716479837894,0.009058449417352676,0.00027883483562618494,0.00010064315574709326
9998,0.01045739371329546,0.00908445380628109,0.00036158208968117833,0.0001011357526294887
9999,0.010522296652197838,0.008979357779026031,0.0005575607647188008,9.853785741142929e-05
