epoch,total,ic,bc,pde
0,0.2811250686645508,0.11196892708539963,0.0597725510597229,0.010938356630504131
1,0.8121187686920166,0.13701173663139343,0.282520592212677,0.03925864025950432
2,0.3323194980621338,0.11192157119512558,0.10559992492198944,0.011479801498353481
3,0.15879982709884644,0.09664426743984222,0.02956504561007023,0.0032590508926659822
4,0.28226980566978455,0.09898325800895691,0.06923042982816696,0.011405611410737038
5,0.3341413140296936,0.09861965477466583,0.08210204541683197,0.01534196175634861
6,0.25737464427948,0.0945320650935173,0.0548505038022995,0.010799209587275982
7,0.16060686111450195,0.09307604283094406,0.029369797557592392,0.003816102398559451
8,0.1254885196685791,0.0962761715054512,0.025102391839027405,0.0004109957080800086
9,0.15107275545597076,0.1020297035574913,0.03656896948814392,0.0012474078685045242
10,0.18841329216957092,0.1067156195640564,0.0493682399392128,0.003232944756746292
11,0.1993616372346878,0.10813597589731216,0.05369855463504791,0.003752709599211812
12,0.18291276693344116,0.10657832771539688,0.04900570213794708,0.002732873661443591
13,0.1571119874715805,0.10354595631361008,0.039908796548843384,0.0013657233212143183
14,0.13720561563968658,0.1004849448800087,0.031172458082437515,0.0005548213375732303
15,0.12844334542751312,0.09826532751321793,0.02548260986804962,0.00046954071149230003
16,0.12891772389411926,0.09714215993881226,0.02336079441010952,0.0008414762560278177
17,0.13435153663158417,0.09691420197486877,0.023856667801737785,0.0013580662198364735
18,0.14065179228782654,0.09714537858963013,0.02537750080227852,0.0018128922674804926
19,0.1445627212524414,0.09738446027040482,0.026503797620534897,0.00206744740717113
20,0.14416053891181946,0.09733989089727402,0.02658013254404068,0.00202405103482306
21,0.13960738480091095,0.0969599187374115,0.0258018858730793,0.0016845588106662035
22,0.13310755789279938,0.09638861566781998,0.024832166731357574,0.0011886772699654102
23,0.12753276526927948,0.09584608674049377,0.024305500090122223,0.0007381175528280437
24,0.12475050985813141,0.09552320092916489,0.02452772483229637,0.000469958467874676
25,0.12488358467817307,0.09552890807390213,0.025431476533412933,0.00039231995469890535
26,0.12673905491828918,0.09587832540273666,0.026687005534768105,0.00041737209539860487
27,0.12881433963775635,0.09650497883558273,0.027864381670951843,0.0004444986116141081
28,0.13011324405670166,0.09728740155696869,0.028592918068170547,0.00042329292045906186
29,0.13035766780376434,0.09807885438203812,0.02867942303419113,0.00035993909114040434
30,0.12971195578575134,0.09873403608798981,0.02814698964357376,0.0002830919693224132
31,0.12844765186309814,0.09913652390241623,0.027187444269657135,0.00021236868633423
32,0.12684743106365204,0.09922584146261215,0.02606390416622162,0.0001557691430207342
33,0.1252714991569519,0.09901213645935059,0.025014998391270638,0.00012443721061572433
34,0.12413417547941208,0.0985674038529396,0.024196043610572815,0.0001370729150949046
35,0.1237189844250679,0.09799924492835999,0.023664169013500214,0.00020555706578306854
36,0.12399829924106598,0.09742062538862228,0.023395933210849762,0.0003181741340085864
37,0.12464172393083572,0.09692498296499252,0.02332073450088501,0.00043960093171335757
38,0.1252255141735077,0.09657028317451477,0.023355964571237564,0.0005299264448694885
39,0.1254766583442688,0.09637364745140076,0.023433787748217583,0.0005669225938618183
40,0.12536410987377167,0.09631586819887161,0.02351413294672966,0.0005534117808565497
41,0.12500505149364471,0.096353679895401,0.023584412410855293,0.0005066964658908546
42,0.12452022731304169,0.09643559902906418,0.023651937022805214,0.00044326967326924205
43,0.1239805743098259,0.09651768207550049,0.02373472787439823,0.00037281628465279937
44,0.12345249950885773,0.09657525271177292,0.023852664977312088,0.0003024580073542893
45,0.12303763628005981,0.09660642594099045,0.024018391966819763,0.00024128222139552236
46,0.12283259630203247,0.0966271236538887,0.024228695780038834,0.0001976775238290429
47,0.12284799665212631,0.09665989130735397,0.024460380896925926,0.00017277229926548898
48,0.12298336625099182,0.09672139585018158,0.02467487007379532,0.00015870993956923485
49,0.12309412658214569,0.09681285172700882,0.024831406772136688,0.00014498674136120826
50,0.12308808416128159,0.09691668301820755,0.024902766570448875,0.00012686358240898699
51,0.12296151369810104,0.09700004011392593,0.02488480880856514,0.00010766617197077721
52,0.12275689840316772,0.09702469408512115,0.024795066565275192,9.371318446937948e-05
53,0.1225057914853096,0.09696019440889359,0.024662580341100693,8.830195292830467e-05
54,0.12222074717283249,0.09679564088582993,0.024516141042113304,9.089616651181132e-05
55,0.12192729860544205,0.09654554724693298,0.024376828223466873,0.0001004926161840558
56,0.12167631089687347,0.09624689817428589,0.024256352335214615,0.00011730642290785909
57,0.1215091347694397,0.09594859927892685,0.024158798158168793,0.0001401740446453914
58,0.12141688913106918,0.09569742530584335,0.024083325639367104,0.0001636137894820422
59,0.12134670466184616,0.09552531689405441,0.02402667887508869,0.00017947140440810472
60,0.12124916911125183,0.09544172137975693,0.02398495003581047,0.00018225017993245274
61,0.12111154943704605,0.09543310850858688,0.02395445480942726,0.00017239816952496767
62,0.1209450513124466,0.09546908736228943,0.02393217943608761,0.0001543784892419353
63,0.12075646966695786,0.09551286697387695,0.023917175829410553,0.00013264248264022171
64,0.1205468624830246,0.09553232043981552,0.023912765085697174,0.00011017787619493902
65,0.12033123522996902,0.09550781548023224,0.02392726205289364,8.961524144979194e-05
66,0.12013828754425049,0.09543401747941971,0.023971060290932655,7.332116365432739e-05
67,0.11998379975557327,0.09531599283218384,0.024051712825894356,6.160943303257227e-05
68,0.11985643208026886,0.09516274929046631,0.024171078577637672,5.2260969823691994e-05
69,0.11973770707845688,0.09498190134763718,0.02432539314031601,4.3040989112341776e-05
70,0.11962475627660751,0.09477823227643967,0.02450469881296158,3.418237611185759e-05
71,0.11952295154333115,0.09455614537000656,0.02468985691666603,2.769418824755121e-05
72,0.11942670494318008,0.09432358294725418,0.024852320551872253,2.5080407795030624e-05
73,0.11932499706745148,0.09409447759389877,0.02496275305747986,2.6776651793625206e-05
74,0.11922109127044678,0.09388755261898041,0.025005217641592026,3.283160549472086e-05
75,0.11912988871335983,0.09372138231992722,0.024985354393720627,4.231555067235604e-05
76,0.11905768513679504,0.09360826015472412,0.024925723671913147,5.237032019067556e-05
77,0.11899955570697784,0.09354926645755768,0.02485267072916031,5.976219836156815e-05
78,0.11895465850830078,0.09353309124708176,0.02478410303592682,6.374635268002748e-05
79,0.118926502764225,0.09353943169116974,0.024724602699279785,6.624676461797208e-05
80,0.11890892684459686,0.09354562312364578,0.024670112878084183,6.931841926416382e-05
81,0.11888836324214935,0.09353380650281906,0.02461911551654339,7.354424451477826e-05
82,0.11885993182659149,0.09349565953016281,0.024581218138337135,7.830524555174634e-05
83,0.11882747709751129,0.09343305230140686,0.02457459643483162,8.198314026230946e-05
84,0.1187921091914177,0.09335512667894363,0.02461390569806099,8.23076770757325e-05
85,0.1187535747885704,0.09327398985624313,0.024697933346033096,7.816470315447077e-05
86,0.11871687322854996,0.09320139139890671,0.024804510176181793,7.109748548828065e-05
87,0.11868584156036377,0.09314721077680588,0.0248965285718441,6.421044236049056e-05
88,0.11865624785423279,0.0931190475821495,0.024938218295574188,5.989822602714412e-05
89,0.11862324923276901,0.09312217682600021,0.024913083761930466,5.87991853535641e-05
90,0.11858732998371124,0.09315868467092514,0.024830013513565063,5.986314135952853e-05
91,0.11854957044124603,0.09322648495435715,0.024713538587093353,6.095494609326124e-05
92,0.11850950866937637,0.09331855922937393,0.024587661027908325,6.032915916875936e-05
93,0.11846964061260223,0.09342370182275772,0.024465499445796013,5.804387546959333e-05
94,0.11843416094779968,0.09352894127368927,0.024348970502614975,5.562458318308927e-05
95,0.11840364336967468,0.09362292289733887,0.024235766381025314,5.4494816140504554e-05
96,0.1183764636516571,0.09369903057813644,0.024127379059791565,5.5005431931931525e-05
97,0.11835255473852158,0.09375666826963425,0.024031810462474823,5.6407377996947616e-05
98,0.11833158880472183,0.09380008280277252,0.023959070444107056,5.7243218179792166e-05
99,0.11831150949001312,0.09383540600538254,0.023913845419883728,5.622593016596511e-05
100,0.11829157173633575,0.09386775642633438,0.023891326040029526,5.3249106713337824e-05
101,0.11827310919761658,0.09389974921941757,0.02387889102101326,4.9446691264165565e-05
102,0.1182568222284317,0.09393172711133957,0.0238628089427948,4.6228498831624165e-05
103,0.11824242770671844,0.09396295994520187,0.023835718631744385,4.437526149558835e-05
104,0.1182301789522171,0.09399276226758957,0.023799676448106766,4.377383811515756e-05
105,0.11821983754634857,0.09402065724134445,0.023762715980410576,4.364598134998232e-05
106,0.11820986121892929,0.09404607117176056,0.023732084780931473,4.317113780416548e-05
107,0.11819926649332047,0.09406816214323044,0.023709313943982124,4.217951573082246e-05
108,0.11818841099739075,0.09408614784479141,0.02368975803256035,4.1250576032325625e-05
109,0.11817772686481476,0.09410000592470169,0.023666389286518097,4.113310205866583e-05
110,0.11816732585430145,0.09411100298166275,0.023635050281882286,4.2127307096961886e-05
111,0.11815770715475082,0.09412140399217606,0.023597652092576027,4.386501314002089e-05
112,0.11814898997545242,0.09413318336009979,0.023560738191008568,4.550647645373829e-05
113,0.1181405559182167,0.09414665400981903,0.023531053215265274,4.628502210834995e-05
114,0.11813201755285263,0.09415978938341141,0.023511549457907677,4.6067896619206294e-05
115,0.11812353134155273,0.09416880458593369,0.023500727489590645,4.539999281405471e-05
116,0.11811523884534836,0.09416989982128143,0.023495297878980637,4.5003504055785015e-05
117,0.1181071475148201,0.0941610336303711,0.023493610322475433,4.525067197391763e-05
118,0.11809961497783661,0.09414293617010117,0.023496894165873528,4.59784860140644e-05
119,0.11809275299310684,0.09411883354187012,0.023507116362452507,4.6679924707859755e-05
120,0.11808629333972931,0.09409328550100327,0.02352353371679783,4.6947279770392925e-05
121,0.11808011680841446,0.0940709263086319,0.02354089356958866,4.683008592110127e-05
122,0.11807416379451752,0.09405533224344254,0.023551207035779953,4.676290336647071e-05
123,0.11806824803352356,0.09404859691858292,0.023548105731606483,4.7154902858892456e-05
124,0.11806236207485199,0.0940510630607605,0.02353086695075035,4.804297714144923e-05
125,0.11805667728185654,0.09406126290559769,0.023504791781306267,4.906208414467983e-05
126,0.11805121600627899,0.09407606720924377,0.023477843031287193,4.9730682803783566e-05
127,0.11804588884115219,0.09409131854772568,0.023456184193491936,4.983806502423249e-05
128,0.11804056912660599,0.09410282224416733,0.02344183623790741,4.959097350365482e-05
129,0.1180351972579956,0.09410779923200607,0.0234335009008646,4.939005884807557e-05
130,0.1180296391248703,0.09410571306943893,0.02342914044857025,4.9478228902444243e-05
131,0.11802396178245544,0.09409850835800171,0.023427803069353104,4.976571653969586e-05
132,0.11801831424236298,0.09408976882696152,0.02342917025089264,4.993762559024617e-05
133,0.1180126890540123,0.09408330172300339,0.023431923240423203,4.9746784497983754e-05
134,0.11800704896450043,0.09408185631036758,0.023432765156030655,4.9242407840210944e-05
135,0.11800137907266617,0.09408651292324066,0.023427655920386314,4.87208271806594e-05
136,0.11799560487270355,0.09409665316343307,0.02341434918344021,4.84599731862545e-05
137,0.11798971891403198,0.09411055594682693,0.02339419536292553,4.8496920499019325e-05
138,0.11798381060361862,0.09412597864866257,0.02337157167494297,4.862629430135712e-05
139,0.11797792464494705,0.09414072334766388,0.023351218551397324,4.8597707063890994e-05
140,0.1179719939827919,0.09415294975042343,0.023335691541433334,4.833584898733534e-05
141,0.11796604841947556,0.09416157752275467,0.023324627429246902,4.7984227421693504e-05
142,0.11796005815267563,0.09416653960943222,0.023316029459238052,4.774871558765881e-05
143,0.11795397102832794,0.09416863322257996,0.023308316245675087,4.77026951557491e-05
144,0.11794781684875488,0.09416919201612473,0.023301314562559128,4.7731544327689335e-05
145,0.11794160306453705,0.0941695123910904,0.02329559624195099,4.764979530591518e-05
146,0.11793531477451324,0.09417029470205307,0.023291222751140594,4.7379740863107145e-05
147,0.11792898178100586,0.09417159110307693,0.023287123069167137,4.702630758401938e-05
148,0.11792255192995071,0.09417295455932617,0.02328181080520153,4.67788013338577e-05
149,0.11791602522134781,0.09417397528886795,0.023274607956409454,4.6744371502427384e-05
150,0.11790939420461655,0.09417454153299332,0.023266203701496124,4.686466127168387e-05
151,0.11790267378091812,0.094174824655056,0.023258036002516747,4.6980901970528066e-05
152,0.11789584159851074,0.09417499601840973,0.023251065984368324,4.6978075260994956e-05
153,0.11788896471261978,0.09417509287595749,0.023245099931955338,4.687656837631948e-05
154,0.11788196116685867,0.09417478740215302,0.023239269852638245,4.679032645071857e-05
155,0.117874875664711,0.09417369961738586,0.023233138024806976,4.680408164858818e-05
156,0.11786769330501556,0.09417147189378738,0.023227285593748093,4.689378329203464e-05
157,0.11786041408777237,0.09416797012090683,0.023222852498292923,4.695854659075849e-05
158,0.11785302311182022,0.09416330605745316,0.023220472037792206,4.692455695476383e-05
159,0.1178455576300621,0.09415782243013382,0.02321954444050789,4.6818498958600685e-05
160,0.11783798784017563,0.09415211528539658,0.023218493908643723,4.673843432101421e-05
161,0.11783033609390259,0.09414692223072052,0.023215850815176964,4.67558202217333e-05
162,0.1178225502371788,0.09414298832416534,0.023211076855659485,4.684856321546249e-05
163,0.11781467497348785,0.09414076060056686,0.023204658180475235,4.692555376095697e-05
164,0.11780669540166855,0.09414016455411911,0.02319738268852234,4.691498543252237e-05
165,0.11779861897230148,0.09414051473140717,0.02318982034921646,4.682849612436257e-05
166,0.11779043078422546,0.09414080530405045,0.02318221889436245,4.67402242065873e-05
167,0.1177821084856987,0.09414016455411911,0.023174863308668137,4.670865382649936e-05
168,0.11777368187904358,0.09413820505142212,0.023168254643678665,4.672238355851732e-05
169,0.11776513606309891,0.09413512051105499,0.023162830621004105,4.6718803787371144e-05
170,0.11775647848844528,0.09413152933120728,0.023158425465226173,4.665241431212053e-05
171,0.1177477017045021,0.09412819892168045,0.023154092952609062,4.654053918784484e-05
172,0.11773880571126938,0.09412577748298645,0.023148609325289726,4.644177170121111e-05
173,0.1177297979593277,0.09412460774183273,0.023141246289014816,4.639440885512158e-05
174,0.11772065609693527,0.09412463754415512,0.023132216185331345,4.63806172774639e-05
175,0.1177113875746727,0.09412547200918198,0.02312241680920124,4.634980359696783e-05
176,0.11770200729370117,0.09412648528814316,0.023112786933779716,4.6273569751065224e-05
177,0.1176925078034401,0.09412695467472076,0.023103808984160423,4.6173910959623754e-05
178,0.11768287420272827,0.094126395881176,0.023095499724149704,4.609805910149589e-05
179,0.1176731139421463,0.09412472695112228,0.023087702691555023,4.6068409574218094e-05
180,0.11766321957111359,0.0941222608089447,0.023080335929989815,4.6062505134614184e-05
181,0.11765320599079132,0.09411952644586563,0.023073282092809677,4.604006608133204e-05
182,0.11764306575059891,0.09411698579788208,0.023066209629178047,4.5987537305336446e-05
183,0.11763282120227814,0.09411485493183136,0.023058664053678513,4.5929707994218916e-05
184,0.11762241274118423,0.0941130593419075,0.0230503361672163,4.590185562847182e-05
185,0.11761187016963959,0.0941113829612732,0.0230413768440485,4.591155447997153e-05
186,0.11760123074054718,0.09410958737134933,0.023032307624816895,4.593376434058882e-05
187,0.11759044229984283,0.09410739690065384,0.02302364632487297,4.594040001393296e-05
188,0.11757954210042953,0.09410464763641357,0.0230155847966671,4.593063204083592e-05
189,0.11756850779056549,0.09410125762224197,0.023007959127426147,4.59293405583594e-05
190,0.1175573542714119,0.09409729391336441,0.023000478744506836,4.595816062646918e-05
191,0.11754604429006577,0.09409289807081223,0.022993028163909912,4.601203909260221e-05
192,0.11753465235233307,0.09408833831548691,0.022985640913248062,4.6066681534284726e-05
193,0.11752310395240784,0.09408372640609741,0.022978315129876137,4.610651740222238e-05
194,0.11751146614551544,0.09407912194728851,0.022970935329794884,4.614049248630181e-05
195,0.1174996942281723,0.09407445043325424,0.02296334318816662,4.618991806637496e-05
196,0.11748779565095901,0.09406965225934982,0.0229555182158947,4.626291774911806e-05
197,0.11747579276561737,0.09406466037034988,0.022947661578655243,4.6346747694769874e-05
198,0.11746366322040558,0.09405942261219025,0.022940002381801605,4.642384374164976e-05
199,0.11745142936706543,0.09405386447906494,0.022932641208171844,4.6492714318446815e-05
200,0.11743909120559692,0.09404788911342621,0.02292550727725029,4.65692464786116e-05
201,0.11742664873600006,0.09404147416353226,0.022918496280908585,4.666735549108125e-05
202,0.11741410195827484,0.09403466433286667,0.02291160076856613,4.6783825382590294e-05
203,0.11740145087242126,0.0940275713801384,0.022904854267835617,4.6902645408408716e-05
204,0.11738871037960052,0.09402032941579819,0.022898230701684952,4.701477155322209e-05
205,0.11737587302923203,0.09401297569274902,0.02289162203669548,4.712749432655983e-05
206,0.11736294627189636,0.09400548040866852,0.02288491651415825,4.725487815449014e-05
207,0.11734995990991592,0.0939977690577507,0.022878170013427734,4.740212170872837e-05
208,0.11733687669038773,0.09398968517780304,0.022871576249599457,4.7561297833453864e-05
209,0.11732372641563416,0.09398114681243896,0.02286534011363983,4.77239336760249e-05
210,0.1173105239868164,0.09397204965353012,0.02285955660045147,4.7891695430735126e-05
211,0.11729724705219269,0.09396234899759293,0.022854149341583252,4.807518780580722e-05
212,0.11728393286466599,0.09395214170217514,0.022848982363939285,4.8280388000421226e-05
213,0.1172705590724945,0.09394156187772751,0.02284398302435875,4.850181721849367e-05
214,0.11725717037916183,0.09393073618412018,0.022839132696390152,4.873060970567167e-05
215,0.11724375933408737,0.09391969442367554,0.022834395989775658,4.896645623375662e-05
216,0.11723032593727112,0.09390836209058762,0.022829774767160416,4.921835716231726e-05
217,0.11721686273813248,0.09389656782150269,0.022825349122285843,4.9494712584419176e-05
218,0.11720342934131622,0.09388424456119537,0.02282124198973179,4.979482764611021e-05
219,0.11719001084566116,0.09387129545211792,0.022817596793174744,5.0111859309254214e-05
220,0.1171766147017479,0.0938577651977539,0.022814426571130753,5.044295176048763e-05
221,0.1171632707118988,0.0938437357544899,0.022811606526374817,5.0792947149602696e-05
222,0.11714997887611389,0.09382932633161545,0.022808969020843506,5.116824831929989e-05
223,0.11713676154613495,0.09381462633609772,0.022806433960795403,5.156974293640815e-05
224,0.11712362617254257,0.09379968792200089,0.022804010659456253,5.199273437028751e-05
225,0.11711058020591736,0.09378444403409958,0.022801775485277176,5.243532359600067e-05
226,0.1170976385474205,0.09376881271600723,0.022799815982580185,5.290171975502744e-05
227,0.11708486080169678,0.09375270456075668,0.022798173129558563,5.339816561900079e-05
228,0.1170722097158432,0.09373607486486435,0.0227968767285347,5.392577077145688e-05
229,0.11705972999334335,0.0937189981341362,0.02279592864215374,5.448013325803913e-05
230,0.11704742908477783,0.09370157867670059,0.022795267403125763,5.505858644028194e-05
231,0.11703532934188843,0.09368389844894409,0.02279479242861271,5.566430991166271e-05
232,0.11702346056699753,0.09366601705551147,0.022794418036937714,5.630230953102e-05
233,0.11701182276010513,0.09364794194698334,0.022794151678681374,5.6973072787513956e-05
234,0.11700043082237244,0.0936296209692955,0.022794084623456,5.767305628978647e-05
235,0.11698930710554123,0.09361100941896439,0.022794300690293312,5.8400088164489716e-05
236,0.1169784665107727,0.0935920774936676,0.022794827818870544,5.9156322095077485e-05
237,0.11696794629096985,0.09357284009456635,0.022795654833316803,5.9944813983747736e-05
238,0.11695773154497147,0.09355334937572479,0.02279673144221306,6.076504723750986e-05
239,0.11694782972335815,0.09353368729352951,0.02279800921678543,6.161333294585347e-05
240,0.11693830043077469,0.09351396560668945,0.02279946766793728,6.248672434594482e-05
241,0.11692912131547928,0.09349419176578522,0.022801071405410767,6.338582170428708e-05
242,0.11692029982805252,0.0934743583202362,0.02280283346772194,6.431101792259142e-05
243,0.1169118583202362,0.09345446527004242,0.022804787382483482,6.526037759613246e-05
244,0.11690378934144974,0.09343451261520386,0.022806981578469276,6.62297461531125e-05
245,0.1168961226940155,0.0934145376086235,0.022809423506259918,6.721595855196938e-05
246,0.11688882857561111,0.09339456260204315,0.02281208708882332,6.821813440183178e-05
247,0.11688192933797836,0.09337466955184937,0.022814905270934105,6.923548062331975e-05
248,0.11687541007995605,0.09335493296384811,0.022817842662334442,7.026347884675488e-05
249,0.11686926335096359,0.09333541244268417,0.022820888087153435,7.129630103008822e-05
250,0.11686351150274277,0.09331618249416351,0.022824028506875038,7.233026553876698e-05
251,0.11685810983181,0.09329722076654434,0.022827252745628357,7.336376438615844e-05
252,0.11685308068990707,0.09327857941389084,0.02283056266605854,7.439422188326716e-05
253,0.11684837192296982,0.0932602509856224,0.02283395454287529,7.54168868297711e-05
254,0.11684401333332062,0.09324230998754501,0.02283744141459465,7.642648415639997e-05
255,0.11683996766805649,0.09322480857372284,0.022840965539216995,7.741948502371088e-05
256,0.11683619022369385,0.09320777654647827,0.022844482213258743,7.839329919079319e-05
257,0.11683273315429688,0.09319132566452026,0.022847965359687805,7.934394670883194e-05
258,0.11682949215173721,0.09317543357610703,0.02285138890147209,8.026731666177511e-05
259,0.11682651191949844,0.09316016733646393,0.022854741662740707,8.115994569379836e-05
260,0.11682374030351639,0.09314552694559097,0.022858021780848503,8.201933087548241e-05
261,0.11682116240262985,0.09313150495290756,0.022861216217279434,8.284377690870315e-05
262,0.11681875586509705,0.0931181088089943,0.022864341735839844,8.363056258531287e-05
263,0.11681649833917618,0.09310536831617355,0.022867364808917046,8.437637734459713e-05
264,0.11681438982486725,0.09309332817792892,0.022870268672704697,8.507975144311786e-05
265,0.11681241542100906,0.0930819883942604,0.022873027250170708,8.57400955283083e-05
266,0.11681052297353745,0.0930713415145874,0.02287561260163784,8.63570166984573e-05
267,0.11680871248245239,0.09306139498949051,0.022878021001815796,8.692971459822729e-05
268,0.11680697649717331,0.09305213391780853,0.02288026735186577,8.745714148972183e-05
269,0.116805300116539,0.09304352849721909,0.02288237027823925,8.793982124188915e-05
270,0.11680366098880768,0.09303554892539978,0.022884314879775047,8.837919449433684e-05
271,0.11680205166339874,0.09302818030118942,0.022886112332344055,8.877585059963167e-05
272,0.11680048704147339,0.09302141517400742,0.022887764498591423,8.913043711800128e-05
273,0.11679891496896744,0.09301523864269257,0.022889234125614166,8.944454020820558e-05
274,0.11679736524820328,0.09300961345434189,0.022890543565154076,8.972035720944405e-05
275,0.11679581552743912,0.09300454705953598,0.022891681641340256,8.995937969302759e-05
276,0.11679427325725555,0.09299997240304947,0.022892670705914497,9.016352851176634e-05
277,0.11679273098707199,0.09299585968255997,0.022893525660037994,9.0334790002089e-05
278,0.11679118126630783,0.09299216419458389,0.02289426326751709,9.04756598174572e-05
279,0.11678963899612427,0.09298886358737946,0.022894885390996933,9.058845171239227e-05
280,0.11678805947303772,0.09298592060804367,0.022895382717251778,9.06754721654579e-05
281,0.11678647994995117,0.09298331290483475,0.022895772010087967,9.073893306776881e-05
282,0.11678488552570343,0.09298103302717209,0.022896045818924904,9.07807843759656e-05
283,0.11678329110145569,0.09297903627157211,0.022896217182278633,9.080368181457743e-05
284,0.11678168922662735,0.09297730028629303,0.02289629727602005,9.080948075279593e-05
285,0.11678005754947662,0.09297575801610947,0.02289630100131035,9.080034215003252e-05
286,0.11677844077348709,0.09297442436218262,0.022896233946084976,9.077828872250393e-05
287,0.11677683144807816,0.0929732546210289,0.022896114736795425,9.074551053345203e-05
288,0.11677517741918564,0.09297221153974533,0.0228959321975708,9.070362284546718e-05
289,0.11677354574203491,0.0929713100194931,0.022895697504281998,9.065399353858083e-05
290,0.1167718842625618,0.09297048300504684,0.022895414382219315,9.059839067049325e-05
291,0.11677024513483047,0.09296976774930954,0.02289508655667305,9.05384003999643e-05
292,0.11676857620477676,0.09296910464763641,0.022894717752933502,9.047539060702547e-05
293,0.11676689982414246,0.09296847879886627,0.02289431542158127,9.041049634106457e-05
294,0.11676523089408875,0.09296788275241852,0.02289389818906784,9.034488175529987e-05
295,0.11676356941461563,0.09296729415655136,0.022893471643328667,9.028003842104226e-05
296,0.11676187813282013,0.09296669811010361,0.022893015295267105,9.021638834383339e-05
297,0.11676020175218582,0.09296609461307526,0.022892558947205544,9.015502291731536e-05
298,0.11675849556922913,0.09296544641256332,0.02289208397269249,9.009655332192779e-05
299,0.11675681173801422,0.0929647907614708,0.02289160154759884,9.004181629279628e-05
300,0.11675512045621872,0.09296408295631409,0.02289111539721489,8.999186684377491e-05
301,0.11675340682268143,0.0929633155465126,0.022890623658895493,8.994688687380403e-05
302,0.11675169318914413,0.09296248108148575,0.022890139371156693,8.990705828182399e-05
303,0.11674997955560684,0.09296158701181412,0.02288965880870819,8.987309411168098e-05
304,0.11674823611974716,0.09296059608459473,0.022889181971549988,8.984572923509404e-05
305,0.11674650013446808,0.09295954555273056,0.022888705134391785,8.982473809737712e-05
306,0.116744764149189,0.09295842051506042,0.022888243198394775,8.981036808108911e-05
307,0.11674302071332932,0.09295720607042313,0.022887781262397766,8.980312122730538e-05
308,0.11674125492572784,0.09295590221881866,0.022887319326400757,8.980316488305107e-05
309,0.11673948168754578,0.09295450896024704,0.02288687229156494,8.981031714938581e-05
310,0.1167377158999443,0.09295304119586945,0.022886432707309723,8.98244179552421e-05
311,0.11673593521118164,0.09295147657394409,0.022885998710989952,8.984600572148338e-05
312,0.11673415452241898,0.09294982999563217,0.022885575890541077,8.98751022759825e-05
313,0.11673234403133392,0.0929480791091919,0.022885149344801903,8.99112201295793e-05
314,0.11673052608966827,0.09294624626636505,0.02288474515080452,8.995411917567253e-05
315,0.11672871559858322,0.09294434636831284,0.02288433164358139,9.00038648978807e-05
316,0.11672689020633698,0.09294235706329346,0.022883929312229156,9.006063191918656e-05
317,0.11672504991292953,0.09294029325246811,0.022883515805006027,9.012423106469214e-05
318,0.1167232021689415,0.0929381474852562,0.022883115336298943,9.019394929055125e-05
319,0.11672135442495346,0.0929359421133995,0.022882716730237007,9.026952466228977e-05
320,0.11671947687864304,0.09293364733457565,0.02288231812417507,9.035122639033943e-05
321,0.1167176142334938,0.09293130785226822,0.02288191393017769,9.043898899108171e-05
322,0.11671574413776398,0.09292890876531601,0.022881511598825455,9.053207031683996e-05
323,0.11671385169029236,0.09292644262313843,0.02288110926747322,9.063004108611494e-05
324,0.11671195924282074,0.09292391687631607,0.022880706936120987,9.073295950656757e-05
325,0.11671006679534912,0.09292136132717133,0.02288029156625271,9.084104385692626e-05
326,0.11670812964439392,0.09291872382164001,0.022879868745803833,9.095345012610778e-05
327,0.11670621484518051,0.09291607141494751,0.022879445925354958,9.106993820751086e-05
328,0.11670428514480591,0.09291336685419083,0.022879013791680336,9.119043534155935e-05
329,0.11670234799385071,0.09291062504053116,0.022878574207425117,9.131502883974463e-05
330,0.11670040339231491,0.0929078534245491,0.022878121584653854,9.14431075216271e-05
331,0.11669845134019852,0.09290504455566406,0.022877663373947144,9.157438762485981e-05
332,0.11669650673866272,0.09290222078561783,0.022877192124724388,9.170915291178972e-05
333,0.11669453978538513,0.09289935976266861,0.022876707836985588,9.184708324028179e-05
334,0.11669257283210754,0.0928964838385582,0.022876214236021042,9.198788029607385e-05
335,0.11669059097766876,0.0928935706615448,0.022875715047121048,9.213125304086134e-05
336,0.11668860912322998,0.09289064258337021,0.022875191643834114,9.227760892827064e-05
337,0.1166866347193718,0.09288771450519562,0.022874653339385986,9.242655505659059e-05
338,0.11668464541435242,0.09288476407527924,0.022874101996421814,9.257800411432981e-05
339,0.11668264120817184,0.09288178384304047,0.022873541340231895,9.273173054680228e-05
340,0.11668066680431366,0.09287881851196289,0.022872965782880783,9.288779983762652e-05
341,0.1166786476969719,0.09287582337856293,0.022872362285852432,9.304645209340379e-05
342,0.11667665094137192,0.09287283569574356,0.02287174016237259,9.320723620476201e-05
343,0.11667464673519135,0.092869833111763,0.022871114313602448,9.337002848042175e-05
344,0.11667263507843018,0.09286681562662125,0.022870466113090515,9.353517089039087e-05
345,0.116670623421669,0.0928637906908989,0.022869810461997986,9.370259067509323e-05
346,0.11666858941316605,0.09286075085401535,0.02286911942064762,9.387193131260574e-05
347,0.11666657775640488,0.092857725918293,0.02286842092871666,9.404339652974159e-05
348,0.11666455864906311,0.09285469353199005,0.022867698222398758,9.421708818990737e-05
349,0.11666254699230194,0.0928516611456871,0.022866953164339066,9.43930572248064e-05
350,0.11666052788496017,0.09284862130880356,0.02286619320511818,9.457073610974476e-05
351,0.11665850877761841,0.09284558147192001,0.022865425795316696,9.475061960984021e-05
352,0.11665648967027664,0.09284251928329468,0.02286463789641857,9.493290417594835e-05
353,0.11665446311235428,0.09283947199583054,0.02286381833255291,9.511710231890902e-05
354,0.1166524589061737,0.09283643215894699,0.02286299131810665,9.530301758786663e-05
355,0.11665044724941254,0.09283339232206345,0.022862140089273453,9.549118840368465e-05
356,0.11664844304323196,0.0928303524851799,0.02286127209663391,9.568182576913387e-05
357,0.11664643883705139,0.09282731264829636,0.022860385477542877,9.5874369435478e-05
358,0.11664441972970963,0.09282425791025162,0.02285948023200035,9.606846288079396e-05
359,0.11664243787527084,0.09282123297452927,0.02285856194794178,9.626479732105508e-05
360,0.11664045602083206,0.09281820058822632,0.02285761944949627,9.646354737924412e-05
361,0.11663845926523209,0.09281516075134277,0.022856658324599266,9.666410915087909e-05
362,0.1166364923119545,0.09281214326620102,0.02285568229854107,9.686640987638384e-05
363,0.11663451790809631,0.09280912578105927,0.02285468764603138,9.70707114902325e-05
364,0.11663255095481873,0.09280610829591751,0.02285367250442505,9.727716678753495e-05
365,0.11663060635328293,0.09280311316251755,0.022852640599012375,9.74854629021138e-05
366,0.11662864685058594,0.09280010312795639,0.022851597517728806,9.76953306235373e-05
367,0.11662671715021133,0.09279712289571762,0.02285052090883255,9.790708281798288e-05
368,0.11662480235099792,0.09279414266347885,0.022849444299936295,9.812091593630612e-05
369,0.11662287265062332,0.09279116243124008,0.02284834533929825,9.833624790189788e-05
370,0.1166209727525711,0.0927882120013237,0.02284722775220871,9.855312964646146e-05
371,0.11661908030509949,0.09278527647256851,0.02284608781337738,9.877153934212402e-05
372,0.11661719530820847,0.09278234094381332,0.022844940423965454,9.89917098195292e-05
373,0.11661532521247864,0.09277942776679993,0.02284376695752144,9.921329910866916e-05
374,0.1166134849190712,0.09277652949094772,0.022842589765787125,9.943586337612942e-05
375,0.11661162227392197,0.09277363866567612,0.02284139022231102,9.965995559468865e-05
376,0.11660981178283691,0.0927707776427269,0.02284017577767372,9.988520469050854e-05
377,0.11660797894001007,0.09276792407035828,0.02283894270658493,0.00010011155245592818
378,0.11660619080066681,0.09276510775089264,0.022837696596980095,0.000100338613265194
379,0.11660441011190414,0.09276231378316879,0.022836433723568916,0.00010056646715383977
380,0.11660263687372208,0.09275952726602554,0.02283516153693199,0.00010079528874484822
381,0.1166008859872818,0.09275677055120468,0.022833868861198425,0.00010102452506544068
382,0.11659915000200272,0.09275404363870621,0.022832566872239113,0.00010125390690518543
383,0.11659743636846542,0.09275134652853012,0.022831249982118607,0.00010148394358111545
384,0.11659574508666992,0.09274868667125702,0.022829918190836906,0.00010171403118874878
385,0.11659406125545502,0.09274604916572571,0.022828569635748863,0.00010194382048211992
386,0.1165924072265625,0.09274346381425858,0.022827208042144775,0.00010217336966888979
387,0.11659075319766998,0.09274088591337204,0.02282583713531494,0.00010240310075460002
388,0.11658912152051926,0.09273835271596909,0.022824451327323914,0.00010263184958603233
389,0.11658750474452972,0.09273584932088852,0.02282305620610714,0.00010285978351021186
390,0.11658591777086258,0.09273339807987213,0.02282164990901947,0.00010308704804629087
391,0.11658435314893723,0.09273098409175873,0.022820230573415756,0.00010331338853575289
392,0.11658278852701187,0.09272860735654831,0.022818800061941147,0.00010353835386922583
393,0.1165812537074089,0.09272627532482147,0.022817354649305344,0.00010376173304393888
394,0.11657973378896713,0.09272398799657822,0.022815901786088943,0.00010398373706266284
395,0.11657822877168655,0.09272174537181854,0.022814443334937096,0.00010420408943900838
396,0.11657674610614777,0.09271954745054245,0.022812968119978905,0.0001044225791702047
397,0.11657527834177017,0.09271740913391113,0.022811491042375565,0.00010463837679708377
398,0.11657384037971497,0.092715322971344,0.02281000092625618,0.00010485237726243213
399,0.11657243221998215,0.09271328151226044,0.022808505222201347,0.00010506403486942872
400,0.11657101660966873,0.09271128475666046,0.02280699834227562,0.00010527278936933726
401,0.1165696308016777,0.09270935505628586,0.022805482149124146,0.00010547899728408083
402,0.11656825989484787,0.09270747750997543,0.022803962230682373,0.00010568221478024498
403,0.11656691879034042,0.09270565956830978,0.022802432999014854,0.00010588246368570253
404,0.11656556278467178,0.09270387887954712,0.02280089259147644,0.00010607932199491188
405,0.11656425148248672,0.09270217269659042,0.022799354046583176,0.00010627285519149154
406,0.11656294763088226,0.09270050376653671,0.022797808051109314,0.0001064633033820428
407,0.116561658680439,0.09269890189170837,0.022796262055635452,0.00010664974251994863
408,0.11656039208173752,0.09269735962152481,0.022794708609580994,0.00010683258005883545
409,0.11655914783477783,0.09269588440656662,0.02279314212501049,0.00010701168503146619
410,0.11655791103839874,0.0926944687962532,0.022791575640439987,0.00010718689009081572
411,0.11655667424201965,0.09269309043884277,0.022790001705288887,0.00010735815885709599
412,0.11655548214912415,0.09269179403781891,0.022788433358073235,0.00010752510570455343
413,0.11655429005622864,0.09269054234027863,0.022786861285567284,0.00010768814536277205
414,0.11655311286449432,0.09268935769796371,0.022785287350416183,0.00010784679761854932
415,0.1165519431233406,0.09268821775913239,0.022783713415265083,0.00010800106247188523
416,0.11655078828334808,0.09268714487552643,0.022782132029533386,0.00010815139830810949
417,0.11654965579509735,0.09268613904714584,0.022780543193221092,0.00010829704842763022
418,0.11654853075742722,0.09268518537282944,0.022778961807489395,0.00010843825293704867
419,0.11654742807149887,0.0926842913031578,0.022777384147047997,0.00010857514280360192
420,0.11654631048440933,0.09268343448638916,0.02277580089867115,0.00010870768164750189
421,0.11654523015022278,0.09268265962600708,0.022774221375584602,0.00010883545473916456
422,0.11654415726661682,0.09268192946910858,0.022772643715143204,0.00010895905870711431
423,0.11654309183359146,0.09268124401569366,0.022771067917346954,0.00010907830437645316
424,0.1165420413017273,0.09268062561750412,0.022769488394260406,0.00010919283522525802
425,0.11654100567102432,0.09268006682395935,0.022767910733819008,0.00010930297867162153
426,0.11653997004032135,0.09267954528331757,0.022766340523958206,0.00010940911306533962
427,0.11653894931077957,0.09267907589673996,0.022764764726161957,0.00010951083822874352
428,0.11653793603181839,0.09267865866422653,0.022763198241591454,0.00010960777581203729
429,0.11653692275285721,0.09267827123403549,0.022761642932891846,0.0001097010972443968
430,0.11653595417737961,0.09267797321081161,0.022760076448321342,0.00010979034414049238
431,0.11653496325016022,0.09267769753932953,0.022758517414331436,0.00010987494169967249
432,0.11653399467468262,0.09267746657133102,0.022756967693567276,0.00010995550837833434
433,0.11653302609920502,0.0926772803068161,0.022755414247512817,0.00011003295367117971
434,0.11653206497430801,0.09267713129520416,0.022753870114684105,0.00011010590969817713
435,0.11653111129999161,0.0926770269870758,0.02275233529508114,0.00011017460201401263
436,0.1165301725268364,0.09267695993185043,0.022750798612833023,0.00011024069681297988
437,0.11652922630310059,0.09267693012952805,0.022749267518520355,0.0001103028844227083
438,0.11652828752994537,0.09267693758010864,0.022747747600078583,0.00011036059004254639
439,0.11652739346027374,0.09267698973417282,0.022746238857507706,0.00011041585821658373
440,0.11652645468711853,0.0926770493388176,0.022744720801711082,0.00011046812869608402
441,0.1165255531668663,0.09267716854810715,0.0227432232350111,0.0001105157716665417
442,0.11652466654777527,0.09267733246088028,0.02274172194302082,0.00011056104995077476
443,0.11652375757694244,0.09267748892307281,0.02274022437632084,0.00011060427641496062
444,0.116522878408432,0.09267769753932953,0.022738751024007797,0.0001106427880586125
445,0.11652199178934097,0.09267792850732803,0.022737273946404457,0.0001106791096390225
446,0.11652110517024994,0.09267818182706833,0.02273579128086567,0.00011071372136939317
447,0.11652025580406189,0.0926784798502922,0.02273433282971382,0.00011074431677116081
448,0.11651938408613205,0.09267877042293549,0.02273288369178772,0.00011077282397309318
449,0.11651851236820221,0.09267909079790115,0.02273142710328102,0.00011079941032221541
450,0.11651766300201416,0.09267944097518921,0.022729991003870964,0.0001108230062527582
451,0.11651682108640671,0.09267981350421906,0.022728562355041504,0.000110844244773034
452,0.11651598662137985,0.09268020838499069,0.02272713929414749,0.00011086412268923596
453,0.1165151298046112,0.09268059581518173,0.022725723683834076,0.00011088128667324781
454,0.11651430279016495,0.09268102049827576,0.022724315524101257,0.00011089634790550917
455,0.11651346832513809,0.09268146008253098,0.022722909227013588,0.00011091027408838272
456,0.11651264876127243,0.09268190711736679,0.02272152528166771,0.00011092193744843826
457,0.11651182174682617,0.0926823616027832,0.02272014692425728,0.0001109313961933367
458,0.1165110245347023,0.092682845890522,0.022718777880072594,0.00011094021465396509
459,0.11651021987199783,0.0926833376288414,0.022717410698533058,0.00011094698129454628
460,0.11650941520929337,0.0926838368177414,0.022716058418154716,0.00011095184163423255
461,0.11650862544775009,0.09268435090780258,0.022714709863066673,0.00011095617082901299
462,0.11650780588388443,0.09268485009670258,0.022713370621204376,0.00011095877562183887
463,0.11650702357292175,0.09268537908792496,0.022712048143148422,0.00011095965601271018
464,0.11650622636079788,0.09268590062856674,0.02271072380244732,0.00011096000525867566
465,0.1165054515004158,0.09268643707036972,0.022709425538778305,0.00011095924128312618
466,0.11650467664003372,0.09268698841333389,0.02270812727510929,0.00011095662921434268
467,0.11650388687849045,0.09268751740455627,0.022706830874085426,0.00011095376976300031
468,0.11650312691926956,0.09268806129693985,0.02270556055009365,0.00011095001536887139
469,0.11650235950946808,0.09268862009048462,0.022704288363456726,0.00011094475485151634
470,0.11650159955024719,0.09268917888402939,0.022703029215335846,0.00011093892680946738
471,0.11650081723928452,0.09268971532583237,0.022701775655150414,0.00011093274952145293
472,0.11650007218122482,0.09269028156995773,0.022700542584061623,0.00011092531349277124
473,0.11649931967258453,0.0926908478140831,0.022699307650327682,0.00011091712076449767
474,0.11649857461452484,0.09269139915704727,0.022698089480400085,0.00011090862972196192
475,0.11649783700704575,0.09269196540117264,0.022696878761053085,0.00011089948384324089
476,0.11649709194898605,0.09269251674413681,0.022695686668157578,0.00011088955216109753
477,0.11649634689092636,0.09269306808710098,0.022694483399391174,0.00011087922030128539
478,0.11649560183286667,0.09269361943006516,0.022693302482366562,0.00011086869199061766
479,0.11649489402770996,0.09269418567419052,0.022692140191793442,0.0001108571159420535
480,0.11649415642023087,0.0926947221159935,0.02269098348915577,0.00011084540892625228
481,0.11649344861507416,0.09269527345895767,0.022689834237098694,0.00011083378194598481
482,0.11649271100759506,0.09269581735134125,0.022688690572977066,0.000110820954432711
483,0.11649201065301895,0.09269636869430542,0.02268756367266178,0.00011080811236752197
484,0.11649128049612045,0.09269688278436661,0.022686447948217392,0.00011079565592808649
485,0.11649058014154434,0.09269741922616959,0.02268533781170845,0.00011078192619606853
486,0.11648987233638763,0.09269794076681137,0.022684244439005852,0.00011076829832745716
487,0.11648917943239212,0.09269847720861435,0.022683151066303253,0.00011075502698076889
488,0.11648847907781601,0.09269899129867554,0.022682078182697296,0.00011074075882788748
489,0.1164877638220787,0.09269949048757553,0.022681012749671936,0.00011072632332798094
490,0.11648707836866379,0.09270000457763672,0.022679949179291725,0.00011071256449213251
491,0.11648637801408768,0.09270049631595612,0.022678904235363007,0.00011069796164520085
492,0.11648570001125336,0.0927010029554367,0.022677864879369736,0.00011068311869166791
493,0.11648499965667725,0.09270147979259491,0.02267683483660221,0.00011066889419453219
494,0.11648432910442352,0.09270196408033371,0.02267581596970558,0.00011065416765632108
495,0.1164836511015892,0.09270244091749191,0.022674817591905594,0.0001106389972846955
496,0.11648297309875488,0.09270291030406952,0.022673817351460457,0.00011062461271649227
497,0.11648229509592056,0.09270336478948593,0.022672830149531364,0.00011060952965635806
498,0.11648160964250565,0.09270381182432175,0.022671852260828018,0.00011059449025196955
499,0.11648094654083252,0.09270425885915756,0.022670887410640717,0.00011057980736950412
500,0.11648029088973999,0.09270471334457397,0.022669926285743713,0.00011056479706894606
501,0.11647960543632507,0.0927051305770874,0.022668980062007904,0.00011054982314817607
502,0.11647895723581314,0.09270557016134262,0.02266804501414299,0.00011053492198698223
503,0.11647830903530121,0.09270598739385605,0.022667117416858673,0.00011052028276026249
504,0.11647763103246689,0.09270638972520828,0.022666197270154953,0.00011050511238863692
505,0.11647698283195496,0.09270679205656052,0.02266528643667698,0.00011049065506085753
506,0.11647631973028183,0.09270717948675156,0.022664383053779602,0.00011047599400626495
507,0.1164756789803505,0.0927075669169426,0.02266349270939827,0.00011046120198443532
508,0.11647503823041916,0.09270795434713364,0.02266261726617813,0.00011044670827686787
509,0.11647440493106842,0.09270833432674408,0.022661743685603142,0.00011043227277696133
510,0.1164737343788147,0.09270867705345154,0.022660885006189346,0.00011041777906939387
511,0.11647309362888336,0.09270903468132019,0.02266002632677555,0.00011040359822800383
512,0.11647245287895203,0.09270938485860825,0.02265917882323265,0.00011038946831831709
513,0.11647183448076248,0.0927097350358963,0.022658348083496094,0.0001103751637856476
514,0.11647119373083115,0.09271006286144257,0.02265751175582409,0.00011036175419576466
515,0.11647056043148041,0.09271039068698883,0.022656697779893875,0.00011034734052373096
516,0.11646991968154907,0.0927106961607933,0.022655891254544258,0.00011033377086278051
517,0.11646929383277893,0.09271099418401718,0.022655092179775238,0.0001103203758248128
518,0.11646867543458939,0.09271130710840225,0.022654298692941666,0.00011030675523215905
519,0.11646805703639984,0.09271161258220673,0.02265351079404354,0.00011029322922695428
520,0.1164674162864685,0.09271188825368881,0.022652726620435715,0.00011028049630112946
521,0.11646680533885956,0.0927121639251709,0.022651970386505127,0.00011026710126316175
522,0.11646618694067001,0.09271243959665298,0.02265121042728424,0.00011025401181541383
523,0.11646557599306107,0.09271270036697388,0.02265045791864395,0.00011024170817108825
524,0.11646495014429092,0.09271295368671417,0.022649714723229408,0.00011022864782717079
525,0.11646434664726257,0.09271321445703506,0.022648971527814865,0.0001102162423194386
526,0.11646372079849243,0.09271343797445297,0.022648246958851814,0.00011020414967788383
527,0.11646313220262527,0.09271367639303207,0.022647535428404808,0.00011019154044333845
528,0.11646253615617752,0.09271391481161118,0.022646820172667503,0.00011017975339200348
529,0.11646191775798798,0.09271412342786789,0.022646114230155945,0.0001101678135455586
530,0.11646130681037903,0.0927143320441246,0.022645412012934685,0.00011015589552698657
531,0.11646070331335068,0.09271454066038132,0.02264472097158432,0.00011014434858225286
532,0.11646009981632233,0.09271473437547684,0.022644031792879105,0.00011013315815944225
533,0.11645949631929398,0.09271492809057236,0.022643359377980232,0.00011012140021193773
534,0.11645890027284622,0.09271509945392609,0.022642694413661957,0.0001101106681744568
535,0.11645831912755966,0.0927152931690216,0.02264202944934368,0.00011009949957951903
536,0.11645771563053131,0.09271546453237534,0.022641371935606003,0.00011008861474692822
537,0.11645711958408356,0.09271562099456787,0.02264072373509407,0.00011007791908923537
538,0.1164565309882164,0.09271577000617981,0.022640086710453033,0.00011006734712282196
539,0.11645594984292984,0.09271592646837234,0.022639453411102295,0.00011005723354173824
540,0.11645536124706268,0.09271608293056488,0.022638816386461258,0.00011004656698787585
541,0.11645478010177612,0.09271622449159622,0.022638188675045967,0.00011003667896147817
542,0.11645419150590897,0.09271635115146637,0.02263757586479187,0.00011002677638316527
543,0.1164536103606224,0.09271647036075592,0.02263697050511837,0.00011001660459442064
544,0.11645302176475525,0.09271658957004547,0.022636357694864273,0.00011000744416378438
545,0.11645245552062988,0.09271671622991562,0.02263576164841652,0.00010999755613738671
546,0.11645187437534332,0.09271682798862457,0.022635165601968765,0.00010998817015206441
547,0.11645129323005676,0.09271692484617233,0.02263457514345646,0.00010997916979249567
548,0.1164507120847702,0.09271702170372009,0.02263399213552475,0.00010996992932632565
549,0.11645016074180603,0.09271712601184845,0.022633427754044533,0.00010996089258696884
550,0.11644957959651947,0.09271720051765442,0.02263285033404827,0.00010995233606081456
551,0.11644900590181351,0.09271728247404099,0.022632284089922905,0.00010994351032422855
552,0.11644843220710754,0.09271735697984695,0.022631723433732986,0.00010993482283083722
553,0.11644785851240158,0.09271742403507233,0.022631172090768814,0.00010992668103426695
554,0.11644729971885681,0.0927174910902977,0.02263062074780464,0.00010991815361194313
555,0.11644672602415085,0.09271755069494247,0.022630076855421066,0.00010991021554218605
556,0.11644616723060608,0.09271761029958725,0.02262953296303749,0.00010990220471285284
557,0.11644560098648071,0.09271766990423203,0.022628994658589363,0.0001098941356758587
558,0.11644503474235535,0.09271770715713501,0.022628463804721832,0.00010988666326738894
559,0.11644448339939117,0.092717744410038,0.022627951577305794,0.00010987885616486892
560,0.1164439246058464,0.09271777421236038,0.02262743189930916,0.00010987137648044154
561,0.11644336581230164,0.09271781891584396,0.022626906633377075,0.00010986420238623396
562,0.11644282191991806,0.09271785616874695,0.022626401856541634,0.00010985656263073906
563,0.1164422556757927,0.09271787106990814,0.022625887766480446,0.00010984983964590356
564,0.11644168943166733,0.09271787852048874,0.022625388577580452,0.00010984260006807745
565,0.11644116789102554,0.09271790832281113,0.022624898701906204,0.00010983557149302214
566,0.11644059419631958,0.09271790832281113,0.02262439951300621,0.00010982936510117725
567,0.116440050303936,0.09271793067455292,0.022623900324106216,0.00010982204548781738
568,0.11643950641155243,0.09271793812513351,0.022623416036367416,0.00010981581726809964
569,0.11643895506858826,0.09271792322397232,0.022622935473918915,0.00010980976367136464
570,0.11643841862678528,0.09271792322397232,0.02262246422469616,0.00010980269871652126
571,0.11643785983324051,0.09271790087223053,0.022621991112828255,0.00010979727085214108
572,0.11643733084201813,0.09271790832281113,0.022621510550379753,0.00010979091166518629
573,0.11643677204847336,0.09271787852048874,0.022621048614382744,0.00010978458158206195
574,0.11643625050783157,0.09271787852048874,0.022620584815740585,0.00010977942292811349
575,0.1164357140660286,0.09271784871816635,0.02262013405561447,0.00010977308556903154
576,0.11643517762422562,0.09271781891584396,0.022619685158133507,0.00010976746852975339
577,0.11643464118242264,0.09271778911352158,0.022619223222136497,0.00010976252087857574
578,0.11643409729003906,0.09271776676177979,0.022618768736720085,0.00010975618351949379
579,0.11643356084823608,0.0927177295088768,0.02261831983923912,0.00010975170880556107
580,0.1164330318570137,0.09271768480539322,0.0226178877055645,0.00010974600445479155
581,0.11643250286579132,0.09271764010190964,0.02261745184659958,0.00010974080942105502
582,0.11643198132514954,0.09271760284900665,0.02261701412498951,0.00010973626194754615
583,0.11643145233392715,0.09271757304668427,0.022616572678089142,0.00010973068128805608
584,0.11643092334270477,0.09271751344203949,0.02261614426970482,0.00010972628660965711
585,0.11643040180206299,0.09271746128797531,0.022615723311901093,0.00010972177551593632
586,0.11642985045909882,0.09271738678216934,0.022615298628807068,0.00010971619485644624
587,0.11642935127019882,0.09271734207868576,0.02261488139629364,0.00010971271694870666
588,0.11642882227897644,0.09271728247404099,0.022614464163780212,0.00010970753646688536
589,0.11642829328775406,0.09271722286939621,0.022614043205976486,0.0001097031999961473
590,0.11642777174711227,0.09271714836359024,0.022613627836108208,0.00010969952563755214
591,0.11642725765705109,0.09271708875894547,0.022613227367401123,0.00010969425784423947
592,0.1164267361164093,0.0927170068025589,0.022612817585468292,0.00010969123104587197
593,0.11642623692750931,0.09271695464849472,0.02261241152882576,0.00010968647984554991
594,0.11642570793628693,0.09271686524152756,0.022612009197473526,0.00010968260903609917
595,0.11642520874738693,0.09271679818630219,0.02261161431670189,0.00010967942216666415
596,0.11642469465732574,0.09271673113107681,0.022611219435930252,0.00010967440175591037
597,0.11642417311668396,0.09271663427352905,0.022610820829868317,0.000109671957034152
598,0.11642365902662277,0.09271655231714249,0.022610435262322426,0.0001096674968721345
599,0.11642316728830338,0.09271647781133652,0.022610044106841087,0.00010966420086333528
600,0.116422638297081,0.09271638840436935,0.0226096473634243,0.00010966099216602743
601,0.1164221316576004,0.09271629899740219,0.02260926552116871,0.00010965709952870384
602,0.1164216473698616,0.09271620959043503,0.022608892992138863,0.00010965442197630182
603,0.11642114073038101,0.09271612018346786,0.022608516737818718,0.00010965049295919016
604,0.11642063409090042,0.09271601587533951,0.022608138620853424,0.0001096476407838054
605,0.11642014235258102,0.09271593391895294,0.02260775677859783,0.0001096446139854379
606,0.11641962826251984,0.09271583706140518,0.022607382386922836,0.0001096412306651473
607,0.11641914397478104,0.09271574765443802,0.02260700985789299,0.00010963877866743132
608,0.11641863733530045,0.09271563589572906,0.02260665036737919,0.00010963523527607322
609,0.11641814559698105,0.0927155390381813,0.022606275975704193,0.00010963288514176384
610,0.11641763895750046,0.09271543473005295,0.022605907171964645,0.00010962990927509964
611,0.11641714721918106,0.09271533042192459,0.022605543956160545,0.00010962718806695193
612,0.11641665548086166,0.09271522611379623,0.022605180740356445,0.00010962476517306641
613,0.11641617119312286,0.09271512180566788,0.02260482683777809,0.00010962170927086845
614,0.11641566455364227,0.09271499514579773,0.022604472935199738,0.00010961975203827024
615,0.11641517281532288,0.09271489828824997,0.02260410785675049,0.0001096168125513941
616,0.11641468107700348,0.09271478652954102,0.022603753954172134,0.00010961462976410985
617,0.11641419678926468,0.09271468967199326,0.022603388875722885,0.00010961251973640174
618,0.11641371995210648,0.0927145704627037,0.022603055462241173,0.00010960944200633094
619,0.11641323566436768,0.09271445125341415,0.02260269969701767,0.00010960815416183323
620,0.11641274392604828,0.0927143394947052,0.02260235697031021,0.00010960510553559288
621,0.11641226708889008,0.09271422773599625,0.022602004930377007,0.0001096033156500198
622,0.11641179025173187,0.09271411597728729,0.02260165847837925,0.00010960157669615
623,0.11641132086515427,0.09271400421857834,0.022601325064897537,0.00010959855717374012
624,0.11641083657741547,0.09271387755870819,0.02260097675025463,0.00010959782230202109
625,0.11641035974025726,0.09271376579999924,0.022600652649998665,0.0001095944462576881
626,0.11640986800193787,0.09271363168954849,0.022600296884775162,0.00010959378414554521
627,0.11640940606594086,0.09271352738142014,0.0225999653339386,0.00010959096834994853
628,0.11640892177820206,0.09271340072154999,0.02259962260723114,0.00010958983330056071
629,0.11640844494104385,0.09271326661109924,0.022599302232265472,0.00010958749044220895
630,0.11640799045562744,0.09271315485239029,0.022598974406719208,0.00010958611528621987
631,0.11640749871730804,0.09271302074193954,0.022598635405302048,0.0001095843908842653
632,0.11640703678131104,0.09271291643381119,0.022598298266530037,0.00010958227358059958
633,0.11640657484531403,0.09271278977394104,0.022597966715693474,0.000109581567812711
634,0.11640611290931702,0.09271266311407089,0.02259766310453415,0.00010957846097880974
635,0.11640564352273941,0.09271252900362015,0.022597329691052437,0.00010957865015370771
636,0.1164051815867424,0.0927124172449112,0.02259700559079647,0.00010957542690448463
637,0.1164047047495842,0.09271228313446045,0.022596675902605057,0.00010957525228150189
638,0.11640425026416779,0.0927121639251709,0.02259635552763939,0.0001095730549423024
639,0.11640378832817078,0.09271203726530075,0.02259604074060917,0.00010957150516333058
640,0.11640333384275436,0.09271190315485,0.022595718502998352,0.00010957087215501815
641,0.11640287190675735,0.09271178394556046,0.02259540557861328,0.00010956816549878567
642,0.11640242487192154,0.0927116647362709,0.022595077753067017,0.00010956839832942933
643,0.11640195548534393,0.09271153807640076,0.022594766691327095,0.00010956517508020625
644,0.11640148609876633,0.09271138906478882,0.02259444072842598,0.00010956608457490802
645,0.11640104651451111,0.09271127730607986,0.0225941501557827,0.00010956223559333012
646,0.1164005845785141,0.09271112829446793,0.022593822330236435,0.00010956358892144635
647,0.11640014499425888,0.09271103143692017,0.02259351685643196,0.00010955989273497835
648,0.11639971286058426,0.09271089732646942,0.02259320579469204,0.00010956067853840068
649,0.11639924347400665,0.09271076321601868,0.022592902183532715,0.00010955800826195627
650,0.11639878153800964,0.09271061420440674,0.022592589259147644,0.00010955749166896567
651,0.11639834940433502,0.09271050244569778,0.02259228564798832,0.00010955649486277252
652,0.1163979023694992,0.09271037578582764,0.022591983899474144,0.00010955421748803928
653,0.11639746278524399,0.09271024167537689,0.022591665387153625,0.00010955521429423243
654,0.11639701575040817,0.09271012991666794,0.022591380402445793,0.00010955070320051163
655,0.11639657616615295,0.092709980905056,0.022591054439544678,0.00010955434117931873
656,0.11639612168073654,0.09270986169576645,0.022590791806578636,0.00010954697791021317
657,0.11639569699764252,0.09270972013473511,0.022590436041355133,0.00010955372999887913
658,0.1163952425122261,0.09270962327718735,0.022590192034840584,0.00010954294702969491
659,0.11639481782913208,0.09270944446325302,0.022589830681681633,0.00010955375182675198
660,0.11639436334371567,0.09270936995744705,0.02258962020277977,0.00010953778109978884
661,0.11639393121004105,0.09270916879177094,0.02258921042084694,0.00010955554898828268
662,0.11639350652694702,0.09270914644002914,0.02258905954658985,0.00010953017772408202
663,0.1163930743932724,0.09270890057086945,0.022588569670915604,0.00010956072947010398
664,0.11639264225959778,0.09270893782377243,0.022588521242141724,0.00010951801959890872
665,0.11639222502708435,0.09270858019590378,0.022587914019823074,0.00010957239283015952
666,0.11639179289340973,0.0927087664604187,0.022588063031435013,0.00010949657007586211
667,0.11639135330915451,0.09270820766687393,0.02258717268705368,0.0001095975239877589
668,0.11639092862606049,0.09270867705345154,0.022587692365050316,0.00010945572284981608
669,0.11639050394296646,0.09270772337913513,0.022586261853575706,0.00010965143883368
670,0.11639007180929184,0.0927087664604187,0.02258758433163166,0.00010937233309959993
671,0.11638964712619781,0.09270695596933365,0.02258499711751938,0.00010976944031426683
672,0.11638923734426498,0.0927092656493187,0.022588031366467476,0.0001091945159714669
673,0.11638884246349335,0.09270559996366501,0.022582901641726494,0.00011003362305928022
674,0.11638845503330231,0.0927107110619545,0.022589735686779022,0.00010880063200602308
675,0.11638813465833664,0.09270276874303818,0.02257889322936535,0.00011064697901019827
676,0.11638793349266052,0.09271439909934998,0.022594494745135307,0.00010790376109071076
677,0.11638806760311127,0.09269644320011139,0.022570248693227768,0.00011213689867872745
678,0.11638891696929932,0.09272371232509613,0.022606778889894485,0.00010584316623862833
679,0.1163916066288948,0.09268137067556381,0.02255028299987316,0.00011599501158343628
680,0.11639879643917084,0.09274724125862122,0.02263861894607544,0.00010129335714736953
681,0.11641743034124374,0.09264418482780457,0.022502822801470757,0.0001270419015781954
682,0.11646433174610138,0.09280761331319809,0.02272394485771656,9.327771113021299e-05
683,0.11658217012882233,0.09255407750606537,0.022394146770238876,0.0001633943902561441
684,0.11685697734355927,0.09295464307069778,0.02296048030257225,9.418540867045522e-05
685,0.1174531951546669,0.09237953275442123,0.02219710871577263,0.0002876555663533509
686,0.11840144544839859,0.09320356696844101,0.023529816418886185,0.00016680550470482558
687,0.11939692497253418,0.09227874130010605,0.022031858563423157,0.000508632161654532
688,0.11906791478395462,0.09325350075960159,0.02382516674697399,0.00019892436102963984
689,0.11743072420358658,0.09260491281747818,0.022107932716608047,0.00027178763411939144
690,0.11639735102653503,0.0929020568728447,0.022467387840151787,0.00010279076377628371
691,0.1172395721077919,0.09322919696569443,0.023039622232317924,9.707488788990304e-05
692,0.11775413155555725,0.09273725003004074,0.021997569128870964,0.0003019309660885483
693,0.11671794950962067,0.09310460835695267,0.022833090275526047,7.80256450525485e-05
694,0.11656221002340317,0.09307853132486343,0.022714197635650635,7.694785017520189e-05
695,0.11725658923387527,0.09281878918409348,0.022060681134462357,0.0002377116325078532
696,0.1167435571551323,0.0931495949625969,0.02283405512571335,7.599073433084413e-05
697,0.11646322160959244,0.09305095672607422,0.02261877804994583,7.934837776701897e-05
698,0.11696431785821915,0.09280956536531448,0.022157540544867516,0.00019972077279817313
699,0.11661043763160706,0.09300404042005539,0.022862987592816353,7.434121653204784e-05
700,0.1164717748761177,0.09294306486845016,0.02273961901664734,7.890923006925732e-05
701,0.11680421978235245,0.09277838468551636,0.02223394066095352,0.00017918951925821602
702,0.1164865642786026,0.09293700009584427,0.02276409976184368,7.854610885260627e-05
703,0.11651422083377838,0.0929110124707222,0.022825155407190323,7.780522719258443e-05
704,0.11667870730161667,0.09273148328065872,0.022323789075016975,0.0001623434800421819
705,0.11641819030046463,0.09283699095249176,0.02269895002245903,8.822425297694281e-05
706,0.11655396223068237,0.09289371967315674,0.022889485582709312,7.707519398536533e-05
707,0.11655878275632858,0.09277184307575226,0.022358380258083344,0.00014285599172580987
708,0.11640864610671997,0.09284757822751999,0.02254355698823929,0.00010175097122555599
709,0.11655806005001068,0.0929245576262474,0.022862447425723076,7.710501085966825e-05
710,0.11646036058664322,0.09280475229024887,0.022433564066886902,0.0001222042046720162
711,0.11643596738576889,0.09283506870269775,0.022452548146247864,0.00011483511480037123
712,0.11651960760354996,0.09295326471328735,0.02278279699385166,7.835466385586187e-05
713,0.11640775203704834,0.09288368374109268,0.0224772859364748,0.00010467805259395391
714,0.11646340787410736,0.09285733848810196,0.022374067455530167,0.00012319978850428015
715,0.11646129935979843,0.09294399619102478,0.022697316482663155,8.199887088267133e-05
716,0.11640098690986633,0.09289653599262238,0.022567564621567726,9.368874452775344e-05
717,0.11646493524312973,0.0928371399641037,0.022378996014595032,0.00012488028733059764
718,0.11641507595777512,0.09291204065084457,0.022615214809775352,8.878157677827403e-05
719,0.11641422659158707,0.09290707111358643,0.022615786641836166,8.913619967643172e-05
720,0.11644309014081955,0.09282061457633972,0.02240905538201332,0.00012134206190239638
721,0.1163947805762291,0.09284403175115585,0.022575855255126953,9.748937736731023e-05
722,0.11642228066921234,0.09285994619131088,0.022672781720757484,8.89553630258888e-05
723,0.11641676723957062,0.09278911352157593,0.02246624231338501,0.00011614100367296487
724,0.11639232188463211,0.09279657900333405,0.02253829687833786,0.00010574467887636274
725,0.11641842126846313,0.09282966703176498,0.022675206884741783,9.135439177043736e-05
726,0.11639875918626785,0.09276857227087021,0.022512318566441536,0.00011178677959833294
727,0.11639431118965149,0.09274862706661224,0.022529348731040955,0.0001116333223762922
728,0.11640865355730057,0.09278687089681625,0.022673023864626884,9.487570059718564e-05
729,0.11638988554477692,0.09275781363248825,0.022541573271155357,0.00010904979717452079
730,0.11639423668384552,0.09273847192525864,0.022508494555950165,0.00011472664482425898
731,0.11639931797981262,0.09277164191007614,0.02264139987528324,9.862796287052333e-05
732,0.11638586223125458,0.09275172650814056,0.02255752496421337,0.00010766106424853206
733,0.11639191210269928,0.09272585809230804,0.02250942587852478,0.000115663067845162
734,0.11639256775379181,0.09275402128696442,0.02262013778090477,0.0001018405964714475
735,0.11638334393501282,0.09275171160697937,0.02255961298942566,0.00010720187128754333
736,0.11638898402452469,0.09273145347833633,0.02250353991985321,0.0001153989287558943
737,0.11638786643743515,0.0927463099360466,0.02259908989071846,0.00010424594802316278
738,0.11638130992650986,0.09274080395698547,0.02256673574447632,0.00010737701813923195
739,0.1163863018155098,0.09272217750549316,0.022516779601573944,0.00011473415361251682
740,0.1163843423128128,0.09273374080657959,0.022592056542634964,0.00010585481504676864
741,0.11637970805168152,0.09273269772529602,0.022566890344023705,0.00010801213647937402
742,0.11638397723436356,0.09271887689828873,0.02252347581088543,0.00011416199413361028
743,0.11638160794973373,0.09272239357233047,0.022590316832065582,0.00010688959446270019
744,0.11637847125530243,0.09271510690450668,0.022574469447135925,0.00010888986435020342
745,0.11638174951076508,0.09270593523979187,0.022537322714924812,0.00011384971003280953
746,0.1163794994354248,0.09271324425935745,0.022590521723031998,0.00010757319250842556
747,0.11637739837169647,0.09270694851875305,0.02257232367992401,0.0001098122593248263
748,0.11637961864471436,0.0927000641822815,0.022542091086506844,0.0001137464350904338
749,0.11637784540653229,0.09270554035902023,0.022591903805732727,0.00010803981422213838
750,0.11637633293867111,0.09269620478153229,0.022574301809072495,0.00011058201198466122
751,0.11637765914201736,0.09269340336322784,0.02254747413098812,0.00011367792467353866
752,0.11637651175260544,0.09270425140857697,0.02258879877626896,0.00010834640852408484
753,0.11637521535158157,0.09269542992115021,0.022568676620721817,0.00011111135972896591
754,0.11637593805789948,0.09269186109304428,0.022549133747816086,0.00011349493433954194
755,0.11637533456087112,0.09270163625478745,0.02258870378136635,0.00010849930549738929
756,0.11637408286333084,0.09269239753484726,0.022567972540855408,0.00011137106048408896
757,0.1163744255900383,0.0926913470029831,0.022551817819476128,0.00011312597780488431
758,0.11637416481971741,0.09270340949296951,0.02258528769016266,0.00010854656284209341
759,0.11637300252914429,0.09269405156373978,0.022564668208360672,0.00011142758739879355
760,0.11637305468320847,0.09269115328788757,0.022555945441126823,0.00011259565508225933
761,0.1163729876279831,0.09270129352807999,0.022586286067962646,0.000108541120425798
762,0.11637195199728012,0.09269317984580994,0.022565148770809174,0.00011136237299069762
763,0.11637181788682938,0.09269239753484726,0.022559581324458122,0.00011198383435839787
764,0.11637179553508759,0.09270205348730087,0.022584062069654465,0.0001085682088159956
765,0.11637095361948013,0.09269378334283829,0.022564534097909927,0.00011126352910650894
766,0.11637066304683685,0.09269218891859055,0.022564774379134178,0.0001113700054702349
767,0.11637061834335327,0.09269993007183075,0.02258402295410633,0.00010866636148421094
768,0.11636998504400253,0.09269386529922485,0.022564396262168884,0.00011117204849142581
769,0.1163695678114891,0.09269428998231888,0.0225671399384737,0.00011081415141234174
770,0.11636944860219955,0.0927000567317009,0.02258084900677204,0.00010885478695854545
771,0.11636900901794434,0.09269403666257858,0.022564083337783813,0.00011108860053354874
772,0.11636850237846375,0.09269457310438156,0.02257060632109642,0.0001103327886085026
773,0.11636831611394882,0.09269877523183823,0.022578494623303413,0.00010910473793046549
774,0.11636801064014435,0.09269493818283081,0.022563239559531212,0.0001109830045606941
775,0.11636750400066376,0.09269662946462631,0.022571543231606483,0.00010993338219122961
776,0.11636722087860107,0.09269828349351883,0.02257513254880905,0.0001093805258278735
777,0.11636696755886078,0.09269478172063828,0.022564005106687546,0.00011081877164542675
778,0.11636652797460556,0.09269681572914124,0.022573623806238174,0.00010960954386973754
779,0.1163661777973175,0.0926973894238472,0.02257237397134304,0.00010964098328258842
780,0.1163659393787384,0.09269573539495468,0.02256435714662075,0.00011058434029109776
781,0.11636557430028915,0.09269777685403824,0.02257407456636429,0.0001093722166842781
782,0.11636515706777573,0.09269633889198303,0.022570237517356873,0.0001098584252758883
783,0.11636491864919662,0.09269558638334274,0.022566432133316994,0.00011028993321815506
784,0.11636458337306976,0.09269771724939346,0.022574543952941895,0.00010923224908765405
785,0.11636420339345932,0.09269601851701736,0.022568000480532646,0.0001100181762012653
786,0.11636389046907425,0.09269662201404572,0.022567519918084145,0.00010997481876984239
787,0.11636359989643097,0.09269785135984421,0.022573716938495636,0.00010920324712060392
788,0.11636325716972351,0.09269537031650543,0.022566795349121094,0.00011010895832441747
789,0.11636289954185486,0.09269696474075317,0.02256910130381584,0.00010968307469738647
790,0.11636260151863098,0.09269785135984421,0.022571953013539314,0.0001092799793696031
791,0.11636228859424591,0.09269575029611588,0.022565249353647232,0.00011012818140443414
792,0.11636193096637726,0.09269776195287704,0.02256959304213524,0.00010945762187475339
793,0.11636161804199219,0.09269735962152481,0.022569900378584862,0.00010943577217403799
794,0.11636130511760712,0.09269558638334274,0.022565003484487534,0.0001100717272493057
795,0.11636098474264145,0.09269797056913376,0.022569764405488968,0.00010932432633126155
796,0.11636064201593399,0.09269702434539795,0.022567380219697952,0.00010962435771944001
797,0.11636034399271011,0.09269595146179199,0.02256488800048828,0.00010995061893481761
798,0.11636002361774445,0.09269770979881287,0.022569388151168823,0.00010929252312052995
799,0.11635971069335938,0.09269605576992035,0.02256578579545021,0.0001097869680961594
800,0.11635937541723251,0.09269586950540543,0.022565633058547974,0.00010978754289681092
801,0.11635906249284744,0.09269722551107407,0.02256832644343376,0.00010935110913123935
802,0.11635875701904297,0.09269557893276215,0.022564413025975227,0.00010987645509885624
803,0.11635842174291611,0.09269589185714722,0.02256629429757595,0.00010962301166728139
804,0.11635812371969223,0.09269632399082184,0.02256711758673191,0.0001094685576390475
805,0.11635781079530716,0.09269505739212036,0.02256406471133232,0.0001098682259907946
806,0.11635749042034149,0.0926959365606308,0.022566543892025948,0.00010950097203021869
807,0.11635717004537582,0.09269582480192184,0.022565336897969246,0.00010960079816868529
808,0.11635686457157135,0.09269514679908752,0.022563958540558815,0.00010977598140016198
809,0.11635655164718628,0.09269583225250244,0.022566193714737892,0.00010945271060336381
810,0.11635623872280121,0.09269533306360245,0.022563911974430084,0.00010969930735882372
811,0.11635592579841614,0.0926954448223114,0.022564062848687172,0.00010964165267068893
812,0.11635562032461166,0.09269586950540543,0.02256491780281067,0.00010948331328108907
813,0.116355299949646,0.09269532561302185,0.02256268635392189,0.00010972916061291471
814,0.11635498702526093,0.09269573539495468,0.022564033046364784,0.00010952213051496074
815,0.11635468900203705,0.09269558638334274,0.022563474252820015,0.00010956307960441336
816,0.11635439097881317,0.09269542247056961,0.022562138736248016,0.0001096827836590819
817,0.1163540706038475,0.0926959440112114,0.022563492879271507,0.00010946344264084473
818,0.11635375767946243,0.09269540011882782,0.022561948746442795,0.00010964057582896203
819,0.11635345220565796,0.09269555658102036,0.022562019526958466,0.00010958765778923407
820,0.11635313928127289,0.0926956906914711,0.022562675178050995,0.00010947725968435407
821,0.11635283380746841,0.09269514679908752,0.022561030462384224,0.00010966594709316269
822,0.11635252833366394,0.0926956757903099,0.022561918944120407,0.00010949397255899385
823,0.11635223031044006,0.09269540756940842,0.022561460733413696,0.00010953593300655484
824,0.11635193228721619,0.09269509464502335,0.022560615092515945,0.00010962162195937708
825,0.11635161191225052,0.09269556403160095,0.02256159856915474,0.00010944539099000394
826,0.11635131388902664,0.09269507229328156,0.022560378536581993,0.00010958638449665159
827,0.11635100096464157,0.09269522875547409,0.022560449317097664,0.0001095327315852046
828,0.1163507029414177,0.09269546717405319,0.022560689598321915,0.00010945436952169985
829,0.11635039001703262,0.09269499033689499,0.022559555247426033,0.00010958467464661226
830,0.11635010689496994,0.09269539266824722,0.022560209035873413,0.00010945036046905443
831,0.11634979397058487,0.09269529581069946,0.022559575736522675,0.00010949224088108167
832,0.11634949594736099,0.09269518405199051,0.022559069097042084,0.00010952448792522773
833,0.11634919047355652,0.09269554913043976,0.022559480741620064,0.00010941594518953934
834,0.11634888499975204,0.09269528090953827,0.02255849912762642,0.00010951056174235418
835,0.11634858697652817,0.09269542992115021,0.022558724507689476,0.00010944334644591436
836,0.1163482740521431,0.09269551932811737,0.022558465600013733,0.00010942899098154157
837,0.11634799093008041,0.09269540756940842,0.02255779132246971,0.00010947928967652842
838,0.11634768545627594,0.09269563853740692,0.02255813032388687,0.00010939190542558208
839,0.11634738743305206,0.09269549697637558,0.02255740389227867,0.0001094487015507184
840,0.11634708940982819,0.09269555658102036,0.02255738526582718,0.00010941453365376219
841,0.11634678393602371,0.09269560873508453,0.022557292133569717,0.00010938856576103717
842,0.11634649336338043,0.09269551932811737,0.022556649520993233,0.00010943293455056846
843,0.11634618788957596,0.0926956757903099,0.022556884214282036,0.00010936252510873601
844,0.11634589731693268,0.09269553422927856,0.022556327283382416,0.00010940392530756071
845,0.1163455918431282,0.09269558638334274,0.022556202486157417,0.00010938045306829736
846,0.11634530872106552,0.09269563853740692,0.022556154057383537,0.00010935146565316245
847,0.11634500324726105,0.09269551187753677,0.022555558010935783,0.00010939348430838436
848,0.11634469777345657,0.0926956906914711,0.02255570888519287,0.00010933017620118335
849,0.1163444072008133,0.09269555658102036,0.02255522832274437,0.00010936234320979565
850,0.11634412407875061,0.09269561618566513,0.022555038332939148,0.00010934679448837414
851,0.11634381860494614,0.0926957055926323,0.02255496382713318,0.00010931486031040549
852,0.11634352803230286,0.09269558638334274,0.022554419934749603,0.00010935233876807615
853,0.11634322255849838,0.09269575774669647,0.02255447767674923,0.00010929885320365429
854,0.1163429319858551,0.0926956906914711,0.02255403622984886,0.00010932084114756435
855,0.11634264141321182,0.09269571304321289,0.022553827613592148,0.0001093096798285842
856,0.11634234338998795,0.09269580990076065,0.022553710266947746,0.00010928227129625157
857,0.11634206026792526,0.09269573539495468,0.022553235292434692,0.00010930861753877252
858,0.11634176969528198,0.09269586950540543,0.0225532203912735,0.0001092676684493199
859,0.1163414716720581,0.09269582480192184,0.022552810609340668,0.00010928346455330029
860,0.11634118854999542,0.09269584715366364,0.02255263738334179,0.00010926988761639223
861,0.11634087562561035,0.09269589185714722,0.022552452981472015,0.00010925337846856564
862,0.11634059250354767,0.09269585460424423,0.022552065551280975,0.00010926743561867625
863,0.11634030193090439,0.0926959440112114,0.0225520096719265,0.0001092353486455977
864,0.11634000390768051,0.09269588440656662,0.022551601752638817,0.0001092513557523489
865,0.11633972823619843,0.0926959440112114,0.022551480680704117,0.0001092299644369632
866,0.11633942276239395,0.0926959291100502,0.022551223635673523,0.0001092269376385957
867,0.11633913964033127,0.0926959440112114,0.0225509200245142,0.00010922804358415306
868,0.11633884906768799,0.09269600361585617,0.02255079708993435,0.00010920488421106711
869,0.11633853614330292,0.0926959291100502,0.022550420835614204,0.00010921901412075385
870,0.11633826047182083,0.09269601106643677,0.022550314664840698,0.00010919320629909635
871,0.11633799225091934,0.09269600361585617,0.022549990564584732,0.00010919927444774657
872,0.11633768677711487,0.09269603341817856,0.02254975587129593,0.00010918943007709458
873,0.11633738875389099,0.09269606322050095,0.022549564018845558,0.00010917612962657586
874,0.1163371130824089,0.09269603341817856,0.02254924550652504,0.00010918339830823243
875,0.11633682996034622,0.09269612282514572,0.022549111396074295,0.0001091594313038513
876,0.11633652448654175,0.09269607067108154,0.02254876121878624,0.0001091690719476901
877,0.11633623391389847,0.09269614517688751,0.02254858985543251,0.00010915038728853688
878,0.11633593589067459,0.09269614517688751,0.022548304870724678,0.00010914913582382724
879,0.1163356602191925,0.0926961600780487,0.022548066452145576,0.00010914359154412523
880,0.11633537709712982,0.09269620478153229,0.022547872737050056,0.00010912992729572579
881,0.11633510142564774,0.09269620478153229,0.022547557950019836,0.0001091337762773037
882,0.11633479595184326,0.09269624948501587,0.022547394037246704,0.00010911508434219286
883,0.11633451282978058,0.09269623458385468,0.022547079250216484,0.00010911975550698116
884,0.1163342297077179,0.09269627928733826,0.022546911612153053,0.00010910383571172133
885,0.11633393913507462,0.09269627928733826,0.02254663221538067,0.00010910288256127387
886,0.11633364856243134,0.09269630163908005,0.022546399384737015,0.00010909433331107721
887,0.11633337289094925,0.09269633144140244,0.022546185180544853,0.0001090855585061945
888,0.11633308231830597,0.09269633144140244,0.02254590392112732,0.00010908442345680669
889,0.11633281409740448,0.09269639104604721,0.022545723244547844,0.00010906950774369761
890,0.11633250117301941,0.09269636124372482,0.022545423358678818,0.0001090723235392943
891,0.11633222550153732,0.0926964208483696,0.022545240819454193,0.00010905623639700934
892,0.11633194983005524,0.0926964208483696,0.022544950246810913,0.00010905765520874411
893,0.11633164435625076,0.09269644320011139,0.022544750943779945,0.00010904484952334315
894,0.11633136123418808,0.09269646555185318,0.022544484585523605,0.00010904177906922996
895,0.11633109301328659,0.09269649535417557,0.02254425548017025,0.00010903368092840537
896,0.11633080244064331,0.09269651770591736,0.022544028237462044,0.00010902595386141911
897,0.11633052676916122,0.09269654005765915,0.022543761879205704,0.0001090223086066544
898,0.11633023619651794,0.09269656985998154,0.02254355326294899,0.0001090105579351075
899,0.11632994562387466,0.09269656985998154,0.022543277591466904,0.00010901023051701486
900,0.11632967740297318,0.09269662201404572,0.02254309318959713,0.00010899600601987913
901,0.1163293793797493,0.09269660711288452,0.022542795166373253,0.00010899716289713979
902,0.11632910370826721,0.0926966667175293,0.022542612627148628,0.00010898246546275914
903,0.11632882058620453,0.0926966667175293,0.0225423201918602,0.00010898333857767284
904,0.11632853001356125,0.09269670397043228,0.022542133927345276,0.00010896953608607873
905,0.11632825434207916,0.09269670397043228,0.022541861981153488,0.00010896891035372391
906,0.11632797122001648,0.09269674122333527,0.022541657090187073,0.00010895713057834655
907,0.1163276806473732,0.09269674867391586,0.022541387006640434,0.00010895459854509681
908,0.11632739752531052,0.09269677847623825,0.022541174665093422,0.00010894441220443696
909,0.11632712185382843,0.09269680082798004,0.02254091389477253,0.00010894059960264713
910,0.11632683128118515,0.09269681572914124,0.022540699690580368,0.00010893146099988371
911,0.11632655560970306,0.09269683808088303,0.022540448233485222,0.00010892686987062916
912,0.11632627248764038,0.09269686788320541,0.022540217265486717,0.00010891842975979671
913,0.1163259893655777,0.09269688278436661,0.022539973258972168,0.00010891346028074622
914,0.1163257285952568,0.09269692748785019,0.02253974787890911,0.00010890500561799854
915,0.11632543057203293,0.09269692003726959,0.022539502009749413,0.00010890039993682876
916,0.11632513999938965,0.09269695729017258,0.02253926917910576,0.00010889150871662423
917,0.11632486432790756,0.09269697219133377,0.02253902144730091,0.00010888725228141993
918,0.11632458120584488,0.09269699454307556,0.02253880351781845,0.00010887821554206312
919,0.11632430553436279,0.09269701689481735,0.022538553923368454,0.00010887414828175679
920,0.1163240373134613,0.09269705414772034,0.022538332268595695,0.0001088646604330279
921,0.11632375419139862,0.09269705414772034,0.0225380789488554,0.00010886170639423653
922,0.11632347851991653,0.09269710630178452,0.022537868469953537,0.00010885043593589216
923,0.11632317304611206,0.09269708395004272,0.02253759279847145,0.00010885020310524851
924,0.11632289737462997,0.0926971361041069,0.022537412121891975,0.00010883493814617395
925,0.11632262170314789,0.09269711375236511,0.022537104785442352,0.00010884035873459652
926,0.1163223385810852,0.09269719570875168,0.022536974400281906,0.00010881738853640854
927,0.11632206290960312,0.0926971361041069,0.022536590695381165,0.00010883359209401533
928,0.11632178723812103,0.09269727021455765,0.022536562755703926,0.00010879552428377792
929,0.11632150411605835,0.0926971361041069,0.022536039352416992,0.00010883301729336381
930,0.11632122844457626,0.092697374522686,0.022536206990480423,0.00010876455780817196
931,0.11632096022367477,0.09269709140062332,0.022535404190421104,0.00010884637595154345
932,0.1163206696510315,0.09269755333662033,0.022535990923643112,0.00010871310223592445
933,0.11632039397954941,0.09269692748785019,0.022534560412168503,0.00010889078839682043
934,0.11632011085748672,0.09269789606332779,0.02253606542944908,0.00010861516057047993
935,0.11631983518600464,0.09269651025533676,0.022533264011144638,0.00010900667257374153
936,0.11631956696510315,0.0926986113190651,0.022536857053637505,0.000108409694803413
937,0.11631932109594345,0.09269550442695618,0.022530892863869667,0.00010929232666967437
938,0.11631909757852554,0.0927002802491188,0.022539323195815086,0.00010794947593240067
939,0.1163189634680748,0.0926930382847786,0.022525938227772713,0.00010999868391081691
940,0.11631902307271957,0.09270425885915756,0.022545982152223587,0.00010687806206988171
941,0.11631953716278076,0.09268692135810852,0.02251460589468479,0.00011180139699717984
942,0.11632128804922104,0.09271415323019028,0.022563453763723373,0.00010436816955916584
943,0.11632608622312546,0.09267156571149826,0.022487523034214973,0.00011670019011944532
944,0.11633867025375366,0.0927397832274437,0.02261047065258026,9.884184692054987e-05
945,0.11637168377637863,0.09263242036104202,0.02242295630276203,0.00013163105177227408
946,0.11645738780498505,0.09280884265899658,0.022745896130800247,9.026544285006821e-05
947,0.11668408662080765,0.09253488481044769,0.02228579670190811,0.00018634065054357052
948,0.11725804954767227,0.09300146996974945,0.02318190038204193,0.00010746822954388335
949,0.11869850009679794,0.09233134984970093,0.022143684327602386,0.00042234675493091345
950,0.12152300029993057,0.09347716718912125,0.024597670882940292,0.00034481676993891597
951,0.12557697296142578,0.09220688790082932,0.022549515590071678,0.0010820572497323155
952,0.12479604780673981,0.09374012798070908,0.02569296583533287,0.0005362959345802665
953,0.11853174865245819,0.09274640679359436,0.022170299664139748,0.0003615041496232152
954,0.11720570176839828,0.09307493269443512,0.02187633328139782,0.00022544317471329123
955,0.1204591691493988,0.094081349670887,0.023807108402252197,0.0002570712531451136
956,0.11713342368602753,0.09328445792198181,0.022051334381103516,0.00017976343224290758
957,0.1181105375289917,0.09309220314025879,0.02188272587954998,0.0003135606530122459
958,0.11792057007551193,0.09375663846731186,0.023163342848420143,0.00010005873627960682
959,0.11698054522275925,0.09368034452199936,0.0227045938372612,5.9560876252362505e-05
960,0.11793941259384155,0.09328701347112656,0.021862803027033806,0.0002789593127090484
961,0.116679348051548,0.0933690294623375,0.02216653898358345,0.00011437742068665102
962,0.11766832321882248,0.09355191886425018,0.023277273401618004,8.391322626266629e-05
963,0.11664026975631714,0.09328919649124146,0.022754600271582603,5.964709271211177e-05
964,0.11731863766908646,0.09304186701774597,0.022184304893016815,0.00020924679120071232
965,0.11671445518732071,0.09314975887537003,0.022466007620096207,0.00010986856796080247
966,0.11704753339290619,0.09334292262792587,0.02308637462556362,6.182355718920007e-05
967,0.11675988882780075,0.09321170300245285,0.02291135862469673,6.368227332131937e-05
968,0.11684887856245041,0.09295354783535004,0.02246176078915596,0.00014335763989947736
969,0.11681682616472244,0.09297851473093033,0.022385548800230026,0.00014527654275298119
970,0.11667794734239578,0.09322609752416611,0.02278183028101921,6.700227822875604e-05
971,0.11685726046562195,0.09329767525196075,0.022973239421844482,5.863456317456439e-05
972,0.11656102538108826,0.09315788745880127,0.022438932210206985,9.642093937145546e-05
973,0.11685582250356674,0.09310435503721237,0.022132687270641327,0.00016187780420295894
974,0.11651424318552017,0.09320848435163498,0.022466327995061874,8.394366159336641e-05
975,0.11678484082221985,0.09333241730928421,0.022879133000969887,5.732914723921567e-05
976,0.11653732508420944,0.09331565350294113,0.02252848818898201,6.931822281330824e-05
977,0.11666721850633621,0.09321090579032898,0.022170215845108032,0.0001286099577555433
978,0.11658681184053421,0.09319125860929489,0.022328536957502365,0.00010670223855413496
979,0.11655940115451813,0.09326837956905365,0.02266894094645977,6.22078005108051e-05
980,0.11661284416913986,0.0932736024260521,0.022716227918863297,6.230086728464812e-05
981,0.11649749428033829,0.09315349906682968,0.022464264184236526,8.797301416052505e-05
982,0.11660339683294296,0.09310256689786911,0.02236831933259964,0.00011325095692882314
983,0.11647600680589676,0.09315567463636398,0.02250954508781433,8.107835310511291e-05
984,0.11656693369150162,0.0931842178106308,0.022758539766073227,6.24169988441281e-05
985,0.11647457629442215,0.0931076928973198,0.02265883982181549,7.080463547026739e-05
986,0.11652059108018875,0.09304017573595047,0.02241579070687294,0.00010646208102116361
987,0.11647592484951019,0.09305538982152939,0.022440385073423386,9.801505075301975e-05
988,0.11647714674472809,0.09311026334762573,0.02267559804022312,6.9128604081925e-05
989,0.11647161096334457,0.09311243146657944,0.022655600681900978,7.035781891318038e-05
990,0.11644353717565536,0.09304715692996979,0.022421225905418396,9.751512698130682e-05
991,0.11646310985088348,0.0930020734667778,0.022400274872779846,0.00010607607691781595
992,0.11641914397478104,0.09302636235952377,0.02257665991783142,8.161204459611326e-05
993,0.11645041406154633,0.09305247664451599,0.022635867819190025,7.620664837304503e-05
994,0.11640296131372452,0.09300332516431808,0.022472398355603218,9.272384340874851e-05
995,0.1164344847202301,0.09294476360082626,0.022398153319954872,0.00010915672464761883
996,0.11639208346605301,0.0929349958896637,0.022521961480379105,9.351275366498157e-05
997,0.11641713976860046,0.09293081611394882,0.0226589385420084,8.273904677480459e-05
998,0.1163838654756546,0.09288577735424042,0.022570066154003143,9.280250378651544e-05
999,0.11640142649412155,0.09285000711679459,0.022448061034083366,0.00011033566988771781
1000,0.1163763478398323,0.09284838289022446,0.022522063925862312,0.00010059048508992419
1001,0.11638892441987991,0.09284193068742752,0.022666120901703835,8.808742131805047e-05
1002,0.11636883020401001,0.09280772507190704,0.022606147453188896,9.54957795329392e-05
1003,0.11637933552265167,0.09278132021427155,0.02248544804751873,0.00011125631135655567
1004,0.11636225879192352,0.09278760105371475,0.022539518773555756,0.00010351353557780385
1005,0.11637146025896072,0.09280194342136383,0.022640753537416458,9.287703869631514e-05
1006,0.11635707318782806,0.09279008209705353,0.022569993510842323,9.970018436433747e-05
1007,0.11636490374803543,0.09276518225669861,0.022476131096482277,0.00011235928104724735
1008,0.11635319143533707,0.09276250749826431,0.02253398485481739,0.00010566980199655518
1009,0.11635982990264893,0.09277287125587463,0.022608496248722076,9.784638677956536e-05
1010,0.11635001003742218,0.09276153147220612,0.022541074082255363,0.00010474005102878436
1011,0.1163560003042221,0.0927402526140213,0.022472139447927475,0.00011436013301135972
1012,0.11634741723537445,0.09273704141378403,0.02252892404794693,0.00010814525739988312
1013,0.11635284870862961,0.09273289144039154,0.02259141020476818,0.00010285471944371238
1014,0.11634563654661179,0.09270526468753815,0.02254098653793335,0.0001099388173315674
1015,0.11635006219148636,0.09268367290496826,0.022500351071357727,0.00011660398740787059
1016,0.11634460091590881,0.09268530458211899,0.022556930780410767,0.00011023652768926695
1017,0.11634764075279236,0.0926797166466713,0.022595670074224472,0.00010722612933022901
1018,0.11634400486946106,0.09265536069869995,0.022545140236616135,0.00011435012856964022
1019,0.11634569615125656,0.09264109283685684,0.02252816967666149,0.00011764292139559984
1020,0.11634346097707748,0.0926433801651001,0.022587329149246216,0.00011127539619337767
1021,0.11634406447410583,0.09264059364795685,0.022598259150981903,0.00011052087938878685
1022,0.11634291708469391,0.09263226389884949,0.022541427984833717,0.00011692282714648172
1023,0.11634250730276108,0.0926336795091629,0.022539472207427025,0.00011693553096847609
1024,0.11634238064289093,0.09264015406370163,0.022588076069951057,0.00011141497088829055
1025,0.11634109914302826,0.09263845533132553,0.02257636748254299,0.00011262751650065184
1026,0.11634169518947601,0.09263507276773453,0.022531718015670776,0.00011749035184038803
1027,0.11633998900651932,0.09264232963323593,0.022546274587512016,0.00011513793288031593
1028,0.11634083092212677,0.09265222400426865,0.022575804963707924,0.00011128027836093679
1029,0.11633912473917007,0.09265121072530746,0.022549467161297798,0.00011384522804291919
1030,0.1163397952914238,0.09264674037694931,0.02252626046538353,0.00011668002844089642
1031,0.11633837968111038,0.09265084564685822,0.02255455031991005,0.00011329885455779731
1032,0.11633872240781784,0.09265520423650742,0.022569922730326653,0.00011135899694636464
1033,0.11633763462305069,0.09265130758285522,0.022541748359799385,0.00011445804557297379
1034,0.11633764952421188,0.09264954179525375,0.022535301744937897,0.00011528025061124936
1035,0.11633694171905518,0.09265381097793579,0.022563623264431953,0.00011195084516657516
1036,0.11633658409118652,0.0926523208618164,0.02256675437092781,0.00011175121471751481
1037,0.11633624136447906,0.09264611452817917,0.02254500240087509,0.00011451275349827483
1038,0.11633563041687012,0.09264783561229706,0.0225505568087101,0.00011372381413821131
1039,0.11633552610874176,0.09265356510877609,0.022570420056581497,0.00011115385859739035
1040,0.11633477360010147,0.0926525741815567,0.022560589015483856,0.0001121613968280144
1041,0.11633472144603729,0.09265045076608658,0.02254476398229599,0.00011395092587918043
1042,0.11633402109146118,0.09265442937612534,0.022557556629180908,0.00011220348096685484
1043,0.11633393168449402,0.09265835583209991,0.022568371146917343,0.00011071992048528045
1044,0.11633331328630447,0.0926586240530014,0.02255191281437874,0.00011227792128920555
1045,0.11633312702178955,0.09266115725040436,0.022543326020240784,0.00011286466906312853
1046,0.11633262783288956,0.09266645461320877,0.02255723811686039,0.00011089370673289523
1047,0.11633233726024628,0.09266845136880875,0.022558661177754402,0.0001105227493098937
1048,0.11633197218179703,0.09266776591539383,0.022544052451848984,0.00011201592133147642
1049,0.11633157730102539,0.09267017245292664,0.022545594722032547,0.00011158169945701957
1050,0.1163313090801239,0.09267444163560867,0.022556710988283157,0.00011001552775269374
1051,0.11633086949586868,0.0926753506064415,0.02255045808851719,0.00011050593457184732
1052,0.11633062362670898,0.0926743820309639,0.022541245445609093,0.0001114995829993859
1053,0.11633018404245377,0.09267589449882507,0.022549249231815338,0.00011050405009882525
1054,0.11632992327213287,0.09267766773700714,0.022555531933903694,0.00010967243724735454
1055,0.11632952094078064,0.09267683327198029,0.022546755149960518,0.00011059335520258173
1056,0.11632923781871796,0.09267687797546387,0.022543147206306458,0.00011092161730630323
1057,0.11632886528968811,0.09267920255661011,0.022551117464900017,0.00010985471453750506
1058,0.11632854491472244,0.09267952293157578,0.02255142293870449,0.00010975984332617372
1059,0.11632822453975677,0.09267791360616684,0.022543713450431824,0.00011065939906984568
1060,0.11632786691188812,0.09267880022525787,0.022544976323843002,0.0001104085604310967
1061,0.11632756888866425,0.09268095344305038,0.0225504320114851,0.00010961816587951034
1062,0.116327203810215,0.09268085658550262,0.022545989602804184,0.00011003518011420965
1063,0.11632691323757172,0.09268040210008621,0.022540602833032608,0.00011059021926485002
1064,0.11632654815912247,0.0926816314458847,0.022544873878359795,0.00011000429367413744
1065,0.1163262352347374,0.09268227219581604,0.022547373548150063,0.00010965895489789546
1066,0.11632589250802994,0.09268170595169067,0.022541537880897522,0.00011026496213162318
1067,0.11632557958364487,0.09268217533826828,0.022539852187037468,0.00011035498027922586
1068,0.11632523685693741,0.09268342703580856,0.022544365376234055,0.00010974511678796262
1069,0.11632492393255234,0.09268331527709961,0.02254329062998295,0.0001098316497518681
1070,0.11632461845874786,0.09268253296613693,0.022538870573043823,0.00011032135807909071
1071,0.11632426083087921,0.09268298745155334,0.02254081703722477,0.00011004573025275022
1072,0.11632397025823593,0.09268388897180557,0.022543402388691902,0.0001096678533940576
1073,0.11632362753152847,0.09268366545438766,0.02253982052206993,0.00011001419625245035
1074,0.116323322057724,0.09268342703580856,0.022537777200341225,0.00011021204409189522
1075,0.11632300168275833,0.09268411248922348,0.022540805861353874,0.00010980794468196109
1076,0.11632268130779266,0.09268432855606079,0.02254081889986992,0.00010975292389048263
1077,0.11632237583398819,0.09268390387296677,0.02253725565969944,0.0001101215384551324
1078,0.11632204800844193,0.09268436580896378,0.02253739722073078,0.00011002882092725486
1079,0.11632173508405685,0.09268520772457123,0.02253931388258934,0.00010972133895847946
1080,0.11632141470909119,0.09268494695425034,0.02253737300634384,0.00010990920418407768
1081,0.11632109433412552,0.09268458932638168,0.022535378113389015,0.0001101126690628007
1082,0.11632078886032104,0.09268516302108765,0.022537019103765488,0.00010986057895934209
1083,0.11632047593593597,0.09268546849489212,0.02253737300634384,0.00010976358316838741
1084,0.1163201630115509,0.09268515557050705,0.02253483049571514,0.00011001723032677546
1085,0.11631985753774643,0.09268529713153839,0.02253461815416813,0.00010999431106029078
1086,0.11631953716278076,0.09268563240766525,0.022536342963576317,0.00010975610348396003
1087,0.11631922423839569,0.09268541634082794,0.02253534644842148,0.00010984609252773225
1088,0.11631893366575241,0.092685267329216,0.022533681243658066,0.00010999841470038518
1089,0.11631861329078674,0.09268569201231003,0.022534683346748352,0.00010982398816850036
1090,0.11631830781698227,0.0926859900355339,0.02253512293100357,0.00010971923620672897
1091,0.1163179948925972,0.09268581867218018,0.022533399984240532,0.00010987708810716867
1092,0.11631768941879272,0.09268593043088913,0.022533133625984192,0.00010986263077938929
1093,0.11631737649440765,0.09268640726804733,0.022534191608428955,0.00010967809794237837
1094,0.11631707102060318,0.09268662333488464,0.02253328636288643,0.00010971684969263151
1095,0.1163167655467987,0.09268670529127121,0.022531896829605103,0.00010981613013427705
1096,0.11631645262241364,0.09268715232610703,0.02253243327140808,0.00010968680726364255
1097,0.11631615459918976,0.09268750995397568,0.022532647475600243,0.00010959956125589088
1098,0.11631586402654648,0.09268750250339508,0.02253134362399578,0.00010970126459142193
1099,0.116315558552742,0.09268774092197418,0.022530969232320786,0.00010968463175231591
1100,0.11631524562835693,0.09268821775913239,0.0225315410643816,0.00010954902245430276
1101,0.11631494760513306,0.09268832951784134,0.02253088355064392,0.00010957372433040291
1102,0.11631462723016739,0.09268829226493835,0.022529978305101395,0.0001096363048418425
1103,0.1163143441081047,0.09268857538700104,0.022530391812324524,0.00010953754826914519
1104,0.11631403118371964,0.09268873184919357,0.022530516609549522,0.00010947791452053934
1105,0.11631372570991516,0.09268870949745178,0.02252954989671707,0.00010954664321616292
1106,0.11631342768669128,0.09268887341022491,0.02252933569252491,0.00010952210141113028
1107,0.11631312966346741,0.09268911182880402,0.02252977155148983,0.00010942447261186317
1108,0.11631281673908234,0.09268911927938461,0.022529250010848045,0.0001094446997740306
1109,0.11631251871585846,0.0926891565322876,0.02252860739827156,0.0001094760955311358
1110,0.11631222069263458,0.09268942475318909,0.022528845816850662,0.00010939556523226202
1111,0.1163119226694107,0.0926896259188652,0.022528711706399918,0.00010935799218714237
1112,0.11631163209676743,0.09268970787525177,0.0225279089063406,0.00010940098582068458
1113,0.11631132662296295,0.0926898717880249,0.02252778597176075,0.00010936691251117736
1114,0.11631102859973907,0.0926901325583458,0.022527918219566345,0.00010929741256404668
1115,0.1163107380270958,0.09269024431705475,0.022527333348989487,0.00010931545693892986
1116,0.11631044000387192,0.09269038587808609,0.022526815533638,0.00010932376608252525
1117,0.11631013453006744,0.09269063919782639,0.022526908665895462,0.00010925836249953136
1118,0.11630983650684357,0.09269078820943832,0.022526653483510017,0.00010923973604803905
1119,0.11630953848361969,0.09269081056118011,0.02252606675028801,0.00010926571121672168
1120,0.11630923300981522,0.09269096702337265,0.022525986656546593,0.00010922784713329747
1121,0.11630894988775253,0.09269115328788757,0.022525958716869354,0.000109183689346537
1122,0.11630864441394806,0.09269118309020996,0.022525440901517868,0.00010920190834440291
1123,0.11630835384130478,0.09269127249717712,0.022525131702423096,0.0001091947706299834
1124,0.1163080558180809,0.09269140660762787,0.02252519503235817,0.00010914571612374857
1125,0.11630775779485703,0.09269144386053085,0.022524885833263397,0.00010914268204942346
1126,0.11630745977163315,0.09269148856401443,0.022524433210492134,0.00010915384336840361
1127,0.11630715429782867,0.09269162267446518,0.022524364292621613,0.00010911701247096062
1128,0.1163068562746048,0.09269171208143234,0.022524209693074226,0.00010909342381637543
1129,0.11630658805370331,0.09269177168607712,0.022523753345012665,0.00010910655691986904
1130,0.11630629748106003,0.09269185364246368,0.022523557767271996,0.00010908806143561378
1131,0.11630599200725555,0.09269198030233383,0.022523468360304832,0.00010905418457696214
1132,0.11630569398403168,0.0926920473575592,0.022523071616888046,0.00010905719682341442
1133,0.1163054034113884,0.09269212931394577,0.022522732615470886,0.0001090540099539794
1134,0.11630511283874512,0.09269226342439651,0.022522643208503723,0.0001090209698304534
1135,0.11630480736494064,0.09269233793020248,0.022522371262311935,0.0001090103542082943
1136,0.11630451679229736,0.09269237518310547,0.02252199500799179,0.00010901429050136358
1137,0.11630423367023468,0.09269250929355621,0.02252182736992836,0.0001089897341444157
1138,0.1163039430975914,0.09269261360168457,0.022521641105413437,0.00010896858293563128
1139,0.11630364507436752,0.09269265830516815,0.02252127043902874,0.00010897136962739751
1140,0.11630335450172424,0.09269272536039352,0.02252105250954628,0.00010895732702920213
1141,0.11630306392908096,0.09269282966852188,0.022520916536450386,0.00010893194121308625
1142,0.11630277335643768,0.09269287437200546,0.022520605474710464,0.00010892879799939692
1143,0.11630246043205261,0.09269293397665024,0.02252029813826084,0.00010892279533436522
1144,0.11630217730998993,0.0926930382847786,0.02252015471458435,0.00010889866825891659
1145,0.11630190908908844,0.09269311279058456,0.022519906982779503,0.00010888838733080775
1146,0.11630161106586456,0.09269315749406815,0.022519590333104134,0.0001088862627511844
1147,0.11630130559206009,0.09269323945045471,0.022519400343298912,0.00010886663221754134
1148,0.1163010224699974,0.09269332140684128,0.02251918986439705,0.0001088505596271716
1149,0.11630073189735413,0.09269338101148605,0.022518862038850784,0.00010884833318414167
1150,0.11630044877529144,0.09269346296787262,0.022518642246723175,0.00010883405775530264
1151,0.11630014330148697,0.09269353002309799,0.022518465295433998,0.00010881486377911642
1152,0.11629986017942429,0.09269359707832336,0.022518163546919823,0.0001088095668819733
1153,0.1162995770573616,0.09269367158412933,0.02251790650188923,0.00010879985347855836
1154,0.11629927158355713,0.0926937535405159,0.02251771278679371,0.0001087803830159828
1155,0.11629900336265564,0.09269382804632187,0.022517463192343712,0.00010877091699512675
1156,0.11629870533943176,0.09269388020038605,0.022517187520861626,0.00010876393207581714
1157,0.11629840731620789,0.09269395470619202,0.022516988217830658,0.00010874619329115376
1158,0.1162981167435646,0.09269402921199799,0.022516751661896706,0.00010873342398554087
1159,0.11629784107208252,0.09269409626722336,0.02251647412776947,0.00010872708662645891
1160,0.11629753559827805,0.09269415587186813,0.02251625619828701,0.00010871205449802801
1161,0.11629726737737656,0.0926942452788353,0.022516045719385147,0.00010869694961002097
1162,0.11629695445299149,0.09269428253173828,0.02251577191054821,0.00010869016841752455
1163,0.1162966787815094,0.09269436448812485,0.022515535354614258,0.00010867781384149566
1164,0.11629639565944672,0.09269444644451141,0.022515328601002693,0.00010866205411730334
1165,0.11629609763622284,0.092694491147995,0.022515064105391502,0.00010865368676604703
1166,0.11629581451416016,0.09269455820322037,0.022514818236231804,0.00010864339856198058
1167,0.11629551649093628,0.09269463270902634,0.02251460775732994,0.00010862805356737226
1168,0.116295225918293,0.09269468486309052,0.022514356300234795,0.00010861816554097459
1169,0.11629492789506912,0.0926947370171547,0.0225140992552042,0.00010860912152566016
1170,0.11629466712474823,0.09269481897354126,0.022513892501592636,0.00010859482426894829
1171,0.11629436910152435,0.09269487857818604,0.022513655945658684,0.00010858362657018006
1172,0.11629409343004227,0.09269493818283081,0.022513404488563538,0.00010857498273253441
1173,0.11629380285739899,0.09269500523805618,0.02251318097114563,0.00010856192966457456
1174,0.1162935122847557,0.09269506484270096,0.022512953728437424,0.00010854985157493502
1175,0.11629323661327362,0.09269511699676514,0.02251270040869713,0.00010854136780835688
1176,0.11629295349121094,0.09269518405199051,0.022512471303343773,0.00010852928971871734
1177,0.11629264801740646,0.09269522875547409,0.022512251511216164,0.00010851691331481561
1178,0.11629236489534378,0.09269528090953827,0.022512005642056465,0.00010850814578589052
1179,0.1162920817732811,0.09269534796476364,0.022511763498187065,0.00010849698446691036
1180,0.11629179120063782,0.09269540756940842,0.022511538118124008,0.00010848478268599138
1181,0.11629150807857513,0.0926954597234726,0.022511295974254608,0.00010847536759683862
1182,0.11629122495651245,0.09269550442695618,0.022511068731546402,0.00010846522491192445
1183,0.11629093438386917,0.09269555658102036,0.022510841488838196,0.0001084533505490981
1184,0.11629064381122589,0.09269562363624573,0.0225105881690979,0.00010844352073036134
1185,0.11629036068916321,0.09269566833972931,0.022510351613163948,0.00010843398194992915
1186,0.11629007011651993,0.09269571304321289,0.02251013182103634,0.00010842253686860204
1187,0.11628979444503784,0.09269576519727707,0.022509902715682983,0.0001084124596673064
1188,0.11628949642181396,0.09269580990076065,0.022509653121232986,0.0001084032774087973
1189,0.11628922820091248,0.09269587695598602,0.02250942587852478,0.00010839219612535089
1190,0.1162889301776886,0.09269591420888901,0.022509193047881126,0.00010838228627108037
1191,0.11628863960504532,0.0926959440112114,0.022508962079882622,0.00010837309673661366
1192,0.11628836393356323,0.09269600361585617,0.022508734837174416,0.00010836243745870888
1193,0.11628808081150055,0.09269604831933975,0.022508500143885612,0.00010835267312359065
1194,0.11628778278827667,0.09269608557224274,0.02250826358795166,0.00010834349814103916
1195,0.11628749966621399,0.09269613772630692,0.022508036345243454,0.00010833307169377804
1196,0.1162872239947319,0.0926961749792099,0.022507812827825546,0.00010832353291334584
1197,0.11628694087266922,0.09269622713327408,0.022507570683956146,0.00010831431427504867
1198,0.11628665775060654,0.09269627183675766,0.02250733971595764,0.00010830460814759135
1199,0.11628637462854385,0.09269631654024124,0.02250710502266884,0.00010829469101736322
1200,0.11628609150648117,0.09269635379314423,0.022506877779960632,0.00010828566155396402
1201,0.1162857860326767,0.09269637614488602,0.022506648674607277,0.00010827614460140467
1202,0.11628551036119461,0.0926964208483696,0.02250641956925392,0.00010826638026628643
1203,0.11628521233797073,0.09269646555185318,0.022506173700094223,0.00010825750359799713
1204,0.11628493666648865,0.09269650280475616,0.022505950182676315,0.00010824807395692915
1205,0.11628464609384537,0.09269654005765915,0.02250572293996811,0.00010823856428032741
1206,0.11628437042236328,0.09269658476114273,0.022505488246679306,0.00010822975309565663
1207,0.11628407984972,0.09269662201404572,0.0225052572786808,0.00010822062904480845
1208,0.11628380417823792,0.0926966592669487,0.022505028173327446,0.00010821114119607955
1209,0.11628351360559464,0.09269668906927109,0.02250480093061924,0.00010820247553056106
1210,0.11628324538469315,0.09269674122333527,0.022504564374685287,0.00010819345334311947
1211,0.11628292500972748,0.09269674867391586,0.02250434085726738,0.00010818427836056799
1212,0.11628266423940659,0.09269679337739944,0.022504109889268875,0.00010817554721143097
1213,0.1162823811173439,0.09269683808088303,0.02250387892127037,0.00010816667054314166
1214,0.11628209799528122,0.09269686788320541,0.022503651678562164,0.00010815753194037825
1215,0.11628179997205734,0.0926968902349472,0.02250341884791851,0.00010814904817380011
1216,0.11628150194883347,0.092696912586689,0.022503191605210304,0.00010814015695359558
1217,0.11628123372793198,0.09269695729017258,0.022502964362502098,0.00010813111293828115
1218,0.1162809431552887,0.09269698709249496,0.022502731531858444,0.00010812288383021951
1219,0.11628066003322601,0.09269701689481735,0.02250250242650509,0.00010811386164277792
1220,0.11628038436174393,0.09269705414772034,0.022502275183796883,0.00010810534149641171
1221,0.11628010123968124,0.09269709140062332,0.022502046078443527,0.00010809689410962164
1222,0.11627981811761856,0.09269711375236511,0.02250182256102562,0.0001080879956134595
1223,0.11627952009439468,0.0926971361041069,0.022501587867736816,0.00010807970829773694
1224,0.116279236972332,0.09269716590642929,0.022501356899738312,0.00010807136277435347
1225,0.11627895385026932,0.09269719570875168,0.022501131519675255,0.00010806259524542838
1226,0.11627867072820663,0.09269722551107407,0.0225009024143219,0.00010805441706907004
1227,0.11627838760614395,0.09269725531339645,0.022500673308968544,0.00010804607154568657
1228,0.11627811193466187,0.09269728511571884,0.022500446066260338,0.00010803752229548991
1229,0.11627782136201859,0.09269730746746063,0.02250021882355213,0.00010802944598253816
1230,0.1162775456905365,0.09269733726978302,0.022499997168779373,0.00010802123870234936
1231,0.11627724766731262,0.09269735217094421,0.022499769926071167,0.00010801267490023747
1232,0.11627696454524994,0.0926973819732666,0.022499531507492065,0.00010800472955452278
1233,0.11627668142318726,0.09269741177558899,0.02249930053949356,0.00010799660230986774
1234,0.11627639085054398,0.09269743412733078,0.022499077022075653,0.00010798811126733199
1235,0.11627610772848129,0.09269744902849197,0.022498857229948044,0.00010798028233693913
1236,0.11627581715583801,0.09269747138023376,0.02249862439930439,0.00010797232971526682
1237,0.11627552658319473,0.09269749373197556,0.022498391568660736,0.00010796391870826483
1238,0.11627525091171265,0.09269752353429794,0.022498169913887978,0.00010795617708936334
1239,0.11627497524023056,0.09269754588603973,0.02249794267117977,0.00010794831905514002
1240,0.11627468466758728,0.09269756078720093,0.022497722879052162,0.0001079400535672903
1241,0.1162743866443634,0.09269758313894272,0.02249748446047306,0.00010793239925988019
1242,0.11627411842346191,0.0926976129412651,0.022497257217764854,0.00010792467946885154
1243,0.11627384275197983,0.0926976427435875,0.022497037425637245,0.00010791647218866274
1244,0.11627355217933655,0.09269765764474869,0.02249680459499359,0.00010790887608891353
1245,0.11627325415611267,0.09269765764474869,0.02249658666551113,0.00010790115629788488
1246,0.11627297103404999,0.09269768744707108,0.022496351972222328,0.00010789313819259405
1247,0.1162726953625679,0.09269771724939346,0.022496121004223824,0.00010788571671582758
1248,0.11627240478992462,0.09269773215055466,0.022495895624160767,0.00010787805513245985
1249,0.11627212911844254,0.09269774705171585,0.022495677694678307,0.00010786992061184719
1250,0.11627183109521866,0.09269775450229645,0.02249545231461525,0.00010786298662424088
1251,0.11627156287431717,0.09269779175519943,0.022495213896036148,0.00010785504127852619
1252,0.1162712574005127,0.09269779175519943,0.02249499410390854,0.00010784723417600617
1253,0.11627097427845001,0.09269779920578003,0.022494768723845482,0.0001078402201528661
1254,0.11627068370580673,0.09269781410694122,0.022494545206427574,0.00010783239122247323
1255,0.11627042293548584,0.09269785135984421,0.022494319826364517,0.00010782480239868164
1256,0.11627013236284256,0.092697873711586,0.022494081407785416,0.00010781783930724487
1257,0.11626983433961868,0.0926978662610054,0.022493869066238403,0.00010780993034131825
1258,0.1162695661187172,0.09269789606332779,0.022493645548820496,0.0001078025161405094
1259,0.11626926809549332,0.09269789606332779,0.02249341644346714,0.00010779551666928455
1260,0.11626897752285004,0.09269791096448898,0.022493187338113785,0.00010778781870612875
1261,0.11626870185136795,0.09269793331623077,0.02249296009540558,0.00010778055730042979
1262,0.11626841127872467,0.09269794076681137,0.02249273471534252,0.0001077733832062222
1263,0.11626812070608139,0.09269794821739197,0.022492514923214912,0.00010776587441796437
1264,0.1162678450345993,0.09269797056913376,0.022492285817861557,0.00010775886767078191
1265,0.11626756936311722,0.09269800037145615,0.022492052987217903,0.00010775158443721011
1266,0.11626726388931274,0.09269798547029495,0.02249183878302574,0.00010774426482385024
1267,0.11626698821783066,0.09269800037145615,0.022491615265607834,0.00010773743997560814
1268,0.11626669019460678,0.09269800782203674,0.02249138429760933,0.00010773004760267213
1269,0.1162664145231247,0.09269803017377853,0.022491155192255974,0.00010772299719974399
1270,0.11626613140106201,0.09269803762435913,0.022490933537483215,0.00010771604138426483
1271,0.11626585572957993,0.09269805252552032,0.02249070815742016,0.00010770896915346384
1272,0.11626555770635605,0.09269805997610092,0.022490479052066803,0.00010770175867946818
1273,0.11626526713371277,0.09269805997610092,0.022490255534648895,0.00010769498476292938
1274,0.11626498401165009,0.09269808232784271,0.02249002642929554,0.00010768794891191646
1275,0.1162647008895874,0.09269808232784271,0.02248980849981308,0.00010768071661004797
1276,0.11626440286636353,0.09269808232784271,0.022489581257104874,0.0001076741173164919
1277,0.11626411229372025,0.09269808977842331,0.022489354014396667,0.0001076670887414366
1278,0.11626382917165756,0.0926980972290039,0.022489134222269058,0.00010765993647510186
1279,0.11626354604959488,0.0926981121301651,0.022488901391625404,0.00010765375918708742
1280,0.1162632554769516,0.0926981195807457,0.022488676011562347,0.00010764617763925344
1281,0.11626297980546951,0.0926981270313263,0.022488458082079887,0.00010763962200144306
1282,0.11626269668340683,0.0926981270313263,0.02248823456466198,0.00010763306636363268
1283,0.11626241356134415,0.09269814193248749,0.02248801290988922,0.00010762581223389134
1284,0.11626210808753967,0.09269813448190689,0.022487778216600418,0.00010761954035842791
1285,0.11626183241605759,0.09269814938306808,0.02248755656182766,0.00010761252633528784
1286,0.1162615418434143,0.09269814193248749,0.02248734049499035,0.00010760558507172391
1287,0.11626125872135162,0.09269814938306808,0.022487115114927292,0.00010759953875094652
1288,0.11626096069812775,0.09269815683364868,0.02248687669634819,0.0001075923428288661
1289,0.11626067012548447,0.09269815683364868,0.022486653178930283,0.00010758574353531003
1290,0.11626039445400238,0.09269816428422928,0.022486431524157524,0.00010757963900687173
1291,0.1162600964307785,0.09269815683364868,0.022486219182610512,0.00010757219570223242
1292,0.11625982075929642,0.09269817173480988,0.02248598448932171,0.00010756606934592128
1293,0.11625952273607254,0.09269816428422928,0.0224857609719038,0.00010755977564258501
1294,0.11625924706459045,0.09269817918539047,0.02248554117977619,0.0001075525869964622
1295,0.11625895649194717,0.09269817918539047,0.022485310211777687,0.00010754672257462516
1296,0.1162586659193039,0.09269817918539047,0.02248508855700493,0.00010753983224276453
1297,0.11625837534666061,0.09269817918539047,0.022484859451651573,0.00010753339302027598
1298,0.11625808477401733,0.09269818663597107,0.022484632208943367,0.00010752707748906687
1299,0.11625780165195465,0.09269817918539047,0.022484412416815758,0.00010752058733487502
1300,0.11625751107931137,0.09269817918539047,0.0224841870367527,0.00010751392983365804
1301,0.1162572130560875,0.09269817173480988,0.022483963519334793,0.00010750788351288065
1302,0.11625692248344421,0.09269817918539047,0.022483736276626587,0.0001075010368367657
1303,0.11625663936138153,0.09269817918539047,0.022483505308628082,0.00010749523062258959
1304,0.11625634133815765,0.09269817918539047,0.022483285516500473,0.00010748829663498327
1305,0.11625605076551437,0.09269815683364868,0.022483067587018013,0.00010748254862846807
1306,0.1162557601928711,0.09269816428422928,0.02248283475637436,0.00010747585474746302
1307,0.11625548452138901,0.09269817173480988,0.02248261868953705,0.00010746973566710949
1308,0.11625520139932632,0.09269818663597107,0.022482380270957947,0.00010746315092546865
1309,0.11625490337610245,0.09269814938306808,0.02248218096792698,0.00010745771578513086
1310,0.11625462770462036,0.09269819408655167,0.022481931373476982,0.00010744990868261084
1311,0.11625433713197708,0.09269814193248749,0.022481732070446014,0.00010744605242507532
1312,0.1162540540099144,0.09269820898771286,0.02248147688806057,0.00010743688471848145
1313,0.11625375598669052,0.0926981195807457,0.022481294348835945,0.00010743437451310456
1314,0.11625345796346664,0.09269821643829346,0.022481003776192665,0.0001074236206477508
1315,0.11625317484140396,0.09269805997610092,0.022480875253677368,0.00010742386803030968
1316,0.11625287681818008,0.09269826859235764,0.022480521351099014,0.00010740846482804045
1317,0.1162525862455368,0.09269794821739197,0.022480471059679985,0.00010741662845248356
1318,0.11625231802463531,0.09269840270280838,0.022480007261037827,0.00010739092249423265
1319,0.11625204980373383,0.09269775450229645,0.02248014509677887,0.00010741478763520718
1320,0.11625179648399353,0.09269867837429047,0.02247941866517067,0.0001073704770533368
1321,0.11625158786773682,0.09269733726978302,0.022479968145489693,0.00010742847371147946
1322,0.11625146865844727,0.09269928932189941,0.02247868850827217,0.00010734917304944247
1323,0.11625158786773682,0.0926964208483696,0.02248021960258484,0.00010749480861704797
1324,0.11625217646360397,0.09270070493221283,0.02247786708176136,0.00010736097465269268
1325,0.11625394225120544,0.09269442409276962,0.022481855005025864,0.00010776692215586081
1326,0.11625828593969345,0.092704176902771,0.022477660328149796,0.00010764489707071334
1327,0.11626876145601273,0.09269010275602341,0.022488871589303017,0.00010897861648118123
1328,0.11629357188940048,0.09271310269832611,0.022483952343463898,0.00010965176625177264
1329,0.11635276675224304,0.09268190711736679,0.0225207656621933,0.00011500953405629843
1330,0.11649072915315628,0.09273853898048401,0.022534213960170746,0.00012179730401840061
1331,0.11681360006332397,0.09267400205135345,0.022676151245832443,0.00014634462422691286
1332,0.11749421060085297,0.09281478077173233,0.02282322570681572,0.00018562065088190138
1333,0.11881935596466064,0.09270621091127396,0.023326478898525238,0.00027866667369380593
1334,0.12040869891643524,0.09296609461307526,0.023724637925624847,0.00037179639912210405
1335,0.12121657282114029,0.09274613112211227,0.024216946214437485,0.0004253500956110656
1336,0.11886207014322281,0.09286279231309891,0.02340567111968994,0.00025936035672202706
1337,0.11640650033950806,0.09261929243803024,0.02268294058740139,0.00011042652477044612
1338,0.11732625216245651,0.09280392527580261,0.02309809811413288,0.0001424230867996812
1339,0.11808498948812485,0.09300972521305084,0.023002158850431442,0.00020731012045871466
1340,0.11653894186019897,0.09263239800930023,0.02283279411494732,0.00010737482807599008
1341,0.11695905774831772,0.09279733151197433,0.023081250488758087,0.0001080477813957259
1342,0.11726289987564087,0.09315525740385056,0.022668013349175453,0.0001439628395019099
1343,0.1163506880402565,0.09296216815710068,0.022465629503130913,9.228866110788658e-05
1344,0.11708275228738785,0.09290666878223419,0.022997118532657623,0.00011789661220973358
1345,0.11655654013156891,0.09307240694761276,0.02254742756485939,9.367038001073524e-05
1346,0.1166302040219307,0.09311787784099579,0.022479336708784103,0.00010329855285817757
1347,0.11679773032665253,0.09298369288444519,0.02279844880104065,0.00010155888594454154
1348,0.11640279740095139,0.0929947942495346,0.022533535957336426,8.744694787310436e-05
1349,0.1167939081788063,0.09311680495738983,0.02256515994668007,0.00011119466944364831
1350,0.11638960242271423,0.09291934221982956,0.0227553378790617,7.149208249757066e-05
1351,0.11667138338088989,0.09280504286289215,0.0228094682097435,0.00010568700963631272
1352,0.11642707139253616,0.09299992769956589,0.022522056475281715,9.050857624970376e-05
1353,0.11655417084693909,0.09303783625364304,0.02269071526825428,8.256216096924618e-05
1354,0.1164763867855072,0.09274590760469437,0.02281811460852623,9.123690688284114e-05
1355,0.11644287407398224,0.09278291463851929,0.022751005366444588,9.089546074392274e-05
1356,0.11650586873292923,0.09305388480424881,0.02262679859995842,8.251889812527224e-05
1357,0.11636976152658463,0.09297262132167816,0.022543707862496376,8.534347580280155e-05
1358,0.11649118363857269,0.0928184762597084,0.02272404544055462,9.486625640420243e-05
1359,0.11634067445993423,0.09291577339172363,0.022665629163384438,7.592758629471064e-05
1360,0.11645592004060745,0.09303487837314606,0.022497203201055527,9.238372149411589e-05
1361,0.11633250117301941,0.0929674506187439,0.022483525797724724,8.815243927529082e-05
1362,0.11640320718288422,0.0929226353764534,0.022611703723669052,8.688698289915919e-05
1363,0.1163451299071312,0.09294057637453079,0.02250044234097004,9.041147131938487e-05
1364,0.11633908003568649,0.09292605519294739,0.02248718962073326,9.25832282518968e-05
1365,0.11636080592870712,0.09287747740745544,0.022572144865989685,9.111831604968756e-05
1366,0.11629490554332733,0.09286152571439743,0.02248254418373108,9.508389484835789e-05
1367,0.11635105311870575,0.09285170584917068,0.022507790476083755,9.915526607073843e-05
1368,0.1162855327129364,0.09276925772428513,0.02259630337357521,9.199697524309158e-05
1369,0.11631856113672256,0.09272783249616623,0.02255299687385559,0.00010377335274824873
1370,0.1162964329123497,0.09277217090129852,0.02250649593770504,0.00010177648800890893
1371,0.11628200113773346,0.09275764971971512,0.022552475333213806,9.718730871099979e-05
1372,0.11630645394325256,0.092683807015419,0.02253846824169159,0.00010841781477211043
1373,0.11626442521810532,0.09269368648529053,0.02252497524023056,0.00010457660391693935
1374,0.11629234999418259,0.09273649752140045,0.022531533613801003,0.00010243170981993899
1375,0.11627661436796188,0.09271769970655441,0.02245517447590828,0.00011037386138923466
1376,0.11626556515693665,0.09271268546581268,0.022468049079179764,0.00010848363308468834
1377,0.11628618836402893,0.09271812438964844,0.02250615693628788,0.00010619089880492538
1378,0.11626140773296356,0.09269806742668152,0.022443925961852074,0.00011194153194082901
1379,0.11627260595560074,0.0927097275853157,0.02244466543197632,0.00011182135494891554
1380,0.11627360433340073,0.09271858632564545,0.022461405023932457,0.00010936125909211114
1381,0.11625946313142776,0.09268198162317276,0.02243998274207115,0.0001137505387305282
1382,0.11627368628978729,0.09266102313995361,0.022473730146884918,0.00011389352584956214
1383,0.11626409739255905,0.0926649197936058,0.022476881742477417,0.00011222970351809636
1384,0.11626163870096207,0.09265995025634766,0.022449146956205368,0.00011525394074851647
1385,0.11627036333084106,0.0926472395658493,0.022472761571407318,0.00011503631685627624
1386,0.11625927686691284,0.09263195097446442,0.022482918575406075,0.00011444111441960558
1387,0.11626294255256653,0.09262639284133911,0.022478662431240082,0.00011578835983527824
1388,0.1162654235959053,0.09263475239276886,0.022478293627500534,0.00011523750436026603
1389,0.11625709384679794,0.09264149516820908,0.022459711879491806,0.00011558912956388667
1390,0.11626217514276505,0.09264116734266281,0.022469568997621536,0.00011514318612171337
1391,0.11626049876213074,0.09263636916875839,0.022478654980659485,0.0001145473142969422
1392,0.11625589430332184,0.09264174848794937,0.022459357976913452,0.00011547845497261733
1393,0.11625998467206955,0.09265927970409393,0.0224643275141716,0.00011363797966623679
1394,0.11625638604164124,0.09266083687543869,0.02246219478547573,0.00011333532893331721
1395,0.11625485867261887,0.09265369921922684,0.022456396371126175,0.00011447622091509402
1396,0.11625717580318451,0.09265916794538498,0.02247915044426918,0.00011188570351805538
1397,0.11625336855649948,0.09266245365142822,0.02247037924826145,0.00011205396731384099
1398,0.11625374853610992,0.0926654264330864,0.02245703525841236,0.00011312872084090486
1399,0.11625442653894424,0.09267060458660126,0.022479532286524773,0.00011042872938560322
1400,0.11625136435031891,0.09266240149736404,0.022477954626083374,0.00011110051127616316
1401,0.11625246703624725,0.0926615446805954,0.022472763434052467,0.00011181632726220414
1402,0.11625193804502487,0.09267440438270569,0.022483084350824356,0.0001094454710255377
1403,0.11625000834465027,0.09267374128103256,0.02247156947851181,0.00011047004227293655
1404,0.11625107377767563,0.09266972541809082,0.02247457578778267,0.00011067769810324535
1405,0.11624997854232788,0.09267370402812958,0.022487657144665718,0.00010886164091061801
1406,0.11624906957149506,0.09267457574605942,0.02247539907693863,0.00010990939335897565
1407,0.116249680519104,0.09267842024564743,0.022474881261587143,0.00010963856766466051
1408,0.11624841392040253,0.09268208593130112,0.022481076419353485,0.0001085254261852242
1409,0.11624817550182343,0.0926775261759758,0.02247772552073002,0.00010929287236649543
1410,0.11624831706285477,0.09267742931842804,0.02248390018939972,0.00010869894322240725
1411,0.11624715477228165,0.09268289059400558,0.0224812813103199,0.00010829766688402742
1412,0.11624719947576523,0.09268458932638168,0.02247607335448265,0.00010865421063499525
1413,0.11624699085950851,0.0926828607916832,0.022483790293335915,0.00010803389159264043
1414,0.11624608188867569,0.09268180280923843,0.022482436150312424,0.0001081849040929228
1415,0.11624617129564285,0.09268485754728317,0.022480152547359467,0.00010811589163495228
1416,0.11624572426080704,0.09268749505281448,0.022480767220258713,0.00010774671682156622
1417,0.11624505370855331,0.09268724173307419,0.022475648671388626,0.00010821626347023994
1418,0.11624505370855331,0.09268748015165329,0.022479452192783356,0.00010781224409583956
1419,0.11624450236558914,0.09268616884946823,0.02248021401464939,0.00010781220771605149
1420,0.11624402552843094,0.09268715232610703,0.022473733872175217,0.00010831459076143801
1421,0.11624391376972198,0.09269025176763535,0.022476091980934143,0.00010775673581520095
1422,0.11624334007501602,0.09268658608198166,0.022475779056549072,0.00010809735249495134
1423,0.11624298244714737,0.09268385916948318,0.022475210949778557,0.00010839092283276841
1424,0.11624277383089066,0.09268595278263092,0.022478166967630386,0.00010786564962472767
1425,0.11624222248792648,0.0926845446228981,0.02247370406985283,0.00010839782044058666
1426,0.11624190956354141,0.09268362075090408,0.022474264726042747,0.00010840249160537496
1427,0.11624165624380112,0.0926833376288414,0.022477630525827408,0.00010806852515088394
1428,0.11624115705490112,0.0926809310913086,0.022474441677331924,0.00010857889719773084
1429,0.11624084413051605,0.09268256276845932,0.02247462049126625,0.00010836606816155836
1430,0.11624053120613098,0.0926842913031578,0.02247324027121067,0.00010830046812770888
1431,0.11624009907245636,0.09268253296613693,0.02247128263115883,0.00010862777708098292
1432,0.11623980104923248,0.09268275648355484,0.02247343771159649,0.00010836087312782183
1433,0.11623947322368622,0.09268402308225632,0.022470438852906227,0.00010850128455786034
1434,0.11623905599117279,0.09268475323915482,0.022468414157629013,0.00010858906898647547
1435,0.11623875796794891,0.09268506616353989,0.022469287738204002,0.00010844007920240983
1436,0.11623843014240265,0.09268426150083542,0.02246781252324581,0.00010863516945391893
1437,0.11623802036046982,0.09268403053283691,0.02246866747736931,0.00010853187995962799
1438,0.11623772233724594,0.09268438071012497,0.02246762439608574,0.00010857210145331919
1439,0.11623739451169968,0.09268451482057571,0.022466158494353294,0.00010867186210816726
1440,0.11623701453208923,0.09268365800380707,0.022468211129307747,0.00010851451952476054
1441,0.11623667925596237,0.09268233180046082,0.022467514500021935,0.00010868298704735935
1442,0.11623634397983551,0.09268306940793991,0.02246716059744358,0.00010861178452614695
1443,0.11623597890138626,0.09268341958522797,0.02246721275150776,0.00010853514686459675
1444,0.11623565107584,0.09268268197774887,0.02246592938899994,0.0001087039927369915
1445,0.11623533070087433,0.09268312901258469,0.022467155009508133,0.00010850417311303318
1446,0.11623498052358627,0.0926830992102623,0.02246634103357792,0.00010855405707843602
1447,0.11623464524745941,0.09268374741077423,0.022464819252490997,0.00010860784823307768
1448,0.11623431742191315,0.09268497675657272,0.022465277463197708,0.00010840572940651327
1449,0.11623396724462509,0.09268432855606079,0.022464340552687645,0.00010852943523786962
1450,0.11623362451791763,0.09268467873334885,0.022464534267783165,0.0001084412942873314
1451,0.11623330414295197,0.09268573671579361,0.022464154288172722,0.00010834137356141582
1452,0.11623295396566391,0.09268566966056824,0.022462910041213036,0.00010843725613085553
1453,0.11623261868953705,0.09268593788146973,0.02246379479765892,0.00010828824451891705
1454,0.11623229086399078,0.09268581122159958,0.022463485598564148,0.00010829902748810127
1455,0.11623194068670273,0.092685766518116,0.022463196888566017,0.00010829772509168833
1456,0.11623159795999527,0.09268637746572495,0.022463254630565643,0.00010819645831361413
1457,0.1162312850356102,0.09268630295991898,0.022462550550699234,0.0001082425078493543
1458,0.11623092740774155,0.09268605709075928,0.02246321737766266,0.00010816498252097517
1459,0.11623061448335648,0.09268621355295181,0.022462865337729454,0.00010815347195602953
1460,0.11623026430606842,0.09268661588430405,0.02246217429637909,0.00010814768029376864
1461,0.11622992902994156,0.09268681704998016,0.022462330758571625,0.0001080779402400367
1462,0.1162296012043953,0.09268670529127121,0.022461803629994392,0.00010810972162289545
1463,0.11622926592826843,0.09268693625926971,0.02246197685599327,0.00010803512850543484
1464,0.11622893810272217,0.09268708527088165,0.0224615465849638,0.00010803023906191811
1465,0.11622859537601471,0.09268739819526672,0.022460907697677612,0.00010802880569826812
1466,0.11622826009988785,0.09268758445978165,0.022461198270320892,0.00010794750414788723
1467,0.11622793227434158,0.09268727153539658,0.022460779175162315,0.00010798829316627234
1468,0.11622758209705353,0.09268765896558762,0.02246066927909851,0.00010792519606184214
1469,0.11622725427150726,0.09268788993358612,0.02246033400297165,0.0001079029098036699
1470,0.1162269189953804,0.09268776327371597,0.02245991677045822,0.00010792407556436956
1471,0.11622659862041473,0.09268797188997269,0.022460144013166428,0.0001078483765013516
1472,0.11622626334428787,0.09268786758184433,0.022459615021944046,0.00010787801875267178
1473,0.11622592806816101,0.09268809854984283,0.02245936170220375,0.00010784717596834525
1474,0.11622559279203415,0.09268831461668015,0.022459091618657112,0.00010781915625557303
1475,0.11622527241706848,0.09268811345100403,0.022458761930465698,0.00010783994366647676
1476,0.11622494459152222,0.09268821775913239,0.022458797320723534,0.00010779243893921375
1477,0.11622460931539536,0.09268832951784134,0.02245819941163063,0.00010780752927530557
1478,0.1162242591381073,0.09268837422132492,0.022458015009760857,0.00010778655268950388
1479,0.11622393876314163,0.09268837422132492,0.022457845509052277,0.00010777211718959734
1480,0.11622361838817596,0.09268831461668015,0.0224575474858284,0.00010777539137052372
1481,0.1162232756614685,0.09268839657306671,0.022457435727119446,0.00010774450493045151
1482,0.11622294038534164,0.09268845617771149,0.022456929087638855,0.00010775581904454157
1483,0.11622261255979538,0.09268852323293686,0.022456835955381393,0.00010772600944619626
1484,0.11622227728366852,0.0926884189248085,0.02245662361383438,0.00010772353562060744
1485,0.11622193455696106,0.09268852323293686,0.022456243634223938,0.00010771668166853487
1486,0.11622161418199539,0.09268870949745178,0.022456027567386627,0.00010768786887638271
1487,0.11622128635644913,0.0926886722445488,0.022455601021647453,0.00010770105291157961
1488,0.11622093617916107,0.09268879145383835,0.022455479949712753,0.00010766665218397975
1489,0.11622060835361481,0.09268879890441895,0.022455129772424698,0.00010766853665700182
1490,0.11622028797864914,0.0926889181137085,0.022454792633652687,0.00010765787737909704
1491,0.11621995270252228,0.09268905967473984,0.02245454490184784,0.00010763473255792633
1492,0.11621962487697601,0.09268897026777267,0.022454239428043365,0.00010764173202915117
1493,0.11621929705142975,0.09268906712532043,0.022454097867012024,0.0001076131229638122
1494,0.11621898412704468,0.09268911927938461,0.02245372347533703,0.00010761379235191271
1495,0.11621862649917603,0.0926891416311264,0.02245350368320942,0.00010759832366602495
1496,0.11621830612421036,0.09268917888402939,0.02245328202843666,0.00010758437565527856
1497,0.1162179708480835,0.0926891639828682,0.02245301567018032,0.00010757915151771158
1498,0.11621762812137604,0.09268923103809357,0.02245282009243965,0.00010755826951935887
1499,0.11621730029582977,0.09268929809331894,0.022452443838119507,0.00010755600669654086
1500,0.1162169873714447,0.09268935769796371,0.022452283650636673,0.00010753388778539374
1501,0.11621664464473724,0.09268935769796371,0.02245199680328369,0.00010752876551123336
1502,0.11621632426977158,0.09268947690725327,0.022451726719737053,0.00010751193622127175
1503,0.11621598899364471,0.09268955886363983,0.022451452910900116,0.00010749801731435582
1504,0.11621565371751785,0.09268960356712341,0.022451141849160194,0.00010749107605079189
1505,0.11621532589197159,0.09268968552350998,0.022450964897871017,0.00010746771295089275
1506,0.11621499806642532,0.09268968552350998,0.02245064452290535,0.00010746627958724275
1507,0.11621466279029846,0.09268980473279953,0.02245042473077774,0.00010744303290266544
1508,0.116214320063591,0.09268982708454132,0.022450124844908714,0.00010743693565018475
1509,0.11621399968862534,0.09268984943628311,0.022449931129813194,0.00010742167796706781
1510,0.11621364206075668,0.0926898941397667,0.022449683398008347,0.00010740691504906863
1511,0.11621332168579102,0.09268993139266968,0.022449398413300514,0.00010739968274720013
1512,0.11621300131082535,0.09269000589847565,0.022449197247624397,0.00010738021228462458
1513,0.11621267348527908,0.09269000589847565,0.022448910400271416,0.00010737524280557409
1514,0.11621233820915222,0.09269005060195923,0.022448725998401642,0.00010735582327470183
1515,0.11621201783418655,0.09269010275602341,0.022448409348726273,0.00010734998068073764
1516,0.1162116676568985,0.09269015491008759,0.022448185831308365,0.0001073327730409801
1517,0.11621134728193283,0.09269016236066818,0.022447941824793816,0.00010732402006397024
1518,0.11621101945638657,0.09269021451473236,0.022447695955634117,0.00010731039219535887
1519,0.11621067672967911,0.09269026666879654,0.022447435185313225,0.00010729765926953405
1520,0.11621034890413284,0.09269029647111893,0.02244715951383114,0.00010728877532528713
1521,0.11621001362800598,0.09269034117460251,0.022446956485509872,0.00010727185144787654
1522,0.11620968580245972,0.09269034117460251,0.022446684539318085,0.00010726590699050575
1523,0.11620936542749405,0.09269043058156967,0.022446446120738983,0.00010724852472776547
1524,0.1162090077996254,0.09269043058156967,0.0224461629986763,0.00010724172898335382
1525,0.11620868742465973,0.09269046038389206,0.022445954382419586,0.00010722692968556657
1526,0.11620835214853287,0.09269048273563385,0.022445697337388992,0.0001072175582521595
1527,0.116208016872406,0.09269051253795624,0.022445447742938995,0.0001072056547855027
1528,0.11620768904685974,0.09269055724143982,0.022445185109972954,0.00010719433339545503
1529,0.11620735377073288,0.09269056469202042,0.022444941103458405,0.00010718473640736192
1530,0.11620701104402542,0.09269057959318161,0.022444715723395348,0.00010717149416450411
1531,0.11620668321847916,0.0926906168460846,0.022444425150752068,0.00010716424003476277
1532,0.1162063479423523,0.09269065409898758,0.02244420349597931,0.00010714920063037425
1533,0.11620601266622543,0.09269064664840698,0.022443929687142372,0.00010714402742451057
1534,0.11620569229125977,0.09269069135189056,0.022443728521466255,0.00010712714720284566
1535,0.1162053644657135,0.09269069880247116,0.02244342677295208,0.00010712341463658959
1536,0.11620502173900604,0.09269075095653534,0.02244321070611477,0.00010710604692576453
1537,0.11620467901229858,0.09269072860479355,0.022442933171987534,0.00010710227070376277
1538,0.11620434373617172,0.09269077330827713,0.02244272083044052,0.00010708515765145421
1539,0.11620400846004486,0.09269076585769653,0.022442420944571495,0.0001070818689186126
1540,0.116203673183918,0.09269081801176071,0.022442223504185677,0.00010706359171308577
1541,0.11620336025953293,0.09269081056118011,0.0224419217556715,0.00010706255852710456
1542,0.11620300263166428,0.0926908627152443,0.02244172804057598,0.00010704126179916784
1543,0.11620266735553741,0.09269082546234131,0.022441398352384567,0.00010704432497732341
1544,0.11620233952999115,0.09269090741872787,0.02244124561548233,0.00010701840801630169
1545,0.11620199680328369,0.0926908478140831,0.02244088239967823,0.0001070270300260745
1546,0.11620166897773743,0.09269096702337265,0.022440757602453232,0.00010699479025788605
1547,0.11620132625102997,0.09269087016582489,0.022440340369939804,0.00010701147402869537
1548,0.1162009984254837,0.09269101172685623,0.022440297529101372,0.00010696861863834783
1549,0.11620066314935684,0.0926908627152443,0.02243979647755623,0.00010699971608119085
1550,0.11620032787322998,0.0926910862326622,0.022439857944846153,0.00010693794320104644
1551,0.11619999259710312,0.0926908403635025,0.02243921533226967,0.00010699441918404773
1552,0.11619964987039566,0.09269119054079056,0.022439472377300262,0.0001068986821337603
1553,0.1161992996931076,0.09269072860479355,0.02243855595588684,0.00010700123675633222
1554,0.11619896441698074,0.09269135445356369,0.022439181804656982,0.00010684269363991916
1555,0.11619864404201508,0.09269057214260101,0.02243775501847267,0.00010703181033022702
1556,0.11619828641414642,0.09269165992736816,0.022439096122980118,0.00010675366502255201
1557,0.11619796603918076,0.09269019216299057,0.02243666723370552,0.00010711055801948532
1558,0.11619763821363449,0.09269226342439651,0.02243940718472004,0.00010659674444468692
1559,0.11619731038808823,0.0926894024014473,0.022435011342167854,0.00010728972119977698
1560,0.11619700491428375,0.09269346296787262,0.02244056575000286,0.0001062977098627016
1561,0.11619672179222107,0.09268771857023239,0.022432127967476845,0.00010768751235445961
1562,0.11619649082422256,0.09269598126411438,0.022443559020757675,0.00010569478763500229
1563,0.11619637161493301,0.0926840603351593,0.02242652326822281,0.0001085786207113415
1564,0.11619654297828674,0.09270145744085312,0.022450687363743782,0.00010444036888657138
1565,0.11619732528924942,0.09267596155405045,0.022414904087781906,0.00011064598947996274
1566,0.11619946360588074,0.0927138701081276,0.022467317059636116,0.00010182752157561481
1567,0.11620474606752396,0.09265755116939545,0.02238958515226841,0.000115760944026988
1568,0.11621718853712082,0.09274281561374664,0.022506942972540855,9.67425003182143e-05
1569,0.11624673753976822,0.09261493384838104,0.022333316504955292,0.00012984839850105345
1570,0.116315558552742,0.09281262010335922,0.02260510064661503,8.978386904345825e-05
1571,0.11648119986057281,0.09251679480075836,0.022211682051420212,0.00017527166346553713
1572,0.11685752868652344,0.09298434108495712,0.02286209538578987,0.00010110872972290963
1573,0.11774372309446335,0.09231270849704742,0.021990671753883362,0.00034403399331495166
1574,0.11940447986125946,0.09337098151445389,0.023527996614575386,0.00025055004516616464
1575,0.12227234244346619,0.09210116416215897,0.021812552586197853,0.0008358628838323057
1576,0.1231662705540657,0.09378635883331299,0.024300869554281235,0.0005079038674011827
1577,0.12046298384666443,0.09264130145311356,0.021792536601424217,0.0006029147189110518
1578,0.11643323302268982,0.09340628236532211,0.022276144474744797,7.508090493502095e-05
1579,0.11866606771945953,0.09379120171070099,0.023093467578291893,0.00017814000602811575
1580,0.11864008754491806,0.09312506020069122,0.02173653244972229,0.00037784918094985187
1581,0.11657407879829407,0.09361743181943893,0.021876242011785507,0.00010804082558024675
1582,0.11861001700162888,0.0939599871635437,0.02301713265478611,0.00016328982019331306
1583,0.11657263338565826,0.09334560483694077,0.02206188254058361,0.00011651424574665725
1584,0.11767210066318512,0.09323592483997345,0.021729661151766777,0.00027065130416303873
1585,0.116837278008461,0.09366229176521301,0.022564789280295372,6.1019389249850065e-05
1586,0.11702574789524078,0.09356801956892014,0.022809328511357307,6.484014011221007e-05
1587,0.11694826185703278,0.09307861328125,0.021981235593557358,0.0001888406404759735
1588,0.1167948842048645,0.0930393636226654,0.022109270095825195,0.00016462491475977004
1589,0.1168757975101471,0.09336680173873901,0.02287789061665535,6.311100150924176e-05
1590,0.11666738986968994,0.09337399154901505,0.02269698493182659,5.964145020698197e-05
1591,0.11683854460716248,0.09300883859395981,0.022069154307246208,0.00017605521134100854
1592,0.11658020317554474,0.09303318709135056,0.022193484008312225,0.0001353531115455553
1593,0.11674806475639343,0.09338059276342392,0.02278975583612919,5.777199476142414e-05
1594,0.11654677242040634,0.09339464455842972,0.022557305172085762,5.9482543292688206e-05
1595,0.11660725623369217,0.09322720021009445,0.02202305756509304,0.0001356996945105493
1596,0.1165604293346405,0.09322275966405869,0.02210378833115101,0.00012338867236394435
1597,0.11650118976831436,0.09338416904211044,0.02258838713169098,5.286309533403255e-05
1598,0.11653795838356018,0.0935053676366806,0.02248542569577694,5.471620534081012e-05
1599,0.11644735932350159,0.09341835230588913,0.022031303495168686,9.97708339127712e-05
1600,0.11651827394962311,0.09323832392692566,0.022099588066339493,0.00011803650704678148
1601,0.1163840964436531,0.09329696744680405,0.022490739822387695,5.9638707170961425e-05
1602,0.11649936437606812,0.0934794545173645,0.02247113175690174,5.4877840739209205e-05
1603,0.11633377522230148,0.09338050335645676,0.022101953625679016,8.513175998814404e-05
1604,0.11645658314228058,0.093133844435215,0.022120444104075432,0.0001202294442919083
1605,0.11631149798631668,0.09310699999332428,0.022476673126220703,7.278239354491234e-05
1606,0.11640678346157074,0.09322763979434967,0.022528033703565598,6.511026003863662e-05
1607,0.1162961944937706,0.09323351830244064,0.022153157740831375,9.095110726775602e-05
1608,0.11637607961893082,0.09302815794944763,0.022149911150336266,0.00011980099225183949
1609,0.11627622693777084,0.09283598512411118,0.02256878837943077,8.714544674148783e-05
1610,0.11634605377912521,0.0929502546787262,0.022615090012550354,7.80709451646544e-05
1611,0.11626912653446198,0.09314354509115219,0.022177422419190407,9.481590677751228e-05
1612,0.11631180346012115,0.09295998513698578,0.02216288447380066,0.00011889362940564752
1613,0.11625774949789047,0.09270491451025009,0.022608473896980286,9.443634917261079e-05
1614,0.1162925586104393,0.09283231198787689,0.022640962153673172,8.192851964849979e-05
1615,0.11624643206596375,0.09307511895895004,0.02216496504843235,0.00010063504305435345
1616,0.11627425253391266,0.09300397336483002,0.022111084312200546,0.00011591910879360512
1617,0.11624351143836975,0.09275474399328232,0.022541122511029243,9.476488776272163e-05
1618,0.11626268178224564,0.09274109452962875,0.02261064387857914,9.109474922297522e-05
1619,0.11623598635196686,0.0929824635386467,0.022185659036040306,0.00010678609396563843
1620,0.11625544726848602,0.09301546961069107,0.022102292627096176,0.00011376864858902991
1621,0.11623318493366241,0.09274782985448837,0.022471468895673752,0.00010138881043531
1622,0.11624407023191452,0.09264717996120453,0.022606434300541878,9.904608305078e-05
1623,0.116231270134449,0.09280252456665039,0.022291138768196106,0.00011376076872693375
1624,0.11623774468898773,0.09285769611597061,0.022190764546394348,0.00011892805196112022
1625,0.11623029410839081,0.0927080437541008,0.02247697301208973,0.00010452761489432305
1626,0.11622966825962067,0.09257306903600693,0.02259143441915512,0.00010651674529071897
1627,0.11623172461986542,0.09262214601039886,0.022387975826859474,0.0001221605489263311
1628,0.11622492223978043,0.09272614866495132,0.02233058772981167,0.00011681806790875271
1629,0.11622998118400574,0.09268549084663391,0.022469475865364075,0.00010750134970294312
1630,0.1162203699350357,0.09259762614965439,0.02249935083091259,0.00011233890836592764
1631,0.11622876673936844,0.09260060638189316,0.022419888526201248,0.0001208268222399056
1632,0.11621759831905365,0.09265818446874619,0.022416170686483383,0.00011432506289565936
1633,0.11622495949268341,0.09270908683538437,0.022443294525146484,0.00010725773609010503
1634,0.11621665209531784,0.09269072115421295,0.022400543093681335,0.00011253912816755474
1635,0.11622220277786255,0.09262939542531967,0.022404206916689873,0.00011885966523550451
1636,0.116215780377388,0.09264078736305237,0.022479495033621788,0.00010954956815112382
1637,0.11621858179569244,0.09270386397838593,0.022449558600783348,0.00010651586489984766
1638,0.11621581763029099,0.09271757304668427,0.022357013076543808,0.00011412282765377313
1639,0.11621566861867905,0.09266399592161179,0.02241005189716816,0.00011416247434681281
1640,0.11621477454900742,0.09261723607778549,0.022522713989019394,0.00010748267959570512
1641,0.1162131205201149,0.09265623241662979,0.022474149242043495,0.00010827436199178919
1642,0.11621411144733429,0.09270886331796646,0.02236991934478283,0.00011353293666616082
1643,0.11621122807264328,0.09267067164182663,0.022421158850193024,0.00011193998216185719
1644,0.11621268093585968,0.09261759370565414,0.0225268192589283,0.00010682666470529512
1645,0.11621006578207016,0.09263628721237183,0.022482533007860184,0.00010912517609540373
1646,0.11621139198541641,0.09268216043710709,0.022394519299268723,0.00011347170220687985
1647,0.11620892584323883,0.09268757700920105,0.022431660443544388,0.00010896936873905361
1648,0.11620970070362091,0.09265013784170151,0.022497892379760742,0.00010616688086884096
1649,0.11620815098285675,0.09263952821493149,0.022466668859124184,0.00011019541852874681
1650,0.11620809882879257,0.09267844259738922,0.022422824054956436,0.00011068389721913263
1651,0.11620713770389557,0.09269916266202927,0.022441893815994263,0.00010660805128281936
1652,0.11620663106441498,0.09268305450677872,0.02246040292084217,0.00010631759505486116
1653,0.11620630323886871,0.09266801923513412,0.022445712238550186,0.0001092567399609834
1654,0.11620528250932693,0.09267452359199524,0.022444600239396095,0.00010861585178645328
1655,0.11620518565177917,0.09270014613866806,0.022451002150774002,0.0001054033127729781
1656,0.11620412021875381,0.09270712733268738,0.022432250902056694,0.00010647423914633691
1657,0.11620410531759262,0.09268397092819214,0.02242807298898697,0.00010920599743258208
1658,0.11620298027992249,0.09267484396696091,0.02245803363621235,0.00010701049177441746
1659,0.11620287597179413,0.0926908403635025,0.02245764434337616,0.00010543932148721069
1660,0.11620201170444489,0.09270390123128891,0.02241969108581543,0.00010784216283354908
1661,0.11620171368122101,0.09269340336322784,0.022423285990953445,0.00010850260878214613
1662,0.11620103567838669,0.09267152845859528,0.022464467212557793,0.00010650353215169162
1663,0.11620055884122849,0.0926765576004982,0.022459879517555237,0.00010641207336448133
1664,0.11620012670755386,0.09269721060991287,0.02242065779864788,0.00010822570038726553
1665,0.11619948595762253,0.09269307553768158,0.02242623269557953,0.000108017869933974
1666,0.11619911342859268,0.09267710894346237,0.02246013469994068,0.00010618686792440712
1667,0.11619845032691956,0.09267700463533401,0.02245212346315384,0.00010693223885027692
1668,0.11619813740253448,0.09269154816865921,0.0224230345338583,0.00010835502325790003
1669,0.11619748175144196,0.09270012378692627,0.022428076714277267,0.00010692787327570841
1670,0.11619710177183151,0.09269020706415176,0.0224453154951334,0.00010615831706672907
1671,0.11619655042886734,0.09268414229154587,0.022437753155827522,0.00010746560292318463
1672,0.11619611829519272,0.09269380569458008,0.0224262997508049,0.00010760149598354474
1673,0.11619561165571213,0.09270096570253372,0.022430073469877243,0.00010645740258041769
1674,0.11619510501623154,0.09269829094409943,0.022432005032896996,0.00010648070747265592
1675,0.11619467288255692,0.09269026666879654,0.0224289707839489,0.00010754356480902061
1676,0.11619412899017334,0.09268833696842194,0.022433439269661903,0.00010723520972533152
1677,0.11619371175765991,0.09269633889198303,0.02243475429713726,0.0001062617520801723
1678,0.11619316041469574,0.09269753843545914,0.022425632923841476,0.0001069990757969208
1679,0.11619274318218231,0.09268967807292938,0.0224269051104784,0.00010761600424302742
1680,0.11619221419095993,0.09268572926521301,0.02243935503065586,0.00010671311611076817
1681,0.11619175970554352,0.09268991649150848,0.022436082363128662,0.00010657611710485071
1682,0.11619126796722412,0.09269597381353378,0.022422203794121742,0.00010730911890277639
1683,0.11619076877832413,0.09269247204065323,0.02242627553641796,0.00010720157297328115
1684,0.11619031429290771,0.09268619865179062,0.02243867889046669,0.00010654347715899348
1685,0.11618980765342712,0.09269016236066818,0.0224325992166996,0.00010670427582226694
1686,0.1161893680691719,0.09269603341817856,0.022420890629291534,0.00010724437015596777
1687,0.11618885397911072,0.09269525855779648,0.022426089271903038,0.00010675034718587995
1688,0.1161883994936943,0.09269095212221146,0.02243415266275406,0.00010632933845045045
1689,0.11618789285421371,0.09269046038389206,0.022428588941693306,0.00010688437760109082
1690,0.11618742346763611,0.09269561618566513,0.02242284268140793,0.00010689671034924686
1691,0.1161869466304779,0.09269663691520691,0.02242659591138363,0.00010637121158652008
1692,0.11618644744157791,0.09269262105226517,0.022428937256336212,0.000106489060271997
1693,0.1161859929561615,0.09269123524427414,0.02242637798190117,0.00010683836444513872
1694,0.1161855012178421,0.09269309043884277,0.022426065057516098,0.0001066342374542728
1695,0.1161850243806839,0.09269530326128006,0.022426394745707512,0.00010633265628712252
1696,0.1161845400929451,0.09269344806671143,0.022424625232815742,0.00010664663568604738
1697,0.11618407815694809,0.09269001334905624,0.022425880655646324,0.00010681791900424287
1698,0.11618358641862869,0.09269105643033981,0.02242833375930786,0.00010641930566634983
1699,0.11618310958147049,0.09269319474697113,0.022425219416618347,0.00010646929149515927
1700,0.11618261784315109,0.09269265085458755,0.022422224283218384,0.00010677445970941335
1701,0.11618213355541229,0.09269014000892639,0.02242608182132244,0.00010659099643817171
1702,0.1161816418170929,0.0926893875002861,0.022428270429372787,0.00010639856191119179
1703,0.11618116497993469,0.09269207715988159,0.02242332324385643,0.00010657626262400299
1704,0.11618069559335709,0.09269265085458755,0.022421199828386307,0.000106684303318616
1705,0.11618020385503769,0.09269054979085922,0.022425269708037376,0.00010643815039657056
1706,0.11617971956729889,0.09268998354673386,0.02242571860551834,0.00010640155960572883
1707,0.1161792203783989,0.09269136935472488,0.02242143638432026,0.00010664190631359816
1708,0.11617875099182129,0.09269265085458755,0.022420886904001236,0.00010652073251549155
1709,0.11617825925350189,0.09269126504659653,0.02242337353527546,0.00010636222577886656
1710,0.11617778986692429,0.09268976747989655,0.022422775626182556,0.0001065245087374933
1711,0.1161772757768631,0.09269063919782639,0.022420885041356087,0.00010657520033419132
1712,0.1161767914891243,0.0926913470029831,0.02242114767432213,0.000106429448351264
1713,0.1161763072013855,0.09269065409898758,0.02242141216993332,0.00010642434790497646
1714,0.1161758154630661,0.092689149081707,0.02242095209658146,0.00010657179518602788
1715,0.1161753311753273,0.09268900007009506,0.02242124453186989,0.00010650819604052231
1716,0.1161748468875885,0.0926901325583458,0.022420844063162804,0.0001063868185156025
1717,0.11617433279752731,0.09268975257873535,0.02241945080459118,0.00010651302000042051
1718,0.11617382615804672,0.09268868714570999,0.022419806569814682,0.00010653371282387525
1719,0.11617334187030792,0.09268848598003387,0.022420840337872505,0.00010640202526701614
1720,0.11617284268140793,0.09268926829099655,0.022419339045882225,0.00010642303095664829
1721,0.11617235839366913,0.09268973022699356,0.022417664527893066,0.00010649607429513708
1722,0.11617185175418854,0.09268876910209656,0.022418789565563202,0.00010642906272551045
1723,0.11617135256528854,0.09268844872713089,0.022419439628720284,0.00010634669888531789
1724,0.11617086827754974,0.09268906712532043,0.022417573258280754,0.00010642229608492926
1725,0.11617035418748856,0.0926893875002861,0.022416699677705765,0.00010642648703651503
1726,0.11616984754800797,0.0926888957619667,0.02241777814924717,0.00010631752229528502
1727,0.11616933345794678,0.0926881805062294,0.022417688742280006,0.00010634679347276688
1728,0.11616884171962738,0.09268858283758163,0.022416377440094948,0.00010638798994477838
1729,0.11616832762956619,0.09268892556428909,0.022416166961193085,0.00010632342309691012
1730,0.1161678209900856,0.09268847852945328,0.022416451945900917,0.00010628938616719097
1731,0.11616730690002441,0.09268791228532791,0.02241603657603264,0.00010633635247359052
1732,0.11616680771112442,0.09268791973590851,0.022415634244680405,0.0001063253657775931
1733,0.11616627871990204,0.09268835186958313,0.022415388375520706,0.00010625423601595685
1734,0.11616576462984085,0.09268802404403687,0.02241489291191101,0.00010628469317452982
1735,0.11616525799036026,0.09268748015165329,0.022414766252040863,0.00010630126780597493
1736,0.11616472899913788,0.09268748760223389,0.022414863109588623,0.00010623818525345996
1737,0.11616422981023788,0.09268772602081299,0.022414183244109154,0.000106231847894378
1738,0.1161637082695961,0.09268768876791,0.02241344004869461,0.00010625779395923018
1739,0.11616319417953491,0.09268718212842941,0.022413719445466995,0.00010622904665069655
1740,0.11616267263889313,0.09268712252378464,0.022413691505789757,0.00010618529631756246
1741,0.11616212129592896,0.09268731623888016,0.02241268754005432,0.00010621181718306616
1742,0.11616160720586777,0.09268725663423538,0.022412238642573357,0.00010621068940963596
1743,0.11616107076406479,0.09268693625926971,0.022412525489926338,0.00010616137296892703
1744,0.116160549223423,0.09268665313720703,0.022412177175283432,0.00010617140651447698
1745,0.11616000533103943,0.09268679469823837,0.022411372512578964,0.00010618437954690307
1746,0.11615948379039764,0.0926867350935936,0.022411193698644638,0.0001061562288668938
1747,0.11615893989801407,0.09268635511398315,0.022411182522773743,0.00010614049097057432
1748,0.11615841090679169,0.09268606454133987,0.022410735487937927,0.00010616133658913895
1749,0.11615785956382751,0.09268602728843689,0.022410321980714798,0.00010615160135785118
1750,0.11615733057260513,0.09268602728843689,0.022410068660974503,0.00010612348705762997
1751,0.11615677177906036,0.09268560260534286,0.022409753873944283,0.00010614196071401238
1752,0.11615623533725739,0.09268535673618317,0.02240946888923645,0.00010614059283398092
1753,0.11615569144487381,0.09268530458211899,0.02240919880568981,0.00010611843754304573
1754,0.11615514010190964,0.09268525242805481,0.02240869030356407,0.00010611947072902694
1755,0.11615458875894547,0.09268496185541153,0.022408319637179375,0.00010613067570375279
1756,0.11615403741598129,0.09268467873334885,0.022408215329051018,0.00010611381003400311
1757,0.11615348607301712,0.09268464893102646,0.02240782044827938,0.00010610176832415164
1758,0.11615291237831116,0.09268449246883392,0.022407229989767075,0.00010611889592837542
1759,0.11615235358476639,0.09268428385257721,0.02240699902176857,0.00010610747995087877
1760,0.11615178734064102,0.09268397837877274,0.02240685746073723,0.00010609524179017171
1761,0.11615122109651566,0.09268385916948318,0.02240634150803089,0.000106102364952676
1762,0.11615065485239029,0.09268371760845184,0.02240588143467903,0.00010610600293148309
1763,0.11615008860826492,0.09268347918987274,0.022405698895454407,0.00010609096352709457
1764,0.11614950001239777,0.09268317371606827,0.02240540087223053,0.00010609290620777756
1765,0.1161489337682724,0.09268298000097275,0.022404931485652924,0.00010610214667394757
1766,0.11614836007356644,0.09268288314342499,0.02240457758307457,0.00010608988668536767
1767,0.11614777147769928,0.09268257766962051,0.022404300048947334,0.00010608939192024991
1768,0.11614716053009033,0.09268230199813843,0.022403912618756294,0.00010609501623548567
1769,0.11614660173654556,0.09268210083246231,0.022403568029403687,0.00010609298624331132
1770,0.11614599823951721,0.09268197417259216,0.022403188049793243,0.00010608343291096389
1771,0.11614540219306946,0.09268167614936829,0.022402793169021606,0.000106093029899057
1772,0.1161448135972023,0.09268142282962799,0.022402489557862282,0.00010609028686303645
1773,0.11614421010017395,0.09268122166395187,0.02240215241909027,0.00010608392767608166
1774,0.1161435917019844,0.09268102794885635,0.02240169048309326,0.00010608723823679611
1775,0.11614298820495605,0.09268077462911606,0.022401312366127968,0.00010609053424559534
1776,0.11614236235618591,0.09268048405647278,0.02240103669464588,0.00010608422599034384
1777,0.11614175885915756,0.09268029779195786,0.022400617599487305,0.00010608442244119942
1778,0.11614114046096802,0.09268005937337875,0.02240016497671604,0.00010609149467200041
1779,0.11614052206277847,0.09267982095479965,0.022399840876460075,0.00010608577576931566
1780,0.11613988876342773,0.09267949312925339,0.022399522364139557,0.00010608710726955906
1781,0.116139255464077,0.09267928451299667,0.022399062290787697,0.00010609074524836615
1782,0.11613862216472626,0.09267901629209518,0.02239867113530636,0.00010609353194013238
1783,0.11613798886537552,0.09267877042293549,0.02239833027124405,0.00010608863522065803
1784,0.11613734811544418,0.09267841279506683,0.022397955879569054,0.00010609797755023465
1785,0.11613669246435165,0.09267820417881012,0.022397523745894432,0.00010609616583678871
1786,0.11613602936267853,0.09267787635326385,0.022397153079509735,0.00010610021854517981
1787,0.1161353588104248,0.09267763793468475,0.02239673025906086,0.0001060991853591986
1788,0.11613469570875168,0.09267723560333252,0.022396359592676163,0.00010611068137222901
1789,0.11613403260707855,0.09267707914113998,0.02239593118429184,0.00010610213939798996
1790,0.11613336205482483,0.09267663210630417,0.022395553067326546,0.0001061174989445135
1791,0.1161326915025711,0.09267651289701462,0.02239508368074894,0.0001061095972545445
1792,0.11613200604915619,0.09267594665288925,0.02239476889371872,0.00010612922778818756
1793,0.11613130569458008,0.09267594665288925,0.022394252941012383,0.00010611034667817876
1794,0.11613062024116516,0.09267520159482956,0.02239394001662731,0.00010614804341457784
1795,0.11612989008426666,0.09267541021108627,0.02239336632192135,0.00010611150355543941
1796,0.11612920463085175,0.09267430752515793,0.022393187507987022,0.00010617083171382546
1797,0.11612848937511444,0.09267503023147583,0.02239241637289524,0.00010610427125357091
1798,0.11612776666879654,0.09267318993806839,0.022392434999346733,0.00010621422552503645
1799,0.11612705141305923,0.09267491847276688,0.022391386330127716,0.00010607445437926799
1800,0.11612632125616074,0.09267155081033707,0.022391866892576218,0.00010629101598169655
1801,0.11612560600042343,0.09267548471689224,0.0223900955170393,0.00010600269888527691
1802,0.11612491309642792,0.09266882389783859,0.022391635924577713,0.000106444837001618
1803,0.11612424999475479,0.09267768263816833,0.022388318553566933,0.00010582494724076241
1804,0.11612372100353241,0.09266344457864761,0.022392330691218376,0.00010679421393433586
1805,0.11612347513437271,0.09268394112586975,0.02238539420068264,0.00010541377560002729
1806,0.1161239743232727,0.09265174716711044,0.022395608946681023,0.000107661442598328
1807,0.11612621694803238,0.09270048886537552,0.02238031104207039,0.00010454144648974761
1808,0.11613290756940842,0.0926240086555481,0.022407371550798416,0.00011015323980245739
1809,0.11615070700645447,0.09274454414844513,0.02237376943230629,0.00010323965398129076
1810,0.11619752645492554,0.09255537390708923,0.02245309017598629,0.00011890580208273605
1811,0.11631821095943451,0.09286581724882126,0.022391825914382935,0.00010605646093608811
1812,0.11663664132356644,0.09238756448030472,0.022669997066259384,0.0001579082163516432
1813,0.117423877120018,0.09321297705173492,0.02266039326786995,0.00015505093324463814
1814,0.11933748424053192,0.09204589575529099,0.023806888610124588,0.0003484693297650665
1815,0.12249366194009781,0.09402479976415634,0.024097125977277756,0.00043717422522604465
1816,0.1254725158214569,0.09166861325502396,0.02666858583688736,0.0007135322666727006
1817,0.12067373096942902,0.09367808699607849,0.023536408320069313,0.0003459239669609815
1818,0.1163213774561882,0.09260132163763046,0.022895148023962975,8.249078382505104e-05
1819,0.11957543343305588,0.09214144200086594,0.024768536910414696,0.0002665453648660332
1820,0.11712351441383362,0.09364133328199387,0.022414233535528183,0.00010679529077606276
1821,0.11776065081357956,0.09353938698768616,0.022881949320435524,0.0001339316222583875
1822,0.11744246631860733,0.09222879260778427,0.024010470137000084,0.00012031992810079828
1823,0.11731356382369995,0.09340336173772812,0.022657150402665138,0.00012530531967058778
1824,0.11721163988113403,0.0948307067155838,0.021646136417984962,7.347967766690999e-05
1825,0.11722809821367264,0.09334959834814072,0.023194672539830208,6.838311674073339e-05
1826,0.11696916818618774,0.09220433980226517,0.024008236825466156,7.565914711449295e-05
1827,0.11718142032623291,0.09373363107442856,0.022153347730636597,0.00012944400077685714
1828,0.11687707901000977,0.09438087791204453,0.021616527810692787,8.796743350103498e-05
1829,0.11701041460037231,0.09255948662757874,0.023889653384685516,5.6127239076886326e-05
1830,0.11698692291975021,0.09197834879159927,0.024306010454893112,7.025704690022394e-05
1831,0.11675738543272018,0.09358033537864685,0.022203370928764343,9.736802894622087e-05
1832,0.1170310378074646,0.09395414590835571,0.021981598809361458,0.00010952957381960005
1833,0.11663304269313812,0.09255858510732651,0.023436667397618294,6.377953832270578e-05
1834,0.11686820536851883,0.09256016463041306,0.02362140826880932,6.86632192810066e-05
1835,0.1166975274682045,0.09388968348503113,0.022299502044916153,5.0834289140766487e-05
1836,0.11662696301937103,0.09392362833023071,0.02202385850250721,6.79477016092278e-05
1837,0.11675585806369781,0.09294473379850388,0.022875329479575157,9.357923408970237e-05
1838,0.11649054288864136,0.0930049940943718,0.02293543517589569,5.501125633600168e-05
1839,0.11667254567146301,0.09370768070220947,0.02243148908019066,5.3337120334617794e-05
1840,0.1164795309305191,0.09335841983556747,0.022528288885951042,5.928202881477773e-05
1841,0.11652117222547531,0.09270071983337402,0.023092176765203476,7.282708247657865e-05
1842,0.11647611111402512,0.09302158653736115,0.022720040753483772,7.344857294810936e-05
1843,0.11641290783882141,0.09352114051580429,0.022205058485269547,6.867051706649363e-05
1844,0.11641182005405426,0.09303348511457443,0.022754283621907234,6.240510992938653e-05
1845,0.11635772138834,0.09249568730592728,0.023188835009932518,6.731975736329332e-05
1846,0.11632572114467621,0.09301477670669556,0.02241775579750538,8.93189717317e-05
1847,0.1163283959031105,0.09357693046331406,0.021910952404141426,8.405154949286953e-05
1848,0.1162579134106636,0.09302296489477158,0.02253524214029312,6.997038144618273e-05
1849,0.1162954792380333,0.0923725888133049,0.023071108385920525,8.517770038452e-05
1850,0.1162087544798851,0.09274830669164658,0.022537657991051674,9.227915143128484e-05
1851,0.11626286059617996,0.09331516176462173,0.0220194049179554,9.282909741159528e-05
1852,0.11619023233652115,0.09290782362222672,0.022364923730492592,9.174881415674463e-05
1853,0.11623658984899521,0.09225848317146301,0.022988634184002876,9.894727554637939e-05
1854,0.11618883907794952,0.0924856886267662,0.022726573050022125,9.765745198819786e-05
1855,0.1162160187959671,0.09308960288763046,0.02206907793879509,0.0001057339904946275
1856,0.11619152873754501,0.09293889254331589,0.02216482348740101,0.00010878153261728585
1857,0.11620361357927322,0.09237608313560486,0.02273290418088436,0.00010946236579911783
1858,0.11619753390550613,0.09241430461406708,0.022646933794021606,0.00011362959776306525
1859,0.11619246751070023,0.0928705483675003,0.022151213139295578,0.00011706988152582198
1860,0.11619793623685837,0.09284862130880356,0.02215837687253952,0.00011909356544492766
1861,0.11618112772703171,0.09238237887620926,0.022598817944526672,0.00011999277194263414
1862,0.11619333177804947,0.0922500342130661,0.022748421877622604,0.00011948743485845625
1863,0.11617167294025421,0.09257626533508301,0.022401567548513412,0.000119383679702878
1864,0.11618492007255554,0.09272945672273636,0.022213274613022804,0.00012421884457580745
1865,0.11616101115942001,0.09245441854000092,0.02251029573380947,0.00011962962162215263
1866,0.11617333441972733,0.09228350967168808,0.022720661014318466,0.00011691647523548454
1867,0.11615297198295593,0.092526875436306,0.022432060912251472,0.00011940357944695279
1868,0.11616280674934387,0.09276571869850159,0.022209882736206055,0.00011872037430293858
1869,0.11614741384983063,0.09261637181043625,0.02239092066884041,0.00011401152733014897
1870,0.11615409702062607,0.09239111840724945,0.022618744522333145,0.00011442400136729702
1871,0.11614376306533813,0.09249365329742432,0.02252425253391266,0.00011258608719799668
1872,0.11614780128002167,0.09272515773773193,0.022306891158223152,0.00011157578410347924
1873,0.11614249646663666,0.0926680639386177,0.022363312542438507,0.00011111205822089687
1874,0.11614347994327545,0.0924457311630249,0.022607609629631042,0.00010901365749305114
1875,0.11614135652780533,0.09246951341629028,0.0225854329764843,0.00010864075011340901
1876,0.11614024639129639,0.0926877036690712,0.0223554614931345,0.00010970846778945997
1877,0.11614041030406952,0.09270963817834854,0.02234874665737152,0.00010820255556609482
1878,0.11613798886537552,0.09252631664276123,0.022534305229783058,0.00010773692338261753
1879,0.11613935232162476,0.09248997271060944,0.022564951330423355,0.00010844293865375221
1880,0.11613592505455017,0.09265266358852386,0.02241109311580658,0.00010721706348704174
1881,0.11613741517066956,0.09270605444908142,0.02235395275056362,0.00010774053953355178
1882,0.11613371968269348,0.0925629585981369,0.022492580115795135,0.00010781824676087126
1883,0.1161351352930069,0.09249523282051086,0.022575654089450836,0.00010642504639690742
1884,0.11613143235445023,0.09261610358953476,0.022446822375059128,0.00010685100278351456
1885,0.11613249778747559,0.09269878268241882,0.022355925291776657,0.00010777882562251762
1886,0.11612910032272339,0.09261199831962585,0.022449005395174026,0.00010681036656023934
1887,0.11612974852323532,0.0925423726439476,0.022516511380672455,0.00010708667832659557
1888,0.11612681299448013,0.092623770236969,0.02242785133421421,0.0001075196560123004
1889,0.11612720042467117,0.09270565956830978,0.022344233468174934,0.0001077307024388574
1890,0.11612465977668762,0.09264686703681946,0.022394955158233643,0.00010828413360286504
1891,0.1161247193813324,0.09256526082754135,0.022477682679891586,0.0001081780792446807
1892,0.11612272262573242,0.09260301291942596,0.022438254207372665,0.00010814533743541688
1893,0.11612258851528168,0.09267392754554749,0.022354817017912865,0.00010938404739135876
1894,0.11612097918987274,0.09264024347066879,0.022388450801372528,0.0001092285820050165
1895,0.11612068116664886,0.09256947040557861,0.022463519126176834,0.00010876985470531508
1896,0.1161193773150444,0.09259482473134995,0.022428438067436218,0.00010961153748212382
1897,0.1161189079284668,0.09266691654920578,0.022354373708367348,0.00010976201156154275
1898,0.11611786484718323,0.09265802800655365,0.02236681804060936,0.00010930121061392128
1899,0.11611729860305786,0.0926009938120842,0.02242133393883705,0.00010949647548841313
1900,0.11611635237932205,0.09261388331651688,0.022409334778785706,0.00010931320139206946
1901,0.11611567437648773,0.09267433732748032,0.02235022932291031,0.00010911065328400582
1902,0.11611483991146088,0.09267089515924454,0.022353071719408035,0.00010908729018410668
1903,0.11611410975456238,0.0926188975572586,0.0224093459546566,0.00010858628229470924
1904,0.11611329764127731,0.09262347966432571,0.02240574359893799,0.00010840761387953535
1905,0.11611252278089523,0.09267471730709076,0.02235342189669609,0.00010843775817193091
1906,0.11611171066761017,0.09267641603946686,0.022355597466230392,0.0001079694993677549
1907,0.1161109209060669,0.09263571351766586,0.022397160530090332,0.00010780449520098045
1908,0.11611015349626541,0.09263904392719269,0.022394001483917236,0.00010771097731776536
1909,0.11610935628414154,0.09268070012331009,0.02235596254467964,0.00010726889013312757
1910,0.11610860377550125,0.09268253296613693,0.022353891283273697,0.00010721747094066814
1911,0.11610782146453857,0.09264813363552094,0.02238958701491356,0.00010700937855290249
1912,0.11610706895589828,0.09264789521694183,0.022394780069589615,0.00010643940913723782
1913,0.11610627919435501,0.09268008172512054,0.022362112998962402,0.00010640853724908084
1914,0.11610555648803711,0.0926826149225235,0.022359836846590042,0.00010631106124492362
1915,0.11610478162765503,0.09265696257352829,0.02238985151052475,0.00010579669469734654
1916,0.11610406637191772,0.09265837073326111,0.022389082238078117,0.00010566081618890166
1917,0.11610329151153564,0.09268563985824585,0.022361431270837784,0.00010562267561908811
1918,0.11610260605812073,0.09268935024738312,0.022359084337949753,0.00010541672236286104
1919,0.11610184609889984,0.0926688015460968,0.022380130365490913,0.00010529169958317652
1920,0.11610111594200134,0.09266746044158936,0.02238231711089611,0.00010513349116081372
1921,0.11610035598278046,0.09268669039011002,0.022362276911735535,0.0001051392246154137
1922,0.11609963327646255,0.09268739074468613,0.022360092028975487,0.0001052147927111946
1923,0.11609888076782227,0.09266822785139084,0.02238067239522934,0.00010499839845579118
1924,0.11609814316034317,0.09266575425863266,0.022382378578186035,0.00010500127245904878
1925,0.11609741300344467,0.09268180280923843,0.022363513708114624,0.00010520978685235605
1926,0.11609666049480438,0.09268289804458618,0.022362692281603813,0.00010510659194551408
1927,0.11609592288732529,0.09266790002584457,0.022377215325832367,0.00010508092236705124
1928,0.11609518527984619,0.09266751259565353,0.022375497967004776,0.00010521733929635957
1929,0.1160944402217865,0.09268158674240112,0.022360797971487045,0.00010520525393076241
1930,0.11609368771314621,0.09268129616975784,0.022359929978847504,0.00010524586832616478
1931,0.11609295010566711,0.09266793727874756,0.022372234612703323,0.00010527828999329358
1932,0.11609220504760742,0.09266805648803711,0.022371646016836166,0.00010525017569307238
1933,0.11609145998954773,0.09267910569906235,0.022358791902661324,0.00010535613546380773
1934,0.11609072983264923,0.09267713874578476,0.02235971949994564,0.00010538694186834618
1935,0.11608999967575073,0.09266640990972519,0.022370044142007828,0.00010535401088418439
1936,0.11608923971652985,0.09266837686300278,0.022366471588611603,0.00010543930693529546
1937,0.11608850955963135,0.09267739951610565,0.022356394678354263,0.0001054722088156268
1938,0.11608776450157166,0.09267454594373703,0.02235829085111618,0.00010549302533036098
1939,0.11608701944351196,0.09266620129346848,0.022365538403391838,0.00010552813182584941
1940,0.11608627438545227,0.0926685482263565,0.022362874820828438,0.00010548558930167928
1941,0.11608554422855377,0.09267470240592957,0.022355487570166588,0.00010553526954026893
1942,0.11608479171991348,0.09267112612724304,0.02235804870724678,0.00010556175402598456
1943,0.11608406156301498,0.09266506880521774,0.022364463657140732,0.00010545296390773728
1944,0.1160833016037941,0.0926680937409401,0.022360607981681824,0.0001054602034855634
1945,0.116082563996315,0.09267318248748779,0.022354524582624435,0.00010548540012678131
1946,0.11608180403709412,0.09267047047615051,0.0223573949187994,0.00010539403592702001
1947,0.11608108133077621,0.09266670793294907,0.022360894829034805,0.00010534778994042426
1948,0.11608031392097473,0.09267005324363708,0.022357037290930748,0.00010532230226090178
1949,0.11607956886291504,0.09267377853393555,0.022352950647473335,0.00010528447455726564
1950,0.11607880890369415,0.09267070144414902,0.022355765104293823,0.00010523453238420188
1951,0.11607807874679565,0.09266763180494308,0.022358952090144157,0.00010514950554352254
1952,0.11607731133699417,0.09267064929008484,0.02235536463558674,0.00010513027518754825
1953,0.11607657372951508,0.09267307817935944,0.022352419793605804,0.00010510794527363032
1954,0.11607582122087479,0.09266999363899231,0.022355686873197556,0.00010501352517167106
1955,0.1160750538110733,0.09266828745603561,0.022356951609253883,0.00010498143819859251
1956,0.11607430875301361,0.0926717147231102,0.02235301211476326,0.00010495753667782992
1957,0.11607354879379272,0.09267325699329376,0.022351369261741638,0.00010489243868505582
1958,0.11607278883457184,0.09267034381628036,0.022353891283273697,0.00010485490201972425
1959,0.11607202887535095,0.09266981482505798,0.022354211658239365,0.00010479956108611077
1960,0.11607126891613007,0.09267287701368332,0.022350825369358063,0.00010475646558916196
1961,0.11607050150632858,0.09267313778400421,0.022350043058395386,0.00010473229485796764
1962,0.1160697266459465,0.09267063438892365,0.022352440282702446,0.00010466505045769736
1963,0.11606897413730621,0.09267117828130722,0.022351544350385666,0.0001046257239067927
1964,0.11606819927692413,0.09267371147871017,0.022348396480083466,0.00010460901830811054
1965,0.11606743186712265,0.09267330914735794,0.022348493337631226,0.00010456330346642062
1966,0.11606667190790176,0.09267161786556244,0.022349756211042404,0.00010452912101754919
1967,0.11606588214635849,0.0926726683974266,0.022348253056406975,0.00010449578985571861
1968,0.116065114736557,0.09267428517341614,0.022346071898937225,0.00010447563545312732
1969,0.11606433987617493,0.09267329424619675,0.0223464984446764,0.00010445487714605406
1970,0.11606356501579285,0.09267213195562363,0.022347407415509224,0.00010440307960379869
1971,0.11606279015541077,0.09267324954271317,0.022345663979649544,0.00010438767640152946
1972,0.11606200784444809,0.09267421811819077,0.022344015538692474,0.00010437705350341275
1973,0.11606123298406601,0.09267326444387436,0.0223446823656559,0.0001043281372403726
1974,0.11606042832136154,0.09267278015613556,0.022344620898365974,0.00010430307884234935
1975,0.11605966091156006,0.09267409145832062,0.022342704236507416,0.00010428631503600627
1976,0.11605885624885559,0.09267465025186539,0.022341663017868996,0.00010425429354654625
1977,0.11605807393789291,0.09267368912696838,0.022342149168252945,0.000104223690868821
1978,0.11605728417634964,0.09267362207174301,0.022341759875416756,0.00010419025056762621
1979,0.11605649441480637,0.09267474710941315,0.02234002575278282,0.00010417148587293923
1980,0.1160556823015213,0.09267472475767136,0.022339534014463425,0.0001041430004988797
1981,0.11605489253997803,0.09267383813858032,0.022340020164847374,0.00010410300455987453
1982,0.11605408787727356,0.09267421066761017,0.022339029237627983,0.00010408455273136497
1983,0.11605329811573029,0.09267514199018478,0.02233758196234703,0.00010405778448330238
1984,0.11605249345302582,0.09267476201057434,0.022337481379508972,0.00010402481711935252
1985,0.11605168133974075,0.09267421811819077,0.022337468340992928,0.00010399957682238892
1986,0.11605086922645569,0.0926748737692833,0.02233632653951645,0.00010396703146398067
1987,0.11605005711317062,0.09267532080411911,0.02233528345823288,0.00010394507262390107
1988,0.11604923754930496,0.09267472475767136,0.02233537845313549,0.00010391342220827937
1989,0.1160484328866005,0.0926746129989624,0.022335046902298927,0.00010387736256234348
1990,0.11604763567447662,0.09267529100179672,0.0223337821662426,0.00010385663335910067
1991,0.11604679375886917,0.09267538040876389,0.022333156317472458,0.00010382634354755282
1992,0.11604596674442291,0.09267496317625046,0.022333072498440742,0.00010379322338849306
1993,0.11604513227939606,0.09267517179250717,0.02233230695128441,0.00010376588033977896
1994,0.11604433506727219,0.09267570078372955,0.02233123406767845,0.00010373952682130039
1995,0.11604349315166473,0.09267555922269821,0.022330807521939278,0.00010371315147494897
1996,0.11604267358779907,0.09267529100179672,0.02233058027923107,0.00010367996583227068
1997,0.11604181677103043,0.09267558157444,0.02232969179749489,0.00010365482012275606
1998,0.11604099720716476,0.09267585724592209,0.022328799590468407,0.00010363358160248026
1999,0.11604014784097672,0.09267561137676239,0.022328533232212067,0.00010360018495703116
2000,0.11603929847478867,0.09267552942037582,0.022328021004796028,0.0001035748136928305
2001,0.11603844910860062,0.09267589449882507,0.022327031940221786,0.00010355222184443846
2002,0.11603760719299316,0.09267603605985641,0.022326329723000526,0.00010352434765081853
2003,0.11603677272796631,0.09267579764127731,0.022325996309518814,0.00010349748481530696
2004,0.11603591591119766,0.09267591685056686,0.022325290367007256,0.00010347050556447357
2005,0.11603503674268723,0.09267622232437134,0.022324342280626297,0.00010344738984713331
2006,0.11603418737649918,0.09267615526914597,0.022323833778500557,0.00010341979941586033
2007,0.11603333055973053,0.09267602115869522,0.022323397919535637,0.00010339114669477567
2008,0.11603246629238129,0.09267628192901611,0.022322503849864006,0.0001033681255648844
2009,0.11603157967329025,0.09267645329236984,0.02232171595096588,0.00010334132821299136
2010,0.1160307303071022,0.09267633408308029,0.022321254014968872,0.00010331453813705593
2011,0.11602985113859177,0.09267637133598328,0.022320594638586044,0.00010328813368687406
2012,0.11602897942066193,0.09267663955688477,0.022319717332720757,0.00010326242045266554
2013,0.11602809280157089,0.09267663955688477,0.022319070994853973,0.00010323795868316665
2014,0.11602720618247986,0.092676542699337,0.022318581119179726,0.00010320822184439749
2015,0.11602632701396942,0.09267669171094894,0.022317804396152496,0.00010318322892999277
2016,0.11602544784545898,0.09267684817314148,0.02231701835989952,0.0001031577485264279
2017,0.11602453887462616,0.0926767885684967,0.02231645956635475,0.0001031293286359869
2018,0.11602364480495453,0.0926768109202385,0.022315803915262222,0.00010310242214472964
2019,0.1160227507352829,0.09267700463533401,0.02231498993933201,0.00010307576303603128
2020,0.11602184176445007,0.09267707169055939,0.022314278408885002,0.00010304931493010372
2021,0.11602094024419785,0.0926770269870758,0.022313708439469337,0.00010302056762157008
2022,0.11602003127336502,0.09267712384462357,0.02231297269463539,0.00010299340647179633
2023,0.11601912975311279,0.0926772728562355,0.022312182933092117,0.00010296735854353756
2024,0.11601819097995758,0.09267725795507431,0.02231154590845108,0.00010293898958479986
2025,0.11601727455854416,0.09267725795507431,0.022310901433229446,0.00010291119542671368
2026,0.11601635068655014,0.09267738461494446,0.02231011353433132,0.00010288498742738739
2027,0.11601541936397552,0.09267746657133102,0.022309375926852226,0.00010285782627761364
2028,0.1160144954919815,0.09267745167016983,0.02230874076485634,0.0001028299011522904
2029,0.11601356416940689,0.0926775112748146,0.022308021783828735,0.00010280292917741463
2030,0.11601263284683228,0.09267764538526535,0.022307220846414566,0.0001027766484185122
2031,0.11601167917251587,0.09267764538526535,0.022306546568870544,0.000102748948847875
2032,0.11601073294878006,0.09267764538526535,0.022305872291326523,0.00010272164945490658
2033,0.11600979417562485,0.0926777571439743,0.02230508252978325,0.00010269526683259755
2034,0.11600883305072784,0.09267781674861908,0.022304333746433258,0.00010266798926750198
2035,0.11600787192583084,0.09267780929803848,0.022303646430373192,0.00010264156298944727
2036,0.11600691825151443,0.09267788380384445,0.022302895784378052,0.00010261390707455575
2037,0.11600594967603683,0.09267797321081161,0.02230209670960903,0.00010258791735395789
2038,0.11600495874881744,0.09267797321081161,0.02230137214064598,0.0001025614546961151
2039,0.11600399762392044,0.0926780179142952,0.02230064570903778,0.000102533696917817
2040,0.11600302904844284,0.09267809242010117,0.022299857810139656,0.00010250834748148918
2041,0.11600204557180405,0.09267812222242355,0.022299109026789665,0.00010248114267596975
2042,0.11600104719400406,0.09267813712358475,0.022298356518149376,0.00010245492740068585
2043,0.11600004136562347,0.09267818182706833,0.022297585383057594,0.00010242780263070017
2044,0.11599905788898468,0.0926782414317131,0.022296791896224022,0.00010240228584734723
2045,0.11599805951118469,0.09267827868461609,0.022296030074357986,0.00010237536480417475
2046,0.1159970611333847,0.09267829358577728,0.022295277565717697,0.00010234824731014669
2047,0.11599604785442352,0.09267835319042206,0.022294461727142334,0.00010232298518531024
2048,0.11599503457546234,0.09267840534448624,0.02229367569088936,0.00010229535837424919
2049,0.11599401384592056,0.09267841279506683,0.02229289524257183,0.0001022701253532432
2050,0.11599297821521759,0.09267844259738922,0.02229212038218975,0.00010224167635897174
2051,0.11599195748567581,0.0926784947514534,0.022291287779808044,0.00010221761476714164
2052,0.11599094420671463,0.09267853945493698,0.022290516644716263,0.00010218869283562526
2053,0.11598989367485046,0.09267853945493698,0.022289713844656944,0.00010216386726824567
2054,0.1159888282418251,0.09267857670783997,0.022288884967565536,0.00010213631321676075
2055,0.11598779261112213,0.09267862886190414,0.022288065403699875,0.00010211014887318015
2056,0.11598673462867737,0.09267862886190414,0.022287270054221153,0.00010208358435193077
2057,0.1159856915473938,0.09267867356538773,0.02228645049035549,0.00010205660510109738
2058,0.11598461866378784,0.09267869591712952,0.022285616025328636,0.00010203057172475383
2059,0.11598356068134308,0.0926787257194519,0.022284798324108124,0.0001020034178509377
2060,0.11598248034715652,0.0926787480711937,0.02228395827114582,0.00010197734081884846
2061,0.11598140001296997,0.09267877787351608,0.022283121943473816,0.00010194999777013436
2062,0.11598031222820282,0.09267880022525787,0.022282276302576065,0.00010192419722443447
2063,0.11597920954227448,0.09267880767583847,0.02228143997490406,0.00010189659224124625
2064,0.11597812920808792,0.09267883747816086,0.022280579432845116,0.0001018708135234192
2065,0.11597702652215958,0.09267886728048325,0.022279728204011917,0.00010184289567405358
2066,0.11597590893507004,0.09267887473106384,0.022278863936662674,0.00010181774268858135
2067,0.1159748062491417,0.09267890453338623,0.022278010845184326,0.00010178917727898806
2068,0.11597368866205215,0.09267891198396683,0.02227713167667389,0.00010176433715969324
2069,0.11597255617380142,0.09267892688512802,0.022276265546679497,0.00010173628834309056
2070,0.11597143858671188,0.09267895668745041,0.02227538451552391,0.00010171037865802646
2071,0.11597029119729996,0.09267894923686981,0.022274507209658623,0.00010168322478421032
2072,0.11596915125846863,0.0926789715886116,0.02227361686527729,0.0001016567402984947
2073,0.1159679964184761,0.0926789790391922,0.022272713482379913,0.00010163021215703338
2074,0.11596684902906418,0.0926789864897728,0.022271838039159775,0.00010160270903725177
2075,0.11596568673849106,0.0926789939403534,0.022270917892456055,0.00010157749056816101
2076,0.11596452444791794,0.09267901629209518,0.022270023822784424,0.00010154839401366189
2077,0.11596333980560303,0.09267900139093399,0.02226909250020981,0.00010152479080716148
2078,0.11596216261386871,0.09267902374267578,0.022268196567893028,0.00010149404261028394
2079,0.11596096307039261,0.09267901629209518,0.022267233580350876,0.0001014719091472216
2080,0.1159597858786583,0.09267902374267578,0.022266367450356483,0.00010143965482711792
2081,0.11595859378576279,0.09267903119325638,0.022265363484621048,0.000101419173006434
2082,0.11595738679170609,0.09267903864383698,0.022264497354626656,0.00010138519428437576
2083,0.11595616489648819,0.09267900884151459,0.022263487800955772,0.00010136667697224766
2084,0.1159549281001091,0.09267901629209518,0.022262606769800186,0.00010133034083992243
2085,0.1159537136554718,0.0926789939403534,0.022261573001742363,0.00010131440649274737
2086,0.11595248430967331,0.09267902374267578,0.02226071245968342,0.00010127524728886783
2087,0.11595124006271362,0.0926789864897728,0.022259628400206566,0.000101262608950492
2088,0.11594998836517334,0.09267900139093399,0.022258799523115158,0.00010121897503267974
2089,0.11594872921705246,0.09267895668745041,0.022257652133703232,0.00010121265950147063
2090,0.11594744771718979,0.092678964138031,0.02225688099861145,0.00010116046905750409
2091,0.11594618856906891,0.09267891198396683,0.02225562185049057,0.00010116544581251219
2092,0.11594492197036743,0.09267895668745041,0.022254986688494682,0.00010109785216627643
2093,0.11594361811876297,0.09267884492874146,0.022253533825278282,0.0001011239510262385
2094,0.1159423217177391,0.09267894178628922,0.02225310355424881,0.00010102785745402798
2095,0.11594101786613464,0.0926787480711937,0.022251347079873085,0.00010109271534020081
2096,0.11593971401453018,0.09267895668745041,0.022251324728131294,0.00010094373283209279
2097,0.11593838781118393,0.09267862886190414,0.022248949855566025,0.000101081321190577
2098,0.11593706905841827,0.0926789864897728,0.022249765694141388,0.00010083202505484223
2099,0.11593573540449142,0.09267842769622803,0.022246213629841805,0.00010110971197718754
2100,0.11593438684940338,0.09267911314964294,0.022248633205890656,0.0001006643142318353
2101,0.11593305319547653,0.09267804771661758,0.02224278822541237,0.00010122133971890435
2102,0.11593171209096909,0.092679463326931,0.02224845439195633,0.00010037966421805322
2103,0.11593039333820343,0.09267736971378326,0.022237904369831085,0.00010151205060537905
2104,0.11592913419008255,0.09268026053905487,0.022250382229685783,9.984905773308128e-05
2105,0.11592794209718704,0.09267601370811462,0.02222989685833454,0.00010220304829999804
2106,0.11592698842287064,0.09268205612897873,0.022256944328546524,9.8798620456364e-05
2107,0.11592655628919601,0.09267310798168182,0.02221503108739853,0.00010384160123066977
2108,0.11592726409435272,0.0926862433552742,0.02227414771914482,9.668739221524447e-05
2109,0.11593059450387955,0.09266677498817444,0.022184697911143303,0.00010791194654302672
2110,0.11593987792730331,0.09269601106643677,0.02231665700674057,9.272087481804192e-05
2111,0.11596296727657318,0.09265266358852386,0.022119663655757904,0.00011906413419637829
2112,0.11601773649454117,0.09271959215402603,0.022421829402446747,8.76316407811828e-05
2113,0.1161469966173172,0.09262177348136902,0.021980471909046173,0.00015447515761479735
2114,0.1164403110742569,0.09277799725532532,0.022689014673233032,9.732981561683118e-05
2115,0.1170932874083519,0.09256412088871002,0.021716641262173653,0.0002812528400681913
2116,0.11831603944301605,0.09291451424360275,0.023331912234425545,0.00020696129649877548
2117,0.12012887001037598,0.09254970401525497,0.021412318572402,0.0006166844977997243
2118,0.12055493146181107,0.09310021251440048,0.023933205753564835,0.00035215113894082606
2119,0.1183178573846817,0.09297581017017365,0.021481018513441086,0.00038610256160609424
2120,0.11608368158340454,0.09311109781265259,0.022148497402668,8.240895112976432e-05
2121,0.11783182621002197,0.09354658424854279,0.022749468684196472,0.00015357720258180052
2122,0.1177426129579544,0.09367803484201431,0.021002594381570816,0.0003061977040488273
2123,0.1160534992814064,0.09368901699781418,0.021596046164631844,7.68440222600475e-05
2124,0.117414690554142,0.0932227298617363,0.023040052503347397,0.00011519109830260277
2125,0.11660080403089523,0.09322287887334824,0.021548856049776077,0.00018290654406882823
2126,0.11640214920043945,0.09323670715093613,0.02167588286101818,0.00014895538333803415
2127,0.11699816584587097,0.09281008690595627,0.023356426507234573,8.316510502481833e-05
2128,0.1160603016614914,0.09304045140743256,0.02215101383626461,8.688364323461428e-05
2129,0.11679136008024216,0.09334331750869751,0.021440239623188972,0.00020078069064766169
2130,0.11613865941762924,0.09312918782234192,0.02243872731924057,5.707464515580796e-05
2131,0.11648323386907578,0.0930904969573021,0.02269075997173786,7.019816985120997e-05
2132,0.11623837053775787,0.09343656152486801,0.02160678431391716,0.00011950276530114934
2133,0.11626758426427841,0.09338751435279846,0.021735763177275658,0.00011443032417446375
2134,0.11629027873277664,0.09322766959667206,0.02250097692012787,5.616288399323821e-05
2135,0.11613927781581879,0.09337978810071945,0.022222377359867096,5.371138468035497e-05
2136,0.11627741158008575,0.09350141882896423,0.021626876667141914,0.00011491179611766711
2137,0.11607550084590912,0.09339942038059235,0.021729854866862297,9.462243906455114e-05
2138,0.11622215807437897,0.09327977150678635,0.022324340417981148,6.180468335514888e-05
2139,0.11601945012807846,0.09325229376554489,0.022143855690956116,6.233021122170612e-05
2140,0.11617768555879593,0.09316731989383698,0.021723510697484016,0.00012868543853983283
2141,0.11597052216529846,0.09304342418909073,0.02203752100467682,8.895756036508828e-05
2142,0.11614847928285599,0.0929107815027237,0.022566329687833786,6.713663606205955e-05
2143,0.11595282703638077,0.09290634840726852,0.022153250873088837,8.932272612582892e-05
2144,0.11608673632144928,0.0929374098777771,0.02186417765915394,0.00012851483188569546
2145,0.1159462034702301,0.09289591759443283,0.022226344794034958,8.23945811134763e-05
2146,0.11603827774524689,0.09288900345563889,0.022329866886138916,8.194081601686776e-05
2147,0.11593890190124512,0.09299707412719727,0.021909106522798538,0.00010327239579055458
2148,0.1159944012761116,0.09290789812803268,0.021951045840978622,0.00011354641173966229
2149,0.11594933271408081,0.09281431883573532,0.022253623232245445,8.813878957880661e-05
2150,0.115955650806427,0.09295062720775604,0.022140972316265106,8.640487067168579e-05
2151,0.11595029383897781,0.09286515414714813,0.021967263892292976,0.00011178749991813675
2152,0.11593174934387207,0.09268601983785629,0.022109394893050194,0.00011363346129655838
2153,0.11594890803098679,0.09283339232206345,0.022199898958206177,9.156187297776341e-05
2154,0.1159055307507515,0.09281393885612488,0.022088613361120224,0.00010029734403360635
2155,0.11594565212726593,0.09258150309324265,0.0221097469329834,0.0001254402450285852
2156,0.1158987358212471,0.09261532127857208,0.022238368168473244,0.0001045049139065668
2157,0.11593177914619446,0.09266819059848785,0.02226370945572853,9.998856694437563e-05
2158,0.11589527875185013,0.09258238971233368,0.0221859198063612,0.00011269653623457998
2159,0.11591804772615433,0.09252457320690155,0.022225510329008102,0.00011679638555506244
2160,0.1158963218331337,0.092595174908638,0.02226550504565239,0.00010356382699683309
2161,0.11589840799570084,0.09272060543298721,0.022156016901135445,0.00010217879025731236
2162,0.1158977746963501,0.09261900931596756,0.02215287834405899,0.00011258877930231392
2163,0.11588700860738754,0.09254684299230576,0.022237202152609825,0.00011029646702809259
2164,0.11589541286230087,0.09273651987314224,0.022179115563631058,9.797764505492523e-05
2165,0.11587703973054886,0.09268791973590851,0.022161688655614853,0.00010274253145325929
2166,0.11589016765356064,0.09252931922674179,0.02223571389913559,0.00011251352407271042
2167,0.11587265133857727,0.09266135841608047,0.022202732041478157,0.00010085634130518883
2168,0.11587988585233688,0.0927114263176918,0.022169504314661026,9.989496174966916e-05
2169,0.11586911976337433,0.09259629249572754,0.02220175415277481,0.00010710700007621199
2170,0.11587073653936386,0.09258230775594711,0.0222258772701025,0.00010625478171277791
2171,0.11586721986532211,0.09264258295297623,0.022216765210032463,0.00010078670311486349
2172,0.11586092412471771,0.09265422821044922,0.02220062166452408,0.00010060771455755457
2173,0.11586319655179977,0.09256355464458466,0.022239260375499725,0.00010603807459119707
2174,0.11585433781147003,0.09259670972824097,0.022226819768548012,0.00010308094351785257
2175,0.11585735529661179,0.09272590279579163,0.022157270461320877,9.741822577780113e-05
2176,0.11584874242544174,0.0926453247666359,0.022189177572727203,0.00010142372047994286
2177,0.11585013568401337,0.09261539578437805,0.022195445373654366,0.00010392935655545443
2178,0.11584531515836716,0.09273198246955872,0.02214095927774906,9.723789116833359e-05
2179,0.11584288626909256,0.09269148856401443,0.022176098078489304,9.753005724633113e-05
2180,0.11584094166755676,0.09263749420642853,0.022189904004335403,0.00010135506454389542
2181,0.11583607643842697,0.09268542379140854,0.02215406484901905,9.965884237317368e-05
2182,0.11583606153726578,0.09270535409450531,0.022161083295941353,9.696251072455198e-05
2183,0.11583054810762405,0.09267726540565491,0.022170886397361755,9.82397177722305e-05
2184,0.11582985520362854,0.09264817833900452,0.02216557040810585,0.00010161101818084717
2185,0.1158256083726883,0.09268852323293686,0.022155942395329475,9.811463678488508e-05
2186,0.11582363396883011,0.09268752485513687,0.02217358723282814,9.625202073948458e-05
2187,0.11582095921039581,0.09263217449188232,0.022183213382959366,0.00010055738675873727
2188,0.11581721156835556,0.09267890453338623,0.022145763039588928,9.925446647685021e-05
2189,0.11581554263830185,0.09270107746124268,0.02215512841939926,9.59335156949237e-05
2190,0.11581151932477951,0.09266745299100876,0.02216314896941185,9.809241601033136e-05
2191,0.11580980569124222,0.09269176423549652,0.0221235528588295,9.944917837856337e-05
2192,0.11580611765384674,0.09269756823778152,0.02213982306420803,9.687244892120361e-05
2193,0.11580351740121841,0.09268935024738312,0.02215290628373623,9.612556459615007e-05
2194,0.11580084264278412,0.09268634021282196,0.022126927971839905,9.875715477392077e-05
2195,0.11579740792512894,0.09267961233854294,0.022133618593215942,9.841744031291455e-05
2196,0.1157950833439827,0.09269680827856064,0.022138776257634163,9.595042502041906e-05
2197,0.11579146981239319,0.09268220514059067,0.0221274271607399,9.818342368816957e-05
2198,0.11578898131847382,0.09267053008079529,0.022123325616121292,9.951260290108621e-05
2199,0.11578582972288132,0.0926828607916832,0.022133510559797287,9.694614709587768e-05
2200,0.11578275263309479,0.0926700159907341,0.022135477513074875,9.772622433956712e-05
2201,0.11577995121479034,0.09266763925552368,0.022117994725704193,9.943143231794238e-05
2202,0.11577652394771576,0.09266688674688339,0.02212764509022236,9.819928527576849e-05
2203,0.11577381193637848,0.09267506748437881,0.022123662754893303,9.750786557560787e-05
2204,0.11577053368091583,0.092679962515831,0.022102084010839462,9.884854080155492e-05
2205,0.1157674491405487,0.09265973418951035,0.022116659209132195,9.910506923915818e-05
2206,0.11576436460018158,0.09267677366733551,0.022111888974905014,9.757011866895482e-05
2207,0.11576102674007416,0.0926758348941803,0.022101089358329773,9.841018618317321e-05
2208,0.11575803905725479,0.09265287965536118,0.022111015394330025,9.941484313458204e-05
2209,0.11575465649366379,0.09266840666532516,0.022104645147919655,9.816053352551535e-05
2210,0.1157514825463295,0.09266772121191025,0.022099055349826813,9.847075853031129e-05
2211,0.11574821174144745,0.09265373647212982,0.02210076153278351,9.937105642165989e-05
2212,0.11574482917785645,0.09265115112066269,0.022104034200310707,9.896420669974759e-05
2213,0.11574161797761917,0.0926576554775238,0.022098354995250702,9.856106771621853e-05
2214,0.1157381609082222,0.09264975041151047,0.02209734544157982,9.910694643622264e-05
2215,0.11573480814695358,0.09263794869184494,0.022102728486061096,9.94130750768818e-05
2216,0.1157313883304596,0.09265758842229843,0.022088028490543365,9.857727854978293e-05
2217,0.11572787910699844,0.09264898300170898,0.022090096026659012,9.888019121717662e-05
2218,0.11572446674108505,0.09263937920331955,0.022091686725616455,9.934016270563006e-05
2219,0.11572087556123734,0.09265314787626266,0.02208108827471733,9.866409527603537e-05
2220,0.11571735888719559,0.09264487773180008,0.022086115553975105,9.863645391305909e-05
2221,0.11571378260850906,0.09264054149389267,0.02208268642425537,9.905539627652615e-05
2222,0.11571010947227478,0.09264270216226578,0.02207828499376774,9.891272202366963e-05
2223,0.11570649594068527,0.0926455557346344,0.022076347842812538,9.84596335911192e-05
2224,0.11570277810096741,0.09263613075017929,0.022077126428484917,9.895157563732937e-05
2225,0.11569905281066895,0.09263516962528229,0.02207360602915287,9.902790770865977e-05
2226,0.11569532006978989,0.09263970702886581,0.0220714770257473,9.841407154453918e-05
2227,0.11569146811962128,0.09262857586145401,0.022074585780501366,9.88302199402824e-05
2228,0.11568764597177505,0.09263302385807037,0.022065240889787674,9.893829701468349e-05
2229,0.11568378657102585,0.09263177216053009,0.02206704020500183,9.849722846411169e-05
2230,0.11567983031272888,0.09263106435537338,0.02206312119960785,9.856444376055151e-05
2231,0.1156758964061737,0.09262751787900925,0.02205945923924446,9.889168723020703e-05
2232,0.11567188799381256,0.09262775629758835,0.022059563547372818,9.845649037742987e-05
2233,0.11566784232854843,0.09262752532958984,0.022056084126234055,9.842312283581123e-05
2234,0.11566376686096191,0.09262148290872574,0.02205388993024826,9.883916209219024e-05
2235,0.11565960943698883,0.09262416511774063,0.022050675004720688,9.847767796600237e-05
2236,0.11565544456243515,0.0926196500658989,0.022050805389881134,9.849909838521853e-05
2237,0.1156512126326561,0.09261875599622726,0.022044755518436432,9.876984404399991e-05
2238,0.11564695090055466,0.09261185675859451,0.022048287093639374,9.868041524896398e-05
2239,0.11564263701438904,0.09261580556631088,0.02204175665974617,9.850675996858627e-05
2240,0.11563827842473984,0.09260748326778412,0.022041969001293182,9.888271597446874e-05
2241,0.11563385277986526,0.09260865300893784,0.022037886083126068,9.873161616269499e-05
2242,0.11562938243150711,0.09260579198598862,0.022036653012037277,9.86942250165157e-05
2243,0.11562485992908478,0.09260524064302444,0.022031154483556747,9.884712198982015e-05
2244,0.11562029272317886,0.09259754419326782,0.022033600136637688,9.89145555649884e-05
2245,0.11561565846204758,0.09260290116071701,0.022025467827916145,9.872904047369957e-05
2246,0.11561097204685211,0.09259307384490967,0.022027838975191116,9.900593431666493e-05
2247,0.11560624837875366,0.09259616583585739,0.022020619362592697,9.894687536871061e-05
2248,0.11560145020484924,0.09258785098791122,0.022023331373929977,9.902697638608515e-05
2249,0.11559662222862244,0.09259384125471115,0.022013060748577118,9.897191193886101e-05
2250,0.11559171974658966,0.09257479012012482,0.022023532539606094,9.934000991052017e-05
2251,0.11558680236339569,0.0925946980714798,0.022002791985869408,9.89310719887726e-05
2252,0.11558184027671814,0.09256064146757126,0.022025683894753456,9.95518421404995e-05
2253,0.11557698994874954,0.09259974211454391,0.021987562999129295,9.89686232060194e-05
2254,0.11557234823703766,0.09253526479005814,0.02203686162829399,0.00010002269118558615
2255,0.11556843668222427,0.09262628108263016,0.021956373006105423,9.85778751783073e-05
2256,0.11556635051965714,0.0924755111336708,0.022077299654483795,0.00010135419142898172
2257,0.11556915938854218,0.0927046462893486,0.021885069087147713,9.794432116905227e-05
2258,0.11558535695075989,0.09233269840478897,0.022200029343366623,0.00010526343976380304
2259,0.1156371682882309,0.09292828291654587,0.02172034978866577,9.885319013847038e-05
2260,0.11579421162605286,0.09194859117269516,0.02261221781373024,0.00012333961785770953
2261,0.11622002720832825,0.09359069913625717,0.02140919864177704,0.00012201329082017764
2262,0.11747022718191147,0.09092354029417038,0.024274183437228203,0.00022724994050804526
2263,0.12001578509807587,0.09534826874732971,0.02145250514149666,0.0003215018368791789
2264,0.12493269145488739,0.08910700678825378,0.029952598735690117,0.0005873083719052374
2265,0.1227896511554718,0.0960393100976944,0.021501174196600914,0.0005249161622487009
2266,0.11658191680908203,0.09115903824567795,0.024473782628774643,9.490976663073525e-05
2267,0.11835671216249466,0.09116309136152267,0.024460233747959137,0.00027333860634826124
2268,0.11866465955972672,0.09567546844482422,0.02099165879189968,0.0001997533836401999
2269,0.11646504700183868,0.09301770478487015,0.022535033524036407,9.123078052653e-05
2270,0.11846346408128738,0.09202950447797775,0.023152317851781845,0.0003281642566435039
2271,0.116063192486763,0.0932336077094078,0.02202535979449749,8.042227273108438e-05
2272,0.11768835037946701,0.09358848631381989,0.022075176239013672,0.00020246862550266087
2273,0.11622937023639679,0.09282730519771576,0.022243419662117958,0.00011586496839299798
2274,0.11707623302936554,0.09119083732366562,0.024703577160835266,0.00011818176426459104
2275,0.11579479277133942,0.09266775846481323,0.022259404882788658,8.67631024448201e-05
2276,0.11695408076047897,0.09457290172576904,0.020907288417220116,0.00014738921890966594
2277,0.1157226711511612,0.09260988980531693,0.022248676046729088,8.641042222734541e-05
2278,0.11656276136636734,0.0919058546423912,0.023338232189416885,0.0001318668364547193
2279,0.11572808027267456,0.09299950301647186,0.02195063978433609,7.779406587360427e-05
2280,0.11644486337900162,0.09427923709154129,0.020986180752515793,0.00011794462625402957
2281,0.11572514474391937,0.09296786040067673,0.021576371043920517,0.00011809133138740435
2282,0.11645197123289108,0.09136831015348434,0.024129677563905716,9.539778693579137e-05
2283,0.11603683978319168,0.09332381188869476,0.020992977544665337,0.00017200449656229466
2284,0.11671055108308792,0.09296931326389313,0.022400902584195137,0.00013403341290540993
2285,0.11678577959537506,0.09279390424489975,0.021722078323364258,0.00022697978420183063
2286,0.11739561706781387,0.09084426611661911,0.025577276945114136,9.740771929500625e-05
2287,0.11680027842521667,0.09363649040460587,0.020814547315239906,0.00023492435866501182
2288,0.11646515130996704,0.09266847372055054,0.022623538970947266,0.00011731388804037124
2289,0.11577394604682922,0.09211312979459763,0.022423069924116135,0.00012377490929793566
2290,0.11597515642642975,0.09217089414596558,0.022495217621326447,0.00013090424181427807
2291,0.11598969250917435,0.09255027025938034,0.022591203451156616,8.482170233037323e-05
2292,0.11602283269166946,0.09344187378883362,0.021166812628507614,0.00014141428982838988
2293,0.1156751811504364,0.09236519783735275,0.02251051366329193,7.994698535185307e-05
2294,0.11590079218149185,0.09187149256467819,0.023298554122447968,7.307431224035099e-05
2295,0.11582759022712708,0.09300582855939865,0.02144027128815651,0.00013814902922604233
2296,0.11573348939418793,0.09288971871137619,0.021928254514932632,9.155143925454468e-05
2297,0.11567717045545578,0.09209302812814713,0.02280997671186924,7.74166255723685e-05
2298,0.1157914400100708,0.09223894029855728,0.022229136899113655,0.00013233654317446053
2299,0.11557692289352417,0.09247574210166931,0.022223088890314102,8.780985081102699e-05
2300,0.11565325409173965,0.09269247949123383,0.02211884595453739,8.419300866080448e-05
2301,0.11566103994846344,0.09243842214345932,0.022010598331689835,0.00012120169412810355
2302,0.11557403206825256,0.09194862097501755,0.02278875559568405,8.3665203419514e-05
2303,0.11555881798267365,0.09264404326677322,0.0220581516623497,8.56625847518444e-05
2304,0.11559958755970001,0.09297007322311401,0.02142368070781231,0.00012058331776643172
2305,0.11555050313472748,0.09205400943756104,0.022688183933496475,8.083162538241595e-05
2306,0.11547627300024033,0.09236084669828415,0.022293685004115105,8.217422873713076e-05
2307,0.11557598412036896,0.09310596436262131,0.021357690915465355,0.00011123259901069105
2308,0.1154741421341896,0.09236236661672592,0.022289078682661057,8.226968930102885e-05
2309,0.11547797918319702,0.09216713905334473,0.02239314652979374,9.176948515232652e-05
2310,0.11546436697244644,0.09275176376104355,0.021615806967020035,0.00010967917478410527
2311,0.11547344923019409,0.09249921143054962,0.02210819162428379,8.660505409352481e-05
2312,0.11540409922599792,0.09223984181880951,0.022217314690351486,9.4693670689594e-05
2313,0.11542809754610062,0.09243106096982956,0.021958818659186363,0.00010382160689914599
2314,0.11540904641151428,0.09243597835302353,0.022117983549833298,8.550854545319453e-05
2315,0.11537289619445801,0.09245315194129944,0.021917618811130524,0.00010021269554272294
2316,0.11537814885377884,0.09235790371894836,0.021969622001051903,0.0001050623832270503
2317,0.11536354571580887,0.09231359511613846,0.022196395322680473,8.535548840882257e-05
2318,0.11534907668828964,0.09258551895618439,0.021782193332910538,9.813714132178575e-05
2319,0.11532808840274811,0.09243957698345184,0.02186530828475952,0.00010232016211375594
2320,0.11533811688423157,0.09221719950437546,0.0222327820956707,8.88137801666744e-05
2321,0.11530060321092606,0.09251030534505844,0.02179058827459812,9.997132292483002e-05
2322,0.11530020833015442,0.09243404120206833,0.021819528192281723,0.00010466412641108036
2323,0.11528521031141281,0.09217740595340729,0.02217777632176876,9.300250530941412e-05
2324,0.11527368426322937,0.09240582585334778,0.02184808999300003,0.00010197699157288298
2325,0.11525477468967438,0.0923505425453186,0.02187877893447876,0.0001025456003844738
2326,0.11524605751037598,0.09220779687166214,0.022061122581362724,9.7713949799072e-05
2327,0.11523964256048203,0.09238561242818832,0.02179441973567009,0.00010596137872198597
2328,0.11521341651678085,0.09227509051561356,0.021931838244199753,0.0001006490783765912
2329,0.11521092057228088,0.09226512163877487,0.021943964064121246,0.0001001831260509789
2330,0.11519547551870346,0.0924077033996582,0.021740982308983803,0.00010467889660503715
2331,0.1151818111538887,0.09221578389406204,0.02198513224720955,9.808876347960904e-05
2332,0.11516597867012024,0.09227734804153442,0.021865619346499443,0.00010230076441075653
2333,0.1151529923081398,0.0923590362071991,0.021741697564721107,0.00010522577940719202
2334,0.11514316499233246,0.09215245395898819,0.02201356366276741,9.771432087291032e-05
2335,0.11512217670679092,0.09226026386022568,0.021831776946783066,0.00010301403381163254
2336,0.11511118710041046,0.09227686375379562,0.021803351119160652,0.00010309710341971368
2337,0.11509708315134048,0.09213542938232422,0.021979881450533867,9.817672980716452e-05
2338,0.11508207768201828,0.09225096553564072,0.02178691327571869,0.00010441991616971791
2339,0.11506585776805878,0.09219955652952194,0.021854791790246964,0.00010115041368408129
2340,0.11504952609539032,0.09217032045125961,0.021890947595238686,9.882630547508597e-05
2341,0.11503716558218002,0.09224244207143784,0.02176404930651188,0.00010306762851541862
2342,0.11501826345920563,0.09213098138570786,0.021894995123147964,9.922860044753179e-05
2343,0.11500167846679688,0.0921950489282608,0.02179575525224209,0.00010108728747582063
2344,0.11498522758483887,0.09217020124197006,0.021789412945508957,0.00010256189125357196
2345,0.1149679645895958,0.09207715839147568,0.02190035581588745,9.904470789479092e-05
2346,0.11495144665241241,0.0921931266784668,0.021737348288297653,0.00010209649917669594
2347,0.11493143439292908,0.09207583218812943,0.021847553551197052,0.0001008045655908063
2348,0.11491350829601288,0.09207736700773239,0.021830584853887558,0.00010055588791146874
2349,0.1148952767252922,0.09214279055595398,0.021730784326791763,0.0001021709103952162
2350,0.1148756891489029,0.09201591461896896,0.02185973711311817,0.00010000384645536542
2351,0.11485597491264343,0.09210722893476486,0.02173505164682865,0.00010136966011486948
2352,0.11483434587717056,0.09204193204641342,0.021791042760014534,0.00010013695282395929
2353,0.1148136630654335,0.09201183170080185,0.02178969979286194,0.00010121327795786783
2354,0.1147925928235054,0.09204823523759842,0.02172749862074852,0.00010168607695959508
2355,0.11477035284042358,0.09194725006818771,0.021826710551977158,9.963929187506437e-05
2356,0.11474800109863281,0.09201771020889282,0.021706920117139816,0.00010233670036541298
2357,0.11472398042678833,0.09192418307065964,0.021798843517899513,0.00010009542893385515
2358,0.11469965428113937,0.09194771200418472,0.02173772267997265,0.0001014218432828784
2359,0.11467510461807251,0.09192438423633575,0.02173183485865593,0.00010188847954850644
2360,0.11464942991733551,0.09188633412122726,0.021758774295449257,0.00010043261136161163
2361,0.11462361365556717,0.0919174775481224,0.021686749532818794,0.0001019390401779674
2362,0.11459686607122421,0.0918230414390564,0.021764231845736504,0.00010095896868733689
2363,0.11456917226314545,0.09189649671316147,0.02164710871875286,0.00010255615779897198
2364,0.11454105377197266,0.09174986183643341,0.02177850715816021,0.00010126840061275288
2365,0.11451190710067749,0.09187022596597672,0.02160973846912384,0.0001031942738336511
2366,0.11448228359222412,0.09168241918087006,0.021789569407701492,0.00010103006934514269
2367,0.11445283144712448,0.09185181558132172,0.021551568061113358,0.00010494507296243683
2368,0.11442431062459946,0.09155832976102829,0.02185773104429245,0.0001008252365863882
2369,0.114400215446949,0.09193084388971329,0.021392421796917915,0.00010769539949251339
2370,0.11439082026481628,0.09128977358341217,0.022104153409600258,9.968974336516112e-05
2371,0.11442452669143677,0.09225261956453323,0.021002110093832016,0.00011698031448759139
2372,0.11460801213979721,0.09056662768125534,0.022996935993433,0.00010444428335176781
2373,0.11525300145149231,0.09345930814743042,0.020053090527653694,0.00017406062397640198
2374,0.11762887984514236,0.08832725882530212,0.027242541313171387,0.00020590811618603766
2375,0.123568594455719,0.09754263609647751,0.019873451441526413,0.0006152507266961038
2376,0.13698819279670715,0.0838797390460968,0.04455802962183952,0.0008550427737645805
2377,0.12521979212760925,0.09704910218715668,0.01988878659904003,0.0008281906484626234
2378,0.11506028473377228,0.09189808368682861,0.021787282079458237,0.00013749164645560086
2379,0.12249041348695755,0.08705178648233414,0.03123319335281849,0.0004205438308417797
2380,0.11536987125873566,0.0924937054514885,0.021448975428938866,0.0001427190436515957
2381,0.12025819718837738,0.096664659678936,0.020185284316539764,0.00034082503407262266
2382,0.11541734635829926,0.09178154170513153,0.02269909530878067,9.367084567202255e-05
2383,0.1187695637345314,0.08896149694919586,0.026790205389261246,0.000301786552881822
2384,0.11535654962062836,0.09117226302623749,0.022717241197824478,0.00014670488599222153
2385,0.11715421825647354,0.09478955715894699,0.020201461389660835,0.0002163205062970519
2386,0.11587978154420853,0.09371783584356308,0.020747944712638855,0.0001414000435033813
2387,0.11587180197238922,0.09060145914554596,0.02395566739141941,0.0001314677210757509
2388,0.1160476878285408,0.08980017900466919,0.025528397411108017,7.191042823251337e-05
2389,0.11532037705183029,0.0915829986333847,0.022716792300343513,0.00010205898433923721
2390,0.11587771773338318,0.09224196523427963,0.021273298189044,0.00023624530876986682
2391,0.11503230035305023,0.09199236333370209,0.022142721340060234,8.972131763584912e-05
2392,0.11607199907302856,0.09166965633630753,0.022795649245381355,0.00016066945681814104
2393,0.11553990095853806,0.09150951355695724,0.023742321878671646,2.880612555600237e-05
2394,0.11500521749258041,0.09197025001049042,0.021708989515900612,0.00013259827392175794
2395,0.11537650227546692,0.09297861903905869,0.021524183452129364,8.737014286452904e-05
2396,0.11511559039354324,0.09136862307786942,0.02297910861670971,7.678593101445585e-05
2397,0.11511904746294022,0.09130846709012985,0.022676385939121246,0.00011341931531205773
2398,0.1152864322066307,0.09245289117097855,0.022280463948845863,5.530756607186049e-05
2399,0.11549587547779083,0.09121513366699219,0.02267777919769287,0.00016029634571168572
2400,0.1149623766541481,0.09253150969743729,0.021510496735572815,9.203693480230868e-05
2401,0.11490342766046524,0.09240230172872543,0.02158481813967228,9.163128561340272e-05
2402,0.11483102291822433,0.09082795679569244,0.023211769759655,7.912961882539093e-05
2403,0.11485961079597473,0.09142592549324036,0.02304428443312645,3.893935718224384e-05
2404,0.11486765742301941,0.09243381023406982,0.021332863718271255,0.00011009839363396168
2405,0.11452669650316238,0.09272249042987823,0.021166184917092323,6.38026322121732e-05
2406,0.11456992477178574,0.09218176454305649,0.02173554338514805,6.526215292979032e-05
2407,0.11451935768127441,0.09214314073324203,0.021530069410800934,8.461466495646164e-05
2408,0.11445724964141846,0.09185173362493515,0.0221692007035017,4.3631291191559285e-05
2409,0.11456358432769775,0.09072105586528778,0.022656163200736046,0.00011863638064824045
2410,0.11423788219690323,0.09176231175661087,0.02167661301791668,7.989568257471547e-05
2411,0.11414995044469833,0.09196143597364426,0.021401479840278625,7.870369154261425e-05
2412,0.11421195417642593,0.09111828356981277,0.022328369319438934,7.652981003047898e-05
2413,0.1141984611749649,0.09177692234516144,0.021839454770088196,5.820861042593606e-05
2414,0.11436529457569122,0.09159818291664124,0.021162794902920723,0.00016043154755607247
2415,0.11423239856958389,0.09156015515327454,0.02171647734940052,9.557646262692288e-05
2416,0.11410088837146759,0.0905434712767601,0.02215811423957348,0.0001399301108904183
2417,0.11392024159431458,0.09145758301019669,0.02171456068754196,7.480979547835886e-05
2418,0.1136779934167862,0.09105109423398972,0.021675027906894684,9.518726437818259e-05
2419,0.11367373913526535,0.09113281220197678,0.021505670621991158,0.0001035258756019175
2420,0.11363743245601654,0.09146866947412491,0.021257957443594933,9.108005178859457e-05
2421,0.11358509212732315,0.09062935411930084,0.021847272291779518,0.000110847111500334
2422,0.11357850581407547,0.09076150506734848,0.021871417760849,9.455833787797019e-05
2423,0.11353478580713272,0.09112715721130371,0.021082814782857895,0.00013248094182927161
2424,0.11337543278932571,0.09109844267368317,0.02130487561225891,9.721151582198218e-05
2425,0.11332142353057861,0.09068530797958374,0.021599430590867996,0.00010366871720179915
2426,0.11324623227119446,0.09092748165130615,0.021193912252783775,0.00011248369992244989
2427,0.11317645758390427,0.09038783609867096,0.02150416374206543,0.0001284454920096323
2428,0.11310982704162598,0.09024998545646667,0.02162025310099125,0.00012395915109664202
2429,0.11309204995632172,0.0907546803355217,0.021195750683546066,0.0001141626198659651
2430,0.11304831504821777,0.09037067741155624,0.02131800353527069,0.00013596304052043706
2431,0.11304984986782074,0.09070920944213867,0.021060705184936523,0.00012799359683413059
2432,0.11325448751449585,0.09010403603315353,0.021327845752239227,0.00018226058455184102
2433,0.11395206302404404,0.09064363688230515,0.02135995589196682,0.00019484689983073622
2434,0.11610904335975647,0.08964212983846664,0.021463735029101372,0.0005003176629543304
2435,0.11993663758039474,0.0918642058968544,0.02114567533135414,0.0006926755886524916
2436,0.12183714658021927,0.08856551349163055,0.02224663645029068,0.0011024997802451253
2437,0.11486329138278961,0.09052835404872894,0.02192647196352482,0.000240846406086348
2438,0.11764829605817795,0.09367328137159348,0.02051777020096779,0.0003457241109572351
2439,0.11585590988397598,0.08984369784593582,0.022165514528751373,0.0003846698673442006
2440,0.11620097607374191,0.08934503048658371,0.02296331897377968,0.0003892619570251554
2441,0.1145637109875679,0.09199445694684982,0.0205870121717453,0.00019822428293991834
2442,0.11463383585214615,0.09145545214414597,0.021384570747613907,0.00017938071687240154
2443,0.11537619680166245,0.08886001259088516,0.024218536913394928,0.0002297645842190832
2444,0.11424938589334488,0.08993218094110489,0.020953623577952385,0.00033635806175880134
2445,0.11443192511796951,0.09166724234819412,0.02090555988252163,0.00018591202388051897
2446,0.11420296132564545,0.0891992375254631,0.023859165608882904,0.00011445544078014791
2447,0.11350613832473755,0.09027676284313202,0.02165308967232704,0.00015762874681968242
2448,0.114713154733181,0.09201370179653168,0.019642725586891174,0.00030567272915504873
2449,0.11395599693059921,0.08833323419094086,0.02442280948162079,0.00011999556591035798
2450,0.11345764994621277,0.08976858109235764,0.021855060011148453,0.000183400436071679
2451,0.11305911839008331,0.09136133641004562,0.019927766174077988,0.00017700179887469858
2452,0.1139238253235817,0.0886586382985115,0.02280125580728054,0.0002463929995428771
2453,0.11237885057926178,0.08926183730363846,0.021522313356399536,0.00015947030624374747
2454,0.11341366171836853,0.09076898545026779,0.020930567756295204,0.00017141137504950166
2455,0.11296746879816055,0.08881688117980957,0.023059438914060593,0.00010911440767813474
2456,0.11257223784923553,0.09088188409805298,0.019952956587076187,0.0001737397105898708
2457,0.11246218532323837,0.09101924300193787,0.020064670592546463,0.00013782779569737613
2458,0.1128707155585289,0.08828285336494446,0.023264337331056595,0.0001323525357292965
2459,0.11186469346284866,0.08997237682342529,0.020751267671585083,0.00011410486331442371
2460,0.11265820264816284,0.09153804183006287,0.0193420872092247,0.00017780718917492777
2461,0.11228550225496292,0.08825775980949402,0.022619668394327164,0.00014080776600167155
2462,0.11196229606866837,0.08922591805458069,0.02136673405766487,0.00013696479436475784
2463,0.11180899292230606,0.09059455990791321,0.019956812262535095,0.00012576233712024987
2464,0.11237338930368423,0.0885382816195488,0.022403547540307045,0.0001431561104254797
2465,0.11145901679992676,0.08998487144708633,0.019997969269752502,0.00014761743659619242
2466,0.11169994622468948,0.08931385725736618,0.020777959376573563,0.0001608123566256836
2467,0.11181668937206268,0.08747310936450958,0.022913552820682526,0.0001430028205504641
2468,0.11182776838541031,0.0906289666891098,0.019325202330946922,0.00018735988123808056
2469,0.11130955815315247,0.08784922957420349,0.021829186007380486,0.00016311442595906556
2470,0.11105750501155853,0.08839394152164459,0.02096044458448887,0.00017031244351528585
2471,0.11098245531320572,0.08919938653707504,0.02008822001516819,0.00016948541451711208
2472,0.11122331023216248,0.0876748189330101,0.02181059867143631,0.00017378893971908838
2473,0.11117195338010788,0.0897824689745903,0.019444800913333893,0.0001944680989254266
2474,0.1113392785191536,0.08653387427330017,0.02287239581346512,0.00019330116629134864
2475,0.1107797920703888,0.08927668631076813,0.0196666456758976,0.00018364604329690337
2476,0.11062818765640259,0.0873403325676918,0.02125866897404194,0.0002029188472079113
2477,0.11030299961566925,0.08830149471759796,0.019899491220712662,0.00021020158601459116
2478,0.11014396697282791,0.08725517243146896,0.020983096212148666,0.00019057048484683037
2479,0.11000668257474899,0.08796589076519012,0.020178966224193573,0.0001861827913671732
2480,0.10983581095933914,0.08749226480722427,0.020247353240847588,0.0002096188982250169
2481,0.10969791561365128,0.08684232085943222,0.020592890679836273,0.00022627032012678683
2482,0.10959585756063461,0.08705674111843109,0.02041470631957054,0.0002124409656971693
2483,0.10947733372449875,0.08649977296590805,0.02083263173699379,0.0002144928730558604
2484,0.10950887203216553,0.08758337795734406,0.01950915902853012,0.00024163344642147422
2485,0.11063962429761887,0.08418987691402435,0.02400640770792961,0.0002443336124997586
2486,0.1170063465833664,0.09207739681005478,0.02131061628460884,0.00036183270276524127
2487,0.14503566920757294,0.07940150797367096,0.05637624114751816,0.0009257933124899864
2488,0.1265326887369156,0.085650734603405,0.021647073328495026,0.001923487987369299
2489,0.13128407299518585,0.0937701091170311,0.027375446632504463,0.0010138512589037418
2490,0.12928296625614166,0.08822544664144516,0.03026346117258072,0.0010794054251164198
2491,0.1260707527399063,0.08650277554988861,0.02603878453373909,0.001352919265627861
2492,0.14193159341812134,0.09941763430833817,0.029843170195817947,0.0012670778669416904
2493,0.1237867996096611,0.08795423805713654,0.028347844257950783,0.0007484716479666531
2494,0.12812145054340363,0.0852322205901146,0.033533670008182526,0.000935556658077985
2495,0.11891622841358185,0.09011401981115341,0.024594303220510483,0.00042079060222022235
2496,0.11827701330184937,0.09184840321540833,0.020570334047079086,0.0005858272779732943
2497,0.12193266302347183,0.09388407319784164,0.022077122703194618,0.0005971466889604926
2498,0.12085738778114319,0.09461481124162674,0.022472109645605087,0.00037704705027863383
2499,0.12010559439659119,0.09156627207994461,0.024998655542731285,0.000354066607542336
2500,0.11787979304790497,0.08893176168203354,0.026409585028886795,0.00025384422042407095
2501,0.1170947477221489,0.08990636467933655,0.02427809126675129,0.0002910293114837259
2502,0.11867640912532806,0.09265976399183273,0.02346132881939411,0.00025553189334459603
2503,0.11555248498916626,0.09283267706632614,0.020730484277009964,0.00019893169519491494
2504,0.11495666950941086,0.09093284606933594,0.02147776447236538,0.0002546059258747846
2505,0.11513801664113998,0.08922986686229706,0.023458193987607956,0.00024499555001966655
2506,0.11551979184150696,0.09012719988822937,0.022915901616215706,0.0002476695808582008
2507,0.11555751413106918,0.09235595911741257,0.020740486681461334,0.0002461067051626742
2508,0.11553557217121124,0.09283820539712906,0.02072789892554283,0.00019694706134032458
2509,0.11477125436067581,0.09156236052513123,0.02101307548582554,0.0002195819979533553
2510,0.11439386010169983,0.08985324949026108,0.02306945249438286,0.00014711650146637112
2511,0.11504901200532913,0.08900539577007294,0.02506512776017189,9.7849071607925e-05
2512,0.11419247090816498,0.08981803059577942,0.02334604412317276,0.00010283962910762057
2513,0.11416648328304291,0.09081359952688217,0.020952079445123672,0.00024008013133425266
2514,0.11359334737062454,0.09002918004989624,0.021182440221309662,0.00023817276814952493
2515,0.11304998397827148,0.08841073513031006,0.023440338671207428,0.00011989121412625536
2516,0.11320918798446655,0.08815407007932663,0.023949265480041504,0.00011058554810006171
2517,0.11223431676626205,0.08936275541782379,0.02152559719979763,0.00013459632464218885
2518,0.11236114054918289,0.09018801897764206,0.020457791164517403,0.0001715335383778438
2519,0.11193236708641052,0.08961467444896698,0.02102486975491047,0.00012928211071994156
2520,0.1118321567773819,0.08877403289079666,0.02226748876273632,7.906346581876278e-05
2521,0.11205334961414337,0.08885855972766876,0.022348226979374886,8.465645805699751e-05
2522,0.11173523962497711,0.0896490216255188,0.02120908536016941,8.771353896008804e-05
2523,0.11177322268486023,0.0899854525923729,0.02069355919957161,0.00010942076187347993
2524,0.11161991208791733,0.08922256529331207,0.020953895524144173,0.000144345365697518
2525,0.11134351044893265,0.08835119009017944,0.02155029959976673,0.00014420249499380589
2526,0.11124390363693237,0.08835919946432114,0.021442990750074387,0.00014417165948543698
2527,0.11092382669448853,0.08879958838224411,0.02078397199511528,0.0001340270828222856
2528,0.11067324131727219,0.08842252194881439,0.02080882154405117,0.00014418961654882878
2529,0.1105622723698616,0.08729732036590576,0.021528929471969604,0.00017360190395265818
2530,0.11034421622753143,0.08693218231201172,0.021812520921230316,0.00015995095600374043
2531,0.11029189079999924,0.08746514469385147,0.02104661613702774,0.0001780128659447655
2532,0.11006485670804977,0.08733702450990677,0.02083439752459526,0.00018934400577563792
2533,0.11002133786678314,0.08631342649459839,0.0215680580586195,0.0002139854186680168
2534,0.10981699824333191,0.08615642040967941,0.02149241603910923,0.00021681614452973008
2535,0.10970134288072586,0.08682730048894882,0.020469075068831444,0.00024049686908256263
2536,0.10941328853368759,0.08627493679523468,0.020849907770752907,0.00022884437930770218
2537,0.10928676277399063,0.0854465439915657,0.021644998341798782,0.0002195218112319708
2538,0.10906119644641876,0.08597081154584885,0.020771563053131104,0.0002318824117537588
2539,0.10890050232410431,0.08608343452215195,0.020412275567650795,0.00024047955230344087
2540,0.10875579714775085,0.08500277251005173,0.021261760964989662,0.0002491262275725603
2541,0.10855957120656967,0.08502303063869476,0.020906273275613785,0.00026302694459445775
2542,0.1084781289100647,0.08553802222013474,0.020221499726176262,0.000271860248176381
2543,0.10826907306909561,0.0845956802368164,0.021002650260925293,0.0002670743560884148
2544,0.10810156911611557,0.08424170315265656,0.021101070567965508,0.00027587960357777774
2545,0.10799010097980499,0.08476785570383072,0.020347198471426964,0.00028750448836945
2546,0.10779023170471191,0.08391445875167847,0.020985474810004234,0.0002890298783313483
2547,0.1076330691576004,0.0834885761141777,0.021077793091535568,0.000306670117424801
2548,0.10753263533115387,0.08395359665155411,0.020434360951185226,0.0003144679358229041
2549,0.10738641768693924,0.08300565183162689,0.02125975675880909,0.00031210132874548435
2550,0.10721676796674728,0.08300222456455231,0.02092621847987175,0.0003288322186563164
2551,0.1070961132645607,0.08310230076313019,0.020620867609977722,0.00033729482674971223
2552,0.10698505491018295,0.08220522850751877,0.02136463113129139,0.0003415195969864726
2553,0.10682915151119232,0.08291986584663391,0.020353443920612335,0.00035558384843170643
2554,0.1066492348909378,0.08192609995603561,0.021234314888715744,0.00034888210939243436
2555,0.10646160691976547,0.08249835669994354,0.02041461318731308,0.0003548634413164109
2556,0.10628186166286469,0.08181851357221603,0.020836615934967995,0.00036267368705011904
2557,0.10611603409051895,0.08190768212080002,0.02050480619072914,0.00037035447894595563
2558,0.10595209151506424,0.08172964304685593,0.02047846093773842,0.0003743984561879188
2559,0.10578657686710358,0.08153760433197021,0.020567383617162704,0.0003681588568724692
2560,0.1056198701262474,0.08158194273710251,0.020337456837296486,0.0003700472880154848
2561,0.10546357184648514,0.08121197670698166,0.020653296262025833,0.00035982951521873474
2562,0.10536167770624161,0.08160849660634995,0.01995042711496353,0.0003802752180490643
2563,0.10553313791751862,0.08016157150268555,0.021684743463993073,0.00036868228926323354
2564,0.10716511309146881,0.08352842181921005,0.018707357347011566,0.0004929332062602043
2565,0.11859196424484253,0.07533547282218933,0.03555680438876152,0.0007699683192186058
2566,0.15642856061458588,0.0960550457239151,0.03519362211227417,0.002517989370971918
2567,0.2170863002538681,0.07006408274173737,0.11400686949491501,0.0033015350345522165
2568,0.14954718947410583,0.08531127870082855,0.037771355360746384,0.002646454842761159
2569,0.24611710011959076,0.08760862797498703,0.04381966590881348,0.011468879878520966
2570,0.20819860696792603,0.11130523681640625,0.03582615777850151,0.006106720771640539
2571,0.3514360785484314,0.10773290693759918,0.07920406013727188,0.016449909657239914
2572,0.15531495213508606,0.09533834457397461,0.033686231821775436,0.002629037480801344
2573,0.25142723321914673,0.10238801687955856,0.08272501826286316,0.0066314199939370155
2574,0.21423879265785217,0.09729813784360886,0.06917112320661545,0.004776953253895044
2575,0.1605069786310196,0.09166546911001205,0.040499377995729446,0.002834213199093938
2576,0.13991546630859375,0.09707079827785492,0.024907629936933517,0.0017937027150765061
2577,0.13725817203521729,0.10094562917947769,0.028807569295167923,0.0007504972745664418
2578,0.15146926045417786,0.10357362031936646,0.039560820907354355,0.0008334812009707093
2579,0.13530832529067993,0.10400741547346115,0.02861734852194786,0.0002683568454813212
2580,0.13896670937538147,0.10006300359964371,0.02344927191734314,0.001545444130897522
2581,0.12912622094154358,0.09060048311948776,0.028761103749275208,0.0009764637798070908
2582,0.1377408802509308,0.08716963976621628,0.03471377491950989,0.0015857464168220758
2583,0.12561534345149994,0.09335816651582718,0.025952763855457306,0.0006304405978880823
2584,0.13506564497947693,0.10284423828125,0.022203858941793442,0.001001754542812705
2585,0.12559904158115387,0.10016583651304245,0.021783456206321716,0.0003649747231975198
2586,0.12987737357616425,0.0929105207324028,0.023264184594154358,0.0013702663127332926
2587,0.12816005945205688,0.09273799508810043,0.023087214678525925,0.0012334849452599883
2588,0.12322398275136948,0.09868034720420837,0.021821999922394753,0.00027216339367441833
2589,0.12752629816532135,0.10208207368850708,0.02150687761604786,0.00039373539038933814
2590,0.12190965563058853,0.09815602749586105,0.021512020379304886,0.0002241605834569782
2591,0.12276194989681244,0.0925411656498909,0.024726364761590958,0.0005494416691362858
2592,0.12414395809173584,0.09038490802049637,0.026410892605781555,0.0007348156650550663
2593,0.1199728399515152,0.0924757644534111,0.02407391555607319,0.0003423162270337343
2594,0.12004686146974564,0.09634840488433838,0.021653421223163605,0.0002045038272626698
2595,0.1203838437795639,0.0979149267077446,0.020867111161351204,0.00016018064343370497
2596,0.11825069785118103,0.09566029161214828,0.02106364071369171,0.00015267649723682553
2597,0.11919740587472916,0.09220539778470993,0.022162899374961853,0.00048291063285432756
2598,0.11917456984519958,0.09065478295087814,0.023331498727202415,0.0005188285140320659
2599,0.11774697154760361,0.09158630669116974,0.02360987290740013,0.0002550791541580111
2600,0.11854078620672226,0.09323061257600784,0.022888947278261185,0.00024212217249441892
2601,0.11829182505607605,0.09347926080226898,0.02217676490545273,0.0002635796554386616
2602,0.11775574088096619,0.09210324287414551,0.022720828652381897,0.0002931672497652471
2603,0.11783427000045776,0.09067456424236298,0.023743780329823494,0.00034159241477027535
2604,0.11711937934160233,0.09072038531303406,0.023949120193719864,0.00024498780840076506
2605,0.1173098236322403,0.09224724769592285,0.023258306086063385,0.0001804269995773211
2606,0.11748577654361725,0.0937240943312645,0.022232098504900932,0.00015295825141947716
2607,0.11706738919019699,0.09392105787992477,0.021921921521425247,0.0001224409497808665
2608,0.11750666797161102,0.09315699338912964,0.02257835678756237,0.00017713173292577267
2609,0.11720407754182816,0.09232635051012039,0.023199550807476044,0.00016781796875875443
2610,0.11685959994792938,0.09194354712963104,0.023600509390234947,0.0001315541594522074
2611,0.11721737682819366,0.09194210171699524,0.02376307174563408,0.0001512195885879919
2612,0.11665157228708267,0.09203265607357025,0.02325255796313286,0.00013663571735378355
2613,0.1163727194070816,0.0922035202383995,0.022524280473589897,0.00016449138638563454
2614,0.11661748588085175,0.09251762926578522,0.02198413386940956,0.00021157256560400128
2615,0.11623473465442657,0.09279745817184448,0.021686023101210594,0.00017512519843876362
2616,0.11622068285942078,0.09273124486207962,0.02195926383137703,0.00015301723033189774
2617,0.11629683524370193,0.09219074249267578,0.022461459040641785,0.00016446321387775242
2618,0.11604094505310059,0.0915389135479927,0.0225919708609581,0.00019100590725429356
2619,0.11617089807987213,0.09133618324995041,0.0224094707518816,0.00024252472212538123
2620,0.11608930677175522,0.09172176569700241,0.022081898525357246,0.0002285643422510475
2621,0.11591501533985138,0.09232963621616364,0.021840950474143028,0.00017444261175114661
2622,0.11598369479179382,0.09262731671333313,0.021807588636875153,0.00015487874043174088
2623,0.11579496413469315,0.09239550679922104,0.021792151033878326,0.00016073067672550678
2624,0.11576581746339798,0.09198328107595444,0.021785946562886238,0.0001996592036448419
2625,0.11575997620820999,0.09187837690114975,0.021809574216604233,0.00020720253814943135
2626,0.11556601524353027,0.09214993566274643,0.0218217596411705,0.00015943213657010347
2627,0.11560939252376556,0.09242120385169983,0.021856851875782013,0.0001331337698502466
2628,0.11554040014743805,0.09232302755117416,0.021903781220316887,0.00013135919289197773
2629,0.11543738096952438,0.09194008260965347,0.021990079432725906,0.00015072162204887718
2630,0.11544610559940338,0.09167654812335968,0.022072311490774155,0.00016972413868643343
2631,0.11532553285360336,0.09176459163427353,0.022077977657318115,0.0001482966763433069
2632,0.11531136929988861,0.09201451390981674,0.02204067073762417,0.00012561854964587837
2633,0.11524373292922974,0.09205504506826401,0.021960580721497536,0.0001228109176736325
2634,0.11516238003969193,0.09180905669927597,0.021942753344774246,0.00014105641457717866
2635,0.11515627056360245,0.09151648730039597,0.0220691729336977,0.000157061469508335
2636,0.11506318300962448,0.09135948866605759,0.02227741666138172,0.00014262821059674025
2637,0.11506026238203049,0.09128491580486298,0.022455206140875816,0.00013201363617554307
2638,0.1149970218539238,0.09117963165044785,0.02242250181734562,0.0001394888386130333
2639,0.11496014893054962,0.09111683815717697,0.02223259024322033,0.000161072239279747
2640,0.114926777780056,0.09122245758771896,0.022077584639191628,0.0001626738958293572
2641,0.11486869305372238,0.09138818830251694,0.022053033113479614,0.0001427468378096819
2642,0.11484375596046448,0.09134950488805771,0.022125031799077988,0.00013692205538973212
2643,0.11477228254079819,0.09107377380132675,0.02220223657786846,0.00014962725981604308
2644,0.11475538462400436,0.0908564105629921,0.022258859127759933,0.000164011973538436
2645,0.11469542235136032,0.09091591089963913,0.02225349470973015,0.00015260226791724563
2646,0.11467084288597107,0.09111640602350235,0.022156555205583572,0.0001397877058479935
2647,0.11462287604808807,0.0912000760436058,0.021987155079841614,0.00014356452447827905
2648,0.1145995482802391,0.09115349501371384,0.021871302276849747,0.0001574749912833795
2649,0.11455793678760529,0.0911131426692009,0.021884027868509293,0.00015607620298396796
2650,0.11452639102935791,0.0910676047205925,0.021986067295074463,0.00014727195957675576
2651,0.11449147760868073,0.09091959148645401,0.02205033227801323,0.00015215577150229365
2652,0.11445940285921097,0.09076088666915894,0.02202546037733555,0.00016730577044654638
2653,0.1144251599907875,0.09076851606369019,0.021968455985188484,0.00016881928604561836
2654,0.1143929660320282,0.09087873250246048,0.021921271458268166,0.00015929662913549691
2655,0.11436200886964798,0.0908648744225502,0.021877681836485863,0.00016194526688195765
2656,0.11433176696300507,0.09071089327335358,0.021863527595996857,0.00017573489458300173
2657,0.11430008709430695,0.0905967652797699,0.021923894062638283,0.0001779429876478389
2658,0.11427126824855804,0.09055140614509583,0.022013064473867416,0.00017067960288841277
2659,0.11423979699611664,0.09046400338411331,0.022033950313925743,0.00017418392235413194
2660,0.11421307921409607,0.09037350863218307,0.021998409181833267,0.000184115648153238
2661,0.11418075859546661,0.09038940817117691,0.021979058161377907,0.00018122955225408077
2662,0.1141563281416893,0.09042631089687347,0.021983090788125992,0.00017469306476414204
2663,0.11412567645311356,0.09034842252731323,0.021978914737701416,0.00017983368888963014
2664,0.11410210281610489,0.09023769944906235,0.021992789581418037,0.000187161480425857
2665,0.11407177895307541,0.09020520001649857,0.022038888186216354,0.00018276942137163132
2666,0.11404839158058167,0.09017203748226166,0.022065848112106323,0.0001810502726584673
2667,0.11401967704296112,0.09008757025003433,0.02204320579767227,0.00018889005878008902
2668,0.11399378627538681,0.09005683660507202,0.02201681025326252,0.00019201391842216253
2669,0.11396761238574982,0.09008147567510605,0.022008078172802925,0.00018780582468025386
2670,0.11394060403108597,0.09003643691539764,0.021988986060023308,0.00019151800370309502
2671,0.11391598731279373,0.08994647115468979,0.02197546884417534,0.00019940487982239574
2672,0.11388862878084183,0.08991078287363052,0.02199677936732769,0.00019810664525721222
2673,0.11386468261480331,0.08987585455179214,0.022012529894709587,0.00019762992451433092
2674,0.11383815854787827,0.08980342000722885,0.0219893716275692,0.00020453703473322093
2675,0.11381278187036514,0.08978532999753952,0.02196696773171425,0.00020604829478543252
2676,0.11378802359104156,0.08980526030063629,0.021957216784358025,0.00020255459821783006
2677,0.1137615367770195,0.08975999057292938,0.02193865366280079,0.0002062893909169361
2678,0.113737091422081,0.08969602733850479,0.021940099075436592,0.0002100967976730317
2679,0.11371126025915146,0.08966916054487228,0.02197105810046196,0.0002071043272735551
2680,0.1136857271194458,0.08961694687604904,0.021982364356517792,0.000208641606150195
2681,0.11366089433431625,0.08956187963485718,0.021968817338347435,0.00021301959350239486
2682,0.1136346086859703,0.08956493437290192,0.021963270381093025,0.00021064058819320053
2683,0.11360925436019897,0.0895477682352066,0.021955357864499092,0.00021061291045043617
2684,0.11358365416526794,0.08948151767253876,0.02194945514202118,0.00021526843192987144
2685,0.11355729401111603,0.08943884819746017,0.02197316847741604,0.0002145276084775105
2686,0.11353176087141037,0.08939260989427567,0.02199399657547474,0.0002145156468031928
2687,0.1135057732462883,0.08933071047067642,0.021986113861203194,0.00021889519121032208
2688,0.11347922682762146,0.08931907266378403,0.021979384124279022,0.00021807686425745487
2689,0.11345316469669342,0.08930835127830505,0.021969495341181755,0.0002175319823436439
2690,0.11342667043209076,0.08925746381282806,0.021956391632556915,0.00022128160344436765
2691,0.11339957267045975,0.08922465890645981,0.02196977287530899,0.00022051433916203678
2692,0.1133727952837944,0.08918393403291702,0.02198202721774578,0.00022068351972848177
2693,0.11334578692913055,0.08913212269544601,0.021973660215735435,0.00022400041052605957
2694,0.11331815272569656,0.08912447094917297,0.021967872977256775,0.00022258055105339736
2695,0.11329049617052078,0.08910537511110306,0.02195148915052414,0.00022336353140417486
2696,0.11326278001070023,0.08906671404838562,0.02193695493042469,0.00022591117885895073
2697,0.1132344976067543,0.08904333412647247,0.02194509096443653,0.00022460715263150632
2698,0.11320585757493973,0.08899228274822235,0.02194366790354252,0.00022699103283230215
2699,0.113177090883255,0.08895538002252579,0.02193937450647354,0.00022823360632173717
2700,0.11314807832241058,0.08894150704145432,0.02193352021276951,0.00022730497585143894
2701,0.11311857402324677,0.08890581130981445,0.02191251516342163,0.00023002504894975573
2702,0.11308863759040833,0.08888771384954453,0.021909352391958237,0.00022915734734851867
2703,0.11305836588144302,0.0888499766588211,0.021907247602939606,0.00023011445591691881
2704,0.11302778869867325,0.08880629390478134,0.021905245259404182,0.00023162532306741923
2705,0.11299677193164825,0.08878451585769653,0.021908223628997803,0.0002304036170244217
2706,0.11296525597572327,0.08874525874853134,0.021892650052905083,0.00023273428087122738
2707,0.11293318122625351,0.08873122185468674,0.0218888521194458,0.00023131047782953829
2708,0.11290062963962555,0.08869334310293198,0.02187810093164444,0.00023291827528737485
2709,0.11286754161119461,0.0886613130569458,0.021878104656934738,0.00023281182802747935
2710,0.11283396184444427,0.08862476050853729,0.021877078339457512,0.00023321206390392035
2711,0.11279980093240738,0.08858688920736313,0.02187000773847103,0.00023429011343978345
2712,0.11276504397392273,0.08856546133756638,0.02186589688062668,0.00023336843878496438
2713,0.11272969841957092,0.0885251984000206,0.02184964530169964,0.00023548523313365877
2714,0.11269377171993256,0.08851087093353271,0.021852483972907066,0.0002330411662114784
2715,0.11265744268894196,0.08845090121030807,0.02183367684483528,0.00023728606174699962
2716,0.11262119561433792,0.08845483511686325,0.02185259945690632,0.00023137610696721822
2717,0.11258695274591446,0.08835817873477936,0.0218086838722229,0.00024200929328799248
2718,0.1125614270567894,0.08844053000211716,0.021866800263524055,0.00022540980717167258
2719,0.11257167160511017,0.08820730447769165,0.021744893863797188,0.0002619475999381393
2720,0.11273033171892166,0.08857530355453491,0.022005349397659302,0.00021496816771104932
2721,0.11354649066925049,0.08777947723865509,0.021690301597118378,0.00040767088648863137
2722,0.11733231693506241,0.08953036367893219,0.02336209826171398,0.00044398551108315587
2723,0.13322216272354126,0.08672482520341873,0.024344494566321373,0.002215284388512373
2724,0.1727432906627655,0.09439479559659958,0.03534522280097008,0.004300327971577644
2725,0.16995668411254883,0.0864875540137291,0.030664809048175812,0.00528043182566762
2726,0.11306526511907578,0.08883313089609146,0.02135506272315979,0.00028770731296390295
2727,0.14100295305252075,0.09295117110013962,0.0278879813849926,0.0020163801964372396
2728,0.11642571538686752,0.08832114189863205,0.02431565336883068,0.00037889162194915116
2729,0.12245537340641022,0.08582277595996857,0.026004547253251076,0.0010628049494698644
2730,0.12516477704048157,0.08785832673311234,0.024185694754123688,0.001312076230533421
2731,0.11792159080505371,0.09287789463996887,0.020968077704310417,0.0004075616889167577
2732,0.12088769674301147,0.09654007852077484,0.02149534411728382,0.00028522752108983696
2733,0.11921588331460953,0.09423454105854034,0.02108125388622284,0.0003900088486261666
2734,0.11883014440536499,0.08923225849866867,0.024605264887213707,0.0004992622416466475
2735,0.1213051900267601,0.08650638163089752,0.028612803667783737,0.0006186003447510302
2736,0.11856386065483093,0.0879368707537651,0.025512663647532463,0.000511432415805757
2737,0.11663592606782913,0.0927252322435379,0.021318748593330383,0.00025919420295394957
2738,0.1199808418750763,0.09686368703842163,0.02141355350613594,0.0001703601301414892
2739,0.11778957396745682,0.09584163129329681,0.020711107179522514,0.00012368321768008173
2740,0.11640308052301407,0.09171947836875916,0.022858573123812675,0.00018250297580379993
2741,0.11781863123178482,0.08879949897527695,0.02689565345644951,0.00021234829910099506
2742,0.11643196642398834,0.0886899083852768,0.026522204279899597,0.00012198543117847294
2743,0.11616268754005432,0.09068113565444946,0.024077894166111946,0.0001403663045493886
2744,0.11734288930892944,0.09231086075305939,0.02293381839990616,0.0002098212280543521
2745,0.11608259379863739,0.09181450307369232,0.022488083690404892,0.00017800020577851683
2746,0.11539136618375778,0.09023361653089523,0.023090709000825882,0.00020670385856647044
2747,0.1164320632815361,0.08937057852745056,0.02415451779961586,0.00029069694573991
2748,0.11632028222084045,0.08975731581449509,0.023801282048225403,0.0002761684590950608
2749,0.11536069959402084,0.09083077311515808,0.022500168532133102,0.00020297558512538671
2750,0.11518092453479767,0.09157902747392654,0.021918224170804024,0.00016836723079904914
2751,0.11545940488576889,0.09132353216409683,0.022226404398679733,0.00019094724848400801
2752,0.11538677662611008,0.09037410467863083,0.022665690630674362,0.00023469836742151529
2753,0.11491912603378296,0.08967705070972443,0.022780247032642365,0.0002461827243678272
2754,0.11458690464496613,0.08984272927045822,0.022440223023295403,0.00023039507505018264
2755,0.11474785953760147,0.09067650139331818,0.021805910393595695,0.00022654431813862175
2756,0.11483819782733917,0.09145903587341309,0.021241866052150726,0.00021372991614043713
2757,0.11447073519229889,0.09159153699874878,0.02105601876974106,0.000182317613507621
2758,0.11422569304704666,0.09104862064123154,0.021342817693948746,0.00018342482508160174
2759,0.11434441059827805,0.09029125422239304,0.021924180909991264,0.00021289729920681566
2760,0.11433200538158417,0.08982411026954651,0.02242857776582241,0.00020793128351215273
2761,0.11414728313684464,0.08983016759157181,0.022577783092856407,0.00017393271264154464
2762,0.11411048471927643,0.09012061357498169,0.02239241637289524,0.00015974565758369863
2763,0.1140560731291771,0.09034697711467743,0.022077305242419243,0.0001631790364626795
2764,0.11388814449310303,0.09029325097799301,0.02181696891784668,0.00017779254994820803
2765,0.11385306715965271,0.09001921862363815,0.02169152908027172,0.00021423198631964624
2766,0.11382319778203964,0.08973316848278046,0.021702555939555168,0.000238746841205284
2767,0.11361824721097946,0.08955150097608566,0.021834151819348335,0.00022325936879497021
2768,0.11352319270372391,0.08941762894392014,0.02205529250204563,0.00020502698316704482
2769,0.11359227448701859,0.08923473209142685,0.02226046845316887,0.00020970746118109673
2770,0.1135096326470375,0.08900981396436691,0.022294795140624046,0.00022050231928005815
2771,0.1133614107966423,0.08885124325752258,0.022111378610134125,0.0002398790093138814
2772,0.11336676776409149,0.08885975182056427,0.021826956421136856,0.00026800655177794397
2773,0.11334460228681564,0.08901626616716385,0.02160618081688881,0.0002722153440117836
2774,0.11321303993463516,0.08916334807872772,0.021569345146417618,0.0002480352995917201
2775,0.11313657462596893,0.08913213759660721,0.021753329783678055,0.00022511064889840782
2776,0.11309602856636047,0.08890886604785919,0.022057875990867615,0.00021292858582455665
2777,0.11301649361848831,0.08865689486265182,0.022269917652010918,0.00020896823843941092
2778,0.11295659840106964,0.08857164531946182,0.022238489240407944,0.00021464705059770495
2779,0.11290846765041351,0.08871298283338547,0.022010797634720802,0.0002184685436077416
2780,0.11284416913986206,0.08895020931959152,0.021771280094981194,0.00021226763783488423
2781,0.11280355602502823,0.08906229585409164,0.021686173975467682,0.00020550830231513828
2782,0.11275570094585419,0.08892424404621124,0.021803582087159157,0.00020278758893255144
2783,0.11267296224832535,0.08861477673053741,0.0220339335501194,0.0002024252462433651
2784,0.11261704564094543,0.08834213018417358,0.022203976288437843,0.00020709411182906479
2785,0.11257491260766983,0.08826518803834915,0.02218453399837017,0.000212518687476404
2786,0.11249841004610062,0.08837299048900604,0.02200184017419815,0.00021235807798802853
2787,0.11243869364261627,0.08850754052400589,0.02181030996143818,0.00021208431280683726
2788,0.11240598559379578,0.08849895745515823,0.021753553301095963,0.00021534734696615487
2789,0.11234517395496368,0.08830447494983673,0.021861892193555832,0.00021788038429804146
2790,0.11228232830762863,0.08803757280111313,0.022052442654967308,0.00021923088934272528
2791,0.11224059015512466,0.0878627747297287,0.02219224162399769,0.000218557397602126
2792,0.11218057572841644,0.0878564789891243,0.022192828357219696,0.00021312673925422132
2793,0.1121150329709053,0.0879540964961052,0.022083746269345284,0.0002077189856208861
2794,0.11206655949354172,0.0880141481757164,0.021981650963425636,0.00020707638759631664
2795,0.11201029270887375,0.0879380851984024,0.021982990205287933,0.00020892183238174766
2796,0.1119508296251297,0.08774814009666443,0.022093158215284348,0.00021095255215186626
2797,0.11190015077590942,0.087557852268219,0.02223128266632557,0.0002111018548021093
2798,0.1118425726890564,0.08746771514415741,0.022291649132966995,0.00020832101290579885
2799,0.11178255081176758,0.08748353272676468,0.022231312468647957,0.00020677107386291027
2800,0.11172563582658768,0.08752045035362244,0.02210986614227295,0.00020953160128556192
2801,0.11166428029537201,0.08748000115156174,0.02203248254954815,0.00021517931600101292
2802,0.11160428822040558,0.0873345136642456,0.022056611254811287,0.0002213166153524071
2803,0.11154479533433914,0.08714643865823746,0.022151418030261993,0.00022469385294243693
2804,0.11148227006196976,0.08700785785913467,0.02222968079149723,0.00022447317314799875
2805,0.11142115294933319,0.08696010708808899,0.022224068641662598,0.00022369783255271614
2806,0.11135661602020264,0.0869642123579979,0.022151662036776543,0.00022407360665965825
2807,0.11129011958837509,0.0869409516453743,0.022095803171396255,0.00022533591254614294
2808,0.11122465878725052,0.08684293925762177,0.022119972854852676,0.00022617493232246488
2809,0.11115503311157227,0.08669503778219223,0.022213265299797058,0.0002246728545287624
2810,0.11108587682247162,0.08656679838895798,0.022304486483335495,0.00022145970433484763
2811,0.11101674288511276,0.0865059420466423,0.02232356183230877,0.00021872397337574512
2812,0.11094353348016739,0.08649589866399765,0.022269919514656067,0.0002177712885895744
2813,0.11087115108966827,0.08647219836711884,0.022209670394659042,0.00021892774384468794
2814,0.11079639941453934,0.08638230711221695,0.022204119712114334,0.00022099677880760282
2815,0.1107182651758194,0.08623429387807846,0.022256648167967796,0.00022273232752922922
2816,0.11064084619283676,0.0860874131321907,0.022311294451355934,0.00022421371249947697
2817,0.1105610579252243,0.0859951376914978,0.022305026650428772,0.00022608909057453275
2818,0.11047960817813873,0.0859541967511177,0.022236447781324387,0.00022889680985827
2819,0.11039820313453674,0.08590739965438843,0.022169049829244614,0.00023217526904772967
2820,0.11031422764062881,0.08580213040113449,0.022165372967720032,0.00023467207211069763
2821,0.11022859811782837,0.08564811199903488,0.022222191095352173,0.00023582922585774213
2822,0.11014257371425629,0.08550957590341568,0.02226882427930832,0.00023641700681764632
2823,0.11005444079637527,0.08543381094932556,0.02224508672952652,0.0002375544427195564
2824,0.10996553301811218,0.08539368957281113,0.022176917642354965,0.00023949287424329668
2825,0.10987621545791626,0.08531605452299118,0.022144438698887825,0.0002415722410660237
2826,0.10978478938341141,0.08516938984394073,0.022181162610650063,0.0002434239722788334
2827,0.10969343036413193,0.08500351011753082,0.022231483832001686,0.0002458435483276844
2828,0.10960087180137634,0.08488493412733078,0.022220365703105927,0.00024955737171694636
2829,0.10950756072998047,0.08481121063232422,0.02215515822172165,0.0002541191061027348
2830,0.10941438376903534,0.08471915125846863,0.02211163192987442,0.000258359796134755
2831,0.10932032018899918,0.08457504957914352,0.022125324234366417,0.0002619943115860224
2832,0.10922640562057495,0.08441799879074097,0.02214929088950157,0.0002659114252310246
2833,0.10913234949111938,0.08429724723100662,0.022130053490400314,0.0002705055521801114
2834,0.10903825610876083,0.0842038094997406,0.022083546966314316,0.0002750896674115211
2835,0.10894440114498138,0.08409547805786133,0.02205786481499672,0.00027910590870305896
2836,0.10885070264339447,0.08396173268556595,0.022058453410863876,0.00028305183514021337
2837,0.10875736176967621,0.0838259905576706,0.02205565571784973,0.00028757171821780503
2838,0.10866478830575943,0.08370210230350494,0.022037722170352936,0.0002924967266153544
2839,0.10857250541448593,0.08358487486839294,0.022013776004314423,0.00029738544253632426
2840,0.10848121345043182,0.08346864581108093,0.02198800817131996,0.00030245655216276646
2841,0.10839036107063293,0.08334565162658691,0.021966231986880302,0.00030784719274379313
2842,0.10830050706863403,0.08320828527212143,0.021959345787763596,0.00031328771729022264
2843,0.10821151733398438,0.0830719843506813,0.021953154355287552,0.0003186377289239317
2844,0.10812349617481232,0.0829588994383812,0.021922189742326736,0.0003242400416638702
2845,0.10803655534982681,0.08285012096166611,0.021886125206947327,0.0003300305688753724
2846,0.10795050859451294,0.0827125608921051,0.0218830406665802,0.00033549085492268205
2847,0.10786566138267517,0.08256826549768448,0.021891316398978233,0.0003406073956284672
2848,0.10778181254863739,0.08245795220136642,0.02186618372797966,0.00034576826146803796
2849,0.10769921541213989,0.08235903829336166,0.021830778568983078,0.0003509403031785041
2850,0.10761769115924835,0.08223074674606323,0.021827058866620064,0.0003559887409210205
2851,0.10753730684518814,0.08209416270256042,0.021831227466464043,0.00036119125434197485
2852,0.10745803266763687,0.08198099583387375,0.0218111090362072,0.0003665933618322015
2853,0.10737988352775574,0.08187421411275864,0.021787073463201523,0.0003718596126418561
2854,0.10730288922786713,0.08175718784332275,0.0217751432210207,0.00037705592694692314
2855,0.1072269156575203,0.08163841813802719,0.021765246987342834,0.00038232500082813203
2856,0.1071520745754242,0.08151998370885849,0.021759435534477234,0.000387265783501789
2857,0.10707827657461166,0.08140960335731506,0.021752208471298218,0.0003916462301276624
2858,0.10700550675392151,0.08131539076566696,0.021731898188591003,0.00039582193130627275
2859,0.10693376511335373,0.08121240139007568,0.0217222161591053,0.00039991529774852097
2860,0.10686303675174713,0.08109279721975327,0.021731890738010406,0.0004038351762574166
2861,0.10679333657026291,0.08099126070737839,0.021724551916122437,0.00040775234811007977
2862,0.1067245751619339,0.08090390264987946,0.021703679114580154,0.0004116999334655702
2863,0.1066567599773407,0.0807979479432106,0.02170305699110031,0.00041557569056749344
2864,0.10658985376358032,0.08068808168172836,0.021706800907850266,0.00041949781007133424
2865,0.10652385652065277,0.08059295266866684,0.021697217598557472,0.0004233691142871976
2866,0.10645869374275208,0.08049792796373367,0.02169114165008068,0.00042696253512986004
2867,0.10639435797929764,0.08040040731430054,0.02168940007686615,0.00043045482016168535
2868,0.10633078962564468,0.08030247688293457,0.02168927900493145,0.00043390292557887733
2869,0.10626792162656784,0.08020248264074326,0.021694354712963104,0.0004371082759462297
2870,0.10620575398206711,0.08011261373758316,0.021691033616662025,0.0004402110062073916
2871,0.10614423453807831,0.08002403378486633,0.021686729043722153,0.00044334642007015646
2872,0.10608328878879547,0.07992201298475266,0.02169707417488098,0.00044642030843533576
2873,0.106022909283638,0.07982758432626724,0.021700037643313408,0.00044952865573577583
2874,0.10596304386854172,0.07974349707365036,0.02169245295226574,0.0004527093260549009
2875,0.10590366274118423,0.0796482190489769,0.021696673706173897,0.0004558772488962859
2876,0.10584472119808197,0.07955151051282883,0.021702170372009277,0.0004591043689288199
2877,0.10578621178865433,0.07946311682462692,0.02170015498995781,0.0004622947017196566
2878,0.10572809725999832,0.07937391847372055,0.021701013669371605,0.00046531620319001377
2879,0.10567035526037216,0.0792846605181694,0.021702608093619347,0.00046830871724523604
2880,0.10561296343803406,0.07919427752494812,0.02170615829527378,0.00047125291894190013
2881,0.1055559366941452,0.07910491526126862,0.021710136905312538,0.00047408827231265604
2882,0.10549919307231903,0.07902219891548157,0.02170722745358944,0.0004769767983816564
2883,0.10544279962778091,0.07893433421850204,0.0217093825340271,0.00047990799066610634
2884,0.10538667440414429,0.07884283363819122,0.021715600043535233,0.0004828245146200061
2885,0.10533083975315094,0.07876095920801163,0.021712157875299454,0.0004857717431150377
2886,0.10527528077363968,0.0786774605512619,0.021711349487304688,0.0004886473179794848
2887,0.10521996021270752,0.07858910411596298,0.02171657606959343,0.0004914284218102694
2888,0.10516487807035446,0.07850735634565353,0.021715957671403885,0.0004941560910083354
2889,0.10511001944541931,0.07842709124088287,0.0217154398560524,0.000496748776640743
2890,0.10505533218383789,0.07834512740373611,0.02171744778752327,0.0004992755712009966
2891,0.1050008237361908,0.07826470583677292,0.021718185395002365,0.0005017937510274351
2892,0.10494646430015564,0.07818504422903061,0.021719185635447502,0.0005042235716246068
2893,0.10489222407341003,0.07810831069946289,0.021717600524425507,0.000506630982272327
2894,0.10483807325363159,0.07803065329790115,0.021717235445976257,0.0005090181948617101
2895,0.10478398203849792,0.07795169204473495,0.021719258278608322,0.0005113038350827992
2896,0.10472992807626724,0.07787836343050003,0.021716199815273285,0.0005135363899171352
2897,0.10467587411403656,0.07780410349369049,0.021714940667152405,0.0005156831466592848
2898,0.10462182015180588,0.07772736251354218,0.02171727456152439,0.000517718493938446
2899,0.10456766188144684,0.07765593379735947,0.02171473205089569,0.0005196996498852968
2900,0.10451344400644302,0.07758418470621109,0.021713370457291603,0.0005215893033891916
2901,0.10445912182331085,0.07751034200191498,0.021714555099606514,0.0005234227865003049
2902,0.10440465062856674,0.07743953913450241,0.02171267941594124,0.0005252429400570691
2903,0.1043500155210495,0.077368825674057,0.021711237728595734,0.0005269951652735472
2904,0.10429520159959793,0.0772976502776146,0.0217103473842144,0.0005287207895889878
2905,0.10424015671014786,0.07722709327936172,0.021709000691771507,0.00053040636703372
2906,0.1041848286986351,0.07715707272291183,0.021707789972424507,0.000531996600329876
2907,0.10412929952144623,0.07708843797445297,0.021705426275730133,0.0005335435271263123
2908,0.10407339781522751,0.07701843976974487,0.02170470915734768,0.0005350248538888991
2909,0.10401719808578491,0.07694929093122482,0.021703442558646202,0.0005364464013837278
2910,0.10396063327789307,0.07688190788030624,0.021700076758861542,0.0005378645146265626
2911,0.10390365868806839,0.07681194692850113,0.02169922925531864,0.0005392481107264757
2912,0.10384628921747208,0.07674314826726913,0.021696938201785088,0.000540620181709528
2913,0.10378847271203995,0.07667560875415802,0.021693121641874313,0.0005419736844487488
2914,0.10373017936944962,0.07660572975873947,0.021691739559173584,0.0005432706675492227
2915,0.10367139428853989,0.07653725147247314,0.021688716486096382,0.0005445429706014693
2916,0.10361211001873016,0.07646914571523666,0.021685369312763214,0.0005457594525068998
2917,0.10355225950479507,0.07639965415000916,0.021683266386389732,0.000546933792065829
2918,0.10349185019731522,0.07633093744516373,0.021679922938346863,0.0005480989348143339
2919,0.10343081504106522,0.07626181095838547,0.021676771342754364,0.000549223565030843
2920,0.10336916148662567,0.07619239389896393,0.02167334035038948,0.0005503432475961745
2921,0.10330690443515778,0.07612258195877075,0.0216699056327343,0.0005514411604963243
2922,0.10324393212795258,0.07605277001857758,0.02166619338095188,0.00055249675642699
2923,0.10318027436733246,0.07598310708999634,0.02166183665394783,0.0005535337841138244
2924,0.10311590135097504,0.07591228932142258,0.021658457815647125,0.0005545155145227909
2925,0.10305076092481613,0.07584236562252045,0.021653788164258003,0.0005554606905207038
2926,0.10298488289117813,0.07577187567949295,0.021649297326803207,0.0005563712329603732
2927,0.10291821509599686,0.07570047676563263,0.021645331755280495,0.0005572405061684549
2928,0.10285073518753052,0.07563010603189468,0.021639708429574966,0.0005580918514169753
2929,0.10278241336345673,0.07555828243494034,0.021635115146636963,0.0005589012871496379
2930,0.1027132123708725,0.07548656314611435,0.02162978984415531,0.000559686275664717
2931,0.10264315456151962,0.07541494816541672,0.021623926237225533,0.0005604284233413637
2932,0.10257220268249512,0.07534226775169373,0.02161872386932373,0.0005611212109215558
2933,0.102500319480896,0.07527004182338715,0.021612443029880524,0.0005617831484414637
2934,0.10242747515439987,0.07519696652889252,0.02160661108791828,0.000562389672268182
2935,0.10235367715358734,0.07512380182743073,0.021600056439638138,0.0005629819934256375
2936,0.10227886587381363,0.07504989951848984,0.0215936116874218,0.0005635360139422119
2937,0.10220310091972351,0.07497591525316238,0.021586475893855095,0.0005640710587613285
2938,0.10212627053260803,0.07490111887454987,0.021579314023256302,0.0005645842757076025
2939,0.1020483747124672,0.07482581585645676,0.021571950986981392,0.0005650610546581447
2940,0.10196945816278458,0.07475041598081589,0.0215638168156147,0.0005655224085785449
2941,0.10188944637775421,0.0746736004948616,0.021556353196501732,0.0005659492453560233
2942,0.10180829465389252,0.07459716498851776,0.021547408774495125,0.0005663721240125597
2943,0.10172607749700546,0.07451896369457245,0.02153940312564373,0.0005667711957357824
2944,0.10164269804954529,0.07444097846746445,0.021529890596866608,0.0005671830731444061
2945,0.101558156311512,0.07436128705739975,0.02152113988995552,0.0005675727734342217
2946,0.10147248953580856,0.07428160309791565,0.021511061117053032,0.0005679824389517307
2947,0.10138560831546783,0.07420019060373306,0.021501749753952026,0.0005683667841367424
2948,0.10129754990339279,0.07411890476942062,0.021490860730409622,0.0005687778466381133
2949,0.10120828449726105,0.07403527945280075,0.02148132398724556,0.0005691676633432508
2950,0.10111778974533081,0.07395259290933609,0.02146916463971138,0.0005696031730622053
2951,0.10102608054876328,0.07386612147092819,0.021459857001900673,0.0005700101028196514
2952,0.10093312710523605,0.07378248125314713,0.02144557796418667,0.0005705063231289387
2953,0.10083892196416855,0.07369183003902435,0.02143794484436512,0.0005709149409085512
2954,0.10074345767498016,0.07360928505659103,0.021418966352939606,0.0005715207080356777
2955,0.10064677149057388,0.0735103189945221,0.02141786925494671,0.0005718583124689758
2956,0.10054877400398254,0.0734361931681633,0.021385423839092255,0.0005727153620682657
2957,0.1004495695233345,0.07331472635269165,0.021407492458820343,0.0005727351526729763
2958,0.10034924000501633,0.07327600568532944,0.02132965251803398,0.0005743583897128701
2959,0.10024828463792801,0.07307802885770798,0.0214392002671957,0.0005731057026423514
2960,0.10014868527650833,0.0731845423579216,0.02118866518139839,0.0005775474710389972
2961,0.10005919635295868,0.07268154621124268,0.021666627377271652,0.0005711021367460489
2962,0.10001897811889648,0.0734272226691246,0.02071036957204342,0.0005881384131498635
2963,0.10022194683551788,0.07156288623809814,0.02304348349571228,0.0005615573609247804
2964,0.1015489250421524,0.07541541010141373,0.019582731649279594,0.0006550779798999429
2965,0.10870213061571121,0.06738302111625671,0.03534122556447983,0.0005977886612527072
2966,0.1292036920785904,0.0852031335234642,0.031099282205104828,0.0012901272857561707
2967,0.17389285564422607,0.062008775770664215,0.10088367760181427,0.0011000401573255658
2968,0.10715090483427048,0.07424836605787277,0.0231085903942585,0.000979394419118762
2969,0.1753074824810028,0.0962897464632988,0.06052490323781967,0.0018492838134989142
2970,0.14739416539669037,0.07102371007204056,0.06502887606620789,0.0011341588106006384
2971,0.15928393602371216,0.08003930002450943,0.06851986050605774,0.0010724790627136827
2972,0.15853217244148254,0.09739702939987183,0.034201979637145996,0.0026933166664093733
2973,0.1566295474767685,0.10316053777933121,0.031254276633262634,0.002221472794190049
2974,0.14242243766784668,0.10807287693023682,0.023891139775514603,0.0010458430042490363
2975,0.13190867006778717,0.10414763540029526,0.02302704006433487,0.0004733997047878802
2976,0.13542208075523376,0.09714319556951523,0.02350044809281826,0.0014778429176658392
2977,0.14143341779708862,0.09311070293188095,0.030733056366443634,0.0017589665949344635
2978,0.13283386826515198,0.0939066931605339,0.024663671851158142,0.0014263504417613149
2979,0.1273321509361267,0.09484367817640305,0.024314504116773605,0.0008173973183147609
2980,0.1315077841281891,0.09581451863050461,0.025834176689386368,0.00098590855486691
2981,0.13249196112155914,0.09628911316394806,0.025245705619454384,0.0010957150952890515
2982,0.12841632962226868,0.09681077301502228,0.02343812957406044,0.0008167425985448062
2983,0.12833784520626068,0.09767307341098785,0.02323669195175171,0.0007428076933138072
2984,0.1297437697649002,0.09727459400892258,0.023717757314443588,0.000875141762662679
2985,0.1252787709236145,0.09496267884969711,0.02447442337870598,0.0005841672536917031
2986,0.1231817752122879,0.09272535890340805,0.02456916868686676,0.0005887248553335667
2987,0.1256135106086731,0.09218641370534897,0.024350963532924652,0.000907612731680274
2988,0.12368395179510117,0.09223761409521103,0.024963144212961197,0.0006483188481070101
2989,0.1226831004023552,0.09318742901086807,0.024065768346190453,0.0005429903976619244
2990,0.12326779216527939,0.0944465920329094,0.022636817768216133,0.0006184387020766735
2991,0.12103735655546188,0.0949762687087059,0.02239798754453659,0.0003663096867967397
2992,0.12195277214050293,0.09581588953733444,0.022237520664930344,0.0003899363218806684
2993,0.12169519066810608,0.09657355397939682,0.02224716916680336,0.00028744639712385833
2994,0.12060447782278061,0.09665171056985855,0.021845517680048943,0.00021072471281513572
2995,0.1208568662405014,0.09587141126394272,0.021984757855534554,0.00030007021268829703
2996,0.11914192885160446,0.09421699494123459,0.02209952473640442,0.0002825411793310195
2997,0.11899157613515854,0.09236087650060654,0.022765018045902252,0.000386568222893402
2998,0.11898382753133774,0.09080842137336731,0.023407436907291412,0.00047679702402092516
2999,0.11829356849193573,0.09001215547323227,0.02373526245355606,0.0004546151030808687
3000,0.11864553391933441,0.08989720046520233,0.023853832855820656,0.0004894499434158206
3001,0.11789893358945847,0.08983065187931061,0.023664485663175583,0.0004403791681397706
3002,0.11787185817956924,0.08990254253149033,0.023467140272259712,0.00045021757250651717
3003,0.11755667626857758,0.09011171013116837,0.023129364475607872,0.00043155995081178844
3004,0.1171691045165062,0.09046365320682526,0.022946568205952644,0.0003758887469302863
3005,0.11735889315605164,0.09091397374868393,0.022870099171996117,0.00035748156369663775
3006,0.11694957315921783,0.09125689417123795,0.0223879162222147,0.00033047684701159596
3007,0.11698359251022339,0.0914880558848381,0.021977674216032028,0.00035178661346435547
3008,0.11688072979450226,0.0915432795882225,0.02185487560927868,0.000348257424775511
3009,0.1165149062871933,0.09139334410429001,0.021978355944156647,0.0003143208450637758
3010,0.1164793074131012,0.0910407230257988,0.02222198247909546,0.000321660510962829
3011,0.1161184012889862,0.0904654711484909,0.022248325869441032,0.00034046024666167796
3012,0.11600396782159805,0.0898684710264206,0.022251425310969353,0.0003884066827595234
3013,0.11593103408813477,0.08943217247724533,0.02236902341246605,0.0004129839362576604
3014,0.11568896472454071,0.08921511471271515,0.022535378113389015,0.00039384770207107067
3015,0.11567821353673935,0.08915430307388306,0.022649813443422318,0.00038741016760468483
3016,0.11546406894922256,0.08909588307142258,0.022531041875481606,0.0003837149415630847
3017,0.11528805643320084,0.08905268460512161,0.022311272099614143,0.00039241023478098214
3018,0.11515863239765167,0.08910547941923141,0.022159432992339134,0.0003893720277119428
3019,0.11491312086582184,0.08926357328891754,0.022137559950351715,0.0003511986287776381
3020,0.11483237892389297,0.08946150541305542,0.02217155322432518,0.000319931423291564
3021,0.11467348039150238,0.08957996219396591,0.02200865000486374,0.00030848695314489305
3022,0.11451354622840881,0.08960044384002686,0.021724071353673935,0.00031890245736576617
3023,0.11440509557723999,0.08956217765808105,0.02158168889582157,0.00032612300128675997
3024,0.11418366432189941,0.08946122974157333,0.021651048213243484,0.0003071383689530194
3025,0.114018015563488,0.08926553279161453,0.021826013922691345,0.00029264704789966345
3026,0.11382230371236801,0.08894918859004974,0.02190278470516205,0.0002970330824609846
3027,0.113609679043293,0.08858802169561386,0.02186126448214054,0.00031603919342160225
3028,0.11345002800226212,0.08831402659416199,0.021828291937708855,0.000330770795699209
3029,0.11322728544473648,0.08818618208169937,0.021831652149558067,0.0003209448477718979
3030,0.11302284151315689,0.08816573768854141,0.02181471511721611,0.0003042393072973937
3031,0.11281469464302063,0.08815523236989975,0.021701304242014885,0.00029581593116745353
3032,0.11256933957338333,0.0880996435880661,0.02151676081120968,0.00029529340099543333
3033,0.11235249042510986,0.08801668137311935,0.021372666582465172,0.00029631389770656824
3034,0.11211070418357849,0.08792676776647568,0.021324237808585167,0.00028596946503967047
3035,0.11186667531728745,0.08782016485929489,0.02134728990495205,0.00026992164202965796
3036,0.11162950098514557,0.08766187727451324,0.021354738622903824,0.0002612887183204293
3037,0.11137177795171738,0.08743001520633698,0.021313024684786797,0.00026287397486157715
3038,0.11113432049751282,0.08714362233877182,0.021300027146935463,0.00026906721177510917
3039,0.11089079082012177,0.086843341588974,0.021369051188230515,0.00026783975772559643
3040,0.1106417179107666,0.08657824248075485,0.021473754197359085,0.00025897155865095556
3041,0.11040548235177994,0.08638522028923035,0.0215001218020916,0.00025201350217685103
3042,0.11015991866588593,0.08626427501440048,0.021393582224845886,0.0002502064744476229
3043,0.10993239283561707,0.08617470413446426,0.021246235817670822,0.00025114548043347895
3044,0.10971852391958237,0.08605006337165833,0.02117430604994297,0.0002494159562047571
3045,0.10950437933206558,0.08584700524806976,0.021208707243204117,0.00024486673646606505
3046,0.10930754989385605,0.08557923883199692,0.021298455074429512,0.00024298590142279863
3047,0.10911626368761063,0.08529417961835861,0.021366175264120102,0.00024559127632528543
3048,0.10894165933132172,0.0850319191813469,0.021396638825535774,0.00025131049915216863
3049,0.10878773778676987,0.08480435609817505,0.0214250348508358,0.00025583410752005875
3050,0.10863947123289108,0.0846128985285759,0.02146095037460327,0.0002565619070082903
3051,0.1085076853632927,0.08446658402681351,0.021465038880705833,0.0002576058031991124
3052,0.10838714987039566,0.08436029404401779,0.021399591118097305,0.0002627260400913656
3053,0.10827672481536865,0.08425255864858627,0.02130904234945774,0.0002715121954679489
3054,0.10817684233188629,0.0840858742594719,0.02128414995968342,0.0002806816773954779
3055,0.10807770490646362,0.08384472131729126,0.021354807540774345,0.00028781744185835123
3056,0.10798778384923935,0.08358416706323624,0.021456750109791756,0.00029468658613041043
3057,0.10790271311998367,0.083379365503788,0.021490469574928284,0.0003032876702491194
3058,0.1078181117773056,0.08325577527284622,0.02143019437789917,0.00031321446294896305
3059,0.10773658007383347,0.08317764103412628,0.021338336169719696,0.00032206025207415223
3060,0.1076551228761673,0.08309851586818695,0.02127300761640072,0.00032836009631864727
3061,0.10757727921009064,0.08300357311964035,0.0212344191968441,0.0003339290269650519
3062,0.10749907046556473,0.08289317041635513,0.021197844296693802,0.0003408048942219466
3063,0.10742127150297165,0.0827568843960762,0.021173007786273956,0.000349137611920014
3064,0.10734563320875168,0.08259104937314987,0.021185019984841347,0.00035695655969902873
3065,0.107269786298275,0.08242925256490707,0.021211080253124237,0.0003629450802691281
3066,0.10719484835863113,0.08231890201568604,0.021193023771047592,0.00036829165765084326
3067,0.10712093114852905,0.08225757628679276,0.021121323108673096,0.0003742029657587409
3068,0.10704952478408813,0.08218341320753098,0.021062202751636505,0.0003803912259172648
3069,0.10697835683822632,0.0820484608411789,0.021071750670671463,0.0003858152194879949
3070,0.10690901428461075,0.08188160508871078,0.021123357117176056,0.00039040486444719136
3071,0.10684171319007874,0.08174955099821091,0.021144261583685875,0.0003947900841012597
3072,0.10677594691514969,0.08167224377393723,0.02111048810184002,0.0003993214631918818
3073,0.10671181976795197,0.08160939067602158,0.021067336201667786,0.0004035096790175885
3074,0.10664866864681244,0.0815243348479271,0.021052895113825798,0.00040714358328841627
3075,0.10658716410398483,0.08142402768135071,0.02105373702943325,0.00041093979962170124
3076,0.10652545094490051,0.08132591098546982,0.02104809321463108,0.0004151447501499206
3077,0.10646463185548782,0.08122306317090988,0.02104789949953556,0.0004193672793917358
3078,0.10640420019626617,0.08110759407281876,0.021067259833216667,0.00042293412843719125
3079,0.10634379833936691,0.08100331574678421,0.021081652492284775,0.0004258836852386594
3080,0.1062835082411766,0.0809389129281044,0.021058164536952972,0.0004286433686502278
3081,0.10622341930866241,0.08089962601661682,0.021012498065829277,0.0004311291268095374
3082,0.10616371035575867,0.08083872497081757,0.020993797108530998,0.0004331185482442379
3083,0.10610406845808029,0.0807386264204979,0.021016916260123253,0.0004348522052168846
3084,0.10604497045278549,0.08063089102506638,0.021045122295618057,0.0004368952941149473
3085,0.1059860959649086,0.08054826408624649,0.021046100184321404,0.00043917293078266084
3086,0.10592751204967499,0.08048438280820847,0.021033352240920067,0.00044097716454416513
3087,0.10586919635534286,0.08041393756866455,0.02103458344936371,0.0004420677723828703
3088,0.10581135004758835,0.08033037185668945,0.02104942314326763,0.00044315497507341206
3089,0.10575355589389801,0.08024407923221588,0.02106155827641487,0.0004447918327059597
3090,0.10569591820240021,0.0801582857966423,0.021071549504995346,0.00044660893036052585
3091,0.10563841462135315,0.08006981760263443,0.0210895836353302,0.00044790111132897437
3092,0.10558086633682251,0.07998576015233994,0.02110787108540535,0.00044872332364320755
3093,0.10552322864532471,0.07991697639226913,0.021108292043209076,0.00044979594531469047
3094,0.10546538978815079,0.07985609769821167,0.021095464006066322,0.0004513832682278007
3095,0.10540731251239777,0.07978205382823944,0.02109481766819954,0.00045304466038942337
3096,0.10534870624542236,0.07968975603580475,0.02111441269516945,0.0004544543335214257
3097,0.10528980940580368,0.07959876954555511,0.02113226056098938,0.00045587768545374274
3098,0.10523032397031784,0.07952608168125153,0.021128779277205467,0.000457546062534675
3099,0.10517029464244843,0.07946576923131943,0.021112876012921333,0.00045916507951915264
3100,0.10510969161987305,0.07940290123224258,0.02110300213098526,0.00046037902939133346
3101,0.10504850000143051,0.07933426648378372,0.02110033482313156,0.00046139018377289176
3102,0.10498674213886261,0.07926485687494278,0.021095523610711098,0.00046263629337772727
3103,0.10492441058158875,0.07919462025165558,0.021088602021336555,0.00046411927905865014
3104,0.10486152768135071,0.07912172377109528,0.021085349842905998,0.00046544484212063253
3105,0.10479802638292313,0.07905120402574539,0.02108197659254074,0.00046648431452922523
3106,0.10473392903804779,0.0789874866604805,0.021071163937449455,0.00046752754133194685
3107,0.10466927289962769,0.07892311364412308,0.021058514714241028,0.0004687640757765621
3108,0.10460396111011505,0.07884760946035385,0.0210560392588377,0.00047003140207380056
3109,0.10453799366950989,0.07876468449831009,0.021061884239315987,0.00047114273183979094
3110,0.10447140783071518,0.07868798822164536,0.02106182835996151,0.00047215865924954414
3111,0.10440412908792496,0.07862049341201782,0.021051589399576187,0.00047320511657744646
3112,0.10433614253997803,0.07855110615491867,0.021042436361312866,0.00047425960656255484
3113,0.1042674258351326,0.07847213745117188,0.02104261890053749,0.0004752675595227629
3114,0.10419797897338867,0.07838855683803558,0.021046675741672516,0.0004762743192259222
3115,0.10412774235010147,0.078307144343853,0.021047625690698624,0.00047729717334732413
3116,0.10405667126178741,0.078227698802948,0.021046709269285202,0.00047822610940784216
3117,0.10398474335670471,0.0781487375497818,0.02104632556438446,0.00047896834439598024
3118,0.10391198843717575,0.0780719518661499,0.0210441704839468,0.00047958624782040715
3119,0.10383830219507217,0.07799659669399261,0.02104002609848976,0.0004801682662218809
3120,0.10376370698213577,0.07791745662689209,0.02103923261165619,0.0004807020304724574
3121,0.10368818044662476,0.07783352583646774,0.021043183282017708,0.00048114731907844543
3122,0.10361173003911972,0.07775125652551651,0.021045129746198654,0.00048153448733501136
3123,0.1035342738032341,0.0776742622256279,0.021041104570031166,0.00048189115477725863
3124,0.10345582664012909,0.07759707421064377,0.021036861464381218,0.0004821886250283569
3125,0.1033763438463211,0.0775139108300209,0.021038170903921127,0.00048242651973851025
3126,0.10329583287239075,0.07742752879858017,0.02104169875383377,0.00048266080557368696
3127,0.10321427881717682,0.07734369486570358,0.021041639149188995,0.00048289410187862813
3128,0.10313159227371216,0.07726218551397324,0.02103886380791664,0.00048305391101166606
3129,0.10304781049489975,0.07717897742986679,0.021037474274635315,0.0004831360129173845
3130,0.10296289622783661,0.07709288597106934,0.021037645637989044,0.00048323627561330795
3131,0.10287680476903915,0.07700514048337936,0.02103782445192337,0.00048338391934521496
3132,0.10278955101966858,0.07691594213247299,0.021038752049207687,0.0004834860155824572
3133,0.10270106047391891,0.07682570070028305,0.021040476858615875,0.0004834886349271983
3134,0.10261140018701553,0.076736681163311,0.021040190011262894,0.0004834522260352969
3135,0.1025204285979271,0.07664906978607178,0.021037209779024124,0.0004834155843127519
3136,0.10242821276187897,0.07655947655439377,0.021035457029938698,0.0004833279817830771
3137,0.10233467072248459,0.07646612823009491,0.02103680744767189,0.0004831736150663346
3138,0.10223984718322754,0.07637207955121994,0.021037632599473,0.0004830140096601099
3139,0.10214368999004364,0.07627996057271957,0.02103509195148945,0.0004828636592719704
3140,0.10204612463712692,0.07618765532970428,0.021031871438026428,0.00048265972873196006
3141,0.10194721817970276,0.07609231770038605,0.021031007170677185,0.00048238964518532157
3142,0.1018468588590622,0.07599478960037231,0.02103094570338726,0.00048211225657723844
3143,0.10174509882926941,0.07589749991893768,0.021029312163591385,0.00048182872706092894
3144,0.10164187848567963,0.07580028474330902,0.021026870235800743,0.00048147240886464715
3145,0.10153717547655106,0.0757017582654953,0.021025005728006363,0.00048104143934324384
3146,0.1014309749007225,0.07560154050588608,0.02102341502904892,0.0004806016222573817
3147,0.1013232171535492,0.07549957931041718,0.021022094413638115,0.0004801539471372962
3148,0.10121394693851471,0.07539574801921844,0.02102184109389782,0.00047963534598238766
3149,0.10110306739807129,0.07529096305370331,0.021021705120801926,0.00047903991071507335
3150,0.10099063068628311,0.07518644630908966,0.021020028740167618,0.0004784161283168942
3151,0.10087653994560242,0.07508105039596558,0.021017886698246002,0.00047776062274351716
3152,0.1007608026266098,0.07497299462556839,0.021017448976635933,0.0004770364030264318
3153,0.10064340382814407,0.07486297935247421,0.021017834544181824,0.0004762586613651365
3154,0.10052432119846344,0.07475300878286362,0.021016670390963554,0.0004754643014166504
3155,0.10040351003408432,0.07464271038770676,0.021014489233493805,0.00047463137889280915
3156,0.10028094798326492,0.07453027367591858,0.021013393998146057,0.0004737279377877712
3157,0.10015667974948883,0.07441593706607819,0.02101300284266472,0.0004727738560177386
3158,0.10003054887056351,0.07430105656385422,0.021011581644415855,0.0004717905540019274
3159,0.09990263730287552,0.07418575137853622,0.021009376272559166,0.0004707508778665215
3160,0.0997728556394577,0.07406904548406601,0.021007398143410683,0.00046964111970737576
3161,0.09964122623205185,0.07395069301128387,0.021005606278777122,0.00046849274076521397
3162,0.09950769692659378,0.07383082807064056,0.021003706380724907,0.0004673157527577132
3163,0.09937220811843872,0.07370958477258682,0.02100183255970478,0.0004660793056245893
3164,0.09923478215932846,0.07358739525079727,0.020999610424041748,0.0004647776368074119
3165,0.09909538924694061,0.07346443831920624,0.02099655009806156,0.0004634402575902641
3166,0.09895394742488861,0.07333966344594955,0.020993642508983612,0.00046206379192881286
3167,0.09881046414375305,0.07321284711360931,0.02099139243364334,0.0004606224538292736
3168,0.09866493195295334,0.07308503240346909,0.02098863758146763,0.00045912651694379747
3169,0.0985172763466835,0.0729563981294632,0.02098490670323372,0.00045759748900309205
3170,0.09836751222610474,0.07282596081495285,0.020981445908546448,0.00045601066085509956
3171,0.09821557998657227,0.07269351929426193,0.020978588610887527,0.0004543472023215145
3172,0.0980614721775055,0.07256004214286804,0.02097509428858757,0.00045263319043442607
3173,0.09790513664484024,0.07242560386657715,0.0209707822650671,0.00045087511534802616
3174,0.09774657338857651,0.07228941470384598,0.02096666768193245,0.00044904890819452703
3175,0.0975857526063919,0.07215119898319244,0.020962920039892197,0.0004471627762541175
3176,0.09742265939712524,0.07201140373945236,0.02095884457230568,0.000445240963017568
3177,0.09725727885961533,0.07187039405107498,0.0209541916847229,0.0004432691785041243
3178,0.09708955883979797,0.07172778993844986,0.020949410274624825,0.00044123598490841687
3179,0.09691956639289856,0.07158317416906357,0.020944727584719658,0.0004391659749671817
3180,0.09674717485904694,0.07143670320510864,0.02093985490500927,0.00043706127326004207
3181,0.09657245129346848,0.07128864526748657,0.020934725180268288,0.0004349084629211575
3182,0.09639543294906616,0.07113885134458542,0.020929373800754547,0.000432720931712538
3183,0.09621603786945343,0.07098699361085892,0.020923957228660583,0.000430508516728878
3184,0.09603430330753326,0.07083314657211304,0.020918551832437515,0.0004282610898371786
3185,0.09585023671388626,0.07067755609750748,0.02091282606124878,0.000425985170295462
3186,0.09566384553909302,0.07052018493413925,0.020906660705804825,0.0004236999957356602
3187,0.09547511488199234,0.070360466837883,0.020900605246424675,0.0004214043146930635
3188,0.09528413414955139,0.07019846141338348,0.020894739776849747,0.0004190936160739511
3189,0.0950908362865448,0.0700346827507019,0.02088828571140766,0.00041678661364130676
3190,0.09489529579877853,0.06986884027719498,0.020881539210677147,0.0004144911072216928
3191,0.09469754993915558,0.06970048695802689,0.02087508700788021,0.0004121974343433976
3192,0.09449760615825653,0.06952987611293793,0.020868541672825813,0.0004099186626262963
3193,0.0942954495549202,0.06935717910528183,0.020861538127064705,0.00040767359314486384
3194,0.09409117698669434,0.06918205320835114,0.02085459604859352,0.000405453349230811
3195,0.09388482570648193,0.06900431215763092,0.02084788680076599,0.00040326305315829813
3196,0.09367638826370239,0.06882434338331223,0.020840836688876152,0.0004011207493022084
3197,0.0934659019112587,0.0686420202255249,0.02083359658718109,0.00039902838761918247
3198,0.09325341135263443,0.06845694035291672,0.02082662656903267,0.0003969839308410883
3199,0.09303894639015198,0.06826930493116379,0.020819632336497307,0.00039500067941844463
3200,0.09282253682613373,0.06807928532361984,0.020812412723898888,0.0003930838720407337
3201,0.09260421991348267,0.06788671016693115,0.02080521546304226,0.00039122893940657377
3202,0.0923839807510376,0.06769134849309921,0.020798198878765106,0.00038944315747357905
3203,0.09216189384460449,0.06749356538057327,0.020791005343198776,0.00038773304549977183
3204,0.09193792194128036,0.06729315221309662,0.0207837987691164,0.0003860972647089511
3205,0.0917121171951294,0.06709003448486328,0.02077670954167843,0.0003845372411888093
3206,0.0914844423532486,0.06688424199819565,0.0207696370780468,0.00038305672933347523
3207,0.09125498682260513,0.06667622923851013,0.02076219581067562,0.000381655729142949
3208,0.09102363884449005,0.06646507233381271,0.020755253732204437,0.00038033112650737166
3209,0.09079047292470932,0.06625192612409592,0.020747682079672813,0.00037908629747107625
3210,0.09055539220571518,0.06603527069091797,0.020741024985909462,0.00037791012437082827
3211,0.0903184786438942,0.06581811606884003,0.020732156932353973,0.00037682047695852816
3212,0.09007968008518219,0.06559409946203232,0.02072792872786522,0.0003757657250389457
3213,0.08983912318944931,0.06537685543298721,0.02071349322795868,0.0003748774470295757
3214,0.08959759771823883,0.06513717025518417,0.020721010863780975,0.00037394152604974806
3215,0.08935988694429398,0.06493991613388062,0.02067912369966507,0.0003740844258572906
3216,0.0891566351056099,0.06463787704706192,0.02075476199388504,0.0003763996355701238
3217,0.08919020742177963,0.06458885967731476,0.020562227815389633,0.0004039113991893828
3218,0.09089475125074387,0.06397416442632675,0.02115359902381897,0.0005766985705122352
3219,0.10340727865695953,0.06523337215185165,0.020470306277275085,0.001770359929651022
3220,0.1678759753704071,0.06448443979024887,0.027452504262328148,0.007593902293592691
3221,0.19685368239879608,0.07558974623680115,0.020925214514136314,0.010033871978521347
3222,0.11851873993873596,0.05904024466872215,0.03164665028452873,0.0027831848710775375
3223,0.11533670127391815,0.062250085175037384,0.023969236761331558,0.0029117371886968613
3224,0.14141221344470978,0.07457825541496277,0.022397762164473534,0.004443618934601545
3225,0.09295976907014847,0.06214315444231033,0.025300543755292892,0.0005516076926141977
3226,0.1311885118484497,0.060381680727005005,0.03375622257590294,0.0037050608079880476
3227,0.09460397064685822,0.0694551095366478,0.020447218790650368,0.000470164290163666
3228,0.11870136111974716,0.071551613509655,0.019277457147836685,0.0027872284408658743
3229,0.09604828804731369,0.06023542955517769,0.03120652213692665,0.00046063383342698216
3230,0.11124560236930847,0.062343742698431015,0.026469431817531586,0.0022432436235249043
3231,0.09689619392156601,0.07042769342660904,0.021489882841706276,0.0004978618817403913
3232,0.10386400669813156,0.06894383579492569,0.019281718879938126,0.001563844969496131
3233,0.09727266430854797,0.05968597158789635,0.03159081190824509,0.0005995881510898471
3234,0.1000220775604248,0.061314404010772705,0.027537599205970764,0.001117007457651198
3235,0.0963868796825409,0.06935050338506699,0.020867474377155304,0.000616889854427427
3236,0.0961550921201706,0.06913717836141586,0.01963915303349495,0.0007378755835816264
3237,0.09636519849300385,0.06114780902862549,0.028539985418319702,0.0006677406490780413
3238,0.09381645172834396,0.06114710122346878,0.02768392488360405,0.0004985426785424352
3239,0.09474504739046097,0.0670194998383522,0.020938122645020485,0.0006787427118979394
3240,0.09248905628919601,0.06823910027742386,0.019641421735286713,0.0004608533054124564
3241,0.09384992718696594,0.062216658145189285,0.024618668481707573,0.000701460347045213
3242,0.09087872505187988,0.06112843379378319,0.02631668746471405,0.00034336026874370873
3243,0.09264126420021057,0.06561477482318878,0.020399805158376694,0.0006626677350141108
3244,0.09049708396196365,0.06709375232458115,0.01960611343383789,0.0003797215467784554
3245,0.09143438190221786,0.06296985596418381,0.0226422268897295,0.0005822303937748075
3246,0.08957888185977936,0.06150723248720169,0.025183172896504402,0.0002888475137297064
3247,0.09055985510349274,0.06468406319618225,0.020835714414715767,0.0005040079704485834
3248,0.08932266384363174,0.0658252164721489,0.019665680825710297,0.0003831765498034656
3249,0.08961267024278641,0.06281871348619461,0.02224866673350334,0.00045452913036569953
3250,0.08839671313762665,0.061958085745573044,0.02290959656238556,0.00035290271625854075
3251,0.08906380087137222,0.06387706845998764,0.020511461421847343,0.0004675269592553377
3252,0.08810967206954956,0.06367133557796478,0.020299993455410004,0.00041383394272997975
3253,0.0883350819349289,0.061690330505371094,0.022721655666828156,0.0003923099138773978
3254,0.08730525523424149,0.06245874986052513,0.021077513694763184,0.00037689891178160906
3255,0.08786800503730774,0.0638987198472023,0.019728880375623703,0.00042404115083627403
3256,0.08684352785348892,0.06212702393531799,0.021054834127426147,0.0003661669325083494
3257,0.08737339079380035,0.060676779597997665,0.023157436400651932,0.0003539175959303975
3258,0.08635841310024261,0.06269829720258713,0.019736500456929207,0.00039236212614923716
3259,0.0865555852651596,0.06287931650876999,0.019666142761707306,0.0004010122502222657
3260,0.08605308085680008,0.06030143424868584,0.022422371432185173,0.0003329279425088316
3261,0.0858275443315506,0.0604182668030262,0.02173052728176117,0.0003678753273561597
3262,0.08584678173065186,0.06269941478967667,0.019068006426095963,0.00040793593507260084
3263,0.08512917906045914,0.0609130933880806,0.020692307502031326,0.0003523776831571013
3264,0.08537622541189194,0.05896041914820671,0.023434188216924667,0.0002981620200444013
3265,0.08472920954227448,0.06100934371352196,0.019851624965667725,0.00038682404556311667
3266,0.08458468317985535,0.06142017990350723,0.019463790580630302,0.00037007141509093344
3267,0.08453855663537979,0.05894436314702034,0.022603441029787064,0.0002990752109326422
3268,0.08387889713048935,0.05930180475115776,0.021130332723259926,0.00034467584919184446
3269,0.08406508713960648,0.060417529195547104,0.0195770226418972,0.0004070533032063395
3270,0.08357194811105728,0.05873137339949608,0.02153461053967476,0.00033059637644328177
3271,0.08331265300512314,0.058677732944488525,0.02131746895611286,0.0003317453956697136
3272,0.08321412652730942,0.05949897691607475,0.019827786833047867,0.0003887364873662591
3273,0.08285198360681534,0.05815872177481651,0.021080592647194862,0.000361266836989671
3274,0.08260202407836914,0.058121319860219955,0.021136052906513214,0.0003344653523527086
3275,0.08241557329893112,0.05868354067206383,0.02006760984659195,0.00036644242936745286
3276,0.08221745491027832,0.057442158460617065,0.02105427347123623,0.00037210225127637386
3277,0.08179322630167007,0.057598408311605453,0.020622408017516136,0.0003572408459149301
3278,0.08176097273826599,0.05791768059134483,0.020181147381663322,0.0003662145754788071
3279,0.08144191652536392,0.056706707924604416,0.02119886688888073,0.00035363459028303623
3280,0.08119155466556549,0.057177674025297165,0.020238777622580528,0.00037751038325950503
3281,0.08091802895069122,0.05692150816321373,0.02046014554798603,0.0003536376461852342
3282,0.08075472712516785,0.05625234916806221,0.021138686686754227,0.00033636949956417084
3283,0.08054391294717789,0.05696723610162735,0.019787894561886787,0.0003788784670177847
3284,0.08023037761449814,0.05573093891143799,0.021031435579061508,0.00034679999225772917
3285,0.07998437434434891,0.05590188503265381,0.02060491032898426,0.00034775794483721256
3286,0.07976550608873367,0.05615469440817833,0.01993011124432087,0.0003680697991512716
3287,0.07957655191421509,0.05505229905247688,0.021003495901823044,0.0003520757018122822
3288,0.07936934381723404,0.05567098781466484,0.020022254437208176,0.0003676101623568684
3289,0.07912600040435791,0.054767828434705734,0.020905928686261177,0.0003452243690844625
3290,0.07886134833097458,0.055311448872089386,0.01985771395266056,0.00036921841092407703
3291,0.07862628996372223,0.0541510246694088,0.021043872460722923,0.0003431393997743726
3292,0.07836070656776428,0.05475819110870361,0.019975559785962105,0.000362695922376588
3293,0.0781291127204895,0.05407461151480675,0.020488997921347618,0.00035655044484883547
3294,0.07790755480527878,0.054015059024095535,0.02023773454129696,0.0003654759784694761
3295,0.07766777276992798,0.05339871719479561,0.020750492811203003,0.0003518566663842648
3296,0.07749484479427338,0.05407235771417618,0.019685203209519386,0.0003737286606337875
3297,0.07737467437982559,0.0525021068751812,0.021453114226460457,0.0003419450076762587
3298,0.07756898552179337,0.05423278734087944,0.019253715872764587,0.00040824810275807977
3299,0.07864916324615479,0.05088010057806969,0.024120058864355087,0.00036490033380687237
3300,0.08449113368988037,0.05729568004608154,0.020696455612778664,0.0006499001174233854
3301,0.09476908296346664,0.046456824988126755,0.04156923666596413,0.0006743019330315292
3302,0.14217640459537506,0.06944049149751663,0.057086486369371414,0.0015649423003196716
3303,0.08791723847389221,0.04692370072007179,0.034442633390426636,0.0006550907273776829
3304,0.13151340186595917,0.0457179956138134,0.05528075993061066,0.003051463980227709
3305,0.2217259705066681,0.08498405665159225,0.11286810040473938,0.002387380227446556
3306,0.1806008219718933,0.06520561873912811,0.060963328927755356,0.005443186964839697
3307,0.13037250936031342,0.052646394819021225,0.039067357778549194,0.0038658753037452698
3308,0.15812762081623077,0.054316528141498566,0.04704519733786583,0.005676590371876955
3309,0.12284792959690094,0.06521269679069519,0.027291901409626007,0.0030343332327902317
3310,0.15321758389472961,0.07353772222995758,0.023860342800617218,0.005581952165812254
3311,0.10556333512067795,0.07116831839084625,0.024557437747716904,0.0009837574325501919
3312,0.12812481820583344,0.06746432185173035,0.026179559528827667,0.0034480933099985123
3313,0.12844756245613098,0.05846564099192619,0.03799158334732056,0.0031990339048206806
3314,0.11931566894054413,0.060636140406131744,0.0328383706510067,0.0025841165333986282
3315,0.1010255441069603,0.07021410018205643,0.020991839468479156,0.0009819604456424713
3316,0.12830878794193268,0.07615193724632263,0.020378775894641876,0.0031778074335306883
3317,0.10600347071886063,0.0689001977443695,0.02039162442088127,0.0016711645293980837
3318,0.10914375633001328,0.0627189353108406,0.03524650260806084,0.0011178323766216636
3319,0.10756844282150269,0.06092418357729912,0.0399889200925827,0.0006655335309915245
3320,0.11073335260152817,0.06296241283416748,0.031685519963502884,0.001608542399480939
3321,0.09619206935167313,0.06393060833215714,0.026656895875930786,0.0005604565958492458
3322,0.10044191777706146,0.06720468401908875,0.022809948772192,0.0010427285451442003
3323,0.10411857813596725,0.0705641433596611,0.023288846015930176,0.00102655915543437
3324,0.1028115451335907,0.07018338888883591,0.023252008482813835,0.0009376148227602243
3325,0.09663914889097214,0.06590600311756134,0.023734215646982193,0.0006998933968134224
3326,0.09614107012748718,0.06213868781924248,0.026231128722429276,0.0007771255332045257
3327,0.09902720898389816,0.06044743210077286,0.029908642172813416,0.0008671132382005453
3328,0.09716589748859406,0.05966111645102501,0.02907654643058777,0.0008428231230936944
3329,0.09496978670358658,0.06088663265109062,0.025693153962492943,0.0008390002767555416
3330,0.09291738271713257,0.06372132897377014,0.023106813430786133,0.0006089240778237581
3331,0.09471645951271057,0.0654744952917099,0.02216406725347042,0.000707789440639317
3332,0.09279202669858932,0.06489452719688416,0.022883059456944466,0.0005014443304389715
3333,0.09224412590265274,0.06373833119869232,0.023657383397221565,0.00048484161379747093
3334,0.09160294383764267,0.06184128671884537,0.025168024003505707,0.0004593635385390371
3335,0.0923902615904808,0.0595199279487133,0.028508927673101425,0.0004361407191026956
3336,0.09030435979366302,0.05848144367337227,0.028713036328554153,0.0003109882236458361
3337,0.08898675441741943,0.05999832972884178,0.024155087769031525,0.0004833339771721512
3338,0.08894866704940796,0.06203104183077812,0.0213888268917799,0.000552880228497088
3339,0.0887271985411644,0.062221139669418335,0.0211520753800869,0.0005353980232030153
3340,0.0871533453464508,0.06102576479315758,0.021995626389980316,0.0004131954920012504
3341,0.08617642521858215,0.060238804668188095,0.02245362475514412,0.0003483993641566485
3342,0.08695811778306961,0.05977450683712959,0.022731922566890717,0.00044516840716823936
3343,0.08583235740661621,0.05886212736368179,0.023407194763422012,0.0003563030913937837
3344,0.08442354947328568,0.05840127542614937,0.02287023514509201,0.00031520359334535897
3345,0.0839693546295166,0.05888139083981514,0.02095114253461361,0.0004136826901230961
3346,0.08389076590538025,0.059031784534454346,0.01996355876326561,0.0004895422607660294
3347,0.08214066177606583,0.05753519758582115,0.021057352423667908,0.0003548110544215888
3348,0.08183737099170685,0.05549948289990425,0.02319355681538582,0.0003144334186799824
3349,0.08146920800209045,0.054783400148153305,0.02336578071117401,0.0003320026444271207
3350,0.08059004694223404,0.05546571686863899,0.021628279238939285,0.0003496049321256578
3351,0.07976967096328735,0.055776000022888184,0.02078312821686268,0.00032105407444760203
3352,0.07963389158248901,0.054965462535619736,0.021297240629792213,0.0003371188940946013
3353,0.07908723503351212,0.053984612226486206,0.021861175075173378,0.00032414484303444624
3354,0.0781450867652893,0.0535990372300148,0.021333934739232063,0.00032121187541633844
3355,0.07806115597486496,0.05321156978607178,0.02103671431541443,0.00038128733285702765
3356,0.07757993042469025,0.052322279661893845,0.021465584635734558,0.0003792064089793712
3357,0.07696343213319778,0.05191686376929283,0.021388063207268715,0.0003658500500023365
3358,0.07687942683696747,0.052325066179037094,0.0203548576682806,0.0004199502873234451
3359,0.0766163170337677,0.05237504839897156,0.019828669726848602,0.00044126028660684824
3360,0.07613068073987961,0.05134053900837898,0.020609384402632713,0.00041807559318840504
3361,0.07613978534936905,0.050475578755140305,0.02132488042116165,0.00043393304804340005
3362,0.07583392411470413,0.05065159127116203,0.02061772719025612,0.00045646086800843477
3363,0.07552903890609741,0.05082426592707634,0.020038312301039696,0.00046664627734571695
3364,0.07540692389011383,0.050184305757284164,0.02046077325940132,0.00047618476673960686
3365,0.07523562759160995,0.0496242418885231,0.020755061879754066,0.0004856327432207763
3366,0.0749497264623642,0.049617063254117966,0.0203302800655365,0.0005002382677048445
3367,0.07491268962621689,0.04927859455347061,0.020524337887763977,0.0005109758931212127
3368,0.07468365132808685,0.048684392124414444,0.02111220732331276,0.0004887048271484673
3369,0.07443361729383469,0.04881155118346214,0.020700890570878983,0.000492117484100163
3370,0.07434301823377609,0.04912269487977028,0.020085345953702927,0.0005134976818226278
3371,0.07405216991901398,0.04869728907942772,0.020441189408302307,0.0004913689917884767
3372,0.07385876774787903,0.04825279861688614,0.02083057537674904,0.00047753885155543685
3373,0.0736798346042633,0.04829175025224686,0.020513704046607018,0.00048743808292783797
3374,0.07344701886177063,0.048274870961904526,0.0202910415828228,0.0004881107888650149
3375,0.07322922348976135,0.04811055585741997,0.020347829908132553,0.0004770834930241108
3376,0.07306980341672897,0.04806600883603096,0.020294474437832832,0.0004709316708613187
3377,0.07279051840305328,0.04795466735959053,0.02029900811612606,0.0004536841588560492
3378,0.07262241840362549,0.04775114730000496,0.020435534417629242,0.0004435735463630408
3379,0.07241395860910416,0.047591160982847214,0.020542094483971596,0.0004280699067749083
3380,0.07218731939792633,0.04750367999076843,0.02052530273795128,0.00041583337588235736
3381,0.0720268040895462,0.047523561865091324,0.02031834051012993,0.00041849041008390486
3382,0.07181335240602493,0.0474117174744606,0.02025955729186535,0.00041420728666707873
3383,0.07162456959486008,0.047023989260196686,0.02057749405503273,0.0004023082146886736
3384,0.07144635170698166,0.04690044745802879,0.02057681232690811,0.000396909803384915
3385,0.0712481439113617,0.046989936381578445,0.020288776606321335,0.0003969432436861098
3386,0.07106325775384903,0.04678080230951309,0.020353075116872787,0.00039293812005780637
3387,0.07089376449584961,0.046627841889858246,0.020363660529255867,0.00039022669079713523
3388,0.07070419192314148,0.04662243649363518,0.020192982628941536,0.0003888774663209915
3389,0.07053593546152115,0.04630547761917114,0.020375611260533333,0.0003854848619084805
3390,0.0703631043434143,0.04604564979672432,0.02045469358563423,0.0003862759913317859
3391,0.07017902284860611,0.046054985374212265,0.02019345760345459,0.0003930574166588485
3392,0.07001855969429016,0.045866820961236954,0.020196974277496338,0.0003954771382268518
3393,0.06983661651611328,0.04557812586426735,0.020335454493761063,0.00039230339461937547
3394,0.06966719031333923,0.04538155347108841,0.020357027649879456,0.00039286105311475694
3395,0.06950352340936661,0.04520883038640022,0.020346570760011673,0.00039481191197410226
3396,0.06932483613491058,0.045060206204652786,0.02031184919178486,0.0003952781844418496
3397,0.06916410475969315,0.04484597221016884,0.020339079201221466,0.0003979048633482307
3398,0.06899135559797287,0.044700171798467636,0.02026144042611122,0.00040297405212186277
3399,0.06882167607545853,0.04452696070075035,0.020229559391736984,0.0004065156390424818
3400,0.06865936517715454,0.0442034974694252,0.020390916615724564,0.00040649485890753567
3401,0.06848714500665665,0.044131696224212646,0.020243234932422638,0.0004112214664928615
3402,0.06832538545131683,0.04403790831565857,0.020124979317188263,0.0004162500554230064
3403,0.06816072016954422,0.04377719387412071,0.020224038511514664,0.0004159484524279833
3404,0.06799422204494476,0.04364288970828056,0.02018115483224392,0.00041701761074364185
3405,0.06783466041088104,0.0434555821120739,0.02019219845533371,0.00041868796688504517
3406,0.06766905635595322,0.04329725727438927,0.020158059895038605,0.0004213743086438626
3407,0.06750860065221786,0.04312082752585411,0.02014988288283348,0.0004237887042108923
3408,0.06734992563724518,0.043019797652959824,0.020063217729330063,0.0004266912001185119
3409,0.06718876212835312,0.042810626327991486,0.020109815523028374,0.0004268321208655834
3410,0.06703320890665054,0.042612697929143906,0.020147696137428284,0.0004272811347618699
3411,0.06687542051076889,0.04255864396691322,0.020017631351947784,0.0004299143620301038
3412,0.0667196661233902,0.04235339164733887,0.02006596513092518,0.00043003109749406576
3413,0.06656617671251297,0.04225953668355942,0.019977182149887085,0.00043294564238749444
3414,0.06641244888305664,0.042046211659908295,0.020030800253152847,0.00043354343506507576
3415,0.06626234948635101,0.042004916816949844,0.01988612487912178,0.00043713059858419
3416,0.06611563265323639,0.04161711037158966,0.02015300840139389,0.00043455170816741884
3417,0.06598089635372162,0.041883185505867004,0.01965162716805935,0.0004446080420166254
3418,0.0658789575099945,0.041112057864665985,0.020400656387209892,0.00043662445386871696
3419,0.0659010261297226,0.042007964104413986,0.019280247390270233,0.00046128168469294906
3420,0.06629469990730286,0.039993174374103546,0.021826867014169693,0.000447465485194698
3421,0.06849507987499237,0.04365123435854912,0.0190389733761549,0.0005804870743304491
3422,0.0740920677781105,0.037165652960538864,0.030051153153181076,0.0006875258986838162
3423,0.1037852093577385,0.05227719619870186,0.037236686795949936,0.0014271328691393137
3424,0.08463849872350693,0.03448336571455002,0.044500503689050674,0.0005654626875184476
3425,0.07627151906490326,0.04790632426738739,0.021753069013357162,0.000661212601698935
3426,0.06648407131433487,0.04009781777858734,0.022036224603652954,0.0004350029048509896
3427,0.06981685757637024,0.037720419466495514,0.02752966433763504,0.0004566775169223547
3428,0.0762697160243988,0.04819007217884064,0.021485520526766777,0.0006594119477085769
3429,0.06948675215244293,0.03749546408653259,0.027737295255064964,0.00042539872811175883
3430,0.06640695035457611,0.04083411768078804,0.0205133818089962,0.0005059448885731399
3431,0.06685547530651093,0.043613988906145096,0.01877947896718979,0.00044620101107284427
3432,0.06926827877759933,0.037970900535583496,0.02645665407180786,0.0004840725159738213
3433,0.07283450663089752,0.04421636834740639,0.021066272631287575,0.0007551862508989871
3434,0.06566993147134781,0.03960959240794182,0.022037144750356674,0.0004023195942863822
3435,0.06625372916460037,0.03936254605650902,0.022170405834913254,0.0004720777506008744
3436,0.07189607620239258,0.04405884072184563,0.020587848499417305,0.0007249385234899819
3437,0.06704854965209961,0.037841860204935074,0.024716218933463097,0.00044904713286086917
3438,0.06503037363290787,0.04157091677188873,0.018954914063215256,0.0004504541866481304
3439,0.06525237113237381,0.041060078889131546,0.01938844844698906,0.0004803842748515308
3440,0.06662174314260483,0.03739876672625542,0.024945709854364395,0.0004277267144061625
3441,0.06784023344516754,0.04368569701910019,0.019187631085515022,0.0004966904525645077
3442,0.06510789692401886,0.03770146891474724,0.023170925676822662,0.0004235502565279603
3443,0.06387246400117874,0.03942829743027687,0.019984297454357147,0.0004459872143343091
3444,0.06381712853908539,0.040102165192365646,0.019183548167347908,0.0004531416925601661
3445,0.06412100791931152,0.037407036870718,0.022218668833374977,0.00044953005271963775
3446,0.06607380509376526,0.04059367626905441,0.019464664161205292,0.0006015461985953152
3447,0.06741800904273987,0.03670233115553856,0.023847918957471848,0.000686776009388268
3448,0.07425208389759064,0.04327157884836197,0.02210739254951477,0.0008873113547451794
3449,0.07024623453617096,0.034731823951005936,0.029385225847363472,0.0006129180546849966
3450,0.07241097092628479,0.04403071105480194,0.02133297175168991,0.0007047284161671996
3451,0.06611061841249466,0.03562938794493675,0.025536034256219864,0.0004945198888890445
3452,0.06343017518520355,0.03928372636437416,0.018915260210633278,0.0005231190589256585
3453,0.0629897266626358,0.039190758019685745,0.01881798543035984,0.0004980982048436999
3454,0.06420156359672546,0.03577364981174469,0.023886868730187416,0.0004541045054793358
3455,0.06736280769109726,0.04110705107450485,0.019469711929559708,0.0006786047015339136
3456,0.06634781509637833,0.03542600944638252,0.02490857243537903,0.0006013233214616776
3457,0.06733902543783188,0.0410708449780941,0.019811715930700302,0.000645646417979151
3458,0.06419061124324799,0.03531259670853615,0.024595610797405243,0.00042824060074053705
3459,0.06279417127370834,0.039267610758543015,0.018954569473862648,0.00045719905756413937
3460,0.061854347586631775,0.03704410418868065,0.020566493272781372,0.0004243752046022564
3461,0.06187312677502632,0.03654587268829346,0.02100919932126999,0.00043180561624467373
3462,0.06264200806617737,0.03903619945049286,0.018714280799031258,0.0004891529097221792
3463,0.06339360773563385,0.03516202047467232,0.02342299371957779,0.0004808590456377715
3464,0.0656445249915123,0.04006979614496231,0.019235076382756233,0.0006339653627946973
3465,0.0655413568019867,0.0348566398024559,0.024450724944472313,0.000623399275355041
3466,0.0697493627667427,0.04117130860686302,0.02072405256330967,0.000785399810411036
3467,0.06633903831243515,0.03402126953005791,0.026386762037873268,0.0005931003834120929
3468,0.06752185523509979,0.04107709601521492,0.019975481554865837,0.0006469278014265001
3469,0.06417343765497208,0.03408262878656387,0.02511388622224331,0.0004976923228241503
3470,0.06314826756715775,0.038768138736486435,0.01878960244357586,0.0005590530345216393
3471,0.061617471277713776,0.03556869924068451,0.02112007513642311,0.000492869527079165
3472,0.06092960759997368,0.03661295026540756,0.01957913301885128,0.00047375212307088077
3473,0.060559798032045364,0.036242060363292694,0.01989046297967434,0.00044272723607718945
3474,0.06063806265592575,0.035793744027614594,0.020337311550974846,0.00045070043415762484
3475,0.06109798699617386,0.036873262375593185,0.019353259354829788,0.0004871463752351701
3476,0.0616425983607769,0.03451541066169739,0.02215639501810074,0.0004970793379470706
3477,0.06378188729286194,0.03852882608771324,0.019259782508015633,0.000599327904637903
3478,0.06546027213335037,0.03268181160092354,0.02654101885855198,0.0006237439811229706
3479,0.07411601394414902,0.041708867996931076,0.023305179551243782,0.0009101966861635447
3480,0.06900182366371155,0.0317634753882885,0.030164498835802078,0.0007073848973959684
3481,0.07228050380945206,0.04161179065704346,0.022312965244054794,0.0008355744648724794
3482,0.06283168494701385,0.03340955451130867,0.0244979839771986,0.0004924150416627526
3483,0.06014712154865265,0.03591833636164665,0.01960720121860504,0.0004621583502739668
3484,0.06227833032608032,0.03804384544491768,0.018673328682780266,0.0005561159923672676
3485,0.06481613963842392,0.032224610447883606,0.027289872989058495,0.0005301653291098773
3486,0.06899934262037277,0.04071066901087761,0.021132199093699455,0.0007156477659009397
3487,0.06316806375980377,0.032416410744190216,0.0259933490306139,0.0004758308350574225
3488,0.06026200205087662,0.03660983964800835,0.019078442826867104,0.0004573717596940696
3489,0.05959653854370117,0.035854440182447433,0.01943066529929638,0.0004311433876864612
3490,0.06107034534215927,0.03315131738781929,0.023501615971326828,0.0004417411400936544
3491,0.06392214447259903,0.038545385003089905,0.019537050276994705,0.0005839706864207983
3492,0.06334104388952255,0.03237810730934143,0.025159254670143127,0.000580368097871542
3493,0.06493476033210754,0.03826495632529259,0.019722362980246544,0.0006947445799596608
3494,0.06100451946258545,0.03335068002343178,0.022289518266916275,0.0005364321987144649
3495,0.05937519669532776,0.03573596104979515,0.018846305087208748,0.0004792929394170642
3496,0.05887811630964279,0.03479596599936485,0.019510507583618164,0.0004571641911752522
3497,0.05947263911366463,0.03374572470784187,0.020850904285907745,0.00048760088975541294
3498,0.06125552952289581,0.03660547360777855,0.0188891738653183,0.0005760882049798965
3499,0.062346041202545166,0.03188445046544075,0.024479614570736885,0.0005981974536553025
3500,0.06762873381376266,0.03865986689925194,0.02108149416744709,0.0007887367974035442
3501,0.06553076952695847,0.030811592936515808,0.027602577582001686,0.000711659959051758
3502,0.07076223939657211,0.03951725736260414,0.0224330872297287,0.0008811891893856227
3503,0.06268055737018585,0.031345706433057785,0.02564430609345436,0.000569054507650435
3504,0.05977723002433777,0.03608369827270508,0.018479857593774796,0.0005213673575781286
3505,0.05829722806811333,0.03382024168968201,0.01983005367219448,0.00046469306107610464
3506,0.05915618687868118,0.03253517672419548,0.021826185286045074,0.000479482434457168
3507,0.061742667108774185,0.036839231848716736,0.018826639279723167,0.0006076794234104455
3508,0.06186338886618614,0.030926767736673355,0.02549280971288681,0.0005443812697194517
3509,0.0632885992527008,0.03723849728703499,0.01956476829946041,0.0006485338089987636
3510,0.06039285287261009,0.03140987083315849,0.023853085935115814,0.000512989703565836
3511,0.059185292571783066,0.03520389273762703,0.018866434693336487,0.0005114966188557446
3512,0.05796927958726883,0.032881174236536026,0.02049589529633522,0.0004592208715621382
3513,0.057577043771743774,0.03317651525139809,0.019841110333800316,0.00045594197581522167
3514,0.05775092914700508,0.03405396267771721,0.018855445086956024,0.0004841521440539509
3515,0.05834098160266876,0.03196505084633827,0.021289659664034843,0.0005086272722110152
3516,0.059977851808071136,0.03515320643782616,0.01874026469886303,0.0006084382184781134
3517,0.06105298921465874,0.030950501561164856,0.023585032671689987,0.000651745533104986
3518,0.06694969534873962,0.03736177086830139,0.02106456086039543,0.0008523359429091215
3519,0.06458573788404465,0.029892537742853165,0.027125345543026924,0.0007567850407212973
3520,0.07060007750988007,0.038778405636548996,0.022798774763941765,0.0009022901649586856
3521,0.06197695434093475,0.030026162043213844,0.02625275030732155,0.0005698039312846959
3522,0.05875924229621887,0.03517252951860428,0.01829424872994423,0.0005292463465593755
3523,0.057048335671424866,0.03245525434613228,0.019859615713357925,0.000473346357466653
3524,0.05783959850668907,0.03127703815698624,0.021739592775702477,0.00048229642561636865
3525,0.06060820072889328,0.035792186856269836,0.01885651797056198,0.0005959496484138072
3526,0.061442602425813675,0.0294173713773489,0.02650728076696396,0.0005517947720363736
3527,0.06420727074146271,0.03678122162818909,0.020399944856762886,0.0007026109378784895
3528,0.06027885526418686,0.030040821060538292,0.0246728602796793,0.0005565174506045878
3529,0.058759890496730804,0.034521929919719696,0.018834130838513374,0.0005403832765296102
3530,0.0568791925907135,0.03182252496480942,0.02041255123913288,0.00046441174345090985
3531,0.05652621015906334,0.03186357021331787,0.02003919892013073,0.000462343858089298
3532,0.057308148592710495,0.03363155573606491,0.018462706357240677,0.0005213886615820229
3533,0.05830768868327141,0.030433226376771927,0.022351456806063652,0.0005523008876480162
3534,0.0607108473777771,0.034873928874731064,0.0190805122256279,0.0006756407092325389
3535,0.05996182933449745,0.029873505234718323,0.02370644360780716,0.0006381879793480039
3536,0.06219889968633652,0.03543621674180031,0.01972382143139839,0.0007038860931061208
3537,0.059641364961862564,0.029690394178032875,0.024000652134418488,0.0005950320628471673
3538,0.05994682386517525,0.03481170907616615,0.018977392464876175,0.0006157722673378885
3539,0.0579838789999485,0.029959289357066154,0.02264540269970894,0.0005379188223741949
3540,0.057503730058670044,0.03345819190144539,0.018412262201309204,0.0005633276887238026
3541,0.056604575365781784,0.030460430309176445,0.020975153893232346,0.0005168993957340717
3542,0.056293025612831116,0.032383982092142105,0.01857461780309677,0.0005334424204193056
3543,0.05594258010387421,0.030798673629760742,0.02009713649749756,0.0005046771257184446
3544,0.05580654740333557,0.03195945918560028,0.01878083311021328,0.0005066255107522011
3545,0.05571296811103821,0.030579252168536186,0.020187970250844955,0.0004945747787132859
3546,0.055810317397117615,0.03210412338376045,0.01858033426105976,0.0005125858588144183
3547,0.05604889988899231,0.0299313273280859,0.020877275615930557,0.0005240299506112933
3548,0.0572303831577301,0.03277425095438957,0.018502332270145416,0.0005953800864517689
3549,0.059186019003391266,0.02870183251798153,0.023572472855448723,0.0006911713862791657
3550,0.06897269934415817,0.03592158481478691,0.022602472454309464,0.0010448641842231154
3551,0.0677516758441925,0.027180824428796768,0.030176138505339622,0.0010394718265160918
3552,0.08611532300710678,0.04036561772227287,0.031946662813425064,0.0013803041074424982
3553,0.06031360104680061,0.02819964662194252,0.027188487350940704,0.000492546649184078
3554,0.06773152202367783,0.030511248856782913,0.025191668421030045,0.0012028602650389075
3555,0.09393550455570221,0.04121324419975281,0.034380193799734116,0.0018342059338465333
3556,0.06584387272596359,0.03089429996907711,0.025779196992516518,0.0009170375415123999
3557,0.13250084221363068,0.02884553372859955,0.05103401467204094,0.005262128543108702
3558,0.19045193493366241,0.06141628697514534,0.10587289929389954,0.0023162751458585262
3559,0.24279356002807617,0.046492449939250946,0.11292657256126404,0.008337453939020634
3560,0.1133432537317276,0.050979770720005035,0.034762926399707794,0.0027600552421063185
3561,0.1276264637708664,0.04213980212807655,0.04827225208282471,0.0037214409094303846
3562,0.14907929301261902,0.039281588047742844,0.06257505714893341,0.004722265060991049
3563,0.10039971023797989,0.056358035653829575,0.022377947345376015,0.0021663724910467863
3564,0.11549944430589676,0.06445631384849548,0.039821650832891464,0.001122147892601788
3565,0.11419245600700378,0.05483359098434448,0.02958706021308899,0.00297718052752316
3566,0.12661707401275635,0.04723361134529114,0.031471237540245056,0.004791222047060728
3567,0.10528790950775146,0.051467474550008774,0.02595318853855133,0.0027867245953530073
3568,0.09004557877779007,0.05699111148715019,0.02306143194437027,0.000999304000288248
3569,0.09323988854885101,0.05841858312487602,0.02102201245725155,0.0013799298321828246
3570,0.10502201318740845,0.059540342539548874,0.02220301330089569,0.0023278649896383286
3571,0.10529349744319916,0.06009601429104805,0.020406123250722885,0.0024791364558041096
3572,0.0952373519539833,0.057036012411117554,0.026642268523573875,0.0011559071717783809
3573,0.09112585335969925,0.05318991467356682,0.03176198899745941,0.0006173947476781905
3574,0.0914730578660965,0.05299832299351692,0.03165245056152344,0.0006822290597483516
3575,0.09208649396896362,0.05512119457125664,0.027286022901535034,0.0009679276845417917
3576,0.09135014563798904,0.05544156953692436,0.02653222531080246,0.0009376354864798486
3577,0.09133130311965942,0.05687568336725235,0.02637440338730812,0.0008081210544332862
3578,0.09001603722572327,0.05982952192425728,0.022441919893026352,0.0007744592148810625
3579,0.08906478434801102,0.058838438242673874,0.022220931947231293,0.0008005418931134045
3580,0.08812186121940613,0.055714040994644165,0.023062720894813538,0.0009345098515041173
3581,0.08692954480648041,0.05463714525103569,0.02305886521935463,0.0009233536547981203
3582,0.08826015889644623,0.05400420352816582,0.024706045165657997,0.0009549908572807908
3583,0.08713707327842712,0.05232376605272293,0.02676396816968918,0.0008049340103752911
3584,0.08642029017210007,0.05262155458331108,0.02803822048008442,0.0005760510102845728
3585,0.08400752395391464,0.055252593010663986,0.024306951090693474,0.00044479829375632107
3586,0.08339627087116241,0.056598272174596786,0.02324506640434265,0.00035529304295778275
3587,0.08403224498033524,0.05632210522890091,0.023539461195468903,0.0004170677566435188
3588,0.08374670147895813,0.05624338611960411,0.022588104009628296,0.0004915210884064436
3589,0.08294834941625595,0.055496033281087875,0.022611036896705627,0.0004841274640057236
3590,0.08197364956140518,0.0529673807322979,0.024648359045386314,0.00043579141492955387
3591,0.08231693506240845,0.050458963960409164,0.0277948509901762,0.00040631237789057195
3592,0.08219680935144424,0.050000112503767014,0.028352363035082817,0.00038443334051407874
3593,0.08117994666099548,0.05115148425102234,0.026490023359656334,0.00035384343937039375
3594,0.0797167494893074,0.05236152559518814,0.024191664531826973,0.0003163558430969715
3595,0.07916569709777832,0.053235460072755814,0.0229350458830595,0.00029951942269690335
3596,0.07919817417860031,0.054059337824583054,0.02218906208872795,0.0002949775953311473
3597,0.07880836725234985,0.05432882532477379,0.021639175713062286,0.00028403723263181746
3598,0.07795815169811249,0.05314085632562637,0.022066975012421608,0.00027503250748850405
3599,0.07723160088062286,0.05090488865971565,0.02338496595621109,0.00029417427140288055
3600,0.07689105719327927,0.04921942949295044,0.024298911914229393,0.0003372715145815164
3601,0.07648739218711853,0.04865919053554535,0.02412107028067112,0.00037071306724101305
3602,0.07591219246387482,0.04841427505016327,0.02359940856695175,0.00038985078572295606
3603,0.07524096220731735,0.048145536333322525,0.023100493475794792,0.00039949340862222016
3604,0.07467736303806305,0.048302363604307175,0.022441277280449867,0.00039337208727374673
3605,0.0739424079656601,0.048675522208213806,0.021668482571840286,0.00035984054557047784
3606,0.07326854765415192,0.048314373940229416,0.021690303459763527,0.0003263868857175112
3607,0.07269104570150375,0.047075364738702774,0.022510433569550514,0.0003105248906649649
3608,0.07237537205219269,0.04600103944540024,0.02324831299483776,0.00031260153627954423
3609,0.07180667668581009,0.04566227272152901,0.022920401766896248,0.0003224003594368696
3610,0.0712105855345726,0.045487552881240845,0.022345125675201416,0.0003377909888513386
3611,0.07063033431768417,0.044998444616794586,0.021993210539221764,0.00036386752617545426
3612,0.07021723687648773,0.04447951912879944,0.02173355408012867,0.00040041617467068136
3613,0.06961748003959656,0.04411333426833153,0.021302400156855583,0.00042017459054477513
3614,0.06908199191093445,0.043548353016376495,0.021259890869259834,0.0004273749073036015
3615,0.06866421550512314,0.04264145344495773,0.021615738049149513,0.0004407028027344495
3616,0.06827367842197418,0.04192554950714111,0.021806061267852783,0.0004542067472357303
3617,0.06774447113275528,0.04183421656489372,0.021342545747756958,0.00045677064917981625
3618,0.06732431799173355,0.041994474828243256,0.02070547454059124,0.0004624365537893027
3619,0.0670010894536972,0.04178093373775482,0.020466290414333344,0.0004753866232931614
3620,0.06659595668315887,0.041190262883901596,0.02060253731906414,0.000480315851746127
3621,0.06613118946552277,0.04064334183931351,0.020682187750935555,0.00048056591185741127
3622,0.06576189398765564,0.04023304209113121,0.020667938515543938,0.00048609136138111353
3623,0.06539254635572433,0.039774756878614426,0.020687559619545937,0.0004930226714350283
3624,0.06495773792266846,0.03935592621564865,0.020585527643561363,0.0005016278591938317
3625,0.06458660960197449,0.03917744383215904,0.020243491977453232,0.000516567553859204
3626,0.06424666196107864,0.039038997143507004,0.019954858347773552,0.0005252811242826283
3627,0.0638284906744957,0.03861606493592262,0.02002331055700779,0.000518911168910563
3628,0.06341592967510223,0.038058649748563766,0.020217888057231903,0.0005139389541000128
3629,0.0630352720618248,0.037724658846855164,0.020142346620559692,0.0005168264033272862
3630,0.06259200721979141,0.03754499554634094,0.01988610252737999,0.0005160908331163228
3631,0.06213967502117157,0.03723519667983055,0.019710207358002663,0.0005194271216169
3632,0.061713606119155884,0.03682033345103264,0.019570931792259216,0.0005322342622093856
3633,0.06124265491962433,0.03642281889915466,0.019376827403903008,0.0005443008849397302
3634,0.06077912449836731,0.03590911626815796,0.01934424787759781,0.000552576151676476
3635,0.060345496982336044,0.035245057195425034,0.019474290311336517,0.0005626148195005953
3636,0.05987805873155594,0.03471111133694649,0.01939787156879902,0.0005769072449766099
3637,0.059421490877866745,0.034384068101644516,0.019100796431303024,0.0005936624947935343
3638,0.05899302288889885,0.03395039588212967,0.019010325893759727,0.0006032299716025591
3639,0.05857178568840027,0.03333108872175217,0.019164733588695526,0.0006075962446630001
3640,0.05819190293550491,0.03279411420226097,0.01923230104148388,0.0006165491067804396
3641,0.05785362422466278,0.03238074481487274,0.019197706133127213,0.000627517350949347
3642,0.05752456933259964,0.03198763728141785,0.01918555237352848,0.00063513801433146
3643,0.05724727362394333,0.03168991208076477,0.019089560955762863,0.0006467800703831017
3644,0.056988250464200974,0.031410183757543564,0.018997156992554665,0.000658090808428824
3645,0.05675475299358368,0.031002013012766838,0.01911274716258049,0.0006639996427111328
3646,0.056554634124040604,0.030692318454384804,0.019177816808223724,0.0006684499676339328
3647,0.05635940656065941,0.030601559206843376,0.019015943631529808,0.000674190407153219
3648,0.05618538707494736,0.030467158183455467,0.018938511610031128,0.0006779717514291406
3649,0.056023404002189636,0.030274737626314163,0.0189706739038229,0.0006777995149604976
3650,0.055860549211502075,0.03016347996890545,0.01893741264939308,0.0006759657990187407
3651,0.055711325258016586,0.030007844790816307,0.018962528556585312,0.00067409552866593
3652,0.0555553138256073,0.029862532392144203,0.018972694873809814,0.000672008958645165
3653,0.05540226772427559,0.0298607237637043,0.018829748034477234,0.0006711794412694871
3654,0.05525105446577072,0.029786119237542152,0.018783845007419586,0.0006681091035716236
3655,0.05509791150689125,0.0296150092035532,0.018853073939681053,0.0006629828712902963
3656,0.05495235323905945,0.0295516736805439,0.018811549991369247,0.0006589129916392267
3657,0.0548071563243866,0.02950541488826275,0.01876530610024929,0.0006536434520967305
3658,0.05466728284955025,0.029445767402648926,0.01874532178044319,0.0006476194830611348
3659,0.0545329712331295,0.029441004619002342,0.018670372664928436,0.0006421591970138252
3660,0.05440043658018112,0.029356250539422035,0.018686531111598015,0.0006357654929161072
3661,0.054276011884212494,0.029250307008624077,0.018726741895079613,0.0006298964726738632
3662,0.05415350943803787,0.02922823838889599,0.018664956092834473,0.0006260312511585653
3663,0.05403581261634827,0.029162025079131126,0.01864108443260193,0.0006232699379324913
3664,0.05392353981733322,0.029084591194987297,0.01862763613462448,0.000621131039224565
3665,0.053813278675079346,0.029010895639657974,0.01861763559281826,0.0006184747326187789
3666,0.05370835214853287,0.028881309553980827,0.01867649145424366,0.0006150552071630955
3667,0.05360434576869011,0.028825093060731888,0.01865677908062935,0.0006122473860159516
3668,0.05350355803966522,0.028786733746528625,0.018622472882270813,0.0006094349664635956
3669,0.053405046463012695,0.02868831716477871,0.018664436414837837,0.000605229230131954
3670,0.05330786481499672,0.028628623113036156,0.018671425059437752,0.0006007816991768777
3671,0.05321381241083145,0.02854742482304573,0.018699511885643005,0.0005966877215541899
3672,0.05312066152691841,0.02847456932067871,0.018712075427174568,0.0005934018990956247
3673,0.05302966758608818,0.028447521850466728,0.0186738520860672,0.0005908291204832494
3674,0.05293997377157211,0.028370097279548645,0.018690815195441246,0.0005879059317521751
3675,0.05285133421421051,0.028304172679781914,0.01869458705186844,0.0005852570757269859
3676,0.05276487395167351,0.0282434169203043,0.018692700192332268,0.0005828756256960332
3677,0.05267920345067978,0.0281812883913517,0.018694309517741203,0.0005803605890832841
3678,0.052595529705286026,0.028164997696876526,0.018647458404302597,0.0005783072556369007
3679,0.05251313000917435,0.028101876378059387,0.018650716170668602,0.0005760536296293139
3680,0.05243227258324623,0.02803667262196541,0.018656719475984573,0.0005738880718126893
3681,0.052352871745824814,0.02799544669687748,0.018635347485542297,0.0005722079076804221
3682,0.05227430537343025,0.027933591976761818,0.01862955093383789,0.0005711164558306336
3683,0.05219695717096329,0.02789410389959812,0.01859482377767563,0.0005708032986149192
3684,0.052120231091976166,0.027824213728308678,0.018592260777950287,0.0005703754140995443
3685,0.05204439535737038,0.02775040827691555,0.01859431155025959,0.0005699675530195236
3686,0.05196929723024368,0.02769095078110695,0.018578357994556427,0.0005699988687410951
3687,0.05189453810453415,0.027616659179329872,0.018575942143797874,0.0005701938644051552
3688,0.05182047560811043,0.02756725810468197,0.01854902319610119,0.0005704194772988558
3689,0.05174669623374939,0.027485523372888565,0.018557490780949593,0.0005703678471036255
3690,0.051673635840415955,0.027407605201005936,0.018560845404863358,0.0005705184885300696
3691,0.05160102993249893,0.027343524619936943,0.018547557294368744,0.0005709945107810199
3692,0.05152906849980354,0.027270808815956116,0.018542738631367683,0.0005715523730032146
3693,0.0514577254652977,0.027210354804992676,0.018526120111346245,0.0005721247871406376
3694,0.05138690397143364,0.027125397697091103,0.018537098541855812,0.000572440680116415
3695,0.05131682753562927,0.02706391178071499,0.018525945022702217,0.0005726969102397561
3696,0.0512472540140152,0.026994531974196434,0.018525369465351105,0.0005727349198423326
3697,0.05117814987897873,0.026937974616885185,0.01851406879723072,0.0005726107629016042
3698,0.05110960081219673,0.0268795695155859,0.01850789785385132,0.0005722130299545825
3699,0.051041532307863235,0.026811987161636353,0.01851373352110386,0.0005715812440030277
3700,0.050973907113075256,0.026758307591080666,0.018505796790122986,0.0005709806573577225
3701,0.05090675503015518,0.02669859491288662,0.01850365474820137,0.0005704506183974445
3702,0.050840072333812714,0.02665606141090393,0.018483443185687065,0.0005700564943253994
3703,0.05077375844120979,0.026587432250380516,0.018491432070732117,0.0005694890860468149
3704,0.05070796608924866,0.026543674990534782,0.018474513664841652,0.0005689776735380292
3705,0.05064251646399498,0.02647867240011692,0.018479542806744576,0.0005684301722794771
3706,0.05057750269770622,0.026446089148521423,0.01845112070441246,0.0005680291797034442
3707,0.050512924790382385,0.026376767084002495,0.018462415784597397,0.0005673742271028459
3708,0.0504487082362175,0.026348138228058815,0.01843227446079254,0.0005668295780196786
3709,0.0503850132226944,0.026263907551765442,0.018459578976035118,0.0005661523318849504
3710,0.050321612507104874,0.026255503296852112,0.01840696483850479,0.0005659145535901189
3711,0.05025880038738251,0.0261495653539896,0.018455633893609047,0.0005653600092045963
3712,0.0501965768635273,0.026173744350671768,0.018368931487202644,0.0005653899279423058
3713,0.05013539642095566,0.026004329323768616,0.018484093248844147,0.0005646973731927574
3714,0.050076257437467575,0.02611931599676609,0.018304161727428436,0.0005652782274410129
3715,0.05002148821949959,0.025815878063440323,0.018563086166977882,0.0005642522592097521
3716,0.04997795820236206,0.02615252137184143,0.018164126202464104,0.000566131086088717
3717,0.04996071010828018,0.02549666166305542,0.018818197771906853,0.0005645847995765507
3718,0.05002424865961075,0.026422297582030296,0.017884675413370132,0.0005717278108932078
3719,0.050266340374946594,0.02483442984521389,0.01969657838344574,0.0005735332379117608
3720,0.05119418352842331,0.02745201624929905,0.017648808658123016,0.0006093362462706864
3721,0.053164489567279816,0.02334936521947384,0.02329999953508377,0.0006515124696306884
3722,0.061261992901563644,0.031079014763236046,0.021621452644467354,0.0008561525028198957
3723,0.06632895767688751,0.020916061475872993,0.036030590534210205,0.0009382307180203497
3724,0.09590759128332138,0.03905799612402916,0.042918138206005096,0.0013931458815932274
3725,0.0648266077041626,0.021298572421073914,0.036565471440553665,0.0006962564657442272
3726,0.055827923119068146,0.026498770341277122,0.021347615867853165,0.0007981538074091077
3727,0.07037913054227829,0.03581441938877106,0.025835279375314713,0.0008729430846869946
3728,0.07560382783412933,0.020857883617281914,0.04566050320863724,0.0009085438214242458
3729,0.05513731390237808,0.030265137553215027,0.019033342599868774,0.0005838833749294281
3730,0.058032140135765076,0.031248802319169044,0.020114939659833908,0.0006668394198641181
3731,0.0647745355963707,0.022055182605981827,0.03516890108585358,0.0007550452719442546
3732,0.05823878198862076,0.031152794137597084,0.0192293468862772,0.0007856640149839222
3733,0.055480070412158966,0.03013939969241619,0.018362369388341904,0.0006978304591029882
3734,0.061387669295072556,0.023633737117052078,0.02956457808613777,0.0008189353975467384
3735,0.07644620537757874,0.03393715247511864,0.027555197477340698,0.0014953857753425837
3736,0.05545765161514282,0.030397091060876846,0.01913568191230297,0.000592488213442266
3737,0.10113225877285004,0.022089408710598946,0.04737778380513191,0.0031665062997490168
3738,0.14399901032447815,0.05146332457661629,0.07667996734380722,0.0015855710953474045
3739,0.13718366622924805,0.04127710685133934,0.056707024574279785,0.0039199525490403175
3740,0.07747993618249893,0.028324885293841362,0.030609559267759323,0.0018545495113357902
3741,0.13966065645217896,0.028610438108444214,0.06164616346359253,0.004940405022352934
3742,0.09597146511077881,0.04772385582327843,0.03112783655524254,0.0017119769472628832
3743,0.10231409966945648,0.04560404270887375,0.03548803552985191,0.0021222024224698544
3744,0.10324792563915253,0.04016653820872307,0.04135024547576904,0.0021731138695031404
3745,0.09153888374567032,0.042315006256103516,0.02565295249223709,0.0023570924531668425
3746,0.08902042359113693,0.03847784548997879,0.042956799268722534,0.000758577894885093
3747,0.08737915009260178,0.03447316586971283,0.04252246767282486,0.001038351678289473
3748,0.09095776826143265,0.041088979691267014,0.03181770443916321,0.0018051080405712128
3749,0.08140048384666443,0.050410229712724686,0.01838989555835724,0.0012600362533703446
3750,0.08242134004831314,0.05074046179652214,0.02384357899427414,0.0007837304729036987
3751,0.07970410585403442,0.0442587248980999,0.022987961769104004,0.0012457414995878935
3752,0.08620110154151917,0.03917175531387329,0.03086007758975029,0.0016169268637895584
3753,0.07393613457679749,0.03880186751484871,0.029416512697935104,0.0005717753665521741
3754,0.07260281592607498,0.043356530368328094,0.023502562195062637,0.000574371893890202
3755,0.07905507832765579,0.04683578014373779,0.020775362849235535,0.0011443935800343752
3756,0.07600679993629456,0.04528822377324104,0.018276000395417213,0.0012442574370652437
3757,0.06998568028211594,0.040282439440488815,0.02495773881673813,0.00047455047024413943
3758,0.07044322788715363,0.038152989000082016,0.025139445438981056,0.0007150793098844588
3759,0.07369449734687805,0.03960322216153145,0.02460506185889244,0.0009486217168159783
3760,0.07066034525632858,0.04016898199915886,0.022560514509677887,0.0007930852589197457
3761,0.06449928134679794,0.03866196051239967,0.0224820114672184,0.0003355309017933905
3762,0.06963030993938446,0.039004839956760406,0.023134250193834305,0.0007491222349926829
3763,0.06673997640609741,0.040463097393512726,0.018995795398950577,0.0007281083962880075
3764,0.06394033133983612,0.04009781777858734,0.019337087869644165,0.0004505423712544143
3765,0.06225217878818512,0.03624739125370979,0.021694421768188477,0.00043103640200570226
3766,0.06493595242500305,0.03282526880502701,0.024908026680350304,0.0007202655542641878
3767,0.060983892530202866,0.0331374816596508,0.02272617071866989,0.0005120240966789424
3768,0.059247180819511414,0.035582251846790314,0.0188197810202837,0.000484514981508255
3769,0.060943037271499634,0.03598945587873459,0.018289364874362946,0.0006664215470664203
3770,0.058286670595407486,0.03341161832213402,0.019216537475585938,0.0005658513400703669
3771,0.056647103279829025,0.030678385868668556,0.02113359048962593,0.00048351235454902053
3772,0.05750096216797829,0.030193611979484558,0.020397188141942024,0.000691016495693475
3773,0.05568688362836838,0.03064294159412384,0.019950218498706818,0.0005093724466860294
3774,0.05499935895204544,0.030381707474589348,0.019432228058576584,0.0005185426562093198
3775,0.05465439707040787,0.029651109129190445,0.018703598529100418,0.0006299689412117004
3776,0.054323069751262665,0.02925928868353367,0.01904928684234619,0.0006014493992552161
3777,0.052943963557481766,0.028370916843414307,0.018549630418419838,0.0006023419555276632
3778,0.05354193225502968,0.027303431183099747,0.02004285156726837,0.0006195648456923664
3779,0.05285489559173584,0.026901209726929665,0.019544396549463272,0.0006409288616850972
3780,0.052153706550598145,0.027419840916991234,0.01776435598731041,0.0006969509995542467
3781,0.052551284432411194,0.027027403935790062,0.01843639276921749,0.0007087488775141537
3782,0.051696863025426865,0.026319513097405434,0.018395785242319107,0.00069815618917346
3783,0.051506318151950836,0.02634470723569393,0.01844169571995735,0.0006719914963468909
3784,0.05158763751387596,0.02594020962715149,0.01841937005519867,0.0007228056783787906
3785,0.05098322033882141,0.025101279839873314,0.019091852009296417,0.0006790086627006531
3786,0.05089500918984413,0.025847632437944412,0.018122175708413124,0.0006925199995748699
3787,0.050895944237709045,0.026449277997016907,0.017316587269306183,0.0007130079320631921
3788,0.05027323216199875,0.025249093770980835,0.018385037779808044,0.0006639102357439697
3789,0.0504891611635685,0.024774665012955666,0.018853038549423218,0.0006861459114588797
3790,0.05009458214044571,0.02527237869799137,0.01820986159145832,0.0006612343713641167
3791,0.04999140650033951,0.025482693687081337,0.017950868234038353,0.0006557845626957715
3792,0.0499642938375473,0.02560233138501644,0.01773512363433838,0.000662683742120862
3793,0.0497235506772995,0.025255223736166954,0.01811816915869713,0.0006350161274895072
3794,0.04966653138399124,0.024759603664278984,0.018728062510490417,0.0006178863695822656
3795,0.04963240399956703,0.025160381570458412,0.018462946638464928,0.0006009074277244508
3796,0.04940159246325493,0.025537893176078796,0.01782277598977089,0.0006040924345143139
3797,0.04948090761899948,0.024986905977129936,0.01847100630402565,0.0006022999295964837
3798,0.04926227033138275,0.02501552738249302,0.01830090582370758,0.0005945839802734554
3799,0.049212969839572906,0.025276020169258118,0.01806326024234295,0.0005873689660802484
3800,0.04915958642959595,0.024851201102137566,0.0185163002461195,0.0005792083102278411
3801,0.048987917602062225,0.02480841800570488,0.018335985019803047,0.0005843510734848678
3802,0.048941630870103836,0.02506294846534729,0.01803865283727646,0.0005840030498802662
3803,0.0488649420440197,0.0250614732503891,0.017988745123147964,0.0005814723554067314
3804,0.048708684742450714,0.02501707151532173,0.018040267750620842,0.000565134861972183
3805,0.048710715025663376,0.024645736441016197,0.01836504228413105,0.0005699937464669347
3806,0.04855995625257492,0.02456989884376526,0.018377352505922318,0.0005612706299871206
3807,0.048526860773563385,0.02505473792552948,0.01777372695505619,0.0005698399618268013
3808,0.048440612852573395,0.024846520274877548,0.01790792867541313,0.0005686164367944002
3809,0.0483604334294796,0.024411482736468315,0.018290214240550995,0.0005658734007738531
3810,0.04831438884139061,0.0244904775172472,0.018120836466550827,0.0005703073111362755
3811,0.048241887241601944,0.024477161467075348,0.018075842410326004,0.0005688882665708661
3812,0.0481620728969574,0.02448282018303871,0.017969708889722824,0.0005709544639103115
3813,0.04813160374760628,0.024425078183412552,0.01798277162015438,0.0005723756621591747
3814,0.048032499849796295,0.024270467460155487,0.018094345927238464,0.0005667686928063631
3815,0.04799661040306091,0.02434101328253746,0.0180225633084774,0.0005633032997138798
3816,0.047919441014528275,0.024220285937190056,0.018107086420059204,0.0005592068191617727
3817,0.04785645753145218,0.024155456572771072,0.01812570169568062,0.0005575298564508557
3818,0.047806769609451294,0.024357173591852188,0.01786976121366024,0.000557983759790659
3819,0.04772624373435974,0.024199703708291054,0.017993463203310966,0.0005533078219741583
3820,0.047677863389253616,0.02402707375586033,0.01814725436270237,0.0005503534339368343
3821,0.04761222004890442,0.0240414347499609,0.01807480864226818,0.0005495976656675339
3822,0.04755491763353348,0.024052148684859276,0.018004246056079865,0.0005498521495610476
3823,0.04749930649995804,0.024103116244077682,0.01790844276547432,0.0005487747839652002
3824,0.04744118079543114,0.023946188390254974,0.01804094761610031,0.0005454045021906495
3825,0.04738341271877289,0.02385162189602852,0.01811189018189907,0.0005419904482550919
3826,0.04733597859740257,0.023917920887470245,0.017998266965150833,0.0005419790977612138
3827,0.04727117344737053,0.023821735754609108,0.018048536032438278,0.0005400899099186063
3828,0.04722852259874344,0.02381775714457035,0.018002960830926895,0.0005407804856076837
3829,0.04716631770133972,0.023796236142516136,0.01796639896929264,0.0005403681425377727
3830,0.04711949825286865,0.0236507598310709,0.018060855567455292,0.0005407884600572288
3831,0.04706525057554245,0.023601889610290527,0.018041647970676422,0.0005421714158728719
3832,0.04701123386621475,0.02355167642235756,0.018022630363702774,0.0005436926730908453
3833,0.04696269333362579,0.02357485331594944,0.01792420633137226,0.0005463634734041989
3834,0.04690844938158989,0.02349562756717205,0.017940904945135117,0.0005471917684189975
3835,0.04685993865132332,0.023331036791205406,0.01806042157113552,0.0005468479939736426
3836,0.046808745712041855,0.0233618151396513,0.01797131821513176,0.0005475615034811199
3837,0.04675775766372681,0.023336445912718773,0.01793448068201542,0.0005486831651069224
3838,0.04670955240726471,0.023285767063498497,0.017929205670952797,0.0005494580254890025
3839,0.046658776700496674,0.023227037861943245,0.01793779991567135,0.0005493938224390149
3840,0.0466112345457077,0.023161640390753746,0.0179583877325058,0.0005491202464327216
3841,0.04656205326318741,0.02315026894211769,0.017910201102495193,0.0005501581472344697
3842,0.046513695269823074,0.023064345121383667,0.01794235035777092,0.0005507000023499131
3843,0.04646565765142441,0.02307632938027382,0.017875753343105316,0.0005513575160875916
3844,0.04641742631793022,0.02303243987262249,0.017874417826533318,0.0005510567571036518
3845,0.04636961966753006,0.022938614711165428,0.017925648018717766,0.0005505357403308153
3846,0.04632248356938362,0.022910824045538902,0.017907407134771347,0.0005504254368133843
3847,0.046274490654468536,0.022894784808158875,0.017880262807011604,0.0005499442922882736
3848,0.046227920800447464,0.02289767563343048,0.01783287711441517,0.0005497370730154216
3849,0.04618033021688461,0.022793013602495193,0.017900686711072922,0.0005486629088409245
3850,0.04613381624221802,0.02277245931327343,0.01787961833178997,0.0005481739062815905
3851,0.04608724266290665,0.02274796925485134,0.017863037064671516,0.0005476236110553145
3852,0.04604068771004677,0.022716080769896507,0.017850328236818314,0.0005474280333146453
3853,0.04599511995911598,0.02267824485898018,0.01784559153020382,0.0005471286713145673
3854,0.045948874205350876,0.022634247317910194,0.01785045862197876,0.0005464171408675611
3855,0.045903731137514114,0.02260623499751091,0.017839083448052406,0.0005458411760628223
3856,0.045858222991228104,0.022539332509040833,0.017866533249616623,0.0005452356999740005
3857,0.045813173055648804,0.022547541186213493,0.017813069745898247,0.0005452564219012856
3858,0.0457683764398098,0.02249768003821373,0.017823370173573494,0.0005447325529530644
3859,0.045723456889390945,0.022461408749222755,0.017818313091993332,0.0005443733534775674
3860,0.04567912593483925,0.02239224873483181,0.01784680224955082,0.0005440074019134045
3861,0.045634690672159195,0.02239827811717987,0.017792226746678352,0.000544418697245419
3862,0.04559065029025078,0.022344542667269707,0.017801877111196518,0.0005444231210276484
3863,0.04554673284292221,0.022314755246043205,0.017785515636205673,0.0005446465220302343
3864,0.0455029159784317,0.022254062816500664,0.01780278980731964,0.000544606358744204
3865,0.045459531247615814,0.022240756079554558,0.017768267542123795,0.0005450509488582611
3866,0.04541602358222008,0.02217516303062439,0.017790373414754868,0.0005450486205518246
3867,0.04537292569875717,0.0221721101552248,0.017745250836014748,0.0005455565406009555
3868,0.045329898595809937,0.02210177853703499,0.0177730955183506,0.0005455026403069496
3869,0.04528726637363434,0.02209414355456829,0.017733098939061165,0.0005460025276988745
3870,0.045244865119457245,0.02199578657746315,0.017791982740163803,0.0005457093939185143
3871,0.04520300030708313,0.022048739716410637,0.017686916515231133,0.0005467345472425222
3872,0.04516187310218811,0.021906008943915367,0.017793867737054825,0.0005461996188387275
3873,0.04512234777212143,0.022004220634698868,0.01764136180281639,0.0005476766964420676
3874,0.04508597403764725,0.0217574592679739,0.0178671982139349,0.0005461318651214242
3875,0.04505722224712372,0.022034289315342903,0.01752857305109501,0.0005494358483701944
3876,0.04504408687353134,0.021544020622968674,0.018034592270851135,0.0005465474096126854
3877,0.04507456719875336,0.02219727821648121,0.017326990142464638,0.0005550298956222832
3878,0.045188404619693756,0.021134840324521065,0.018544074147939682,0.0005509486654773355
3879,0.04559164494276047,0.022737694904208183,0.0170613881200552,0.0005792560405097902
3880,0.04640163853764534,0.020286088809370995,0.020265668630599976,0.000584987981710583
3881,0.04929720610380173,0.024423083290457726,0.017847560346126556,0.0007026561070233583
3882,0.05242276191711426,0.018757320940494537,0.026086803525686264,0.0007578636868856847
3883,0.06709177047014236,0.02887677028775215,0.026657121255993843,0.0011557877296581864
3884,0.05862117558717728,0.01769373007118702,0.033444859087467194,0.0007482588407583535
3885,0.05982784926891327,0.028266167268157005,0.02254873514175415,0.0009012946975417435
3886,0.04805872216820717,0.0200420580804348,0.02293349802494049,0.00050831661792472
3887,0.04536103084683418,0.02171667478978634,0.01883722096681595,0.00048071317723952234
3888,0.04934833198785782,0.025678066536784172,0.017363237217068672,0.0006307029398158193
3889,0.051027875393629074,0.019269200041890144,0.02628312259912491,0.000547555333469063
3890,0.0518479160964489,0.026024168357253075,0.01841314136981964,0.0007410605903714895
3891,0.04573474079370499,0.02106892131268978,0.019984981045126915,0.0004680838610511273
3892,0.04645175486803055,0.02100803516805172,0.020315060392022133,0.0005128659540787339
3893,0.051720041781663895,0.026128312572836876,0.018782099708914757,0.00068096281029284
3894,0.04957474023103714,0.01930413208901882,0.02516959235072136,0.0005101017886772752
3895,0.046306710690259933,0.023917973041534424,0.017166774719953537,0.0005221962346695364
3896,0.04498422145843506,0.02255219779908657,0.017512522637844086,0.0004919497296214104
3897,0.04686625301837921,0.020048171281814575,0.021729718893766403,0.0005088363541290164
3898,0.04892094060778618,0.024765128269791603,0.0176856592297554,0.0006470155785791576
3899,0.04691105708479881,0.02019348368048668,0.020766083151102066,0.0005951491184532642
3900,0.045387811958789825,0.022609768435359,0.017033791169524193,0.000574425095692277
3901,0.044486384838819504,0.02143709361553192,0.017738452181220055,0.00053108372958377
3902,0.04521343111991882,0.02075216732919216,0.01876366138458252,0.0005697599262930453
3903,0.046800773590803146,0.02335147000849247,0.017128540202975273,0.0006320764659903944
3904,0.04714536666870117,0.019326677545905113,0.021967366337776184,0.0005851321038790047
3905,0.047641824930906296,0.023734206333756447,0.017406251281499863,0.0006501366733573377
3906,0.04612399637699127,0.019773585721850395,0.02041737735271454,0.0005933033535256982
3907,0.04550943151116371,0.022311735898256302,0.017014626413583755,0.0006183069199323654
3908,0.04447153955698013,0.020467907190322876,0.018512805923819542,0.0005490826442837715
3909,0.04415629059076309,0.021264106035232544,0.017356688156723976,0.0005535496748052537
3910,0.04418658837676048,0.02119613252580166,0.017344743013381958,0.0005645711207762361
3911,0.04449252784252167,0.020053818821907043,0.018903562799096107,0.0005535148084163666
3912,0.045198310166597366,0.02233809046447277,0.0168976578861475,0.0005962561117485166
3913,0.04571451246738434,0.019335730001330376,0.02050916664302349,0.0005869613960385323
3914,0.04725801944732666,0.022941404953598976,0.017386067658662796,0.0006930543459020555
3915,0.04714398831129074,0.018976714462041855,0.0217672660946846,0.0006400006823241711
3916,0.04906715080142021,0.023842092603445053,0.01794658973813057,0.0007278469274751842
3917,0.047798603773117065,0.018609225749969482,0.023196237161755562,0.0005993142258375883
3918,0.04814917594194412,0.023661892861127853,0.01752508617937565,0.000696219620294869
3919,0.04601968079805374,0.019226254895329475,0.021158967167139053,0.0005634456174448133
3920,0.045112065970897675,0.02223377488553524,0.01679092086851597,0.000608737173024565
3921,0.044030919671058655,0.020228922367095947,0.01856079511344433,0.0005241201142780483
3922,0.04370284080505371,0.02088082768023014,0.017526550218462944,0.0005295464652590454
3923,0.04389384761452675,0.02122156135737896,0.017146047204732895,0.0005526239983737469
3924,0.044388532638549805,0.01964477263391018,0.019389141350984573,0.0005354622262530029
3925,0.045371633023023605,0.022404344752430916,0.016896026208996773,0.0006071262178011239
3926,0.04596872627735138,0.018883435055613518,0.02123935893177986,0.0005845932755619287
3927,0.04807618260383606,0.023208683356642723,0.0176630150526762,0.0007204482681117952
3928,0.04775511473417282,0.018404023721814156,0.02287622168660164,0.0006474869442172348
3929,0.05047577992081642,0.02407015673816204,0.018530238419771194,0.0007875385344959795
3930,0.04829713702201843,0.018167460337281227,0.023850461468100548,0.0006279214867390692
3931,0.04878343641757965,0.02367030829191208,0.0177651084959507,0.0007348018698394299
3932,0.04596427083015442,0.01879735104739666,0.02146824821829796,0.0005698672030121088
3933,0.04479201138019562,0.021975014358758926,0.01671556569635868,0.0006101428880356252
3934,0.04362489655613899,0.01996268704533577,0.018407201394438744,0.0005255011492408812
3935,0.04330943152308464,0.02044808678328991,0.017592433840036392,0.0005268912063911557
3936,0.04361911490559578,0.021052604541182518,0.017014216631650925,0.0005552294896915555
3937,0.0442461296916008,0.019245365634560585,0.019592178985476494,0.0005408583674579859
3938,0.04552067071199417,0.022276610136032104,0.017005490139126778,0.0006238573114387691
3939,0.04609772562980652,0.018462534993886948,0.021681740880012512,0.0005953451036475599
3940,0.04839219152927399,0.02318178489804268,0.017913268879055977,0.0007297134143300354
3941,0.047517698258161545,0.018107784911990166,0.02298925071954727,0.0006420661811716855
3942,0.04934204742312431,0.02354380488395691,0.018182480707764626,0.0007615763461217284
3943,0.04671192169189453,0.018247686326503754,0.022485869005322456,0.0005978369736112654
3944,0.04596111178398132,0.022519318386912346,0.016933660954236984,0.0006508134538307786
3945,0.04410017281770706,0.019143162295222282,0.01956983096897602,0.0005387180717661977
3946,0.04325045272707939,0.020749051123857498,0.016961781308054924,0.0005539621342904866
3947,0.04300267994403839,0.02036033757030964,0.0172756165266037,0.0005366727709770203
3948,0.04331031069159508,0.019487781450152397,0.0184860210865736,0.0005336508038453758
3949,0.04411110281944275,0.021329304203391075,0.016782721504569054,0.0005999078857712448
3950,0.0447564460337162,0.018568292260169983,0.020459599792957306,0.0005728552932851017
3951,0.046503275632858276,0.022397156804800034,0.017316866666078568,0.0006789253675378859
3952,0.046657077968120575,0.017923301085829735,0.022509237751364708,0.0006224540993571281
3953,0.049214188009500504,0.023206152021884918,0.018275633454322815,0.0007732402300462127
3954,0.047519102692604065,0.017715154215693474,0.02338692732155323,0.000641701917629689
3955,0.048710908740758896,0.02311553619801998,0.017946472391486168,0.0007648898754268885
3956,0.04580776020884514,0.018094772472977638,0.02190435491502285,0.0005808633286505938
3957,0.04466747120022774,0.021738208830356598,0.016650622710585594,0.000627863802947104
3958,0.04324228689074516,0.019135013222694397,0.01878959685564041,0.0005317676695995033
3959,0.04270901158452034,0.02001240663230419,0.017281590029597282,0.0005415016203187406
3960,0.042815424501895905,0.020375510677695274,0.01692030392587185,0.0005519610713236034
3961,0.04335808381438255,0.018856069073081017,0.019082825630903244,0.000541919085662812
3962,0.04448341205716133,0.021365219727158546,0.016817916184663773,0.0006300274981185794
3963,0.045110687613487244,0.018051523715257645,0.02109483629465103,0.0005964329466223717
3964,0.04739578813314438,0.022434448823332787,0.017698628827929497,0.0007262711296789348
3965,0.04714539647102356,0.017473254352808,0.023184839636087418,0.0006487300852313638
3966,0.05003220587968826,0.023212362080812454,0.0186946801841259,0.000812516373116523
3967,0.047425925731658936,0.017399761825799942,0.02361123636364937,0.0006414925446733832
3968,0.04782991483807564,0.02267838642001152,0.017640192061662674,0.000751133484300226
3969,0.04476643726229668,0.018085902556777,0.021053748205304146,0.0005626785568892956
3970,0.043365996330976486,0.02090078592300415,0.01654593087732792,0.0005919280229136348
3971,0.042485062032938004,0.019398629665374756,0.017785772681236267,0.0005300660850480199
3972,0.042529501020908356,0.019175326451659203,0.018072709441184998,0.0005281462799757719
3973,0.043269138783216476,0.02075275406241417,0.01662820391356945,0.000588818162214011
3974,0.04407669976353645,0.018119709566235542,0.0203188955783844,0.000563809706363827
3975,0.045834995806217194,0.021767277270555496,0.0171818844974041,0.0006885833572596312
3976,0.04579898342490196,0.017531469464302063,0.022081725299358368,0.000618578982539475
3977,0.04783613234758377,0.022408900782465935,0.017911706119775772,0.000751552521251142
3978,0.04628323018550873,0.017372017726302147,0.022657746449112892,0.0006253465544432402
3979,0.0470123291015625,0.022191720083355904,0.01751309260725975,0.0007307514897547662
3980,0.04478152096271515,0.017749274149537086,0.021205469965934753,0.000582678010687232
3981,0.04401663318276405,0.021066097542643547,0.01659633219242096,0.0006354202050715685
3982,0.042783066630363464,0.018525559455156326,0.018836049363017082,0.0005421460955403745
3983,0.042218081653118134,0.019782815128564835,0.016852010041475296,0.0005583258462138474
3984,0.04204216226935387,0.019369488582015038,0.017213892191648483,0.000545878428965807
3985,0.04219507426023483,0.018775055184960365,0.01801762916147709,0.0005402388633228838
3986,0.04266244173049927,0.020166635513305664,0.016631484031677246,0.0005864323466084898
3987,0.04325094819068909,0.01798960380256176,0.019562387838959694,0.0005698958411812782
3988,0.04482118785381317,0.02109616808593273,0.016966886818408966,0.0006758131785318255
3989,0.045746468007564545,0.017203308641910553,0.022003130987286568,0.0006540028844028711
3990,0.05031045153737068,0.022643515840172768,0.019001437351107597,0.000866549788042903
3991,0.04941466450691223,0.016479667276144028,0.02552633360028267,0.0007408661767840385
3992,0.055128175765275955,0.023989813402295113,0.021171264350414276,0.0009967099176719785
3993,0.04807767644524574,0.016628026962280273,0.025195486843585968,0.0006254162872210145
3994,0.045390866696834564,0.02174883894622326,0.016812821850180626,0.0006829205085523427
3995,0.042385365813970566,0.018643496558070183,0.018549209460616112,0.0005192658281885087
3996,0.042294833809137344,0.018607759848237038,0.018555745482444763,0.0005131330690346658
3997,0.04420790448784828,0.021277785301208496,0.01658732071518898,0.0006342799752019346
3998,0.045276347547769547,0.017267202958464622,0.022320391610264778,0.0005688752862624824
3999,0.04704946279525757,0.021981699392199516,0.01752876117825508,0.0007539003854617476
4000,0.0442114919424057,0.01752297952771187,0.02113453485071659,0.0005553974770009518
4001,0.04272298887372017,0.020410433411598206,0.016596198081970215,0.0005716356099583209
4002,0.04179186746478081,0.018820760771632195,0.017745038494467735,0.0005226068897172809
4003,0.04195212572813034,0.018457308411598206,0.018214795738458633,0.000528002274222672
4004,0.04293200001120567,0.02038695476949215,0.016558503732085228,0.0005986541509628296
4005,0.043779198080301285,0.017406871542334557,0.02044607326388359,0.0005926254671066999
4006,0.04570493474602699,0.021164055913686752,0.01719900779426098,0.0007341872551478446
4007,0.04513227939605713,0.017050519585609436,0.02147551067173481,0.0006606250535696745
4008,0.04672235623002052,0.021462490782141685,0.0174971055239439,0.0007762760506011546
4009,0.044870153069496155,0.01700284145772457,0.02166171744465828,0.0006205596728250384
4010,0.0448194295167923,0.021046901121735573,0.016828550025820732,0.0006943976623006165
4011,0.04316679388284683,0.017479654401540756,0.020059138536453247,0.0005627999198623002
4012,0.042452290654182434,0.019875995814800262,0.01646352745592594,0.0006112769478932023
4013,0.041710421442985535,0.01821548119187355,0.01806993968784809,0.0005424999399110675
4014,0.04138414189219475,0.018884966149926186,0.01695244014263153,0.0005546738393604755
4015,0.04133002460002899,0.018666474148631096,0.017111342400312424,0.0005552211659960449
4016,0.04146741330623627,0.01814785972237587,0.01778172329068184,0.0005537831457331777
4017,0.0418299175798893,0.019297590479254723,0.0166014414280653,0.0005930884508416057
4018,0.04237837716937065,0.017417149618268013,0.01915501058101654,0.0005806218832731247
4019,0.04392414912581444,0.020300762727856636,0.01685897260904312,0.0006764416466467083
4020,0.045240096747875214,0.016625303775072098,0.02183159813284874,0.0006783196004107594
4021,0.05090852826833725,0.022148331627249718,0.01942877285182476,0.0009331422043032944
4022,0.049547575414180756,0.015905342996120453,0.025867940858006477,0.0007774292025715113
4023,0.05552750080823898,0.023597219958901405,0.021544693037867546,0.0010385587811470032
4024,0.047085851430892944,0.016157682985067368,0.024959027767181396,0.0005969139165244997
4025,0.04328913614153862,0.020591359585523605,0.016369178891181946,0.0006328598828986287
4026,0.04135868325829506,0.018781907856464386,0.017312176525592804,0.0005264600040391088
4027,0.042751822620630264,0.017367549240589142,0.020323805510997772,0.0005060469266027212
4028,0.0457935594022274,0.021555772051215172,0.01712537370622158,0.0007112412131391466
4029,0.0453718937933445,0.016589557752013206,0.023001328110694885,0.000578100502025336
4030,0.045673687011003494,0.02109849452972412,0.017162231728434563,0.0007412959821522236
4031,0.04241281375288963,0.017575107514858246,0.019514042884111404,0.0005323662189766765
4032,0.041194405406713486,0.018942831084132195,0.01696648821234703,0.0005285086808726192
4033,0.041633035987615585,0.019260242581367493,0.01667391136288643,0.0005698882159776986
4034,0.042791783809661865,0.017164064571261406,0.02000466361641884,0.0005623057368211448
4035,0.04480993002653122,0.020825793966650963,0.017028432339429855,0.0006955705466680229
4036,0.04432196542620659,0.0165671706199646,0.021530387923121452,0.0006224404205568135
4037,0.04496927559375763,0.020595746114850044,0.017046764492988586,0.0007326766499318182
4038,0.04310569912195206,0.01694233901798725,0.020036621019244194,0.0006126736989244819
4039,0.04249683395028114,0.01957891136407852,0.016437802463769913,0.0006480119773186743
4040,0.041455283761024475,0.017524825409054756,0.018363941460847855,0.0005566513282246888
4041,0.04098755866289139,0.018762417137622833,0.016564903780817986,0.0005660237511619925
4042,0.04077965393662453,0.01803004927933216,0.017266547307372093,0.0005483056884258986
4043,0.04079199582338333,0.017879176884889603,0.01741715706884861,0.0005495660589076579
4044,0.04102306813001633,0.018713509663939476,0.016501951962709427,0.0005807609995827079
4045,0.04141608998179436,0.01717088185250759,0.018547218292951584,0.000569799158256501
4046,0.042417898774147034,0.019301464781165123,0.016534531489014626,0.0006581904599443078
4047,0.043555840849876404,0.016490204259753227,0.02048153430223465,0.0006584099028259516
4048,0.04805159568786621,0.02091091312468052,0.018353091552853584,0.0008787589031271636
4049,0.04870712012052536,0.015558919869363308,0.025122471153736115,0.00080257304944098
4050,0.058019816875457764,0.02341390959918499,0.02319035679101944,0.001141555025242269
4051,0.04861194267868996,0.015409021638333797,0.026706235483288765,0.0006496686837635934
4052,0.044870998710393906,0.020941998809576035,0.016882948577404022,0.0007046052487567067
4053,0.04112640768289566,0.017784519121050835,0.01815258339047432,0.0005189304938539863
4054,0.041806720197200775,0.01718590036034584,0.019551213830709457,0.0005069604958407581
4055,0.044998425990343094,0.021066855639219284,0.016925130039453506,0.0007006439263932407
4056,0.045044925063848495,0.01612275466322899,0.023219501599669456,0.0005702670896425843
4057,0.045313045382499695,0.020635491237044334,0.01705540344119072,0.0007622154662385583
4058,0.04172483831644058,0.01737213507294655,0.019023684784770012,0.0005329021951183677
4059,0.04074249789118767,0.018171440809965134,0.01738353632390499,0.0005187523202039301
4060,0.0420120544731617,0.019375432282686234,0.016536902636289597,0.0006099719321355224
4061,0.04315590113401413,0.016601840034127235,0.02079574577510357,0.0005758317420259118
4062,0.04481354355812073,0.020601630210876465,0.017105339094996452,0.0007106574485078454
4063,0.042991310358047485,0.01642090082168579,0.02078440971672535,0.0005786001565866172
4064,0.04187048226594925,0.019294612109661102,0.016311582177877426,0.0006264289258979261
4065,0.04072127491235733,0.017402401193976402,0.017741013318300247,0.0005577862029895186
4066,0.04040513560175896,0.017661986872553825,0.01711389049887657,0.0005629261140711606
4067,0.04061354696750641,0.018409602344036102,0.016369186341762543,0.0005834759795106947
4068,0.041248805820941925,0.01692693494260311,0.01846705563366413,0.0005854814080521464
4069,0.04272928461432457,0.01913631521165371,0.016606420278549194,0.000698654621373862
4070,0.043477535247802734,0.016173457726836205,0.020698826760053635,0.0006605252274312079
4071,0.04705260321497917,0.0205981582403183,0.018107546493411064,0.0008346897666342556
4072,0.046606697142124176,0.01544028241187334,0.02400365099310875,0.0007162766414694488
4073,0.051166415214538574,0.021603604778647423,0.019834032282233238,0.0009728776640258729
4074,0.04587813466787338,0.015551628544926643,0.023766765370965004,0.0006559740286320448
4075,0.04447606950998306,0.02016412653028965,0.016852619126439095,0.0007459325133822858
4076,0.04112786427140236,0.016911368817090988,0.018933473154902458,0.00052830227650702
4077,0.04029444605112076,0.017682410776615143,0.0173382218927145,0.0005273811984807253
4078,0.04142729192972183,0.019009077921509743,0.016318652778863907,0.0006099559250287712
4079,0.04266820475459099,0.01625080034136772,0.02086404338479042,0.0005553360097110271
4080,0.04422832652926445,0.020150253549218178,0.016969531774520874,0.0007108541904017329
4081,0.042419396340847015,0.016260433942079544,0.020596645772457123,0.0005562315927818418
4082,0.04126758128404617,0.018900470808148384,0.01638970524072647,0.0005977405817247927
4083,0.040251120924949646,0.01737535186111927,0.017557239159941673,0.0005318531184457242
4084,0.040185317397117615,0.017307600006461143,0.01752183958888054,0.0005355877801775932
4085,0.0408228300511837,0.018563592806458473,0.016311239451169968,0.0005947995814494789
4086,0.04154261201620102,0.01639951579272747,0.01932254619896412,0.0005820548394694924
4087,0.043015655130147934,0.019255565479397774,0.016641531139612198,0.0007118555367924273
4088,0.04284883290529251,0.015994077548384666,0.020489852875471115,0.0006364904693327844
4089,0.04431293159723282,0.019710136577486992,0.017009610310196877,0.0007593185873702168
4090,0.04312634468078613,0.015840215608477592,0.021059613674879074,0.0006226515397429466
4091,0.04369078949093819,0.01957453228533268,0.01676834560930729,0.0007347911014221609
4092,0.04213755205273628,0.01610107533633709,0.020176362246274948,0.0005860115634277463
4093,0.041747041046619415,0.018869685009121895,0.01627480238676071,0.0006602556677535176
4094,0.04071280360221863,0.016536710783839226,0.01866750419139862,0.0005508585600182414
4095,0.04023030400276184,0.018022766336798668,0.016351429745554924,0.0005856106872670352
4096,0.03988017141819,0.016925321891903877,0.017523396760225296,0.0005431452300399542
4097,0.0397314615547657,0.017387578263878822,0.016787253320217133,0.0005556631949730217
4098,0.03970235586166382,0.01732683554291725,0.016812574118375778,0.0005562945734709501
4099,0.03976273909211159,0.016894228756427765,0.017349576577544212,0.0005518932011909783
4100,0.039934854954481125,0.017689310014247894,0.016473758965730667,0.0005771787255071104
4101,0.040229324251413345,0.01648923009634018,0.018032338470220566,0.0005707756499759853
4102,0.0410257950425148,0.018286539241671562,0.016366830095648766,0.0006372424541041255
4103,0.04195249080657959,0.01585416868329048,0.019769730046391487,0.000632859009783715
4104,0.045369334518909454,0.019612992182374,0.017540227621793747,0.0008216113783419132
4105,0.04650106281042099,0.014996716752648354,0.023846713826060295,0.000765763339586556
4106,0.055204492062330246,0.021890107542276382,0.021867213770747185,0.001144717214629054
4107,0.04775840789079666,0.014723191037774086,0.02624267339706421,0.0006792543572373688
4108,0.04621570184826851,0.020649153739213943,0.017590196803212166,0.0007976348279044032
4109,0.041106145828962326,0.0162558164447546,0.01985114999115467,0.0004999178927391768
4110,0.03989829495549202,0.017189033329486847,0.017629804089665413,0.0005079460679553449
4111,0.04193473234772682,0.019379278644919395,0.01621897891163826,0.0006336476071737707
4112,0.04358607158064842,0.015424052253365517,0.022769073024392128,0.0005392947350628674
4113,0.04536283761262894,0.020156851038336754,0.017363710328936577,0.0007842276827432215
4114,0.041834548115730286,0.015987955033779144,0.020351426675915718,0.0005495166406035423
4115,0.04002581909298897,0.018000947311520576,0.0164363794028759,0.0005588491912931204
4116,0.039692472666502,0.017671264708042145,0.01662537455558777,0.0005395833286456764
4117,0.04077596962451935,0.016239387914538383,0.01904093474149704,0.0005495646619237959
4118,0.04282406345009804,0.01910397782921791,0.016715187579393387,0.0007004897342994809
4119,0.042553916573524475,0.015606196597218513,0.02070622146129608,0.000624149979557842
4120,0.043248847126960754,0.01923106610774994,0.01682460866868496,0.000719317002221942
4121,0.04144800826907158,0.015736494213342667,0.019829608500003815,0.000588190567214042
4122,0.04068494588136673,0.018154677003622055,0.016212740913033485,0.0006317527731880546
4123,0.0397668331861496,0.01647093892097473,0.01775679551064968,0.0005539097473956645
4124,0.039372727274894714,0.01719764433801174,0.016555439680814743,0.0005619643488898873
4125,0.03928373381495476,0.017049921676516533,0.016689257696270943,0.0005544555024243891
4126,0.039458416402339935,0.016513319686055183,0.017450455576181412,0.0005494639044627547
4127,0.03990333527326584,0.017564289271831512,0.01628405787050724,0.0006054991972632706
4128,0.04048020765185356,0.01588342897593975,0.018713125959038734,0.0005883653648197651
4129,0.04214082285761833,0.01846335642039776,0.016611412167549133,0.0007066053221933544
4130,0.0433814637362957,0.015073800459504128,0.02147962525486946,0.0006828036275692284
4131,0.0491274930536747,0.02010040171444416,0.01929973065853119,0.0009727361612021923
4132,0.04753880947828293,0.014515809714794159,0.025019319728016853,0.0008003683178685606
4133,0.053335629403591156,0.02134556509554386,0.02119247429072857,0.00107975909486413
4134,0.044283509254455566,0.014871529303491116,0.023591162636876106,0.0005820816149935126
4135,0.0404459573328495,0.018342962488532066,0.016144391149282455,0.0005958605324849486
4136,0.03956664726138115,0.017501479014754295,0.016492314636707306,0.0005572853260673583
4137,0.041807450354099274,0.015497629530727863,0.021144285798072815,0.0005165534093976021
4138,0.045060113072395325,0.020137464627623558,0.01740197092294693,0.000752067775465548
4139,0.042820051312446594,0.015139520168304443,0.02230280451476574,0.0005377723136916757
4140,0.04093838855624199,0.01834506168961525,0.01628122292459011,0.0006312104524113238
4141,0.039448387920856476,0.01706259697675705,0.017074517905712128,0.0005311273271217942
4142,0.039894476532936096,0.016173431649804115,0.018571754917502403,0.000514928949996829
4143,0.041650477796792984,0.01858784817159176,0.016438134014606476,0.0006624492816627026
4144,0.0419004000723362,0.015534046106040478,0.02028941735625267,0.0006076936842873693
4145,0.04270080849528313,0.018725190311670303,0.01666690595448017,0.0007308711647056043
4146,0.0407046303153038,0.015661602839827538,0.019284453243017197,0.000575857819058001
4147,0.039727918803691864,0.017685990780591965,0.016090422868728638,0.000595150631852448
4148,0.03905388340353966,0.01630225032567978,0.01727556250989437,0.0005476067308336496
4149,0.03896584361791611,0.016412317752838135,0.017035648226737976,0.000551787787117064
4150,0.039399225264787674,0.01741011068224907,0.016096269711852074,0.0005892845802009106
4151,0.0400451198220253,0.015595540404319763,0.018740378320217133,0.0005709202378056943
4152,0.041568901389837265,0.01805083081126213,0.016524437814950943,0.0006993632414378226
4153,0.04246831685304642,0.01510955672711134,0.020548349246382713,0.0006810413906350732
4154,0.04678516834974289,0.01929807849228382,0.018323399126529694,0.0009163692593574524
4155,0.04541819542646408,0.014530964195728302,0.02349073812365532,0.0007396492292173207
4156,0.04947776719927788,0.020287087187170982,0.019595779478549957,0.0009594899602234364
4157,0.044056229293346405,0.014547022059559822,0.023558270186185837,0.0005950935883447528
4158,0.04168127477169037,0.018621159717440605,0.016331929713487625,0.0006728186272084713
4159,0.03920299932360649,0.01625431887805462,0.01777075044810772,0.0005177928833290935
4160,0.0392623171210289,0.01607629470527172,0.01807888224720955,0.0005107140750624239
4161,0.04099344462156296,0.018349958583712578,0.016265276819467545,0.0006378210382536054
4162,0.04171767830848694,0.015128068625926971,0.0210124421864748,0.0005577167612500489
4163,0.04260875657200813,0.01869598589837551,0.016690541058778763,0.0007222231361083686
4164,0.040322959423065186,0.015631278976798058,0.019207395613193512,0.0005484282737597823
4165,0.03910074010491371,0.017212657257914543,0.01633601449429989,0.0005552069051191211
4166,0.03880275785923004,0.016715286299586296,0.016698576509952545,0.000538889376912266
4167,0.03939194977283478,0.015873096883296967,0.018095482140779495,0.0005423370748758316
4168,0.040634553879499435,0.01791064254939556,0.01622755266726017,0.0006496357964351773
4169,0.041003741323947906,0.015114329755306244,0.01996512897312641,0.0005924284341745079
4170,0.042235709726810455,0.018313338980078697,0.01665371097624302,0.0007268660119734704
4171,0.041301995515823364,0.015045500360429287,0.020135492086410522,0.0006121000624261796
4172,0.0417073555290699,0.01809287630021572,0.016452617943286896,0.0007161859539337456
4173,0.040395356714725494,0.015313959680497646,0.01926380954682827,0.0005817590281367302
4174,0.040012020617723465,0.01755436323583126,0.016108904033899307,0.0006348755559884012
4175,0.039237361401319504,0.01558530330657959,0.01826275885105133,0.0005389300058595836
4176,0.038846705108881,0.016925929114222527,0.01616908796131611,0.0005751689313910902
4177,0.03856741636991501,0.015967290848493576,0.017188632860779762,0.0005411490565165877
4178,0.0384492464363575,0.016297150403261185,0.016604268923401833,0.0005547825712710619
4179,0.038411542773246765,0.016229938715696335,0.0166519396007061,0.0005529664922505617
4180,0.038420408964157104,0.01596680097281933,0.016948455944657326,0.000550515076611191
4181,0.038498807698488235,0.016433725133538246,0.016392884775996208,0.0005672196857631207
4182,0.0386650525033474,0.015707921236753464,0.017346380278468132,0.0005610752268694341
4183,0.03910026326775551,0.016841642558574677,0.016209721565246582,0.0006048898212611675
4184,0.03974630683660507,0.015158896334469318,0.018640385940670967,0.0005947022582404315
4185,0.04185406118631363,0.017884954810142517,0.016686484217643738,0.0007282620063051581
4186,0.04349709674715996,0.014368374831974506,0.021994274109601974,0.0007134448387660086
4187,0.05114267021417618,0.019921906292438507,0.020390277728438377,0.0010830485261976719
4188,0.04736997187137604,0.013829913921654224,0.02599022351205349,0.0007549833972007036
4189,0.05073230341076851,0.02052043192088604,0.020086156204342842,0.0010125716216862202
4190,0.0422721803188324,0.014555669389665127,0.022582946345210075,0.0005133565864525735
4191,0.03890829533338547,0.017121221870183945,0.01636359468102455,0.0005423480761237442
4192,0.03969970718026161,0.017686234787106514,0.01599632203578949,0.000601715175434947
4193,0.04233643040060997,0.01457320898771286,0.022699885070323944,0.0005063337157480419
4194,0.04492608457803726,0.019642649218440056,0.01761617138981819,0.0007667266181670129
4195,0.041325248777866364,0.014747892506420612,0.02142190933227539,0.0005155446706339717
4196,0.03903302922844887,0.01708800345659256,0.016258040443062782,0.0005686987424269319
4197,0.03871181607246399,0.017015941441059113,0.016272297129034996,0.0005423577385954559
4198,0.03998690843582153,0.01510739978402853,0.019596420228481293,0.0005283087957650423
4199,0.042188894003629684,0.018253332003951073,0.01675719954073429,0.0007178363157436252
4200,0.04141855612397194,0.014900106005370617,0.02015233039855957,0.0006366120069287717
4201,0.04157085716724396,0.017818331718444824,0.01652701199054718,0.0007225513109005988
4202,0.03942092880606651,0.01524556428194046,0.018522469326853752,0.0005652892868965864
4203,0.03849387541413307,0.016691995784640312,0.01612698659300804,0.0005674895364791155
4204,0.038177378475666046,0.015898166224360466,0.016797779127955437,0.0005481432308442891
4205,0.038406625390052795,0.01560297142714262,0.017345648258924484,0.0005458006635308266
4206,0.0392424613237381,0.017070714384317398,0.016038814559578896,0.0006132929120212793
4207,0.04010400176048279,0.01471355464309454,0.019649071618914604,0.0005741376080550253
4208,0.04221182316541672,0.01787262223660946,0.01687788777053356,0.0007461314089596272
4209,0.04253310710191727,0.014363898895680904,0.021333973854780197,0.0006835234235040843
4210,0.04652108997106552,0.018751252442598343,0.018408941105008125,0.0009360896074213088
4211,0.04345710203051567,0.014168393798172474,0.022497927770018578,0.0006790778716094792
4212,0.0441431924700737,0.01860160194337368,0.017473332583904266,0.0008068254683166742
4213,0.04063067585229874,0.014527395367622375,0.02072790451347828,0.0005375377950258553
4214,0.038821421563625336,0.01700345240533352,0.015984026715159416,0.0005833943141624331
4215,0.03804793953895569,0.01604512147605419,0.016708213835954666,0.0005294604343362153
4216,0.03865484520792961,0.01519931759685278,0.018311820924282074,0.0005143704474903643
4217,0.03998871147632599,0.01746428944170475,0.016216197982430458,0.0006308223237283528
4218,0.04036976397037506,0.014649420976638794,0.020091930404305458,0.0005628413055092096
4219,0.04122013598680496,0.017674848437309265,0.016513800248503685,0.0007031486602500081
4220,0.039747174829244614,0.014931218698620796,0.019151432439684868,0.0005664522759616375
4221,0.03898215293884277,0.016879891976714134,0.016095520928502083,0.0006006740150041878
4222,0.03815393149852753,0.015440388582646847,0.01748310774564743,0.000523043388966471
4223,0.03787664696574211,0.01595788635313511,0.016535887494683266,0.0005382874514907598
4224,0.038024432957172394,0.01618334837257862,0.016204092651605606,0.0005636988207697868
4225,0.03846941515803337,0.015060165897011757,0.01796587184071541,0.0005443374393507838
4226,0.039372775703668594,0.016922954469919205,0.016075022518634796,0.0006374798831529915
4227,0.04004138708114624,0.014536136761307716,0.01952921599149704,0.0005976037937216461
4228,0.042372457683086395,0.0177000779658556,0.016933776438236237,0.0007738603162579238
4229,0.042516253888607025,0.014163114130496979,0.021441273391246796,0.0006911867531016469
4230,0.04669738560914993,0.018703674897551537,0.018599100410938263,0.000939460878726095
4231,0.04359099641442299,0.013898362405598164,0.023082910105586052,0.0006609722040593624
4232,0.044334299862384796,0.01861185021698475,0.017592666670680046,0.0008129783673211932
4233,0.04053284972906113,0.014331004582345486,0.020892329514026642,0.0005309513653628528
4234,0.0386195033788681,0.016783325001597404,0.015993492677807808,0.0005842687096446753
4235,0.03779370337724686,0.01584394834935665,0.016741283237934113,0.000520847097504884
4236,0.038376905024051666,0.015041954815387726,0.01827537827193737,0.0005059570539742708
4237,0.03976421058177948,0.01728109084069729,0.016224531456828117,0.0006258589564822614
4238,0.04025982692837715,0.014442150481045246,0.020233649760484695,0.0005584026221185923
4239,0.041356563568115234,0.0176031943410635,0.01666702702641487,0.0007086343830451369
4240,0.039757922291755676,0.01467394270002842,0.019404441118240356,0.000567954033613205
4241,0.038973741233348846,0.016850365325808525,0.016072938218712807,0.0006050437223166227
4242,0.037994127720594406,0.015167164616286755,0.017616143450140953,0.0005210821400396526
4243,0.03762507811188698,0.015796665102243423,0.016446275636553764,0.0005382138187997043
4244,0.03774235397577286,0.015972647815942764,0.0161757729947567,0.0005593931418843567
4245,0.038196127861738205,0.014896390028297901,0.01787978783249855,0.000541995104867965
4246,0.03909248858690262,0.01671707257628441,0.016064347699284554,0.0006311066099442542
4247,0.03974089398980141,0.014385334216058254,0.019458185881376266,0.0005897373775951564
4248,0.041929300874471664,0.017466580495238304,0.016870159655809402,0.0007592563633807003
4249,0.04192923754453659,0.014054412953555584,0.021172132343053818,0.0006702693062834442
4250,0.04534006118774414,0.0183083675801754,0.018129684031009674,0.0008902010740712285
4251,0.04272349923849106,0.013796775601804256,0.02258702740073204,0.0006339695537462831
4252,0.04331432655453682,0.018172631040215492,0.017250142991542816,0.0007891554851084948
4253,0.04010269418358803,0.01420162059366703,0.0205707885324955,0.0005330283311195672
4254,0.03847593441605568,0.016599858179688454,0.01593462936580181,0.0005941445706412196
4255,0.037557199597358704,0.015469709411263466,0.016913846135139465,0.0005173645913600922
4256,0.03780386596918106,0.015031451359391212,0.01769041270017624,0.000508200260810554
4257,0.03880523145198822,0.016745468601584435,0.016072440892457962,0.0005987324402667582
4258,0.03952866047620773,0.01435478962957859,0.019654199481010437,0.000551967415958643
4259,0.04092059284448624,0.017273498699069023,0.01662277802824974,0.0007024317746981978
4260,0.04000744968652725,0.014297555200755596,0.019826306030154228,0.0005883591366000473
4261,0.04008222371339798,0.017052985727787018,0.016327213495969772,0.0006702024838887155
4262,0.038789987564086914,0.014481919817626476,0.01888836920261383,0.000541969551704824
4263,0.03816306218504906,0.016334116458892822,0.01594465970993042,0.000588428636547178
4264,0.03757235407829285,0.014991712756454945,0.017302388325333595,0.0005278252065181732
4265,0.03732132166624069,0.015504340641200542,0.016378995031118393,0.0005437983782030642
4266,0.0373055562376976,0.015566381625831127,0.01630445383489132,0.000543472298886627
4267,0.03745071217417717,0.014948165975511074,0.017196230590343475,0.0005306314560584724
4268,0.03779393807053566,0.015963589772582054,0.016032880172133446,0.0005797467310912907
4269,0.038269929587841034,0.014580942690372467,0.01806889846920967,0.0005620087031275034
4270,0.03959356248378754,0.016566051170229912,0.016274848952889442,0.0006752664339728653
4271,0.04065803810954094,0.013956642709672451,0.020247671753168106,0.0006453722016885877
4272,0.045373156666755676,0.01798122748732567,0.018343500792980194,0.0009048427455127239
4273,0.0453251376748085,0.013244086876511574,0.02446114458143711,0.0007619906100444496
4274,0.053019627928733826,0.019697144627571106,0.021984102204442024,0.0011338384356349707
4275,0.04429537057876587,0.013263838365674019,0.024978753179311752,0.000605277658905834
4276,0.04079645127058029,0.01767771877348423,0.016385216265916824,0.0006733515183441341
4277,0.03770306333899498,0.015074430964887142,0.017667658627033234,0.0004960971418768167
4278,0.0382997989654541,0.014752182178199291,0.018667764961719513,0.0004879852931480855
4279,0.04138316214084625,0.01791268028318882,0.01659843884408474,0.0006872043595649302
4280,0.04156080633401871,0.013666261918842793,0.022700875997543335,0.0005193669931031764
4281,0.0409090481698513,0.01760714501142502,0.016548004001379013,0.0006753900670446455
4282,0.03818385675549507,0.01482306607067585,0.01828627660870552,0.0005074511864222586
4283,0.037455420941114426,0.015320931561291218,0.016999823972582817,0.0005134664243087173
4284,0.03824952617287636,0.01656939648091793,0.01597011834383011,0.0005710007972083986
4285,0.03936139866709709,0.014195211231708527,0.019682252779603004,0.0005483936984091997
4286,0.04123859107494354,0.017120881006121635,0.01664058119058609,0.0007477127364836633
4287,0.039906345307826996,0.014224973507225513,0.019435735419392586,0.000624563661403954
4288,0.039626240730285645,0.016646733507514,0.01618371345102787,0.0006795792724005878
4289,0.03815546631813049,0.014389079995453358,0.01841086894273758,0.0005355518078431487
4290,0.037484027445316315,0.015903303399682045,0.015962151810526848,0.0005618573632091284
4291,0.0370938740670681,0.015011589042842388,0.016811959445476532,0.0005270323599688709
4292,0.037060681730508804,0.015021664090454578,0.01676108129322529,0.0005277934251353145
4293,0.037374794483184814,0.01571948640048504,0.016034305095672607,0.0005620999145321548
4294,0.03787317872047424,0.014291243627667427,0.018212543800473213,0.000536939303856343
4295,0.03894779831171036,0.016320841386914253,0.016180502250790596,0.0006446453626267612
4296,0.0399010106921196,0.01388389803469181,0.019688569009304047,0.0006328544113785028
4297,0.04366055503487587,0.017258500680327415,0.017737803980708122,0.0008664251072332263
4298,0.043526627123355865,0.01335163414478302,0.022664669901132584,0.0007510322029702365
4299,0.049454525113105774,0.01874048076570034,0.02037610299885273,0.0010337942512705922
4300,0.0433417409658432,0.013215223327279091,0.02400665357708931,0.0006119860918261111
4301,0.04115875065326691,0.017563680186867714,0.016676314175128937,0.0006918757571838796
4302,0.037849023938179016,0.014456376433372498,0.018472572788596153,0.000492007180582732
4303,0.037329334765672684,0.014939265325665474,0.017392819747328758,0.0004997248761355877
4304,0.039297640323638916,0.017002787441015244,0.01600956916809082,0.000628528418019414
4305,0.04046275466680527,0.013621756806969643,0.021704990416765213,0.00051360041834414
4306,0.04099457710981369,0.01738421432673931,0.016627125442028046,0.000698323710821569
4307,0.03858713060617447,0.014336432330310345,0.019038714468479156,0.000521198206115514
4308,0.03741603344678879,0.015644213184714317,0.016282930970191956,0.000548888579942286
4309,0.037158213555812836,0.015696043148636818,0.016163332387804985,0.0005298836040310562
4310,0.03786054626107216,0.014377360232174397,0.01831122674047947,0.0005171959055587649
4311,0.03943641856312752,0.01642771065235138,0.01620921865105629,0.0006799487746320665
4312,0.03956656903028488,0.014018984511494637,0.0193221103399992,0.0006225472316145897
4313,0.04074806347489357,0.016740743070840836,0.016566680744290352,0.000744063698220998
4314,0.03937280550599098,0.01380185503512621,0.019800769165158272,0.0005770180723629892
4315,0.039234429597854614,0.016542861238121986,0.016180358827114105,0.0006511213141493499
4316,0.03810552880167961,0.014106479473412037,0.018689891323447227,0.0005309156258590519
4317,0.03751945123076439,0.015831848606467247,0.015915794298052788,0.0005771808791905642
4318,0.03700968995690346,0.014636613428592682,0.017166174948215485,0.0005206901114434004
4319,0.036800727248191833,0.01500547956675291,0.016415461897850037,0.0005379785434342921
4320,0.036718182265758514,0.015010870061814785,0.016382107511162758,0.0005325203528627753
4321,0.03675675764679909,0.014671032316982746,0.016791703179478645,0.00052940211025998
4322,0.036944374442100525,0.015161305665969849,0.016178764402866364,0.0005604302859865129
4323,0.03723713010549545,0.014352831058204174,0.017399633303284645,0.0005484664579853415
4324,0.037966642528772354,0.01572832278907299,0.01608424261212349,0.000615408003795892
4325,0.03874851018190384,0.013803032226860523,0.019012898206710815,0.0005932581843808293
4326,0.04138924181461334,0.01681346446275711,0.01705535687506199,0.0007520421058870852
4327,0.04226115345954895,0.013165444135665894,0.022217806428670883,0.0006877901614643633
4328,0.048069246113300323,0.01821698248386383,0.01975538581609726,0.0010096877813339233
4329,0.04344306141138077,0.013031572103500366,0.023788882419466972,0.000662260630633682
4330,0.043048031628131866,0.0176872368901968,0.01731206849217415,0.0008048726595006883
4331,0.03847935050725937,0.01390956249088049,0.01973569765686989,0.0004834091232623905
4332,0.036895763128995895,0.015300295315682888,0.01650805026292801,0.0005087417084723711
4333,0.03794782981276512,0.01619458757340908,0.015832770615816116,0.0005920472322031856
4334,0.039572250097990036,0.013634121976792812,0.020980272442102432,0.000495785498060286
4335,0.04121997579932213,0.017381751909852028,0.01680845580995083,0.0007029767148196697
4336,0.0391744039952755,0.01366322673857212,0.020467408001422882,0.0005043771816417575
4337,0.037635453045368195,0.015977904200553894,0.015936419367790222,0.000572113087400794
4338,0.03672846034169197,0.01497004833072424,0.016640642657876015,0.0005117770633660257
4339,0.03700154274702072,0.014343976974487305,0.017595646902918816,0.0005061917472630739
4340,0.03797962889075279,0.016011927276849747,0.015983058139681816,0.0005984646268188953
4341,0.038776833564043045,0.013736225664615631,0.019220326095819473,0.0005820282967761159
4342,0.040798623114824295,0.016475528478622437,0.016729064285755157,0.0007594029302708805
4343,0.04008098319172859,0.013564442284405231,0.019953560084104538,0.000656298128888011
4344,0.04155190289020538,0.01671372540295124,0.017001815140247345,0.0007836364675313234
4345,0.0397350937128067,0.013459378853440285,0.020432807505130768,0.0005842907121405005
4346,0.03965972363948822,0.016593119129538536,0.016353409737348557,0.0006713196635246277
4347,0.038149673491716385,0.013736172579228878,0.019270114600658417,0.0005143386661075056
4348,0.037331003695726395,0.015658173710107803,0.01589936576783657,0.0005773466546088457
4349,0.036674864590168,0.014450299553573132,0.017126834020018578,0.0005097733228467405
4350,0.036476992070674896,0.014678279869258404,0.016565565019845963,0.0005233145784586668
4351,0.03652695193886757,0.015069550834596157,0.016128182411193848,0.0005329219275154173
4352,0.03677241504192352,0.01416980754584074,0.01744975335896015,0.0005152854137122631
4353,0.03735332190990448,0.015429245308041573,0.016012854874134064,0.0005911223124712706
4354,0.03785749152302742,0.013883485458791256,0.01823369413614273,0.0005740312044508755
4355,0.03925665467977524,0.016014715656638145,0.01638668403029442,0.0006855258834548295
4356,0.039570119231939316,0.01338305976241827,0.01999148726463318,0.000619556987658143
4357,0.04215030372142792,0.016866667196154594,0.01738831400871277,0.0007895322632975876
4358,0.04127759113907814,0.01303707342594862,0.021904323250055313,0.0006336194346658885
4359,0.043272849172353745,0.01727357693016529,0.017696278169751167,0.0008302992791868746
4360,0.040091291069984436,0.013239926658570766,0.021277805790305138,0.0005573559319600463
4361,0.03880012035369873,0.016287093982100487,0.015993967652320862,0.0006519056623801589
4362,0.036920592188835144,0.014207872562110424,0.017838364467024803,0.00048743572551757097
4363,0.03641561046242714,0.014733935706317425,0.016687532886862755,0.0004994143382646143
4364,0.03703497350215912,0.015521681867539883,0.015908246859908104,0.0005605046753771603
4365,0.037961576133966446,0.013688057661056519,0.019214432686567307,0.000505908508785069
4366,0.039350930601358414,0.01634964346885681,0.01632254384458065,0.0006678740028291941
4367,0.03893648460507393,0.013411539606750011,0.020038150250911713,0.0005486792651936412
4368,0.039343833923339844,0.01625431701540947,0.016369331628084183,0.0006720187375321984
4369,0.0381040945649147,0.013621575199067593,0.01901482790708542,0.0005467690643854439
4370,0.0376870334148407,0.015642477199435234,0.015949679538607597,0.0006094875279814005
4371,0.03690033033490181,0.013986547477543354,0.017629140987992287,0.0005284641520120203
4372,0.03652472794055939,0.015013775788247585,0.015951374545693398,0.0005559579585678875
4373,0.036266859620809555,0.01427230890840292,0.016772199422121048,0.0005222351755946875
4374,0.036156218498945236,0.0145968496799469,0.016243673861026764,0.0005315695307217538
4375,0.03612782806158066,0.014510131441056728,0.016330087557435036,0.000528761011082679
4376,0.03616128861904144,0.014304669573903084,0.016627881675958633,0.0005228735972195864
4377,0.03626839071512222,0.01476859487593174,0.016066379845142365,0.0005433414480648935
4378,0.03646472841501236,0.013997035101056099,0.017193712294101715,0.0005273979622870684
4379,0.036957383155822754,0.015161938965320587,0.015922661870718002,0.0005872780457139015
4380,0.03768061846494675,0.013527819886803627,0.01848294772207737,0.0005669849924743176
4381,0.04007234424352646,0.0160421971231699,0.016665540635585785,0.0007364610210061073
4382,0.041904669255018234,0.012832644395530224,0.021959248930215836,0.0007112774765118957
4383,0.050768375396728516,0.01813257299363613,0.02140197716653347,0.0011233823606744409
4384,0.046147629618644714,0.012324173003435135,0.026460841298103333,0.0007362616597674787
4385,0.04924243316054344,0.018729206174612045,0.020713163539767265,0.0009800064144656062
4386,0.04085902124643326,0.01290206890553236,0.023049239069223404,0.0004907710244879127
4387,0.03724066540598869,0.015569408424198627,0.01616748794913292,0.0005503768916241825
4388,0.0377373993396759,0.01584295742213726,0.015774540603160858,0.0006119898753240705
4389,0.04024296626448631,0.013088799081742764,0.022325560450553894,0.00048286071978509426
4390,0.042655084282159805,0.017795264720916748,0.01757003180682659,0.0007289785426110029
4391,0.0395611934363842,0.013181139715015888,0.021402811631560326,0.0004977241042070091
4392,0.03678767383098602,0.015451078303158283,0.015970176085829735,0.0005366417462937534
4393,0.03683721274137497,0.01555732823908329,0.01587938331067562,0.0005400502705015242
4394,0.038515228778123856,0.013409733772277832,0.019940771162509918,0.0005164725007489324
4395,0.03991324454545975,0.01658686436712742,0.016608303412795067,0.0006718078511767089
4396,0.03915762901306152,0.013381707482039928,0.019785618409514427,0.000599030579905957
4397,0.04013752192258835,0.015819555148482323,0.01653839647769928,0.0007779569714330137
4398,0.03805069997906685,0.013958476483821869,0.01782749593257904,0.0006264726398512721
4399,0.03682246059179306,0.01499672420322895,0.015942100435495377,0.000588363385759294
4400,0.036220334470272064,0.01403812225908041,0.017074991017580032,0.0005107218166813254
4401,0.03636892884969711,0.014723571948707104,0.01613336056470871,0.0005511993658728898
4402,0.03647502511739731,0.014580987393856049,0.016253719106316566,0.000564031710382551
4403,0.03670419380068779,0.013776344247162342,0.017646795138716698,0.0005281052435748279
4404,0.03780402988195419,0.015506523661315441,0.016131270676851273,0.0006166233797557652
4405,0.038888297975063324,0.01301597710698843,0.020169567316770554,0.0005702752387151122
4406,0.041778236627578735,0.016573511064052582,0.017614975571632385,0.0007589750457555056
4407,0.04224070534110069,0.012647087685763836,0.02254602126777172,0.0007047597318887711
4408,0.048517584800720215,0.017471177503466606,0.02019624039530754,0.0010850168764591217
4409,0.04183799400925636,0.012873487547039986,0.022236831486225128,0.0006727678119204938
4410,0.039778705686330795,0.016459589824080467,0.016366058960556984,0.0006953057600185275
4411,0.03684026002883911,0.013733071275055408,0.018294261768460274,0.0004812926927115768
4412,0.03657400608062744,0.014386122114956379,0.017137182876467705,0.0005050699110142887
4413,0.03832964971661568,0.015913663432002068,0.015899553894996643,0.0006516431458294392
4414,0.03910941630601883,0.013090454041957855,0.02099720388650894,0.0005021757679060102
4415,0.03954119235277176,0.01655694842338562,0.016534730792045593,0.0006449512438848615
4416,0.03747390955686569,0.01346021331846714,0.01921771466732025,0.0004795983259100467
4417,0.0361577644944191,0.014876379631459713,0.016123322769999504,0.0005158063722774386
4418,0.03631332144141197,0.015143443830311298,0.015885986387729645,0.0005283892387524247
4419,0.03717511147260666,0.013460854068398476,0.01872294582426548,0.0004991312162019312
4420,0.03817054256796837,0.015744516626000404,0.016111645847558975,0.0006314377533271909
4421,0.03822612389922142,0.013339792378246784,0.019034836441278458,0.0005851494497619569
4422,0.0394778698682785,0.015631677582859993,0.016430558636784554,0.0007415631553158164
4423,0.0382465198636055,0.013419701717793941,0.018717125058174133,0.0006109691457822919
4424,0.03822151944041252,0.015483635477721691,0.01613047532737255,0.000660741061437875
4425,0.03728185594081879,0.013379317708313465,0.018624763935804367,0.0005277775344438851
4426,0.0370270237326622,0.015382918529212475,0.015814822167158127,0.0005829283036291599
4427,0.03645143657922745,0.01355231273919344,0.017850859090685844,0.000504826195538044
4428,0.03609973564743996,0.014690995216369629,0.015964150428771973,0.0005444591515697539
4429,0.035938043147325516,0.013955282978713512,0.01678912714123726,0.0005193633260205388
4430,0.035908058285713196,0.014229296706616879,0.0162807647138834,0.0005397998611442745
4431,0.035781845450401306,0.014132248237729073,0.016432825475931168,0.000521677196957171
4432,0.035683244466781616,0.014167551882565022,0.016302291303873062,0.0005213401163928211
4433,0.03568726032972336,0.013981734402477741,0.016529157757759094,0.0005176370614208281
4434,0.03571724891662598,0.014318344183266163,0.01609088107943535,0.0005308024701662362
4435,0.03566393628716469,0.013974219560623169,0.01642768085002899,0.0005262035992927849
4436,0.03561548888683319,0.014033975079655647,0.016301898285746574,0.0005279615870676935
4437,0.0356321707367897,0.014181739650666714,0.01610921509563923,0.0005341215874068439
4438,0.03564675524830818,0.013862880878150463,0.016489094123244286,0.0005294780130498111
4439,0.03560992702841759,0.014217591844499111,0.016058815643191338,0.0005333521985448897
4440,0.03559781610965729,0.013907474465668201,0.01648508384823799,0.0005205260240472853
4441,0.035650834441185,0.014174272306263447,0.01612135022878647,0.0005355214816518128
4442,0.03573646396398544,0.013865775428712368,0.016620522364974022,0.0005250168615020812
4443,0.03591042384505272,0.014422886073589325,0.01592424511909485,0.0005563292652368546
4444,0.036230187863111496,0.013403736054897308,0.017568305134773254,0.0005258145392872393
4445,0.03724837675690651,0.01506835874170065,0.015956765040755272,0.0006223255186341703
4446,0.03866218775510788,0.012775728479027748,0.019944552332162857,0.0005941903800703585
4447,0.04380211606621742,0.016554351896047592,0.018384652212262154,0.0008863109396770597
4448,0.04527939110994339,0.012051825411617756,0.025316189974546432,0.000791137688793242
4449,0.05788958817720413,0.0191128458827734,0.02560371533036232,0.0013173026964068413
4450,0.04449138790369034,0.012015691958367825,0.026786813512444496,0.0005688882083632052
4451,0.03990605100989342,0.01661674864590168,0.01657778024673462,0.0006711524329148233
4452,0.036975130438804626,0.014003708027303219,0.01732218824326992,0.0005649233935400844
4453,0.03766203671693802,0.013445600867271423,0.019426770508289337,0.0004789663362316787
4454,0.04153938218951225,0.017268043011426926,0.017074285075068474,0.0007197056547738612
4455,0.04160774499177933,0.01238599419593811,0.023893048986792564,0.0005328699480742216
4456,0.03907017037272453,0.016304176300764084,0.01638944447040558,0.0006376550300046802
4457,0.03613019362092018,0.014136879704892635,0.017113586887717247,0.0004879726911894977
4458,0.03681819513440132,0.013669460080564022,0.01810341700911522,0.0005045316065661609
4459,0.038607362657785416,0.016079245135188103,0.016172319650650024,0.0006355797522701323
4460,0.03878398239612579,0.012867609038949013,0.02029500901699066,0.0005621367017738521
4461,0.040173761546611786,0.015698935836553574,0.016691653057932854,0.0007783175096847117
4462,0.03932226076722145,0.013464261777698994,0.01838540844619274,0.0007472588331438601
4463,0.039396341890096664,0.015141253359615803,0.016352728009223938,0.0007902361685410142
4464,0.03698255866765976,0.013302678242325783,0.018332816660404205,0.0005347065743990242
4465,0.036492377519607544,0.015066680498421192,0.015742871910333633,0.0005682826158590615
4466,0.03643336147069931,0.013535602949559689,0.01758958026766777,0.0005308176041580737
4467,0.035839326679706573,0.014397603459656239,0.016090027987957,0.0005351696745492518
4468,0.0355403833091259,0.014054777100682259,0.01628398895263672,0.0005201617605052888
4469,0.0360194593667984,0.013405702076852322,0.017417464405298233,0.0005196293350309134
4470,0.03660540655255318,0.014952341094613075,0.01586371287703514,0.000578935316298157
4471,0.03690988942980766,0.012903819791972637,0.01878122240304947,0.0005224847700446844
4472,0.03845210373401642,0.015187108889222145,0.016470855101943016,0.0006794139626435935
4473,0.03979342430830002,0.012831039726734161,0.019774913787841797,0.0007187471492215991
4474,0.04562382027506828,0.016349561512470245,0.01906917616724968,0.0010205083526670933
4475,0.04251742735505104,0.012370889075100422,0.022741669788956642,0.0007404867792502046
4476,0.04543550685048103,0.017201809212565422,0.01920451782643795,0.0009029179345816374
4477,0.04026922583580017,0.012347374111413956,0.022826917469501495,0.0005094935186207294
4478,0.037229038774967194,0.015565621666610241,0.015776442363858223,0.0005886976141482592
4479,0.03566773608326912,0.014210394583642483,0.016412008553743362,0.0005045332945883274
4480,0.0370183140039444,0.01311524398624897,0.019287878647446632,0.00046151914284564555
4481,0.039413176476955414,0.016365470364689827,0.016470298171043396,0.0006577410385943949
4482,0.038876164704561234,0.012740259058773518,0.02115410752594471,0.0004981796955689788
4483,0.03800090029835701,0.015570846386253834,0.01602700911462307,0.0006403044681064785
4484,0.036210037767887115,0.013831130228936672,0.017305951565504074,0.0005072956555522978
4485,0.03567366674542427,0.013932636938989162,0.016679855063557625,0.0005061175907030702
4486,0.03600703552365303,0.014717339538037777,0.01581035554409027,0.000547934090718627
4487,0.03692437335848808,0.01318021584302187,0.01832416281104088,0.0005419994704425335
4488,0.038997940719127655,0.015298763290047646,0.016437288373708725,0.0007261886494234204
4489,0.03875024989247322,0.012831727042794228,0.019553188234567642,0.0006365333683788776
4490,0.04036242514848709,0.015752997249364853,0.017026890069246292,0.0007582539110444486
4491,0.038753896951675415,0.012680144980549812,0.02029634825885296,0.0005777404294349253
4492,0.038858260959386826,0.015713224187493324,0.01645820587873459,0.0006686833803541958
4493,0.037220776081085205,0.012902547605335712,0.019262604415416718,0.0005055622896179557
4494,0.03633610159158707,0.01485432218760252,0.01583772897720337,0.0005644049379043281
4495,0.03559727966785431,0.013531023636460304,0.017129482701420784,0.000493677391204983
4496,0.03535434231162071,0.013856991194188595,0.016378460451960564,0.0005118891131132841
4497,0.03535175696015358,0.014204703271389008,0.01603427156805992,0.0005112782819196582
4498,0.03554655984044075,0.013378052972257137,0.017254652455449104,0.0004913855227641761
4499,0.036082178354263306,0.0145036606118083,0.01592574082314968,0.0005652775871567428
4500,0.036547474563121796,0.013201220892369747,0.01783466525375843,0.0005511587369255722
4501,0.03766781836748123,0.014964050613343716,0.016197511926293373,0.0006506257341243327
4502,0.03784148395061493,0.01273267436772585,0.01932612806558609,0.0005782681982964277
4503,0.03964255005121231,0.015649346634745598,0.016856439411640167,0.0007136762142181396
4504,0.03912131488323212,0.012425902299582958,0.02084987796843052,0.0005845537525601685
4505,0.0405927412211895,0.0159152802079916,0.017060918733477592,0.0007616541115567088
4506,0.038449615240097046,0.012637865729629993,0.020312897861003876,0.0005498852697201073
4507,0.037785738706588745,0.015295973978936672,0.015985539183020592,0.0006504225311800838
4508,0.0360274463891983,0.013264252804219723,0.01799612306058407,0.0004767073260154575
4509,0.035273727029561996,0.014195707626640797,0.016064608469605446,0.000501341070048511
4510,0.03532770276069641,0.014154207892715931,0.016052166000008583,0.0005121330032125115
4511,0.03592643141746521,0.01320222020149231,0.017875807359814644,0.0004848403623327613
4512,0.03696799650788307,0.014984305016696453,0.01594388484954834,0.0006039805593900383
4513,0.037287138402462006,0.012704849243164062,0.019364669919013977,0.0005217621219344437
4514,0.03834712877869606,0.015331417322158813,0.016397196799516678,0.0006618516054004431
4515,0.037785038352012634,0.01263863779604435,0.019596680998802185,0.0005549722700379789
4516,0.03840145468711853,0.015281948260962963,0.01638931967318058,0.00067301862873137
4517,0.03737705573439598,0.012717862613499165,0.019152743741869926,0.0005506448214873672
4518,0.03745751455426216,0.014990744180977345,0.016070881858468056,0.0006395887467078865
4519,0.036574460566043854,0.012858550064265728,0.01847594976425171,0.0005239961319603026
4520,0.03638812527060509,0.014653757214546204,0.01582423597574234,0.0005910131148993969
4521,0.03586682304739952,0.013057579286396503,0.017789674922823906,0.0005019566742703319
4522,0.035670310258865356,0.01437319815158844,0.01580003648996353,0.0005497076199389994
4523,0.03540699556469917,0.013241494074463844,0.01725233905017376,0.0004913163720630109
4524,0.035285960882902145,0.01413776632398367,0.01587166078388691,0.0005276535521261394
4525,0.03516429662704468,0.013367689214646816,0.016840917989611626,0.0004955688491463661
4526,0.03511160984635353,0.013927807100117207,0.01594405621290207,0.0005239745951257646
4527,0.03507513180375099,0.013366169296205044,0.016657589003443718,0.0005051374319009483
4528,0.035089410841464996,0.013882780447602272,0.015898840501904488,0.0005307788960635662
4529,0.035131171345710754,0.013238402083516121,0.01676768809556961,0.0005125081515870988
4530,0.035284653306007385,0.014016418717801571,0.01581026054918766,0.0005457974039018154
4531,0.03553573042154312,0.013013374991714954,0.017273692414164543,0.0005248661036603153
4532,0.03629837930202484,0.014415551908314228,0.015894556418061256,0.0005988272023387253
4533,0.037293873727321625,0.012571251951158047,0.018927734345197678,0.0005794887547381222
4534,0.04090222716331482,0.015530637465417385,0.017426161095499992,0.0007945430697873235
4535,0.04248081147670746,0.011886581778526306,0.023417584598064423,0.0007176645449362695
4536,0.052343908697366714,0.017753884196281433,0.02300705388188362,0.0011582969455048442
4537,0.04457424581050873,0.011580916121602058,0.02697383612394333,0.0006019496941007674
4538,0.04298840090632439,0.017025889828801155,0.018120791763067245,0.0007841717451810837
4539,0.037620946764945984,0.0126643693074584,0.020254313945770264,0.00047022628132253885
4540,0.03565461188554764,0.013980032876133919,0.016742777079343796,0.0004931800067424774
4541,0.03755771741271019,0.015583273954689503,0.01580273173749447,0.0006171710556373
4542,0.039697322994470596,0.012184718623757362,0.02266399748623371,0.00048486064770258963
4543,0.04057365655899048,0.016438288614153862,0.01711023785173893,0.0007025132072158158
4544,0.0373699888586998,0.012764784507453442,0.01964057981967926,0.0004964625113643706
4545,0.03550013154745102,0.014272496104240417,0.015976635739207268,0.0005251001566648483
4546,0.03570817410945892,0.01448823232203722,0.01582886464893818,0.0005391078302636743
4547,0.03676353394985199,0.012766051106154919,0.01873433031141758,0.000526315183378756
4548,0.037992753088474274,0.015167904086411,0.01625698059797287,0.0006567867239937186
4549,0.038344211876392365,0.012604877352714539,0.019426263868808746,0.000631307193543762
4550,0.04104674607515335,0.01528713759034872,0.017185350880026817,0.000857425678987056
4551,0.0386442132294178,0.01262388564646244,0.019588354974985123,0.0006431971560232341
4552,0.03838123753666878,0.015164871700108051,0.016354652121663094,0.0006861712317913771
4553,0.03670451045036316,0.012737452052533627,0.018951857462525368,0.0005015200586058199
4554,0.036076173186302185,0.014658527448773384,0.015737447887659073,0.0005680198082700372
4555,0.03530476614832878,0.013181740418076515,0.017164412885904312,0.0004958612844347954
4556,0.034912969917058945,0.01355795282870531,0.016427524387836456,0.0004927493864670396
4557,0.03527206927537918,0.01409961562603712,0.015830939635634422,0.0005341513315215707
4558,0.035916201770305634,0.012720005586743355,0.018207235261797905,0.0004988962900824845
4559,0.03668348118662834,0.014759371057152748,0.016125639900565147,0.0005798470810987055
4560,0.03724149614572525,0.012448077090084553,0.019276415929198265,0.0005517001845873892
4561,0.039774470031261444,0.01515233051031828,0.017073411494493484,0.0007548726862296462
4562,0.03962060809135437,0.012389125302433968,0.020135611295700073,0.0007095871842466295
4563,0.04302898049354553,0.015754198655486107,0.018189430236816406,0.000908534973859787
4564,0.03957649692893028,0.012132544070482254,0.02153819426894188,0.0005905759171582758
4565,0.03911101445555687,0.015695644542574883,0.01659189537167549,0.0006823477451689541
4566,0.036578040570020676,0.012592785060405731,0.019292494282126427,0.0004692759539466351
4567,0.03513219580054283,0.01414110790938139,0.015924550592899323,0.0005066537414677441
4568,0.03512851893901825,0.014182097278535366,0.01584221050143242,0.0005104210576973855
4569,0.03624311089515686,0.012724123895168304,0.018933236598968506,0.0004585748538374901
4570,0.037562739104032516,0.015294495038688183,0.01612176187336445,0.0006146481609903276
4571,0.037219900637865067,0.012479456141591072,0.01981145329773426,0.0004928992711938918
4572,0.03708310425281525,0.014859861694276333,0.016024207696318626,0.0006199037306942046
4573,0.03591534122824669,0.01295897550880909,0.0178157277405262,0.000514063925947994
4574,0.03535636141896248,0.013976591639220715,0.015869494527578354,0.0005510274786502123
4575,0.03482438996434212,0.013327131047844887,0.016509346663951874,0.0004987912252545357
4576,0.034663163125514984,0.013434727676212788,0.016198856756091118,0.0005029577878303826
4577,0.034857168793678284,0.013643063604831696,0.01592484675347805,0.0005289257969707251
4578,0.03520825877785683,0.013020381331443787,0.016932431608438492,0.0005255445721559227
4579,0.035944052040576935,0.01412147469818592,0.01591833494603634,0.0005904240533709526
4580,0.03675541654229164,0.01249629445374012,0.018612995743751526,0.0005646125646308064
4581,0.03947757929563522,0.015196400694549084,0.017062798142433167,0.0007218378596007824
4582,0.04060099273920059,0.011880709789693356,0.02224837802350521,0.0006471903761848807
4583,0.046908650547266006,0.01668839156627655,0.020470190793275833,0.0009750067838467658
4584,0.04258793964982033,0.011650659143924713,0.02472519874572754,0.0006212082807905972
4585,0.04290001466870308,0.016463464125990868,0.018211377784609795,0.0008225173805840313
4586,0.03723848611116409,0.012429256923496723,0.0202252846211195,0.0004583943518809974
4587,0.035048797726631165,0.014004667289555073,0.016106266528367996,0.000493786355946213
4588,0.035934630781412125,0.014627975411713123,0.015657298266887665,0.0005649356753565371
4589,0.03774196654558182,0.012356800027191639,0.020664051175117493,0.00047211162745952606
4590,0.03961079940199852,0.015909284353256226,0.016872122883796692,0.0006829391932114959
4591,0.03747311979532242,0.012392515316605568,0.02019902877509594,0.0004881577333435416
4592,0.03557679057121277,0.014492354355752468,0.01573989912867546,0.0005344535456970334
4593,0.03477034717798233,0.01372149121016264,0.016180744394659996,0.00048681130283512175
4594,0.035530176013708115,0.012837744317948818,0.017846781760454178,0.0004845649818889797
4595,0.03690660744905472,0.01485926378518343,0.016022223979234695,0.0006025119801051915
4596,0.03728736191987991,0.012323126196861267,0.019578751176595688,0.0005385485710576177
4597,0.03852833807468414,0.014974141493439674,0.016527941450476646,0.000702625431586057
4598,0.037297673523426056,0.012510009109973907,0.018986979499459267,0.0005800688522867858
4599,0.037259865552186966,0.014548017643392086,0.01609603501856327,0.0006615814636461437
4600,0.03577979654073715,0.012754744850099087,0.017954133450984955,0.0005070915794931352
4601,0.03516329079866409,0.014094038866460323,0.01569659821689129,0.0005372653831727803
4602,0.03479471430182457,0.013011488132178783,0.016902871429920197,0.0004880352644249797
4603,0.034621935337781906,0.013477091677486897,0.01611550897359848,0.0005029335734434426
4604,0.03460458666086197,0.013461992144584656,0.01600799709558487,0.0005134596140123904
4605,0.0348488986492157,0.012849516235291958,0.017048902809619904,0.0004950480069965124
4606,0.03542034327983856,0.01408275868743658,0.015817206352949142,0.0005520375561900437
4607,0.03604815900325775,0.01237096544355154,0.018472012132406235,0.0005205180495977402
4608,0.037672195583581924,0.014684826135635376,0.0164956022053957,0.0006491766544058919
4609,0.03862356022000313,0.012068084441125393,0.02017935924232006,0.0006376116070896387
4610,0.043280623853206635,0.015599903650581837,0.018615467473864555,0.0009065252961590886
4611,0.04105791077017784,0.011799347586929798,0.022437911480665207,0.0006820652633905411
4612,0.04335693642497063,0.01612114906311035,0.018522586673498154,0.0008713200222700834
4613,0.03817342221736908,0.01204985287040472,0.021302586421370506,0.00048209840315394104
4614,0.035763174295425415,0.01459176279604435,0.015710260719060898,0.0005461151013150811
4615,0.035001158714294434,0.01361666526645422,0.016241805627942085,0.000514269049745053
4616,0.03598899394273758,0.0126979174092412,0.018769286572933197,0.00045217887964099646
4617,0.03798035904765129,0.015420789830386639,0.016245074570178986,0.0006314495112746954
4618,0.03772476315498352,0.01211243774741888,0.020877882838249207,0.0004734440881293267
4619,0.036697838455438614,0.014896837063133717,0.01594804786145687,0.000585295376367867
4620,0.0350177139043808,0.012960018590092659,0.017347587272524834,0.0004710109205916524
4621,0.034564342349767685,0.013302328996360302,0.01637842319905758,0.0004883591318503022
4622,0.035086631774902344,0.014018270187079906,0.015754355117678642,0.0005314006702974439
4623,0.03571544587612152,0.012467958964407444,0.01810130663216114,0.0005146178882569075
4624,0.036692019551992416,0.014422697015106678,0.016063276678323746,0.0006206045509316027
4625,0.03732466697692871,0.012303086929023266,0.018879642710089684,0.0006141936755739152
4626,0.04018740355968475,0.014825175516307354,0.017201708629727364,0.0008160522556863725
4627,0.03906497359275818,0.012109613046050072,0.020265260711312294,0.000669010158162564
4628,0.041134029626846313,0.015433372929692268,0.017660439014434814,0.0008040220127440989
4629,0.0384107381105423,0.011992785148322582,0.021086804568767548,0.0005331145948730409
4630,0.03773592412471771,0.01509220339357853,0.01628316380083561,0.0006360555998980999
4631,0.03589785471558571,0.012408587150275707,0.01878770999610424,0.0004701557045336813
4632,0.034663885831832886,0.013767844997346401,0.01588456891477108,0.0005011471803300083
4633,0.03450893983244896,0.013618811964988708,0.01593739353120327,0.0004952734452672303
4634,0.03530285507440567,0.012528977356851101,0.01810222864151001,0.00046716490760445595
4635,0.036311276257038116,0.014613707549870014,0.01602010801434517,0.0005677462904714048
4636,0.03650720790028572,0.01221248134970665,0.019279776141047478,0.0005014953785575926
4637,0.03725031390786171,0.01461570430546999,0.016281388700008392,0.0006353221833705902
4638,0.03660751134157181,0.012421886436641216,0.018494507297873497,0.0005691119586117566
4639,0.03688022121787071,0.014199336059391499,0.01608438789844513,0.0006596496677957475
4640,0.03571188449859619,0.0125392721965909,0.017895640805363655,0.0005276970914565027
4641,0.035246968269348145,0.014011292718350887,0.0156801026314497,0.000555557431653142
4642,0.03477177023887634,0.012639947235584259,0.017371492460370064,0.00047603301936760545
4643,0.03450864553451538,0.01366096455603838,0.015770036727190018,0.0005077646346762776
4644,0.034288521856069565,0.013059302233159542,0.016409559175372124,0.0004819661262445152
4645,0.03423294797539711,0.013088041916489601,0.01633421517908573,0.00048106923350133
4646,0.03436991199851036,0.013489990495145321,0.015844661742448807,0.0005035257781855762
4647,0.034566257148981094,0.012655319646000862,0.017069492489099503,0.0004841446061618626
4648,0.034830253571271896,0.013731220737099648,0.01572585292160511,0.000537318002898246
4649,0.03519342094659805,0.01240937877446413,0.01767384074628353,0.0005110200145281851
4650,0.03637252002954483,0.014060948975384235,0.01605120673775673,0.0006260367226786911
4651,0.03734743595123291,0.012055912055075169,0.019229093566536903,0.0006062431493774056
4652,0.041359297931194305,0.015095639042556286,0.017932625487446785,0.0008331035496667027
4653,0.04138680547475815,0.011529378592967987,0.02285391092300415,0.0007003515493124723
4654,0.0478350967168808,0.016626186668872833,0.021227888762950897,0.0009981021285057068
4655,0.041817739605903625,0.011344905011355877,0.024891868233680725,0.0005580963334068656
4656,0.039683327078819275,0.015756426379084587,0.017076805233955383,0.0006850094650872052
4657,0.035791441798210144,0.012424270622432232,0.018802490085363388,0.0004564681148622185
4658,0.03467340022325516,0.013239468447864056,0.016808032989501953,0.0004625895817298442
4659,0.03644892945885658,0.01487016398459673,0.01578729785978794,0.0005791466101072729
4660,0.038044657558202744,0.011871865950524807,0.021557044237852097,0.00046157470205798745
4661,0.0385880246758461,0.015498021617531776,0.016550984233617783,0.0006539018359035254
4662,0.03617194667458534,0.012408598326146603,0.01898118294775486,0.0004782166506629437
4663,0.03463180735707283,0.013709291815757751,0.015850257128477097,0.0005072259227745235
4664,0.03456338495016098,0.013694161549210548,0.015834985300898552,0.0005034237401559949
4665,0.03543476387858391,0.012424428947269917,0.017962463200092316,0.0005047873710282147
4666,0.03655059263110161,0.014381291344761848,0.016001146286725998,0.0006168155814521015
4667,0.036979541182518005,0.012119406834244728,0.019099226221442223,0.0005760907079093158
4668,0.03922843188047409,0.014654611237347126,0.01694420352578163,0.000762961630243808
4669,0.03800615668296814,0.012083672918379307,0.019628122448921204,0.0006294362246990204
4670,0.038735128939151764,0.01474353950470686,0.016753768548369408,0.0007237820536829531
4671,0.03655640035867691,0.012149500660598278,0.019296973943710327,0.0005109926569275558
4672,0.03592236340045929,0.014308285899460316,0.015805255621671677,0.0005808823625557125
4673,0.035047370940446854,0.01244264841079712,0.01780744269490242,0.0004797278961632401
4674,0.03437783569097519,0.013460834510624409,0.0159049853682518,0.0005012015462853014
4675,0.03412765637040138,0.013140137307345867,0.016096021980047226,0.0004891497083008289
4676,0.034450165927410126,0.012595675885677338,0.01712058112025261,0.0004733909445349127
4677,0.03507774695754051,0.0139304269105196,0.01579640619456768,0.0005350913270376623
4678,0.03552025556564331,0.012130235321819782,0.018494470044970512,0.0004895547754131258
4679,0.03642783686518669,0.014267856255173683,0.016163814812898636,0.0005996165564283729
4680,0.036803409457206726,0.012038769200444221,0.01897427625954151,0.0005790365976281464
4681,0.03907956928014755,0.014475593343377113,0.016913216561079025,0.0007690757047384977
4682,0.038172632455825806,0.011914167553186417,0.01996142417192459,0.0006297041545622051
4683,0.03978469967842102,0.014977402985095978,0.01714179664850235,0.0007665501907467842
4684,0.03740290179848671,0.011824690736830235,0.020585957914590836,0.0004992255126126111
4685,0.03650643676519394,0.014667490497231483,0.01591024175286293,0.0005928705213591456
4686,0.034947969019412994,0.012438908219337463,0.017985625192523003,0.00045234360732138157
4687,0.03417498990893364,0.013315262272953987,0.016077879816293716,0.0004781849274877459
4688,0.034386444836854935,0.013628794811666012,0.015735775232315063,0.0005021875258535147
4689,0.035203028470277786,0.012231354601681232,0.018395107239484787,0.0004576568608172238
4690,0.03625332936644554,0.014391920529305935,0.015992311760783195,0.0005869099404662848
4691,0.03632739558815956,0.011982846073806286,0.019328292459249496,0.0005016257055103779
4692,0.036973919719457626,0.014402595348656178,0.01626943051815033,0.0006301895482465625
4693,0.03623969480395317,0.012084700167179108,0.01879153586924076,0.0005363458185456693
4694,0.036562420427799225,0.014102756977081299,0.01610640063881874,0.0006353261414915323
4695,0.035615261644124985,0.012195435352623463,0.018159683793783188,0.0005260141915641725
4696,0.03544469177722931,0.013844179920852184,0.015806404873728752,0.0005794106400571764
4697,0.03491072356700897,0.012263177894055843,0.01775205507874489,0.0004895488964393735
4698,0.0347825288772583,0.013700357638299465,0.015700699761509895,0.0005381472292356193
4699,0.034507062286138535,0.012366382405161858,0.01741788536310196,0.0004722792946267873
4700,0.03436896204948425,0.013528632931411266,0.01570822112262249,0.000513211009092629
4701,0.034222133457660675,0.012526473961770535,0.016988782212138176,0.0004706877516582608
4702,0.034201234579086304,0.013284382410347462,0.015792105346918106,0.0005124749150127172
4703,0.034146085381507874,0.012615527026355267,0.01670672930777073,0.0004823831550311297
4704,0.03416503593325615,0.01320631057024002,0.015781184658408165,0.0005177539424039423
4705,0.034178659319877625,0.012463965453207493,0.016865547746419907,0.0004849146062042564
4706,0.03437284752726555,0.01341258455067873,0.01567915268242359,0.0005281110643409193
4707,0.03462208807468414,0.012188704684376717,0.017505861818790436,0.0004927523550577462
4708,0.035338640213012695,0.013777944259345531,0.015845809131860733,0.0005714884027838707
4709,0.03609859570860863,0.011872934177517891,0.018820153549313545,0.0005405507399700582
4710,0.03888709843158722,0.014527427032589912,0.017061442136764526,0.0007298230193555355
4711,0.03984740376472473,0.011426332406699657,0.021896228194236755,0.0006524841883219779
4712,0.046456169337034225,0.016031591221690178,0.020542211830615997,0.0009882363956421614
4713,0.04181576892733574,0.01113059651106596,0.02495025470852852,0.0005734915612265468
4714,0.04190380871295929,0.01602264493703842,0.018217388540506363,0.0007663776050321758
4715,0.03727669641375542,0.0117257758975029,0.021073777228593826,0.0004477142065297812
4716,0.03490475192666054,0.013795368373394012,0.01590486243367195,0.0005204520421102643
4717,0.03483829274773598,0.013779737055301666,0.015641504898667336,0.0005417049978859723
4718,0.03633059561252594,0.01188098918646574,0.020087510347366333,0.00043620943324640393
4719,0.038449726998806,0.015267777256667614,0.016740547493100166,0.0006441401783376932
4720,0.037695229053497314,0.01171041652560234,0.020847173407673836,0.0005137635744176805
4721,0.03625534102320671,0.014395452104508877,0.01587488502264023,0.0005985003081150353
4722,0.03447384387254715,0.012563555501401424,0.017115015536546707,0.00047952710883691907
4723,0.03413983806967735,0.012869062833487988,0.01620292291045189,0.0005067852325737476
4724,0.03455830737948418,0.01339129637926817,0.015746377408504486,0.0005420631496235728
4725,0.03483963385224342,0.012201033532619476,0.01749102771282196,0.0005147572373971343
4726,0.03548412397503853,0.013780585490167141,0.015865512192249298,0.0005838024080730975
4727,0.036491986364126205,0.011933102272450924,0.018718507140874863,0.0005840377416461706
4728,0.039949558675289154,0.014430536888539791,0.017300475388765335,0.0008218546863645315
4729,0.03939594328403473,0.01166311465203762,0.020788365975022316,0.0006944463821128011
4730,0.04313257709145546,0.015368136577308178,0.018802065402269363,0.0008962374995462596
4731,0.03935017064213753,0.011420221999287605,0.022475101053714752,0.0005454849451780319
4732,0.03890043497085571,0.015133926644921303,0.016880445182323456,0.0006886064074933529
4733,0.03642671927809715,0.011804180219769478,0.019849326461553574,0.0004773212131112814
4734,0.034504484385252,0.013610084541141987,0.01580606773495674,0.0005088331527076662
4735,0.03392054885625839,0.013205841183662415,0.01589571312069893,0.00048189942026510835
4736,0.03502949699759483,0.012057937681674957,0.018466172739863396,0.00045053858775645494
4737,0.03664480522274971,0.014560312032699585,0.01623222604393959,0.00058522674953565
4738,0.03675438091158867,0.011677476577460766,0.020050838589668274,0.0005026063299737871
4739,0.037023913115262985,0.014351516030728817,0.01636449061334133,0.0006307906005531549
4740,0.036021485924720764,0.012097788043320179,0.018335483968257904,0.0005588214844465256
4741,0.0361754447221756,0.013615516014397144,0.016004208475351334,0.0006555719883181155
4742,0.0349457710981369,0.012395652942359447,0.017305025830864906,0.0005245093489065766
4743,0.03416495770215988,0.013328924775123596,0.01564476266503334,0.0005191271775402129
4744,0.03378612548112869,0.012524059973657131,0.016641367226839066,0.00046206958359107375
4745,0.03387436643242836,0.013000445440411568,0.015979617834091187,0.0004894302110187709
4746,0.033984169363975525,0.012955280020833015,0.015927445143461227,0.0005101445131003857
4747,0.03402157872915268,0.012413484044373035,0.0168787632137537,0.0004729329375550151
4748,0.03441024199128151,0.01343122310936451,0.015691645443439484,0.0005287373205646873
4749,0.03498251363635063,0.011952506378293037,0.018083103001117706,0.000494690437335521
4750,0.036124337464571,0.013942832127213478,0.016138531267642975,0.0006042975001037121
4751,0.03689297288656235,0.011552030220627785,0.019854040816426277,0.0005486903246492147
4752,0.04038573428988457,0.014754878357052803,0.01792103424668312,0.000770981831010431
4753,0.040456630289554596,0.011234985664486885,0.022459138184785843,0.0006762506091035903
4754,0.046348363161087036,0.01578465662896633,0.020597295835614204,0.000996640883386135
4755,0.039836104959249496,0.011256205849349499,0.022992029786109924,0.000558786909095943
4756,0.037740226835012436,0.014885890297591686,0.016440164297819138,0.0006414172821678221
4757,0.034948401153087616,0.01217691134661436,0.018211552873253822,0.0004559938970487565
4758,0.034411631524562836,0.012921086512506008,0.016745563596487045,0.00047449811245314777
4759,0.03569323569536209,0.014140200801193714,0.015717510133981705,0.0005835525807924569
4760,0.03657131642103195,0.01169110368937254,0.020481690764427185,0.0004398522723931819
4761,0.037283383309841156,0.014869329519569874,0.016312936320900917,0.0006101118633523583
4762,0.0357501395046711,0.01195464562624693,0.01907528191804886,0.00047202117275446653
4763,0.03414756432175636,0.013483359478414059,0.015684232115745544,0.0004979973309673369
4764,0.03368428722023964,0.01309965830296278,0.015870288014411926,0.0004714338865596801
4765,0.03448112681508064,0.012101927772164345,0.017574287950992584,0.00048049120232462883
4766,0.035496339201927185,0.01387333869934082,0.01582515425980091,0.0005797845660708845
4767,0.035827234387397766,0.011751353740692139,0.018747584894299507,0.0005328297847881913
4768,0.037274133414030075,0.014032186940312386,0.016532238572835922,0.0006709707668051124
4769,0.03737112134695053,0.011728339828550816,0.019309984520077705,0.0006332797347567976
4770,0.040009114891290665,0.014392021112143993,0.01742110215127468,0.0008195993141271174
4771,0.03769592568278313,0.011618876829743385,0.02015797048807144,0.0005919081741012633
4772,0.037981778383255005,0.01449452992528677,0.016677554696798325,0.0006809694459661841
4773,0.03614916279911995,0.011646696366369724,0.01976197212934494,0.0004740494186989963
4774,0.03532218560576439,0.013880768790841103,0.015777291730046272,0.0005664126365445554
4775,0.03419669717550278,0.012197431176900864,0.017334196716547012,0.0004665067244786769
4776,0.03353889286518097,0.012800243683159351,0.016129257157444954,0.00046093916171230376
4777,0.03378778696060181,0.013177628628909588,0.015731438994407654,0.0004878718464169651
4778,0.03457219526171684,0.011939462274312973,0.017986677587032318,0.0004646056331694126
4779,0.03533580154180527,0.01388491690158844,0.015939155593514442,0.0005511728231795132
4780,0.03547052666544914,0.011652471497654915,0.018874287605285645,0.0004943768726661801
4781,0.03640041500329971,0.013873930089175701,0.01626790314912796,0.0006258581997826695
4782,0.036285150796175,0.011746986769139767,0.018765633925795555,0.0005772531148977578
4783,0.03763921186327934,0.01389421708881855,0.016498606652021408,0.0007246389286592603
4784,0.03618518263101578,0.011744694784283638,0.019053637981414795,0.0005386847769841552
4785,0.036102425307035446,0.014047252014279366,0.015988599509000778,0.000606657296884805
4786,0.03498481959104538,0.01178701501339674,0.018729180097579956,0.000446862424723804
4787,0.034379325807094574,0.013586552813649178,0.015583870001137257,0.00052089017117396
4788,0.033736880868673325,0.012303723953664303,0.016843557357788086,0.0004589600139297545
4789,0.0334181934595108,0.012622922658920288,0.016158979386091232,0.000463628995930776
4790,0.03356935456395149,0.013002104125916958,0.015730803832411766,0.0004836448060814291
4791,0.0340116061270237,0.011988267302513123,0.017411332577466965,0.0004612005432136357
4792,0.03459637239575386,0.013477981090545654,0.015737613663077354,0.0005380777292884886
4793,0.035049062222242355,0.011694167740643024,0.018376566469669342,0.0004978330107405782
4794,0.03656470403075218,0.01382836140692234,0.016404133290052414,0.0006332210032269359
4795,0.03724297881126404,0.011412178166210651,0.01982840523123741,0.0006002398440614343
4796,0.041152648627758026,0.014589919708669186,0.018225790932774544,0.000833693949971348
4797,0.039653848856687546,0.011117498390376568,0.022181635722517967,0.0006354714860208333
4798,0.04271773621439934,0.015342967584729195,0.018985746428370476,0.0008389023132622242
4799,0.03829866275191307,0.011180049739778042,0.022305946797132492,0.00048126644105650485
4800,0.036306023597717285,0.014429733157157898,0.016004672273993492,0.0005871617468073964
4801,0.03431275859475136,0.012190218083560467,0.01752942055463791,0.0004593118792399764
4802,0.03385821357369423,0.012556478381156921,0.01685168221592903,0.00044500536751002073
4803,0.03502769023180008,0.013929656706750393,0.015678590163588524,0.0005419443477876484
4804,0.03618350252509117,0.011463746428489685,0.020258033648133278,0.0004461724020075053
4805,0.03692050278186798,0.014513375237584114,0.016325537115335464,0.0006081590545363724
4806,0.03558860346674919,0.011654626578092575,0.01915735751390457,0.00047766207717359066
4807,0.034524105489254,0.013461035676300526,0.01568196900188923,0.0005381098599173129
4808,0.03378383442759514,0.012344605289399624,0.016601532697677612,0.0004837693995796144
4809,0.03370402008295059,0.0124669773504138,0.016090689226984978,0.0005146355833858252
4810,0.033614397048950195,0.012769073247909546,0.01575559377670288,0.000508973142132163
4811,0.0335417315363884,0.012107833288609982,0.016638949513435364,0.00047949489089660347
4812,0.03399278223514557,0.012971626594662666,0.015703873708844185,0.0005317280301824212
4813,0.034798696637153625,0.011875472962856293,0.017563248053193092,0.0005359975039027631
4814,0.03661121428012848,0.013565934263169765,0.016322439536452293,0.0006722839316353202
4815,0.03715834021568298,0.011421307921409607,0.01981230452656746,0.0005924726137891412
4816,0.041053902357816696,0.014701384119689465,0.018223190680146217,0.0008129329071380198
4817,0.04016086831688881,0.010923132300376892,0.023444021120667458,0.0005793715827167034
4818,0.0433155819773674,0.015612560324370861,0.019387606531381607,0.000831541430670768
4819,0.039350926876068115,0.010903255082666874,0.023617584258317947,0.0004830089455936104
4820,0.03689083456993103,0.01450368668884039,0.016307929530739784,0.00060792185831815
4821,0.03395304083824158,0.01202560868114233,0.017651982605457306,0.00042754499008879066
4822,0.03342233970761299,0.012366476468741894,0.016679473221302032,0.0004376389551907778
4823,0.034871723502874374,0.013867153786122799,0.015728428959846497,0.0005276140873320401
4824,0.036252863705158234,0.011355318129062653,0.020201019942760468,0.00046965249930508435
4825,0.0375421978533268,0.014399603009223938,0.016642974689602852,0.0006499619921669364
4826,0.03604544699192047,0.0116051584482193,0.01923789456486702,0.0005202394095249474
4827,0.03542177751660347,0.013547408394515514,0.015912456437945366,0.0005961913266219199
4828,0.03397852182388306,0.012159853242337704,0.017092227935791016,0.0004726438201032579
4829,0.033346571028232574,0.012666326947510242,0.01589512825012207,0.0004785116470884532
4830,0.03331085294485092,0.012759064324200153,0.015747182071208954,0.00048046064330264926
4831,0.0338350310921669,0.011977299116551876,0.017250489443540573,0.00046072411350905895
4832,0.034954734146595,0.01338654663413763,0.015804879367351532,0.0005763309309259057
4833,0.0353790819644928,0.011563867330551147,0.018724534660577774,0.0005090678459964693
4834,0.03677372261881828,0.01384721975773573,0.016465505585074425,0.000646099797450006
4835,0.03637797012925148,0.011373167857527733,0.019710691645741463,0.0005294110160320997
4836,0.03771735727787018,0.014122801832854748,0.016838865354657173,0.0006755690556019545
4837,0.0366731658577919,0.011235053651034832,0.02035362645983696,0.00050844851648435
4838,0.03707762435078621,0.014138057827949524,0.0166158489882946,0.0006323718116618693
4839,0.0356147401034832,0.011326024308800697,0.01963522657752037,0.0004653487994801253
4840,0.035067182034254074,0.013569383881986141,0.01585197262465954,0.0005645826458930969
4841,0.03394167125225067,0.011869115754961967,0.017535613849759102,0.000453694025054574
4842,0.03340146690607071,0.012768584303557873,0.015741467475891113,0.0004891413263976574
4843,0.033084433525800705,0.012424358166754246,0.01614423282444477,0.0004515840846579522
4844,0.033088743686676025,0.012239105068147182,0.016360020264983177,0.00044896177132613957
4845,0.03337407484650612,0.012762150727212429,0.015701714903116226,0.0004910209099762142
4846,0.03373784199357033,0.011903145350515842,0.017154259607195854,0.0004680434940382838
4847,0.03437677025794983,0.01314957719296217,0.015733089298009872,0.0005494103534147143
4848,0.034635864198207855,0.011558221653103828,0.018275950103998184,0.00048016925575211644
4849,0.03559762239456177,0.013619779609143734,0.016048520803451538,0.000592932163272053
4850,0.03555545583367348,0.011338252574205399,0.01930735819041729,0.0004909844137728214
4851,0.03668654337525368,0.013872452080249786,0.016417469829320908,0.0006396622047759593
4852,0.03608652576804161,0.011265858076512814,0.019775839522480965,0.0005044828285463154
4853,0.03692347928881645,0.013929366134107113,0.016478432342410088,0.0006515682325698435
4854,0.0357622392475605,0.011283447034657001,0.01965993642807007,0.0004818856541533023
4855,0.035776712000370026,0.01373052317649126,0.01608048751950264,0.0005965702584944665
4856,0.03460215404629707,0.011491668410599232,0.018626611679792404,0.0004483873781282455
4857,0.03406322002410889,0.013216303661465645,0.015631429851055145,0.0005215487326495349
4858,0.033396389335393906,0.011868735775351524,0.01713779754936695,0.0004389855021145195
4859,0.03305410221219063,0.012593907304108143,0.015752511098980904,0.00047076819464564323
4860,0.03289761394262314,0.012241649441421032,0.01612597517669201,0.0004529989091679454
4861,0.032907623797655106,0.012136888690292835,0.016227945685386658,0.0004542790702544153
4862,0.033050887286663055,0.012535035610198975,0.01571996882557869,0.0004795882268808782
4863,0.03329453617334366,0.011801512911915779,0.01686174049973488,0.0004631284682545811
4864,0.03380436450242996,0.012899753637611866,0.015680592507123947,0.0005224018823355436
4865,0.03440708667039871,0.011439788155257702,0.018048696219921112,0.0004918603226542473
4866,0.036221735179424286,0.013537446968257427,0.01639120653271675,0.0006293082842603326
4867,0.03735627979040146,0.011006878688931465,0.020631618797779083,0.0005717786261811852
4868,0.04258207231760025,0.01477575022727251,0.019151877611875534,0.0008654446573927999
4869,0.040944162756204605,0.010637513361871243,0.024277865886688232,0.000602878222707659
4870,0.04481077939271927,0.015689894556999207,0.020250912755727768,0.0008869970333762467
4871,0.03881886601448059,0.010762455873191357,0.023568399250507355,0.00044880114728584886
4872,0.03585951402783394,0.014149564318358898,0.015909139066934586,0.0005800810758955777
4873,0.03385268524289131,0.012119860388338566,0.016880251467227936,0.0004852575366385281
4874,0.03397301957011223,0.01192443910986185,0.01766972802579403,0.0004378850862849504
4875,0.035874444991350174,0.014091669581830502,0.01605711318552494,0.0005725664086639881
4876,0.03681488707661629,0.010992380790412426,0.021221309900283813,0.0004601195687428117
4877,0.03744827210903168,0.01438151579350233,0.016600895673036575,0.0006465860642492771
4878,0.035627901554107666,0.011418002657592297,0.01904389075934887,0.0005166009068489075
4879,0.034037865698337555,0.013067441992461681,0.01562834158539772,0.0005342079675756395
4880,0.0331302210688591,0.012108107097446918,0.016372138634324074,0.00046499731251969934
4881,0.033329978585243225,0.012049814686179161,0.01625889167189598,0.0005021273391321301
4882,0.03369097411632538,0.012740782462060452,0.01558414101600647,0.0005366049008443952
4883,0.03378428518772125,0.011596301570534706,0.017370780929923058,0.00048172043170779943
4884,0.0344473160803318,0.013118400238454342,0.015821970999240875,0.0005506942397914827
4885,0.03543596714735031,0.011333932168781757,0.018673742190003395,0.0005428290460258722
4886,0.03848705440759659,0.013706380501389503,0.017086172476410866,0.0007694501546211541
4887,0.03830348700284958,0.011069434694945812,0.020672064274549484,0.0006561986519955099
4888,0.04237939417362213,0.014517270028591156,0.01881231740117073,0.0009049808140844107
4889,0.03875191509723663,0.010813230648636818,0.022564735263586044,0.0005373946623876691
4890,0.038869183510541916,0.014647108502686024,0.017253240570425987,0.0006968834204599261
4891,0.03628207743167877,0.011043003760278225,0.020679788663983345,0.0004559285589493811
4892,0.0343138687312603,0.013314182870090008,0.01575838215649128,0.000524130358826369
4893,0.033092938363552094,0.012305314652621746,0.01610778458416462,0.00046798415132798254
4894,0.03359781578183174,0.011613992974162102,0.017746590077877045,0.0004237231332808733
4895,0.03531089425086975,0.013769055716693401,0.01606699265539646,0.0005474845529533923
4896,0.0360591784119606,0.011049382388591766,0.020060528069734573,0.0004949265858158469
4897,0.03634103760123253,0.013842946849763393,0.01631549559533596,0.0006182597135193646
4898,0.035076335072517395,0.011408370919525623,0.018535126000642776,0.0005132837104611099
4899,0.034941673278808594,0.013033697381615639,0.01588626578450203,0.0006021711160428822
4900,0.03412656858563423,0.01180587150156498,0.017218075692653656,0.0005102621507830918
4901,0.0336473323404789,0.012616840191185474,0.015624823048710823,0.0005405666888691485
4902,0.0329248309135437,0.012010960839688778,0.016348818317055702,0.00045650513493455946
4903,0.03265972062945366,0.012219861149787903,0.01592739298939705,0.00045124650932848454
4904,0.032961342483758926,0.01229077484458685,0.015800369903445244,0.0004870198608841747
4905,0.033313192427158356,0.01186406146734953,0.016581740230321884,0.00048673880519345403
4906,0.033613696694374084,0.012577149085700512,0.01570095121860504,0.0005335596506483853
4907,0.033949971199035645,0.011459740810096264,0.017581213265657425,0.0004909017006866634
4908,0.03547683358192444,0.013175027444958687,0.01620350405573845,0.0006098300218582153
4909,0.03670981526374817,0.010906578972935677,0.020246341824531555,0.000555689272005111
4910,0.04130247235298157,0.014522800222039223,0.018992822617292404,0.0007786847418174148
4911,0.04145610332489014,0.0103561170399189,0.02493840642273426,0.0006161576020531356
4912,0.048012249171733856,0.015837959945201874,0.02254345454275608,0.0009630837594158947
4913,0.03981175273656845,0.010504803620278835,0.024382971227169037,0.0004923978704027832
4914,0.03605155646800995,0.01411523949354887,0.01604682207107544,0.0005889493622817099
4915,0.033243127167224884,0.012098046950995922,0.016789302229881287,0.0004355776181910187
4916,0.03424566984176636,0.011694684624671936,0.018354393541812897,0.0004196591326035559
4917,0.037292152643203735,0.014434215612709522,0.016454733908176422,0.0006403203587979078
4918,0.03657468408346176,0.010995917953550816,0.021336115896701813,0.0004242651048116386
4919,0.03539551421999931,0.013915754854679108,0.015779634937644005,0.0005700125475414097
4920,0.03359805792570114,0.011985476128757,0.016980990767478943,0.0004631588526535779
4921,0.03317670524120331,0.012001216411590576,0.01676686480641365,0.00044086240814067423
4922,0.03433429077267647,0.013279102742671967,0.015721948817372322,0.0005333240260370076
4923,0.03547833859920502,0.011090151034295559,0.019382314756512642,0.0005005872226320207
4924,0.03678581863641739,0.01373516209423542,0.016538236290216446,0.0006512420368380845
4925,0.03562585264444351,0.011057118885219097,0.019341744482517242,0.0005226990324445069
4926,0.035452332347631454,0.013302898965775967,0.016204915940761566,0.0005944517906755209
4927,0.0343712642788887,0.011372212320566177,0.017961744219064713,0.0005037309601902962
4928,0.03419698402285576,0.012719686143100262,0.015742164105176926,0.0005735132726840675
4929,0.033393390476703644,0.01173738855868578,0.01679406687617302,0.00048619380686432123
4930,0.03287269547581673,0.012216935865581036,0.015752220526337624,0.0004903541412204504
4931,0.032607026398181915,0.011879085563123226,0.0162173081189394,0.0004510633007157594
4932,0.03263138234615326,0.012095021083950996,0.015888642519712448,0.00046477190335281193
4933,0.03272179514169693,0.011920951306819916,0.016040606424212456,0.0004760238225571811
4934,0.032744359225034714,0.011899355798959732,0.016182763502001762,0.0004662238643504679
4935,0.032829202711582184,0.012233690358698368,0.01569473184645176,0.0004900778876617551
4936,0.0330829843878746,0.011414117179811,0.017055854201316833,0.000461301242467016
4937,0.03380264714360237,0.012800522148609161,0.015749750658869743,0.000525237584952265
4938,0.03451208025217056,0.010972278192639351,0.018683169037103653,0.0004856634477619082
4939,0.03642338514328003,0.013432534411549568,0.016652412712574005,0.00063384382519871
4940,0.03716158866882324,0.010755854658782482,0.020701637491583824,0.0005704096984118223
4941,0.04142095148563385,0.014264116995036602,0.018607737496495247,0.0008549095946364105
4942,0.038243766874074936,0.010700206272304058,0.022107092663645744,0.0005436470382846892
4943,0.03804981708526611,0.01422217395156622,0.01693856157362461,0.0006889080977998674
4944,0.03445557877421379,0.011133047752082348,0.019367478787899017,0.00039550510700792074
4945,0.03305678814649582,0.012654374353587627,0.015772443264722824,0.00046299712266772985
4946,0.03341810032725334,0.012583285570144653,0.015619375742971897,0.0005215440760366619
4947,0.03439030423760414,0.01120974961668253,0.018903885036706924,0.0004276669642422348
4948,0.03583937883377075,0.01375427283346653,0.01628282479941845,0.0005802279920317233
4949,0.0354161411523819,0.01087199617177248,0.020093711093068123,0.0004450433189049363
4950,0.03522034361958504,0.0134566156193614,0.016022514551877975,0.0005741212517023087
4951,0.03394748643040657,0.011260471306741238,0.017925404012203217,0.00047616110532544553
4952,0.03295304998755455,0.012433404102921486,0.015589358285069466,0.0004930287832394242
4953,0.03247832506895065,0.011722786352038383,0.0162038616836071,0.000455167522886768
4954,0.032600585371255875,0.011738101951777935,0.016076326370239258,0.00047861551865935326
4955,0.03280964121222496,0.012227195315063,0.015615017153322697,0.000496742723044008
4956,0.032877832651138306,0.011377311311662197,0.016877170652151108,0.0004623348650056869
4957,0.033156618475914,0.012539907358586788,0.01561746746301651,0.0004999242955818772
4958,0.03379286080598831,0.011158282868564129,0.01776055619120598,0.00048740196507424116
4959,0.03576112166047096,0.01292751170694828,0.016298703849315643,0.0006534904823638499
4960,0.03689468279480934,0.010851484723389149,0.01982399821281433,0.0006219202186912298
4961,0.04217192903161049,0.014030870981514454,0.01888798363506794,0.000925307278521359
4962,0.03982377052307129,0.010427775792777538,0.023395685479044914,0.0006000309367664158
4963,0.042826905846595764,0.015053984709084034,0.019511086866259575,0.0008261835318990052
4964,0.03817223384976387,0.010403923690319061,0.02342747524380684,0.00043408345663920045
4965,0.03575872257351875,0.013761323876678944,0.016098052263259888,0.000589934759773314
4966,0.03372152894735336,0.011678528971970081,0.016869693994522095,0.0005173307727091014
4967,0.0334380604326725,0.011546648107469082,0.017466256394982338,0.0004425155639182776
4968,0.035036101937294006,0.01360901165753603,0.01599309965968132,0.0005433993646875024
4969,0.036162808537483215,0.010660172440111637,0.020842256024479866,0.00046603797818534076
4970,0.036651577800512314,0.01385288592427969,0.016322806477546692,0.0006475885747931898
4971,0.03490396589040756,0.011197772808372974,0.018447808921337128,0.0005258384626358747
4972,0.033320099115371704,0.012494969181716442,0.015597573481500149,0.0005227558431215584
4973,0.03265400603413582,0.011778624728322029,0.01622166857123375,0.00046537129674106836
4974,0.03305856138467789,0.011702688410878181,0.01613670587539673,0.0005219168961048126
4975,0.033231332898139954,0.012266764417290688,0.015538034960627556,0.0005426531424745917
4976,0.03298693150281906,0.011292758397758007,0.017024409025907516,0.00046697622747160494
4977,0.03353371098637581,0.012562823481857777,0.015684105455875397,0.0005286784144118428
4978,0.034658320248126984,0.011056800372898579,0.01814156398177147,0.0005459954845719039
4979,0.037343040108680725,0.013045385479927063,0.016791697591543198,0.0007505955873057246
4980,0.037678997963666916,0.010751024819910526,0.020199527963995934,0.000672844413202256
4981,0.04284730553627014,0.014039762318134308,0.01930396631360054,0.0009503578185103834
4982,0.03953472524881363,0.01036069355905056,0.023404348641633987,0.0005769686540588737
4983,0.041082751005887985,0.014786573126912117,0.018700003623962402,0.0007596174837090075
4984,0.037525907158851624,0.010394240729510784,0.022689711302518845,0.00044419561163522303
4985,0.0347830131649971,0.013367298059165478,0.015955785289406776,0.0005459930980578065
4986,0.03276551514863968,0.011868796311318874,0.016244763508439064,0.0004651954513974488
4987,0.03336114063858986,0.011184491217136383,0.0180877186357975,0.0004088931018486619
4988,0.03556233271956444,0.013749383389949799,0.016314970329403877,0.0005497979000210762
4989,0.036098070442676544,0.010630825534462929,0.02058807760477066,0.0004879168700426817
4990,0.035733211785554886,0.01344383042305708,0.01608537882566452,0.0006204000092111528
4991,0.033922649919986725,0.011394812725484371,0.01749606430530548,0.0005031774053350091
4992,0.03306792303919792,0.012123060412704945,0.015745729207992554,0.0005199135630391538
4993,0.03286375105381012,0.01189424004405737,0.01604582741856575,0.0004923680680803955
4994,0.0328950509428978,0.011704838834702969,0.01615099608898163,0.0005039215320721269
4995,0.03273366391658783,0.012173965573310852,0.015541940927505493,0.0005017758230678737
4996,0.03305929899215698,0.011208191514015198,0.017275884747505188,0.00045752213918603957
4997,0.03449868783354759,0.012677210383117199,0.01585158333182335,0.0005969892954453826
4998,0.03509782999753952,0.010939119383692741,0.018559671938419342,0.0005599037976935506
4999,0.03699431195855141,0.013082394376397133,0.01683974079787731,0.000707217666786164
5000,0.03663168102502823,0.010667695663869381,0.020160187035799026,0.0005803796229884028
5001,0.03958527743816376,0.013770905323326588,0.017955852672457695,0.0007858516182750463
5002,0.03771860897541046,0.01037619449198246,0.02224232628941536,0.0005100087728351355
5003,0.03811616078019142,0.014074894599616528,0.017540156841278076,0.0006501107127405703
5004,0.03536404296755791,0.010504513047635555,0.020763592794537544,0.0004095938056707382
5005,0.03330313414335251,0.012826710939407349,0.015558775514364243,0.0004917646292597055
5006,0.03219432383775711,0.011759445071220398,0.016211602836847305,0.0004223274881951511
5007,0.032611649483442307,0.011234588921070099,0.01718241162598133,0.0004194650100544095
5008,0.03359978273510933,0.012899708934128284,0.0157306008040905,0.0004969472647644579
5009,0.034232206642627716,0.010842534713447094,0.01879991590976715,0.00045897543895989656
5010,0.03537902235984802,0.012992468662559986,0.01621258072555065,0.0006173973670229316
5011,0.03456945717334747,0.010997310280799866,0.018455220386385918,0.0005116927204653621
5012,0.03456437215209007,0.012750804424285889,0.01590169593691826,0.0005911871558055282
5013,0.033369265496730804,0.011085264384746552,0.017794478684663773,0.00044895222526974976
5014,0.03266693279147148,0.012354409322142601,0.015430619940161705,0.0004881902423221618
5015,0.03208880126476288,0.011448944918811321,0.016366690397262573,0.000427316379500553
5016,0.03203701972961426,0.011594881303608418,0.016032695770263672,0.000440944277215749
5017,0.03228278458118439,0.011983114294707775,0.015556296333670616,0.0004743374593090266
5018,0.03257173299789429,0.011151580139994621,0.016940824687480927,0.00044793280540034175
5019,0.03327994421124458,0.012264705263078213,0.015728682279586792,0.000528655422385782
5020,0.03400932997465134,0.010835091583430767,0.01814473792910576,0.0005029500462114811
5021,0.036183103919029236,0.012969537638127804,0.016748927533626556,0.0006464638863690197
5022,0.03708898648619652,0.010311895050108433,0.02119709923863411,0.0005579994176514447
5023,0.042185407131910324,0.014212647452950478,0.01978714019060135,0.0008185621700249612
5024,0.04006137326359749,0.00998894963413477,0.024490948766469955,0.0005581474397331476
5025,0.04235655069351196,0.014644798822700977,0.019601978361606598,0.00081097730435431
5026,0.03617538511753082,0.010424827225506306,0.021528448909521103,0.00042221107287332416
5027,0.03317079693078995,0.012743142433464527,0.015469405800104141,0.0004958249046467245
5028,0.03257014974951744,0.012096094898879528,0.015735158696770668,0.0004738895804621279
5029,0.0339970588684082,0.010943399742245674,0.018942473456263542,0.00041111858445219696
5030,0.03631405904889107,0.013686581514775753,0.016486920416355133,0.0006140556070022285
5031,0.03544073924422264,0.010568512603640556,0.02048666775226593,0.00043855595868080854
5032,0.03430891036987305,0.013107242062687874,0.01570257917046547,0.0005499088438227773
5033,0.03261538967490196,0.011305773630738258,0.01691339537501335,0.00043962191557511687
5034,0.03204786404967308,0.01152381207793951,0.016200432553887367,0.00043236216879449785
5035,0.03283428028225899,0.012334446422755718,0.015524538233876228,0.0004975296324118972
5036,0.03405056148767471,0.010675807483494282,0.018514122813940048,0.0004860630724579096
5037,0.035689108073711395,0.013004978187382221,0.016518905758857727,0.0006165225640870631
5038,0.035752661526203156,0.010445795021951199,0.019906997680664062,0.0005399866495281458
5039,0.03812756389379501,0.013290624134242535,0.01760248839855194,0.0007234450313262641
5040,0.03659258782863617,0.010497945360839367,0.020275576040148735,0.0005819065263494849
5041,0.03756139054894447,0.013204753398895264,0.01700541377067566,0.0007351224194280803
5042,0.034417733550071716,0.010726993903517723,0.019075918942689896,0.0004614821227733046
5043,0.032954759895801544,0.012405111454427242,0.015479499474167824,0.000507015036419034
5044,0.03219713643193245,0.011338760145008564,0.016539594158530235,0.00043187817209400237
5045,0.03238649666309357,0.01149821374565363,0.0164363831281662,0.0004451900313142687
5046,0.03302785009145737,0.012172773480415344,0.015600757673382759,0.0005254318821243942
5047,0.033388443291187286,0.010832175612449646,0.01813952624797821,0.000441674143075943
5048,0.03434210643172264,0.01277237106114626,0.01606014184653759,0.0005509593174792826
5049,0.03431114926934242,0.010532286018133163,0.019110774621367455,0.000466808705823496
5050,0.03460349142551422,0.012833677232265472,0.016164790838956833,0.0005605025216937065
5051,0.03378574922680855,0.010587598197162151,0.01856140047311783,0.00046367497998289764
5052,0.033539194613695145,0.012404758483171463,0.01573251374065876,0.0005401921225711703
5053,0.032928355038166046,0.010949024930596352,0.017369912937283516,0.0004609415482264012
5054,0.032808996737003326,0.01197506207972765,0.015580052509903908,0.0005253879353404045
5055,0.03232935070991516,0.011246939189732075,0.016584094613790512,0.0004498317139223218
5056,0.03197191655635834,0.011736277490854263,0.015596631914377213,0.00046390070929192007
5057,0.03176191449165344,0.011285580694675446,0.016177400946617126,0.0004298933199606836
5058,0.031766362488269806,0.011531808413565159,0.015765350311994553,0.00044692031224258244
5059,0.03182487189769745,0.011372752487659454,0.015860965475440025,0.00045911548659205437
5060,0.03183980658650398,0.011268026195466518,0.01608062908053398,0.00044911503209732473
5061,0.03191259503364563,0.011609743349254131,0.015592404641211033,0.0004710447683464736
5062,0.032143399119377136,0.010922911576926708,0.016737664118409157,0.00044828231330029666
5063,0.032799966633319855,0.012045826762914658,0.015645425766706467,0.000510871468577534
5064,0.0336957648396492,0.010481760837137699,0.018370449542999268,0.00048435552162118256
5065,0.03637731075286865,0.012882500886917114,0.01707783341407776,0.0006416974938474596
5066,0.038395218551158905,0.009971643798053265,0.022341616451740265,0.000608195667155087
5067,0.04748152941465378,0.014685667119920254,0.022713877260684967,0.0010081982472911477
5068,0.04220625385642052,0.009691965766251087,0.02667332999408245,0.0005840957164764404
5069,0.04338046908378601,0.015059280209243298,0.020162034779787064,0.0008159151766449213
5070,0.035974401980638504,0.010292233899235725,0.021751204505562782,0.00039309635758399963
5071,0.03376784920692444,0.012339446693658829,0.016212603077292442,0.0005215798155404627
5072,0.03535626456141472,0.012970785610377789,0.015576232224702835,0.0006809245096519589
5073,0.03576397895812988,0.010358466766774654,0.021508460864424706,0.0003897054120898247
5074,0.036058083176612854,0.013934147544205189,0.01639581099152565,0.0005728125688619912
5075,0.034720275551080704,0.010739066638052464,0.01892133057117462,0.0005059880204498768
5076,0.03379186615347862,0.012053992599248886,0.015828419476747513,0.0005909454193897545
5077,0.033300597220659256,0.01226227730512619,0.015488117933273315,0.0005550201749429107
5078,0.03353104740381241,0.01048945914953947,0.018491923809051514,0.0004549665027298033
5079,0.03561381250619888,0.012798822484910488,0.016439858824014664,0.000637513177935034
5080,0.03637688606977463,0.010495143942534924,0.019294463098049164,0.0006587280076928437
5081,0.03695511445403099,0.012959255836904049,0.01689336448907852,0.0007102492381818593
5082,0.03514154627919197,0.01033044420182705,0.019663959741592407,0.0005147141055203974
5083,0.0361119844019413,0.012860176153481007,0.016576381400227547,0.000667542451992631
5084,0.034784384071826935,0.010648710653185844,0.018582358956336975,0.000555331411305815
5085,0.0338495634496212,0.012084065936505795,0.01565747708082199,0.0006108019151724875
5086,0.03239453211426735,0.01115572638809681,0.01667865738272667,0.0004560147935990244
5087,0.031934477388858795,0.01137450523674488,0.015881363302469254,0.0004678606928791851
5088,0.03200533986091614,0.011455069296061993,0.015799526125192642,0.00047507419367320836
5089,0.03239750862121582,0.01124545931816101,0.01640513725578785,0.00047469104174524546
5090,0.032932426780462265,0.011622852645814419,0.01580129563808441,0.0005508277099579573
5091,0.03298014774918556,0.010752808302640915,0.017431607469916344,0.00047957320930436254
5092,0.033926766365766525,0.012413859367370605,0.01602626033127308,0.0005486647132784128
5093,0.034538399428129196,0.010136011056602001,0.019722167402505875,0.00046802207361906767
5094,0.03595246374607086,0.01299605518579483,0.017008870840072632,0.0005947538302280009
5095,0.03553398326039314,0.01012417208403349,0.02036619931459427,0.0005043610581196845
5096,0.037126559764146805,0.012958236038684845,0.017086241394281387,0.0007082082447595894
5097,0.03496744483709335,0.010485817678272724,0.019379278644919395,0.0005102345603518188
5098,0.03421532362699509,0.012497720308601856,0.015801964327692986,0.0005915638175792992
5099,0.03236539661884308,0.010877657681703568,0.017455879598855972,0.000403186131734401
5100,0.03170955181121826,0.011665315367281437,0.015705332159996033,0.00043389061465859413
5101,0.03199620172381401,0.011661164462566376,0.015584797598421574,0.0004750241350848228
5102,0.032745376229286194,0.010688398033380508,0.01782597228884697,0.0004231006605550647
5103,0.03390459716320038,0.012510363943874836,0.01587359607219696,0.0005520639824680984
5104,0.0339391864836216,0.01030050404369831,0.01918838545680046,0.00044502964010462165
5105,0.03480996936559677,0.012616606429219246,0.01638621650636196,0.0005807146662846208
5106,0.0342942476272583,0.010316929779946804,0.019028451293706894,0.0004948866553604603
5107,0.034799475222826004,0.012508262880146503,0.016331735998392105,0.0005959478439763188
5108,0.033953677862882614,0.010279919020831585,0.01892898604273796,0.000474477099487558
5109,0.0342763215303421,0.0124404551461339,0.016157805919647217,0.0005678061861544847
5110,0.03349211439490318,0.010392097756266594,0.018582316115498543,0.00045177017454989254
5111,0.033415306359529495,0.012243206612765789,0.01576344296336174,0.0005408655852079391
5112,0.03255860507488251,0.01067886222153902,0.017606200650334358,0.0004273541853763163
5113,0.03214799240231514,0.01181750651448965,0.015510721132159233,0.0004819766618311405
5114,0.03169786557555199,0.01091220136731863,0.01662292890250683,0.0004162736586295068
5115,0.0314728319644928,0.01145140640437603,0.015628207474946976,0.0004393216804601252
5116,0.031388476490974426,0.011075514368712902,0.015980377793312073,0.00043325830483809114
5117,0.031400904059410095,0.01106848195195198,0.016025817021727562,0.0004306603514123708
5118,0.03154541179537773,0.011435331776738167,0.015527008101344109,0.0004583071859087795
5119,0.03182784467935562,0.010626664385199547,0.01685294136404991,0.0004348239745013416
5120,0.0324101485311985,0.011827968992292881,0.015608444809913635,0.0004973736358806491
5121,0.03313465043902397,0.010269956663250923,0.018147874623537064,0.00047168193850666285
5122,0.03537798672914505,0.012406952679157257,0.016711652278900146,0.0006259382935240865
5123,0.037061356008052826,0.009888827800750732,0.021183373406529427,0.000598915561567992
5124,0.04466771334409714,0.013899807818233967,0.021160680800676346,0.0009607226820662618
5125,0.04122716188430786,0.009547600522637367,0.025757184252142906,0.0005922378622926772
5126,0.04419101029634476,0.014779837802052498,0.020862555131316185,0.0008548615733161569
5127,0.03698430210351944,0.009794971905648708,0.023276347666978836,0.00039129811921156943
5128,0.03393647074699402,0.012566807679831982,0.01580118201673031,0.0005568480119109154
5129,0.033723801374435425,0.011879208497703075,0.015576430596411228,0.0006268161814659834
5130,0.03450138121843338,0.010343233123421669,0.019946005195379257,0.0004212144995108247
5131,0.03594332933425903,0.013547340407967567,0.016610555350780487,0.0005785434041172266
5132,0.035329945385456085,0.010089312680065632,0.020551107823848724,0.000468952493974939
5133,0.03446716070175171,0.012500596232712269,0.015607928857207298,0.0006358632817864418
5134,0.032926883548498154,0.011181528680026531,0.016168415546417236,0.0005576937110163271
5135,0.031865186989307404,0.010767457075417042,0.016508620232343674,0.00045891106128692627
5136,0.03275175020098686,0.011865563690662384,0.015652721747756004,0.0005233465344645083
5137,0.034593600779771805,0.010332174599170685,0.018312660977244377,0.0005948765901848674
5138,0.03628545254468918,0.012613238766789436,0.016665197908878326,0.0007007013773545623
5139,0.03590358793735504,0.009968768805265427,0.02041904628276825,0.0005515774246305227
5140,0.03897654637694359,0.013147294521331787,0.018312251195311546,0.0007516997284255922
5141,0.03742697089910507,0.009985621087253094,0.021299706771969795,0.0006141645135357976
5142,0.03841037675738335,0.012893403880298138,0.017277389764785767,0.0008239581366069615
5143,0.03389377146959305,0.01045465748757124,0.01874590665102005,0.00046932054101489484
5144,0.03200802206993103,0.011622334830462933,0.015503166243433952,0.00048825223348103464
5145,0.03192030265927315,0.011332429014146328,0.01581856794655323,0.00047693069791421294
5146,0.03291869908571243,0.01086222380399704,0.01733114756643772,0.00047253258526325226
5147,0.03421339392662048,0.01204411219805479,0.015928784385323524,0.0006240498041734099
5148,0.03357857093214989,0.010336892679333687,0.018714068457484245,0.0004527609271463007
5149,0.033879656344652176,0.012434226460754871,0.016042441129684448,0.0005402990500442684
5150,0.033432215452194214,0.01014356967061758,0.018784478306770325,0.0004504166718106717
5151,0.03274862468242645,0.012023009359836578,0.01570042222738266,0.0005025194259360433
5152,0.031691908836364746,0.010591933503746986,0.016708379611372948,0.0004391594557091594
5153,0.03128768503665924,0.01105845533311367,0.015728510916233063,0.00045007176231592894
5154,0.031511470675468445,0.011343865655362606,0.015561437234282494,0.00046061689499765635
5155,0.03172498196363449,0.010601421818137169,0.0165865495800972,0.00045370118459686637
5156,0.03170337900519371,0.011507228016853333,0.01541530154645443,0.0004780848103109747
5157,0.031728073954582214,0.010633367113769054,0.016647808253765106,0.000444689707364887
5158,0.03225553035736084,0.011434963904321194,0.015564395114779472,0.0005256172735244036
5159,0.03285515680909157,0.01045122928917408,0.01740986853837967,0.0004994060145691037
5160,0.034283287823200226,0.011918184347450733,0.016036581248044968,0.000632852257695049
5161,0.03468696027994156,0.01004717405885458,0.019369926303625107,0.0005269857938401401
5162,0.03780065104365349,0.012794101610779762,0.017758658155798912,0.0007247889880090952
5163,0.03762439638376236,0.009653492830693722,0.022533908486366272,0.000543699599802494
5164,0.04144177585840225,0.013796362094581127,0.019690334796905518,0.0007955075707286596
5165,0.038108550012111664,0.009505309164524078,0.023905783891677856,0.0004697454860433936
5166,0.036778878420591354,0.013333285227417946,0.017288845032453537,0.0006156747112981975
5167,0.033143527805805206,0.010170082561671734,0.01907001994550228,0.0003903425531461835
5168,0.031375378370285034,0.011462329886853695,0.0156535804271698,0.0004259468405507505
5169,0.03184066340327263,0.011885380372405052,0.015437684953212738,0.0004517599008977413
5170,0.0334329791367054,0.010090949945151806,0.019350174814462662,0.0003991852281615138
5171,0.03506319969892502,0.012878889217972755,0.016468852758407593,0.0005715459119528532
5172,0.034342825412750244,0.010023164562880993,0.01973363384604454,0.0004586027062032372
5173,0.03389354050159454,0.01220384519547224,0.015986638143658638,0.0005703058559447527
5174,0.032305434346199036,0.010472256690263748,0.017383694648742676,0.00044494812027551234
5175,0.03163647651672363,0.011291376315057278,0.015521867200732231,0.0004823232302442193
5176,0.031299006193876266,0.01094982773065567,0.015865935012698174,0.00044832442654296756
5177,0.031230412423610687,0.01071370579302311,0.016142142936587334,0.0004374564450699836
5178,0.031503986567258835,0.011324354447424412,0.015462728217244148,0.00047169040772132576
5179,0.03215343505144119,0.010305195115506649,0.017271675169467926,0.000457656366052106
5180,0.0336255319416523,0.011763133108615875,0.016015980392694473,0.0005846417625434697
5181,0.03454570472240448,0.009998328052461147,0.019033372402191162,0.0005514004733413458
5182,0.03823158144950867,0.012547190301120281,0.017952943220734596,0.0007731447112746537
5183,0.03768797218799591,0.009647187776863575,0.022139286622405052,0.0005901494878344238
5184,0.04177781194448471,0.013618789613246918,0.019843533635139465,0.0008315489394590259
5185,0.037493690848350525,0.009482714347541332,0.023610401898622513,0.00044005733798258007
5186,0.03558377921581268,0.013037708587944508,0.016605457291007042,0.0005940612754784524
5187,0.03265753388404846,0.010261180810630322,0.018161684274673462,0.0004234669031575322
5188,0.03152792155742645,0.011055044829845428,0.016171980649232864,0.00043008947977796197
5189,0.032542143017053604,0.012080109678208828,0.01548293512314558,0.0004979097284376621
5190,0.034014541655778885,0.00985161866992712,0.020035753026604652,0.00041271717054769397
5191,0.035330578684806824,0.012800353579223156,0.016571547836065292,0.000595867692027241
5192,0.03414887189865112,0.010038244538009167,0.019226515665650368,0.0004884113441221416
5193,0.03302020579576492,0.011846920475363731,0.01568790338933468,0.0005485382280312479
5194,0.0316585898399353,0.010546805337071419,0.016699422150850296,0.0004412361595313996
5195,0.0313938669860363,0.01095015462487936,0.015658626332879066,0.00047850885312072933
5196,0.03150053694844246,0.011065924540162086,0.01557979453355074,0.00048548169434070587
5197,0.03148387372493744,0.010480771772563457,0.016499776393175125,0.0004503325617406517
5198,0.03174310177564621,0.011411678977310658,0.015481200069189072,0.00048502246499992907
5199,0.03245193883776665,0.010161968879401684,0.01758503168821335,0.00047049386193975806
5200,0.034179896116256714,0.01175550278276205,0.016164986416697502,0.0006259408546611667
5201,0.03484952449798584,0.009963668882846832,0.019039278849959373,0.0005846575950272381
5202,0.038260653614997864,0.012373561970889568,0.017826233059167862,0.0008060858817771077
5203,0.03692828118801117,0.009663352742791176,0.021593306213617325,0.0005671620019711554
5204,0.039425380527973175,0.013264154084026814,0.01859780214726925,0.0007563424878753722
5205,0.03624792769551277,0.009515014477074146,0.02255915105342865,0.00041737634455785155
5206,0.034547626972198486,0.012679005973041058,0.01625997945666313,0.0005608638748526573
5207,0.032220348715782166,0.010271775536239147,0.017642563208937645,0.00043060112511739135
5208,0.03126087039709091,0.010876859538257122,0.01614416018128395,0.00042398503865115345
5209,0.03211396187543869,0.011859753169119358,0.015491539612412453,0.00047626689774915576
5210,0.0334840789437294,0.009827988222241402,0.019407466053962708,0.0004248624900355935
5211,0.03474049270153046,0.012501905672252178,0.016405414789915085,0.0005833170143887401
5212,0.03404385223984718,0.00996972993016243,0.019051387906074524,0.0005022735567763448
5213,0.03370118886232376,0.01186436414718628,0.01599433831870556,0.0005842486280016601
5214,0.032426755875349045,0.010253585875034332,0.01751541718840599,0.0004657754034269601
5215,0.03219699114561081,0.011316277086734772,0.01548758614808321,0.0005393130704760551
5216,0.031645867973566055,0.010580681264400482,0.01638580858707428,0.00046793787623755634
5217,0.031037919223308563,0.010862426832318306,0.01563306897878647,0.00045424222480505705
5218,0.030813928693532944,0.01084480807185173,0.015634611248970032,0.0004334508557803929
5219,0.03111213445663452,0.010508395731449127,0.016177121549844742,0.00044266163604333997
5220,0.03153779357671738,0.011001094244420528,0.015524967573583126,0.0005011733155697584
5221,0.031855370849370956,0.01030509453266859,0.01675739698112011,0.00047928810818120837
5222,0.032772526144981384,0.011271863244473934,0.015836460515856743,0.0005664202617481351
5223,0.03357228636741638,0.009897740557789803,0.018536433577537537,0.0005138111300766468
5224,0.03671593964099884,0.012371859513223171,0.017565349116921425,0.000677873264066875
5225,0.03773718699812889,0.009307819418609142,0.02310929074883461,0.0005320076597854495
5226,0.043339356780052185,0.013791647739708424,0.021289242431521416,0.0008258465677499771
5227,0.039423998445272446,0.00913326907902956,0.02540947124361992,0.00048812595196068287
5228,0.03865101933479309,0.013381910510361195,0.018203597515821457,0.0007065513636916876
5229,0.033198658376932144,0.009979761205613613,0.01930573396384716,0.0003913163673132658
5230,0.031193455681204796,0.011105967685580254,0.01586128957569599,0.0004226198070682585
5231,0.03246794641017914,0.011987346224486828,0.015405446290969849,0.0005075153312645853
5232,0.034333229064941406,0.009772003628313541,0.020530959591269493,0.00040302640991285443
5233,0.03603449463844299,0.012889799661934376,0.016827119514346123,0.0006317573715932667
5234,0.033665772527456284,0.009889130480587482,0.019463997334241867,0.0004312646051403135
5235,0.031772635877132416,0.011566623114049435,0.015412682667374611,0.0004793331609107554
5236,0.030840542167425156,0.010769243352115154,0.01582173816859722,0.00042495608795434237
5237,0.03144136443734169,0.010211448185145855,0.016969170421361923,0.00042607446084730327
5238,0.03306005522608757,0.011737288907170296,0.01589713804423809,0.000542562804184854
5239,0.034107670187950134,0.009672040119767189,0.019397422671318054,0.0005038209492340684
5240,0.03653143346309662,0.012277698144316673,0.01754719391465187,0.0006706540007144213
5241,0.03576570004224777,0.009582722559571266,0.02053171396255493,0.0005651261890307069
5242,0.037879522889852524,0.012415937148034573,0.017853567376732826,0.0007610020693391562
5243,0.034566573798656464,0.009772411547601223,0.01979164220392704,0.0005002519465051591
5244,0.03307434543967247,0.011745900847017765,0.015673527494072914,0.0005654917331412435
5245,0.031224654987454414,0.01033845916390419,0.016899501904845238,0.00039866945007815957
5246,0.03097136691212654,0.0107008907943964,0.01608520746231079,0.0004185267898719758
5247,0.031835220754146576,0.011256388388574123,0.01546509750187397,0.0005113736260682344
5248,0.03255045413970947,0.010009312070906162,0.01816617138683796,0.0004374971322249621
5249,0.03363051638007164,0.011855244636535645,0.016128001734614372,0.0005647270008921623
5250,0.03314484655857086,0.009772954508662224,0.01890549436211586,0.0004466396931093186
5251,0.03323359787464142,0.011802272871136665,0.016025496646761894,0.0005405828705988824
5252,0.032310087233781815,0.009872841648757458,0.0179960485547781,0.00044411985436454415
5253,0.03165781497955322,0.011290439404547215,0.015479793772101402,0.0004887579125352204
5254,0.030998926609754562,0.01022900827229023,0.016544580459594727,0.00042253374704159796
5255,0.03074987791478634,0.01072214636951685,0.015561562031507492,0.0004466171085368842
5256,0.030728550627827644,0.010691641829907894,0.01566099375486374,0.0004375914577394724
5257,0.03076462261378765,0.010351362638175488,0.01612521894276142,0.0004288041964173317
5258,0.030821241438388824,0.010883890092372894,0.015426598489284515,0.0004510753497015685
5259,0.030981164425611496,0.010151262395083904,0.016550563275814056,0.0004279337008483708
5260,0.03143848478794098,0.010960912331938744,0.015489893034100533,0.0004987680003978312
5261,0.03194171190261841,0.009984439238905907,0.017234690487384796,0.000472258310765028
5262,0.03328830748796463,0.011338467709720135,0.015999237075448036,0.0005950602353550494
5263,0.03404635190963745,0.009657110087573528,0.01911958120763302,0.000526966352481395
5264,0.037506744265556335,0.012267603538930416,0.017922677099704742,0.0007316464325413108
5265,0.03733094036579132,0.009235662408173084,0.022676698863506317,0.0005418582004494965
5266,0.041507694870233536,0.013325988315045834,0.020162394270300865,0.000801931309979409
5267,0.037520632147789,0.009130757302045822,0.023953376337885857,0.0004436502349562943
5268,0.03582654893398285,0.012801582925021648,0.016939474269747734,0.0006085492204874754
5269,0.03251548111438751,0.009904581122100353,0.018526755273342133,0.0004084143729414791
5270,0.03115544468164444,0.01090613566339016,0.015930039808154106,0.0004319270374253392
5271,0.031911708414554596,0.011607100255787373,0.015399700030684471,0.0004904906963929534
5272,0.03328533098101616,0.009628604166209698,0.01970178261399269,0.0003954944550059736
5273,0.03481191769242287,0.012431423179805279,0.01655743643641472,0.0005823056562803686
5274,0.03388165310025215,0.009625851176679134,0.019553285092115402,0.0004702515434473753
5275,0.03284274786710739,0.011629252694547176,0.015749450773000717,0.0005464042187668383
5276,0.03130783885717392,0.010086431168019772,0.016869299113750458,0.0004352106188889593
5277,0.03076758421957493,0.010623600333929062,0.015560943633317947,0.00045830407179892063
5278,0.030903486534953117,0.010625763796269894,0.015592843294143677,0.0004684878804255277
5279,0.03112146630883217,0.010134427808225155,0.016342006623744965,0.0004645030421670526
5280,0.03123977780342102,0.010970131494104862,0.015443457290530205,0.00048261869233101606
5281,0.03156439960002899,0.009823957458138466,0.0172961987555027,0.0004444243968464434
5282,0.032900381833314896,0.011263931170105934,0.01595596969127655,0.0005680480971932411
5283,0.03409701585769653,0.009642821736633778,0.018805600702762604,0.0005648592486977577
5284,0.038001738488674164,0.011914092116057873,0.017811210826039314,0.0008276437292806804
5285,0.037164200097322464,0.009386301040649414,0.021498361602425575,0.0006279537919908762
5286,0.04070974513888359,0.012852506712079048,0.019283540546894073,0.0008573699160479009
5287,0.0359366238117218,0.00924798846244812,0.022553643211722374,0.0004134990740567446
5288,0.03417142108082771,0.012332598678767681,0.01614600606262684,0.000569281866773963
5289,0.0324995219707489,0.009948402643203735,0.017696479335427284,0.00048546408652327955
5290,0.03183724358677864,0.0106465183198452,0.016372809186577797,0.00048179173609241843
5291,0.03237947076559067,0.011545632965862751,0.01550317369401455,0.0005330661660991609
5292,0.03315260261297226,0.009497244842350483,0.019617803394794464,0.0004037556645926088
5293,0.03432093933224678,0.012213993817567825,0.016394117847085,0.0005712827551178634
5294,0.03376666456460953,0.009647133760154247,0.01902814954519272,0.0005091381026431918
5295,0.03270262852311134,0.011406302452087402,0.01561868004500866,0.0005677647422999144
5296,0.031178884208202362,0.010052205994725227,0.01664622500538826,0.0004480453208088875
5297,0.030771926045417786,0.01052220817655325,0.015534631907939911,0.0004715084214694798
5298,0.03115161322057247,0.01051050890237093,0.01566549390554428,0.0004975611227564514
5299,0.03125830739736557,0.010210049338638783,0.016059644520282745,0.0004988615401089191
5300,0.03089575096964836,0.010756261646747589,0.015390888787806034,0.0004748601058963686
5301,0.030813969671726227,0.009910337626934052,0.016602175310254097,0.0004301455628592521
5302,0.03147285804152489,0.01082244049757719,0.015492605045437813,0.0005157813429832458
5303,0.032346080988645554,0.009840192273259163,0.017223110422492027,0.0005282777128741145
5304,0.034284744411706924,0.01108695287257433,0.016287101432681084,0.0006910688243806362
5305,0.03509661182761192,0.0095406174659729,0.01938813365995884,0.0006167860119603574
5306,0.03985435888171196,0.012372631579637527,0.019003400579094887,0.0008478323579765856
5307,0.038278672844171524,0.009007780812680721,0.024164395406842232,0.0005106496973894536
5308,0.04123557358980179,0.013530937023460865,0.020182469859719276,0.0007522165542468429
5309,0.03739967942237854,0.008934937417507172,0.0241670161485672,0.00042977265547960997
5310,0.03415130078792572,0.01223923172801733,0.01611131988465786,0.0005800748476758599
5311,0.03134520724415779,0.0102924145758152,0.016536450013518333,0.0004516344051808119
5312,0.03135300427675247,0.009996810927987099,0.017351936548948288,0.0004004255461040884
5313,0.033354200422763824,0.012154397554695606,0.01593441516160965,0.0005265389336273074
5314,0.03459477424621582,0.00939400214701891,0.020459001883864403,0.0004741770389955491
5315,0.035176973789930344,0.012104789726436138,0.016472404822707176,0.0006599779007956386
5316,0.03295319527387619,0.009777789935469627,0.018163425847887993,0.000501197820995003
5317,0.031652066856622696,0.010944503359496593,0.01554067712277174,0.0005166885675862432
5318,0.031170427799224854,0.010177030228078365,0.016319148242473602,0.0004674247757066041
5319,0.03121013194322586,0.010399806313216686,0.015707476064562798,0.0005102850263938308
5320,0.030868224799633026,0.010643807239830494,0.015417853370308876,0.00048065625014714897
5321,0.030792713165283203,0.00983565952628851,0.016737770289182663,0.0004219282418489456
5322,0.03164123371243477,0.010936771519482136,0.015560477040708065,0.0005143985617905855
5323,0.03262276202440262,0.009683012031018734,0.01763051562011242,0.000530923658516258
5324,0.03469565138220787,0.011175023391842842,0.016519485041499138,0.0007001144113019109
5325,0.03503451868891716,0.009476992301642895,0.01940848119556904,0.0006149045657366514
5326,0.03872736543416977,0.012092423625290394,0.018416615203022957,0.0008218325092457235
5327,0.03652174770832062,0.009110544808208942,0.0225600004196167,0.000485120399389416
5328,0.037416309118270874,0.012752956710755825,0.018065400421619415,0.0006597951869480312
5329,0.034563105553388596,0.009132944978773594,0.02137064002454281,0.00040595210157334805
5330,0.03199892118573189,0.011478138156235218,0.015482854098081589,0.0005037928931415081
5331,0.030589599162340164,0.010434352792799473,0.01583566702902317,0.0004319579456932843
5332,0.03125438839197159,0.009722006507217884,0.01756320521235466,0.00039691757410764694
5333,0.032881177961826324,0.011769336648285389,0.01592673920094967,0.0005185101763345301
5334,0.0336274728178978,0.009405908174812794,0.019487256184220314,0.00047343093319796026
5335,0.034383803606033325,0.011674120090901852,0.016427315771579742,0.0006282365065999329
5336,0.03288814052939415,0.009620388969779015,0.018304886296391487,0.0004962864913977683
5337,0.03256407752633095,0.011098423041403294,0.015774741768836975,0.0005690914113074541
5338,0.03173736855387688,0.009838956408202648,0.017204027622938156,0.000469438498839736
5339,0.03115134872496128,0.010703821666538715,0.01536521315574646,0.0005082314601168036
5340,0.030375886708498,0.010180539451539516,0.015932796522974968,0.0004262551374267787
5341,0.030218038707971573,0.010119120590388775,0.015883315354585648,0.00042156013660132885
5342,0.03059343807399273,0.010489316657185555,0.015421208925545216,0.0004682911967393011
5343,0.030971709638834,0.009878384880721569,0.016476090997457504,0.0004617233935277909
5344,0.03155817091464996,0.01058304775506258,0.015643971040844917,0.0005331152933649719
5345,0.03209094703197479,0.009638289920985699,0.017475534230470657,0.0004977123462595046
5346,0.033959999680519104,0.011269784532487392,0.016521155834197998,0.0006169057451188564
5347,0.034835685044527054,0.00912414025515318,0.02071276307106018,0.0004998780786991119
5348,0.03880630433559418,0.012494257651269436,0.019162502139806747,0.0007149543962441385
5349,0.03779487684369087,0.008786405436694622,0.024167273193597794,0.0004841195768676698
5350,0.03964201733469963,0.01284689363092184,0.01933762989938259,0.000745749450288713
5351,0.03460044041275978,0.00916226115077734,0.02127876691520214,0.00041594146750867367
5352,0.03182511776685715,0.011336534284055233,0.015404143370687962,0.000508443801663816
5353,0.030391840264201164,0.010457431897521019,0.015859335660934448,0.0004075073229614645
5354,0.03137369081377983,0.009787549264729023,0.0177436675876379,0.0003842472215183079
5355,0.03370059281587601,0.011785075068473816,0.016133010387420654,0.0005782507942058146
5356,0.03377167880535126,0.009287909604609013,0.02014349214732647,0.00043402769370004535
5357,0.0338127464056015,0.011749093420803547,0.0163210891187191,0.0005742566427215934
5358,0.03175405412912369,0.009535698220133781,0.018125761300325394,0.000409259315347299
5359,0.030570589005947113,0.010671262629330158,0.015374956652522087,0.00045243691420182586
5360,0.03014451079070568,0.01022567879408598,0.015663813799619675,0.0004255017847754061
5361,0.030483443289995193,0.009743332862854004,0.01653766632080078,0.00042024441063404083
5362,0.03134749457240105,0.010837456211447716,0.015592342242598534,0.0004917695187032223
5363,0.03227291628718376,0.009354713372886181,0.018220694735646248,0.0004697508702520281
5364,0.034569643437862396,0.011326780542731285,0.01689288020133972,0.0006349981413222849
5365,0.03502751886844635,0.009174770675599575,0.020145507529377937,0.0005707243108190596
5366,0.038587816059589386,0.011984149925410748,0.01857508346438408,0.0008028580341488123
5367,0.03559057414531708,0.009070520289242268,0.021539630368351936,0.0004980422672815621
5368,0.03503796458244324,0.011926482431590557,0.016764085739850998,0.0006347396993078291
5369,0.03202711045742035,0.009403340518474579,0.01883818209171295,0.00037855864502489567
5370,0.030710620805621147,0.010715757496654987,0.015488541685044765,0.00045063221477903426
5371,0.030823517590761185,0.010544318705797195,0.01545318216085434,0.0004826016374863684
5372,0.03166716545820236,0.00954821240156889,0.018019236624240875,0.0004099715151824057
5373,0.03310848027467728,0.01149605493992567,0.016176491975784302,0.0005435934290289879
5374,0.03315789997577667,0.0092158867046237,0.019474918022751808,0.0004467094549909234
5375,0.03351857140660286,0.01146311778575182,0.016336951404809952,0.0005718502798117697
5376,0.03223258629441261,0.009386369958519936,0.018255801871418953,0.0004590413882397115
5377,0.03133459761738777,0.010828395374119282,0.015520138666033745,0.0004986061248928308
5378,0.03051844984292984,0.009737794287502766,0.016580788418650627,0.0004199867253191769
5379,0.030306879431009293,0.010233242996037006,0.015497889369726181,0.0004575749044306576
5380,0.030258070677518845,0.010216917842626572,0.015573767945170403,0.00044673847150988877
5381,0.030228998512029648,0.00979337003082037,0.01618865691125393,0.0004246972384862602
5382,0.03034650906920433,0.010442450642585754,0.015362977981567383,0.0004541079979389906
5383,0.03069603443145752,0.009572205133736134,0.016785496845841408,0.0004338332510087639
5384,0.03153741732239723,0.010560641065239906,0.015631049871444702,0.0005345726967789233
5385,0.03222797065973282,0.009430240839719772,0.01771615445613861,0.0005081574781797826
5386,0.034332968294620514,0.011055626906454563,0.016628779470920563,0.0006648564012721181
5387,0.034736260771751404,0.009082314558327198,0.020263172686100006,0.0005390774458646774
5388,0.03845324367284775,0.01212384831160307,0.018802866339683533,0.0007526528788730502
5389,0.03675776347517967,0.008752617053687572,0.023359540849924088,0.0004645604931283742
5390,0.037706974893808365,0.012511275708675385,0.018437277525663376,0.0006758421077392995
5391,0.03417212888598442,0.008987018838524818,0.02114916406571865,0.0004035945748910308
5392,0.031729843467473984,0.011232051067054272,0.015465298667550087,0.0005032495828345418
5393,0.03034021146595478,0.010154387913644314,0.01595807448029518,0.0004227747558616102
5394,0.030761204659938812,0.009669752791523933,0.017233869060873985,0.0003857582341879606
5395,0.03240835666656494,0.011417006142437458,0.015835262835025787,0.0005156087572686374
5396,0.03329616039991379,0.009138813242316246,0.01972055807709694,0.0004436789022292942
5397,0.0341205932199955,0.011568537913262844,0.016556348651647568,0.0005995705141685903
5398,0.03267112374305725,0.009227591566741467,0.018846580758690834,0.00045969514758326113
5399,0.032006531953811646,0.010912015102803707,0.015772130340337753,0.000532238744199276
5400,0.031027087941765785,0.009558692574501038,0.017055975273251534,0.00044124198029749095
5401,0.030702397227287292,0.010304084978997707,0.015439526177942753,0.0004958785139024258
5402,0.030297407880425453,0.009939879179000854,0.01586221158504486,0.0004495317116379738
5403,0.029979979619383812,0.009859849698841572,0.015776118263602257,0.00043440109584480524
5404,0.029911944642663002,0.01009423565119505,0.01547110266983509,0.0004346607020124793
5405,0.030133133754134178,0.009698840789496899,0.016122164204716682,0.0004312130040489137
5406,0.030586693435907364,0.01018204353749752,0.015509247779846191,0.0004895401070825756
5407,0.031027523800730705,0.009561853483319283,0.01674713008105755,0.0004718539712484926
5408,0.032040681689977646,0.010560201480984688,0.0158468596637249,0.0005633622058667243
5409,0.03272981196641922,0.009161951951682568,0.018697526305913925,0.00048703336506150663
5410,0.03558638319373131,0.011503797024488449,0.01749560795724392,0.0006586978561244905
5411,0.03618922084569931,0.008713774383068085,0.022509362548589706,0.0004966083797626197
5412,0.040352534502744675,0.012557068839669228,0.020085377618670464,0.0007710086647421122
5413,0.0372275672852993,0.008627968840301037,0.024039313197135925,0.000456028530607
5414,0.03630667179822922,0.0122287692502141,0.017510509118437767,0.0006567392847500741
5415,0.0320904441177845,0.009279082529246807,0.0190203208476305,0.0003791040217038244
5416,0.030198443681001663,0.010430044494569302,0.015545418485999107,0.0004222982388455421
5417,0.030761489644646645,0.0107954740524292,0.015297653153538704,0.00046683629625476897
5418,0.03245330601930618,0.00915400218218565,0.019393395632505417,0.0003905906924046576
5419,0.034550782293081284,0.011772188358008862,0.016807369887828827,0.0005971224163658917
5420,0.033583156764507294,0.009001709520816803,0.020130854099988937,0.0004450591222848743
5421,0.032955754548311234,0.011218778789043427,0.016175992786884308,0.0005560982972383499
5422,0.031111620366573334,0.00938608031719923,0.017454588785767555,0.0004270951612852514
5423,0.030241671949625015,0.010222778655588627,0.015422292053699493,0.0004596601356752217
5424,0.029942119494080544,0.009903318248689175,0.015694040805101395,0.0004344759800005704
5425,0.03006104752421379,0.00962302926927805,0.01611991785466671,0.0004318098654039204
5426,0.0303939338773489,0.010325644165277481,0.015404591336846352,0.000466369790956378
5427,0.030894536525011063,0.009308208711445332,0.017250720411539078,0.0004335608391556889
5428,0.03213880956172943,0.010693689808249474,0.015976231545209885,0.0005468886811286211
5429,0.03299402818083763,0.009089860133826733,0.01881951466202736,0.0005084653967060149
5430,0.035884708166122437,0.011242213658988476,0.017408223822712898,0.0007234272779896855
5431,0.03527175262570381,0.008896769024431705,0.02090073935687542,0.000547424191609025
5432,0.037590764462947845,0.011803194880485535,0.018198397010564804,0.0007589173037558794
5433,0.03420718014240265,0.008873840793967247,0.021199479699134827,0.0004133859765715897
5434,0.032735951244831085,0.01140526682138443,0.015920232981443405,0.0005410453304648399
5435,0.031040623784065247,0.009395748376846313,0.01752239093184471,0.0004122483660466969
5436,0.030460231006145477,0.010139896534383297,0.01583860069513321,0.00044817329035140574
5437,0.030866745859384537,0.010507318191230297,0.015383299440145493,0.0004976126365363598
5438,0.03162422031164169,0.009155044332146645,0.018386170268058777,0.00040830072248354554
5439,0.033042870461940765,0.011258871294558048,0.016359807923436165,0.0005424192058853805
5440,0.03313211351633072,0.008972927927970886,0.01953994482755661,0.0004619242390617728
5441,0.033564552664756775,0.01120299007743597,0.016457904130220413,0.0005903656128793955
5442,0.03225553408265114,0.009077876806259155,0.01860421895980835,0.00045734370360150933
5443,0.031677134335041046,0.010695399716496468,0.01570889540016651,0.0005272838170640171
5444,0.030828289687633514,0.009341358207166195,0.017191492021083832,0.00042954381206072867
5445,0.030602015554904938,0.010219958610832691,0.015382013283669949,0.0005000042729079723
5446,0.030241746455430984,0.009717960841953754,0.016041608527302742,0.00044821755727753043
5447,0.02991163544356823,0.009787216782569885,0.015650713816285133,0.0004473704320844263
5448,0.029690029099583626,0.00986885279417038,0.01554265059530735,0.0004278525884728879
5449,0.02969019114971161,0.009591387584805489,0.01590895652770996,0.0004189846513327211
5450,0.02990926057100296,0.009878832846879959,0.015489395707845688,0.0004541032249107957
5451,0.030232679098844528,0.009538047015666962,0.01619524508714676,0.00044993869960308075
5452,0.03077094443142414,0.010078496299684048,0.01558691542595625,0.00051055324729532
5453,0.03124202974140644,0.00923709012567997,0.017315048724412918,0.000468989135697484
5454,0.032867368310689926,0.010762134566903114,0.016334183514118195,0.0005771050346083939
5455,0.03400970995426178,0.008749502710998058,0.020409181714057922,0.00048510264605283737
5456,0.03836571052670479,0.01190487015992403,0.019219787791371346,0.0007241051644086838
5457,0.03801052272319794,0.008436779491603374,0.02452518790960312,0.0005048555321991444
5458,0.0415857769548893,0.012769095599651337,0.020737696439027786,0.000807898526545614
5459,0.036043889820575714,0.008590991608798504,0.02345958910882473,0.0003993309219367802
5460,0.03267591446638107,0.011515574529767036,0.015716323629021645,0.0005444017006084323
5461,0.030374910682439804,0.009742449037730694,0.016427434980869293,0.0004205025325063616
5462,0.03084450028836727,0.00950362253934145,0.017462164163589478,0.00038787146331742406
5463,0.033226460218429565,0.011448362842202187,0.016172325238585472,0.0005605772021226585
5464,0.03396771103143692,0.008712072856724262,0.02110179141163826,0.0004153845948167145
5465,0.03467978909611702,0.011599921621382236,0.01705663651227951,0.0006023231544531882
5466,0.03264261409640312,0.009016715921461582,0.018902244046330452,0.00047236544196493924
5467,0.03124859370291233,0.01047245878726244,0.015625182539224625,0.0005150953656993806
5468,0.029997462406754494,0.009497485123574734,0.016226619482040405,0.00042733573354780674
5469,0.02973772957921028,0.009686838835477829,0.01566145569086075,0.00043894362170249224
5470,0.030075889080762863,0.009982510469853878,0.01541435718536377,0.0004679019912146032
5471,0.030467724427580833,0.009325327351689339,0.016679827123880386,0.0004462570359464735
5472,0.0309307798743248,0.010397441685199738,0.015577206388115883,0.0004956130869686604
5473,0.03140435367822647,0.009010222740471363,0.018033593893051147,0.0004360536695457995
5474,0.03296487405896187,0.010734575800597668,0.016327569261193275,0.0005902728880755603
5475,0.03345540538430214,0.008888055570423603,0.01933799311518669,0.0005229356465861201
5476,0.03601660206913948,0.011057605035603046,0.01739099994301796,0.0007567997090518475
5477,0.03435029834508896,0.0088765574619174,0.02019304409623146,0.0005280693876557052
5478,0.0347687304019928,0.01121609564870596,0.016860730946063995,0.0006691903108730912
5479,0.03209351748228073,0.008947423659265041,0.01931142993271351,0.00038346642395481467
5480,0.0308840274810791,0.010703791864216328,0.01539311558008194,0.0004787120851688087
5481,0.030275367200374603,0.009455228224396706,0.016417421400547028,0.0004402717750053853
5482,0.03027399443089962,0.009682342410087585,0.01617874577641487,0.00044129061279818416
5483,0.030831515789031982,0.010385348461568356,0.01546728890389204,0.0004978878423571587
5484,0.031420014798641205,0.008968481793999672,0.01831904985010624,0.000413248228142038
5485,0.0326777845621109,0.01095843967050314,0.016365239396691322,0.0005354105378501117
5486,0.03284451737999916,0.008817940950393677,0.019397439435124397,0.00046291371108964086
5487,0.03369878977537155,0.011006176471710205,0.01664380542933941,0.0006048809154890478
5488,0.032665953040122986,0.008827267214655876,0.019220955669879913,0.0004617730446625501
5489,0.032644592225551605,0.010786224156618118,0.01615326665341854,0.0005705102812498808
5490,0.03151116147637367,0.009005165658891201,0.01824036054313183,0.0004265637253411114
5491,0.031173987314105034,0.010395589284598827,0.015484679490327835,0.000529371784068644
5492,0.030349723994731903,0.009369369596242905,0.01667495258152485,0.0004305401525925845
5493,0.029819194227457047,0.009799456223845482,0.015471188351511955,0.00045485494774766266
5494,0.029485952109098434,0.009648687206208706,0.015664439648389816,0.0004172825429122895
5495,0.029433473944664,0.009448051452636719,0.015894530341029167,0.00040908920345827937
5496,0.029640354216098785,0.009778733365237713,0.015450093895196915,0.00044115251512266695
5497,0.03002932481467724,0.00933288224041462,0.01632804423570633,0.0004368398222140968
5498,0.030725926160812378,0.010005597956478596,0.01562989130616188,0.0005090436898171902
5499,0.031281352043151855,0.009033611044287682,0.01752844639122486,0.00047192926285788417
5500,0.03305643051862717,0.010635161772370338,0.01652263104915619,0.0005898639210499823
5501,0.03396300971508026,0.00859834160655737,0.02049359679222107,0.00048710708506405354
5502,0.037944890558719635,0.011672062799334526,0.019090386107563972,0.0007182440022006631
5503,0.0370829738676548,0.00834406353533268,0.024012906476855278,0.000472600368084386
5504,0.03932609036564827,0.012296496890485287,0.019561996683478355,0.0007467598770745099
5505,0.03493855521082878,0.008521738462150097,0.022481031715869904,0.0003935782879125327
5506,0.032124362885951996,0.011120607145130634,0.015609737485647202,0.0005394020117819309
5507,0.030209343880414963,0.00951620377600193,0.01634635403752327,0.0004346785426605493
5508,0.03033302165567875,0.009365061298012733,0.016987310722470284,0.00039806499262340367
5509,0.0320977047085762,0.010921098291873932,0.015896616503596306,0.0005279990145936608
5510,0.03324326500296593,0.008613626472651958,0.02035701274871826,0.00042726239189505577
5511,0.03492947295308113,0.011338514275848866,0.017410190775990486,0.0006180766504257917
5512,0.033688951283693314,0.008704623207449913,0.019882921129465103,0.0005101408460177481
5513,0.033322811126708984,0.010776522569358349,0.016576353460550308,0.0005969932535663247
5514,0.031412273645401,0.008930853568017483,0.01800031214952469,0.0004481107462197542
5515,0.03074032813310623,0.01017984002828598,0.015494801104068756,0.0005065686418674886
5516,0.030137406662106514,0.0093626594170928,0.016388336196541786,0.0004386411455925554
5517,0.029842764139175415,0.009661327116191387,0.015590697526931763,0.0004590738099068403
5518,0.029645802453160286,0.009815414436161518,0.015441646799445152,0.0004388740344438702
5519,0.029713399708271027,0.00917437020689249,0.01655183546245098,0.0003987192176282406
5520,0.030144521966576576,0.010059664025902748,0.015415163710713387,0.000466969475382939
5521,0.030667029321193695,0.008998830802738667,0.01729222759604454,0.00043759707477875054
5522,0.03183147311210632,0.010191493667662144,0.015930958092212677,0.0005709024262614548
5523,0.03225536644458771,0.008915097452700138,0.018139367923140526,0.0005200900486670434
5524,0.03421209380030632,0.010594424791634083,0.016887927427887917,0.0006729739252477884
5525,0.0337584987282753,0.00864200945943594,0.020098211243748665,0.0005018278025090694
5526,0.03569910302758217,0.011270517483353615,0.017783215269446373,0.000664536957629025
5527,0.03404264897108078,0.008461234159767628,0.021447869017720222,0.0004133543116040528
5528,0.033681102097034454,0.01123376376926899,0.016686853021383286,0.0005760484491474926
5529,0.0315883532166481,0.00882150698453188,0.018834169954061508,0.0003932677209377289
5530,0.030195560306310654,0.010218793526291847,0.0153199452906847,0.00046568221296183765
5531,0.0295315720140934,0.009651142172515392,0.015674401074647903,0.0004206026787869632
5532,0.029768627136945724,0.009195680730044842,0.016703598201274872,0.00038693464011885226
5533,0.03076156973838806,0.0103561757132411,0.0155676594004035,0.00048377347411587834
5534,0.03166167810559273,0.00876398105174303,0.018534120172262192,0.00043635768815875053
5535,0.033130355179309845,0.010719800367951393,0.01660497486591339,0.0005805580294691026
5536,0.033053234219551086,0.00859752669930458,0.019642338156700134,0.0004813369014300406
5537,0.03446799889206886,0.010908360593020916,0.017326336354017258,0.0006233302410691977
5538,0.03347492218017578,0.008562023751437664,0.020130734890699387,0.00047821615589782596
5539,0.034418608993291855,0.010887299664318562,0.01701115258038044,0.0006520156166516244
5540,0.032313331961631775,0.008787541650235653,0.019035588949918747,0.0004490200662985444
5541,0.031257264316082,0.010343334637582302,0.01555992104113102,0.0005354008753784001
5542,0.02976044826209545,0.009248333983123302,0.016641851514577866,0.00038702625897713006
5543,0.029274068772792816,0.00957652647048235,0.015686292201280594,0.00040112502756528556
5544,0.02965521812438965,0.009818090125918388,0.015383890829980373,0.00044532379251904786
5545,0.03038286417722702,0.009041753597557545,0.017180420458316803,0.000416069058701396
5546,0.0315021388232708,0.010260077193379402,0.015876922756433487,0.0005365139804780483
5547,0.03173305094242096,0.008742551319301128,0.018455877900123596,0.00045346212573349476
5548,0.0329698771238327,0.010584159754216671,0.016653139144182205,0.0005732576246373355
5549,0.03268353268504143,0.008555082604289055,0.01958056539297104,0.000454788445495069
5550,0.03378354758024216,0.010846622288227081,0.01703326776623726,0.0005903659039177
5551,0.03286609798669815,0.00850832648575306,0.020048847422003746,0.00043089230894111097
5552,0.032904691994190216,0.010801679454743862,0.016459112986922264,0.0005643898621201515
5553,0.031400833278894424,0.008703705854713917,0.018759090453386307,0.0003938039008062333
5554,0.03044886514544487,0.010241122916340828,0.01539923157542944,0.0004808512458112091
5555,0.029515216127038002,0.009155004285275936,0.016484372317790985,0.0003875838883686811
5556,0.029149215668439865,0.009473197162151337,0.01558466162532568,0.0004091356822755188
5557,0.029264915734529495,0.009661554358899593,0.015357159078121185,0.0004246201424393803
5558,0.0297032929956913,0.008950972929596901,0.01673787832260132,0.0004014441219624132
5559,0.030467893928289413,0.010035493411123753,0.015610290691256523,0.00048221080214716494
5560,0.031204937025904655,0.008675831370055676,0.018061891198158264,0.00044672138756141067
5561,0.03314235061407089,0.010452578775584698,0.016815386712551117,0.0005874383496120572
5562,0.03400480002164841,0.008446820080280304,0.020264964550733566,0.0005293014692142606
5563,0.03824535384774208,0.011224093846976757,0.019248025491833687,0.0007773234974592924
5564,0.036277350038290024,0.008295217528939247,0.02283305488526821,0.0005149077624082565
5565,0.03742877393960953,0.011624111793935299,0.018546951934695244,0.0007257709512487054
5566,0.032741744071245193,0.008526087738573551,0.020693637430667877,0.00035220198333263397
5567,0.030496198683977127,0.010438871569931507,0.015332750976085663,0.00047245773021131754
5568,0.030374350026249886,0.0096450699493289,0.01567171886563301,0.0005057560047134757
5569,0.03141177445650101,0.009066671133041382,0.017839835956692696,0.0004505267133936286
5570,0.032709330320358276,0.010777504183351994,0.01606426201760769,0.0005867562722414732
5571,0.03196262940764427,0.008552717976272106,0.019458720460534096,0.0003951193066313863
5572,0.03176173195242882,0.010571531020104885,0.01608678512275219,0.0005103415460325778
5573,0.031179150566458702,0.008809095248579979,0.01771279238164425,0.0004657263052649796
5574,0.030838191509246826,0.009923993609845638,0.015498781576752663,0.0005415416089817882
5575,0.030033770948648453,0.009071774780750275,0.0161689855158329,0.00047930111759342253
5576,0.0292816162109375,0.009417589753866196,0.01545094233006239,0.00044130824971944094
5577,0.02913285791873932,0.00931878387928009,0.015522451139986515,0.00042916249367408454
5578,0.029540512710809708,0.009073480032384396,0.016135813668370247,0.00043312195339240134
5579,0.0301875788718462,0.009856588207185268,0.015425501391291618,0.0004905490204691887
5580,0.030758049339056015,0.008653699420392513,0.017767243087291718,0.00043371052015572786
5581,0.03157859295606613,0.010309956036508083,0.016043059527873993,0.0005225578206591308
5582,0.03207182139158249,0.00841948390007019,0.019367871806025505,0.0004284465394448489
5583,0.03411463275551796,0.01062824111431837,0.017150893807411194,0.0006335497018881142
5584,0.03426332771778107,0.008440678007900715,0.020575016736984253,0.000524763367138803
5585,0.03729622811079025,0.010969198308885098,0.018353154882788658,0.0007973876781761646
5586,0.0340353399515152,0.008472400717437267,0.020842036232352257,0.000472090468974784
5587,0.03282000124454498,0.010790317319333553,0.0162501223385334,0.000577955914195627
5588,0.03039628081023693,0.008737548254430294,0.018054481595754623,0.0003604249795898795
5589,0.02958756685256958,0.009804727509617805,0.01549238245934248,0.0004290456708986312
5590,0.030066879466176033,0.00970078632235527,0.01546849962323904,0.0004897593171335757
5591,0.030875246971845627,0.00890209712088108,0.017607640475034714,0.0004365508502814919
5592,0.03178420662879944,0.010445252060890198,0.01596738025546074,0.000537157233338803
5593,0.0314219705760479,0.008557775989174843,0.018826451152563095,0.00040377434925176203
5594,0.031778790056705475,0.010383455082774162,0.01616504415869713,0.0005230289534665644
5595,0.03141532838344574,0.00861214380711317,0.018306413665413857,0.0004496772598940879
5596,0.031307321041822433,0.010148197412490845,0.015751583501696587,0.0005407539429143071
5597,0.030526205897331238,0.008670778945088387,0.01752634160220623,0.0004329085350036621
5598,0.029914233833551407,0.009867595508694649,0.01541048288345337,0.0004636156081687659
5599,0.02944735810160637,0.008806377649307251,0.01664968952536583,0.00039912902866490185
5600,0.0293451938778162,0.00949755497276783,0.015348050743341446,0.00044995881034992635
5601,0.029416551813483238,0.009072551503777504,0.01594078540802002,0.0004403214552439749
5602,0.029575522989034653,0.009203060530126095,0.015585549175739288,0.00047869133413769305
5603,0.029534537345170975,0.009135828353464603,0.015837887302041054,0.00045608202344737947
5604,0.02944994904100895,0.00932481698691845,0.01547616720199585,0.0004648964386433363
5605,0.02940051257610321,0.008878632448613644,0.016408396884799004,0.00041134844650514424
5606,0.029720958322286606,0.00972168892621994,0.015413234941661358,0.00045860346290282905
5607,0.03019658662378788,0.008572937920689583,0.017620470374822617,0.0004003178619313985
5608,0.031312018632888794,0.010140917263925076,0.016058936715126038,0.0005112164653837681
5609,0.03230839595198631,0.00834360346198082,0.019557371735572815,0.00044074197649024427
5610,0.03513938561081886,0.010815434157848358,0.017910325899720192,0.0006413624505512416
5611,0.03584925830364227,0.008092798292636871,0.022922853007912636,0.0004833608400076628
5612,0.04036721587181091,0.011787143535912037,0.02075258269906044,0.0007827491499483585
5613,0.03703412413597107,0.00797770731151104,0.02493298612535,0.0004123432736378163
5614,0.036114148795604706,0.0116350706666708,0.017971551045775414,0.0006507527432404459
5615,0.03184712678194046,0.008434921503067017,0.019820211455225945,0.00035919927177019417
5616,0.02969011291861534,0.009886498562991619,0.015329116955399513,0.00044744988554157317
5617,0.02993456833064556,0.009849725291132927,0.015272418037056923,0.00048124248860403895
5618,0.03144858404994011,0.008504318073391914,0.018966160714626312,0.0003978106251452118
5619,0.033754292875528336,0.010860140435397625,0.017154203727841377,0.0005739948828704655
5620,0.03357810527086258,0.008257048204541206,0.020667867735028267,0.0004653188807424158
5621,0.034716371446847916,0.010722359642386436,0.01759416237473488,0.0006399847916327417
5622,0.03264667093753815,0.008467466570436954,0.019264182075858116,0.0004915021709166467
5623,0.03150001913309097,0.010165509767830372,0.015930071473121643,0.0005404437542892992
5624,0.029784731566905975,0.008706881664693356,0.017212633043527603,0.0003865216567646712
5625,0.029057864099740982,0.009515178389847279,0.015309778973460197,0.0004232904757373035
5626,0.029020851477980614,0.009288153611123562,0.015512173995375633,0.00042205254430882633
5627,0.029466472566127777,0.008819490671157837,0.016650550067424774,0.0003996431769337505
5628,0.03029131516814232,0.009923170320689678,0.01562919095158577,0.0004738953139167279
5629,0.030925653874874115,0.008390828967094421,0.018485993146896362,0.00040488308877684176
5630,0.03207138925790787,0.010222367942333221,0.016484662890434265,0.0005364358657971025
5631,0.03230723738670349,0.008353102020919323,0.019285334274172783,0.00046688003931194544
5632,0.03441092371940613,0.01033220998942852,0.017316563054919243,0.0006762149860151112
5633,0.033354759216308594,0.008406147360801697,0.019780633971095085,0.0005167975905351341
5634,0.0340883769094944,0.01045959535986185,0.016946591436862946,0.0006682192324660718
5635,0.03153269365429878,0.008467339910566807,0.019084976986050606,0.00039803763502277434
5636,0.030125180259346962,0.010040581226348877,0.015341106802225113,0.0004743492463603616
5637,0.02909567765891552,0.008901393041014671,0.01638529822230339,0.0003808985638897866
5638,0.029088079929351807,0.009146652184426785,0.015922144055366516,0.00040192835149355233
5639,0.029855452477931976,0.009703308343887329,0.01537366770207882,0.0004778477596119046
5640,0.03055507130920887,0.00857012253254652,0.01782081089913845,0.0004164138517808169
5641,0.03155209496617317,0.010104965418577194,0.016137028113007545,0.0005310101551003754
5642,0.03148132562637329,0.008409729227423668,0.018705928698182106,0.00043656679918058217
5643,0.03242328017950058,0.01015839446336031,0.01652206853032112,0.0005742818466387689
5644,0.03176312893629074,0.008379558101296425,0.018929658457636833,0.0004453913716133684
5645,0.03191404417157173,0.010202600620687008,0.01626875437796116,0.0005442690453492105
5646,0.030965439975261688,0.008364693261682987,0.018651898950338364,0.0003948849334847182
5647,0.03046894073486328,0.01001014281064272,0.015664001926779747,0.00047947955317795277
5648,0.029648061841726303,0.008570266887545586,0.01725742593407631,0.0003820368438027799
5649,0.02912229858338833,0.009466590359807014,0.015318667516112328,0.00043370405910536647
5650,0.028807247057557106,0.008969388902187347,0.01587134227156639,0.00039665165240876377
5651,0.02871764823794365,0.008987218141555786,0.015684379264712334,0.00040460514719597995
5652,0.028744228184223175,0.009231051430106163,0.015394425019621849,0.00041187508031725883
5653,0.028866123408079147,0.008796975947916508,0.016079002991318703,0.0003990142431575805
5654,0.02908271923661232,0.009322556667029858,0.015381896868348122,0.0004378266166895628
5655,0.029340729117393494,0.008641939610242844,0.016570793464779854,0.00041279959259554744
5656,0.029937341809272766,0.009542795829474926,0.015632787719368935,0.0004761758609674871
5657,0.030656365677714348,0.008386134169995785,0.017921391874551773,0.000434883899288252
5658,0.03281037509441376,0.01009607594460249,0.016837796196341515,0.0005876504583284259
5659,0.033982228487730026,0.008126366883516312,0.020827077329158783,0.0005028784507885575
5660,0.03865651786327362,0.01101636327803135,0.019668469205498695,0.0007971684099175036
5661,0.03637591749429703,0.00796507578343153,0.023797865957021713,0.0004612976626958698
5662,0.03713598474860191,0.011400957591831684,0.018685510382056236,0.0007049515261314809
5663,0.03301383554935455,0.008145047351717949,0.02130841463804245,0.0003560371696949005
5664,0.0312191192060709,0.0102792177349329,0.01550320629030466,0.0005436694482341409
5665,0.03104444220662117,0.009136741049587727,0.015949957072734833,0.0005957746179774404
5666,0.03153790906071663,0.008898901753127575,0.017243698239326477,0.0005395308835431933
5667,0.032382093369960785,0.010232719592750072,0.01607634127140045,0.0006073029944673181
5668,0.03180193901062012,0.00822988711297512,0.019334781914949417,0.00042372685857117176
5669,0.03230853006243706,0.010306066833436489,0.016658222302794456,0.0005344240926206112
5670,0.03208165243268013,0.008359536528587341,0.01877802237868309,0.0004944092943333089
5671,0.03225326165556908,0.010018224827945232,0.016066428273916245,0.0006168608088046312
5672,0.031043019145727158,0.008490384556353092,0.017652977257966995,0.0004899658961221576
5673,0.029796458780765533,0.00964189600199461,0.015361106023192406,0.0004793456755578518
5674,0.028988992795348167,0.008604073897004128,0.016503039747476578,0.00038818796747364104
5675,0.02883220463991165,0.009174074977636337,0.015349388122558594,0.0004308741772547364
5676,0.029044007882475853,0.009106479585170746,0.015459934249520302,0.00044775946298614144
5677,0.029393557459115982,0.008617669343948364,0.01634841039776802,0.00044274775427766144
5678,0.029583899304270744,0.009460204280912876,0.015393104404211044,0.00047305910266004503
5679,0.02945791184902191,0.008404882624745369,0.016966741532087326,0.0004086288681719452
5680,0.02950264886021614,0.009446359239518642,0.01547430083155632,0.0004581987450364977
5681,0.029995974153280258,0.0084905456751585,0.017099570482969284,0.00044058580533601344
5682,0.03166963905096054,0.009543507359921932,0.01619330421090126,0.000593282631598413
5683,0.03266146034002304,0.008350135758519173,0.018702596426010132,0.0005608726060017943
5684,0.03615330532193184,0.010341569781303406,0.018072018399834633,0.000773971842136234
5685,0.03513060510158539,0.008027356117963791,0.021971244364976883,0.0005132005317136645
5686,0.03690527379512787,0.011107479222118855,0.018657546490430832,0.0007140248781070113
5687,0.03330540284514427,0.008028845302760601,0.021822409704327583,0.00034541470813564956
5688,0.031649209558963776,0.010481669567525387,0.015795331448316574,0.0005372207378968596
5689,0.03087957389652729,0.008789232932031155,0.016957886517047882,0.0005132453516125679
5690,0.030911434441804886,0.009235672652721405,0.016212310642004013,0.0005463451961986721
5691,0.030940134078264236,0.009699337184429169,0.015485865995287895,0.0005754931480623782
5692,0.030542656779289246,0.008365794084966183,0.018138673156499863,0.0004038189654238522
5693,0.03138219192624092,0.01004065666347742,0.016249142587184906,0.0005092392093501985
5694,0.032049134373664856,0.008229555562138557,0.01899782009422779,0.00048217581934295595
5695,0.03305015340447426,0.010164274834096432,0.01672673411667347,0.0006159144686535001
5696,0.032352104783058167,0.008156636729836464,0.019161010161042213,0.0005034458008594811
5697,0.031900689005851746,0.010033301077783108,0.016454029828310013,0.0005413356702774763
5698,0.03104497119784355,0.008182491175830364,0.018704677000641823,0.00041578037780709565
5699,0.031675469130277634,0.009799704886972904,0.01608821377158165,0.000578755047172308
5700,0.031205905601382256,0.00857203546911478,0.01760885864496231,0.0005025012651458383
5701,0.0309585127979517,0.009411049075424671,0.015624020248651505,0.0005923444987274706
5702,0.029567573219537735,0.008770479820668697,0.016472572460770607,0.0004324520705267787
5703,0.028653034940361977,0.009051075205206871,0.015410376712679863,0.00041915825568139553
5704,0.02850016951560974,0.008863436989486217,0.015650248154997826,0.0003986484953202307
5705,0.028978843241930008,0.008857074193656445,0.015882190316915512,0.00042395785567350686
5706,0.02960757538676262,0.009079699404537678,0.015579694882035255,0.0004948180285282433
5707,0.029860960319638252,0.00857813935726881,0.01663321629166603,0.00046496043796651065
5708,0.030403338372707367,0.009440365247428417,0.01584762893617153,0.0005115345120429993
5709,0.030739378184080124,0.008199401199817657,0.018242165446281433,0.0004297811246942729
5710,0.032537199556827545,0.010031412355601788,0.01695406436920166,0.0005551723879761994
5711,0.03344925493001938,0.007941392250359058,0.021120311692357063,0.0004387550288811326
5712,0.03627842664718628,0.010827620513737202,0.018807467073202133,0.0006643341039307415
5713,0.03540906310081482,0.007810039911419153,0.02334536239504814,0.0004253661318216473
5714,0.03570249676704407,0.010997521691024303,0.018164312466979027,0.0006540664471685886
5715,0.03236858919262886,0.00801386870443821,0.02067350596189499,0.0003681214584503323
5716,0.030014047399163246,0.009855262003839016,0.015368970111012459,0.0004789815575350076
5717,0.028571080416440964,0.008853384293615818,0.01594715192914009,0.00037705455906689167
5718,0.028806280344724655,0.008578941226005554,0.016502398997545242,0.0003724941052496433
5719,0.030135512351989746,0.00977809727191925,0.01565108448266983,0.0004706330946646631
5720,0.03146523982286453,0.008089683018624783,0.019100701436400414,0.0004274855018593371
5721,0.03375441953539848,0.010176434181630611,0.017612919211387634,0.0005965065211057663
5722,0.033652689307928085,0.007999413646757603,0.02045709267258644,0.0005196184501983225
5723,0.03599986061453819,0.010401210747659206,0.01855575665831566,0.0007042891811579466
5724,0.03307504951953888,0.008067172020673752,0.02048037387430668,0.0004527505661826581
5725,0.03172832727432251,0.01010153442621231,0.016068195924162865,0.0005558597040362656
5726,0.029285170137882233,0.008517107926309109,0.01721584051847458,0.00035522205871529877
5727,0.02862999215722084,0.00902607198804617,0.015741344541311264,0.00038625748129561543
5728,0.029613398015499115,0.009489896707236767,0.015351344831287861,0.00047721571172587574
5729,0.03069668635725975,0.008248711004853249,0.01850321516394615,0.00039447605377063155
5730,0.03179110586643219,0.01002848893404007,0.01640212908387184,0.0005360487848520279
5731,0.031047197058796883,0.008120546117424965,0.018977530300617218,0.00039491208735853434
5732,0.030995793640613556,0.009743578732013702,0.016184857115149498,0.0005067356978543103
5733,0.030192451551556587,0.008288810960948467,0.017669524997472763,0.00042341151856817305
5734,0.02966749295592308,0.009371246211230755,0.015522514469921589,0.00047737325076013803
5735,0.0289443526417017,0.008406713604927063,0.016559481620788574,0.00039781577652320266
5736,0.02848130837082863,0.00904988031834364,0.015287228859961033,0.00041442003566771746
5737,0.02831295318901539,0.008677485398948193,0.015708236023783684,0.0003927233046852052
5738,0.02838130295276642,0.00868867989629507,0.01569000445306301,0.0004002620407845825
5739,0.028556400910019875,0.009022338315844536,0.01531287096440792,0.0004221192211844027
5740,0.02869710884988308,0.00840761698782444,0.01637384109199047,0.00039156508864834905
5741,0.02879808470606804,0.009159532375633717,0.01530743669718504,0.0004331115342210978
5742,0.028931980952620506,0.008354737423360348,0.016707928851246834,0.00038693149690516293
5743,0.029394254088401794,0.009188449941575527,0.015511734411120415,0.0004694069502875209
5744,0.029772603884339333,0.00831617321819067,0.017195841297507286,0.0004260589776095003
5745,0.03079076297581196,0.0094077093526721,0.016010425984859467,0.0005372627056203783
5746,0.03111957758665085,0.008103637956082821,0.018545538187026978,0.00044703995808959007
5747,0.032846152782440186,0.009901742450892925,0.017033187672495842,0.0005911224870942533
5748,0.03275134414434433,0.007886542938649654,0.02060701698064804,0.0004257781838532537
5749,0.03456273302435875,0.010424280539155006,0.017982976511120796,0.0006155474693514407
5750,0.033254604786634445,0.007848522625863552,0.021596774458885193,0.0003809307236224413
5751,0.033072877675294876,0.010445373132824898,0.016929345205426216,0.0005698158056475222
5752,0.031333815306425095,0.008061828091740608,0.019341357052326202,0.00039306291728280485
5753,0.029909685254096985,0.009647390805184841,0.015388889238238335,0.0004873406433034688
5754,0.028803333640098572,0.008619451895356178,0.01604781672358513,0.0004136064671911299
5755,0.028478290885686874,0.008612286299467087,0.016030464321374893,0.00038355396827682853
5756,0.02906680665910244,0.009305651299655437,0.015428544953465462,0.0004332610697019845
5757,0.03013637289404869,0.008072986267507076,0.018006008118391037,0.00040573783917352557
5758,0.03180588409304619,0.009776855818927288,0.01667891815304756,0.0005350110586732626
5759,0.032686494290828705,0.00789730716496706,0.019909899681806564,0.0004879287735093385
5760,0.035497505217790604,0.010201369412243366,0.01861526444554329,0.0006680871592834592
5761,0.03501775115728378,0.007766467519104481,0.022169843316078186,0.0005081442068330944
5762,0.038012851029634476,0.01067731436342001,0.01952746883034706,0.0007808067603036761
5763,0.03344597667455673,0.007929676212370396,0.02141130156815052,0.00041049980791285634
5764,0.030644021928310394,0.009907661937177181,0.01549195870757103,0.0005244399653747678
5765,0.028569720685482025,0.008687314577400684,0.01615126058459282,0.00037311454070732
5766,0.029269739985466003,0.008486989885568619,0.017071211710572243,0.0003711538156494498
5767,0.031670838594436646,0.009958632290363312,0.01613612100481987,0.0005576084950007498
5768,0.032199401408433914,0.007909534499049187,0.020222464576363564,0.0004067402915097773
5769,0.03272028639912605,0.010128332301974297,0.017083317041397095,0.0005508636240847409
5770,0.03085525706410408,0.008077604696154594,0.018778927624225616,0.00039987245691008866
5771,0.029971610754728317,0.0093885762616992,0.01573631539940834,0.00048467173473909497
5772,0.029073983430862427,0.008440736681222916,0.016398489475250244,0.00042347575072199106
5773,0.02856818586587906,0.008801780641078949,0.015440412797033787,0.00043259942322038114
5774,0.028498666360974312,0.00874240044504404,0.01547345519065857,0.00042828122968785465
5775,0.028879055753350258,0.008391790091991425,0.016469448804855347,0.0004017816681880504
5776,0.02973872795701027,0.009280453436076641,0.015669338405132294,0.0004788934311363846
5777,0.030294302850961685,0.008047470822930336,0.018251780420541763,0.00039950510836206377
5778,0.03126765415072441,0.009698466397821903,0.016399312764406204,0.0005169875803403556
5779,0.03120213933289051,0.007875070907175541,0.01935826987028122,0.00039687991375103593
5780,0.03163124620914459,0.009745684452354908,0.016476530581712723,0.0005409034201875329
5781,0.030805084854364395,0.008001572452485561,0.018781503662467003,0.0004022008506581187
5782,0.030793441459536552,0.00947507657110691,0.016039740294218063,0.0005278625176288188
5783,0.02972066029906273,0.00823158584535122,0.017471399158239365,0.00040176749462261796
5784,0.029150787740945816,0.009130892343819141,0.01544876117259264,0.0004571133467834443
5785,0.028501849621534348,0.008389698341488838,0.016327280551195145,0.00037848702049814165
5786,0.02816205471754074,0.00878444779664278,0.015401473268866539,0.0003976133593823761
5787,0.028055375441908836,0.008669680915772915,0.015543592162430286,0.0003842101723421365
5788,0.028187258169054985,0.008462687022984028,0.016012173146009445,0.0003712398174684495
5789,0.028483804315328598,0.008953775279223919,0.015382008627057076,0.0004148021980654448
5790,0.028775110840797424,0.008265940472483635,0.016695339232683182,0.0003813830262515694
5791,0.029259517788887024,0.009084978140890598,0.015593704767525196,0.00045808349386788905
5792,0.029545065015554428,0.008090856485068798,0.01746802031993866,0.0003986188385169953
5793,0.030420338734984398,0.009326156228780746,0.01604611799120903,0.0005048064049333334
5794,0.030741503462195396,0.007920642383396626,0.01875944621860981,0.0004061413637828082
5795,0.03221376612782478,0.009741737507283688,0.01698068156838417,0.0005491347401402891
5796,0.032336849719285965,0.0077499873004853725,0.020548678934574127,0.0004038182960357517
5797,0.033991195261478424,0.010149874724447727,0.01789781264960766,0.000594350800383836
5798,0.03303607925772667,0.00768048083409667,0.02140623889863491,0.00039493603981100023
5799,0.03330661356449127,0.010163071565330029,0.017308445647358894,0.0005835095653310418
5800,0.031176242977380753,0.0078811040148139,0.01963861659169197,0.00036565211485140026
5801,0.029800783842802048,0.00952979363501072,0.01558735966682434,0.0004683629667852074
5802,0.028484877198934555,0.008343887515366077,0.0165373794734478,0.0003603610675781965
5803,0.028030678629875183,0.008661347441375256,0.01557050459086895,0.0003798826946876943
5804,0.028344616293907166,0.008899455890059471,0.015344775281846523,0.00041003854130394757
5805,0.0291104968637228,0.00808090902864933,0.017232423648238182,0.00037971639540046453
5806,0.03039640188217163,0.009393410757184029,0.01615132950246334,0.00048516623792238533
5807,0.03118513524532318,0.007832094095647335,0.019161175936460495,0.00041918642818927765
5808,0.03318165987730026,0.009798473678529263,0.01759011670947075,0.0005793070304207504
5809,0.032973118126392365,0.007707504089921713,0.020900405943393707,0.0004365207569207996
5810,0.0345296673476696,0.01008710265159607,0.018097680062055588,0.0006344883586280048
5811,0.032331082969903946,0.00772486487403512,0.02080472931265831,0.0003801488783210516
5812,0.031189577654004097,0.009772143326699734,0.01616034284234047,0.0005257090670056641
5813,0.02915327437222004,0.008095549419522285,0.017590660601854324,0.0003467064234428108
5814,0.028183624148368835,0.008854649029672146,0.015351386740803719,0.0003977588494308293
5815,0.02827165275812149,0.008791593834757805,0.015363702550530434,0.0004116355557925999
5816,0.02905339002609253,0.008109991438686848,0.017144495621323586,0.0003798901161644608
5817,0.03042667731642723,0.009371503256261349,0.016157295554876328,0.0004897876642644405
5818,0.031160671263933182,0.00782573688775301,0.019061898812651634,0.0004273035447113216
5819,0.03313956409692764,0.009724633768200874,0.017563266679644585,0.0005851665046066046
5820,0.03263062238693237,0.007757899351418018,0.020329415798187256,0.00045433067134581506
5821,0.03357265144586563,0.009922944009304047,0.01760726422071457,0.000604244414716959
5822,0.031419966369867325,0.0077841319143772125,0.0199383907020092,0.00036974428803659976
5823,0.030125698074698448,0.00958270113915205,0.01571434736251831,0.0004828648525290191
5824,0.028680050745606422,0.008153511211276054,0.016970649361610413,0.00035558894160203636
5825,0.028112594038248062,0.008702614344656467,0.01551016978919506,0.0003899809962604195
5826,0.02843005210161209,0.008885766379535198,0.015323265455663204,0.00042210204992443323
5827,0.029184268787503242,0.00800960510969162,0.01750023104250431,0.000367443251889199
5828,0.030347155407071114,0.009389187209308147,0.016174495220184326,0.00047834718134254217
5829,0.030827607959508896,0.0077943685464560986,0.018961481750011444,0.0004071757721249014
5830,0.03228374198079109,0.009556195698678493,0.01718035340309143,0.000554719299543649
5831,0.03196986764669418,0.007777899503707886,0.01965342089533806,0.000453854794614017
5832,0.03288648650050163,0.009704004973173141,0.01733434945344925,0.0005848131841048598
5833,0.03131712228059769,0.007775661535561085,0.01966509222984314,0.00038763682823628187
5834,0.030587904155254364,0.009575068950653076,0.01606912724673748,0.000494370877277106
5835,0.029073107987642288,0.008007011376321316,0.017631109803915024,0.00034349857014603913
5836,0.028153419494628906,0.008897880092263222,0.015248876996338367,0.0004006660310551524
5837,0.027918720617890358,0.00860564410686493,0.015489603392779827,0.00038234717794694006
5838,0.02833241969347,0.008170055225491524,0.01660815440118313,0.0003554210707079619
5839,0.029129095375537872,0.009148341603577137,0.015577493235468864,0.00044032593723386526
5840,0.029708679765462875,0.00786417443305254,0.018071942031383514,0.0003772563359234482
5841,0.030782319605350494,0.00930571649223566,0.01645972579717636,0.0005016879294998944
5842,0.030948573723435402,0.007809698581695557,0.018770065158605576,0.000436881062341854
5843,0.0321931391954422,0.009440436027944088,0.01708868145942688,0.000566402159165591
5844,0.03151752054691315,0.007746852468699217,0.019529230892658234,0.0004241436254233122
5845,0.03198810666799545,0.009620865806937218,0.016879567876458168,0.000548767508007586
5846,0.03049992024898529,0.007779785897582769,0.019169969484210014,0.0003550164692569524
5847,0.029541781172156334,0.009341026656329632,0.015586292371153831,0.00046144635416567326
5848,0.02838245779275894,0.008122759871184826,0.016791051253676414,0.0003468646900728345
5849,0.027878526598215103,0.00860574934631586,0.015457713976502419,0.0003815061936620623
5850,0.028036413714289665,0.00868806429207325,0.015337499789893627,0.00040108506800606847
5851,0.028570814058184624,0.008046083152294159,0.016840677708387375,0.00036840533721260726
5852,0.029409602284431458,0.00904867798089981,0.01578635536134243,0.00045745688839815557
5853,0.029953639954328537,0.007838678546249866,0.0179972592741251,0.00041177019011229277
5854,0.031373389065265656,0.009240244515240192,0.016775164753198624,0.0005357981426641345
5855,0.03152597323060036,0.0077325510792434216,0.019271811470389366,0.00045216098078526556
5856,0.03311885893344879,0.009607173502445221,0.017563145607709885,0.0005948538309894502
5857,0.03198932111263275,0.007630798500031233,0.020487159490585327,0.0003871361259371042
5858,0.03188665211200714,0.009769769385457039,0.016742773354053497,0.0005374109023250639
5859,0.030134428292512894,0.007752647157758474,0.019009537994861603,0.0003372241626493633
5860,0.028926583006978035,0.009170676581561565,0.015305202454328537,0.00044507032725960016
5861,0.02829519659280777,0.008274598978459835,0.016023531556129456,0.00039970644866116345
5862,0.02840813621878624,0.008332976140081882,0.015996534377336502,0.0004078626516275108
5863,0.029002927243709564,0.008877325803041458,0.015469880774617195,0.0004655721422750503
5864,0.029512017965316772,0.007879200391471386,0.017558293417096138,0.0004074524622410536
5865,0.030630670487880707,0.009138173423707485,0.016429252922534943,0.0005063244025222957
5866,0.031005103141069412,0.007739820517599583,0.01876434125006199,0.00045009408495388925
5867,0.032782480120658875,0.009414576925337315,0.01744971238076687,0.000591818883549422
5868,0.03217539191246033,0.007638375740498304,0.020240021869540215,0.0004296994302421808
5869,0.03283713385462761,0.009778485633432865,0.017344189807772636,0.000571445852983743
5870,0.03127579763531685,0.007607451174408197,0.020160257816314697,0.0003508088120725006
5871,0.030207037925720215,0.009512343443930149,0.01574927754700184,0.0004945414839312434
5872,0.029056336730718613,0.007965187542140484,0.017141595482826233,0.00039495519013144076
5873,0.028469227254390717,0.008632495068013668,0.015472318977117538,0.0004364412452559918
5874,0.028539929538965225,0.008649611845612526,0.015374690294265747,0.0004515626351349056
5875,0.028908003121614456,0.007963186129927635,0.01699063554406166,0.0003954182320740074
5876,0.02960660308599472,0.009035005234181881,0.01592031680047512,0.00046512819244526327
5877,0.030062980949878693,0.007748353760689497,0.018191518262028694,0.00041231076465919614
5878,0.031596288084983826,0.009212358854711056,0.01692536659538746,0.0005458563682623208
5879,0.031723927706480026,0.007688781712204218,0.019418003037571907,0.0004617143713403493
5880,0.033015139400959015,0.009582817554473877,0.017534734681248665,0.0005897587980143726
5881,0.031822554767131805,0.007567729335278273,0.020489707589149475,0.00037651191814802587
5882,0.03137858957052231,0.009683233685791492,0.016508936882019043,0.0005186417838558555
5883,0.02976827882230282,0.007714828941971064,0.018618188798427582,0.00034352613147348166
5884,0.028484191745519638,0.008966567926108837,0.015247974544763565,0.0004269648343324661
5885,0.027867799624800682,0.008329938165843487,0.015705754980444908,0.00038321068859659135
5886,0.028071455657482147,0.00809955783188343,0.016306903213262558,0.00036649947287514806
5887,0.0287587009370327,0.008923596702516079,0.015517966821789742,0.0004317138809710741
5888,0.029400769621133804,0.007738427724689245,0.017891954630613327,0.0003770386683754623
5889,0.030683381482958794,0.009120548143982887,0.01659250259399414,0.0004970331210643053
5890,0.03116982989013195,0.007686109747737646,0.01891481503844261,0.0004568904114421457
5891,0.03291279450058937,0.009371349588036537,0.017580490559339523,0.0005960954586043954
5892,0.03204719349741936,0.007586594671010971,0.020233919844031334,0.0004226679739076644
5893,0.03239984065294266,0.009658752009272575,0.017183102667331696,0.0005557987024076283
5894,0.030476799234747887,0.007613462395966053,0.01956610009074211,0.000329723785398528
5895,0.02906225062906742,0.009216050617396832,0.01537969708442688,0.0004466502577997744
5896,0.027969710528850555,0.00810625683516264,0.016280991956591606,0.00035824632504954934
5897,0.027858465909957886,0.008258198387920856,0.01592784747481346,0.0003672420862130821
5898,0.028597667813301086,0.008854837156832218,0.015408946201205254,0.0004333884280640632
5899,0.029393671080470085,0.007721032481640577,0.017951834946870804,0.00037208024878054857
5900,0.030500581488013268,0.009153376333415508,0.016499415040016174,0.0004847789532504976
5901,0.0307205431163311,0.007643773686140776,0.01878264546394348,0.0004294122918508947
5902,0.03213193640112877,0.009185884147882462,0.017246384173631668,0.0005699668545275927
5903,0.031369686126708984,0.0076534138061106205,0.01927001401782036,0.0004446256789378822
5904,0.031579677015542984,0.009328104555606842,0.016799697652459145,0.0005451873876154423
5905,0.02996928058564663,0.0076503874734044075,0.018911320716142654,0.00034075736766681075
5906,0.029002413153648376,0.009121663868427277,0.01543433964252472,0.0004446408711373806
5907,0.02817658893764019,0.007947101257741451,0.016611820086836815,0.00036176692810840905
5908,0.027863074094057083,0.008401733823120594,0.015554845333099365,0.0003906496858689934
5909,0.028152910992503166,0.008558053523302078,0.015357941389083862,0.0004236915847286582
5910,0.028699813410639763,0.007830392569303513,0.017099395394325256,0.00037700257962569594
5911,0.029411407187581062,0.008926674723625183,0.015882372856140137,0.00046023595496080816
5912,0.02965020388364792,0.007664953824132681,0.018029019236564636,0.0003956231230404228
5913,0.030664168298244476,0.008962980471551418,0.016585353761911392,0.0005115832318551838
5914,0.03065074235200882,0.007659255992621183,0.018595904111862183,0.000439558265497908
5915,0.03155826777219772,0.009150988422334194,0.01689349114894867,0.0005513785872608423
5916,0.030659299343824387,0.00758021418005228,0.019335519522428513,0.0003743567503988743
5917,0.030485734343528748,0.00932030938565731,0.016250086948275566,0.0004915337776765227
5918,0.02951265685260296,0.007618539966642857,0.018477333709597588,0.0003416782128624618
5919,0.02870834432542324,0.00893702544271946,0.0153474947437644,0.0004423824429977685
5920,0.0281099621206522,0.008006137795746326,0.016233036294579506,0.00038707867497578263
5921,0.027974534779787064,0.00826089084148407,0.015653489157557487,0.0004060155479237437
5922,0.028170311823487282,0.008482446894049644,0.015361243858933449,0.00043266217107884586
5923,0.0284093227237463,0.00785448681563139,0.016647320240736008,0.00039075143286027014
5924,0.028922248631715775,0.008644974790513515,0.015780052170157433,0.00044972237083129585
5925,0.02939780429005623,0.007709038909524679,0.017494067549705505,0.0004194698412902653
5926,0.03080432303249836,0.008863911963999271,0.016645487397909164,0.0005294924485497177
5927,0.031103257089853287,0.007558573968708515,0.019233597442507744,0.0004311084048822522
5928,0.03274080157279968,0.009425723925232887,0.017607465386390686,0.0005707610980607569
5929,0.032018259167671204,0.007384306285530329,0.021130666136741638,0.0003503289190120995
5930,0.03208475187420845,0.009693996049463749,0.017018694430589676,0.0005372062441892922
5931,0.030643479898571968,0.0074826511554419994,0.0196346715092659,0.00035261563607491553
5932,0.029475130140781403,0.009085589088499546,0.015483137220144272,0.0004906405811198056
5933,0.028772883117198944,0.008030909113585949,0.016313586384058,0.0004428387328516692
5934,0.02868811786174774,0.008260956965386868,0.015771441161632538,0.000465571996755898
5935,0.028870217502117157,0.008546572178602219,0.015479596331715584,0.00048440491082146764
5936,0.02907145768404007,0.0077924481593072414,0.01699465699493885,0.00042843518895097077
5937,0.030060986056923866,0.008724951185286045,0.016328701749444008,0.0005007332656532526
5938,0.03067188151180744,0.007607914507389069,0.01843850500881672,0.00046254615881480277
5939,0.03273581340909004,0.0091621745377779,0.017596935853362083,0.0005976702086627483
5940,0.0321776382625103,0.007431284990161657,0.020708858966827393,0.00040374923264607787
5941,0.03289712220430374,0.009676236659288406,0.017551153898239136,0.0005669733509421349
5942,0.03139782324433327,0.007381658535450697,0.020579742267727852,0.0003436421975493431
5943,0.03012016788125038,0.009296263568103313,0.015733662992715836,0.0005090239574201405
5944,0.028900159522891045,0.007839445024728775,0.016870245337486267,0.00041904690442606807
5945,0.028423506766557693,0.00830653216689825,0.015640972182154655,0.00044760029413737357
5946,0.028651118278503418,0.008585403673350811,0.015384571626782417,0.00046811436186544597
5947,0.028990376740694046,0.007690838072448969,0.017357515171170235,0.00039420236134901643
5948,0.029786309227347374,0.008849109522998333,0.016284432262182236,0.0004652766219805926
5949,0.03033827617764473,0.007563055958598852,0.01845596171915531,0.0004319257568567991
5950,0.03214222937822342,0.009038920514285564,0.0173291377723217,0.0005774172022938728
5951,0.031755294650793076,0.007507661823183298,0.01979108154773712,0.0004456553142517805
5952,0.03227463364601135,0.009405532851815224,0.017288409173488617,0.0005580693250522017
5953,0.030782077461481094,0.007413140963762999,0.019974004477262497,0.0003394932427909225
5954,0.029604915529489517,0.009190126322209835,0.015682540833950043,0.00047322476166300476
5955,0.028236480429768562,0.007756960578262806,0.01694643497467041,0.0003533085691742599
5956,0.02752240002155304,0.0082589415833354,0.015506187453866005,0.0003757271042559296
5957,0.027760036289691925,0.008496134541928768,0.015282772481441498,0.0003981127229053527
5958,0.028450071811676025,0.007617957424372435,0.017388103529810905,0.000344401050824672
5959,0.029331447556614876,0.008858799934387207,0.01608697883784771,0.00043856693082489073
5960,0.02990679256618023,0.007521911058574915,0.01839526556432247,0.0003989616234321147
5961,0.03137139976024628,0.00892234593629837,0.01706845313310623,0.0005380598595365882
5962,0.031234653666615486,0.007516875863075256,0.019174844026565552,0.0004542933311313391
5963,0.03206218034029007,0.009164947085082531,0.017336823046207428,0.0005560411373153329
5964,0.030638158321380615,0.0074251266196370125,0.019739311188459396,0.0003473721444606781
5965,0.02989327907562256,0.009163057431578636,0.015994707122445107,0.00047355153947137296
5966,0.02842521108686924,0.007656458765268326,0.01753002405166626,0.00032387280953116715
5967,0.02746293693780899,0.008413615636527538,0.015281302854418755,0.0003768018796108663
5968,0.027383234351873398,0.00831418763846159,0.015348589047789574,0.0003720459062606096
5969,0.028027303516864777,0.007685867138206959,0.016986118629574776,0.00033553174580447376
5970,0.028932955116033554,0.008792904205620289,0.01583920046687126,0.0004300850268919021
5971,0.029458725824952126,0.00749029079452157,0.01824796199798584,0.0003720472741406411
5972,0.030655140057206154,0.008825849741697311,0.01683453656733036,0.0004994753981009126
5973,0.030683200806379318,0.007503941655158997,0.018734682351350784,0.0004444576916284859
5974,0.03170108050107956,0.0089505510404706,0.01719004660844803,0.0005560482386499643
5975,0.03048950992524624,0.007447287440299988,0.01930217072367668,0.0003740051470231265
5976,0.030064301565289497,0.00905840378254652,0.016199588775634766,0.00048063084250316024
5977,0.028735481202602386,0.0075473845936357975,0.017992572858929634,0.0003195523750036955
5978,0.027774877846240997,0.008568492718040943,0.015214459970593452,0.00039919253322295845
5979,0.027344461530447006,0.008030724711716175,0.015681026503443718,0.0003632710431702435
5980,0.027610037475824356,0.007849807851016521,0.016222123056650162,0.00035381061024963856
5981,0.028288934379816055,0.00856049545109272,0.015493826940655708,0.00042346128611825407
5982,0.02879277803003788,0.007530927658081055,0.0176027063280344,0.0003659143403638154
5983,0.029637401923537254,0.008677002973854542,0.016315702348947525,0.0004644697473850101
5984,0.02988663874566555,0.0074946098029613495,0.018208159133791924,0.0004183870041742921
5985,0.031035911291837692,0.008772174827754498,0.016917135566473007,0.0005346599500626326
5986,0.030474822968244553,0.007437506224960089,0.0190675538033247,0.0003969762765336782
5987,0.030725378543138504,0.009027822874486446,0.016671840101480484,0.0005025713471695781
5988,0.029688391834497452,0.007392722647637129,0.01905324123799801,0.00032424277742393315
5989,0.028970107436180115,0.008885802701115608,0.015604043379426003,0.0004480260831769556
5990,0.028147587552666664,0.0076482356525957584,0.01693972758948803,0.000355962518369779
5991,0.02771044708788395,0.008251266553997993,0.015397034585475922,0.00040621455991640687
5992,0.027741793543100357,0.008147349581122398,0.015445171855390072,0.0004149273154325783
5993,0.027977099642157555,0.007757176645100117,0.016331631690263748,0.0003888291830662638
5994,0.028310053050518036,0.00838437583297491,0.015600591897964478,0.000432508357334882
5995,0.02861531637609005,0.0075692045502364635,0.01711280457675457,0.00039333064341917634
5996,0.0296090766787529,0.00848840456455946,0.016297154128551483,0.000482351693790406
5997,0.029970752075314522,0.007459857501089573,0.01832275651395321,0.00041881369543261826
5998,0.03128952160477638,0.008901101537048817,0.017101554200053215,0.0005286864470690489
5999,0.03102201782166958,0.007282389793545008,0.02021949551999569,0.0003520132740959525
6000,0.03160112351179123,0.009302273392677307,0.017107797786593437,0.0005191052914597094
6001,0.027180911973118782,0.008066118694841862,0.015460493043065071,0.000365429965313524
6002,0.030906450003385544,0.007263696286827326,0.020354408770799637,0.000328834488755092
6003,0.02710937149822712,0.007970619946718216,0.015652112662792206,0.00034866388887166977
6004,0.029984433203935623,0.00900553073734045,0.016285646706819534,0.0004693255468737334
6005,0.02713332511484623,0.008104550652205944,0.015389274805784225,0.00036394986091181636
6006,0.029465146362781525,0.007359675597399473,0.018713656812906265,0.00033918124972842634
6007,0.02707296423614025,0.007846592925488949,0.015757974237203598,0.0003468396607786417
6008,0.0289129838347435,0.008670739829540253,0.015935759991407394,0.0004306483897380531
6009,0.02711612544953823,0.008069814182817936,0.015375582501292229,0.00036707273102365434
6010,0.02860640175640583,0.007448428310453892,0.01760626770555973,0.00035517048672772944
6011,0.027077412232756615,0.0077909911051392555,0.015757089480757713,0.0003529330715537071
6012,0.02823849581182003,0.008426967076957226,0.015674633905291557,0.0004136896168347448
6013,0.027061086148023605,0.008028249256312847,0.015365897677838802,0.00036669388646259904
6014,0.028018899261951447,0.0075418585911393166,0.016965195536613464,0.00035118451341986656
6015,0.027018507942557335,0.007806234061717987,0.01571192964911461,0.00035003438824787736
6016,0.02779220975935459,0.008288196288049221,0.015481691807508469,0.0004022320790681988
6017,0.027009479701519012,0.007997259497642517,0.015398241579532623,0.00036139777512289584
6018,0.02766546979546547,0.007627928163856268,0.01656215637922287,0.0003475385601632297
6019,0.02698742225766182,0.007839876227080822,0.015646761283278465,0.00035007850965484977
6020,0.027519432827830315,0.008180580101907253,0.015413778834044933,0.0003925073833670467
6021,0.026970600709319115,0.00793407578021288,0.015461152419447899,0.0003575371520128101
6022,0.027417542412877083,0.007664741016924381,0.016263173893094063,0.00034896258148364723
6023,0.026948541402816772,0.00785279180854559,0.015568548813462257,0.00035272008972242475
6024,0.027312560006976128,0.008087563328444958,0.015404997393488884,0.00038200008566491306
6025,0.02694096975028515,0.007863386534154415,0.015523755922913551,0.0003553828864824027
6026,0.02724447473883629,0.007674488704651594,0.01606474071741104,0.00035052455496042967
6027,0.026936151087284088,0.007860451936721802,0.01551041565835476,0.0003565284423530102
6028,0.02717401459813118,0.008024856448173523,0.015396568924188614,0.0003752589109353721
6029,0.026930231600999832,0.00781379546970129,0.01557186059653759,0.0003544576175045222
6030,0.02711958810687065,0.007680776994675398,0.015950921922922134,0.0003487889771349728
6031,0.026922911405563354,0.007868175394833088,0.015478359535336494,0.00035763756022788584
6032,0.027066724374890327,0.007988340221345425,0.015379644930362701,0.0003698738873936236
6033,0.02691520005464554,0.0077913380227983,0.01560431532561779,0.0003519546880852431
6034,0.027028677985072136,0.007694654166698456,0.015875015407800674,0.00034590080031193793
6035,0.02691037580370903,0.00787199568003416,0.01546308770775795,0.0003575290902517736
6036,0.026994749903678894,0.007955660112202168,0.015378031879663467,0.00036610590177588165
6037,0.026903169229626656,0.007772883865982294,0.015618470497429371,0.00035118142841383815
6038,0.026966582983732224,0.007699135225266218,0.01579815335571766,0.00034692941699177027
6039,0.02689598873257637,0.00785395223647356,0.015456294640898705,0.000358574150595814
6040,0.026940586045384407,0.00790725089609623,0.015393765643239021,0.0003639569622464478
6041,0.02688794769346714,0.007747421506792307,0.015618891455233097,0.0003521634789649397
6042,0.026918921619653702,0.00769701087847352,0.01572522521018982,0.0003496684948913753
6043,0.026881888508796692,0.00782892107963562,0.015457609668374062,0.00035953568294644356
6044,0.02690008655190468,0.007860205136239529,0.015416735783219337,0.0003623145748861134
6045,0.026875128969550133,0.0077287377789616585,0.015616379678249359,0.00035300132003612816
6046,0.026883011683821678,0.007700953166931868,0.01566694676876068,0.00035151108750142157
6047,0.026868175715208054,0.007810207549482584,0.015461321920156479,0.00035966470022685826
6048,0.026867706328630447,0.007823563180863857,0.015440598130226135,0.0003603544901125133
6049,0.026860248297452927,0.007720657624304295,0.01561218872666359,0.00035274020046927035
6050,0.026854142546653748,0.007712422404438257,0.015619570389389992,0.0003522150800563395
6051,0.026852592825889587,0.0077977837063372135,0.015464520081877708,0.00035902904346585274
6052,0.026842759922146797,0.007793888449668884,0.015466488897800446,0.0003582382050808519
6053,0.026844678446650505,0.007715320680290461,0.015604153275489807,0.000352520466549322
6054,0.02683236449956894,0.007720582187175751,0.015578748658299446,0.00035330341779626906
6055,0.026836346834897995,0.0077803246676921844,0.015468990430235863,0.00035870313877239823
6056,0.02682303637266159,0.007760658860206604,0.015492331236600876,0.00035700463922694325
6057,0.026827648282051086,0.007703565061092377,0.015592096373438835,0.00035319861490279436
6058,0.026814337819814682,0.007719655521214008,0.015545828267931938,0.00035488532739691436
6059,0.026818744838237762,0.007757911924272776,0.01547514833509922,0.0003585684753488749
6060,0.026806479319930077,0.007728454656898975,0.015515348874032497,0.00035626761382445693
6061,0.02681005746126175,0.007691224571317434,0.015579894185066223,0.00035389375989325345
6062,0.026799147948622704,0.007715653162449598,0.015522893518209457,0.00035606001620180905
6063,0.02680135704576969,0.007737208157777786,0.015482161194086075,0.0003581987111829221
6064,0.02679205872118473,0.007703238632529974,0.01553303375840187,0.00035557858063839376
6065,0.02679269015789032,0.007682594005018473,0.015568003058433533,0.00035420930362306535
6066,0.026785023510456085,0.007711345795542002,0.015507972799241543,0.00035657043918035924
6067,0.026784220710396767,0.007720157038420439,0.015489347279071808,0.00035747161018662155
6068,0.02677813358604908,0.007686072029173374,0.015543925575911999,0.00035481361555866897
6069,0.026776032522320747,0.007677754852920771,0.01555565930902958,0.0003542619524523616
6070,0.026771286502480507,0.0077056437730789185,0.015499676577746868,0.00035659645800478756
6071,0.026768099516630173,0.007704046554863453,0.015497604385018349,0.00035664471215568483
6072,0.026764335110783577,0.007672473322600126,0.01554844155907631,0.0003543420461937785
6073,0.02676025591790676,0.007672122213989496,0.015543106943368912,0.00035450278664939106
6074,0.02675730176270008,0.007695070002228022,0.015496918931603432,0.00035653129452839494
6075,0.02675274759531021,0.0076860287226736546,0.015506621450185776,0.0003560097247827798
6076,0.026750214397907257,0.007659949362277985,0.015547947958111763,0.0003542317426763475
6077,0.026745516806840897,0.007665018085390329,0.01553207729011774,0.00035484213731251657
6078,0.02674306556582451,0.007681414019316435,0.015498334541916847,0.0003563316131476313
6079,0.026738326996564865,0.00766834756359458,0.015515281818807125,0.0003554698487278074
6080,0.026735886931419373,0.007649503648281097,0.01554383710026741,0.00035425458918325603
6081,0.02673129178583622,0.007657515350729227,0.015522848814725876,0.0003550928377080709
6082,0.026728704571723938,0.007666937541216612,0.015501875430345535,0.00035598906106315553
6083,0.026724381372332573,0.007652624044567347,0.01552187092602253,0.0003549887624103576
6084,0.02672141045331955,0.007641161326318979,0.015537274070084095,0.00035429748822934926
6085,0.026717454195022583,0.007649760693311691,0.015515893697738647,0.00035518003278411925
6086,0.026714373379945755,0.007652468513697386,0.015506559051573277,0.0003555345465429127
6087,0.02671061083674431,0.007638832088559866,0.015525806695222855,0.0003545972576830536
6088,0.026707276701927185,0.007633452769368887,0.015529841184616089,0.00035439824569039047
6089,0.02670370042324066,0.0076402947306632996,0.015511412173509598,0.0003551994450390339
6090,0.026700163260102272,0.007637195289134979,0.01551151368767023,0.00035514551564119756
6091,0.0266969446092844,0.007625737227499485,0.015526968985795975,0.0003544239152688533
6092,0.026693301275372505,0.0076249041594564915,0.015522444620728493,0.0003545952495187521
6093,0.02669004164636135,0.007628887891769409,0.015509426593780518,0.00035517264041118324
6094,0.02668635919690132,0.0076221562922000885,0.015515914186835289,0.00035482877865433693
6095,0.02668318711221218,0.007614005357027054,0.015525579452514648,0.00035436026519164443
6096,0.026679547503590584,0.0076160728931427,0.015516205690801144,0.00035472685704007745
6097,0.026676317676901817,0.007616864051669836,0.015509283170104027,0.0003550170222297311
6098,0.026672787964344025,0.007608531508594751,0.015518970787525177,0.0003545285726431757
6099,0.02666943520307541,0.007603802718222141,0.015522489324212074,0.00035431425203569233
6100,0.02666589990258217,0.007606844883412123,0.015511710196733475,0.00035473433672450483
6101,0.026662632822990417,0.007604603655636311,0.015510475262999535,0.0003547553496900946
6102,0.026659134775400162,0.007596274372190237,0.015520229935646057,0.00035426297108642757
6103,0.026655813679099083,0.007594381459057331,0.015518715605139732,0.0003542715567164123
6104,0.026652468368411064,0.007596711162477732,0.015509312972426414,0.00035464446409605443
6105,0.026649080216884613,0.0075920880772173405,0.01551220566034317,0.00035447871778160334
6106,0.026645705103874207,0.007584864739328623,0.015519808046519756,0.00035410316195338964
6107,0.026642335578799248,0.0075846523977816105,0.015514902770519257,0.00035427813418209553
6108,0.026639003306627274,0.0075852819718420506,0.015508394688367844,0.0003545326762832701
6109,0.02663556858897209,0.007579360157251358,0.015513518825173378,0.0003542688791640103
6110,0.026632241904735565,0.007574057672172785,0.015517709776759148,0.0003540475445333868
6111,0.026628846302628517,0.007574555464088917,0.01551150344312191,0.0003542785707395524
6112,0.02662554383277893,0.007573255803436041,0.015508592128753662,0.0003543696366250515
6113,0.026622185483574867,0.00756731117144227,0.015514010563492775,0.0003540863690432161
6114,0.026618873700499535,0.00756401801481843,0.015514735132455826,0.00035401215427555144
6115,0.026615500450134277,0.007564183324575424,0.015509206801652908,0.0003542110789567232
6116,0.026612117886543274,0.007561287377029657,0.01550925150513649,0.00035415799356997013
6117,0.026608863845467567,0.007556147873401642,0.01551346480846405,0.0003539250756148249
6118,0.026605505496263504,0.007554341107606888,0.01551157794892788,0.0003539586905390024
6119,0.026602162048220634,0.007553522475063801,0.015507873147726059,0.0003540767065715045
6120,0.02659883163869381,0.007549596019089222,0.015509909950196743,0.0003539325261954218
6121,0.026595555245876312,0.007545687258243561,0.015511902049183846,0.0003537965239956975
6122,0.026592163369059563,0.007544591557234526,0.015508673153817654,0.0003538899472914636
6123,0.026588981971144676,0.007542510516941547,0.015507355332374573,0.0003539116296451539
6124,0.026585649698972702,0.007538206875324249,0.015509947203099728,0.00035374940489418805
6125,0.02658235840499401,0.007535507436841726,0.015509730204939842,0.00035371206467971206
6126,0.02657901681959629,0.007534357253462076,0.01550661213696003,0.00035380481858737767
6127,0.02657577395439148,0.007531195878982544,0.01550717931240797,0.00035373985883779824
6128,0.02657238394021988,0.007527260575443506,0.015509125776588917,0.0003535996365826577
6129,0.026569146662950516,0.0075254738330841064,0.015507380478084087,0.0003536291478667408
6130,0.026565883308649063,0.007523787207901478,0.015505358576774597,0.00035367385135032237
6131,0.026562586426734924,0.007520107086747885,0.015506928786635399,0.00035355499130673707
6132,0.026559334248304367,0.007516895420849323,0.015507776290178299,0.0003534664283506572
6133,0.026556069031357765,0.007515464909374714,0.01550542563199997,0.0003535179130267352
6134,0.02655276469886303,0.00751312542706728,0.015504619106650352,0.0003535019641276449
6135,0.02654951438307762,0.007509394083172083,0.015506381168961525,0.00035337390727363527
6136,0.026546189561486244,0.007506874855607748,0.015505929477512836,0.0003533386334311217
6137,0.026542995125055313,0.007505323272198439,0.015503870323300362,0.00035338010638952255
6138,0.02653968520462513,0.007502417545765638,0.015504131093621254,0.00035331357503309846
6139,0.02653638832271099,0.007499024271965027,0.015505248680710793,0.00035321147879585624
6140,0.026533126831054688,0.00749698281288147,0.015503988601267338,0.00035321564064361155
6141,0.02652992121875286,0.00749498326331377,0.015502715483307838,0.00035322210169397295
6142,0.02652670070528984,0.007491785567253828,0.015503577888011932,0.000353133596945554
6143,0.026523426175117493,0.0074889035895466805,0.01550380326807499,0.00035307175130583346
6144,0.02652021311223507,0.007487005088478327,0.015502382069826126,0.0003530826943460852
6145,0.026516929268836975,0.007484545465558767,0.015501907095313072,0.00035304753691889346
6146,0.026513705030083656,0.007481432985514402,0.015502640046179295,0.00035296325222589076
6147,0.0265104528516531,0.007479032035917044,0.015502093359827995,0.0003529326932039112
6148,0.026507310569286346,0.007476945407688618,0.015501100569963455,0.0003529266396071762
6149,0.026504024863243103,0.007474167738109827,0.015501195564866066,0.0003528661618474871
6150,0.026500826701521873,0.007471363991498947,0.015501443296670914,0.00035280195879749954
6151,0.02649753913283348,0.007469186093658209,0.015500480309128761,0.00035278729046694934
6152,0.02649429626762867,0.007466794457286596,0.015499942004680634,0.00035275585833005607
6153,0.026491140946745872,0.00746395206078887,0.015500325709581375,0.00035268624196760356
6154,0.026487980037927628,0.007461473345756531,0.015500050038099289,0.00035264570033177733
6155,0.026484593749046326,0.0074592768214643,0.015499033033847809,0.0003526282962411642
6156,0.026481371372938156,0.0074566625989973545,0.015498925000429153,0.00035257835406810045
6157,0.02647823467850685,0.007453902158886194,0.015499187633395195,0.0003525144711602479
6158,0.02647498808801174,0.0074516418389976025,0.015498446300625801,0.000352489878423512
6159,0.026471823453903198,0.007449314929544926,0.015497889369726181,0.0003524620842654258
6160,0.026468608528375626,0.00744657963514328,0.015498063527047634,0.00035239639692008495
6161,0.026465415954589844,0.007444033864885569,0.015497889369726181,0.00035234936513006687
6162,0.026462173089385033,0.007441842462867498,0.015497065149247646,0.00035232657683081925
6163,0.026458997279405594,0.007439366076141596,0.015496828593313694,0.00035228030174039304
6164,0.026455748826265335,0.0074366494081914425,0.015496944077312946,0.0003522156039252877
6165,0.02645260840654373,0.0074343434534966946,0.015496447682380676,0.00035218166885897517
6166,0.026449473574757576,0.007432046812027693,0.015495936386287212,0.00035214907256886363
6167,0.02644621953368187,0.007429447956383228,0.015495862811803818,0.0003520910395309329
6168,0.026443112641572952,0.007426953408867121,0.015495764091610909,0.0003520396421663463
6169,0.0264398492872715,0.007424667477607727,0.01549510657787323,0.00035200754064135253
6170,0.02643674425780773,0.007422271650284529,0.015494851395487785,0.0003519620804581791
6171,0.026433462277054787,0.007419675588607788,0.015494760125875473,0.0003519027086440474
6172,0.02643035352230072,0.007417327258735895,0.015494393184781075,0.00035186330205760896
6173,0.026427073404192924,0.0074149868451058865,0.015493841841816902,0.0003518244484439492
6174,0.02642393484711647,0.007412479724735022,0.015493758022785187,0.0003517695586197078
6175,0.026420775800943375,0.007410039193928242,0.015493541955947876,0.00035171950003132224
6176,0.026417553424835205,0.007407738361507654,0.015492985025048256,0.00035168297472409904
6177,0.026414427906274796,0.007405329030007124,0.015492753125727177,0.00035163466236554086
6178,0.02641129493713379,0.0074028256349265575,0.015492688864469528,0.00035157790989615023
6179,0.026408173143863678,0.007400494068861008,0.01549230795353651,0.0003515371063258499
6180,0.026404937729239464,0.007398189511150122,0.015491809695959091,0.00035149382892996073
6181,0.026401828974485397,0.007395717781037092,0.015491732396185398,0.0003514379495754838
6182,0.026398640125989914,0.007393307518213987,0.01549144834280014,0.0003513882984407246
6183,0.026395423337817192,0.007391015533357859,0.015490945428609848,0.00035134630161337554
6184,0.026392238214612007,0.007388597819954157,0.015490689314901829,0.0003512951370794326
6185,0.026389118283987045,0.0073861912824213505,0.015490524470806122,0.0003512403054628521
6186,0.02638598158955574,0.007383893709629774,0.015490127727389336,0.00035119603853672743
6187,0.02638285793364048,0.007381576579064131,0.015489792451262474,0.000351148919435218
6188,0.026379670947790146,0.0073791309259831905,0.015489618293941021,0.00035109228338114917
6189,0.026376625522971153,0.007376776542514563,0.015489420853555202,0.0003510428359732032
6190,0.026373444125056267,0.007374517619609833,0.015488933771848679,0.00035099926753900945
6191,0.02637030929327011,0.007372112479060888,0.015488749369978905,0.00035094463964924216
6192,0.026367204263806343,0.0073697529733181,0.01548854447901249,0.0003508907393552363
6193,0.026364101096987724,0.007367485202848911,0.015488159842789173,0.0003508456575218588
6194,0.02636086568236351,0.007365125697106123,0.01548780594021082,0.00035079344525001943
6195,0.02635778672993183,0.007362757809460163,0.015487654134631157,0.0003507374203763902
6196,0.026354575529694557,0.00736045790836215,0.015487240627408028,0.0003506876528263092
6197,0.026351483538746834,0.007358155678957701,0.015486933290958405,0.0003506394277792424
6198,0.026348354294896126,0.007355798967182636,0.015486722812056541,0.00035058308276347816
6199,0.02634526416659355,0.007353511638939381,0.015486437827348709,0.0003505315398797393
6200,0.026342127472162247,0.007351233158260584,0.015486080199480057,0.00035048145218752325
6201,0.026339024305343628,0.007348889019340277,0.01548587903380394,0.00035042554372921586
6202,0.02633591741323471,0.007346584927290678,0.015485595911741257,0.0003503735351841897
6203,0.026332758367061615,0.007344310637563467,0.015485227108001709,0.0003503219340927899
6204,0.026329685002565384,0.0073419916443526745,0.015485018491744995,0.0003502673644106835
6205,0.026326525956392288,0.007339690811932087,0.015484709292650223,0.0003502126783132553
6206,0.026323527097702026,0.007337418384850025,0.015484518371522427,0.00035015909816138446
6207,0.02632031962275505,0.0073351324535906315,0.015484118834137917,0.00035010682768188417
6208,0.026317205280065536,0.007332844194024801,0.015483863651752472,0.00035004960955120623
6209,0.026314139366149902,0.007330562919378281,0.01548362709581852,0.00034999503986909986
6210,0.026311073452234268,0.007328312378376722,0.015483343973755836,0.00034994163434021175
6211,0.02630786783993244,0.0073260352946817875,0.015482969582080841,0.00034988633706234396
6212,0.02630486711859703,0.0073237791657447815,0.015482788905501366,0.0003498299920465797
6213,0.02630167081952095,0.0073214927688241005,0.015482433140277863,0.00034977466566488147
6214,0.026298625394701958,0.007319249212741852,0.015482181683182716,0.00034971945569850504
6215,0.02629554644227028,0.007316985167562962,0.015481926500797272,0.00034966360544785857
6216,0.02629239670932293,0.007314715534448624,0.01548161543905735,0.00034960659104399383
6217,0.02628932148218155,0.007312478963285685,0.015481339767575264,0.00034955033333972096
6218,0.026286236941814423,0.007310246117413044,0.01548104640096426,0.0003494944248814136
6219,0.026283126324415207,0.007307982537895441,0.015480791218578815,0.0003494351985864341
6220,0.02628009393811226,0.007305745966732502,0.015480553731322289,0.0003493792319204658
6221,0.026276953518390656,0.0073035345412790775,0.01548018679022789,0.00034932323615066707
6222,0.0262738186866045,0.007301275618374348,0.01547989808022976,0.000349264417309314
6223,0.026270749047398567,0.0072990357875823975,0.01547965221107006,0.00034920615144073963
6224,0.02626767009496689,0.007296846713870764,0.015479318797588348,0.0003491503302939236
6225,0.026264626532793045,0.007294617593288422,0.015479093417525291,0.0003490914823487401
6226,0.02626156620681286,0.007292369846254587,0.015478890389204025,0.0003490305971354246
6227,0.02625846303999424,0.007290166802704334,0.015478556975722313,0.0003489739028736949
6228,0.02625541388988495,0.0072879791259765625,0.015478266403079033,0.0003489169175736606
6229,0.02625228278338909,0.007285736501216888,0.01547799538820982,0.00034885492641478777
6230,0.026249300688505173,0.007283530663698912,0.015477808192372322,0.00034879613667726517
6231,0.02624611184000969,0.007281340658664703,0.015477376990020275,0.000348739413311705
6232,0.02624315582215786,0.007279133889824152,0.015477260574698448,0.0003486761124804616
6233,0.026240041479468346,0.00727694621309638,0.015476927161216736,0.0003486167697701603
6234,0.02623695135116577,0.007274753879755735,0.015476612374186516,0.0003485583874862641
6235,0.026233874261379242,0.007272561080753803,0.015476346015930176,0.00034849680378101766
6236,0.02623085118830204,0.00727037200704217,0.015476115047931671,0.00034843647154048085
6237,0.026227757334709167,0.007268193643540144,0.01547580398619175,0.0003483760228846222
6238,0.026224762201309204,0.007266034837812185,0.015475569292902946,0.0003483157779555768
6239,0.02622169442474842,0.0072638243436813354,0.015475336462259293,0.00034825337934307754
6240,0.026218637824058533,0.007261659950017929,0.015475060790777206,0.0003481916501186788
6241,0.02621559053659439,0.007259501609951258,0.015474778600037098,0.0003481309104245156
6242,0.026212520897388458,0.00725732883438468,0.015474507585167885,0.00034806839539669454
6243,0.026209430769085884,0.007255155127495527,0.015474215149879456,0.00034800596768036485
6244,0.02620641142129898,0.007252998650074005,0.015473954379558563,0.0003479459264781326
6245,0.02620336413383484,0.007250847760587931,0.01547369547188282,0.00034788218908943236
6246,0.026200339198112488,0.0072486745193600655,0.015473475679755211,0.00034781888825818896
6247,0.026197286322712898,0.007246532943099737,0.015473196282982826,0.00034775558742694557
6248,0.02619420923292637,0.007244396489113569,0.015472875908017159,0.0003476935962680727
6249,0.026191169396042824,0.007242216262966394,0.015472648665308952,0.0003476304991636425
6250,0.02618815377354622,0.007240102626383305,0.015472388826310635,0.00034756632521748543
6251,0.0261851754039526,0.007237976882606745,0.015472175553441048,0.00034750226768665016
6252,0.026182087138295174,0.00723582087084651,0.015471872873604298,0.0003474394034128636
6253,0.02617904171347618,0.007233695592731237,0.015471592545509338,0.0003473753167781979
6254,0.026176005601882935,0.007231574039906263,0.015471317805349827,0.0003473115211818367
6255,0.02617298811674118,0.007229424547404051,0.015471108257770538,0.00034724545548669994
6256,0.026170004159212112,0.0072273025289177895,0.015470892190933228,0.00034718093229457736
6257,0.026166878640651703,0.007225204259157181,0.015470502898097038,0.00034711722400970757
6258,0.02616390585899353,0.007223077118396759,0.01547030545771122,0.0003470522933639586
6259,0.026160860434174538,0.007220942061394453,0.01547006331384182,0.0003469855000730604
6260,0.026157790794968605,0.007218838669359684,0.015469739213585854,0.0003469212388154119
6261,0.02615477330982685,0.00721674133092165,0.015469472855329514,0.00034685595892369747
6262,0.026151813566684723,0.0072146207094192505,0.015469303354620934,0.00034678896190598607
6263,0.026148749515414238,0.007212514523416758,0.015469003468751907,0.00034672312904149294
6264,0.02614574320614338,0.0072104246355593204,0.015468750149011612,0.0003466568887233734
6265,0.026142755523324013,0.00720833009108901,0.01546851359307766,0.00034659108496271074
6266,0.02613981068134308,0.00720621645450592,0.015468347817659378,0.000346524640917778
6267,0.026136742904782295,0.007204126100987196,0.015468044206500053,0.0003464572364464402
6268,0.0261337012052536,0.007202045526355505,0.015467748045921326,0.0003463907341938466
6269,0.02613062597811222,0.0071999551728367805,0.015467431396245956,0.00034632408642210066
6270,0.026127682998776436,0.007197864353656769,0.015467263758182526,0.0003462554595898837
6271,0.026124652475118637,0.007195806596428156,0.015466958284378052,0.00034618881181813776
6272,0.026121633127331734,0.007193729281425476,0.015466704964637756,0.00034611995215527713
6273,0.026118583977222443,0.007191631942987442,0.015466442331671715,0.0003460508887656033
6274,0.026115657761693,0.007189582567662001,0.015466238372027874,0.0003459837462287396
6275,0.026112588122487068,0.007187505718320608,0.01546592265367508,0.0003459159634076059
6276,0.026109684258699417,0.007185411639511585,0.015465820208191872,0.00034584521199576557
6277,0.026106616482138634,0.007183378096669912,0.015465432778000832,0.00034578051418066025
6278,0.026103610172867775,0.007181323599070311,0.015465183183550835,0.00034571022843010724
6279,0.026100659742951393,0.007179235573858023,0.015465050004422665,0.0003456374106463045
6280,0.02609759196639061,0.007177175488322973,0.015464724972844124,0.0003455690457485616
6281,0.026094630360603333,0.007175184786319733,0.015464402735233307,0.0003455042897257954
6282,0.026091575622558594,0.007173067424446344,0.015464209020137787,0.00034542992943897843
6283,0.026088612154126167,0.0071710399352014065,0.015463968738913536,0.0003453603421803564
6284,0.026085665449500084,0.007169026415795088,0.015463706105947495,0.00034529317053966224
6285,0.026082651689648628,0.007166953291743994,0.015463484451174736,0.00034522140049375594
6286,0.026079624891281128,0.007164912763983011,0.015463207848370075,0.0003451504744589329
6287,0.02607671357691288,0.007162883412092924,0.01546302530914545,0.00034508047974668443
6288,0.026073727756738663,0.007160873152315617,0.015462754294276237,0.0003450099902693182
6289,0.02607070840895176,0.007158830761909485,0.015462497249245644,0.00034493798739276826
6290,0.02606779895722866,0.007156812585890293,0.015462318435311317,0.0003448667121119797
6291,0.026064762845635414,0.007154788356274366,0.015461994335055351,0.00034479793976061046
6292,0.026061728596687317,0.007152742240577936,0.0154617540538311,0.0003447233757469803
6293,0.026058733463287354,0.007150705438107252,0.015461498871445656,0.0003446527698542923
6294,0.02605587989091873,0.007148734759539366,0.015461331233382225,0.0003445814363658428
6295,0.02605290524661541,0.00714670866727829,0.015461111441254616,0.0003445085312705487
6296,0.026049893349409103,0.00714469701051712,0.015460859052836895,0.0003444335306994617
6297,0.026046913117170334,0.007142707239836454,0.015460558235645294,0.00034436467103660107
6298,0.02604394033551216,0.0071406858041882515,0.015460329130291939,0.0003442924644332379
6299,0.026040853932499886,0.007138644345104694,0.015460046008229256,0.00034421621239744127
6300,0.026037922129034996,0.007136661093682051,0.015459807589650154,0.0003441453736741096
6301,0.026035018265247345,0.007134696934372187,0.015459592454135418,0.0003440727887209505
6302,0.026032045483589172,0.007132658269256353,0.01545940712094307,0.00034399787546135485
6303,0.02602904662489891,0.007130672223865986,0.015459127724170685,0.00034392482484690845
6304,0.026026159524917603,0.007128724362701178,0.015458900481462479,0.0003438534040469676
6305,0.026023145765066147,0.0071266996674239635,0.01545867882668972,0.00034377662814222276
6306,0.026020117104053497,0.007124702911823988,0.01545838825404644,0.00034370244247838855
6307,0.02601720206439495,0.00712275505065918,0.015458143316209316,0.00034363026497885585
6308,0.0260142982006073,0.007120771799236536,0.01545797474682331,0.0003435551770962775
6309,0.026011256501078606,0.007118783425539732,0.015457680448889732,0.0003434792743064463
6310,0.0260083619505167,0.007116830442100763,0.015457462519407272,0.0003434069221839309
6311,0.026005486026406288,0.007114818785339594,0.015457368455827236,0.000343329826137051
6312,0.026002444326877594,0.007112872786819935,0.015457011759281158,0.00034325598971918225
6313,0.025999482721090317,0.0071109081618487835,0.01545677799731493,0.00034317970857955515
6314,0.025996534153819084,0.007108926773071289,0.01545657031238079,0.0003431037184782326
6315,0.025993555784225464,0.007106959819793701,0.015456302091479301,0.0003430293872952461
6316,0.02599063329398632,0.007105004973709583,0.015456097200512886,0.0003429530479479581
6317,0.02598765678703785,0.00710306316614151,0.015455816872417927,0.00034287769813090563
6318,0.025984730571508408,0.007101105991750956,0.015455605462193489,0.0003428019117563963
6319,0.02598174288868904,0.0070991492830216885,0.015455352142453194,0.0003427240008022636
6320,0.025978874415159225,0.007097215857356787,0.015455166809260845,0.0003426492039579898
6321,0.025975864380598068,0.007095262408256531,0.015454879030585289,0.0003425723989494145
6322,0.02597297728061676,0.007093297783285379,0.015454739332199097,0.00034249413874931633
6323,0.025969963520765305,0.007091383915394545,0.015454389154911041,0.00034241905086673796
6324,0.02596704289317131,0.0070894258096814156,0.015454201027750969,0.00034234157647006214
6325,0.02596418745815754,0.007087491452693939,0.015454055741429329,0.0003422641020733863
6326,0.02596123144030571,0.007085560355335474,0.01545381173491478,0.00034218604560010135
6327,0.025958281010389328,0.00708363950252533,0.015453550964593887,0.0003421091241762042
6328,0.025955358520150185,0.007081712130457163,0.0154533376917243,0.0003420308348722756
6329,0.025952419266104698,0.007079772651195526,0.015453115105628967,0.00034195315674878657
6330,0.025949466973543167,0.0070778499357402325,0.015452863648533821,0.0003418753040023148
6331,0.02594659850001335,0.007075929082930088,0.015452690422534943,0.00034179797512479126
6332,0.02594364620745182,0.007074007298797369,0.015452461317181587,0.0003417176485527307
6333,0.02594074048101902,0.007072120439261198,0.015452205203473568,0.00034164151293225586
6334,0.02593771182000637,0.007070178631693125,0.015451929531991482,0.0003415603714529425
6335,0.025934873148798943,0.007068253587931395,0.015451817773282528,0.00034148016129620373
6336,0.025931943207979202,0.00706638116389513,0.015451515093445778,0.0003414045204408467
6337,0.0259289238601923,0.00706448731943965,0.015451187267899513,0.00034132489236071706
6338,0.025926116853952408,0.007062550168484449,0.015451133251190186,0.000341243197908625
6339,0.025923212990164757,0.007060656789690256,0.015450910665094852,0.00034116450115107
6340,0.025920264422893524,0.007058772724121809,0.015450622886419296,0.0003410867939237505
6341,0.025917306542396545,0.007056856993585825,0.015450402162969112,0.00034100463381037116
6342,0.025914426892995834,0.007054971065372229,0.015450196340680122,0.00034092599526047707
6343,0.02591157704591751,0.0070530869998037815,0.015450016595423222,0.0003408473276067525
6344,0.025908630341291428,0.0070511954836547375,0.015449780970811844,0.0003407653421163559
6345,0.025905687361955643,0.007049293722957373,0.015449535101652145,0.0003406858304515481
6346,0.025902844965457916,0.007047428283840418,0.015449361875653267,0.00034060553298331797
6347,0.02589988335967064,0.007045506965368986,0.015449140220880508,0.0003405236639082432
6348,0.025896985083818436,0.0070436508394777775,0.01544889435172081,0.00034044397762045264
6349,0.025894006714224815,0.0070417956449091434,0.015448573976755142,0.00034036370925605297
6350,0.025891128927469254,0.007039894815534353,0.015448441728949547,0.00034027924994006753
6351,0.0258882325142622,0.007038013078272343,0.015448236837983131,0.000340198224876076
6352,0.025885343551635742,0.007036183960735798,0.015447964891791344,0.0003401194408070296
6353,0.025882501155138016,0.00703428266569972,0.015447860583662987,0.0003400357090868056
6354,0.025879519060254097,0.007032391615211964,0.015447591431438923,0.00033995366538874805
6355,0.025876635685563087,0.0070305815897881985,0.015447311103343964,0.0003398741828277707
6356,0.025873765349388123,0.007028684951364994,0.015447178855538368,0.0003397901018615812
6357,0.025870876386761665,0.0070268334820866585,0.015446953475475311,0.0003397091059014201
6358,0.025868011638522148,0.007025015540421009,0.015446718782186508,0.00033962781890295446
6359,0.025865087285637856,0.00702310586348176,0.015446561388671398,0.000339542020810768
6360,0.025862233713269234,0.007021303754299879,0.015446305274963379,0.00033946236362680793
6361,0.025859374552965164,0.007019446697086096,0.0154461320489645,0.00033937947591766715
6362,0.02585640177130699,0.007017574738711119,0.0154458899050951,0.0003392936778254807
6363,0.025853514671325684,0.0070157586596906185,0.015445630997419357,0.0003392124199308455
6364,0.025850627571344376,0.007013899274170399,0.015445433557033539,0.00033912964863702655
6365,0.025847718119621277,0.007012044545263052,0.015445235185325146,0.0003390438505448401
6366,0.02584484964609146,0.007010247092694044,0.015444966964423656,0.0003389636112842709
6367,0.02584199793636799,0.007008360233157873,0.015444869175553322,0.00033887685276567936
6368,0.02583908848464489,0.007006546948105097,0.015444595366716385,0.00033879466354846954
6369,0.025836201384663582,0.007004725281149149,0.015444358810782433,0.0003387117467354983
6370,0.02583335153758526,0.007002893835306168,0.0154441948980093,0.00033862629788927734
6371,0.02583048678934574,0.007001059595495462,0.015444030985236168,0.0003385396266821772
6372,0.025827541947364807,0.006999265402555466,0.015443677082657814,0.0003384599112905562
6373,0.025824707001447678,0.006997400429099798,0.015443572774529457,0.0003383734147064388
6374,0.025821883231401443,0.006995591800659895,0.015443436801433563,0.000338285492034629
6375,0.025818992406129837,0.006993813905864954,0.015443121083080769,0.00033820566022768617
6376,0.0258160587400198,0.006991968490183353,0.015442891046404839,0.00033811983303166926
6377,0.025813253596425056,0.0069901528768241405,0.015442779287695885,0.0003380321722943336
6378,0.02581034228205681,0.006988347973674536,0.015442492440342903,0.00033795007038861513
6379,0.025807442143559456,0.006986550521105528,0.015442240983247757,0.0003378649416845292
6380,0.025804642587900162,0.006984733045101166,0.015442135743796825,0.0003377772809471935
6381,0.02580174244940281,0.006982941180467606,0.015441883355379105,0.000337691861204803
6382,0.025798842310905457,0.006981131620705128,0.015441643074154854,0.00033760667429305613
6383,0.025796009227633476,0.006979325320571661,0.015441497787833214,0.0003375185187906027
6384,0.025793157517910004,0.006977547891438007,0.01544125098735094,0.00033743586391210556
6385,0.02579028531908989,0.006975750904530287,0.015441032126545906,0.0003373502113390714
6386,0.025787441059947014,0.006973932031542063,0.015440907329320908,0.00033726025139912963
6387,0.025784585624933243,0.006972163915634155,0.015440653078258038,0.0003371767816133797
6388,0.02578173577785492,0.0069703818298876286,0.015440450981259346,0.0003370903723407537
6389,0.025778915733098984,0.006968581583350897,0.015440307557582855,0.00033700259518809617
6390,0.02577603980898857,0.006966804154217243,0.015440084040164948,0.0003369153419043869
6391,0.025773173198103905,0.006965036038309336,0.0154398363083601,0.00033683006768114865
6392,0.02577032335102558,0.006963266525417566,0.015439625829458237,0.00033674316364340484
6393,0.025767449289560318,0.006961467210203409,0.015439441427588463,0.0003366541932336986
6394,0.02576470375061035,0.006959705147892237,0.015439321286976337,0.00033656772575341165
6395,0.02576175332069397,0.006957924459129572,0.015439016744494438,0.00033648128737695515
6396,0.025758963078260422,0.0069561549462378025,0.015438903123140335,0.0003363905707374215
6397,0.02575613558292389,0.006954395677894354,0.015438688918948174,0.000336305150995031
6398,0.02575320191681385,0.006952645722776651,0.015438385307788849,0.0003362170828040689
6399,0.025750458240509033,0.006950858514755964,0.015438312664628029,0.0003361286362633109
6400,0.02574753947556019,0.006949086673557758,0.015438046306371689,0.00033604077179916203
6401,0.025744672864675522,0.006947364192456007,0.015437761321663857,0.00033595459535717964
6402,0.025741882622241974,0.006945559289306402,0.015437692403793335,0.00033586303470656276
6403,0.025739038363099098,0.006943813990801573,0.015437459573149681,0.00033577639260329306
6404,0.025736242532730103,0.006942099425941706,0.015437250956892967,0.0003356891975272447
6405,0.025733351707458496,0.006940302439033985,0.015437072142958641,0.00033559766598045826
6406,0.025730539113283157,0.006938578095287085,0.015436859801411629,0.00033551009255461395
6407,0.025727706030011177,0.006936836522072554,0.015436634421348572,0.0003354234795551747
6408,0.025724928826093674,0.006935074459761381,0.015436546877026558,0.00033533063833601773
6409,0.025722013786435127,0.00693332776427269,0.01543625257909298,0.0003352432686369866
6410,0.02571927197277546,0.00693163275718689,0.015436079353094101,0.0003351559571456164
6411,0.02571640908718109,0.006929852068424225,0.015435942448675632,0.00033506163163110614
6412,0.025713590905070305,0.0069281430914998055,0.015435701236128807,0.0003349744947627187
6413,0.025710681453347206,0.006926409434527159,0.015435404144227505,0.0003348867758177221
6414,0.025707904249429703,0.006924651563167572,0.015435317531228065,0.0003347934107296169
6415,0.025705039501190186,0.0069229453802108765,0.015435036271810532,0.000334705866407603
6416,0.025702256709337234,0.006921207066625357,0.01543489284813404,0.00033461570274084806
6417,0.025699477642774582,0.006919465959072113,0.01543477550148964,0.0003345235891174525
6418,0.0256966445595026,0.006917789578437805,0.015434473752975464,0.000334438169375062
6419,0.0256938636302948,0.006916023790836334,0.015434401109814644,0.00033434390206821263
6420,0.02569100633263588,0.006914343219250441,0.015434112399816513,0.0003342550480738282
6421,0.025688156485557556,0.0069126165471971035,0.01543387770652771,0.000334166077664122
6422,0.025685304775834084,0.006910884287208319,0.01543368585407734,0.00033407335286028683
6423,0.025682557374238968,0.006909151561558247,0.015433604829013348,0.000333980075083673
6424,0.025679785758256912,0.006907490082085133,0.015433354303240776,0.0003338941023685038
6425,0.02567695453763008,0.006905765738338232,0.015433184802532196,0.0003338003880344331
6426,0.0256741251796484,0.006904051639139652,0.015432990156114101,0.00033370827441103756
6427,0.02567126974463463,0.006902358029037714,0.015432717278599739,0.0003336195950396359
6428,0.025668583810329437,0.006900658365339041,0.015432648360729218,0.00033352759783156216
6429,0.02566569298505783,0.006898944266140461,0.015432409942150116,0.00033343397080898285
6430,0.025662904605269432,0.006897291634231806,0.015432152897119522,0.0003333460190333426
6431,0.025660084560513496,0.0068955630995333195,0.01543201133608818,0.0003332510241307318
6432,0.025657324120402336,0.00689389044418931,0.015431821346282959,0.0003331612388137728
6433,0.0256545040756464,0.006892210338264704,0.015431597828865051,0.0003330695617478341
6434,0.02565176598727703,0.0068904743529856205,0.015431541949510574,0.0003329750325065106
6435,0.025648949667811394,0.00688881566748023,0.015431273728609085,0.00033288594568148255
6436,0.025646120309829712,0.0068871392868459225,0.015431050211191177,0.00033279313356615603
6437,0.025643382221460342,0.00688542565330863,0.015430975705385208,0.00033269799314439297
6438,0.025640573352575302,0.006883770227432251,0.015430713072419167,0.0003326089936308563
6439,0.025637689977884293,0.006882072426378727,0.01543047372251749,0.0003325143188703805
6440,0.025634940713644028,0.006880424916744232,0.015430297702550888,0.00033242188510484993
6441,0.0256322231143713,0.006878741085529327,0.015430187806487083,0.0003323294804431498
6442,0.02562934346497059,0.006877049338072538,0.015429934486746788,0.00033223594073206186
6443,0.025626564398407936,0.006875378545373678,0.015429751947522163,0.00033214333234354854
6444,0.02562384493649006,0.006873738951981068,0.015429576858878136,0.0003320528194308281
6445,0.02562105283141136,0.006872039288282394,0.015429459512233734,0.00033195543801411986
6446,0.02561822719871998,0.006870392244309187,0.015429187566041946,0.0003318647213745862
6447,0.025615427643060684,0.006868738681077957,0.015428980812430382,0.0003317708906251937
6448,0.02561272121965885,0.006867073476314545,0.015428874641656876,0.00033167729270644486
6449,0.025609929114580154,0.0068653947673738,0.015428714454174042,0.00033158203586935997
6450,0.025607099756598473,0.006863756570965052,0.015428440645337105,0.00033149035880342126
6451,0.025604331865906715,0.0068621085956692696,0.01542825810611248,0.00033139646984636784
6452,0.025601595640182495,0.006860437337309122,0.015428142622113228,0.00033130162046290934
6453,0.02559877187013626,0.0068588294088840485,0.015427847392857075,0.00033120953594334424
6454,0.02559596113860607,0.00685716001316905,0.01542767696082592,0.0003311123000457883
6455,0.025593213737010956,0.006855505984276533,0.01542750932276249,0.00033101969165727496
6456,0.02559046819806099,0.006853860802948475,0.015427356585860252,0.00033092504600062966
6457,0.02558773383498192,0.006852214224636555,0.015427226200699806,0.00033082920708693564
6458,0.025584977120161057,0.006850580219179392,0.015427026897668839,0.0003307370061520487
6459,0.025582149624824524,0.006848939694464207,0.015426790341734886,0.000330641953041777
6460,0.02557937428355217,0.006847275886684656,0.015426639467477798,0.0003305459104012698
6461,0.025576654821634293,0.0068456740118563175,0.015426457859575748,0.00033045222517102957
6462,0.02557395026087761,0.006844043731689453,0.015426326543092728,0.0003303581033833325
6463,0.025571096688508987,0.006842398550361395,0.01542607694864273,0.0003302619734313339
6464,0.025568310171365738,0.006840777583420277,0.01542585901916027,0.0003301672695670277
6465,0.0255656149238348,0.006839150097221136,0.015425749123096466,0.0003300714888609946
6466,0.025562765076756477,0.006837523076683283,0.015425475314259529,0.00032997666858136654
6467,0.025560084730386734,0.0068359109573066235,0.015425363555550575,0.0003298809751868248
6468,0.025557387620210648,0.006834292318671942,0.015425236895680428,0.0003297857183497399
6469,0.02555461786687374,0.006832663901150227,0.015425056219100952,0.00032968985033221543
6470,0.025551803410053253,0.006831073667854071,0.015424762852489948,0.0003295966889709234
6471,0.025549104437232018,0.0068294513039290905,0.015424653887748718,0.00032949980231933296
6472,0.025546368211507797,0.006827816367149353,0.015424549579620361,0.00032940020901151
6473,0.025543522089719772,0.00682623079046607,0.015424201264977455,0.0003293089393991977
6474,0.02554078958928585,0.0068246060982346535,0.015424065291881561,0.0003292118781246245
6475,0.025538025423884392,0.006822982337325811,0.015423917211592197,0.0003291126631665975
6476,0.025535359978675842,0.006821403745561838,0.015423765406012535,0.0003290192107670009
6477,0.02553258091211319,0.006819814443588257,0.015423537231981754,0.00032892299350351095
6478,0.025529852136969566,0.0068181841634213924,0.01542341336607933,0.00032882537925615907
6479,0.02552717737853527,0.006816595792770386,0.015423285774886608,0.0003287294239271432
6480,0.025524448603391647,0.006815026979893446,0.015423085540533066,0.0003286334977019578
6481,0.025521662086248398,0.006813401822000742,0.015422912314534187,0.0003285347484052181
6482,0.02551886811852455,0.006811823230236769,0.0154226403683424,0.0003284403355792165
6483,0.025516146793961525,0.00681022135540843,0.015422508120536804,0.00032834167359396815
6484,0.02551339752972126,0.006808623671531677,0.015422327443957329,0.0003282445832155645
6485,0.025510651990771294,0.006807082798331976,0.015422066673636436,0.00032815022859722376
6486,0.025508001446723938,0.006805444601923227,0.015422075055539608,0.0003280481032561511
6487,0.02550518326461315,0.006803885102272034,0.01542173232883215,0.00032795651350170374
6488,0.025502566248178482,0.0068023293279111385,0.0154216717928648,0.0003278565709479153
6489,0.02549978345632553,0.006800712086260319,0.015421498566865921,0.0003277573559898883
6490,0.02549700066447258,0.0067991772666573524,0.015421180054545403,0.0003276641946285963
6491,0.02549430914223194,0.006797532085329294,0.015421145595610142,0.0003275630297139287
6492,0.025491582229733467,0.006796031724661589,0.015420871786773205,0.00032746794749982655
6493,0.02548888325691223,0.006794441025704145,0.015420738607645035,0.00032737021683715284
6494,0.025486143305897713,0.006792849395424128,0.015420615673065186,0.0003272678004577756
6495,0.025483423843979836,0.006791326683014631,0.0154203400015831,0.0003271756577305496
6496,0.025480706244707108,0.006789722945541143,0.015420226380228996,0.0003270757442805916
6497,0.025478022173047066,0.006788138300180435,0.015420138835906982,0.0003269745211582631
6498,0.02547529712319374,0.006786629557609558,0.015419857576489449,0.00032688103965483606
6499,0.025472600013017654,0.006785023957490921,0.015419801697134972,0.0003267774300184101
6500,0.025469835847616196,0.006783486809581518,0.01541951298713684,0.0003266835701651871
6501,0.025467155501246452,0.006781940348446369,0.01541936956346035,0.00032658441341482103
6502,0.025464391335844994,0.006780348252505064,0.015419228002429008,0.00032648141495883465
6503,0.025461707264184952,0.006778847426176071,0.015418961644172668,0.00032638985430821776
6504,0.02545902691781521,0.00677725812420249,0.015418892726302147,0.00032628761255182326
6505,0.025456305593252182,0.00677570840343833,0.01541871391236782,0.0003261882811784744
6506,0.025453615933656693,0.006774222943931818,0.015418453142046928,0.0003260941302869469
6507,0.025450920686125755,0.006772591266781092,0.01541845127940178,0.00032598787220194936
6508,0.025448143482208252,0.006771109998226166,0.015418091788887978,0.0003258940705563873
6509,0.02544543519616127,0.006769535597413778,0.015417958609759808,0.0003257940406911075
6510,0.025442801415920258,0.006768007762730122,0.01541786640882492,0.0003256927302572876
6511,0.0254401545971632,0.0067665064707398415,0.01541767455637455,0.0003255972114857286
6512,0.025437358766794205,0.006764933001250029,0.015417484566569328,0.0003254940966144204
6513,0.025434639304876328,0.00676339864730835,0.01541728526353836,0.0003253955510444939
6514,0.02543191984295845,0.006761895027011633,0.015417030081152916,0.0003252993628848344
6515,0.02542925626039505,0.006760332267731428,0.015416977927088737,0.0003251945599913597
6516,0.025426574051380157,0.006758831441402435,0.015416763722896576,0.00032509787706658244
6517,0.02542392536997795,0.006757313851267099,0.015416618436574936,0.0003249994188081473
6518,0.025421200320124626,0.0067557417787611485,0.015416504815220833,0.00032489540171809494
6519,0.02541852928698063,0.006754271686077118,0.015416258946061134,0.0003247999120503664
6520,0.025415828451514244,0.006752701010555029,0.01541614904999733,0.0003246978158131242
6521,0.025413159281015396,0.0067511931993067265,0.015415994450449944,0.00032459714566357434
6522,0.02541046217083931,0.006749716587364674,0.015415722504258156,0.00032450215076096356
6523,0.025407731533050537,0.00674815196543932,0.015415627509355545,0.0003243952232878655
6524,0.025405079126358032,0.0067466734908521175,0.015415409579873085,0.00032429955899715424
6525,0.02540246583521366,0.006745164282619953,0.01541532389819622,0.0003241977246943861
6526,0.025399766862392426,0.0067436471581459045,0.015415161848068237,0.0003240956866648048
6527,0.02539706975221634,0.006742169614881277,0.015414910390973091,0.0003239989746361971
6528,0.025394411757588387,0.0067406343296170235,0.015414822846651077,0.00032389548141509295
6529,0.025391697883605957,0.006739133503288031,0.015414616093039513,0.00032379478216171265
6530,0.025389015674591064,0.0067376489751040936,0.015414409339427948,0.0003236957127228379
6531,0.025386333465576172,0.006736129522323608,0.015414265915751457,0.000323593762004748
6532,0.025383632630109787,0.00673462962731719,0.015414061024785042,0.0003234941978007555
6533,0.02538098394870758,0.006733145099133253,0.015413904562592506,0.0003233933530282229
6534,0.025378312915563583,0.0067316279746592045,0.015413787215948105,0.0003232897724956274
6535,0.02537563443183899,0.006730145309120417,0.015413576737046242,0.0003231913142371923
6536,0.02537309192121029,0.00672865891829133,0.015413530170917511,0.0003230902657378465
6537,0.025370324030518532,0.006727159023284912,0.015413295477628708,0.0003229869471397251
6538,0.02536766789853573,0.006725671235471964,0.015413125976920128,0.00032288715010508895
6539,0.025365017354488373,0.006724199745804071,0.015412956476211548,0.00032278610160574317
6540,0.025362322106957436,0.006722683552652597,0.015412813052535057,0.0003226825501769781
6541,0.025359656661748886,0.006721255369484425,0.01541255321353674,0.0003225847613066435
6542,0.025357050821185112,0.0067197284661233425,0.015412518754601479,0.00032248024945147336
6543,0.025354325771331787,0.006718270014971495,0.015412254258990288,0.0003223801322747022
6544,0.02535170502960682,0.006716808769851923,0.0154121033847332,0.00032227940391749144
6545,0.025349022820591927,0.006715313531458378,0.01541195996105671,0.00032217480475082994
6546,0.025346389040350914,0.006713837385177612,0.015411825850605965,0.0003220725920982659
6547,0.02534366026520729,0.006712406408041716,0.015411494299769402,0.0003219758509658277
6548,0.0253410954028368,0.006710886489599943,0.015411527827382088,0.00032186799217015505
6549,0.0253384318202734,0.006709441542625427,0.015411294996738434,0.000321769475704059
6550,0.025335799902677536,0.00670797610655427,0.015411155298352242,0.00032166700111702085
6551,0.025333140045404434,0.00670648505911231,0.015411023050546646,0.00032156321685761213
6552,0.025330480188131332,0.006705062929540873,0.015410788357257843,0.0003214630123693496
6553,0.025327812880277634,0.0067035965621471405,0.015410605818033218,0.0003213611198589206
6554,0.025325194001197815,0.006702113896608353,0.015410532243549824,0.00032125491998158395
6555,0.025322552770376205,0.006700688041746616,0.015410298481583595,0.00032115657813847065
6556,0.02531992271542549,0.006699215155094862,0.015410194173455238,0.0003210512222722173
6557,0.025317249819636345,0.0066977739334106445,0.015409967862069607,0.0003209506976418197
6558,0.02531464956700802,0.006696309428662062,0.0154098616912961,0.0003208478738088161
6559,0.02531193010509014,0.00669486541301012,0.015409636311233044,0.0003207428380846977
6560,0.025309350341558456,0.006693430244922638,0.015409490093588829,0.00032064298284240067
6561,0.02530669793486595,0.0066919769160449505,0.015409337356686592,0.0003205382381565869
6562,0.025303997099399567,0.006690520793199539,0.015409132465720177,0.00032043427927419543
6563,0.025301411747932434,0.006689108442515135,0.015408963896334171,0.0003203340747859329
6564,0.025298766791820526,0.006687629967927933,0.015408867970108986,0.0003202267980668694
6565,0.02529611624777317,0.006686217617243528,0.01540861651301384,0.0003201282233931124
6566,0.02529357373714447,0.00668476102873683,0.0154085922986269,0.00032002193620428443
6567,0.02529096230864525,0.00668334448710084,0.015408404171466827,0.00031992149888537824
6568,0.025288313627243042,0.006681907456368208,0.015408247709274292,0.00031981576466932893
6569,0.02528563141822815,0.006680475082248449,0.015408022329211235,0.0003197133191861212
6570,0.02528301812708378,0.006679040379822254,0.015407871454954147,0.00031961078639142215
6571,0.02528042159974575,0.006677597761154175,0.015407754108309746,0.00031950691482052207
6572,0.0252777598798275,0.006676188204437494,0.015407536178827286,0.00031940368353389204
6573,0.025275111198425293,0.006674769800156355,0.015407348051667213,0.0003192992589902133
6574,0.02527257427573204,0.0066733211278915405,0.01540730707347393,0.00031919460161589086
6575,0.02526998519897461,0.0066719576716423035,0.015407076105475426,0.0003190950374118984
6576,0.02526731789112091,0.006670481059700251,0.015406973659992218,0.0003189863346051425
6577,0.025264723226428032,0.006669086869806051,0.0154067762196064,0.00031888592639006674
6578,0.02526216022670269,0.006667674519121647,0.01540667749941349,0.000318780803354457
6579,0.02525945194065571,0.006666223052889109,0.015406487509608269,0.000318674196023494
6580,0.025256924331188202,0.0066648670472204685,0.015406293794512749,0.0003185764653608203
6581,0.025254251435399055,0.006663380656391382,0.015406228601932526,0.00031846421188674867
6582,0.025251690298318863,0.006662047002464533,0.015405969694256783,0.0003183674125466496
6583,0.025249045342206955,0.006660607643425465,0.01540582999587059,0.00031826089252717793
6584,0.025246430188417435,0.006659180857241154,0.015405725687742233,0.00031815250986255705
6585,0.025243807584047318,0.006657823920249939,0.015405427664518356,0.00031805565231479704
6586,0.025241250172257423,0.006656371057033539,0.015405425801873207,0.00031794540700502694
6587,0.02523861452937126,0.00665499409660697,0.015405196696519852,0.0003178423212375492
6588,0.025235991925001144,0.006653593387454748,0.015404993668198586,0.00031774042872712016
6589,0.0252334363758564,0.006652168929576874,0.015404956415295601,0.00031763120205141604
6590,0.025230813771486282,0.006650799419730902,0.015404709614813328,0.00031753061921335757
6591,0.025228237733244896,0.00664941081777215,0.01540457084774971,0.0003174257290083915
6592,0.025225603953003883,0.0066479905508458614,0.015404444187879562,0.00031731685157865286
6593,0.025223027914762497,0.006646661553531885,0.015404172241687775,0.000317219557473436
6594,0.02522045560181141,0.006645203568041325,0.015404192730784416,0.0003171058197040111
6595,0.025217879563570023,0.006643875036388636,0.015403920784592628,0.00031700838007964194
6596,0.025215288624167442,0.006642457097768784,0.01540382020175457,0.0003169011906720698
6597,0.025212667882442474,0.006641067564487457,0.015403663739562035,0.00031679359381087124
6598,0.02521004155278206,0.006639712955802679,0.015403403900563717,0.00031669248710386455
6599,0.025207504630088806,0.00663829455152154,0.015403375029563904,0.00031658352236263454
6600,0.025204908102750778,0.0066369459964334965,0.015403139404952526,0.0003164821246173233
6601,0.025202345103025436,0.00663556857034564,0.015403032302856445,0.0003163742949254811
6602,0.025199726223945618,0.006634160876274109,0.015402905642986298,0.00031626602867618203
6603,0.025197084993124008,0.0066328346729278564,0.015402563847601414,0.00031616873457096517
6604,0.025194529443979263,0.006631399970501661,0.015402577817440033,0.00031605514232069254
6605,0.025192057713866234,0.006630090065300465,0.015402402728796005,0.0003159566258545965
6606,0.025189414620399475,0.006628676783293486,0.015402276068925858,0.00031584606040269136
6607,0.02518681436777115,0.006627346854656935,0.015402022749185562,0.0003157443425152451
6608,0.025184281170368195,0.00662595871835947,0.015401964075863361,0.00031563578522764146
6609,0.025181693956255913,0.006624608766287565,0.015401763841509819,0.0003155321173835546
6610,0.025179069489240646,0.00662322947755456,0.015401585958898067,0.00031542530632577837
6611,0.025176512077450752,0.00662189070135355,0.015401415526866913,0.0003153206780552864
6612,0.025173885747790337,0.00662049138918519,0.015401270240545273,0.0003152124409098178
6613,0.025171339511871338,0.0066191814839839935,0.015401051379740238,0.0003151108103338629
6614,0.02516883797943592,0.006617788225412369,0.015401039272546768,0.000315001088893041
6615,0.025166291743516922,0.006616461556404829,0.015400853008031845,0.00031489774119108915
6616,0.02516370452940464,0.006615092046558857,0.015400709584355354,0.000314790231641382
6617,0.025161121040582657,0.0066137551330029964,0.015400517731904984,0.0003146848757751286
6618,0.025158582255244255,0.0066124023869633675,0.01540038175880909,0.00031457969453185797
6619,0.02515604719519615,0.006611022632569075,0.015400320291519165,0.00031447032233700156
6620,0.025153428316116333,0.00660972623154521,0.015400024130940437,0.0003143677895423025
6621,0.02515089511871338,0.006608344614505768,0.015399961732327938,0.0003142586792819202
6622,0.025148289278149605,0.006607000716030598,0.015399757772684097,0.0003141531487926841
6623,0.025145694613456726,0.006605686154216528,0.015399528667330742,0.00031404790934175253
6624,0.025143230333924294,0.006604322697967291,0.01539951004087925,0.00031393967219628394
6625,0.025140710175037384,0.006603011395782232,0.015399349853396416,0.0003138347528874874
6626,0.025138163939118385,0.006601652596145868,0.015399251133203506,0.0003137261082883924
6627,0.025135522708296776,0.006600338499993086,0.015398968011140823,0.0003136215964332223
6628,0.02513294667005539,0.006598980166018009,0.015398837625980377,0.0003135128936264664
6629,0.02513045072555542,0.006597667932510376,0.01539869699627161,0.0003134087019134313
6630,0.025127822533249855,0.006596317980438471,0.015398498624563217,0.000313300610287115
6631,0.02512531355023384,0.006595008075237274,0.015398360788822174,0.00031319455592893064
6632,0.0251227505505085,0.006593673024326563,0.015398211777210236,0.00031308666802942753
6633,0.025120243430137634,0.0065923347137868404,0.015398109331727028,0.0003129798569716513
6634,0.025117680430412292,0.006591030862182379,0.015397896990180016,0.00031287528690882027
6635,0.025115076452493668,0.006589673459529877,0.015397779643535614,0.0003127622476313263
6636,0.02511266991496086,0.006588414311408997,0.015397618524730206,0.00031266355654224753
6637,0.025110071524977684,0.0065870643593370914,0.015397490002214909,0.00031255162321031094
6638,0.025107553228735924,0.006585745606571436,0.015397349372506142,0.0003124458307866007
6639,0.025104951113462448,0.006584444083273411,0.015397101640701294,0.000312340707750991
6640,0.02510240115225315,0.006583095528185368,0.01539701595902443,0.00031222912366501987
6641,0.02509993501007557,0.006581840571016073,0.015396824106574059,0.00031212702742777765
6642,0.02509739063680172,0.006580474320799112,0.015396774746477604,0.000312014133669436
6643,0.025094863027334213,0.006579206790775061,0.015396545641124249,0.0003119111934211105
6644,0.025092363357543945,0.006577885244041681,0.015396452508866787,0.0003118024324066937
6645,0.025089818984270096,0.006576561369001865,0.015396352857351303,0.0003116906154900789
6646,0.025087205693125725,0.006575299892574549,0.015396000817418098,0.00031159049831330776
6647,0.02508474327623844,0.006573947612196207,0.015396036207675934,0.0003114759747404605
6648,0.025082234293222427,0.006572679616510868,0.015395814552903175,0.0003113738202955574
6649,0.025079606100916862,0.0065713683143258095,0.015395584516227245,0.00031126526300795376
6650,0.02507713995873928,0.006570054683834314,0.01539552304893732,0.000311156123643741
6651,0.02507457323372364,0.006568787153810263,0.015395273454487324,0.0003110513207502663
6652,0.0250721238553524,0.0065674385987222195,0.015395315364003181,0.00031093685538508
6653,0.025069650262594223,0.006566235329955816,0.015395013615489006,0.0003108401142526418
6654,0.025067145004868507,0.006564845331013203,0.015395095571875572,0.00031072035199031234
6655,0.025064609944820404,0.006563638336956501,0.015394743531942368,0.00031062279595062137
6656,0.0250620786100626,0.0065622939728200436,0.015394683927297592,0.00031051007681526244
6657,0.02505958080291748,0.0065610045567154884,0.015394567511975765,0.00031040096655488014
6658,0.025057030841708183,0.0065597789362072945,0.01539426576346159,0.00031029857927933335
6659,0.025054508820176125,0.0065583959221839905,0.015394302085042,0.00031018114532344043
6660,0.025052007287740707,0.00655722338706255,0.015393946319818497,0.00031008379301056266
6661,0.025049544870853424,0.006555834319442511,0.015394062735140324,0.00030996481655165553
6662,0.02504696696996689,0.006554629188030958,0.015393683686852455,0.00030986531055532396
6663,0.025044461712241173,0.006553341634571552,0.015393588691949844,0.000309753289911896
6664,0.0250419769436121,0.006552021484822035,0.015393519774079323,0.0003096434520557523
6665,0.025039495900273323,0.006550806108862162,0.015393281355500221,0.00030954094836488366
6666,0.025036917999386787,0.006549461279064417,0.01539319846779108,0.0003094257554039359
6667,0.025034502148628235,0.006548257078975439,0.015393020585179329,0.0003093223203904927
6668,0.025031981989741325,0.006546942982822657,0.01539292186498642,0.00030921181314624846
6669,0.025029504671692848,0.00654567638412118,0.0153927868232131,0.00030910412897355855
6670,0.025026990100741386,0.006544442381709814,0.015392569825053215,0.0003089977544732392
6671,0.025024453178048134,0.006543118041008711,0.015392495319247246,0.00030888390028849244
6672,0.025021973997354507,0.006541930139064789,0.015392216853797436,0.0003087827062699944
6673,0.02501949854195118,0.006540591362863779,0.015392234548926353,0.0003086673386860639
6674,0.02501698210835457,0.00653935968875885,0.015392008237540722,0.00030856131343171
6675,0.025014515966176987,0.0065381224267184734,0.015391852706670761,0.0003084540367126465
6676,0.02501196786761284,0.00653682230040431,0.015391739085316658,0.0003083405317738652
6677,0.025009574368596077,0.006535626482218504,0.015391556546092033,0.0003082391631323844
6678,0.025007061660289764,0.006534310523420572,0.015391525812447071,0.00030812242766842246
6679,0.02500457875430584,0.006533102598041296,0.0153912752866745,0.00030801998218521476
6680,0.025002004578709602,0.006531817372888327,0.015391116961836815,0.00030790697201155126
6681,0.02499956637620926,0.006530575454235077,0.015391003340482712,0.0003077988512814045
6682,0.024997083470225334,0.006529361940920353,0.01539076492190361,0.0003076957946177572
6683,0.024994585663080215,0.006528019905090332,0.015390817075967789,0.00030757489730603993
6684,0.024992085993289948,0.006526888348162174,0.015390392392873764,0.000307480659103021
6685,0.024989690631628036,0.0065255314111709595,0.015390584245324135,0.0003073575790040195
6686,0.024987181648612022,0.006524373777210712,0.015390221029520035,0.0003072587714996189
6687,0.02498467266559601,0.00652308389544487,0.015390150249004364,0.0003071438695769757
6688,0.024982184171676636,0.0065218484960496426,0.015389978885650635,0.0003070356324315071
6689,0.02497970499098301,0.006520633585751057,0.015389760956168175,0.0003069309168495238
6690,0.024977179244160652,0.006519343703985214,0.015389705076813698,0.0003068129881285131
6691,0.02497478574514389,0.006518177688121796,0.015389472246170044,0.00030671359854750335
6692,0.024972321465611458,0.006516875233501196,0.015389485284686089,0.0003065959899686277
6693,0.024969838559627533,0.006515655666589737,0.015389278531074524,0.0003064903721679002
6694,0.024967342615127563,0.006514464505016804,0.015389049425721169,0.00030638277530670166
6695,0.024964937940239906,0.006513157393783331,0.01538912020623684,0.00030626595253124833
6696,0.02496246062219143,0.006512050982564688,0.015388712286949158,0.00030616961885243654
6697,0.024959959089756012,0.0065106600522994995,0.01538887619972229,0.0003060423769056797
6698,0.024957528337836266,0.006509620696306229,0.015388354659080505,0.00030595524003729224
6699,0.024955056607723236,0.00650818133726716,0.015388675965368748,0.00030581996543332934
6700,0.02495255507528782,0.006507196929305792,0.015387972816824913,0.0003057385329157114
6701,0.024950111284852028,0.006505732890218496,0.015388380736112595,0.00030559964943677187
6702,0.02494768425822258,0.006504720542579889,0.015387794934213161,0.00030551693635061383
6703,0.024945050477981567,0.0065033226273953915,0.01538788340985775,0.0003053844266105443
6704,0.024942699819803238,0.006502240896224976,0.015387548133730888,0.00030529111973010004
6705,0.02494022808969021,0.006500942166894674,0.015387563034892082,0.0003051722305826843
6706,0.024937843903899193,0.00649977196007967,0.015387404710054398,0.0003050668747164309
6707,0.024935340508818626,0.006498561706393957,0.015387183986604214,0.0003049594524782151
6708,0.0249328576028347,0.006497283466160297,0.01538717932999134,0.00030483939917758107
6709,0.02493046224117279,0.0064961970783770084,0.015386812388896942,0.0003047454229090363
6710,0.024927956983447075,0.006494827568531036,0.015386952087283134,0.0003046177444048226
6711,0.024925552308559418,0.006493756081908941,0.015386558137834072,0.0003045239136554301
6712,0.024923082441091537,0.006492422427982092,0.015386674553155899,0.00030439841793850064
6713,0.024920698255300522,0.006491354200989008,0.015386302024126053,0.0003043043543584645
6714,0.024918178096413612,0.006489996798336506,0.015386415645480156,0.00030417644302360713
6715,0.024915771558880806,0.006488976068794727,0.01538592204451561,0.00030408738530240953
6716,0.02491336688399315,0.006487597711384296,0.01538621075451374,0.00030395580688491464
6717,0.024910861626267433,0.006486554630100727,0.015385637059807777,0.00030386695289053023
6718,0.024908456951379776,0.00648518605157733,0.015385923907160759,0.00030373470508493483
6719,0.024906033650040627,0.006484196987003088,0.01538535114377737,0.00030364858685061336
6720,0.02490357495844364,0.006482765078544617,0.015385719016194344,0.0003035090630874038
6721,0.024901174008846283,0.006481815129518509,0.015385045669972897,0.000303431210340932
6722,0.024898776784539223,0.006480385549366474,0.015385491773486137,0.00030328991124406457
6723,0.024896346032619476,0.006479437928646803,0.015384786762297153,0.00030321217491291463
6724,0.024893809109926224,0.00647796830162406,0.015385188162326813,0.00030306517146527767
6725,0.02489142119884491,0.006477092858403921,0.015384379774332047,0.0003029949148185551
6726,0.02488899789750576,0.006475556176155806,0.015385041013360023,0.0003028400242328644
6727,0.02488657273352146,0.0064747571013867855,0.01538400910794735,0.0003027806233149022
6728,0.02488407865166664,0.006473127286881208,0.015384824015200138,0.00030261275242082775
6729,0.02488168329000473,0.006472447421401739,0.015383564867079258,0.0003025671176146716
6730,0.02487935870885849,0.006470690947026014,0.015384847298264503,0.00030238210456445813
6731,0.024876832962036133,0.00647019175812602,0.015383057296276093,0.00030235826852731407
6732,0.02487442083656788,0.006468195002526045,0.015384772792458534,0.0003021452284883708
6733,0.024872055277228355,0.006467966828495264,0.015382528305053711,0.00030215599690563977
6734,0.024869581684470177,0.0064656720496714115,0.015384897589683533,0.000301901251077652
6735,0.024867113679647446,0.006465804763138294,0.01538170501589775,0.00030196053558029234
6736,0.024864746257662773,0.00646307272836566,0.015385188162326813,0.0003016484552063048
6737,0.02486235462129116,0.006463776808232069,0.015380783006548882,0.00030177950975485146
6738,0.024859964847564697,0.006460364907979965,0.015385815873742104,0.00030137840076349676
6739,0.024857554584741592,0.0064619178883731365,0.01537945307791233,0.00030161842005327344
6740,0.024855127558112144,0.006457427982240915,0.015386905521154404,0.00030107947532087564
6741,0.024852711707353592,0.006460324861109257,0.015377426519989967,0.0003014959511347115
6742,0.02485039457678795,0.006454137619584799,0.01538891065865755,0.0003007346822414547
6743,0.024847980588674545,0.0064592184498906136,0.015374405309557915,0.00030143550247885287
6744,0.024845832958817482,0.006450233049690723,0.015392505563795567,0.00030030947527848184
6745,0.024843614548444748,0.006458960007876158,0.015369806438684464,0.00030148474615998566
6746,0.024841591715812683,0.006445261184126139,0.015398874878883362,0.0002997455303557217
6747,0.02483980357646942,0.0064602019265294075,0.015362279489636421,0.0003017321869265288
6748,0.024838419631123543,0.0064383880235254765,0.015410661697387695,0.00029893708415329456
6749,0.02483786642551422,0.0064641074277460575,0.015350351110100746,0.0003023407480213791
6750,0.024838536977767944,0.006428217049688101,0.015433209016919136,0.00029771093977615237
6751,0.024841707199811935,0.006472931709140539,0.015332533046603203,0.0003036241978406906
6752,0.024848908185958862,0.006412196438759565,0.015478994697332382,0.00029577172244898975
6753,0.024863913655281067,0.0064910720102488995,0.015310533344745636,0.00030623076600022614
6754,0.024891870096325874,0.006386001594364643,0.015579151920974255,0.0002926716988440603
6755,0.024946127086877823,0.0065275817178189754,0.01530283410102129,0.0003115712315775454
6756,0.02504037320613861,0.006343127693980932,0.015817664563655853,0.0002879579842556268
6757,0.025222720578312874,0.006601180415600538,0.015393299981951714,0.0003228239656891674
6758,0.025514360517263412,0.006277188193053007,0.01641601137816906,0.0002821161178871989
6759,0.026073692366480827,0.00674831960350275,0.015857037156820297,0.0003468336653895676
6760,0.02679988369345665,0.006194281857460737,0.017812754958868027,0.00027928472263738513
6761,0.028087636455893517,0.007011170964688063,0.01714925467967987,0.0003927210927940905
6762,0.02897281013429165,0.006133020855486393,0.0199815034866333,0.00028582863160409033
6763,0.03017791174352169,0.0072896527126431465,0.018464118242263794,0.00044241410796530545
6764,0.02931208536028862,0.006141778081655502,0.02033408358693123,0.00028362247394397855
6765,0.028113387525081635,0.0071541378274559975,0.016874924302101135,0.00040843270835466683
6766,0.02597464621067047,0.006310587283223867,0.016947120428085327,0.0002716937742661685
6767,0.024907508864998817,0.006601725704967976,0.015261543914675713,0.00030442385468631983
6768,0.025232726708054543,0.006724604405462742,0.015277955681085587,0.00032301677856594324
6769,0.026275455951690674,0.006262943148612976,0.017263269051909447,0.0002749243285506964
6770,0.02715092897415161,0.00698133883997798,0.016453426331281662,0.00037161639193072915
6771,0.02668779157102108,0.006228515412658453,0.017642531543970108,0.0002816744090523571
6772,0.025843700394034386,0.0067765251733362675,0.01571163721382618,0.0003355538356117904
6773,0.024983830749988556,0.006396051496267319,0.01577174663543701,0.0002816032792907208
6774,0.024852627888321877,0.006440152879804373,0.015554215759038925,0.00028582580853253603
6775,0.025329099968075752,0.006678507663309574,0.015448927879333496,0.00032016661134548485
6776,0.025791211053729057,0.006276888307183981,0.016774270683526993,0.0002740051713772118
6777,0.025945721194148064,0.006797376554459333,0.015772854909300804,0.00033754896139726043
6778,0.025525514036417007,0.006302641239017248,0.016500957310199738,0.0002721914497669786
6779,0.02504195272922516,0.0066193449310958385,0.015339238569140434,0.0003083368355873972
6780,0.02479206770658493,0.006474204361438751,0.01543639600276947,0.0002881466643884778
6781,0.024912789463996887,0.006392002105712891,0.015720099210739136,0.0002800687507260591
6782,0.025213591754436493,0.006649956107139587,0.015406925231218338,0.00031567111727781594
6783,0.025359440594911575,0.006311643403023481,0.01627204194664955,0.00027757554198615253
6784,0.025283202528953552,0.0066557289101183414,0.015446947887539864,0.0003180525382049382
6785,0.025012750178575516,0.006357899401336908,0.015856724232435226,0.0002798127243295312
6786,0.02481064572930336,0.006515849381685257,0.015322163701057434,0.00029726329375989735
6787,0.024780267849564552,0.006489438004791737,0.015348872169852257,0.00029419566271826625
6788,0.024894598871469498,0.006377577316015959,0.01570075750350952,0.00028162638773210347
6789,0.02503071166574955,0.006593022029846907,0.01533457636833191,0.00031031129765324295
6790,0.025047065690159798,0.0063390955328941345,0.015919050201773643,0.0002788919664453715
6791,0.02495907060801983,0.006567012052983046,0.015320148319005966,0.00030719104688614607
6792,0.024821758270263672,0.006395493634045124,0.01558608002960682,0.00028401840245351195
6793,0.024750959128141403,0.006461425218731165,0.015366744250059128,0.00029227902996353805
6794,0.02477230690419674,0.006481190212070942,0.015330007299780846,0.00029611081117764115
6795,0.0248393751680851,0.006374781485646963,0.01562332734465599,0.00028412663959898055
6796,0.024892624467611313,0.006530463695526123,0.015311541967093945,0.0003050616942346096
6797,0.024886414408683777,0.006350664887577295,0.015715720131993294,0.00028200302040204406
6798,0.024837464094161987,0.006508536636829376,0.01530096773058176,0.00030279604834504426
6799,0.024771790951490402,0.006387524306774139,0.01552080549299717,0.0002863460686057806
6800,0.024732505902647972,0.006438107695430517,0.01536275539547205,0.00029316433938220143
6801,0.024734999984502792,0.006445528008043766,0.015340728685259819,0.0002948743349406868
6802,0.02476479485630989,0.0063802264630794525,0.015516812913119793,0.0002867754374165088
6803,0.0247934702783823,0.006480047013610601,0.015302334912121296,0.0003011089575011283
6804,0.02479836530983448,0.006358567159622908,0.01559095736593008,0.00028488412499427795
6805,0.024781648069620132,0.0064736539497971535,0.015301121398806572,0.00030068724299781024
6806,0.02475084736943245,0.006371417548507452,0.015510370954871178,0.00028690576436929405
6807,0.024723703041672707,0.006432489957660437,0.015338383615016937,0.000295282865408808
6808,0.024710746482014656,0.006406139116734266,0.015384739264845848,0.0002919867401942611
6809,0.02471448853611946,0.006388011854141951,0.01542975939810276,0.0002896717342082411
6810,0.024727219715714455,0.006437303032726049,0.015326837077736855,0.0002963078732136637
6811,0.02473718672990799,0.006366580259054899,0.015503112226724625,0.0002867493312805891
6812,0.024738484993577003,0.00644828611984849,0.015317162498831749,0.0002973036316689104
6813,0.024729382246732712,0.006367851048707962,0.015500109642744064,0.0002861421962734312
6814,0.02471541240811348,0.006436005234718323,0.015328209847211838,0.0002951197966467589
6815,0.024701543152332306,0.006385468877851963,0.015435473062098026,0.0002880602260120213
6816,0.024692745879292488,0.0064084576442837715,0.015373600646853447,0.0002910686016548425
6817,0.02469070628285408,0.0064095682464540005,0.015369380824267864,0.00029117584927007556
6818,0.02469373494386673,0.006383971311151981,0.015432680025696754,0.00028770818607881665
6819,0.024697549641132355,0.006424766965210438,0.01533924788236618,0.00029335354338400066
6820,0.02469891868531704,0.00637165317311883,0.015463425777852535,0.0002863839326892048
6821,0.024696720764040947,0.006425072439014912,0.015333548188209534,0.0002938101242762059
6822,0.024691302329301834,0.006370518356561661,0.015454193577170372,0.00028665910940617323
6823,0.024684177711606026,0.006413820665329695,0.015344155952334404,0.00029262001044116914
6824,0.024677246809005737,0.006379128899425268,0.015418024733662605,0.00028800920699723065
6825,0.024672025814652443,0.006396293640136719,0.015371883288025856,0.0002903848944697529
6826,0.024669194594025612,0.006391250994056463,0.015379738062620163,0.00028982048388570547
6827,0.024668266996741295,0.006379724945873022,0.015404111705720425,0.0002884431160055101
6828,0.024668147787451744,0.006399103906005621,0.015356576070189476,0.0002912467170972377
6829,0.0246677715331316,0.006369039416313171,0.015425341203808784,0.0002873390621971339
6830,0.024666834622621536,0.00640141824260354,0.015347144566476345,0.00029182707658037543
6831,0.024664679542183876,0.006364812143146992,0.01543106697499752,0.00028688000747933984
6832,0.02466145157814026,0.006398472469300032,0.015348013490438461,0.0002914966025855392
6833,0.024657651782035828,0.00636609410867095,0.015420581214129925,0.00028709773323498666
6834,0.024653684347867966,0.006390371359884739,0.015358753502368927,0.000290456140646711
6835,0.02465001679956913,0.006370559334754944,0.015401309356093407,0.00028781488072127104
6836,0.024646801874041557,0.006380714010447264,0.015374021604657173,0.00028920662589371204
6837,0.024644188582897186,0.006375411059707403,0.015383532270789146,0.0002885245194192976
6838,0.024642152711749077,0.006372006144374609,0.0153892170637846,0.00028809293871745467
6839,0.024640411138534546,0.006379124708473682,0.015369921922683716,0.0002891364856623113
6840,0.024638835340738297,0.006364280823618174,0.015402096323668957,0.0002872458135243505
6841,0.024637166410684586,0.006380116101354361,0.015361130237579346,0.0002895919024012983
6842,0.024635259062051773,0.006358628161251545,0.015408601611852646,0.00028680311515927315
6843,0.024633260443806648,0.0063781412318348885,0.01535849180072546,0.00028966268291696906
6844,0.024630967527627945,0.0063554937951266766,0.015408782288432121,0.00028666917933151126
6845,0.024628618732094765,0.006374833174049854,0.01535915769636631,0.00028946276870556176
6846,0.02462599240243435,0.00635373592376709,0.015405727550387383,0.0002866528811864555
6847,0.024623382836580276,0.006370855960994959,0.015361133962869644,0.0002891393378376961
6848,0.024620819836854935,0.006353175733238459,0.015399821102619171,0.00028678239323198795
6849,0.024618305265903473,0.006366298999637365,0.015365278348326683,0.00028867280343547463
6850,0.024615708738565445,0.006353405769914389,0.015392834320664406,0.00028694680077023804
6851,0.024613210931420326,0.006361952517181635,0.015369575470685959,0.00028816834674216807
6852,0.02461082674562931,0.006353357341140509,0.015387287363409996,0.00028701816336251795
6853,0.024608518928289413,0.006357771344482899,0.015373652800917625,0.000287709292024374
6854,0.024606214836239815,0.006352858152240515,0.015382543206214905,0.0002870813477784395
6855,0.02460397779941559,0.006353545468300581,0.015377895906567574,0.00028725361335091293
6856,0.02460162527859211,0.006352084223181009,0.015378421172499657,0.0002871121105272323
6857,0.024599596858024597,0.006349934730678797,0.015381162986159325,0.0002868499723263085
6858,0.024597300216555595,0.006351015996187925,0.015375833958387375,0.0002870450261980295
6859,0.024595128372311592,0.006346768233925104,0.015383420512080193,0.0002864939742721617
6860,0.02459297515451908,0.006349930074065924,0.015373196452856064,0.0002869847521651536
6861,0.024590833112597466,0.006343528628349304,0.015385915525257587,0.00028613899485208094
6862,0.02458871342241764,0.006348815746605396,0.015370515175163746,0.0002869382733479142
6863,0.024586468935012817,0.006340415682643652,0.015387955121695995,0.0002858099469449371
6864,0.024584388360381126,0.0063476539216935635,0.015367970801889896,0.0002868764859158546
6865,0.024582332000136375,0.0063372449949383736,0.01539035513997078,0.00028547330293804407
6866,0.024580251425504684,0.006346729584038258,0.015364673919975758,0.0002868847514037043
6867,0.024578288197517395,0.006333441939204931,0.015394005924463272,0.00028508392279036343
6868,0.024576378986239433,0.006346292793750763,0.015360228717327118,0.00028698574169538915
6869,0.024574540555477142,0.006329058203846216,0.015399254858493805,0.00028462274349294603
6870,0.024573031812906265,0.006346580572426319,0.015354668721556664,0.00028717820532619953
6871,0.02457163669168949,0.0063237957656383514,0.015407636761665344,0.00028402041061781347
6872,0.02457069791853428,0.006348294671624899,0.015346694737672806,0.00028757075779139996
6873,0.02457037940621376,0.006316927261650562,0.015421580523252487,0.0002831873425748199
6874,0.024570900946855545,0.006352218333631754,0.01533578708767891,0.0002882896806113422
6875,0.024572834372520447,0.006307749543339014,0.015444694086909294,0.0002820391964633018
6876,0.024577049538493156,0.006359676364809275,0.015322026796638966,0.000289534596959129
6877,0.02458435297012329,0.006294880993664265,0.01548551395535469,0.00028039596509188414
6878,0.024597369134426117,0.006373238749802113,0.015306767076253891,0.00029173638904467225
6879,0.02461807243525982,0.006276056170463562,0.01556173525750637,0.0002780280774459243
6880,0.024654101580381393,0.0063973055221140385,0.015300087630748749,0.0002956709358841181
6881,0.024708736687898636,0.006248395424336195,0.01571289636194706,0.00027474435046315193
6882,0.024805109947919846,0.006440429482609034,0.015335576608777046,0.00030291048460640013
6883,0.024945832788944244,0.0062085404060781,0.01603124476969242,0.00027060462161898613
6884,0.025201698765158653,0.006519177462905645,0.01551508903503418,0.0003167431859765202
6885,0.025546766817569733,0.006155140697956085,0.016723696142435074,0.0002667929802555591
6886,0.02619560807943344,0.006663763429969549,0.016096331179142,0.0003435513935983181
6887,0.026922447606921196,0.006096241530030966,0.018154891207814217,0.00026713137049227953
6888,0.028307674452662468,0.0069125196896493435,0.017478536814451218,0.00039166180067695677
6889,0.029228752478957176,0.006056454032659531,0.0204190481454134,0.00027532497188076377
6890,0.03093292936682701,0.007219891529530287,0.019213838502764702,0.00044991981121711433
6891,0.030436422675848007,0.00605736905708909,0.021624932065606117,0.00027541222516447306
6892,0.029989751055836678,0.00723780645057559,0.018347125500440598,0.000440481846453622
6893,0.02737538143992424,0.006139231380075216,0.01871158555150032,0.00025245643337257206
6894,0.02541150152683258,0.006723746657371521,0.015428917482495308,0.0003258837095927447
6895,0.02460532635450363,0.006456710398197174,0.015356488525867462,0.00027921271976083517
6896,0.025245485827326775,0.00625428045168519,0.01640462875366211,0.00025865776115097106
6897,0.026556245982646942,0.006831457372754812,0.01625540480017662,0.00034693829366005957
6898,0.02711452916264534,0.006126872263848782,0.018282288685441017,0.00027053680969402194
6899,0.027162954211235046,0.0068387314677238464,0.016761498525738716,0.0003562723286449909
6900,0.025946076959371567,0.006181433796882629,0.017093217000365257,0.00026714272098615766
6901,0.024954546242952347,0.006547116674482822,0.015420656651258469,0.0002986774779856205
6902,0.02454203926026821,0.006387248635292053,0.015423821285367012,0.0002730968699324876
6903,0.024872608482837677,0.006276440806686878,0.015962382778525352,0.00026337834424339235
6904,0.02552746795117855,0.006645345129072666,0.01570098102092743,0.00031811429653316736
6905,0.025774464011192322,0.0061759864911437035,0.01702345348894596,0.0002575024263933301
6906,0.02566358633339405,0.006674281787127256,0.01579781249165535,0.0003191491705365479
6907,0.02509709633886814,0.006237014662474394,0.016272272914648056,0.0002587808121461421
6908,0.024659838527441025,0.0064586736261844635,0.015347441658377647,0.00028537242906168103
6909,0.02454121969640255,0.006399787962436676,0.015364601276814938,0.0002776829060167074
6910,0.02473120205104351,0.006275543477386236,0.01580529846251011,0.000265036040218547
6911,0.02503218688070774,0.006537056993693113,0.015482250601053238,0.0003012878878507763
6912,0.02514088898897171,0.006222167517989874,0.016287196427583694,0.0002631523529998958
6913,0.025058135390281677,0.006546154618263245,0.015484252944588661,0.00030277276528067887
6914,0.024780241772532463,0.006257578730583191,0.015901751816272736,0.00026209119823761284
6915,0.02455633506178856,0.006417681463062763,0.015317719429731369,0.0002820934751071036
6916,0.024500519037246704,0.006369465496391058,0.015371034853160381,0.00027600195608101785
6917,0.024603426456451416,0.006286333780735731,0.015656063333153725,0.00026610278291627765
6918,0.02474820800125599,0.00647358363494277,0.015337001532316208,0.0002937622193712741
6919,0.024801818653941154,0.0062443772330880165,0.0159305389970541,0.0002626901550684124
6920,0.02475905977189541,0.006463630590587854,0.015357661992311478,0.00029377680039033294
6921,0.02463136985898018,0.006269510835409164,0.015690073370933533,0.000267178489593789
6922,0.024522926658391953,0.006376506295055151,0.01532605942338705,0.00028203605324961245
6923,0.0244794599711895,0.006327843759208918,0.015391471795737743,0.00027601432520896196
6924,0.024508368223905563,0.0062922402285039425,0.015496129170060158,0.0002719998301472515
6925,0.024574028328061104,0.006391179747879505,0.015316160395741463,0.0002866688009817153
6926,0.024622026830911636,0.00624789809808135,0.015706170350313187,0.00026679589063860476
6927,0.02462991327047348,0.006408020853996277,0.015314657241106033,0.00029072348843328655
6928,0.02458467148244381,0.006252365652471781,0.01565186306834221,0.0002680443285498768
6929,0.02452649176120758,0.006365169771015644,0.015311580151319504,0.00028497420134954154
6930,0.02447863668203354,0.0062877642922103405,0.015454469248652458,0.0002736403257586062
6931,0.02446013316512108,0.0063094631768763065,0.015380486845970154,0.0002770184073597193
6932,0.024469636380672455,0.006327369716018438,0.015344751998782158,0.00027975134435109794
6933,0.02449333481490612,0.006267511751502752,0.015509871765971184,0.00027159511228092015
6934,0.024516791105270386,0.0063535901717841625,0.015318317338824272,0.000284488225588575
6935,0.024525154381990433,0.006247970275580883,0.015581775456666946,0.00026954070199280977
6936,0.024517536163330078,0.006352938711643219,0.015315050259232521,0.00028495461447164416
6937,0.024494171142578125,0.006257262080907822,0.015530111268162727,0.00027067968039773405
6938,0.024468103423714638,0.006330431904643774,0.015331273898482323,0.00028063965146429837
6939,0.024447746574878693,0.006283882539719343,0.015430562198162079,0.0002733300789259374
6940,0.024438753724098206,0.0063019259832799435,0.015379883348941803,0.0002756942994892597
6941,0.02444029413163662,0.006309625692665577,0.015362168662250042,0.00027684998349286616
6942,0.02444750815629959,0.006275545805692673,0.015450218692421913,0.00027217427850700915
6943,0.0244553554803133,0.006326454225927591,0.0153303612023592,0.00027985405176877975
6944,0.024459486827254295,0.006260461639612913,0.0154962707310915,0.00027027542819269
6945,0.024458492174744606,0.006328997202217579,0.015325238928198814,0.0002804254472721368
6946,0.02445155568420887,0.006261020433157682,0.015484293922781944,0.00027062412118539214
6947,0.02444160357117653,0.0063166068866848946,0.015336213633418083,0.000278878171229735
6948,0.02443086728453636,0.006269508507102728,0.015438830479979515,0.0002722528879530728
6949,0.024422412738204002,0.0062981657683849335,0.015358047559857368,0.00027661994681693614
6950,0.02441725693643093,0.006280479487031698,0.015395592898130417,0.00027411841438151896
6951,0.02441505715250969,0.006280539091676474,0.015391970053315163,0.00027425476582720876
6952,0.02441505715250969,0.00629200367256999,0.015363587997853756,0.00027594665880315006
6953,0.02441609650850296,0.006266303360462189,0.015426840633153915,0.0002722952631302178
6954,0.024417078122496605,0.0062986197881400585,0.015345554798841476,0.00027729032444767654
6955,0.02441728673875332,0.0062580229714512825,0.015444179996848106,0.0002715082955546677
6956,0.024416353553533554,0.006298461463302374,0.015340879559516907,0.00027770112501457334
6957,0.024413855746388435,0.006255540996789932,0.015444024465978146,0.0002714288712013513
6958,0.024410204961895943,0.006294842343777418,0.015342896804213524,0.00027724646497517824
6959,0.02440592646598816,0.006256266962736845,0.01543417014181614,0.00027154889539815485
6960,0.024401549249887466,0.006288196425884962,0.015349842607975006,0.00027635094011202455
6961,0.024397268891334534,0.006259255111217499,0.015416238456964493,0.0002721776254475117
6962,0.02439345419406891,0.006279052700847387,0.015362264588475227,0.0002752135624177754
6963,0.024390164762735367,0.0062634386122226715,0.01539649534970522,0.00027302323724143207
6964,0.024387286975979805,0.006270645651966333,0.015375282615423203,0.000274135876679793
6965,0.024384910240769386,0.006266677286475897,0.015381545759737492,0.0002736687602009624
6966,0.024383027106523514,0.006263028364628553,0.015386734157800674,0.00027332635363563895
6967,0.024381348863244057,0.006268154364079237,0.0153702013194561,0.0002742992655839771
6968,0.02437983639538288,0.006255266256630421,0.015398137271404266,0.0002726433449424803
6969,0.02437838539481163,0.006268438883125782,0.015361513942480087,0.0002748433034867048
6970,0.02437690459191799,0.0062492541037499905,0.015406470745801926,0.00027211796259507537
6971,0.02437542751431465,0.00626794109120965,0.0153567586094141,0.00027507281629368663
6972,0.02437402680516243,0.006245219148695469,0.015411142259836197,0.0002717665920499712
6973,0.024372508749365807,0.006267485674470663,0.01535261794924736,0.00027524051256477833
6974,0.024370945990085602,0.006241331342607737,0.015415636822581291,0.00027139781741425395
6975,0.024369526654481888,0.006267331540584564,0.015347635373473167,0.0002754560555331409
6976,0.024368029087781906,0.006237591616809368,0.015420403331518173,0.0002710033440962434
6977,0.024366743862628937,0.006267079617828131,0.015344160608947277,0.0002755504392553121
6978,0.024365723133087158,0.0062339394353330135,0.015425866469740868,0.0002705915831029415
6979,0.02436482161283493,0.006267141550779343,0.015340590849518776,0.000275708909612149
6980,0.024364210665225983,0.0062290760688483715,0.015434730798006058,0.0002700402692425996
6981,0.024364158511161804,0.0062682777643203735,0.015334597788751125,0.0002761281793937087
6982,0.024364681914448738,0.006223080679774284,0.015448309481143951,0.00026932917535305023
6983,0.02436637692153454,0.006271061487495899,0.015327760949730873,0.00027675533783622086
6984,0.024368979036808014,0.006215919740498066,0.015468908473849297,0.0002684150240384042
6985,0.024373946711421013,0.006276512052863836,0.015319623053073883,0.000277781073236838
6986,0.024381034076213837,0.006206110585480928,0.015503551810979843,0.00026713722036220133
6987,0.024392634630203247,0.006286078132688999,0.01531093381345272,0.0002795621403492987
6988,0.024408746510744095,0.006192551925778389,0.015562143176794052,0.0002654050476849079
6989,0.024435022845864296,0.006301978137344122,0.015308396890759468,0.0002824646944645792
6990,0.024470185860991478,0.006174381356686354,0.01566419191658497,0.0002631612296681851
6991,0.024528494104743004,0.006328243296593428,0.015327250584959984,0.0002872999757528305
6992,0.024604499340057373,0.006149552762508392,0.015851197764277458,0.00026037494535557926
6993,0.024734510108828545,0.006371987517923117,0.015406465157866478,0.00029560562688857317
6994,0.024895772337913513,0.006116785109043121,0.01620490849018097,0.00025740786804817617
6995,0.025182966142892838,0.006445306818932295,0.015637613832950592,0.00031000454328022897
6996,0.025504404678940773,0.006077875383198261,0.0168711319565773,0.00025553980958648026
6997,0.02610200271010399,0.006566306110471487,0.01618998311460018,0.0003345712902955711
6998,0.026632167398929596,0.006040073931217194,0.018022745847702026,0.0002569347561802715
6999,0.027659432962536812,0.006746654398739338,0.017197109758853912,0.0003715670027304441
7000,0.028131743893027306,0.0060170418582856655,0.01950257644057274,0.0002612124371808022
7001,0.029143087565898895,0.0069315009750425816,0.018146635964512825,0.00040649500442668796
7002,0.028652023524045944,0.0060202027671039104,0.020051179453730583,0.0002580641594249755
7003,0.028336236253380775,0.006921825464814901,0.01748253032565117,0.00039318803464993834
7004,0.02667962573468685,0.0060753901489079,0.018161939457058907,0.0002442296827211976
7005,0.025368714705109596,0.006600100081413984,0.01560494676232338,0.0003163666697219014
7006,0.024477893486618996,0.0062533169984817505,0.015670957043766975,0.0002553619851823896
7007,0.02442515827715397,0.006250524427741766,0.01561136543750763,0.0002563267189543694
7008,0.024997565895318985,0.006499154958873987,0.015518926084041595,0.0002979485725518316
7009,0.025672879070043564,0.006098845507949591,0.01704474538564682,0.00025292878854088485
7010,0.026283949613571167,0.006623449269682169,0.01637980155646801,0.00032806984381750226
7011,0.02612319588661194,0.006076502148061991,0.017458664253354073,0.00025880304747261107
7012,0.025830674916505814,0.006570899393409491,0.016061611473560333,0.00031981643405742943
7013,0.0250846054404974,0.0061325011774897575,0.01645500585436821,0.00024970967206172645
7014,0.024542799219489098,0.006395805161446333,0.015330536291003227,0.0002816457417793572
7015,0.02431451342999935,0.0062749432399868965,0.015428954735398293,0.0002610615047160536
7016,0.02444751001894474,0.006212204694747925,0.01569909043610096,0.0002536215470172465
7017,0.024782966822385788,0.006437548901885748,0.01545657031238079,0.0002888847084250301
7018,0.02503468096256256,0.006126930471509695,0.016415007412433624,0.0002492741623427719
7019,0.025165997445583344,0.0064825089648365974,0.01569087617099285,0.0002992611553054303
7020,0.024984611198306084,0.006132736336439848,0.016327787190675735,0.0002524087321944535
7021,0.024747999384999275,0.006409041583538055,0.015466103330254555,0.00028728542383760214
7022,0.02447250485420227,0.00619117496535182,0.015737855806946754,0.00025434745475649834
7023,0.02431752160191536,0.006298466119915247,0.01533401571214199,0.0002685040235519409
7024,0.02430548146367073,0.006280922330915928,0.015370342880487442,0.0002654217532835901
7025,0.024399518966674805,0.006200253497809172,0.01564682461321354,0.0002552440855652094
7026,0.02453261986374855,0.006364455912262201,0.015365593135356903,0.00028025719802826643
7027,0.024609537795186043,0.006153249181807041,0.015952812507748604,0.00025034756981767714
7028,0.024624694138765335,0.006378223653882742,0.01539434865117073,0.00028521224157884717
7029,0.024543369188904762,0.006162839010357857,0.01584409363567829,0.00025364357861690223
7030,0.024438217282295227,0.006325539201498032,0.015332253649830818,0.00027804248384200037
7031,0.024333009496331215,0.006200471427291632,0.015544680878520012,0.0002587856724858284
7032,0.024273278191685677,0.006255375687032938,0.015345626510679722,0.0002672275295481086
7033,0.024267802014946938,0.006244485266506672,0.015361557714641094,0.00026617597904987633
7034,0.024303404614329338,0.006195246707648039,0.015506073832511902,0.00026020838413387537
7035,0.0243561789393425,0.006285075098276138,0.015319965779781342,0.0002751137362793088
7036,0.024397213011980057,0.006160644348710775,0.015671782195568085,0.00025647858274169266
7037,0.024418769404292107,0.0063018216751515865,0.015324439853429794,0.00027925067115575075
7038,0.024406492710113525,0.006156604737043381,0.01568705402314663,0.00025628338335081935
7039,0.024379096925258636,0.006287734489887953,0.01531834527850151,0.00027730161673389375
7040,0.02433520182967186,0.006169431377202272,0.015583906322717667,0.0002581865119282156
7041,0.024294661357998848,0.006257283966988325,0.015316304750740528,0.0002721073688007891
7042,0.024262061342597008,0.006188761442899704,0.015463645569980145,0.0002609653165563941
7043,0.024244001135230064,0.006221455987542868,0.01535931508988142,0.0002663230407051742
7044,0.024240104481577873,0.006214092951267958,0.015374284237623215,0.00026517262449488044
7045,0.024247020483016968,0.006190089974552393,0.01544191688299179,0.0002615014382172376
7046,0.02425985224545002,0.006236919201910496,0.015332049690186977,0.00026908828294835985
7047,0.024273185059428215,0.006172624416649342,0.015509359538555145,0.0002591201919130981
7048,0.02428470551967621,0.006249203812330961,0.015322774648666382,0.0002712726127356291
7049,0.02428942732512951,0.006166068371385336,0.01554119773209095,0.0002582161105237901
7050,0.024289574474096298,0.006252880673855543,0.015318544581532478,0.0002718148462008685
7051,0.024282613769173622,0.0061644031666219234,0.015542332082986832,0.00025758787523955107
7052,0.024273358285427094,0.006247024983167648,0.015317635610699654,0.0002708698739297688
7053,0.024260835722088814,0.006168295629322529,0.015508681535720825,0.0002583859022706747
7054,0.024248609319329262,0.006232324987649918,0.01532867643982172,0.00026876089395955205
7055,0.024236707016825676,0.0061761741526424885,0.015459328889846802,0.0002601204614620656
7056,0.02422681823372841,0.00621718680486083,0.01534294243901968,0.00026666902704164386
7057,0.02421884983778,0.006183156743645668,0.01542116142809391,0.00026145315496250987
7058,0.024212993681430817,0.006204443983733654,0.015358170494437218,0.00026503807748667896
7059,0.02420913428068161,0.006189300213009119,0.015392716974020004,0.00026271180831827223
7060,0.024206718429923058,0.006191690918058157,0.015382194891571999,0.0002632832038216293
7061,0.024205362424254417,0.006195503287017345,0.015369318425655365,0.0002640539896674454
7062,0.024204891175031662,0.006181165110319853,0.015406003221869469,0.00026177216204814613
7063,0.024204783141613007,0.006199964787811041,0.015355382114648819,0.0002649436064530164
7064,0.02420511096715927,0.0061741783283650875,0.01542177889496088,0.00026091549079865217
7065,0.02420572191476822,0.006203186698257923,0.015345711261034012,0.0002656824071891606
7066,0.024206537753343582,0.006167272571474314,0.015438046306371689,0.00026012194575741887
7067,0.024207936599850655,0.006206692196428776,0.015334965661168098,0.00026662778691388667
7068,0.024209443479776382,0.006159695331007242,0.015457924455404282,0.00025918244500644505
7069,0.024211948737502098,0.006209706887602806,0.015327965840697289,0.0002674275601748377
7070,0.02421492524445057,0.006152709946036339,0.015478178858757019,0.00025840368471108377
7071,0.024219676852226257,0.006213109940290451,0.015323704108595848,0.00026828618138097227
7072,0.024225516244769096,0.006144711282104254,0.015505812130868435,0.0002574993413873017
7073,0.024234946817159653,0.006219787057489157,0.015316779725253582,0.0002698381431400776
7074,0.02424650639295578,0.006134097930043936,0.015550952404737473,0.00025614560581743717
7075,0.02426501363515854,0.006230482365936041,0.015312639996409416,0.0002721889759413898
7076,0.024287816137075424,0.006120716687291861,0.015621477738022804,0.0002545621828176081
7077,0.024324651807546616,0.006246087606996298,0.015323089435696602,0.0002755474706646055
7078,0.024369746446609497,0.006103228777647018,0.015739284455776215,0.00025272322818636894
7079,0.02444494515657425,0.006271796766668558,0.015363654121756554,0.0002809494035318494
7080,0.0245349183678627,0.006080282386392355,0.01595029979944229,0.0002504334843251854
7081,0.02469024434685707,0.00631550420075655,0.015474570915102959,0.0002900169347412884
7082,0.02486509084701538,0.006052490323781967,0.01632985658943653,0.00024827438755892217
7083,0.025180233642458916,0.006386888213455677,0.015741661190986633,0.00030516847618855536
7084,0.025490880012512207,0.0060222516767680645,0.01699277199804783,0.0002475854998920113
7085,0.026077745482325554,0.006497756578028202,0.01628800481557846,0.00032919846125878394
7086,0.02650965005159378,0.005995817016810179,0.018017828464508057,0.00024960041628219187
7087,0.02737683430314064,0.00664669880643487,0.01712132804095745,0.00036088089109398425
7088,0.027625907212495804,0.005982994567602873,0.019116327166557312,0.00025265858857892454
7089,0.028290782123804092,0.0067711458541452885,0.017683634534478188,0.0003836001851595938
7090,0.027715828269720078,0.005990448873490095,0.019239917397499084,0.0002485460718162358
7091,0.027307303622364998,0.006724810693413019,0.01695133000612259,0.0003631164145190269
7092,0.026000862941145897,0.006038778927177191,0.01758361980319023,0.00023784639779478312
7093,0.024998802691698074,0.0064630755223333836,0.015549153089523315,0.0002986574254464358
7094,0.024307874962687492,0.00617288937792182,0.01567019522190094,0.0002464790013618767
7095,0.024203360080718994,0.0061940839514136314,0.01550593227148056,0.0002503342693671584
7096,0.024556590244174004,0.006354230921715498,0.01541068870574236,0.0002791671431623399
7097,0.02506490983068943,0.006065860856324434,0.01655241847038269,0.0002446630678605288
7098,0.025587767362594604,0.00646750396117568,0.016053415834903717,0.00030668461113236845
7099,0.025666920468211174,0.006032357458025217,0.01714330166578293,0.00024912619846872985
7100,0.025667201727628708,0.006471757777035236,0.01609324850142002,0.0003102193586528301
7101,0.025193285197019577,0.006052194628864527,0.01670987904071808,0.0002431211614748463
7102,0.02476644515991211,0.006376512348651886,0.015512516722083092,0.0002877415681723505
7103,0.02435261756181717,0.006133488845080137,0.01576717011630535,0.0002451958425808698
7104,0.02416561357676983,0.0062258983962237835,0.015364471822977066,0.00025752425426617265
7105,0.0242090355604887,0.006256338208913803,0.01532788760960102,0.00026248101494275033
7106,0.024400804191827774,0.0061132344417274,0.015863487496972084,0.00024240814673248678
7107,0.024637283757328987,0.006342546083033085,0.015501074492931366,0.00027936635888181627
7108,0.02475462481379509,0.006073490716516972,0.016237808391451836,0.0002443324192427099
7109,0.02480575256049633,0.006351708900183439,0.015601972118020058,0.00028520714840851724
7110,0.024658244103193283,0.006081616040319204,0.016122983768582344,0.0002453644701745361
7111,0.02448824606835842,0.0063071176409721375,0.015421725809574127,0.0002759402268566191
7112,0.024287231266498566,0.006121489685028791,0.01572059653699398,0.00024451446370221674
7113,0.024158963933587074,0.006227830890566111,0.015326092019677162,0.0002605041372589767
7114,0.024119306355714798,0.006186754908412695,0.015393410809338093,0.00025391404051333666
7115,0.024159153923392296,0.006147713866084814,0.015522286295890808,0.0002489153412170708
7116,0.02424198016524315,0.006246034521609545,0.015330024063587189,0.00026659213472157717
7117,0.02431737259030342,0.006103122141212225,0.015759149566292763,0.0002455100475344807
7118,0.024373343214392662,0.006264226045459509,0.015377810224890709,0.00027313060127198696
7119,0.024368703365325928,0.00609142379835248,0.015806568786501884,0.00024707114789634943
7120,0.02434161677956581,0.006250098347663879,0.015366662293672562,0.0002724856894928962
7121,0.02427598647773266,0.00609710393473506,0.015703264623880386,0.00024756178027018905
7122,0.024214424192905426,0.006219940725713968,0.015319908037781715,0.00026745765353552997
7123,0.0241584163159132,0.006117395590990782,0.01553979329764843,0.0002501226554159075
7124,0.024121500551700592,0.006179102696478367,0.015333585441112518,0.0002608813811093569
7125,0.024103514850139618,0.006147903855890036,0.015398381277918816,0.00025572290178388357
7126,0.024101853370666504,0.006141973193734884,0.015411708503961563,0.00025481710326857865
7127,0.024111416190862656,0.006172258406877518,0.015335370786488056,0.00026037884526886046
7128,0.024126507341861725,0.006117868237197399,0.015493272803723812,0.000251536606810987
7129,0.02414417266845703,0.006185195874422789,0.015327252447605133,0.0002631723473314196
7130,0.02415815368294716,0.006102558225393295,0.015557527542114258,0.00024980679154396057
7131,0.024170788004994392,0.006192871369421482,0.01532750017940998,0.0002650414826348424
7132,0.024176018312573433,0.00609439006075263,0.015594394877552986,0.0002487233141437173
7133,0.024178585037589073,0.0061949677765369415,0.01532590202987194,0.00026577158132568
7134,0.024172920733690262,0.006095509976148605,0.015586880967020988,0.0002490530605427921
7135,0.024165086448192596,0.006191063206642866,0.015324380248785019,0.00026496415375731885
7136,0.024151362478733063,0.006100849714130163,0.015554006211459637,0.0002496506494935602
7137,0.024137422442436218,0.006184037774801254,0.015319380909204483,0.00026340040494687855
7138,0.024121446534991264,0.006104628089815378,0.01551961712539196,0.0002497202076483518
7139,0.024107322096824646,0.0061729042790830135,0.015320591628551483,0.00026138266548514366
7140,0.024094294756650925,0.006108280271291733,0.015481778420507908,0.0002504236763343215
7141,0.024084147065877914,0.006158275064080954,0.015334735624492168,0.0002591136726550758
7142,0.024075821042060852,0.006112698931246996,0.015445160679519176,0.00025179609656333923
7143,0.02406955510377884,0.006146313156932592,0.015348013490438461,0.00025752271176315844
7144,0.02406444028019905,0.006115779280662537,0.015421634539961815,0.0002527025935705751
7145,0.024060338735580444,0.006139007862657309,0.015354057773947716,0.0002567271876614541
7146,0.02405678667128086,0.006118133198469877,0.015406126156449318,0.0002532527141738683
7147,0.024053450673818588,0.006132477428764105,0.015363030135631561,0.000255794235272333
7148,0.024050397798419,0.006120635196566582,0.01539122499525547,0.0002538537955842912
7149,0.024047739803791046,0.006125765386968851,0.015374848619103432,0.0002547125914134085
7150,0.024045277386903763,0.006121558602899313,0.015381615608930588,0.00025421034661121666
7151,0.024043116718530655,0.006120763253420591,0.015380822122097015,0.00025415309937670827
7152,0.024041227996349335,0.006121027749031782,0.015376524068415165,0.0002543676528148353
7153,0.024039562791585922,0.006116535514593124,0.015384344384074211,0.0002538682601880282
7154,0.02403803914785385,0.006121177226305008,0.015369059517979622,0.0002547802578192204
7155,0.024036649614572525,0.006111734081059694,0.01539123896509409,0.00025336764520034194
7156,0.024035245180130005,0.006121742073446512,0.015360899269580841,0.0002552604128140956
7157,0.02403409034013748,0.006106994580477476,0.015398649498820305,0.0002528445329517126
7158,0.024032993242144585,0.006121799815446138,0.015355685725808144,0.0002555508690420538
7159,0.02403220161795616,0.006102072540670633,0.015406545251607895,0.00025235835346393287
7160,0.02403200976550579,0.006122838240116835,0.015348417684435844,0.00025607540737837553
7161,0.024032654240727425,0.006095300894230604,0.015421818941831589,0.0002515533415134996
7162,0.024034574627876282,0.00612639868631959,0.01533627137541771,0.0002571904333308339
7163,0.024038514122366905,0.0060860528610646725,0.015448730438947678,0.0002503730938769877
7164,0.02404593490064144,0.006132945884019136,0.015324026346206665,0.0002588963834568858
7165,0.024058301001787186,0.006073889322578907,0.01549600437283516,0.0002488408063072711
7166,0.024079982191324234,0.006145424675196409,0.015317240729928017,0.0002617316786199808
7167,0.024113956838846207,0.006056697573512793,0.015591162256896496,0.0002466097357682884
7168,0.024174001067876816,0.00617050239816308,0.015331626869738102,0.0002671871625352651
7169,0.02426491677761078,0.006032012868672609,0.015796693041920662,0.00024362103431485593
7170,0.024430815130472183,0.006219014525413513,0.015431851148605347,0.0002779949572868645
7171,0.024669567123055458,0.0059988959692418575,0.01625930890440941,0.00024113614927046
7172,0.02512538433074951,0.006312953773885965,0.015811437740921974,0.00030009925831109285
7173,0.02571280486881733,0.005961739458143711,0.017318710684776306,0.00024323562684003264
7174,0.026893630623817444,0.00649822736158967,0.016939299181103706,0.0003456103731878102
7175,0.02805507741868496,0.005939148366451263,0.019533291459083557,0.00025826378259807825
7176,0.03047921136021614,0.006832461338490248,0.01937735266983509,0.0004269396304152906
7177,0.031432151794433594,0.00595302227884531,0.022638747468590736,0.000284038222162053
7178,0.03359438106417656,0.0071899727918207645,0.021398544311523438,0.0005005865241400898
7179,0.03138376772403717,0.005967669188976288,0.02272990718483925,0.00026861930382438004
7180,0.029248187318444252,0.006981136742979288,0.018084196373820305,0.000418285490013659
7181,0.025677228346467018,0.006053043995052576,0.01738952286541462,0.00022346620971802622
7182,0.02412266470491886,0.006290307734161615,0.015299569815397263,0.00025327870389446616
7183,0.024897489696741104,0.006478355266153812,0.01550151314586401,0.000291762116830796
7184,0.026644257828593254,0.006007614079862833,0.018210291862487793,0.00024263524392154068
7185,0.02805788628757,0.006753265857696533,0.017689384520053864,0.0003615235909819603
7186,0.027094775810837746,0.0059875613078475,0.0184896569699049,0.000261755776591599
7187,0.02583693340420723,0.006461104843765497,0.01633022539317608,0.00030456038075499237
7188,0.024465637281537056,0.006112880539149046,0.01587367244064808,0.0002479084359947592
7189,0.02430933155119419,0.006163749378174543,0.015604959800839424,0.00025406217901036143
7190,0.025073323398828506,0.0063827186822891235,0.01566121354699135,0.00030293912277556956
7191,0.02568897418677807,0.006062896456569433,0.016993343830108643,0.000263273308519274
7192,0.025745175778865814,0.006475269328802824,0.0161665678024292,0.00031033391132950783
7193,0.02495810016989708,0.006033760495483875,0.016631359234452248,0.00022929803526494652
7194,0.02433359995484352,0.006292938720434904,0.015423037111759186,0.00026176226674579084
7195,0.02421211078763008,0.006191778928041458,0.015430046245455742,0.00025902860215865076
7196,0.024557724595069885,0.006110046990215778,0.01590231992304325,0.0002545356983318925
7197,0.024896420538425446,0.006362611893564463,0.015571936033666134,0.000296187266940251
7198,0.02480391226708889,0.006054733879864216,0.016322104260325432,0.00024270724679809064
7199,0.024483883753418922,0.006288489792495966,0.015527344308793545,0.0002668048837222159
7200,0.024180211126804352,0.0061096609570086,0.015653880313038826,0.00024166707589756697
7201,0.02416444569826126,0.00616403529420495,0.015472277998924255,0.0002528131881263107
7202,0.02434208244085312,0.0062262690626084805,0.01538114994764328,0.0002734663721639663
7203,0.02446042187511921,0.006109404843300581,0.015768349170684814,0.0002582667220849544
7204,0.024385983124375343,0.006251193583011627,0.015412814915180206,0.0002721974451560527
7205,0.024181602522730827,0.0060769300907850266,0.01574796624481678,0.00023567062453366816
7206,0.024062706157565117,0.0061905961483716965,0.015334546566009521,0.0002537563268560916
7207,0.02409103512763977,0.006131065543740988,0.01545640267431736,0.0002503566793166101
7208,0.024192683398723602,0.006117215845733881,0.015510761179029942,0.0002564705500844866
7209,0.024240989238023758,0.006184428930282593,0.015334544703364372,0.0002722015487961471
7210,0.024172605946660042,0.006071789190173149,0.015634287148714066,0.0002466529840603471
7211,0.024058565497398376,0.006155028939247131,0.015337228775024414,0.0002566307666711509
7212,0.023999568074941635,0.006081949453800917,0.015479430556297302,0.0002438187802908942
7213,0.024029437452554703,0.006114369723945856,0.015397465787827969,0.0002517601242288947
7214,0.024091338738799095,0.006117334123700857,0.015387475490570068,0.00025865284260362387
7215,0.02411412075161934,0.0060976846143603325,0.015451906248927116,0.000256453116890043
7216,0.024073047563433647,0.006121174897998571,0.01536914985626936,0.00025827233912423253
7217,0.02400031127035618,0.006076556630432606,0.015460498631000519,0.00024632574059069157
7218,0.023958075791597366,0.00611052755266428,0.015347985550761223,0.0002499562397133559
7219,0.023970119655132294,0.006077953148633242,0.015446873381733894,0.0002445293648634106
7220,0.02401016652584076,0.006100240163505077,0.01539463922381401,0.00025152863236144185
7221,0.024034980684518814,0.006098039448261261,0.015398437157273293,0.0002538504486437887
7222,0.024020850658416748,0.006084803957492113,0.015433771535754204,0.0002502274583093822
7223,0.023978350684046745,0.006096953526139259,0.015374492853879929,0.00025069035473279655
7224,0.02393999882042408,0.0060851420275866985,0.015398356132209301,0.00024565006606280804
7225,0.023931123316287994,0.006086369976401329,0.015398362651467323,0.00024463902809657156
7226,0.023948146030306816,0.006094438023865223,0.01537886168807745,0.0002474846551194787
7227,0.023969098925590515,0.006086584180593491,0.015407639555633068,0.00024748750729486346
7228,0.02397450990974903,0.0060890112072229385,0.015398800373077393,0.00024866979219950736
7229,0.023959780111908913,0.006087121553719044,0.015387123450636864,0.00024855343508534133
7230,0.023936863988637924,0.00607684999704361,0.015404859557747841,0.0002455154317431152
7231,0.02392180822789669,0.006084956228733063,0.015375989489257336,0.0002460861869622022
7232,0.023921292275190353,0.006071148905903101,0.01540958322584629,0.00024405616568401456
7233,0.023928919807076454,0.0060873390175402164,0.015367727726697922,0.00024738535284996033
7234,0.023934580385684967,0.006066536996513605,0.015423404984176159,0.0002444637066219002
7235,0.02393210306763649,0.006082592532038689,0.015365660190582275,0.0002483850403223187
7236,0.023922044783830643,0.0060682217590510845,0.015404673293232918,0.0002449149324093014
7237,0.023911425843834877,0.006069546099752188,0.01539246179163456,0.00024494173703715205
7238,0.02390616573393345,0.006077747792005539,0.01536921039223671,0.00024592073168605566
7239,0.023907242342829704,0.006060515996068716,0.01542165782302618,0.00024250682326965034
7240,0.023910794407129288,0.006081680301576853,0.015358591452240944,0.0002470523177180439
7241,0.023912379518151283,0.006058018654584885,0.015422370284795761,0.00024319901422131807
7242,0.023909514769911766,0.0060771736316382885,0.015362892299890518,0.0002469447790645063
7243,0.023902837187051773,0.006057270802557468,0.01541237160563469,0.00024331966415047646
7244,0.023895911872386932,0.006071164738386869,0.01536695845425129,0.0002457788505125791
7245,0.023891521617770195,0.006059703882783651,0.015397789888083935,0.00024340279924217612
7246,0.02389029785990715,0.006062986794859171,0.015383467078208923,0.00024438451509922743
7247,0.02389071322977543,0.006064123939722776,0.0153751689940691,0.00024514191318303347
7248,0.023890964686870575,0.00605445122346282,0.01540079340338707,0.00024357195070479065
7249,0.023889558389782906,0.006064484361559153,0.015364255756139755,0.0002460819378029555
7250,0.023886289447546005,0.006051320116966963,0.015399910509586334,0.0002435057540424168
7251,0.02388247847557068,0.006060528568923473,0.015369215980172157,0.0002452734624966979
7252,0.02387925609946251,0.006050384137779474,0.015392426401376724,0.00024364463752135634
7253,0.02387731708586216,0.006055864039808512,0.015373002737760544,0.0002448451123200357
7254,0.023876402527093887,0.0060476865619421005,0.015390289947390556,0.00024384261632803828
7255,0.02387574315071106,0.006051915232092142,0.015374301932752132,0.0002449526509735733
7256,0.02387450449168682,0.006046055816113949,0.015386564657092094,0.00024418855900876224
7257,0.02387245185673237,0.006048937793821096,0.015377584844827652,0.0002445929276291281
7258,0.02386963739991188,0.006045096553862095,0.015383139252662659,0.00024414030485786498
7259,0.023866815492510796,0.0060477363876998425,0.015374895185232162,0.00024441827554255724
7260,0.023864377290010452,0.006041805725544691,0.01538709457963705,0.00024354767811018974
7261,0.023862428963184357,0.006047425325959921,0.015367595478892326,0.0002447407168801874
7262,0.023860828951001167,0.006038448307663202,0.015391458757221699,0.00024309221771545708
7263,0.023859508335590363,0.006046274211257696,0.015365571714937687,0.00024476618273183703
7264,0.023858025670051575,0.006036974024027586,0.015390674583613873,0.000243037793552503
7265,0.02385621704161167,0.0060440609231591225,0.015366973355412483,0.00024451815988868475
7266,0.02385418862104416,0.006035141181200743,0.015388989821076393,0.0002430057938909158
7267,0.023851923644542694,0.006041534710675478,0.015366205945611,0.0002444183046463877
7268,0.02384975180029869,0.006032933015376329,0.015387875959277153,0.00024289438442792743
7269,0.02384786680340767,0.0060390145517885685,0.015366766601800919,0.00024420861154794693
7270,0.023846199735999107,0.006031844764947891,0.015385031700134277,0.00024293233582284302
7271,0.023844609037041664,0.006036614999175072,0.015369132161140442,0.00024388615565840155
7272,0.023843150585889816,0.006030383985489607,0.015383012592792511,0.00024297535128425807
7273,0.023841680958867073,0.006035123020410538,0.01536746695637703,0.0002439091622363776
7274,0.023840177804231644,0.006027404684573412,0.015385814011096954,0.00024269598361570388
7275,0.023838654160499573,0.00603485107421875,0.015362190082669258,0.0002441614051349461
7276,0.023837175220251083,0.006023935042321682,0.015391217544674873,0.00024220232444349676
7277,0.02383599244058132,0.006035132799297571,0.015357090160250664,0.00024437697720713913
7278,0.023835107684135437,0.006019772030413151,0.015398881398141384,0.00024164537899196148
7279,0.02383485622704029,0.006036168895661831,0.015350442379713058,0.0002448243321850896
7280,0.023835258558392525,0.006014047656208277,0.015412840992212296,0.00024083699099719524
7281,0.023837031796574593,0.006039195228368044,0.015340622514486313,0.00024572148686274886
7282,0.023840319365262985,0.006006904877722263,0.015436435118317604,0.0002396977652097121
7283,0.023846615105867386,0.006044900510460138,0.015330648981034756,0.00024710659636184573
7284,0.023856474086642265,0.005997783038765192,0.015475338324904442,0.0002383353712502867
7285,0.023874014616012573,0.006054613273590803,0.015324697829782963,0.0002494703803677112
7286,0.023900488391518593,0.005984682124108076,0.015549913048744202,0.00023658927239011973
7287,0.023947402834892273,0.0060724979266524315,0.015335548669099808,0.0002539354609325528
7288,0.024015724658966064,0.005965864285826683,0.015705619007349014,0.0002344241365790367
7289,0.024140935391187668,0.006105921231210232,0.015409067273139954,0.00026259469450451434
7290,0.024314163252711296,0.0059401728212833405,0.016045335680246353,0.00023286549549084157
7291,0.02464943751692772,0.0061691696755588055,0.015678443014621735,0.0002801823429763317
7292,0.025064345449209213,0.005908660124987364,0.016808541491627693,0.0002347144327359274
7293,0.0259283147752285,0.0062925308011472225,0.016473999246954918,0.0003161783388350159
7294,0.02675778977572918,0.005879981443285942,0.01843537576496601,0.00024424330331385136
7295,0.028639378026127815,0.006521994713693857,0.01831122487783432,0.00038061587838456035
7296,0.029490193352103233,0.00586916645988822,0.021067434921860695,0.0002553591039031744
7297,0.03181653097271919,0.006829177029430866,0.020522579550743103,0.0004464776429813355
7298,0.030620599165558815,0.00587281072512269,0.022424904629588127,0.00023228843929246068
7299,0.030022110790014267,0.006862472277134657,0.01904372125864029,0.00041159175452776253
7300,0.026798222213983536,0.005916085094213486,0.018881309777498245,0.0002000826789299026
7301,0.024621794000267982,0.00637900410220027,0.01540773268789053,0.0002835057966876775
7302,0.02397909201681614,0.00617216108366847,0.015346160158514977,0.00024607699015177786
7303,0.024937311187386513,0.005983652081340551,0.01674003154039383,0.00022136267216410488
7304,0.026604285463690758,0.006496654357761145,0.016902176663279533,0.0003205454268027097
7305,0.02707495167851448,0.00591244688257575,0.018660636618733406,0.0002501866838429123
7306,0.02722962386906147,0.006460468750447035,0.017405536025762558,0.00033636181615293026
7307,0.02565937675535679,0.0059499735943973064,0.017166858538985252,0.0002542544389143586
7308,0.024431683123111725,0.006207887548953295,0.015573026612401009,0.00026507690199650824
7309,0.023858729749917984,0.006090651731938124,0.01543550193309784,0.00023325750953517854
7310,0.024228829890489578,0.006018323358148336,0.015902923420071602,0.00023075829085428268
7311,0.025019489228725433,0.0062788100913167,0.01594148948788643,0.00027991898241452873
7312,0.025309786200523376,0.0059422836638987064,0.017065905034542084,0.0002301596978213638
7313,0.025251416489481926,0.006329648196697235,0.016078457236289978,0.0002843310358002782
7314,0.024547843262553215,0.005971645470708609,0.01634049043059349,0.00022357070702128112
7315,0.024015404284000397,0.006147378124296665,0.015388531610369682,0.0002479494141880423
7316,0.023890187963843346,0.006112142466008663,0.015335353091359138,0.00024426926393061876
7317,0.024140218272805214,0.005993010010570288,0.01594054326415062,0.0002206665085395798
7318,0.024474970996379852,0.006228040903806686,0.01563778519630432,0.0002609145303722471
7319,0.024537961930036545,0.005968937184661627,0.01632680557668209,0.00022422186157200485
7320,0.024407902732491493,0.006190557032823563,0.01564040221273899,0.00025769442436285317
7321,0.02406429871916771,0.006008955184370279,0.015785515308380127,0.00022698291286360472
7322,0.023845266550779343,0.006093182135373354,0.01537887379527092,0.0002373211900703609
7323,0.023850588127970695,0.006086579989641905,0.015385429374873638,0.0002378579811193049
7324,0.024006273597478867,0.006012554746121168,0.015695776790380478,0.00022979422647040337
7325,0.024161111563444138,0.006159174256026745,0.015443134121596813,0.0002558802952989936
7326,0.024168318137526512,0.0059714666567742825,0.015983326360583305,0.00022135245671961457
7327,0.024065794423222542,0.006137397140264511,0.015405832789838314,0.000252256344538182
7328,0.023894302546977997,0.005989632569253445,0.015646252781152725,0.00022584153339266777
7329,0.02378757670521736,0.0060445093549788,0.01537749171257019,0.0002365576074225828
7330,0.02378171496093273,0.006046590395271778,0.015342306345701218,0.00023928197333589196
7331,0.023847736418247223,0.005987938027828932,0.015581930987536907,0.00022778681886848062
7332,0.023931508883833885,0.006084681488573551,0.01536017470061779,0.0002486652520019561
7333,0.023968996480107307,0.005976107902824879,0.015690430998802185,0.00023024580150377005
7334,0.02395034022629261,0.006080465856939554,0.01538095809519291,0.0002488916215952486
7335,0.023876087740063667,0.005978028289973736,0.01561035867780447,0.00022877001902088523
7336,0.023804251104593277,0.006050041876733303,0.015332198701798916,0.00024220114573836327
7337,0.023760154843330383,0.006000061519443989,0.015452327206730843,0.00023077658261172473
7338,0.02375488542020321,0.0060057081282138824,0.015418769791722298,0.00023304067144636065
7339,0.023781077936291695,0.006038759835064411,0.01535172201693058,0.00023905951820779592
7340,0.023814771324396133,0.005974754691123962,0.015574238263070583,0.0002265776420244947
7341,0.02383539453148842,0.006055563222616911,0.015342753380537033,0.00024370783648919314
7342,0.02383015677332878,0.005973144434392452,0.015573425218462944,0.0002283588983118534
7343,0.023809488862752914,0.006042344029992819,0.015357976779341698,0.000240916691836901
7344,0.02377791702747345,0.00598699739202857,0.015480165369808674,0.00023107544984668493
7345,0.023752082139253616,0.006022194400429726,0.015360877849161625,0.00023690095986239612
7346,0.023740092292428017,0.0060005490668118,0.01541261188685894,0.00023269325902219862
7347,0.023741256445646286,0.005998407956212759,0.015404893085360527,0.00023379552294500172
7348,0.0237496979534626,0.0060159387066960335,0.015363482758402824,0.0002370275615248829
7349,0.023759253323078156,0.005976863205432892,0.015484049916267395,0.0002298339968547225
7350,0.02376522310078144,0.006026059854775667,0.01533840224146843,0.00024007618776522577
7351,0.02376258745789528,0.005970327649265528,0.01550245564430952,0.00022898043971508741
7352,0.023754272609949112,0.006018720101565123,0.015349075198173523,0.00023864761169534177
7353,0.023742277175188065,0.005976154934614897,0.015455588698387146,0.0002310533163836226
7354,0.023730825632810593,0.006004352122545242,0.015365852043032646,0.00023606212926097214
7355,0.02372189611196518,0.0059836246073246,0.01541578583419323,0.00023224856704473495
7356,0.023717334493994713,0.005993874277919531,0.015379231423139572,0.0002344227978028357
7357,0.023716814815998077,0.005991507321596146,0.0153895802795887,0.00023357264581136405
7358,0.02371830679476261,0.0059832497499883175,0.015409203246235847,0.0002325852692592889
7359,0.023720500990748405,0.0059999278746545315,0.015361358411610126,0.0002359214995522052
7360,0.023721996694803238,0.005972821731120348,0.01544124074280262,0.00023079350648913532
7361,0.023721802979707718,0.006001709494739771,0.015350261703133583,0.00023698325094301254
7362,0.023719236254692078,0.005969346966594458,0.015443012118339539,0.0002306876704096794
7363,0.023715464398264885,0.005996146239340305,0.015358848497271538,0.00023604686430189759
7364,0.02371067926287651,0.005970641504973173,0.015425227582454681,0.00023148090986069292
7365,0.02370564080774784,0.005990116391330957,0.015364058315753937,0.00023514671192970127
7366,0.023700827732682228,0.005971267353743315,0.015411611646413803,0.0002317947946721688
7367,0.023696888238191605,0.0059847463853657246,0.015364082530140877,0.00023480590607505292
7368,0.02369384840130806,0.00597308948636055,0.015396419912576675,0.00023243379837367684
7369,0.023691557347774506,0.005977349821478128,0.015376992523670197,0.00023372161376755685
7370,0.023690052330493927,0.005976423621177673,0.015376986935734749,0.00023366426466964185
7371,0.023689091205596924,0.005969808902591467,0.015395112335681915,0.0002324168453924358
7372,0.02368832565844059,0.005977076943963766,0.015367886982858181,0.00023433617025148124
7373,0.023687658831477165,0.005965196993201971,0.015400907024741173,0.00023215549299493432
7374,0.023686964064836502,0.005975842475891113,0.015367656946182251,0.00023434647300746292
7375,0.023686159402132034,0.005962356459349394,0.01540309377014637,0.00023207087360788137
7376,0.023685090243816376,0.005976053886115551,0.015362478792667389,0.00023465571575798094
7377,0.023683954030275345,0.005959445610642433,0.015409965068101883,0.0002314543235115707
7378,0.023682642728090286,0.005976027809083462,0.015356557443737984,0.00023500584939029068
7379,0.02368117868900299,0.005957489367574453,0.015411163680255413,0.00023125266307033598
7380,0.023679669946432114,0.005973846651613712,0.01535851415246725,0.00023473083274438977
7381,0.023678114637732506,0.005956599954515696,0.0154064130038023,0.00023151017376221716
7382,0.023676645010709763,0.005971464328467846,0.015360752120614052,0.0002344430104130879
7383,0.023675251752138138,0.0059549384750425816,0.01540603768080473,0.00023142759164329618
7384,0.023674126714468002,0.005969971884042025,0.015358027070760727,0.0002346129040233791
7385,0.02367306500673294,0.00595253799110651,0.015407929196953773,0.00023125960433389992
7386,0.02367250807583332,0.005968221928924322,0.015357070602476597,0.0002347215631743893
7387,0.023672252893447876,0.005950906779617071,0.015406755730509758,0.0002314588928129524
7388,0.023672746494412422,0.0059663946740329266,0.015359295532107353,0.00023470559972338378
7389,0.023673830553889275,0.005949435289949179,0.015407240018248558,0.0002317154430784285
7390,0.023676220327615738,0.005965845193713903,0.015358409844338894,0.00023519656679127365
7391,0.02368013560771942,0.005947233643382788,0.015413247048854828,0.00023196545953396708
7392,0.023686468601226807,0.005966631229966879,0.01535585056990385,0.00023639881692361087
7393,0.023695752024650574,0.00594519404694438,0.015422116033732891,0.00023284419148694724
7394,0.023710085079073906,0.005968101788312197,0.015357781201601028,0.0002384203253313899
7395,0.02373029850423336,0.0059439619071781635,0.015435220673680305,0.00023511159815825522
7396,0.02376120164990425,0.005971367470920086,0.015365867875516415,0.00024239659251179546
7397,0.023804081603884697,0.005943843629211187,0.015460621565580368,0.00023996157688088715
7398,0.023868536576628685,0.005979267414659262,0.015382244251668453,0.0002507025492377579
7399,0.02395598217844963,0.00594713632017374,0.015507565811276436,0.00025012792320922017
7400,0.024083010852336884,0.005994753446429968,0.015419065952301025,0.0002669190871529281
7401,0.024243798106908798,0.005957238841801882,0.01558847725391388,0.000269808282610029
7402,0.024458972737193108,0.006020300090312958,0.015492228791117668,0.0002946443564724177
7403,0.024684514850378036,0.00597326410934329,0.01571626588702202,0.0002994984097313136
7404,0.024929460138082504,0.006052678916603327,0.015594680793583393,0.0003282100660726428
7405,0.025062238797545433,0.005979148671030998,0.01587541587650776,0.00032076737261377275
7406,0.025113364681601524,0.006072887219488621,0.01566184125840664,0.0003378636029083282
7407,0.02492550015449524,0.005946247838437557,0.016014214605093002,0.00029650377109646797
7408,0.0247265063226223,0.006074018310755491,0.015636533498764038,0.00030159534071572125
7409,0.02447439730167389,0.005886988248676062,0.01621352508664131,0.00023738830350339413
7410,0.024523403495550156,0.006104256492108107,0.01570790447294712,0.00027112424140796065
7411,0.02477099373936653,0.005857608746737242,0.01676676608622074,0.00021466179168783128
7412,0.0254563819617033,0.006207098253071308,0.01622338593006134,0.00030258993501774967
7413,0.026169592514634132,0.005872483365237713,0.01784772053360939,0.0002449387975502759
7414,0.02726944163441658,0.006367835681885481,0.017263641580939293,0.00036379630910232663
7415,0.027746656909585,0.005882464814931154,0.019217416644096375,0.00026467759744264185
7416,0.028625598177313805,0.006497170310467482,0.01832127943634987,0.0003807148605119437
7417,0.02818012610077858,0.005856652744114399,0.019947325810790062,0.00023761457123328
7418,0.028524961322546005,0.006488635670393705,0.01831982098519802,0.00037165041430853307
7419,0.02720230259001255,0.005893913563340902,0.01880679838359356,0.00025015894789248705
7420,0.026476172730326653,0.006321248598396778,0.016486801207065582,0.00036681239726021886
7421,0.02506185695528984,0.006008822005242109,0.016287580132484436,0.0002765453536994755
7422,0.024141458794474602,0.006057118531316519,0.015425119549036026,0.00026592196081764996
7423,0.023925770074129105,0.006113080773502588,0.015335503034293652,0.00024771864991635084
7424,0.024439403787255287,0.005897498223930597,0.01644222065806389,0.00020996852254029363
7425,0.025386471301317215,0.00621566129848361,0.01625644601881504,0.0002914362703450024
7426,0.025746449828147888,0.005890263244509697,0.017140943557024002,0.00027152421534992754
7427,0.025828037410974503,0.0062102037481963634,0.01642025262117386,0.00031975802266970277
7428,0.024904290214180946,0.005899333860725164,0.0165402889251709,0.000246466719545424
7429,0.024121224880218506,0.006103442050516605,0.01551269181072712,0.00025050906697288156
7430,0.023725859820842743,0.005956720095127821,0.015614074654877186,0.0002155066467821598
7431,0.023866577073931694,0.005992772523313761,0.015459679067134857,0.00024141262110788375
7432,0.024222081527113914,0.006071623880416155,0.015519807115197182,0.00026306507061235607
7433,0.024406304582953453,0.0059142219834029675,0.016112541779875755,0.00023795409651938826
7434,0.024446940049529076,0.006121946964412928,0.015713194385170937,0.0002611799573060125
7435,0.02426767349243164,0.005886122118681669,0.016258642077445984,0.00021229080448392779
7436,0.024156145751476288,0.00609145313501358,0.015543241053819656,0.00025214525521732867
7437,0.023999106138944626,0.0059203035198152065,0.015825914219021797,0.00022528870613314211
7438,0.023835331201553345,0.006023938301950693,0.015363121405243874,0.00024482718436047435
7439,0.02369501255452633,0.005965714808553457,0.01544126681983471,0.00022880305186845362
7440,0.02367858961224556,0.005943670868873596,0.015512446872889996,0.00022224706481210887
7441,0.023799359798431396,0.00602860888466239,0.015405859798192978,0.00023648905334994197
7442,0.02394375391304493,0.005904250778257847,0.015879712998867035,0.00021597913291770965
7443,0.024013187736272812,0.006065986584872007,0.01542452909052372,0.00025226708385162055
7444,0.02392422966659069,0.00589942978695035,0.01586989313364029,0.00021549065422732383
7445,0.023775625973939896,0.006021417677402496,0.015353308990597725,0.00024008991022128612
7446,0.023650506511330605,0.005926149431616068,0.015524432063102722,0.00021999252203386277
7447,0.02361033298075199,0.005956122186034918,0.015384978614747524,0.00022692322090733796
7448,0.023631583899259567,0.005963149014860392,0.01535058580338955,0.00023178505944088101
7449,0.023669205605983734,0.005917491856962442,0.015528550371527672,0.00022231641924008727
7450,0.02369815483689308,0.005978498142212629,0.015362772159278393,0.00023568840697407722
7451,0.02371324971318245,0.005897013936191797,0.015632901340723038,0.00021833338541910052
7452,0.02373289316892624,0.0059841894544661045,0.015376308932900429,0.00023723948106635362
7453,0.02373594418168068,0.005895232316106558,0.015650538727641106,0.00021901726722717285
7454,0.023722637444734573,0.005978010594844818,0.015363063663244247,0.00023815625172574073
7455,0.02367217466235161,0.005906036589294672,0.015546686947345734,0.00022194514167495072
7456,0.023616423830389977,0.005953347776085138,0.015355879440903664,0.0002307196700712666
7457,0.023575101047754288,0.00591842969879508,0.015432896092534065,0.0002223775809397921
7458,0.02356325276196003,0.005932541564106941,0.015381135046482086,0.00022495757730212063
7459,0.02357371523976326,0.005931487772613764,0.01539231464266777,0.00022499127953778952
7460,0.023589925840497017,0.005918576847761869,0.01543471124023199,0.00022366389748640358
7461,0.023601317778229713,0.0059453342109918594,0.015367574989795685,0.00022884078498464078
7462,0.023605721071362495,0.005904132965952158,0.015499794855713844,0.00022017944138497114
7463,0.023610394448041916,0.005956586915999651,0.015339069068431854,0.0002314739249413833
7464,0.023612914606928825,0.005896471440792084,0.015536190010607243,0.00021802536502946168
7465,0.023613929748535156,0.0059583731926977634,0.015333939343690872,0.0002321617939742282
7466,0.02360602840781212,0.005897994618862867,0.015519160777330399,0.0002188872022088617
7467,0.023591795936226845,0.005948856007307768,0.015341824851930141,0.00023011151643004268
7468,0.02357328310608864,0.00590108148753643,0.01547442190349102,0.0002197778958361596
7469,0.023557880893349648,0.005934582557529211,0.015348099172115326,0.0002275197912240401
7470,0.02354823797941208,0.005906411912292242,0.015425747260451317,0.00022160785738378763
7471,0.023543940857052803,0.005921570584177971,0.01536737009882927,0.0002254999417345971
7472,0.023541530594229698,0.005913976114243269,0.015385206788778305,0.00022423474001698196
7473,0.023538775742053986,0.005911124404519796,0.015394916757941246,0.00022327344049699605
7474,0.02353576570749283,0.005917971022427082,0.015364653430879116,0.0002253141428809613
7475,0.023534443229436874,0.00590410316362977,0.015410946682095528,0.00022193940822035074
7476,0.023535555228590965,0.005919089075177908,0.015361996367573738,0.00022544697276316583
7477,0.02353842742741108,0.005899823736399412,0.015422265976667404,0.0002216337452409789
7478,0.023541513830423355,0.0059217349626123905,0.015355975367128849,0.00022638023074250668
7479,0.02354324981570244,0.0058957599103450775,0.015439055860042572,0.0002208433870691806
7480,0.023544037714600563,0.005924387369304895,0.015344774350523949,0.00022748771880287677
7481,0.023544173687696457,0.005890805274248123,0.015453802421689034,0.00021995663701090962
7482,0.02354545332491398,0.005925037898123264,0.015340222977101803,0.0002280191984027624
7483,0.023547369986772537,0.005886034574359655,0.015467718243598938,0.00021936175471637398
7484,0.023550961166620255,0.005926080979406834,0.015338769182562828,0.00022861095203552395
7485,0.023554399609565735,0.0058815027587115765,0.01548750139772892,0.00021853951329831034
7486,0.02355920523405075,0.005928510334342718,0.015334444120526314,0.000229624958592467
7487,0.02356417290866375,0.0058766514994204044,0.01551024615764618,0.00021772754553239793
7488,0.023572899401187897,0.005931294988840818,0.015333772636950016,0.00023078324738889933
7489,0.02358313836157322,0.00587138906121254,0.015539795160293579,0.0002171953528886661
7490,0.0236007422208786,0.005935847759246826,0.015340634621679783,0.00023242610041052103
7491,0.02362070232629776,0.005864480976015329,0.015593767166137695,0.000216245447518304
7492,0.023653807118535042,0.0059447744861245155,0.015357648953795433,0.00023513830092269927
7493,0.023690933361649513,0.005854713264852762,0.01569029502570629,0.00021459261188283563
7494,0.02375471219420433,0.0059602833352983,0.015398889780044556,0.0002395538322161883
7495,0.023825598880648613,0.005842757411301136,0.01585555076599121,0.00021272923913784325
7496,0.023951610550284386,0.005986418575048447,0.015496701002120972,0.00024684902746230364
7497,0.024084055796265602,0.005829323083162308,0.0161450132727623,0.00021097190619911999
7498,0.024329369887709618,0.006029426585882902,0.01571255549788475,0.0002587387280073017
7499,0.024556966498494148,0.005815241485834122,0.016642717644572258,0.00020990069606341422
7500,0.02500462345778942,0.006095755845308304,0.016138996928930283,0.00027698700432665646
7501,0.025325333699584007,0.005804006941616535,0.017412202432751656,0.00021091234521009028
7502,0.026020387187600136,0.006187818944454193,0.01681501232087612,0.000301755586406216
7503,0.026263432577252388,0.00579955754801631,0.01833157241344452,0.00021323017426766455
7504,0.026972539722919464,0.00628311512991786,0.01744784042239189,0.0003241584636271
7505,0.02669600024819374,0.005801502149552107,0.018786132335662842,0.0002108364860760048
7506,0.02675224095582962,0.006303776986896992,0.017241422086954117,0.00032070421730168164
7507,0.025764457881450653,0.005813384894281626,0.017927071079611778,0.00020240014418959618
7508,0.025004316121339798,0.006177627015858889,0.01604625955224037,0.00027804309502243996
7509,0.024094853550195694,0.005861151497811079,0.016206830739974976,0.0002026871225098148
7510,0.02359696291387081,0.00598570890724659,0.01534625981003046,0.0002264993527205661
7511,0.023513682186603546,0.005956333130598068,0.015347279608249664,0.00022100690694060177
7512,0.023765742778778076,0.005866653751581907,0.015845363959670067,0.00020537248929031193
7513,0.024198245257139206,0.006046689115464687,0.01568976417183876,0.00024617911549285054
7514,0.02453390322625637,0.005826595239341259,0.016588421538472176,0.000211888735066168
7515,0.02486668899655342,0.006088934373110533,0.016124416142702103,0.00026533385971561074
7516,0.02476867288351059,0.005820082500576973,0.016787590458989143,0.00021610008843708783
7517,0.024658937007188797,0.0060796961188316345,0.015936147421598434,0.00026430931757204235
7518,0.024229617789387703,0.005838134791702032,0.01630101352930069,0.00020904687698930502
7519,0.023874294012784958,0.006012602709233761,0.015452135354280472,0.00024095542903523892
7520,0.023583102971315384,0.0058878688141703606,0.015591660514473915,0.00021035742247477174
7521,0.02347731590270996,0.005920608527958393,0.01540301088243723,0.00021536955318879336
7522,0.02354174479842186,0.00595497153699398,0.01535220630466938,0.0002234566054539755
7523,0.023702604696154594,0.005862738471478224,0.015770573168992996,0.00020692920952569693
7524,0.023891309276223183,0.005997875239700079,0.015521866269409657,0.0002371568261878565
7525,0.02398264780640602,0.005844161845743656,0.01602771319448948,0.000211077174753882
7526,0.024029310792684555,0.0060042813420295715,0.01559939794242382,0.0002425631246296689
7527,0.02392200566828251,0.0058460296131670475,0.01597847416996956,0.00020975025836378336
7528,0.02379966527223587,0.005984470713883638,0.015454431995749474,0.00023607623006682843
7529,0.023639431223273277,0.005862016696482897,0.01570710726082325,0.0002070308109978214
7530,0.023524053394794464,0.005939980503171682,0.015336391516029835,0.00022476815502159297
7531,0.02346334233880043,0.005891561973839998,0.015432235784828663,0.00021395436488091946
7532,0.023462943732738495,0.005890351720154285,0.015422424301505089,0.00021501659648492932
7533,0.023506028577685356,0.005920665804296732,0.01534485723823309,0.00022405055642593652
7534,0.023565784096717834,0.0058584571816027164,0.01558920182287693,0.00021181251213420182
7535,0.023628726601600647,0.005934462882578373,0.015390736050903797,0.00023035277263261378
7536,0.023664001375436783,0.005844034254550934,0.01569678634405136,0.00021231817663647234
7537,0.023689361289143562,0.005939841270446777,0.015421940013766289,0.0002327580441487953
7538,0.02367444708943367,0.005839454475790262,0.015735452994704247,0.0002099540870403871
7539,0.023655153810977936,0.005940713454037905,0.015390608459711075,0.0002323832450201735
7540,0.02361013926565647,0.005842992570251226,0.015685128048062325,0.00020820175996050239
7541,0.02356666885316372,0.005928897298872471,0.015349171124398708,0.00022885999351274222
7542,0.0235182736068964,0.00585433142259717,0.015558329410851002,0.00021056119294371456
7543,0.023479605093598366,0.005906640086323023,0.01534397341310978,0.00022289925254881382
7544,0.023450331762433052,0.005866893567144871,0.01544496975839138,0.00021384675346780568
7545,0.023433484137058258,0.005885170307010412,0.015366999432444572,0.0002181314630433917
7546,0.023427652195096016,0.005876443814486265,0.015387998893857002,0.0002163209137506783
7547,0.02343059331178665,0.00586830684915185,0.015409661456942558,0.00021526252385228872
7548,0.0234393198043108,0.0058863479644060135,0.015358582139015198,0.00021943892352283
7549,0.023451067507267,0.0058555277064442635,0.015468776226043701,0.00021267635747790337
7550,0.023464959114789963,0.0058966223150491714,0.015339812263846397,0.00022285248269326985
7551,0.023477455601096153,0.005847548600286245,0.015519336797297001,0.00021105710766278207
7552,0.02349005453288555,0.00590268149971962,0.01533790398389101,0.00022494695440400392
7553,0.023498471826314926,0.00584295904263854,0.015548460185527802,0.00021070527145639062
7554,0.023507479578256607,0.0059042214415967464,0.015345636755228043,0.00022576212359126657
7555,0.023511961102485657,0.0058386544696986675,0.015571454539895058,0.00021018520055804402
7556,0.023519832640886307,0.005904813297092915,0.015351706184446812,0.0002263313072035089
7557,0.02352374792098999,0.005834536161273718,0.015595225617289543,0.00020939861133228987
7558,0.02353372983634472,0.005906024947762489,0.015357921831309795,0.00022697835811413825
7559,0.02353975921869278,0.005831620190292597,0.0156171303242445,0.00020910096645820886
7560,0.023554395884275436,0.005908736027777195,0.01536665577441454,0.00022790042567066848
7561,0.023564541712403297,0.005828548222780228,0.01564992591738701,0.00020860678341705352
7562,0.023587027564644814,0.005914468318223953,0.015376515686511993,0.0002296042803209275
7563,0.023603973910212517,0.005823626648634672,0.01570751518011093,0.00020728321396745741
7564,0.02363879792392254,0.005922690499573946,0.01539514772593975,0.00023209599021356553
7565,0.023666799068450928,0.005817202385514975,0.015788882970809937,0.00020607133046723902
7566,0.023722469806671143,0.005932552274316549,0.015436473302543163,0.0002353445306653157
7567,0.023768726736307144,0.005809866823256016,0.0159032940864563,0.00020555667288135737
7568,0.02386062778532505,0.005947102326899767,0.015512160956859589,0.00024013641814235598
7569,0.023935506120324135,0.005801541730761528,0.01608392223715782,0.0002050042530754581
7570,0.02408599480986595,0.005970973055809736,0.01564100943505764,0.0002474011271260679
7571,0.02419758029282093,0.005792959127575159,0.01636250875890255,0.0002042112173512578
7572,0.02443096973001957,0.006005972623825073,0.015849607065320015,0.0002575390099082142
7573,0.02456778474152088,0.005785653833299875,0.016741756349802017,0.00020403743837960064
7574,0.024883903563022614,0.006049878429621458,0.016135122627019882,0.00026989018078893423
7575,0.02498232200741768,0.005780921317636967,0.017158716917037964,0.00020426840637810528
7576,0.025300418958067894,0.006092903669923544,0.016400357708334923,0.0002807156997732818
7577,0.025232113897800446,0.0057798526249825954,0.01741906628012657,0.00020331944688223302
7578,0.025366349145770073,0.0061112972907722,0.016431324183940887,0.00028237278456799686
7579,0.025034911930561066,0.005784148816019297,0.01724248379468918,0.00020082791161257774
7580,0.02484852820634842,0.006078143138438463,0.01608515903353691,0.00026852265000343323
7581,0.02436874806880951,0.005798524245619774,0.01657780632376671,0.00019924184016417712
7582,0.024016989395022392,0.005997453350573778,0.015590529888868332,0.00024290061264764518
7583,0.0236671045422554,0.0058283731341362,0.01581753045320511,0.00020212001982145011
7584,0.023460716009140015,0.005909828003495932,0.015361483208835125,0.00021894047677051276
7585,0.023379085585474968,0.00586948124691844,0.01540456060320139,0.00021050441137049347
7586,0.02340801991522312,0.005848546978086233,0.015495521947741508,0.00020639502326957881
7587,0.023512212559580803,0.005909763276576996,0.01538190245628357,0.00022205461573321372
7588,0.02364581637084484,0.005815532058477402,0.015795277431607246,0.00020350074919406325
7589,0.023802638053894043,0.005942247342318296,0.015525679104030132,0.00023347111709881574
7590,0.023904474452137947,0.0057999445125460625,0.016068696975708008,0.00020358318579383194
7591,0.02402212843298912,0.005964567419141531,0.015641387552022934,0.00024161723558790982
7592,0.024024449288845062,0.0057952324859797955,0.0161972027271986,0.00020320137264207006
7593,0.024046804755926132,0.005970832891762257,0.015641363337635994,0.00024346073041670024
7594,0.023945307359099388,0.005799786187708378,0.01611875183880329,0.0002026768052019179
7595,0.023867551237344742,0.005955342203378677,0.01553390920162201,0.00023783008509781212
7596,0.02372051030397415,0.005812579300254583,0.015876712277531624,0.0002031217736657709
7597,0.02360558696091175,0.005922481417655945,0.015409119427204132,0.00022739855921827257
7598,0.023491285741329193,0.005830672569572926,0.015608739107847214,0.00020518746168818325
7599,0.023414552211761475,0.00588478846475482,0.015359851531684399,0.00021699121862184256
7600,0.02336844615638256,0.0058495644479990005,0.015429334715008736,0.00020895470515824854
7601,0.023353097960352898,0.0058526331558823586,0.015402034856379032,0.00020984295406378806
7602,0.023361779749393463,0.005865574814379215,0.015356870368123055,0.0002139333519153297
7603,0.02338670939207077,0.005829472094774246,0.015494199469685555,0.0002063037100015208
7604,0.023422852158546448,0.005877695977687836,0.015352010726928711,0.00021931454830337316
7605,0.02346101775765419,0.005814097356051207,0.015595829114317894,0.0002051090996246785
7606,0.023506561294198036,0.005886999424546957,0.015376497060060501,0.00022430640819948167
7607,0.023543264716863632,0.005803993437439203,0.015691231936216354,0.00020480400417000055
7608,0.02359171211719513,0.005895353388041258,0.015412328764796257,0.00022840304882265627
7609,0.02362235262989998,0.005797242280095816,0.015780672430992126,0.00020444368419703096
7610,0.023673158138990402,0.00590428477153182,0.01545263733714819,0.0002316235622856766
7611,0.02369726449251175,0.005792578216642141,0.01586865819990635,0.00020360274356789887
7612,0.0237506665289402,0.005914414767175913,0.015493689104914665,0.0002342563821002841
7613,0.023767046630382538,0.0057891132310032845,0.015955645591020584,0.0002022289263550192
7614,0.023820767179131508,0.005924842320382595,0.015531828626990318,0.00023640977451577783
7615,0.023827003315091133,0.0057862973771989346,0.016034290194511414,0.0002006414724746719
7616,0.023877132683992386,0.005933675449341536,0.015563743188977242,0.00023797134053893387
7617,0.02387186884880066,0.005784077104181051,0.01609359309077263,0.0001994197373278439
7618,0.023916056379675865,0.005939532537013292,0.01558656059205532,0.00023899631923995912
7619,0.023901022970676422,0.005782547872513533,0.016128389164805412,0.00019900844199582934
7620,0.023939035832881927,0.005942468997091055,0.015598809346556664,0.00023977561795618385
7621,0.023916859179735184,0.005781776737421751,0.01614137552678585,0.00019937072647735476
7622,0.023948103189468384,0.005943276919424534,0.015600279904901981,0.00024045455211307853
7623,0.02391955815255642,0.005781740415841341,0.01613703928887844,0.0002000779059017077
7624,0.02394110895693302,0.005942340474575758,0.015591319650411606,0.0002407447900623083
7625,0.023904360830783844,0.0057823918759822845,0.016115613281726837,0.0002006354770855978
7626,0.023912211880087852,0.005939226131886244,0.015572099015116692,0.00024008858599700034
7627,0.0238652303814888,0.005783568602055311,0.01607457920908928,0.00020070814935024828
7628,0.023856675252318382,0.005933235865086317,0.015542451292276382,0.0002380986843490973
7629,0.02380053885281086,0.0057851881720125675,0.01601269468665123,0.00020026564016006887
7630,0.02377692610025406,0.00592417037114501,0.015504492446780205,0.0002348262642044574
7631,0.023716408759355545,0.005787281785160303,0.015932893380522728,0.00019962340593338013
7632,0.02368360199034214,0.005912513472139835,0.015463579446077347,0.0002307510731043294
7633,0.023625973612070084,0.005789823830127716,0.015843892470002174,0.0001992257166421041
7634,0.023591915145516396,0.005899487063288689,0.01542639546096325,0.00022660320973955095
7635,0.02354341745376587,0.005792585201561451,0.01575717143714428,0.0001993659243453294
7636,0.02351503074169159,0.005886600352823734,0.015397783368825912,0.00022306469327304512
7637,0.023479577153921127,0.005795134697109461,0.015683427453041077,0.00020010153821203858
7638,0.023461010307073593,0.0058752382174134254,0.01537993736565113,0.00022058341710362583
7639,0.023439506068825722,0.005797001998871565,0.01562897488474846,0.0002013529447140172
7640,0.023432673886418343,0.0058663757517933846,0.01537247747182846,0.0002193821273976937
7641,0.02342495322227478,0.005797844845801592,0.01559697650372982,0.00020301330368965864
7642,0.023431017994880676,0.005860850214958191,0.015373706817626953,0.00021964615734759718
7643,0.02343740500509739,0.005797588266432285,0.015589112415909767,0.0002050702751148492
7644,0.023460155352950096,0.005859424825757742,0.015383334830403328,0.0002217395813204348
7645,0.023484108969569206,0.005796389188617468,0.01560942456126213,0.0002078294346574694
7646,0.023531531915068626,0.005862918216735125,0.015404677018523216,0.00022639369126409292
7647,0.02358095347881317,0.005794699769467115,0.015665587037801743,0.0002120665303664282
7648,0.02366829290986061,0.005872474517673254,0.015447331592440605,0.0002348486741539091
7649,0.02375565655529499,0.005793225020170212,0.015772059559822083,0.0002190372470067814
7650,0.023906178772449493,0.00588975939899683,0.01552868913859129,0.0002487730234861374
7651,0.02404160425066948,0.005792747717350721,0.015949677675962448,0.00022991775767877698
7652,0.024277586489915848,0.005916515365242958,0.015669867396354675,0.00026912044268101454
7653,0.024445874616503716,0.0057930126786231995,0.016216594725847244,0.00024362679687328637
7654,0.024754373356699944,0.005951908882707357,0.015877971425652504,0.00029244920006021857
7655,0.02487153932452202,0.005790285300463438,0.01655619964003563,0.0002525052987039089
7656,0.02515271306037903,0.005987974349409342,0.016102641820907593,0.0003062097239308059
7657,0.025075703859329224,0.0057779415510594845,0.01687316596508026,0.00024245961685664952
7658,0.025182995945215225,0.006010424345731735,0.01622011326253414,0.0002952458744402975
7659,0.02489558607339859,0.005757912527769804,0.017021797597408295,0.0002115874522132799
7660,0.024853579699993134,0.006013883743435144,0.01616085320711136,0.00026788440300151706
7661,0.0246038306504488,0.005750606302171946,0.0169597789645195,0.00018934452964458615
7662,0.024646513164043427,0.006014829967170954,0.016031796112656593,0.00025998882483690977
7663,0.024636898189783096,0.005774762015789747,0.016793960705399513,0.00020681742171291262
7664,0.024818625301122665,0.0060292379930615425,0.015919340774416924,0.00028700465918518603
7665,0.024835338816046715,0.005811694078147411,0.01656387373805046,0.0002459769311826676
7666,0.024775279685854912,0.006021806504577398,0.01571979746222496,0.0003033675311598927
7667,0.02440318465232849,0.005811756011098623,0.016156122088432312,0.00024353071057703346
7668,0.023927148431539536,0.005937955807894468,0.01541594322770834,0.0002573250385466963
7669,0.02348354086279869,0.0057974206283688545,0.01563827320933342,0.00020478470833040774
7670,0.02328120917081833,0.005842200480401516,0.015335777774453163,0.00021032325457781553
7671,0.023345982655882835,0.005841207690536976,0.015352407470345497,0.00021523662144318223
7672,0.02355489507317543,0.005812625866383314,0.015559795312583447,0.00021824741270393133
7673,0.02373410388827324,0.005893135908991098,0.015349410474300385,0.00024915573885664344
7674,0.023754822090268135,0.005806851200759411,0.015728849917650223,0.00022191200696397573
7675,0.02363996021449566,0.005885165184736252,0.015386281535029411,0.00023685141059104353
7676,0.023471375927329063,0.005789059679955244,0.015681782737374306,0.00020005331316497177
7677,0.02337963506579399,0.0058556958101689816,0.015382176265120506,0.0002141762088285759
7678,0.023394331336021423,0.00578950485214591,0.01559857465326786,0.0002006251597777009
7679,0.02348918840289116,0.005849502980709076,0.015420248731970787,0.00022194373013917357
7680,0.023563627153635025,0.005804579704999924,0.015569787472486496,0.000218926026718691
7681,0.023575644940137863,0.0058461325243115425,0.015439244918525219,0.00022902671480551362
7682,0.0234978124499321,0.005803729873150587,0.015524265356361866,0.00021698183263652027
7683,0.023392213508486748,0.005832858383655548,0.015393180772662163,0.0002166174235753715
7684,0.023305917158722878,0.0057901605032384396,0.015500213019549847,0.00020155445963609964
7685,0.023281294852495193,0.005829491652548313,0.015343958511948586,0.00021078437566757202
7686,0.023305920884013176,0.005782613065093756,0.015527516603469849,0.0001995791244553402
7687,0.023347189649939537,0.005833977367728949,0.015333997085690498,0.0002179215516662225
7688,0.023364584892988205,0.005781510379165411,0.015538431704044342,0.00020446426060516387
7689,0.02334735356271267,0.005829182919114828,0.015335680916905403,0.000218248984310776
7690,0.02330245077610016,0.005780817475169897,0.015494339168071747,0.00020272932306397706
7691,0.023259200155735016,0.005815765354782343,0.015334751456975937,0.0002108683402184397
7692,0.023237543180584908,0.005782600026577711,0.0154457688331604,0.0002009174058912322
7693,0.02324426919221878,0.005806705914437771,0.01535002887248993,0.00020875324844382703
7694,0.023266935721039772,0.005786932539194822,0.01543003786355257,0.0002049966569757089
7695,0.023290036246180534,0.005804977845400572,0.01537051796913147,0.00021145393839105964
7696,0.023298583924770355,0.005785763263702393,0.015441633760929108,0.0002071187482215464
7697,0.023294925689697266,0.005806346889585257,0.015369849279522896,0.00021187285892665386
7698,0.023284178227186203,0.005775862373411655,0.015480995178222656,0.00020273214613553137
7699,0.023284481838345528,0.0058119408786296844,0.015354203060269356,0.0002118337870342657
7700,0.023300983011722565,0.005763297434896231,0.015564916655421257,0.00019727690960280597
7701,0.023346468806266785,0.005824676249176264,0.015363844111561775,0.00021579487656708807
7702,0.02341262623667717,0.005752828437834978,0.015712924301624298,0.00019468742539174855
7703,0.023520994931459427,0.005846505519002676,0.015438000671565533,0.00022364886535797268
7704,0.023652460426092148,0.00574233615770936,0.015978693962097168,0.00019314300152473152
7705,0.023884408175945282,0.005881990771740675,0.01564645580947399,0.000235596060520038
7706,0.024153826758265495,0.005731117911636829,0.016498398035764694,0.00019243115093559027
7707,0.024691512808203697,0.005944790318608284,0.016169629991054535,0.000257709325524047
7708,0.025209035724401474,0.005725127179175615,0.017506569623947144,0.00019773385429289192
7709,0.02634039893746376,0.006057952996343374,0.01729186438024044,0.0002990581269841641
7710,0.026966361328959465,0.005729736294597387,0.019133666530251503,0.0002102958387695253
7711,0.028582027181982994,0.00622429559007287,0.018842533230781555,0.0003515199350658804
7712,0.028302980586886406,0.005736398510634899,0.02047843486070633,0.00020881465752609074
7713,0.028769616037607193,0.006319108884781599,0.018879491835832596,0.00035710158408619463
7714,0.026775319129228592,0.005734400358051062,0.019237317144870758,0.00018036013352684677
7715,0.025240803137421608,0.006137262564152479,0.01633075252175331,0.0002772787120193243
7716,0.023712918162345886,0.005787290167063475,0.01612124964594841,0.0001804377679945901
7717,0.023250283673405647,0.005850240588188171,0.015429733321070671,0.00019703104044310749
7718,0.023760635405778885,0.005945131182670593,0.015568980947136879,0.00022465224901679903
7719,0.024637877941131592,0.005745395552366972,0.016991466283798218,0.00019010156393051147
7720,0.025601323693990707,0.006051275413483381,0.016874395310878754,0.00026756527950055897
7721,0.025511158630251884,0.005733523052185774,0.01759280636906624,0.00021848295000381768
7722,0.02531380206346512,0.006007683463394642,0.01661629043519497,0.0002689826942514628
7723,0.02428475022315979,0.005750217009335756,0.016491439193487167,0.0002043094573309645
7724,0.023535074666142464,0.005894004367291927,0.015450814738869667,0.00021902572188992053
7725,0.023225706070661545,0.005822350736707449,0.015452595427632332,0.00019507593242451549
7726,0.02342701330780983,0.0057899984531104565,0.015683377161622047,0.00019536379841156304
7727,0.023884188383817673,0.005925534758716822,0.015696700662374496,0.00022619529045186937
7728,0.024156169965863228,0.005748756229877472,0.016507741063833237,0.00018996733706444502
7729,0.024250276386737823,0.005956097971647978,0.015927819535136223,0.0002366357803111896
7730,0.02389379031956196,0.005754789803177118,0.016212714836001396,0.0001926286640809849
7731,0.02353721670806408,0.005873281508684158,0.015506986528635025,0.00021569481759797782
7732,0.023268133401870728,0.005806848872452974,0.01545138843357563,0.0002009895833907649
7733,0.02322629652917385,0.005795035045593977,0.015534437261521816,0.00018968252697959542
7734,0.023367993533611298,0.005865515675395727,0.015421025454998016,0.00020814509480260313
7735,0.023543061688542366,0.005765742156654596,0.015871603041887283,0.00019057173631154
7736,0.023654280230402946,0.005878917407244444,0.0155848553404212,0.00021905080939177424
7737,0.02357306145131588,0.00576168904080987,0.015879960730671883,0.00019314113887958229
7738,0.023440798744559288,0.005852607078850269,0.015437348745763302,0.00021508423378691077
7739,0.02328631468117237,0.005777228623628616,0.015569126233458519,0.00019399590382818133
7740,0.023201579228043556,0.005801632534712553,0.01537154521793127,0.00020284026686567813
7741,0.0232006274163723,0.005807136185467243,0.015354740433394909,0.00020387502445373684
7742,0.023261355236172676,0.0057610697112977505,0.01559461560100317,0.00019056705059483647
7743,0.02333722449839115,0.0058276839554309845,0.015406700782477856,0.00021028384799137712
7744,0.02337271347641945,0.005750793032348156,0.015711642801761627,0.00019102772057522088
7745,0.02337818779051304,0.005822116043418646,0.015445400029420853,0.0002110671775881201
7746,0.023327244445681572,0.0057578966952860355,0.015606633387506008,0.00019627137226052582
7747,0.023264432325959206,0.005806595087051392,0.015387398190796375,0.00020704403868876398
7748,0.023200789466500282,0.005771387368440628,0.015466039068996906,0.0001963364629773423
7749,0.02316434681415558,0.005786146502941847,0.01537521556019783,0.0002002984401769936
7750,0.02315906248986721,0.00578664243221283,0.015385626815259457,0.00019867929222527891
7751,0.02317892201244831,0.005762025713920593,0.015489168465137482,0.00019277278624940664
7752,0.02321116253733635,0.0058006844483315945,0.01537163183093071,0.0002038846432697028
7753,0.023234711959958076,0.005750766955316067,0.015585477463901043,0.00018984673079103231
7754,0.02324560098350048,0.005801951512694359,0.01538049429655075,0.0002063155552605167
7755,0.02323387935757637,0.005752513185143471,0.015548374503850937,0.0001932990999193862
7756,0.02321324311196804,0.005792223382741213,0.015376627445220947,0.0002044392458628863
7757,0.02318197302520275,0.005758917424827814,0.015464939177036285,0.00019581169181037694
7758,0.02315390110015869,0.005781060550361872,0.01536531187593937,0.00020075280917808414
7759,0.02313455007970333,0.005765242036432028,0.015414882451295853,0.0001954425679286942
7760,0.023126691579818726,0.005768227390944958,0.015385469421744347,0.000197299596038647
7761,0.02312810719013214,0.005772381089627743,0.015378916636109352,0.00019768103084061295
7762,0.02313595451414585,0.0057562789879739285,0.015443495474755764,0.0001936179760377854
7763,0.023147335276007652,0.005778768099844456,0.015355385839939117,0.00020131822384428233
7764,0.023156480863690376,0.0057501839473843575,0.015482778660953045,0.0001923518575495109
7765,0.023162350058555603,0.005780285689979792,0.015359848737716675,0.00020222159218974411
7766,0.023161813616752625,0.005749180447310209,0.015478204935789108,0.00019344284373801202
7767,0.023157930001616478,0.005778094287961721,0.015367992222309113,0.00020118422980885953
7768,0.02314896509051323,0.005749639123678207,0.015466608107089996,0.00019327171321492642
7769,0.02313930168747902,0.005775091703981161,0.0153584536164999,0.00020057558140251786
7770,0.023128699511289597,0.0057503413408994675,0.01545228622853756,0.00019260715635027736
7771,0.023119380697607994,0.0057699489407241344,0.015353979542851448,0.00019954514573328197
7772,0.0231117345392704,0.005752171855419874,0.0154196135699749,0.00019399479788262397
7773,0.023106416687369347,0.005762291140854359,0.015369340777397156,0.00019747857004404068
7774,0.023103054612874985,0.005754307843744755,0.015390794724225998,0.00019579521904233843
7775,0.02310103364288807,0.005755807738751173,0.015383565798401833,0.00019616595818661153
7776,0.023100104182958603,0.005755058955401182,0.015383271500468254,0.0001961773232324049
7777,0.023099742829799652,0.005752008408308029,0.01538952998816967,0.00019582042295951396
7778,0.0230996236205101,0.0057558841072022915,0.015377549454569817,0.00019661888654809445
7779,0.023099567741155624,0.005748680327087641,0.015401391312479973,0.00019494960724841803
7780,0.023099591955542564,0.0057580056600272655,0.015362609177827835,0.0001978975924430415
7781,0.023099657148122787,0.005744891706854105,0.015417518094182014,0.0001937247288879007
7782,0.02309982106089592,0.005759013816714287,0.015354529023170471,0.00019862779299728572
7783,0.02309991978108883,0.0057417117059230804,0.015426811762154102,0.00019313972734380513
7784,0.023100582882761955,0.005758193787187338,0.015357071533799171,0.00019853172125294805
7785,0.023101653903722763,0.005738663021475077,0.015435435809195042,0.00019275554222986102
7786,0.023103812709450722,0.005758372135460377,0.01535538025200367,0.00019900588085874915
7787,0.02310662344098091,0.0057348222471773624,0.015453927218914032,0.0001917873596539721
7788,0.023111388087272644,0.005760570522397757,0.01534727867692709,0.00020035385387018323
7789,0.023117557168006897,0.005730889737606049,0.015479214489459991,0.00019074526790063828
7790,0.023127391934394836,0.005763765424489975,0.015344617888331413,0.00020190079521853477
7791,0.023139797151088715,0.005726801231503487,0.015513242222368717,0.0001899752824101597
7792,0.023159554228186607,0.005768548231571913,0.015352453105151653,0.0002038553502643481
7793,0.0231842789798975,0.005721220280975103,0.015575306490063667,0.00018877525872085243
7794,0.02322462387382984,0.0057772742584347725,0.0153744425624609,0.00020729053358081728
7795,0.023274371400475502,0.00571413803845644,0.01569071225821972,0.00018695193284656852
7796,0.023358281701803207,0.005792591255158186,0.015433799475431442,0.00021318897779565305
7797,0.023458296433091164,0.005706555675715208,0.01589740626513958,0.0001854334695963189
7798,0.02363494783639908,0.00581878237426281,0.0155866127461195,0.00022295519011095166
7799,0.023829113692045212,0.005699442233890295,0.016278905794024467,0.00018507655477151275
7800,0.02419193647801876,0.005864350590854883,0.015932785347104073,0.00023948017042130232
7801,0.024528684094548225,0.005695695988833904,0.016963966190814972,0.00018690204888116568
7802,0.025202732533216476,0.005940557923167944,0.01660117879509926,0.0002660994359757751
7803,0.025626065209507942,0.00569926667958498,0.01800606958568096,0.00019207275181543082
7804,0.02657799795269966,0.006045639049261808,0.017535092309117317,0.0002997265837620944
7805,0.02666318416595459,0.005706807132810354,0.018993830308318138,0.00019625472486950457
7806,0.027248194441199303,0.006122163962572813,0.01795548014342785,0.0003170550044160336
7807,0.02635868452489376,0.0057062129490077496,0.01877003163099289,0.00018824398284778
7808,0.025744445621967316,0.006056546699255705,0.016852887347340584,0.00028350119828246534
7809,0.024401945993304253,0.005713724531233311,0.016919372603297234,0.0001768848014762625
7810,0.02352856658399105,0.005868394859135151,0.01548139937222004,0.00021787711011711508
7811,0.023136189207434654,0.005781350191682577,0.01542668417096138,0.00019281546701677144
7812,0.023299776017665863,0.005742920562624931,0.015711532905697823,0.00018453228403814137
7813,0.02378653548657894,0.0058808415196835995,0.015637177973985672,0.00022685149451717734
7814,0.02422153204679489,0.005714360158890486,0.01660987362265587,0.0001897297042887658
7815,0.02456984668970108,0.005918111186474562,0.016213279217481613,0.0002438455994706601
7816,0.024405857548117638,0.005704205948859453,0.016751471906900406,0.00019501795759424567
7817,0.02418326400220394,0.005880401935428381,0.01596536673605442,0.00023374948068521917
7818,0.023697063326835632,0.005711075849831104,0.016113080084323883,0.0001872908032964915
7819,0.02337983436882496,0.005815765354782343,0.015440422110259533,0.00021236459724605083
7820,0.023242970928549767,0.0057625314220786095,0.015491960570216179,0.0001988480071304366
7821,0.023320749402046204,0.005765189882367849,0.01551896333694458,0.000203659656108357
7822,0.023513030260801315,0.005832626949995756,0.015404727309942245,0.0002275676524732262
7823,0.02366502396762371,0.005738144274801016,0.015937674790620804,0.00019892050477210432
7824,0.02370663732290268,0.005854394752532244,0.015532763674855232,0.00023194795357994735
7825,0.023568782955408096,0.005722740665078163,0.015950439497828484,0.00018956034909933805
7826,0.02337401732802391,0.00581361074000597,0.015459399670362473,0.00021010088676121086
7827,0.023176776245236397,0.005728354211896658,0.015594188123941422,0.00018542338511906564
7828,0.023075256496667862,0.005763539578765631,0.015386226586997509,0.0001925491087604314
7829,0.023083502426743507,0.005758797284215689,0.01538107730448246,0.00019436280126683414
7830,0.02317115291953087,0.005741005297750235,0.015485201962292194,0.00019449452520348132
7831,0.02327595464885235,0.00579045107588172,0.01536356657743454,0.00021219372865743935
7832,0.02333345264196396,0.005730818957090378,0.015621508471667767,0.00019811252423096448
7833,0.02332877181470394,0.0057931034825742245,0.015365587547421455,0.00021700802608393133
7834,0.023257562890648842,0.005720565561205149,0.015617957338690758,0.0001919040223583579
7835,0.023162338882684708,0.00576630188152194,0.015341309830546379,0.000205472664674744
7836,0.02307458221912384,0.005721986759454012,0.015469931997358799,0.00018826632003765553
7837,0.02302592433989048,0.0057359798811376095,0.015374208800494671,0.00019157362112309784
7838,0.023021861910820007,0.005735594313591719,0.015362096019089222,0.0001924171083373949
7839,0.023051010444760323,0.005722010508179665,0.015453089028596878,0.00018759103841148317
7840,0.023094408214092255,0.00575074041262269,0.015349563211202621,0.0001994105987250805
7841,0.02313113585114479,0.005719047039747238,0.01551065593957901,0.00019014334247913212
7842,0.023150313645601273,0.005757433362305164,0.01536110881716013,0.00020317724556662142
7843,0.023143360391259193,0.005715345963835716,0.015532417222857475,0.00018955973791889846
7844,0.02311970852315426,0.005752587225288153,0.01534871757030487,0.0002018402738031
7845,0.02308373525738716,0.005713377147912979,0.015499204397201538,0.00018711535085458308
7846,0.02304781600832939,0.005739697255194187,0.015345748513936996,0.00019623702974058688
7847,0.02301936037838459,0.005716955754905939,0.015428091399371624,0.00018743121472653002
7848,0.02300354465842247,0.005726569797843695,0.01537393406033516,0.00019030408293474466
7849,0.023000594228506088,0.005724084097892046,0.015371941030025482,0.0001904569217003882
7850,0.0230073444545269,0.005718987435102463,0.015403486788272858,0.00018848692707251757
7851,0.0230189748108387,0.005730712320655584,0.015355763956904411,0.0001932497980305925
7852,0.023030493408441544,0.005715382285416126,0.015426312573254108,0.00018887977057602257
7853,0.023038210347294807,0.005733731668442488,0.015354279428720474,0.0001950198638951406
7854,0.02303983084857464,0.005712606944143772,0.015444941818714142,0.00018822831043507904
7855,0.02303626388311386,0.005732522811740637,0.015347379259765148,0.0001956362830242142
7856,0.023028099909424782,0.005710591096431017,0.01544712670147419,0.00018703829846344888
7857,0.02301763743162155,0.0057283248752355576,0.015348963439464569,0.00019403500482439995
7858,0.02300642989575863,0.005710424389690161,0.015427129343152046,0.0001868875842774287
7859,0.022996604442596436,0.00572333624586463,0.015358940698206425,0.00019143284589517862
7860,0.022988883778452873,0.0057114362716674805,0.015404004603624344,0.0001873443543445319
7861,0.022983796894550323,0.005719477776437998,0.015364136546850204,0.00019001825421582907
7862,0.022981280460953712,0.005711871664971113,0.015394430607557297,0.0001874978479463607
7863,0.02298111468553543,0.005716969724744558,0.015366843901574612,0.0001897300680866465
7864,0.02298234961926937,0.005711731500923634,0.015389906242489815,0.00018807114975061268
7865,0.022984936833381653,0.005714749451726675,0.015374120324850082,0.0001896067406050861
7866,0.022988148033618927,0.0057111638598144054,0.015384955331683159,0.00018920289585366845
7867,0.022992132231593132,0.005713263060897589,0.015379608608782291,0.0001899261842481792
7868,0.02299666590988636,0.005709320306777954,0.015390215441584587,0.0001897130423458293
7869,0.02300264872610569,0.005714218597859144,0.01537503395229578,0.0001913397281896323
7870,0.02301064506173134,0.005706028547137976,0.015411816537380219,0.0001892799191409722
7871,0.02302291803061962,0.00571778416633606,0.01536780409514904,0.00019373289251234382
7872,0.023040397092700005,0.005701492074877024,0.015450894832611084,0.0001888010447146371
7873,0.023069698363542557,0.005723736714571714,0.01537169050425291,0.00019742724543903023
7874,0.023111490532755852,0.005695082247257233,0.015528690069913864,0.00018877188267651945
7875,0.023184657096862793,0.005734797101467848,0.015406928956508636,0.00020429305732250214
7876,0.02328524738550186,0.005686592776328325,0.015703247860074043,0.0001895407767733559
7877,0.023471636697649956,0.005756967701017857,0.015537700615823269,0.0002176967973355204
7878,0.02371007576584816,0.005677792709320784,0.016096195206046104,0.000193608837435022
7879,0.02418375201523304,0.005801907274872065,0.015938207507133484,0.0002443638222757727
7880,0.02469930611550808,0.005672784056514502,0.01696334034204483,0.00020631813094951212
7881,0.025813249871134758,0.0058943480253219604,0.016965903341770172,0.00029529983294196427
7882,0.02662118896842003,0.005677342414855957,0.018660632893443108,0.00022832145623397082
7883,0.028585659340023994,0.0060630361549556255,0.018855180591344833,0.00036674426519311965
7884,0.028740204870700836,0.005685777869075537,0.020753420889377594,0.00023010052973404527
7885,0.030024230480194092,0.006232091691344976,0.01990628056228161,0.0003885858750436455
7886,0.027921687811613083,0.005673304200172424,0.02048667147755623,0.0001761711755534634
7887,0.026393981650471687,0.006135314702987671,0.017284328117966652,0.00029743395862169564
7888,0.024190906435251236,0.005693644285202026,0.01689557544887066,0.00016016873996704817
7889,0.02327289618551731,0.00583838252350688,0.015300560742616653,0.00021339530940167606
7890,0.023686135187745094,0.005841655656695366,0.015538617968559265,0.00023058608348947018
7891,0.02482394129037857,0.005718213971704245,0.016916967928409576,0.00021887588081881404
7892,0.026220930740237236,0.005966633092612028,0.017245568335056305,0.00030087283812463284
7893,0.02615506947040558,0.0056995851919054985,0.017833946272730827,0.0002621539169922471
7894,0.025966959074139595,0.005922861397266388,0.016979165375232697,0.0003064931952394545
7895,0.02447015978395939,0.005698420573025942,0.01651046797633171,0.00022612710017710924
7896,0.0233593937009573,0.0058036185801029205,0.01546546071767807,0.00020903143740724772
7897,0.02301914058625698,0.005762462969869375,0.01540900394320488,0.00018476737022865564
7898,0.023490244522690773,0.0057046907022595406,0.015895001590251923,0.0001890552375698462
7899,0.0242240522056818,0.005858149379491806,0.01604345440864563,0.0002322448417544365
7900,0.024404630064964294,0.005682878661900759,0.01673700660467148,0.00019847445946652442
7901,0.024291638284921646,0.00586820999160409,0.016054078936576843,0.00023693488037679344
7902,0.023623036220669746,0.005699454341083765,0.016068875789642334,0.00018547072249930352
7903,0.02313327044248581,0.005761977285146713,0.015416456386446953,0.00019548360432963818
7904,0.023028282448649406,0.005759099964052439,0.01534179225564003,0.00019273912766948342
7905,0.02326301671564579,0.005693431477993727,0.01590920053422451,0.0001660383422859013
7906,0.023590048775076866,0.005816551391035318,0.015690939500927925,0.00020825590763706714
7907,0.023657899349927902,0.005686250980943441,0.016162671148777008,0.0001808977103792131
7908,0.0235440731048584,0.005789084360003471,0.015661459416151047,0.00020935303473379463
7909,0.02322516404092312,0.005705367773771286,0.01565784215927124,0.0001861954078776762
7910,0.023009510710835457,0.005732344929128885,0.015391582623124123,0.0001885583042167127
7911,0.02299041673541069,0.0057355971075594425,0.015386253595352173,0.00018685669056139886
7912,0.023120064288377762,0.005694956984370947,0.01560725923627615,0.00018178491154685616
7913,0.02327677421271801,0.005760896950960159,0.015517625026404858,0.00019982511003036052
7914,0.02331879921257496,0.0056808115914464,0.01589009165763855,0.00017478966037742794
7915,0.023274997249245644,0.005759502295404673,0.015519198030233383,0.00019962973601650447
7916,0.02312128059566021,0.00568394735455513,0.015693677589297295,0.00017436563211958855
7917,0.022988010197877884,0.00572397792711854,0.015387492254376411,0.00018765406275633723
7918,0.022930175065994263,0.005709666758775711,0.01537965890020132,0.00018408475443720818
7919,0.022958017885684967,0.00569230318069458,0.015508035197854042,0.0001757679710863158
7920,0.023032432422041893,0.005733766593039036,0.015377662144601345,0.00019210035679861903
7921,0.023094911128282547,0.005679692607372999,0.015661153942346573,0.00017540647240821272
7922,0.023120755329728127,0.005733520723879337,0.015454194508492947,0.0001933040184667334
7923,0.02308081090450287,0.005676440894603729,0.015646738931536674,0.00017576315440237522
7924,0.023019978776574135,0.005721298512071371,0.015404460951685905,0.00018942193128168583
7925,0.022955840453505516,0.005681909155100584,0.015519755892455578,0.00017541766283102334
7926,0.0229180995374918,0.005703355185687542,0.01536565087735653,0.0001849094987846911
7927,0.022912608459591866,0.00569717725738883,0.0153936967253685,0.00018217333126813173
7928,0.02293126843869686,0.005686533637344837,0.015457590110599995,0.00017871441377792507
7929,0.022956881672143936,0.0057105110026896,0.01536133699119091,0.00018850350170396268
7930,0.022971224039793015,0.00567854568362236,0.015535883605480194,0.00017567946633789688
7931,0.022972097620368004,0.0057113938964903355,0.015379074960947037,0.00018816295778378844
7932,0.022956281900405884,0.00567816523835063,0.01551172323524952,0.00017663929611444473
7933,0.022936150431632996,0.0057047284208238125,0.01538069173693657,0.00018507301865611225
7934,0.022917069494724274,0.005681104492396116,0.015457783825695515,0.0001778182340785861
7935,0.022906653583049774,0.005695863626897335,0.015371926128864288,0.00018388626631349325
7936,0.02290470525622368,0.005686250980943441,0.015415674075484276,0.0001802780170692131
7937,0.022907845675945282,0.005687267053872347,0.01539776474237442,0.00018228152475785464
7938,0.02291210927069187,0.0056918407790362835,0.015387274324893951,0.00018329930026084185
7939,0.022914161905646324,0.005681119859218597,0.015440697781741619,0.0001792343973647803
7940,0.022912198677659035,0.0056935581378638744,0.015373650938272476,0.00018449882918503135
7941,0.02290535345673561,0.005677936132997274,0.015444561839103699,0.00017828559793997556
7942,0.022896960377693176,0.005690436810255051,0.015373583883047104,0.00018329397425986826
7943,0.02288847044110298,0.0056772432290017605,0.015421205200254917,0.0001790021633496508
7944,0.022882120683789253,0.005685968324542046,0.01537763886153698,0.00018185126828029752
7945,0.022878587245941162,0.005677666049450636,0.015408944338560104,0.0001791977119864896
7946,0.02287817746400833,0.0056823319755494595,0.01538010686635971,0.00018157386512029916
7947,0.0228797048330307,0.005678227636963129,0.015404323115944862,0.00017971551278606057
7948,0.022882020100951195,0.0056795645505189896,0.015389673411846161,0.00018127827206626534
7949,0.022884037345647812,0.005679204594343901,0.015393661335110664,0.00018111705139745027
7950,0.022884873673319817,0.005677926354110241,0.01539987325668335,0.00018070735677611083
7951,0.02288445085287094,0.0056794495321810246,0.015386129729449749,0.00018188715330325067
7952,0.022882504388689995,0.005677254404872656,0.015395700931549072,0.00018095488485414535
7953,0.02287944220006466,0.005677129607647657,0.015391288325190544,0.00018110235396306962
7954,0.022875789552927017,0.005676638800650835,0.015385456383228302,0.00018136954167857766
7955,0.022872144356369972,0.005673456937074661,0.015399901196360588,0.00017987866885960102
7956,0.022868987172842026,0.00567591330036521,0.01538121048361063,0.00018118636216968298
7957,0.022866392508149147,0.005670229904353619,0.015404999256134033,0.00017911626491695642
7958,0.022864848375320435,0.005675738211721182,0.015375629998743534,0.0001813481212593615
7959,0.022864237427711487,0.005667033605277538,0.015414241701364517,0.0001782960316631943
7960,0.02286464162170887,0.0056766122579574585,0.015364367514848709,0.00018236623145639896
7961,0.022866133600473404,0.005663668271154165,0.015430580824613571,0.00017718831077218056
7962,0.02286875620484352,0.005678060930222273,0.01535649411380291,0.00018342006660532206
7963,0.022872764617204666,0.005660757888108492,0.015448536723852158,0.00017634710820857435
7964,0.022878913208842278,0.005679770838469267,0.015355495736002922,0.00018436468963045627
7965,0.022887112572789192,0.005657852161675692,0.015471694990992546,0.0001757566351443529
7966,0.022899871692061424,0.005682811141014099,0.015355370007455349,0.0001861690398072824
7967,0.022916819900274277,0.005654399748891592,0.015512673184275627,0.00017497471708338708
7968,0.02294350415468216,0.005688744597136974,0.015359370037913322,0.00018953895778395236
7969,0.022978896275162697,0.005651087965816259,0.015582634136080742,0.0001745173503877595
7970,0.023035097867250443,0.00569938775151968,0.015382960438728333,0.00019527490076143295
7971,0.02310880273580551,0.005649095866829157,0.01570223644375801,0.00017574705998413265
7972,0.023226872086524963,0.005718508269637823,0.01545155793428421,0.0002056804660242051
7973,0.023373788222670555,0.005650264676660299,0.015920599922537804,0.00018029232160188258
7974,0.023609010502696037,0.005752769764512777,0.01561121828854084,0.00022450214601121843
7975,0.023868801072239876,0.005658361595124006,0.016305353492498398,0.0001905084791360423
7976,0.024273762479424477,0.005808605812489986,0.01592460833489895,0.00025405490305274725
7977,0.024611877277493477,0.005675194319337606,0.016877420246601105,0.00020592617511283606
7978,0.025100141763687134,0.00587726105004549,0.01637108437716961,0.00028517955797724426
7979,0.025250665843486786,0.005686684977263212,0.01745058409869671,0.00021133970585651696
7980,0.025472445413470268,0.005912031978368759,0.016677038744091988,0.0002883374982047826
7981,0.025125063955783844,0.0056688133627176285,0.01758113130927086,0.00018751187599264085
7982,0.024944733828306198,0.005867333617061377,0.01652158796787262,0.0002555811661295593
7983,0.024404529482126236,0.005650901701301336,0.01703333854675293,0.00017202894377987832
7984,0.024248406291007996,0.005793149583041668,0.01602110080420971,0.00024341559037566185
7985,0.024021027609705925,0.005688730627298355,0.01618100330233574,0.00021512937382794917
7986,0.023996427655220032,0.005754745099693537,0.015640785917639732,0.0002600897860247642
7987,0.02385512739419937,0.005734721664339304,0.015602139756083488,0.00025182668468914926
7988,0.02360498160123825,0.005715968552976847,0.015583674423396587,0.0002305338130099699
7989,0.023275434970855713,0.00572133157402277,0.015401976183056831,0.0002152126980945468
7990,0.023007415235042572,0.005663668736815453,0.01560122985392809,0.00017425158875994384
7991,0.022944258525967598,0.005698176566511393,0.015409175306558609,0.00018369074678048491
7992,0.0230901837348938,0.005652974359691143,0.015644589439034462,0.00017926207510754466
7993,0.023360859602689743,0.005710592959076166,0.01554453931748867,0.00021057279082015157
7994,0.023555390536785126,0.005669847130775452,0.015741972252726555,0.0002143571909982711
7995,0.02362980879843235,0.005723352078348398,0.015593362972140312,0.00023130941553972661
7996,0.023482592776417732,0.005664174910634756,0.01576598361134529,0.00020524337014649063
7997,0.02328602224588394,0.0057108644396066666,0.015499649569392204,0.00020755079458467662
7998,0.023085687309503555,0.005645400378853083,0.015715530142188072,0.00017247577488888055
7999,0.023007312789559364,0.00570438290014863,0.015403514727950096,0.0001899414783110842
8000,0.023008612915873528,0.005647057201713324,0.01566264033317566,0.00016989144205581397
8001,0.023042107000947,0.0057059843093156815,0.015374094247817993,0.00019620278908405453
8002,0.023031366989016533,0.005655934102833271,0.01557400356978178,0.00018014291708823293
8003,0.022969231009483337,0.00568907056003809,0.015361117199063301,0.00019190424063708633
8004,0.022882603108882904,0.005660470575094223,0.015435941517353058,0.00017861906962934881
8005,0.0228261835873127,0.005660977214574814,0.015405423939228058,0.00017597830446902663
8006,0.022829528898000717,0.005673003848642111,0.015351751819252968,0.0001804773201001808
8007,0.02288191206753254,0.005645516328513622,0.015527600422501564,0.00017087961896322668
8008,0.02294977568089962,0.005688407924026251,0.015351377427577972,0.00019099902419839054
8009,0.022991355508565903,0.005640392657369375,0.01563200168311596,0.00017189615755341947
8010,0.023003416135907173,0.0056897662580013275,0.01537756621837616,0.00019360835722181946
8011,0.022985221818089485,0.0056349895894527435,0.015659159049391747,0.00016910723934415728
8012,0.022976787760853767,0.00568128889426589,0.015398973599076271,0.00018965246272273362
8013,0.02297954447567463,0.005632385611534119,0.015657372772693634,0.0001689785858616233
8014,0.023017508909106255,0.005677954293787479,0.015430169180035591,0.000190938517334871
8015,0.023054685443639755,0.005633530206978321,0.015692131593823433,0.0001729023497318849
8016,0.0231095552444458,0.005683016963303089,0.015466689132153988,0.00019598481594584882
8017,0.023131856694817543,0.00563269667327404,0.015766579657793045,0.00017325798398815095
8018,0.023172013461589813,0.005691316444426775,0.015498440712690353,0.0001982256508199498
8019,0.023182015866041183,0.0056278295814991,0.01587173342704773,0.00016824530030135065
8020,0.023239029571413994,0.005702081602066755,0.015544667840003967,0.00019922804494854063
8021,0.02327635884284973,0.005623340141028166,0.01601492241024971,0.00016380951274186373
8022,0.02337953820824623,0.005716483574360609,0.015630092471837997,0.00020329617836978287
8023,0.02344275265932083,0.005621866788715124,0.016191259026527405,0.00016296273679472506
8024,0.023578856140375137,0.005731930490583181,0.015752974897623062,0.0002093950315611437
8025,0.023636262863874435,0.005621380638331175,0.01637999713420868,0.00016348843928426504
8026,0.023791812360286713,0.005745321977883577,0.015891551971435547,0.00021549384109675884
8027,0.023827120661735535,0.00562083488330245,0.016562631353735924,0.00016436535224784166
8028,0.023999739438295364,0.005756599362939596,0.016019335016608238,0.00022238052042666823
8029,0.02398786135017872,0.0056218612007796764,0.01669556088745594,0.00016704380686860532
8030,0.024125050753355026,0.005763699300587177,0.016080070286989212,0.0002281282504554838
8031,0.02400677278637886,0.005623522214591503,0.016683945432305336,0.00016993055760394782
8032,0.024010738357901573,0.005759056657552719,0.01599648781120777,0.00022551935398951173
8033,0.023771023377776146,0.005623541306704283,0.016462048515677452,0.00016854338173288852
8034,0.0236247256398201,0.0057385447435081005,0.015770256519317627,0.00021159239986445755
8035,0.023357700556516647,0.005624573677778244,0.01609291322529316,0.00016402137407567352
8036,0.023171549662947655,0.005708170589059591,0.015524130314588547,0.0001939247886184603
8037,0.022989138960838318,0.005630295258015394,0.015731580555438995,0.00016272635548375547
8038,0.022872742265462875,0.005678027868270874,0.015384510159492493,0.00018102041212841868
8039,0.022800171747803688,0.005639875773340464,0.015493119135499,0.00016671768389642239
8040,0.022770598530769348,0.0056542279198765755,0.015378618612885475,0.00017377518815919757
8041,0.022772999480366707,0.005650739651173353,0.015390684828162193,0.00017315744480583817
8042,0.022798674181103706,0.005637667141854763,0.015467202290892601,0.00016938058251980692
8043,0.022842194885015488,0.005662242416292429,0.015381582081317902,0.0001798370067263022
8044,0.02289312332868576,0.005627134814858437,0.015604527667164803,0.00016614612832199782
8045,0.022957440465688705,0.005674261134117842,0.01542261615395546,0.00018605617515277117
8046,0.02301139570772648,0.005621048156172037,0.015752535313367844,0.00016378129657823592
8047,0.0230813417583704,0.005685342010110617,0.015483202412724495,0.0001912797597469762
8048,0.02312270551919937,0.00561775267124176,0.015880867838859558,0.00016240848344750702
8049,0.023187436163425446,0.005693878512829542,0.015541772358119488,0.0001951786398421973
8050,0.023208405822515488,0.005615839269012213,0.0159741323441267,0.00016184343257918954
8051,0.023262087255716324,0.00569902453571558,0.015584684908390045,0.0001978378277271986
8052,0.023261090740561485,0.005614701192826033,0.016028495505452156,0.00016178943042177707
8053,0.023301072418689728,0.005700580310076475,0.015606640838086605,0.00019938514742534608
8054,0.023280389606952667,0.005614104215055704,0.016044218093156815,0.00016220682300627232
8055,0.023305710405111313,0.005698742810636759,0.015609551221132278,0.0001997416402446106
8056,0.023270366713404655,0.005613591056317091,0.016027091071009636,0.00016296833928208798
8057,0.023282766342163086,0.005694585386663675,0.015598950907588005,0.00019892302225343883
8058,0.023239552974700928,0.005612817592918873,0.01599162071943283,0.0001635116495890543
8059,0.023243026807904243,0.005689915269613266,0.015580188482999802,0.0001972923200810328
8060,0.02319866046309471,0.005611876491457224,0.01595349982380867,0.00016332845552824438
8061,0.023197991773486137,0.0056861224584281445,0.015558462589979172,0.00019534057355485857
8062,0.023157278075814247,0.005611024331301451,0.01592080108821392,0.0001625451841391623
8063,0.023155972361564636,0.005683517549186945,0.015537504106760025,0.00019349518697708845
8064,0.023121099919080734,0.005610411521047354,0.01589418202638626,0.00016165059059858322
8065,0.023121438920497894,0.005681630689650774,0.015519417822360992,0.00019203915144316852
8066,0.02309276908636093,0.005610079504549503,0.015873029828071594,0.0001609659957466647
8067,0.023095639422535896,0.005679958965629339,0.015505332499742508,0.0001910348073579371
8068,0.02307266555726528,0.005609853658825159,0.015856822952628136,0.00016059902554843575
8069,0.023078983649611473,0.0056782253086566925,0.015496695414185524,0.00019040626648347825
8070,0.023061614483594894,0.00560954213142395,0.015846392139792442,0.00016056805907282978
8071,0.02307303622364998,0.005676601082086563,0.015494702383875847,0.000190173348528333
8072,0.023061905056238174,0.005609080661088228,0.01584536023437977,0.00016074645100161433
8073,0.02308119833469391,0.005675725173205137,0.015500299632549286,0.00019051722483709455
8074,0.02307765744626522,0.005608415696769953,0.015859872102737427,0.00016093709564302117
8075,0.02310836687684059,0.0056762187741696835,0.015516011975705624,0.0001916136679938063
8076,0.02311382070183754,0.00560741638764739,0.015895577147603035,0.00016108267300296575
8077,0.02315981313586235,0.005678505636751652,0.015545855276286602,0.00019354531832505018
8078,0.023174690082669258,0.005605973768979311,0.015956897288560867,0.00016118194616865367
8079,0.023240040987730026,0.005682980176061392,0.01559361070394516,0.00019634488853625953
8080,0.023264236748218536,0.005604130681604147,0.01604914292693138,0.00016109633725136518
8081,0.023352930322289467,0.005690113175660372,0.01566259376704693,0.00020002236124128103
8082,0.023384230211377144,0.0056020719930529594,0.016175221651792526,0.00016069348203018308
8083,0.023498347029089928,0.0056999786756932735,0.01575377583503723,0.00020445925474632531
8084,0.023529618978500366,0.005600216332823038,0.016328725963830948,0.00016006770601961762
8085,0.02366381138563156,0.005711828358471394,0.015860144048929214,0.00020918392692692578
8086,0.023678487166762352,0.00559896370396018,0.016485275700688362,0.00015942470054142177
8087,0.02381119132041931,0.005723371636122465,0.015956245362758636,0.00021315737103577703
8088,0.023781809955835342,0.005598436575382948,0.01659507118165493,0.0001588302693562582
8089,0.023871708661317825,0.005730282980948687,0.015994973480701447,0.00021464534802362323
8090,0.023770224303007126,0.0055984738282859325,0.01658952608704567,0.00015822247951291502
8091,0.023772073909640312,0.005726956762373447,0.01592854969203472,0.0002116566465701908
8092,0.02359715849161148,0.005599127616733313,0.016421321779489517,0.00015767087461426854
8093,0.02350221760571003,0.005710397381335497,0.015757841989398003,0.00020339780894573778
8094,0.02329845353960991,0.005601272452622652,0.01611948385834694,0.00015776978398207575
8095,0.023157326504588127,0.005684083793312311,0.01555611938238144,0.00019171237363480031
8096,0.022990692406892776,0.0056062620133161545,0.01579010859131813,0.00015943226753734052
8097,0.022875644266605377,0.005656514782458544,0.015417203307151794,0.0001801927137421444
8098,0.022783339023590088,0.005614052060991526,0.01554068736732006,0.0001628600002732128
8099,0.022729188203811646,0.005634556524455547,0.015379886142909527,0.0001714746467769146
8100,0.022703109309077263,0.0056228297762572765,0.015407617203891277,0.00016726624744478613
8101,0.022699743509292603,0.005619662348181009,0.015420647338032722,0.00016594344924669713
8102,0.02271241322159767,0.0056308298371732235,0.015364100225269794,0.00017174839740619063
8103,0.022735323756933212,0.005610037129372358,0.015498699620366096,0.00016265861631836742
8104,0.022766156122088432,0.00563759496435523,0.015369335189461708,0.00017592261428944767
8105,0.022799089550971985,0.005603643599897623,0.01558850146830082,0.00016069445700850338
8106,0.02284054085612297,0.005643641110509634,0.015398479998111725,0.00017984199803322554
8107,0.02287796512246132,0.005599220283329487,0.015683220699429512,0.00015955240814946592
8108,0.02293103002011776,0.005649838130921125,0.015443231910467148,0.0001837960007833317
8109,0.022973336279392242,0.005596083123236895,0.0157876368612051,0.00015896162949502468
8110,0.023043198511004448,0.005657093599438667,0.015504091046750546,0.00018820144759956747
8111,0.023092428222298622,0.00559376971796155,0.015911631286144257,0.00015870276547502726
8112,0.023186592385172844,0.005666159093379974,0.015586085617542267,0.00019343470921739936
8113,0.02324388176202774,0.005591911263763905,0.016065072268247604,0.0001586899597896263
8114,0.023369546979665756,0.005677423439919949,0.015695657581090927,0.0001996465725824237
8115,0.02343139797449112,0.005590301472693682,0.01625177450478077,0.00015893220552243292
8116,0.02359088510274887,0.005690848920494318,0.015833986923098564,0.0002066049783024937
8117,0.02364376001060009,0.005588914733380079,0.016461854800581932,0.000159298928338103
8118,0.02382456324994564,0.005705449264496565,0.015985138714313507,0.00021339750674087554
8119,0.02383909747004509,0.005587786436080933,0.016657529398798943,0.0001593782362760976
8120,0.0240015909075737,0.005718195345252752,0.016102392226457596,0.00021810019097756594
8121,0.023936452344059944,0.005586850922554731,0.01676328293979168,0.00015863181033637375
8122,0.024015648290514946,0.0057233115658164024,0.016112489625811577,0.00021798486704938114
8123,0.02384454570710659,0.005586264189332724,0.016688711941242218,0.0001569568266859278
8124,0.02379041351377964,0.005714515224099159,0.015965646132826805,0.00021102519531268626
8125,0.02354234829545021,0.005586994346231222,0.016402894631028175,0.0001552458998048678
8126,0.02338062971830368,0.005690704565495253,0.015709150582551956,0.0001980774395633489
8127,0.02314043417572975,0.0055905538611114025,0.01599969156086445,0.00015501886082347482
8128,0.022968925535678864,0.005659304093569517,0.015477107837796211,0.00018325138080399483
8129,0.022814111784100533,0.0055977157317101955,0.015643969178199768,0.00015724268450867385
8130,0.02271653153002262,0.005630896892398596,0.015373818576335907,0.00017118160030804574
8131,0.022663995623588562,0.005607572849839926,0.015438245609402657,0.00016181767568923533
8132,0.022652514278888702,0.005610935389995575,0.015403229743242264,0.00016383493493776768
8133,0.022672152146697044,0.0056183598935604095,0.015374179929494858,0.0001679611741565168
8134,0.022712169215083122,0.005598779302090406,0.015511339530348778,0.00016020493058022112
8135,0.022766834124922752,0.00562866497784853,0.015392284840345383,0.00017458852380514145
8136,0.0228212159126997,0.0055917189456522465,0.015645291656255722,0.0001584205310791731
8137,0.02288627251982689,0.0056376331485807896,0.01544288732111454,0.00018057525448966771
8138,0.02293345332145691,0.005587537307292223,0.015771476551890373,0.00015744398115202785
8139,0.022997286170721054,0.005644881632179022,0.015499761328101158,0.00018526427447795868
8140,0.023029055446386337,0.005584937520325184,0.01587482914328575,0.00015692904707975686
8141,0.023087652400135994,0.005650510545819998,0.015550781972706318,0.00018863599689211696
8142,0.02310284599661827,0.00558320339769125,0.015954282134771347,0.00015653594164177775
8143,0.02315514162182808,0.005654961336404085,0.015590271912515163,0.0001909907878143713
8144,0.023155273869633675,0.005581974517554045,0.016013067215681076,0.00015602308849338442
8145,0.02320016361773014,0.005658203270286322,0.015616821125149727,0.0001925138058140874
8146,0.02318689413368702,0.005580936558544636,0.016050737351179123,0.00015552205150015652
8147,0.023223331198096275,0.00565980514511466,0.01563139632344246,0.00019321293802931905
8148,0.023198939859867096,0.005579897202551365,0.016067011281847954,0.00015520310262218118
8149,0.023226646706461906,0.005659716669470072,0.015635479241609573,0.00019314505334477872
8150,0.023193998262286186,0.005578858312219381,0.01606590859591961,0.00015492300735786557
8151,0.023213667795062065,0.005658470094203949,0.015629999339580536,0.0001925198157550767
8152,0.02317623794078827,0.005577979143708944,0.016053229570388794,0.0001545028353575617
8153,0.023189323022961617,0.005656789988279343,0.015616548247635365,0.00019159859220962971
8154,0.02315019629895687,0.005577425472438335,0.016032511368393898,0.00015402596909552813
8155,0.02315838262438774,0.005654995795339346,0.015597306191921234,0.00019060794147662818
8156,0.023120664060115814,0.005577366333454847,0.0160056259483099,0.00015376713417936116
8157,0.023126870393753052,0.005653358530253172,0.015575109049677849,0.00018984019698109478
8158,0.023094510659575462,0.0055780005641281605,0.01597598008811474,0.00015405306476168334
8159,0.023102860897779465,0.005652408581227064,0.015552515164017677,0.00018979360174853355
8160,0.02308063767850399,0.00557958846911788,0.01594763994216919,0.00015534092381130904
8161,0.023096788674592972,0.00565302511677146,0.015531621873378754,0.0001912140432978049
8162,0.02309001237154007,0.005582576617598534,0.015924114733934402,0.00015833201177883893
8163,0.023120401427149773,0.005656288005411625,0.01551341637969017,0.00019506974786054343
8164,0.023133838549256325,0.005587670486420393,0.01590651459991932,0.00016396532009821385
8165,0.023183392360806465,0.005662824492901564,0.015497519634664059,0.00020230490190442652
8166,0.023217476904392242,0.0055954898707568645,0.01589079014956951,0.00017311960982624441
8167,0.02328205667436123,0.005671669263392687,0.015480762347579002,0.00021296250633895397
8168,0.023321732878684998,0.005605384707450867,0.01586318202316761,0.00018531657406128943
8169,0.02337314747273922,0.005678226705640554,0.015455935150384903,0.0002238984889118001
8170,0.023374507203698158,0.0056133451871573925,0.01579984277486801,0.00019613190670497715
8171,0.02335531823337078,0.0056731849908828735,0.015415359288454056,0.00022667743905913085
8172,0.023266863077878952,0.005613019224256277,0.015680111944675446,0.0001973731559701264
8173,0.023147033527493477,0.005648986902087927,0.0153727438300848,0.0002125301689375192
8174,0.02299380674958229,0.005604680627584457,0.015523351728916168,0.00018657739565242082
8175,0.02285510115325451,0.005612983368337154,0.01538555696606636,0.00018565598293207586
8176,0.02275870367884636,0.005600641947239637,0.015404896810650826,0.00017531649791635573
8177,0.022726023569703102,0.00558428792282939,0.01551290974020958,0.00016288255574181676
8178,0.022768259048461914,0.005611060187220573,0.01539757288992405,0.00017596260295249522
8179,0.022862857207655907,0.0055720931850373745,0.015755463391542435,0.0001535299961687997
8180,0.023022310808300972,0.0056329816579818726,0.015518911182880402,0.00018704182002693415
8181,0.023186897858977318,0.005570043809711933,0.01608945056796074,0.00015274048200808465
8182,0.02343151532113552,0.00566007848829031,0.01576046086847782,0.00020109770412091166
8183,0.023628048598766327,0.00556962750852108,0.01652487739920616,0.00015335438365582377
8184,0.02398267760872841,0.005691310856491327,0.01613280363380909,0.0002158564457204193
8185,0.024199604988098145,0.005568973254412413,0.017085976898670197,0.00015446542238350958
8186,0.02471240609884262,0.005728279706090689,0.01663971319794655,0.00023444132239092141
8187,0.024874363094568253,0.005570874083787203,0.01769683137536049,0.00016066587704699486
8188,0.02546255849301815,0.005765851121395826,0.01711415685713291,0.0002582549932412803
8189,0.025331787765026093,0.00557747995480895,0.01800810545682907,0.0001746201451169327
8190,0.025606248527765274,0.005780558567494154,0.017077110707759857,0.00027485794271342456
8191,0.02498762309551239,0.005587758030742407,0.017511675134301186,0.0001888190017780289
8192,0.024620387703180313,0.005741036031395197,0.016292273998260498,0.0002587077906355262
8193,0.023835889995098114,0.0056001427583396435,0.016325846314430237,0.0001909899729071185
8194,0.02327887713909149,0.0056589883752167225,0.015549671836197376,0.0002070216287393123
8195,0.022885577753186226,0.005616483278572559,0.015460709109902382,0.00018083844042848796
8196,0.022753506898880005,0.005592077970504761,0.015569956041872501,0.00015914732648525387
8197,0.02284327521920204,0.0056353043764829636,0.015451926738023758,0.00017560440755914897
8198,0.023058339953422546,0.005566448904573917,0.01598302647471428,0.00015088659711182117
8199,0.02336934022605419,0.005651361774653196,0.015799004584550858,0.00019189725571777672
8200,0.02355494536459446,0.005565732251852751,0.016282718628644943,0.00017064946587197483
8201,0.02375669591128826,0.00566384382545948,0.015930576249957085,0.00021622756321448833
8202,0.023653090000152588,0.005574529524892569,0.01626904122531414,0.00018095197447109967
8203,0.023525236174464226,0.005658054258674383,0.015718843787908554,0.00021483373711816967
8204,0.023199521005153656,0.0055814520455896854,0.015894949436187744,0.00017231209494639188
8205,0.022916343063116074,0.005622196476906538,0.01544584147632122,0.00018483054009266198
8206,0.022690381854772568,0.0055869827046990395,0.015475408174097538,0.00016279904230032116
8207,0.022593529894948006,0.005586578976362944,0.01542888768017292,0.00015780632384121418
8208,0.022617697715759277,0.0055983527563512325,0.015372609719634056,0.00016467345994897187
8209,0.022721659392118454,0.005573422648012638,0.01560133509337902,0.00015469004574697465
8210,0.022864438593387604,0.0056106471456587315,0.015486113727092743,0.00017676780407782644
8211,0.022970939055085182,0.005571992602199316,0.01575879380106926,0.00016401521861553192
8212,0.023054055869579315,0.005618815775960684,0.015553172677755356,0.00018820667173713446
8213,0.02303103357553482,0.005571348126977682,0.015815667808055878,0.0001644016883801669
8214,0.02298291213810444,0.005616618786007166,0.015497058629989624,0.00018692346930038184
8215,0.022865159437060356,0.005568298045545816,0.01572374813258648,0.00015731131134089082
8216,0.022760026156902313,0.0056016771122813225,0.015403678640723228,0.00017546716844663024
8217,0.02266295813024044,0.005566330160945654,0.015546213835477829,0.00015504135808441788
8218,0.022606071084737778,0.005586064886301756,0.015370065346360207,0.00016499396588187665
8219,0.022582650184631348,0.005569348577409983,0.015433418564498425,0.00015798828098922968
8220,0.022585274651646614,0.005577636417001486,0.015387265011668205,0.0001620372204342857
8221,0.022602012380957603,0.00557550648227334,0.015404492616653442,0.00016220133693423122
8222,0.022623348981142044,0.005572725553065538,0.015421731397509575,0.00016288920596707612
8223,0.022642046213150024,0.005581570323556662,0.01539380382746458,0.00016666717419866472
8224,0.022651538252830505,0.0055675990879535675,0.015482200309634209,0.0001601737894816324
8225,0.0226563923060894,0.005585417151451111,0.015376463532447815,0.00016945121751632541
8226,0.022653523832559586,0.005562037695199251,0.015540714375674725,0.00015507703938055784
8227,0.02265487052500248,0.005585977341979742,0.015370825305581093,0.0001698066625976935
8228,0.022655893117189407,0.005557929165661335,0.01556745171546936,0.00015305131091736257
8229,0.02266780287027359,0.005586192011833191,0.015384318307042122,0.00016972927551250905
8230,0.02268070913851261,0.005555999930948019,0.015590537339448929,0.0001534171897219494
8231,0.02270333841443062,0.005589342210441828,0.015394788235425949,0.00017192080849781632
8232,0.022722091525793076,0.005555376876145601,0.015636172145605087,0.00015305422130040824
8233,0.022749807685613632,0.005594815127551556,0.015395893715322018,0.00017590983770787716
8234,0.022770438343286514,0.005554627161473036,0.015696417540311813,0.00015193935541901737
8235,0.022802462801337242,0.00559987174347043,0.015415165573358536,0.00017874252807814628
8236,0.022825811058282852,0.005552883725613356,0.01576322130858898,0.00015097056166268885
8237,0.022870395332574844,0.005603285040706396,0.015465185046195984,0.00018019256822299212
8238,0.022906024008989334,0.005550585221499205,0.015856022015213966,0.0001499417267041281
8239,0.022980885580182076,0.005607984494417906,0.015541806817054749,0.00018310929590370506
8240,0.0230425875633955,0.005548740271478891,0.016008855774998665,0.00014849922445137054
8241,0.023171070963144302,0.00561784440651536,0.015662288293242455,0.00018909378559328616
8242,0.023268504068255424,0.005547489505261183,0.01624433510005474,0.00014766794629395008
8243,0.02347337082028389,0.005634489469230175,0.015856320038437843,0.00019825619529001415
8244,0.023597173392772675,0.005546740721911192,0.01656745746731758,0.00014829750580247492
8245,0.023879993706941605,0.005657337140291929,0.016124358400702477,0.00020982968271709979
8246,0.02397940121591091,0.005547043867409229,0.01694093644618988,0.0001491421862738207
8247,0.024282220751047134,0.005682323593646288,0.016395460814237595,0.0002204436605097726
8248,0.02425714023411274,0.005547713954001665,0.017220918089151382,0.00014885090058669448
8249,0.024437569081783295,0.005697724409401417,0.01649940013885498,0.00022404447372537106
8250,0.024191902950406075,0.005546483676880598,0.017169084399938583,0.0001476333854952827
8251,0.024103129282593727,0.005687847267836332,0.016264624893665314,0.00021506569464690983
8252,0.023679250851273537,0.005544512998312712,0.01667320355772972,0.00014615338295698166
8253,0.02337285503745079,0.005649758968502283,0.015781588852405548,0.00019415067799855024
8254,0.022988177835941315,0.005547903943806887,0.015974894165992737,0.00014653796097263694
8255,0.022728150710463524,0.005601690616458654,0.01541932299733162,0.00017071369802579284
8256,0.022567378357052803,0.005560446530580521,0.015485743060708046,0.00015211882418952882
8257,0.022524669766426086,0.005566108040511608,0.015408400446176529,0.00015501595044042915
8258,0.0225746501237154,0.00557897612452507,0.01536971889436245,0.00016259549011010677
8259,0.02268010377883911,0.005548934917896986,0.015641383826732635,0.00014897843357175589
8260,0.0228156466037035,0.00559660280123353,0.015479667112231255,0.0001739376748446375
8261,0.022923242300748825,0.0055425725877285,0.01589713804423809,0.00014835322508588433
8262,0.023034226149320602,0.005608145613223314,0.015602059662342072,0.00018240211647935212
8263,0.02305692993104458,0.005540317390114069,0.01603095792233944,0.00014856552297715098
8264,0.023083804175257683,0.005610694643110037,0.015621628612279892,0.00018514797557145357
8265,0.023013710975646973,0.0055400896817445755,0.015992386266589165,0.0001481234357925132
8266,0.022956548258662224,0.005602918565273285,0.015541376546025276,0.00018122527399100363
8267,0.022843284532427788,0.005541817285120487,0.01581517606973648,0.00014862923126202077
8268,0.022752981632947922,0.0055876728147268295,0.015435762703418732,0.00017295453289989382
8269,0.02265741489827633,0.005545764230191708,0.015602494589984417,0.00015091552631929517
8270,0.022589338943362236,0.005571497604250908,0.015373921021819115,0.00016439206956420094
8271,0.022540876641869545,0.005551424343138933,0.01544836163520813,0.00015410908963531256
8272,0.02251572720706463,0.005558645818382502,0.01537399273365736,0.00015830878692213446
8273,0.022509150207042694,0.0055572581477463245,0.01537335105240345,0.0001578542432980612
8274,0.022516615688800812,0.005549417808651924,0.015420205891132355,0.00015469918434973806
8275,0.022534005343914032,0.005562062840908766,0.015351008623838425,0.00016209327441174537
8276,0.022556710988283157,0.005543012171983719,0.015490817837417126,0.00015228797565214336
8277,0.022584300488233566,0.005565782077610493,0.01535816490650177,0.0001660354610066861
8278,0.022611476480960846,0.005538735073059797,0.015566624701023102,0.00015061153681017458
8279,0.02264520339667797,0.0055692316964268684,0.015384100377559662,0.0001691871730145067
8280,0.022675376385450363,0.0055358088575303555,0.015644371509552002,0.00014951947377994657
8281,0.022719118744134903,0.005573756992816925,0.015422718599438667,0.00017226421914529055
8282,0.022756747901439667,0.005533627700060606,0.01573934406042099,0.00014837754133623093
8283,0.022819340229034424,0.005580707918852568,0.01547529548406601,0.00017633370589464903
8284,0.022871747612953186,0.005532138515263796,0.015869833528995514,0.0001469776761950925
8285,0.022966329008340836,0.005590945482254028,0.015556218102574348,0.00018191654817201197
8286,0.023041412234306335,0.005531699396669865,0.016049018129706383,0.00014606938930228353
8287,0.023184388875961304,0.005605269689112902,0.015686077997088432,0.00018930417718365788
8288,0.023285407572984695,0.005532833747565746,0.01628956012427807,0.00014630137593485415
8289,0.023488789796829224,0.0056246244348585606,0.015875838696956635,0.00019883272761944681
8290,0.023600930348038673,0.00553580978885293,0.016590945422649384,0.00014741763880010694
8291,0.023851027712225914,0.0056481570936739445,0.01610594429075718,0.00020969274919480085
8292,0.02392031066119671,0.005539477337151766,0.016896357759833336,0.00014844766701571643
8293,0.024144025519490242,0.0056691281497478485,0.016293924301862717,0.00021809738245792687
8294,0.024076128378510475,0.0055406587198376656,0.017055176198482513,0.0001480294158682227
8295,0.024145016446709633,0.005673788022249937,0.01629365235567093,0.00021775756613351405
8296,0.023880891501903534,0.005537118297070265,0.016887295991182327,0.00014564763114321977
8297,0.02372528612613678,0.005651361774653196,0.016023512929677963,0.0002050410839729011
8298,0.023358270525932312,0.005532915238291025,0.016383115202188492,0.00014422403182834387
8299,0.02310073748230934,0.005610096734017134,0.01563849113881588,0.00018521491438150406
8300,0.022833557799458504,0.005537272430956364,0.015802763402462006,0.0001493522577220574
8301,0.022685032337903976,0.005573594477027655,0.015416959300637245,0.00016944784147199243
8302,0.022623570635914803,0.005554005037993193,0.015442562289536,0.00016270038031507283
8303,0.02264869399368763,0.005556092131882906,0.015455558896064758,0.00016370441881008446
8304,0.022731631994247437,0.005576530937105417,0.015361037105321884,0.00017940635734703392
8305,0.022836167365312576,0.005552844610065222,0.015632355585694313,0.0001650965859880671
8306,0.022944031283259392,0.0055952831171453,0.015418574213981628,0.00019301737484056503
8307,0.023009875789284706,0.00555255776271224,0.01578652858734131,0.00016707887698430568
8308,0.02304857410490513,0.005603169556707144,0.01546187698841095,0.00019835267448797822
8309,0.023013222962617874,0.0055479444563388824,0.01582220196723938,0.00016430759569630027
8310,0.02294829487800598,0.005596068687736988,0.015431568957865238,0.00019206565048079938
8311,0.022831952199339867,0.005539011210203171,0.015728112310171127,0.0001564829290146008
8312,0.0227160956710577,0.0055767386220395565,0.01536959782242775,0.00017697592556942254
8313,0.022606149315834045,0.005533007439225912,0.015571201220154762,0.0001501939696026966
8314,0.022532425820827484,0.005556388758122921,0.01534256525337696,0.00016334731481038034
8315,0.02249728888273239,0.005536450073122978,0.015438748523592949,0.0001522091042716056
8316,0.02250055968761444,0.005544519051909447,0.015368769876658916,0.00015872721269261092
8317,0.022530298680067062,0.005546345841139555,0.015372572466731071,0.00016113802848849446
8318,0.022572912275791168,0.005541148129850626,0.015419207513332367,0.00016125570982694626
8319,0.022616123780608177,0.005554556846618652,0.015355372801423073,0.00017061940161511302
8320,0.022647935897111893,0.005540979094803333,0.015457186847925186,0.00016497702745255083
8321,0.022665362805128098,0.005556140094995499,0.015352968126535416,0.00017562543507665396
8322,0.02266247197985649,0.00553960632532835,0.015464387834072113,0.00016584772674832493
8323,0.022645113989710808,0.005551266949623823,0.015351349487900734,0.0001742497697705403
8324,0.022613460198044777,0.005536370445042849,0.015441693365573883,0.00016353974933736026
8325,0.02257664129137993,0.005542931612581015,0.015354227274656296,0.00016794826660770923
8326,0.022538648918271065,0.005533210933208466,0.015403591096401215,0.0001601847034180537
8327,0.02250618487596512,0.005534407217055559,0.01536775752902031,0.00016040209447965026
8328,0.02248244360089302,0.005532260052859783,0.015368658117949963,0.0001581525575602427
8329,0.022469352930784225,0.005527741741389036,0.015395897440612316,0.00015457147674169391
8330,0.022467907518148422,0.005534433759748936,0.015346484258770943,0.00015869879280216992
8331,0.022476818412542343,0.005523195955902338,0.015443682670593262,0.0001509940775576979
8332,0.02249697968363762,0.005539369769394398,0.015339910984039307,0.0001617700618226081
8333,0.02252647466957569,0.005519963335245848,0.0155192781239748,0.00014872333849780262
8334,0.022571822628378868,0.0055466280318796635,0.015357615426182747,0.00016675791994202882
8335,0.02263064682483673,0.005517276003956795,0.0156459528952837,0.0001467417023377493
8336,0.022726526483893394,0.005557377357035875,0.01543057058006525,0.00017385788669344038
8337,0.022850869223475456,0.005515106488019228,0.015889465808868408,0.00014462975377682596
8338,0.0230775885283947,0.005576208233833313,0.0156452264636755,0.00018561544129624963
8339,0.02336013875901699,0.005515477620065212,0.016407478600740433,0.00014371810539159924
8340,0.02392621338367462,0.0056147645227611065,0.016223479062318802,0.00020879686053376645
8341,0.024530727416276932,0.005523642059415579,0.01751689985394478,0.0001490185095462948
8342,0.025852151215076447,0.005697452928870916,0.017599795013666153,0.00025549018755555153
8343,0.02676326408982277,0.005544253624975681,0.019552187994122505,0.00016668207535985857
8344,0.02900760993361473,0.005846797954291105,0.01988101378083229,0.0003279797965660691
8345,0.02896162122488022,0.005561084020882845,0.021590059623122215,0.00018104782793670893
8346,0.030041534453630447,0.005961939226835966,0.02048797719180584,0.0003591618442442268
8347,0.02730155736207962,0.00554102286696434,0.02019362710416317,0.00015669064305257052
8348,0.02522658184170723,0.005800290498882532,0.016829894855618477,0.0002596396370790899
8349,0.023091813549399376,0.005555786658078432,0.01606779918074608,0.00014682281471323222
8350,0.022639336064457893,0.0055601345375180244,0.015589440241456032,0.0001489760761614889
8351,0.023594912141561508,0.005693586077541113,0.015955651178956032,0.0001945673575391993
8352,0.024722596630454063,0.005524739623069763,0.01775444857776165,0.0001443409128114581
8353,0.0255737267434597,0.005749986041337252,0.017522001639008522,0.0002301739004906267
8354,0.024723483249545097,0.00551370345056057,0.017449118196964264,0.00017606624169275165
8355,0.023839451372623444,0.005636793561279774,0.016107821837067604,0.00020948353630956262
8356,0.022965868934988976,0.005556891206651926,0.015529245138168335,0.00018797330267261714
8357,0.022899005562067032,0.005562216974794865,0.015620490536093712,0.00017162978474516422
8358,0.023466188460588455,0.005659689661115408,0.015702588483691216,0.0002103910082951188
8359,0.023872343823313713,0.005546812433749437,0.016576549038290977,0.00017489830497652292
8360,0.02383606508374214,0.005658953916281462,0.01610761694610119,0.00020694939303211868
8361,0.023162895813584328,0.005527185276150703,0.016149675473570824,0.00014860356168355793
8362,0.022633753716945648,0.005569481290876865,0.01541207917034626,0.00016521925863344222
8363,0.022525830194354057,0.005552244838327169,0.015423478558659554,0.0001550106971990317
8364,0.022824345156550407,0.005535610020160675,0.015717925503849983,0.0001570810127304867
8365,0.02319895103573799,0.005624894052743912,0.01558431051671505,0.0001989746087929234
8366,0.023238226771354675,0.005537037272006273,0.016161570325493813,0.0001539619406685233
8367,0.022981643676757812,0.005608636420220137,0.01550169475376606,0.00018713124154601246
8368,0.02261262945830822,0.0055300830863416195,0.015583409927785397,0.0001499136706115678
8369,0.022454073652625084,0.005539993289858103,0.015417052432894707,0.0001497027842560783
8370,0.02255587838590145,0.005557921249419451,0.015348752960562706,0.00016492049326188862
8371,0.022752726450562477,0.005518561694771051,0.015757745131850243,0.000147641942021437
8372,0.022870950400829315,0.005575960036367178,0.01551503874361515,0.00017799519991967827
8373,0.022784611210227013,0.005519208963960409,0.0157141275703907,0.0001551274472149089
8374,0.022612836211919785,0.005551868584007025,0.015408365055918694,0.00016526029503438622
8375,0.02247123047709465,0.005521430168300867,0.015452533960342407,0.00014972676581237465
8376,0.02245127223432064,0.005522613879293203,0.015399707481265068,0.000152894965140149
8377,0.022527851164340973,0.005540030542761087,0.015400265343487263,0.00015875538520049304
8378,0.02261195331811905,0.005510539747774601,0.015639539808034897,0.00014618749264627695
8379,0.022647537291049957,0.005553231108933687,0.01541071105748415,0.0001683594600763172
8380,0.0225956030189991,0.005510864779353142,0.015643037855625153,0.00014416997146327049
8381,0.022512439638376236,0.005538512021303177,0.015348806977272034,0.00016251210763584822
8382,0.022445110604166985,0.005517514888197184,0.015429778024554253,0.00014978187391534448
8383,0.02242969162762165,0.005519000813364983,0.015407050028443336,0.00015036415425129235
8384,0.022458981722593307,0.005526988301426172,0.015363020822405815,0.00015689725114498287
8385,0.02250046469271183,0.005510624032467604,0.015519766137003899,0.00014700734755024314
8386,0.022529270499944687,0.0055335708893835545,0.015386314131319523,0.00016093843441922218
8387,0.02252042107284069,0.005508217494934797,0.015529653057456017,0.0001482550287619233
8388,0.022487636655569077,0.00553113454952836,0.015360502526164055,0.00015959996380843222
8389,0.022443190217018127,0.005511264782398939,0.01544906571507454,0.00014828599523752928
8390,0.022412898018956184,0.0055211568251252174,0.015342755243182182,0.0001548985455883667
8391,0.022404883056879044,0.005517575424164534,0.015378277748823166,0.00015090298256836832
8392,0.02241602912545204,0.005512311588972807,0.015408338978886604,0.00014953778008930385
8393,0.02243650145828724,0.005522576160728931,0.015353218652307987,0.00015607070236001164
8394,0.022453054785728455,0.005508362781256437,0.015479758381843567,0.00014649327204097062
8395,0.02245952934026718,0.005524090491235256,0.015348963439464569,0.000158647439093329
8396,0.022451050579547882,0.005506983958184719,0.015471152029931545,0.0001472913718316704
8397,0.022435801103711128,0.0055211931467056274,0.01535046100616455,0.00015641473873984069
8398,0.02241714484989643,0.005508280824869871,0.015413436107337475,0.00014954291691537946
8399,0.02240217663347721,0.005515454802662134,0.015355462208390236,0.0001531259622424841
8400,0.0223938450217247,0.005510987248271704,0.01537284441292286,0.00015100135351531208
8401,0.02239266224205494,0.00550969410687685,0.015371570363640785,0.00015113964036572725
8402,0.022396566346287727,0.005512910429388285,0.015354776754975319,0.000152887892909348
8403,0.02240247093141079,0.005505723413079977,0.015403746627271175,0.00014930006000213325
8404,0.022407978773117065,0.0055140042677521706,0.015341678634285927,0.00015522939793299884
8405,0.02241061069071293,0.005503531079739332,0.015430396422743797,0.00014766822278033942
8406,0.022410476580262184,0.005513963755220175,0.015337822958827019,0.00015586889639962465
8407,0.022406956180930138,0.005502744112163782,0.015422995202243328,0.00014812171866651624
8408,0.02240198291838169,0.005512063857167959,0.015342101454734802,0.00015478170826099813
8409,0.02239575982093811,0.005502929445356131,0.015396017581224442,0.00014968120376579463
8410,0.022389879450201988,0.005509022157639265,0.015343897044658661,0.00015369603352155536
8411,0.02238471806049347,0.0055031548254191875,0.015377618372440338,0.0001503943494753912
8412,0.022381072863936424,0.005505704786628485,0.01534723024815321,0.00015281389642041177
8413,0.022378765046596527,0.005503259599208832,0.015365121886134148,0.00015103837358765304
8414,0.022377468645572662,0.005502474959939718,0.01536165364086628,0.00015133396664168686
8415,0.02237718552350998,0.005503408145159483,0.015349747613072395,0.00015240286302287132
8416,0.022377219051122665,0.005499931983649731,0.015377079136669636,0.00015002080181147903
8417,0.022377504035830498,0.005503319203853607,0.0153387151658535,0.00015354696370195597
8418,0.022377775982022285,0.005498131271451712,0.015381528064608574,0.00014981154527049512
8419,0.02237795665860176,0.005502915475517511,0.015336040407419205,0.00015390013868454844
8420,0.02237791009247303,0.005496550351381302,0.015383241698145866,0.00014981186541263014
8421,0.02237769588828087,0.005502335261553526,0.01533487718552351,0.0001540484227007255
8422,0.022377299144864082,0.00549512030556798,0.015389900654554367,0.00014922788250260055
8423,0.022376924753189087,0.005501549690961838,0.015331966802477837,0.00015434074157383293
8424,0.022376473993062973,0.005493951495736837,0.015395358204841614,0.00014871642633806914
8425,0.02237638086080551,0.0055007548071444035,0.015330242924392223,0.00015453821106348187
8426,0.02237624116241932,0.005492750089615583,0.01539691723883152,0.00014865728735458106
8427,0.022376589477062225,0.005500296596437693,0.015329668298363686,0.00015466251352336258
8428,0.0223772544413805,0.005491433199495077,0.015400717966258526,0.00014851037121843547
8429,0.02237888053059578,0.005500134080648422,0.015327868983149529,0.00015508766227867454
8430,0.022381102666258812,0.005490064155310392,0.015411785803735256,0.0001479252678109333
8431,0.02238505333662033,0.0055002146400511265,0.015324966982007027,0.00015598720347043127
8432,0.02239040657877922,0.0054883998818695545,0.015430765226483345,0.00014712421398144215
8433,0.022399183362722397,0.005500962026417255,0.015325302258133888,0.00015729172446299344
8434,0.022410666570067406,0.0054863207042217255,0.01546182855963707,0.00014625166659243405
8435,0.02242952585220337,0.005502939224243164,0.015334241092205048,0.0001592345506651327
8436,0.022454069927334785,0.005484018474817276,0.015519637614488602,0.0001450414420105517
8437,0.0224949661642313,0.005507068708539009,0.015361230820417404,0.00016266661987174302
8438,0.022547902539372444,0.005481652915477753,0.01563357375562191,0.00014326762175187469
8439,0.022638943046331406,0.0055153146386146545,0.01543513499200344,0.0001688492629909888
8440,0.02275235205888748,0.005479662679135799,0.015858925879001617,0.00014137622201815248
8441,0.022958166897296906,0.005531301721930504,0.01562914252281189,0.00017977217794395983
8442,0.023195214569568634,0.005479724612087011,0.01630781590938568,0.000140767268021591
8443,0.02365310862660408,0.00556251872330904,0.016097307205200195,0.00019932838040404022
8444,0.02409883588552475,0.0054852343164384365,0.017176514491438866,0.00014370867575053126
8445,0.025028537958860397,0.00562259741127491,0.017077118158340454,0.00023288214288186282
8446,0.02562686987221241,0.005498587619513273,0.018612409010529518,0.0001515871990704909
8447,0.027035534381866455,0.005719183012843132,0.01853642612695694,0.00027799245435744524
8448,0.02709205448627472,0.005510506685823202,0.02001160942018032,0.00015699373034294695
8449,0.027882801368832588,0.005795125383883715,0.019091768190264702,0.0002995908143930137
8450,0.02637987956404686,0.005500627215951681,0.019426701590418816,0.00014525503502227366
8451,0.025269607082009315,0.005717767868191004,0.017078859731554985,0.0002472980413585901
8452,0.023496076464653015,0.005495734512805939,0.016622042283415794,0.0001378299348289147
8453,0.022590506821870804,0.0055505456402897835,0.015376016497612,0.00016639447130728513
8454,0.02261083386838436,0.005563562270253897,0.015337878838181496,0.00017093916540034115
8455,0.023285316303372383,0.005499047692865133,0.016352277249097824,0.00014339902554638684
8456,0.024108899757266045,0.005648138467222452,0.016330480575561523,0.00021302815002854913
8457,0.024282552301883698,0.00550250057131052,0.01722901500761509,0.00015510362572968006
8458,0.024137940257787704,0.005630218889564276,0.016409944742918015,0.0002097775141010061
8459,0.023333650082349777,0.005485223140567541,0.016329068690538406,0.00015193568833637983
8460,0.02266930416226387,0.005543395411223173,0.015451046638190746,0.00016748633061069995
8461,0.022368328645825386,0.005505956709384918,0.015359067358076572,0.00015033059753477573
8462,0.02254304848611355,0.005490477196872234,0.015583325177431107,0.00014692451804876328
8463,0.022955017164349556,0.005555546842515469,0.015632573515176773,0.00017668954387772828
8464,0.023197229951620102,0.005489968694746494,0.01621282659471035,0.00014944344002287835
8465,0.023228799924254417,0.005568682681769133,0.015786178410053253,0.00018739390361588448
8466,0.02291214093565941,0.005488201510161161,0.016017792746424675,0.00014061457477509975
8467,0.022578606382012367,0.0055301073007285595,0.015388169325888157,0.00016603297262918204
8468,0.02237391658127308,0.005494148936122656,0.01542537473142147,0.00014543916040565819
8469,0.022397739812731743,0.005492669530212879,0.015474955551326275,0.0001430114352842793
8470,0.022572213783860207,0.005526972934603691,0.015401143580675125,0.00016440980834886432
8471,0.022721905261278152,0.005480998661369085,0.01584746316075325,0.00013934429443906993
8472,0.022778332233428955,0.005534934811294079,0.015531275421380997,0.00017121215933002532
8473,0.022665219381451607,0.005479051731526852,0.01572856307029724,0.0001457604084862396
8474,0.022514084354043007,0.005510920193046331,0.015399019233882427,0.00016041446360759437
8475,0.02238401398062706,0.0054844762198626995,0.015423262491822243,0.0001476275356253609
8476,0.02234679087996483,0.005488888826221228,0.015360899269580841,0.00014970020856708288
8477,0.022394511848688126,0.005498941987752914,0.0153497364372015,0.00015458335110452026
8478,0.022477122023701668,0.005479421000927687,0.015543092042207718,0.00014546078455168754
8479,0.02254890836775303,0.005512089468538761,0.015400541946291924,0.00016362752649001777
8480,0.022562196478247643,0.005477366037666798,0.015658888965845108,0.00014259429008234292
8481,0.022534631192684174,0.00551143754273653,0.015365535393357277,0.00016576566849835217
8482,0.022470353171229362,0.005479657091200352,0.015539219602942467,0.00014514752547256649
8483,0.022413183003664017,0.0054986197501420975,0.015321927145123482,0.00015926362539175898
8484,0.022381914779543877,0.005484475754201412,0.015389466658234596,0.0001507972920080647
8485,0.02238752692937851,0.00548678869381547,0.015370795503258705,0.00015299436927307397
8486,0.02242334932088852,0.005490343552082777,0.015363813377916813,0.00015691937005613
8487,0.022473517805337906,0.005481422878801823,0.015457464382052422,0.00015346288273576647
8488,0.02253076806664467,0.00549624627456069,0.01539524644613266,0.00016392749967053533
8489,0.022574495524168015,0.005482116248458624,0.015515359118580818,0.00015770203026477247
8490,0.0226193405687809,0.0055001662112772465,0.01540866307914257,0.00017105109873227775
8491,0.02265103906393051,0.005488488357514143,0.01551596075296402,0.00016465893713757396
8492,0.02269880659878254,0.005503490101546049,0.015418071299791336,0.00017772453429643065
8493,0.022754080593585968,0.005500738974660635,0.015471525490283966,0.00017818149353843182
8494,0.02283589355647564,0.005510567221790552,0.01545597892254591,0.00018693470337893814
8495,0.022936196997761726,0.0055182212963700294,0.015425536781549454,0.00019924399384763092
8496,0.023042190819978714,0.005520572420209646,0.015526721253991127,0.00019948971748817712
8497,0.023139839991927147,0.00553445378318429,0.015424752607941628,0.00021806347649544477
8498,0.023179220035672188,0.0055255405604839325,0.015585919842123985,0.00020677591965068132
8499,0.023156702518463135,0.0055372207425534725,0.015431080013513565,0.00021884003945160657
8500,0.0230264812707901,0.005515549797564745,0.015553642064332962,0.00019572893506847322
8501,0.022835753858089447,0.005517135839909315,0.015376562252640724,0.00019420543685555458
8502,0.022612445056438446,0.005492832511663437,0.015436941757798195,0.0001682670263107866
8503,0.02242954820394516,0.005487200804054737,0.015335069969296455,0.00016072759171947837
8504,0.0223283302038908,0.005480211693793535,0.015338020399212837,0.00015100979362614453
8505,0.02231898531317711,0.005473744124174118,0.015386114828288555,0.00014591262151952833
8506,0.02237819880247116,0.005487529560923576,0.01530463807284832,0.00015860314306337386
8507,0.02246186137199402,0.005478127393871546,0.015468111261725426,0.00015156222798395902
8508,0.022531135007739067,0.005497712176293135,0.015315534546971321,0.0001717888080747798
8509,0.022552359849214554,0.005482579581439495,0.01548631303012371,0.00015834675286896527
8510,0.022527232766151428,0.005495256744325161,0.015325017273426056,0.00017069569730665535
8511,0.022461093962192535,0.005478336941450834,0.015426699072122574,0.0001556056522531435
8512,0.022386016324162483,0.005482050124555826,0.01531880535185337,0.0001585161517141387
8513,0.022325243800878525,0.0054727839305996895,0.0153521578758955,0.00015003010048530996
8514,0.02229631319642067,0.005470642354339361,0.01533916313201189,0.00014865088451188058
8515,0.02230091765522957,0.005474207457154989,0.015313530340790749,0.00015131787222344428
8516,0.02232844941318035,0.0054672472178936005,0.015399291180074215,0.00014619101420976222
8517,0.022363711148500443,0.0054797641932964325,0.015304174274206161,0.00015797727974131703
8518,0.022390617057681084,0.005467453971505165,0.015452219173312187,0.00014709433889947832
8519,0.022403018549084663,0.005482675042003393,0.015304362401366234,0.00016159802908077836
8520,0.022396408021450043,0.005465719848871231,0.015465859323740005,0.00014648294018115848
8521,0.022380303591489792,0.005480689462274313,0.01530491653829813,0.00015946972416713834
8522,0.022359604015946388,0.005462351720780134,0.015455587767064571,0.00014416644989978522
8523,0.022346992045640945,0.005476859398186207,0.015305668115615845,0.00015644652012269944
8524,0.022345537319779396,0.005460423417389393,0.015454478561878204,0.0001430635602446273
8525,0.022361621260643005,0.005475184414535761,0.01531855296343565,0.00015678834461141378
8526,0.022390319034457207,0.005460395012050867,0.015483105555176735,0.0001446818350814283
8527,0.02243739925324917,0.0054771932773292065,0.01535094529390335,0.00016092602163553238
8528,0.022491423413157463,0.005460223648697138,0.015557397156953812,0.00014738028403371572
8529,0.02257245033979416,0.005482884123921394,0.01541099138557911,0.00016785738989710808
8530,0.022660216316580772,0.005458505358546972,0.015720799565315247,0.00014809115964453667
8531,0.022811302915215492,0.005493666511029005,0.015542596578598022,0.00017750398546922952
8532,0.022974640130996704,0.005456236191093922,0.01605762355029583,0.00014607787306886166
8533,0.02329205721616745,0.005514722317457199,0.01585613749921322,0.00019211973994970322
8534,0.023604746907949448,0.005456594284623861,0.016706015914678574,0.00014421353989746422
8535,0.02425740659236908,0.005555618088692427,0.01654268428683281,0.00021591027325484902
8536,0.024751143530011177,0.005463178735226393,0.017829013988375664,0.0001458950573578477
8537,0.025871355086565018,0.005627190228551626,0.01773706078529358,0.0002507103781681508
8538,0.02624124474823475,0.005474689416587353,0.01927034929394722,0.00014962050772737712
8539,0.027372347190976143,0.005713876336812973,0.018841829150915146,0.0002816642227116972
8540,0.026706073433160782,0.005476769059896469,0.019779112190008163,0.00014501914847642183
8541,0.026464562863111496,0.0057214596308767796,0.018079053610563278,0.0002664050552994013
8542,0.02468767575919628,0.005462970118969679,0.01791192963719368,0.00013127749843988568
8543,0.023371456190943718,0.005589103791862726,0.015844134613871574,0.00019382189202588052
8544,0.022449076175689697,0.005479278974235058,0.01558658853173256,0.00013832085824105889
8545,0.022383082658052444,0.005475750658661127,0.015525411814451218,0.00013819198647979647
8546,0.022948887199163437,0.005548653658479452,0.015646206215023994,0.00017540264525450766
8547,0.02357388101518154,0.005462282337248325,0.01675284467637539,0.00013587537978310138
8548,0.02406090870499611,0.005583455320447683,0.016477588564157486,0.0001999864907702431
8549,0.023781299591064453,0.005453928839415312,0.016850488260388374,0.0001476881152484566
8550,0.023386230692267418,0.005542951636016369,0.01593852788209915,0.00019047509704250842
8551,0.022791104391217232,0.005462208297103643,0.015765998512506485,0.00015628965047653764
8552,0.02250373363494873,0.00549367954954505,0.015367437154054642,0.0001642615970922634
8553,0.0225578173995018,0.005505597684532404,0.015343845821917057,0.0001708373165456578
8554,0.02278909832239151,0.00547346705570817,0.01580936089158058,0.00015062707825563848
8555,0.022996939718723297,0.005529426503926516,0.015653865411877632,0.00018136487051378936
8556,0.02295583300292492,0.005461195483803749,0.016098111867904663,0.00013965264952275902
8557,0.022801006212830544,0.005508981645107269,0.015588808804750443,0.00017032158211804926
8558,0.022554177790880203,0.0054566264152526855,0.015695365145802498,0.00014021863171365112
8559,0.02242502197623253,0.0054798610508441925,0.01536809653043747,0.0001577065122546628
8560,0.022440407425165176,0.005486535374075174,0.015311192721128464,0.0001642680581426248
8561,0.022547757253050804,0.005470226053148508,0.015535350888967514,0.00015421811258420348
8562,0.022640202194452286,0.005513894371688366,0.015339311212301254,0.00017869964358396828
8563,0.022625133395195007,0.005463366396725178,0.015673287212848663,0.00014884815027471632
8564,0.022525271400809288,0.0054970597848296165,0.015370748937129974,0.00016574622713960707
8565,0.022386830300092697,0.005454744677990675,0.01550994161516428,0.0001422143541276455
8566,0.022302167490124702,0.00546858599409461,0.015323185361921787,0.0001510396832600236
8567,0.02229941636323929,0.005463489796966314,0.015341125428676605,0.00014948012540116906
8568,0.022359544411301613,0.005460203625261784,0.015402957797050476,0.0001496383483754471
8569,0.02243366278707981,0.005479428917169571,0.01531543955206871,0.00016387943469453603
8570,0.02247077040374279,0.0054604965262115,0.015514044091105461,0.00014962292334530503
8571,0.02245735563337803,0.005480799823999405,0.015312287956476212,0.00016642670379951596
8572,0.022396069020032883,0.005456109065562487,0.015483735129237175,0.00014562257274519652
8573,0.02232467755675316,0.005467479582875967,0.015298252925276756,0.0001558944204589352
8574,0.02227097563445568,0.00545264407992363,0.015373438596725464,0.00014448932779487222
8575,0.02225290797650814,0.00545592000707984,0.015326840803027153,0.00014701472537126392
8576,0.022267600521445274,0.00545709440484643,0.015311183407902718,0.00014993232616689056
8577,0.022299155592918396,0.005453131627291441,0.015388814732432365,0.00014572091458830982
8578,0.0223289392888546,0.005463922396302223,0.015308240428566933,0.00015567769878543913
8579,0.022341057658195496,0.005452658515423536,0.015425645746290684,0.00014627542987000197
8580,0.02233373373746872,0.00546526163816452,0.015302678570151329,0.00015657937910873443
8581,0.02230937033891678,0.005451271776109934,0.015405796468257904,0.00014523029676638544
8582,0.02228032983839512,0.005460186395794153,0.0152916070073843,0.00015285365225281566
8583,0.022255513817071915,0.005450643133372068,0.015360605902969837,0.00014442650717683136
8584,0.02224222756922245,0.005454074591398239,0.015309440903365612,0.00014787117834202945
8585,0.0222413819283247,0.005452488549053669,0.015321925282478333,0.00014669689699076116
8586,0.022249646484851837,0.005450983066111803,0.015346363186836243,0.00014523003483191133
8587,0.022261081263422966,0.005455195438116789,0.015302116982638836,0.00015037694538477808
8588,0.02227001078426838,0.005449813790619373,0.015368489548563957,0.00014517060481011868
8589,0.02227378450334072,0.005456115584820509,0.015297734178602695,0.00015199357585515827
8590,0.022271007299423218,0.005448796786367893,0.015366965904831886,0.00014552439097315073
8591,0.022263700142502785,0.005454663187265396,0.015296036377549171,0.0001513001334387809
8592,0.0222536101937294,0.0054474095813930035,0.015357710421085358,0.00014484906569123268
8593,0.022243887186050415,0.0054518613032996655,0.015295401215553284,0.0001496625191066414
8594,0.022236352786421776,0.005446221213787794,0.015346236526966095,0.0001443894871044904
8595,0.022232070565223694,0.00544908968731761,0.015302732586860657,0.00014802470104768872
8596,0.02223079837858677,0.00544577045366168,0.015330616384744644,0.0001454411103622988
8597,0.022232098504900932,0.005447256378829479,0.015313602983951569,0.00014712379197590053
8598,0.022234460338950157,0.005445857997983694,0.015318711288273335,0.00014698923041578382
8599,0.022236838936805725,0.005446359049528837,0.015318191610276699,0.00014722890045959502
8600,0.022238444536924362,0.005445849150419235,0.015315724536776543,0.0001476870966143906
8601,0.022238904610276222,0.0054456391371786594,0.015316568315029144,0.00014766979438718408
8602,0.022237900644540787,0.005445097107440233,0.015316613018512726,0.00014761908096261322
8603,0.022235829383134842,0.005444717593491077,0.0153130404651165,0.0001478071790188551
8604,0.02223312295973301,0.00544343888759613,0.015318160876631737,0.0001471524010412395
8605,0.02223026193678379,0.005443859379738569,0.015308275818824768,0.00014781269419472665
8606,0.022227810695767403,0.00544132012873888,0.015324391424655914,0.00014621007721871138
8607,0.022226279601454735,0.005443302448838949,0.015301203355193138,0.00014817729243077338
8608,0.022225871682167053,0.0054392702877521515,0.015337357297539711,0.00014492441550828516
8609,0.02222735807299614,0.005443306174129248,0.015292484313249588,0.00014915669453330338
8610,0.022230587899684906,0.005437313113361597,0.015356684103608131,0.00014365906827151775
8611,0.022237027063965797,0.005444137845188379,0.015285486355423927,0.0001507403503637761
8612,0.022246873006224632,0.005435179453343153,0.01538783684372902,0.00014238560106605291
8613,0.022263413295149803,0.0054460070095956326,0.015286946669220924,0.000153045984916389
8614,0.02228734642267227,0.005432883743196726,0.015447530895471573,0.0001406931405654177
8615,0.022327931597828865,0.005449709482491016,0.015310155227780342,0.00015680665092077106
8616,0.022385988384485245,0.005430706776678562,0.015571147203445435,0.00013841355394106358
8617,0.022488826885819435,0.005457539111375809,0.015394065529108047,0.0001637222885619849
8618,0.02263166569173336,0.005429377313703299,0.015840597450733185,0.0001361690810881555
8619,0.022899452596902847,0.005474752280861139,0.015651235356926918,0.00017734651919454336
8620,0.023242997005581856,0.0054314471781253815,0.016451479867100716,0.00013600692909676582
8621,0.023931318894028664,0.005513731390237808,0.016367197036743164,0.00020503900304902345
8622,0.024661997333168983,0.005442725028842688,0.01779410056769848,0.00014251715037971735
8623,0.02624143846333027,0.005599846597760916,0.018063068389892578,0.0002578522253315896
8624,0.02724325843155384,0.005466836038976908,0.02018563821911812,0.00015907853958196938
8625,0.02968141809105873,0.005748978815972805,0.020634818822145462,0.0003297619696240872
8626,0.02926512062549591,0.0054802801460027695,0.022134922444820404,0.00016499171033501625
8627,0.02979639731347561,0.005829497240483761,0.02057538740336895,0.0003391513309907168
8628,0.026555947959423065,0.005452365148812532,0.019745327532291412,0.00013582553947344422
8629,0.02414323017001152,0.0056368038058280945,0.01628473401069641,0.00022216913930606097
8630,0.022464558482170105,0.0054784188978374004,0.01558825746178627,0.00013978815695736557
8631,0.02265593782067299,0.0054523940198123455,0.01587907411158085,0.00013244700676295906
8632,0.02405412681400776,0.005613448563963175,0.016434460878372192,0.00020062185649294406
8633,0.02492721565067768,0.005446700844913721,0.018055392429232597,0.00014251226093620062
8634,0.025186168029904366,0.005622007884085178,0.01736355945467949,0.00022006008657626808
8635,0.023853754624724388,0.005430394317954779,0.01682930439710617,0.00015940550656523556
8636,0.022835688665509224,0.005502171814441681,0.01557367667555809,0.00017598409613128752
8637,0.02253967709839344,0.005495070945471525,0.015212886035442352,0.0001831720001064241
8638,0.02306830696761608,0.005465954076498747,0.01603323221206665,0.00015691205044277012
8639,0.023780999705195427,0.005575910210609436,0.016072655096650124,0.00021324350382201374
8640,0.023696914315223694,0.0054601333104074,0.016586897894740105,0.00016498831973876804
8641,0.023131893947720528,0.005522567313164473,0.015777764841914177,0.00018315610941499472
8642,0.022424811497330666,0.005443824455142021,0.015588009729981422,0.0001392977574141696
8643,0.022259969264268875,0.005447532050311565,0.015346252359449863,0.00014661844761576504
8644,0.02260146290063858,0.005488708149641752,0.015472952276468277,0.0001639801193960011
8645,0.0229652002453804,0.00544528616592288,0.016031622886657715,0.0001488290581619367
8646,0.023040898144245148,0.00552666699513793,0.01562660001218319,0.00018876302056014538
8647,0.0226962361484766,0.00544574111700058,0.015848712995648384,0.00014017811918165535
8648,0.022348634898662567,0.005475892219692469,0.015268661081790924,0.00016040827904362231
8649,0.022272802889347076,0.0054571726359426975,0.015317754819989204,0.00014978766557760537
8650,0.022457176819443703,0.0054368264973163605,0.015661589801311493,0.00013587609282694757
8651,0.02265929989516735,0.005482746288180351,0.015483155846595764,0.0001693397352937609
8652,0.022623665630817413,0.005431560333818197,0.015805315226316452,0.0001386789372190833
8653,0.02245156466960907,0.0054646567441523075,0.015402683988213539,0.00015842245193198323
8654,0.022268112748861313,0.005434510763734579,0.015387795865535736,0.00014458065561484545
8655,0.022223059087991714,0.005438324064016342,0.015374255366623402,0.00014104814908932894
8656,0.022313734516501427,0.005450873635709286,0.01534186489880085,0.0001520997320767492
8657,0.022426754236221313,0.005427139345556498,0.01557767391204834,0.0001421942433807999
8658,0.022468676790595055,0.005460251122713089,0.015422414988279343,0.0001586011057952419
8659,0.02238636277616024,0.005425920244306326,0.015557000413537025,0.00014034408377483487
8660,0.022275788709521294,0.005448200739920139,0.01530110090970993,0.00015264879039023072
8661,0.022205576300621033,0.005433741491287947,0.015361428260803223,0.00014104056754149497
8662,0.022211642935872078,0.00543170515447855,0.015345579013228416,0.00014343576913233846
8663,0.022268021479249,0.005444818176329136,0.015323024243116379,0.00015001805149950087
8664,0.02231893502175808,0.005427276249974966,0.015513211488723755,0.0001378447632305324
8665,0.022332116961479187,0.005447701085358858,0.015333591029047966,0.00015508249634876847
8666,0.02229161746799946,0.005427594296634197,0.01547451876103878,0.0001389506069244817
8667,0.022237716242671013,0.005440931301563978,0.01529665570706129,0.0001500130456406623
8668,0.022199328988790512,0.0054316739551723,0.015321695245802402,0.00014459609519690275
8669,0.022193847224116325,0.005432773381471634,0.015333312563598156,0.00014277607260737568
8670,0.02221425250172615,0.005439022555947304,0.015282946638762951,0.00014922850823495537
8671,0.022240526974201202,0.005427563097327948,0.01541149988770485,0.00014014641055837274
8672,0.022255215793848038,0.00544169032946229,0.015310036018490791,0.00015034896205179393
8673,0.02224637195467949,0.005426364950835705,0.015416190028190613,0.00014038155495654792
8674,0.022224368527531624,0.005437667015939951,0.015292614698410034,0.00014940871915314347
8675,0.02219904400408268,0.005427825730293989,0.015358410775661469,0.00014128073235042393
8676,0.02218230441212654,0.005431831814348698,0.015284831635653973,0.00014656418352387846
8677,0.022178413346409798,0.005430440418422222,0.015304235741496086,0.00014437382924370468
8678,0.022185420617461205,0.005427434574812651,0.015333572402596474,0.00014244129124563187
8679,0.022196955978870392,0.00543310446664691,0.015279650688171387,0.000148420047480613
8680,0.022205503657460213,0.005424547009170055,0.01538083702325821,0.00014001181989442557
8681,0.02220788039267063,0.005433213897049427,0.015279845334589481,0.00014948213356547058
8682,0.02220284938812256,0.005423247814178467,0.015369774773716927,0.00014098269457463175
8683,0.022193940356373787,0.005430611316114664,0.015286600217223167,0.0001476728793932125
8684,0.02218351513147354,0.005423614289611578,0.015333607792854309,0.00014262934564612806
8685,0.022175174206495285,0.00542741222307086,0.015288829803466797,0.00014589307829737663
8686,0.022170638665556908,0.005424760282039642,0.015309320762753487,0.00014365583774633706
8687,0.022169964388012886,0.005424350034445524,0.015297766774892807,0.0001447846443625167
8688,0.02217181585729122,0.005425917915999889,0.015289971604943275,0.0001455927122151479
8689,0.022174643352627754,0.005421700421720743,0.015321340411901474,0.00014316028682515025
8690,0.02217705547809601,0.005426122806966305,0.015275690704584122,0.00014752404240425676
8691,0.022177688777446747,0.005420038476586342,0.015337450429797173,0.00014201996964402497
8692,0.022176779806613922,0.0054249889217317104,0.015275911428034306,0.00014758801262360066
8693,0.022174008190631866,0.005419063847512007,0.015331476926803589,0.0001423467620043084
8694,0.022170525044202805,0.005423279944807291,0.015282196924090385,0.0001465048990212381
8695,0.022166578099131584,0.005418416112661362,0.015315793454647064,0.00014323681534733623
8696,0.022162875160574913,0.005421361420303583,0.015283392742276192,0.000145812111441046
8697,0.022159799933433533,0.005418270826339722,0.015302307903766632,0.00014392203593160957
8698,0.02215769700706005,0.005419262684881687,0.01528502069413662,0.00014534129877574742
8699,0.022156227380037308,0.005418348591774702,0.015291940420866013,0.00014459369413089007
8700,0.022155437618494034,0.005417481996119022,0.015293538570404053,0.0001444417575839907
8701,0.022155098617076874,0.005418185610324144,0.015282506123185158,0.00014544067380484194
8702,0.02215505763888359,0.005416137631982565,0.01530434936285019,0.00014345705858431756
8703,0.02215530164539814,0.005417927168309689,0.015275174751877785,0.00014622000162489712
8704,0.022155581042170525,0.00541487755253911,0.015310628339648247,0.0001430074917152524
8705,0.022156041115522385,0.005417718086391687,0.015272179618477821,0.0001466144749429077
8706,0.022156480699777603,0.005413813050836325,0.01531224511563778,0.00014304229989647865
8707,0.022157102823257446,0.0054174200631678104,0.015270840376615524,0.00014688428200315684
8708,0.022157981991767883,0.0054131182841956615,0.015314502641558647,0.00014303605712484568
8709,0.022159475833177567,0.00541711924597621,0.01526702381670475,0.00014753321011085063
8710,0.022161511704325676,0.005412526894360781,0.015319429337978363,0.00014295561413746327
8711,0.022164953872561455,0.0054170177318155766,0.015262492001056671,0.00014854443725198507
8712,0.022169847041368484,0.005412106867879629,0.01532435417175293,0.00014333846047520638
8713,0.022177448496222496,0.005417421460151672,0.015261713415384293,0.00014983140863478184
8714,0.02218838408589363,0.005412264261394739,0.015331534668803215,0.0001444584777345881
8715,0.022204872220754623,0.005418968852609396,0.01526324450969696,0.000152265842189081
8716,0.02222825028002262,0.005413637962192297,0.015348086133599281,0.00014665255730506033
8717,0.022263644263148308,0.005422783084213734,0.01526562124490738,0.00015752400213386863
8718,0.02231282740831375,0.0054174670949578285,0.015379330143332481,0.00015160288603510708
8719,0.02238643355667591,0.005430984776467085,0.015276690945029259,0.0001678757689660415
8720,0.02248530089855194,0.005426361225545406,0.015432870015501976,0.00016260701522696763
8721,0.022628000006079674,0.005447134375572205,0.015311125665903091,0.00018697396444622427
8722,0.022802570834755898,0.00544361025094986,0.015521606430411339,0.000183735421160236
8723,0.02303224429488182,0.005473969504237175,0.015376599505543709,0.0002181675226893276
8724,0.023251589387655258,0.0054685031063854694,0.015634138137102127,0.00021489476785063744
8725,0.023466870188713074,0.005502951331436634,0.015440605580806732,0.00025233131600543857
8726,0.02352369949221611,0.0054831416346132755,0.015679992735385895,0.00023605652677360922
8727,0.02343212068080902,0.005501112900674343,0.015412762761116028,0.000251824501901865
8728,0.023109151050448418,0.005459270440042019,0.015539614483714104,0.00021102678147144616
8729,0.02270681783556938,0.005450242664664984,0.015318121761083603,0.00019384523329790682
8730,0.02236858941614628,0.005422153975814581,0.01531939022243023,0.00016270442574750632
8731,0.022237543016672134,0.005407378077507019,0.015418796800076962,0.00014113679935690016
8732,0.02234792895615101,0.005429885815829039,0.015293958596885204,0.0001624085707589984
8733,0.02260821871459484,0.005414479877799749,0.015782417729496956,0.0001411320990882814
8734,0.02293139137327671,0.00546593964099884,0.015511257573962212,0.000195419488591142
8735,0.02316746860742569,0.005429228767752647,0.016253158450126648,0.0001485081302234903
8736,0.02343018539249897,0.005484072025865316,0.01589548960328102,0.00020506234432104975
8737,0.023623213171958923,0.005419420078396797,0.016848964616656303,0.00013548276911024004
8738,0.024204449728131294,0.005495901685208082,0.01658875122666359,0.00021197966998443007
8739,0.02479851245880127,0.005420435685664415,0.017924223095178604,0.00014538537652697414
8740,0.02630237117409706,0.005555035080760717,0.018003251403570175,0.0002744083176366985
8741,0.02706119604408741,0.005451394245028496,0.019640663638710976,0.00019691375200636685
8742,0.028876498341560364,0.0056642587296664715,0.019616955891251564,0.00035952829057350755
8743,0.02803463488817215,0.005454835947602987,0.020481517538428307,0.00020982808200642467
8744,0.027648963034152985,0.005685226060450077,0.018738627433776855,0.0003225110122002661
8745,0.025029810145497322,0.005405577830970287,0.01821940392255783,0.00014048274897504598
8746,0.023233966901898384,0.005542098078876734,0.015798907727003098,0.00018929621728602797
8747,0.022324077785015106,0.005433257203549147,0.015509221702814102,0.00013815981219522655
8748,0.02264614962041378,0.005434318911284208,0.015629244968295097,0.00015825856826268137
8749,0.02366836741566658,0.005520340986549854,0.016094692051410675,0.00020533344650175422
8750,0.02436652220785618,0.005413141567260027,0.017181068658828735,0.0001772312680259347
8751,0.02476831153035164,0.005542156286537647,0.016974329948425293,0.00022518253535963595
8752,0.023923169821500778,0.005396965425461531,0.017029212787747383,0.0001496991462772712
8753,0.023079439997673035,0.005494654178619385,0.015786973759531975,0.00017978120013140142
8754,0.02238168567419052,0.005411018617451191,0.015585852786898613,0.00013848140952177346
8755,0.022321758791804314,0.005429074168205261,0.015328314155340195,0.00015643697406630963
8756,0.022743884474039078,0.005463174544274807,0.015527017414569855,0.0001753692195052281
8757,0.023153433576226234,0.0054055615328252316,0.016219068318605423,0.00015288036956917495
8758,0.023358456790447235,0.0054774098098278046,0.016022367402911186,0.00018586804799269885
8759,0.023002000525593758,0.005402791779488325,0.01622767187654972,0.0001371536636725068
8760,0.02257402054965496,0.005451299715787172,0.01546506118029356,0.00016576597408857197
8761,0.022240934893488884,0.005409024190157652,0.015454167500138283,0.0001377742737531662
8762,0.022223161533474922,0.005417544860392809,0.015349055640399456,0.00014565598394256085
8763,0.022440211847424507,0.005437020678073168,0.015392467379570007,0.00016107235569506884
8764,0.02264242246747017,0.005403691437095404,0.015864400193095207,0.00013743300223723054
8765,0.022711044177412987,0.00545009458437562,0.015569663606584072,0.00016912849969230592
8766,0.022528430446982384,0.005398813169449568,0.015771009027957916,0.0001358607696602121
8767,0.022312205284833908,0.005427704192698002,0.015319980680942535,0.00015645212261006236
8768,0.02216402068734169,0.005404123105108738,0.015344204381108284,0.00014156919496599585
8769,0.022164994850754738,0.005405510775744915,0.015321284532546997,0.00014381985238287598
8770,0.02227565087378025,0.0054166922345757484,0.015348249115049839,0.0001510709262220189
8771,0.022384513169527054,0.005398239009082317,0.015606343746185303,0.00013799304724670947
8772,0.022433146834373474,0.005427855532616377,0.015426354482769966,0.00015789363533258438
8773,0.022365203127264977,0.005396117921918631,0.01563410647213459,0.0001334978296654299
8774,0.02226107567548752,0.005422433838248253,0.015291203744709492,0.00015474380052182823
8775,0.02216349169611931,0.0054013170301914215,0.01537059061229229,0.00013915833551436663
8776,0.022125836461782455,0.005406929645687342,0.015275863930583,0.0001443044311599806
8777,0.022149039432406425,0.005410888697952032,0.015267115086317062,0.00014710343384649605
8778,0.022201716899871826,0.005398402456194162,0.0154290571808815,0.00013742587179876864
8779,0.022248752415180206,0.005415578372776508,0.015318503603339195,0.00015146698569878936
8780,0.022255035117268562,0.005396437365561724,0.015497632324695587,0.00013609652523882687
8781,0.022231776267290115,0.0054144286550581455,0.015294812619686127,0.0001522534730611369
8782,0.02218305505812168,0.00539662130177021,0.015413448214530945,0.00013729857164435089
8783,0.022138245403766632,0.0054078674875199795,0.015245950780808926,0.00014844280667603016
8784,0.022111257538199425,0.005400711204856634,0.015294168144464493,0.00014163785090204328
8785,0.022109074518084526,0.00540029676631093,0.015290698036551476,0.00014180793368723243
8786,0.02212550677359104,0.005405578296631575,0.015257734805345535,0.00014621925947722048
8787,0.022147683426737785,0.005396501626819372,0.0153738372027874,0.0001377343578496948
8788,0.022165074944496155,0.005407930351793766,0.015263747423887253,0.00014933971397113055
8789,0.022167561575770378,0.0053953914903104305,0.015403530560433865,0.0001368640805594623
8790,0.022158754989504814,0.005407293792814016,0.015257040038704872,0.00014944204303901643
8791,0.022139405831694603,0.005395227111876011,0.015364624559879303,0.00013795543054584414
8792,0.022118953987956047,0.005403399467468262,0.015251233242452145,0.00014643196482211351
8793,0.022102458402514458,0.005396697204560041,0.015300238505005836,0.00014055219071451575
8794,0.022094013169407845,0.005398535169661045,0.015265721827745438,0.00014297571033239365
8795,0.02209334447979927,0.0053984373807907104,0.0152627844363451,0.0001432122226106003
8796,0.022098474204540253,0.005395031068474054,0.015295436605811119,0.0001408007083227858
8797,0.022106226533651352,0.005399512592703104,0.015249079093337059,0.00014576355169992894
8798,0.022113006561994553,0.005392737220972776,0.015327949076890945,0.00013923195365350693
8799,0.022117404267191887,0.005399876739829779,0.015243977308273315,0.00014735490549355745
8800,0.022117767482995987,0.005391502287238836,0.015342405065894127,0.00013838594895787537
8801,0.02211545780301094,0.005399224814027548,0.015245500952005386,0.0001470731949666515
8802,0.022110359743237495,0.005391244776546955,0.015328343957662582,0.00013907715037930757
8803,0.022104524075984955,0.005397706292569637,0.015245229005813599,0.0001461588399251923
8804,0.022098194807767868,0.005391111131757498,0.015305448323488235,0.00014016346540302038
8805,0.022092582657933235,0.0053957374766469,0.01524212397634983,0.00014547209138981998
8806,0.022087620571255684,0.005391047336161137,0.015285929664969444,0.00014106425805948675
8807,0.022083736956119537,0.005393392406404018,0.015248656272888184,0.000144168792758137
8808,0.022080982103943825,0.00539122661575675,0.015269210562109947,0.00014205447223503143
8809,0.022079182788729668,0.00539127504453063,0.015261762775480747,0.00014261450269259512
8810,0.02207835018634796,0.0053911046124994755,0.015256799757480621,0.0001430445845471695
8811,0.02207811363041401,0.005389681551605463,0.015269216150045395,0.00014192156959325075
8812,0.022078383713960648,0.005390809383243322,0.015247706323862076,0.0001439868356101215
8813,0.022078953683376312,0.005388244986534119,0.015275038778781891,0.00014156702673062682
8814,0.02207956090569496,0.005390801467001438,0.015241455286741257,0.0001447305694455281
8815,0.022080302238464355,0.005387031938880682,0.015283748507499695,0.00014095212100073695
8816,0.02208123914897442,0.005390677135437727,0.015238957479596138,0.00014516037481371313
8817,0.02208213321864605,0.005386057775467634,0.01529252715408802,0.00014035483764018863
8818,0.022083621472120285,0.005390445701777935,0.015235877595841885,0.00014572979125659913
8819,0.0220852829515934,0.005384969990700483,0.015302501618862152,0.00013978117203805596
8820,0.022087907418608665,0.005390581209212542,0.015231316909193993,0.0001466010435251519
8821,0.022091202437877655,0.005383801646530628,0.015315920114517212,0.00013914813462179154
8822,0.022096438333392143,0.005391033831983805,0.015229715034365654,0.00014756896416656673
8823,0.02210303023457527,0.005382688716053963,0.015336217358708382,0.00013841250620316714
8824,0.022113142535090446,0.005391902755945921,0.015230894088745117,0.00014903447299730033
8825,0.02212638594210148,0.0053813583217561245,0.015372615307569504,0.00013724123709835112
8826,0.022147217765450478,0.005393682979047298,0.015238584950566292,0.00015149509999901056
8827,0.022174352779984474,0.0053798663429915905,0.015438739210367203,0.0001355747226625681
8828,0.022218763828277588,0.0053971256129443645,0.015269169583916664,0.00015524684567935765
8829,0.022275928407907486,0.005378650967031717,0.015561199747025967,0.00013360778393689543
8830,0.02237326093018055,0.005403857212513685,0.015355315059423447,0.00016140879597514868
8831,0.022495057433843613,0.0053783911280334,0.015803581103682518,0.00013130842125974596
8832,0.022712714970111847,0.00541753601282835,0.015571286901831627,0.00017238924920093268
8833,0.022965507581830025,0.005380905698984861,0.016291022300720215,0.00012935783888678998
8834,0.023442760109901428,0.00544512877240777,0.016078371554613113,0.00019192603940609843
8835,0.02391284704208374,0.005389634519815445,0.017222542315721512,0.00013006699737161398
8836,0.024855293333530426,0.00549783231690526,0.01711525209248066,0.00022422100300900638
8837,0.02547312341630459,0.005406699609011412,0.01870940625667572,0.00013570165901910514
8838,0.02682884782552719,0.005578835494816303,0.01859331503510475,0.0002656698343344033
8839,0.026880040764808655,0.005421361420303583,0.020047664642333984,0.00014110151096247137
8840,0.02751683071255684,0.005633591208606958,0.01905326172709465,0.0002829978766385466
8841,0.02602505311369896,0.005409160628914833,0.01929430663585663,0.0001321586751146242
8842,0.02483120933175087,0.00555849215015769,0.016970381140708923,0.000230233563343063
8843,0.02310439758002758,0.005393180064857006,0.016445588320493698,0.00012656291073653847
8844,0.022234268486499786,0.005427853669971228,0.015266131609678268,0.00015402832650579512
8845,0.022283388301730156,0.0054397545754909515,0.015238428488373756,0.0001605205616215244
8846,0.022935448214411736,0.005393217317759991,0.01624247618019581,0.00012997550948057324
8847,0.023675141856074333,0.005495980381965637,0.016225986182689667,0.0001953175087692216
8848,0.023740902543067932,0.005387258715927601,0.01700654998421669,0.00013470942212734371
8849,0.023514723405241966,0.005470473784953356,0.016156267374753952,0.00018879826529882848
8850,0.022811871021986008,0.005378983449190855,0.015987912192940712,0.00014449750597123057
8851,0.022346800193190575,0.005418919492512941,0.015317948535084724,0.00016099322238005698
8852,0.022262077778577805,0.005414400715380907,0.015226967632770538,0.0001620709226699546
8853,0.022499792277812958,0.005398537032306194,0.015646135434508324,0.0001455120072932914
8854,0.02279536984860897,0.005446691531687975,0.015581682324409485,0.000176699657458812
8855,0.022821839898824692,0.005386670585721731,0.01606931909918785,0.00013658504758495837
8856,0.022676240652799606,0.005430528428405523,0.015571520663797855,0.00016741917352192104
8857,0.022381257265806198,0.005381518509238958,0.015656622126698494,0.00013431161642074585
8858,0.022208405658602715,0.005401843227446079,0.015279032289981842,0.00015275314217433333
8859,0.022212661802768707,0.0054084500297904015,0.015237892046570778,0.00015663196973036975
8860,0.022336306050419807,0.005392709746956825,0.01548786275088787,0.00014557335816789418
8861,0.022444255650043488,0.005432766862213612,0.01529037393629551,0.00017211129306815565
8862,0.022419193759560585,0.005385200958698988,0.015657860785722733,0.00013761321315541863
8863,0.02230442687869072,0.005414255894720554,0.015304229222238064,0.00015859416453167796
8864,0.022166255861520767,0.005380454007536173,0.015409263782203197,0.0001376536674797535
8865,0.022107288241386414,0.005390539299696684,0.015256594866514206,0.00014601532893721014
8866,0.022138619795441628,0.005394228734076023,0.015224507078528404,0.00015198832261376083
8867,0.022213486954569817,0.0053860521875321865,0.015378090552985668,0.00014493442722596228
8868,0.022269975394010544,0.0054051922634243965,0.015257869847118855,0.00016069131379481405
8869,0.022260421887040138,0.005383060779422522,0.01546444371342659,0.00014129170449450612
8870,0.022203262895345688,0.005398089531809092,0.015253152698278427,0.00015520217129960656
8871,0.022125545889139175,0.005377806257456541,0.015376094728708267,0.0001371644320897758
8872,0.022074446082115173,0.005385912489145994,0.015221426263451576,0.00014671064855065197
8873,0.02206524647772312,0.005380813032388687,0.015258665196597576,0.00014257665316108614
8874,0.022090747952461243,0.005381444003432989,0.015280881896615028,0.00014284209464676678
8875,0.022127361968159676,0.005388458725064993,0.015221485868096352,0.00015174168220255524
8876,0.022149821743369102,0.005380986258387566,0.015360496006906033,0.00014083407586440444
8877,0.022148270159959793,0.005390377249568701,0.015229378826916218,0.00015285152767319232
8878,0.02212212234735489,0.005377717316150665,0.015358048491179943,0.0001386355288559571
8879,0.02208872139453888,0.005385935306549072,0.015226084738969803,0.0001476701145293191
8880,0.022060763090848923,0.005376053508371115,0.015294398181140423,0.0001390312536386773
8881,0.02204848825931549,0.0053810663521289825,0.015227479860186577,0.0001439942861907184
8882,0.02205144427716732,0.005379308946430683,0.015245737507939339,0.00014263972116168588
8883,0.02206304669380188,0.005378978792577982,0.015259137377142906,0.00014249315427150577
8884,0.02207483910024166,0.005382923409342766,0.015226883813738823,0.00014650315279141068
8885,0.02207973040640354,0.0053779445588588715,0.015293985605239868,0.00014078007370699197
8886,0.022076336666941643,0.005383047740906477,0.015216423198580742,0.00014768660184927285
8887,0.022066215053200722,0.005376095417886972,0.015298120677471161,0.00013919999764766544
8888,0.022054407745599747,0.0053806970827281475,0.015212885104119778,0.0001460826169932261
8889,0.02204453945159912,0.005374433007091284,0.015276893973350525,0.0001393212005496025
8890,0.022039351984858513,0.005378474481403828,0.015219583176076412,0.00014412948803510517
8891,0.022038623690605164,0.005374274682253599,0.01525544561445713,0.00014089020260144025
8892,0.022040700539946556,0.005376992281526327,0.01523069478571415,0.00014330125122796744
8893,0.0220432560890913,0.005374791566282511,0.015243776142597198,0.00014246888167690486
8894,0.022044312208890915,0.005375413689762354,0.015239840373396873,0.00014290584658738226
8895,0.022042956203222275,0.005374711472541094,0.015234537422657013,0.00014337072207126766
8896,0.022039230912923813,0.005373686086386442,0.015244871377944946,0.00014206735068000853
8897,0.022034218534827232,0.0053739724680781364,0.015224997885525227,0.0001435247977497056
8898,0.022028954699635506,0.005372189451009035,0.015246102586388588,0.0001410663389833644
8899,0.022024894133210182,0.005373071413487196,0.015220176428556442,0.00014316457964014262
8900,0.022022435441613197,0.00537097780033946,0.015243705362081528,0.00014077518426347524
8901,0.022021636366844177,0.005372308194637299,0.015219943597912788,0.00014293837011791766
8902,0.02202225662767887,0.005370042286813259,0.015240706503391266,0.00014115069643594325
8903,0.022023670375347137,0.005371614824980497,0.015220696106553078,0.00014313598512671888
8904,0.02202519215643406,0.005369279067963362,0.015242435038089752,0.00014134780212771147
8905,0.022026315331459045,0.00537097966298461,0.01522032730281353,0.00014350081619340926
8906,0.022026868537068367,0.005368422716856003,0.015247417613863945,0.0001411028060829267
8907,0.022026825696229935,0.005370456259697676,0.015217909589409828,0.00014384590031113476
8908,0.022026285529136658,0.005367299076169729,0.015251656994223595,0.00014073288184590638
8909,0.022025927901268005,0.005370053928345442,0.015213102102279663,0.00014427723363041878
8910,0.02202579937875271,0.005365971475839615,0.015257948078215122,0.000140188101795502
8911,0.022026803344488144,0.005369886290282011,0.015207272954285145,0.00014496441872324795
8912,0.0220289696007967,0.005364575888961554,0.01527252048254013,0.00013918729382567108
8913,0.02203354239463806,0.005370113532990217,0.0152030810713768,0.0001460346975363791
8914,0.02204057388007641,0.00536318076774478,0.01529897190630436,0.00013784215843770653
8915,0.022052299231290817,0.005371058359742165,0.015203875489532948,0.00014773645671084523
8916,0.022068815305829048,0.005361690651625395,0.015343587845563889,0.0001363535993732512
8917,0.022095846012234688,0.005373277701437473,0.015216706320643425,0.0001505861582700163
8918,0.02213323302567005,0.005360132548958063,0.015427726320922375,0.00013453737483359873
8919,0.02219599112868309,0.005377831868827343,0.015263213776051998,0.0001554945920361206
8920,0.022281046956777573,0.0053589968010783195,0.015600021928548813,0.00013220266555435956
8921,0.02243107184767723,0.005387005861848593,0.015402177348732948,0.00016418888117186725
8922,0.022625280544161797,0.00535958306863904,0.015966327860951424,0.00012993707787245512
8923,0.022988203912973404,0.0054062046110630035,0.015779215842485428,0.00018027826445177197
8924,0.023410985246300697,0.005364734213799238,0.01674802042543888,0.00012982294720131904
8925,0.024254530668258667,0.005447292234748602,0.01670398749411106,0.00021032500080764294
8926,0.02501717396080494,0.005378765519708395,0.018281765282154083,0.000135664246045053
8927,0.026653293520212173,0.005528030451387167,0.01852305606007576,0.0002602206077426672
8928,0.027329524978995323,0.005399005487561226,0.020461086183786392,0.00014694327546749264
8929,0.029099605977535248,0.005633244756609201,0.020367907360196114,0.0003098455199506134
8930,0.028003349900245667,0.005399784073233604,0.021161969751119614,0.00014415965415537357
8931,0.027409154921770096,0.005628275219351053,0.018933631479740143,0.00028472478152252734
8932,0.02465709112584591,0.005376925691962242,0.018023043870925903,0.00012571222032420337
8933,0.022832665592432022,0.005463176406919956,0.015548943541944027,0.00018205461674369872
8934,0.02215336635708809,0.005417185369879007,0.015229163691401482,0.00015070171502884477
8935,0.022785918787121773,0.0053796167485415936,0.016083667054772377,0.00013226343435235322
8936,0.023950785398483276,0.00550968898460269,0.016388768330216408,0.00020523277635220438
8937,0.02429441548883915,0.00537885120138526,0.017539799213409424,0.00013757642591372132
8938,0.02406938746571541,0.005484512075781822,0.016592171043157578,0.00019927036191802472
8939,0.022979294881224632,0.005359823349863291,0.016188334673643112,0.00014311380800791085
8940,0.022287292405962944,0.005402490496635437,0.01531844213604927,0.00015663591329939663
8941,0.022283194586634636,0.005409472621977329,0.015161694958806038,0.00017120259872172028
8942,0.02280118316411972,0.005389594938606024,0.015905842185020447,0.0001505745603935793
8943,0.02329591102898121,0.005462119821459055,0.015850601717829704,0.00019831900135613978
8944,0.023129863664507866,0.0053841304033994675,0.01623360626399517,0.00015121263277251273
8945,0.022643351927399635,0.005420864559710026,0.015515366569161415,0.0001707119372440502
8946,0.02214140258729458,0.0053695798851549625,0.01543172262609005,0.00013401007163338363
8947,0.022051449865102768,0.005371571518480778,0.015264855697751045,0.00014150218339636922
8948,0.022320294752717018,0.005405394360423088,0.015323959290981293,0.00015909415378700942
8949,0.02259683609008789,0.005371631123125553,0.01582561805844307,0.00013995888002682477
8950,0.022650951519608498,0.005430815741419792,0.015426071360707283,0.0001794064010027796
8951,0.022396279498934746,0.005372397135943174,0.015647388994693756,0.00013764927280135453
8952,0.02212420478463173,0.005392136052250862,0.015185809694230556,0.00015462595911230892
8953,0.022040579468011856,0.005375771317631006,0.015215489082038403,0.00014493185153696686
8954,0.02215958759188652,0.005364095326513052,0.01545960083603859,0.00013358902651816607
8955,0.02232210710644722,0.005392015911638737,0.015326255932450294,0.00016038348258007318
8956,0.022344311699271202,0.005361107178032398,0.01563386805355549,0.00013493356527760625
8957,0.02225009724497795,0.005386594217270613,0.015313267707824707,0.0001550235174363479
8958,0.022098634392023087,0.005361172836273909,0.01535030733793974,0.00013871544797439128
8959,0.022015972062945366,0.005368452984839678,0.015234941616654396,0.0001412577403243631
8960,0.022038843482732773,0.005370798986405134,0.015214751474559307,0.00014532935165334493
8961,0.022121960297226906,0.005357644520699978,0.0153887327760458,0.0001375583524350077
8962,0.02218954637646675,0.005379588343203068,0.015283828601241112,0.00015261289081536233
8963,0.022176390513777733,0.005356208886951208,0.01546262763440609,0.00013575541379395872
8964,0.022114476189017296,0.005374540109187365,0.015235435217618942,0.00015045012696646154
8965,0.022038113325834274,0.0053597260266542435,0.015322612598538399,0.0001355775020783767
8966,0.021997014060616493,0.005363836884498596,0.015207587741315365,0.0001425587834091857
8967,0.022003479301929474,0.005365453660488129,0.01521651167422533,0.0001421514170942828
8968,0.022040873765945435,0.005358480382710695,0.015321485698223114,0.00013609090819954872
8969,0.022078746929764748,0.005370657425373793,0.015215924941003323,0.00014921644469723105
8970,0.022087112069129944,0.005356930196285248,0.015382584184408188,0.00013475981540977955
8971,0.022069023922085762,0.005370087921619415,0.015214407816529274,0.00014845286204945296
8972,0.022032761946320534,0.005357482470571995,0.015300847589969635,0.00013744333409704268
8973,0.022001752629876137,0.005364699754863977,0.015210719779133797,0.0001426333183189854
8974,0.021987397223711014,0.005360941868275404,0.01521657407283783,0.00014098816609475762
8975,0.021991930902004242,0.005359462462365627,0.015245295129716396,0.00013871732517145574
8976,0.022007742896676064,0.005364451091736555,0.015203054994344711,0.00014402369561139494
8977,0.022022316232323647,0.0053566982969641685,0.015291355550289154,0.00013742607552558184
8978,0.02202894724905491,0.005365196615457535,0.015202708542346954,0.00014610413927584887
8979,0.022023417055606842,0.005355859640985727,0.015301769599318504,0.000136578906676732
8980,0.02201106585562229,0.005363046657294035,0.015191037207841873,0.00014569808263331652
8981,0.021995732560753822,0.005355951841920614,0.01526574045419693,0.00013740395661443472
8982,0.021983377635478973,0.005359382834285498,0.015196931548416615,0.00014270644169300795
8983,0.021977059543132782,0.005356647539883852,0.015216564759612083,0.0001403847272740677
8984,0.02197699062526226,0.005356155801564455,0.015225602313876152,0.00013952334120403975
8985,0.02198127843439579,0.005357714835554361,0.01519335713237524,0.00014302060299087316
8986,0.021986760199069977,0.0053540924564003944,0.015251252800226212,0.00013814154954161495
8987,0.021991442888975143,0.005358507391065359,0.015193043276667595,0.00014398909115698189
8988,0.021993156522512436,0.005352857988327742,0.01526031643152237,0.0001379981986247003
8989,0.021992085501551628,0.00535826850682497,0.015191331505775452,0.0001442486245650798
8990,0.021987954154610634,0.005352307576686144,0.015254223719239235,0.00013814232079312205
8991,0.021982591599225998,0.005356709007173777,0.015185024589300156,0.00014408587594516575
8992,0.021976815536618233,0.005352181848138571,0.01523767039179802,0.00013869629765395075
8993,0.021971769630908966,0.0053545222617685795,0.01518850214779377,0.00014287450176198035
8994,0.021967845037579536,0.005352077540010214,0.015217602252960205,0.00013981654774397612
8995,0.02196553349494934,0.005352532025426626,0.015202624723315239,0.00014103762805461884
8996,0.021964536979794502,0.005351994186639786,0.015201105736196041,0.00014114356599748135
8997,0.021964432671666145,0.0053508467972278595,0.01521562784910202,0.00013979572395328432
8998,0.021964985877275467,0.0053520239889621735,0.01519196666777134,0.00014209952496457845
8999,0.021965790539979935,0.005349418614059687,0.015222146175801754,0.00013942255463916808
9000,0.021966485306620598,0.0053519150242209435,0.015188291668891907,0.00014262780314311385
9001,0.021960120648145676,0.005350015591830015,0.015202164649963379,0.0001407940435456112
9002,0.02196452207863331,0.0053486088290810585,0.015221408568322659,0.000139450523420237
9003,0.021959230303764343,0.005349779035896063,0.015199914574623108,0.00014095361984800547
9004,0.021962733939290047,0.005350865889340639,0.01518980786204338,0.00014220611774362624
9005,0.021958351135253906,0.005349352955818176,0.015202555805444717,0.00014064428978599608
9006,0.021961122751235962,0.0053481366485357285,0.015217266976833344,0.00013957182818558067
9007,0.021957410499453545,0.005349032115191221,0.01519947499036789,0.00014089024625718594
9008,0.021959582343697548,0.00534988334402442,0.015190543606877327,0.00014191557420417666
9009,0.021956585347652435,0.005348659120500088,0.015201814472675323,0.00014061106776352972
9010,0.021958183497190475,0.005347652360796928,0.015212951228022575,0.00013975803449284285
9011,0.02195568010210991,0.005348363425582647,0.015197902917861938,0.00014094129437580705
9012,0.021956918761134148,0.00534902373328805,0.015189893543720245,0.00014180014841258526
9013,0.02195478416979313,0.005348016042262316,0.015200073830783367,0.000140669391839765
9014,0.021955721080303192,0.005347185302525759,0.015209183096885681,0.00013993521861266345
9015,0.021953905001282692,0.00534772640094161,0.015196595340967178,0.00014095829101279378
9016,0.021954519674181938,0.005348201375454664,0.015189538709819317,0.00014167794142849743
9017,0.021953066810965538,0.005347329657524824,0.015198593959212303,0.00014071424084249884
9018,0.021953536197543144,0.005346623715013266,0.015206076204776764,0.00014008356083650142
9019,0.021952146664261818,0.005347028840333223,0.015195565298199654,0.0001409553224220872
9020,0.021952491253614426,0.005347336642444134,0.015189474448561668,0.0001415681472280994
9021,0.021951312199234962,0.005346601363271475,0.015197066590189934,0.00014076432853471488
9022,0.02195144072175026,0.005346034653484821,0.015203157439827919,0.0001402248308295384
9023,0.021950440481305122,0.005346355028450489,0.01519465260207653,0.0001409432734362781
9024,0.021950488910079002,0.005346554331481457,0.015189440920948982,0.000141449534567073
9025,0.021949557587504387,0.005345927085727453,0.015195691958069801,0.00014079385437071323
9026,0.021949635818600655,0.005345471203327179,0.01520056277513504,0.00014036019274499267
9027,0.021948816254734993,0.0053457170724868774,0.015193566679954529,0.00014095324149820954
9028,0.02194862626492977,0.005345822311937809,0.015189154073596,0.00014136497338768095
9029,0.021947897970676422,0.005345253739506006,0.015194211155176163,0.0001408433454344049
9030,0.02194775827229023,0.005344866309314966,0.015197798609733582,0.00014050946629140526
9031,0.021946992725133896,0.0053450618870556355,0.015192056074738503,0.0001409875985700637
9032,0.021946784108877182,0.005345076788216829,0.01518881507217884,0.00014128934708423913
9033,0.02194620668888092,0.005344573874026537,0.015193063765764236,0.00014085692237131298
9034,0.02194593846797943,0.005344260949641466,0.015195637941360474,0.00014060395187698305
9035,0.021945396438241005,0.005344405770301819,0.01519114337861538,0.0001409847172908485
9036,0.02194504253566265,0.005344372242689133,0.015188738703727722,0.00014119315892457962
9037,0.021944476291537285,0.00534392474219203,0.015192113816738129,0.00014084378199186176
9038,0.021944187581539154,0.005343654192984104,0.015193738043308258,0.000140679650940001
9039,0.021943647414445877,0.005343758501112461,0.015189869329333305,0.0001410019613103941
9040,0.02194327861070633,0.0053436956368386745,0.015188142657279968,0.00014114392979536206
9041,0.021942829713225365,0.0053432900458574295,0.015190958976745605,0.00014085813018027693
9042,0.02194238267838955,0.005343071650713682,0.015191700309515,0.00014076103980187327
9043,0.02194197103381157,0.005343136377632618,0.015188546851277351,0.00014102864952292293
9044,0.021941587328910828,0.00534303393214941,0.015187516808509827,0.0001411036355420947
9045,0.021941162645816803,0.005342676304280758,0.015189878642559052,0.00014086074952501804
9046,0.021940745413303375,0.005342494230717421,0.015190099366009235,0.0001408152747899294
9047,0.0219403188675642,0.005342527758330107,0.015187418088316917,0.00014103726425673813
9048,0.021939953789114952,0.005342406220734119,0.015186873264610767,0.00014106738672126085
9049,0.021939560770988464,0.005342081189155579,0.015188809484243393,0.00014086697774473578
9050,0.021939095109701157,0.005341921932995319,0.015188544057309628,0.0001408628304488957
9051,0.021938690915703773,0.005341924261301756,0.015186240896582603,0.00014105250011198223
9052,0.021938230842351913,0.005341775249689817,0.015185972675681114,0.00014104829460848123
9053,0.021937835961580276,0.0053414893336594105,0.015187537297606468,0.000140880947583355
9054,0.02193739451467991,0.0053413487039506435,0.015187015756964684,0.00014090297918301076
9055,0.021937018260359764,0.005341318901628256,0.015185113996267319,0.00014105842274148017
9056,0.021936645731329918,0.005341163836419582,0.015185203403234482,0.00014102768909651786
9057,0.021936167031526566,0.005340910051018,0.015186376869678497,0.00014088804891798645
9058,0.021935774013400078,0.0053407857194542885,0.015185713768005371,0.00014092749916017056
9059,0.02193533256649971,0.00534073356539011,0.015184076502919197,0.00014105216541793197
9060,0.021934913471341133,0.005340560805052519,0.015184259973466396,0.00014100931002758443
9061,0.021934479475021362,0.005340333562344313,0.015185154974460602,0.00014089909382164478
9062,0.02193416655063629,0.005340223666280508,0.015184460207819939,0.00014094817743171006
9063,0.021933654323220253,0.0053401547484099865,0.015183014795184135,0.0001410484837833792
9064,0.021933242678642273,0.005339975003153086,0.015183283016085625,0.00014099848340265453
9065,0.021932829171419144,0.005339778959751129,0.015183955430984497,0.00014090955664869398
9066,0.021932436153292656,0.005339664872735739,0.01518313493579626,0.00014096366066951305
9067,0.021932056173682213,0.005339579191058874,0.015182055532932281,0.0001410421245964244
9068,0.021931588649749756,0.005339405033737421,0.015182280912995338,0.00014099029067438096
9069,0.0219312384724617,0.005339223891496658,0.015182791277766228,0.0001409222895745188
9070,0.021930847316980362,0.005339117255061865,0.015181982889771461,0.00014097473467700183
9071,0.021930377930402756,0.005339012015610933,0.01518101803958416,0.00014103480498306453
9072,0.021930014714598656,0.005338835995644331,0.015181316994130611,0.0001409861579304561
9073,0.02192949317395687,0.0053386688232421875,0.015181450173258781,0.0001409373653586954
9074,0.021929185837507248,0.005338563118129969,0.015180779621005058,0.0001409844117006287
9075,0.02192878909409046,0.0053384494967758656,0.015180088579654694,0.00014102522982284427
9076,0.021928340196609497,0.005338274408131838,0.01518026553094387,0.00014098008978180587
9077,0.02192799188196659,0.005338126327842474,0.015180373564362526,0.00014094907965045422
9078,0.021927526220679283,0.005338016897439957,0.01517958752810955,0.00014099216787144542
9079,0.021927200257778168,0.005337891634553671,0.015179155394434929,0.0001410151890013367
9080,0.021926719695329666,0.005337728653103113,0.015179229900240898,0.00014097624807618558
9081,0.021926352754235268,0.005337577313184738,0.015179160051047802,0.00014096136146690696
9082,0.02192590944468975,0.005337472539395094,0.015178447589278221,0.0001409989345120266
9083,0.02192549966275692,0.005337343085557222,0.015178065747022629,0.00014100906264502555
9084,0.021925073117017746,0.005337181501090527,0.015178133733570576,0.0001409757387591526
9085,0.021924767643213272,0.005337046924978495,0.015177996829152107,0.00014097243547439575
9086,0.021924328058958054,0.005336932372301817,0.015177374705672264,0.00014100209227763116
9087,0.021923895925283432,0.005336790811270475,0.015177099034190178,0.00014100056432653219
9088,0.021923497319221497,0.005336642265319824,0.01517711952328682,0.0001409735850756988
9089,0.021923117339611053,0.005336502566933632,0.01517682708799839,0.0001409787219017744
9090,0.021922675892710686,0.005336393136531115,0.015176268294453621,0.00014100152475293726
9091,0.02192222885787487,0.005336254369467497,0.015176046639680862,0.00014099276449996978
9092,0.021921901032328606,0.005336105357855558,0.015176055952906609,0.00014097387611400336
9093,0.021921483799815178,0.0053359754383563995,0.01517566293478012,0.00014098449901212007
9094,0.021921101957559586,0.005335864145308733,0.01517522893846035,0.0001410009281244129
9095,0.021920692175626755,0.005335723515599966,0.015175100415945053,0.00014098679821472615
9096,0.021920306608080864,0.005335578694939613,0.0151749886572361,0.00014097400708124042
9097,0.021919887512922287,0.005335455294698477,0.01517454907298088,0.00014098829706199467
9098,0.02191951498389244,0.005335328634828329,0.01517418958246708,0.00014099953114055097
9099,0.021919094026088715,0.005335192196071148,0.015174075029790401,0.0001409827236784622
9100,0.021918658167123795,0.005335052497684956,0.01517387107014656,0.00014097352686803788
9101,0.02191823720932007,0.005334933754056692,0.015173414722084999,0.0001409888791386038
9102,0.02191784977912903,0.005334807094186544,0.015173090621829033,0.000140995136462152
9103,0.021917488425970078,0.005334668792784214,0.015173030085861683,0.00014097891107667238
9104,0.021917080506682396,0.005334537476301193,0.015172787941992283,0.00014097566599957645
9105,0.021916653960943222,0.005334409419447184,0.015172350220382214,0.0001409894466632977
9106,0.02191624417901039,0.005334281828254461,0.015172058716416359,0.00014099023246672004
9107,0.021915845572948456,0.005334149580448866,0.01517194602638483,0.00014097506937105209
9108,0.021915476769208908,0.00533402431756258,0.01517169363796711,0.00014097586972638965
9109,0.021915104240179062,0.005333897657692432,0.015171327628195286,0.00014098797691985965
9110,0.021914664655923843,0.005333772860467434,0.015171042643487453,0.000140984877361916
9111,0.021914241835474968,0.00533363176509738,0.015170873142778873,0.00014097370149102062
9112,0.02191384695470333,0.00533351069316268,0.015170568600296974,0.0001409766700817272
9113,0.021913425996899605,0.005333383101969957,0.015170194208621979,0.00014098483370617032
9114,0.02191304974257946,0.005333250388503075,0.015170006081461906,0.0001409793912898749
9115,0.021912671625614166,0.005333126988261938,0.015169819816946983,0.00014097237726673484
9116,0.021912241354584694,0.0053329989314079285,0.015169491991400719,0.000140975127578713
9117,0.021911831572651863,0.005332869477570057,0.015169169753789902,0.00014097936218604445
9118,0.021911486983299255,0.005332746542990208,0.015168994665145874,0.00014097457460593432
9119,0.0219110120087862,0.005332607310265303,0.015168705955147743,0.00014096981612965465
9120,0.021910706534981728,0.005332488566637039,0.015168481506407261,0.00014097367238719016
9121,0.02191030979156494,0.005332360044121742,0.015168213285505772,0.0001409734832122922
9122,0.021909911185503006,0.0053322347812354565,0.015167983248829842,0.0001409691758453846
9123,0.02190946787595749,0.005332102533429861,0.015167678706347942,0.00014096879749558866
9124,0.021909166127443314,0.0053319865837693214,0.015167475678026676,0.00014097042731009424
9125,0.021908694878220558,0.005331856198608875,0.015167152509093285,0.00014096859376877546
9126,0.021908314898610115,0.005331733729690313,0.015166942030191422,0.00014096382074058056
9127,0.02190794050693512,0.005331607069820166,0.015166673809289932,0.00014096600352786481
9128,0.021907534450292587,0.005331491120159626,0.015166372060775757,0.00014096716768108308
9129,0.021907057613134384,0.00533135375007987,0.01516607217490673,0.0001409631804563105
9130,0.02190675400197506,0.005331231746822596,0.015165932476520538,0.00014095896040089428
9131,0.021906312555074692,0.005331110209226608,0.015165584161877632,0.00014096187078393996
9132,0.021905913949012756,0.005330985877662897,0.015165310353040695,0.00014096182712819427
9133,0.021905574947595596,0.005330860149115324,0.015165134333074093,0.00014095808728598058
9134,0.02190510928630829,0.005330732557922602,0.015164829790592194,0.00014095466758590192
9135,0.021904733031988144,0.0053306021727621555,0.015164563432335854,0.00014095683582127094
9136,0.021904315799474716,0.005330485757440329,0.015164261683821678,0.0001409567630616948
9137,0.02190394327044487,0.005330364219844341,0.015164059586822987,0.00014095200458541512
9138,0.021903568878769875,0.00533023476600647,0.015163837000727654,0.00014094966172706336
9139,0.02190316654741764,0.005330116953700781,0.01516353152692318,0.0001409517863066867
9140,0.021902715787291527,0.005329997278749943,0.015163213014602661,0.0001409507094649598
9141,0.02190239354968071,0.005329874809831381,0.015163056552410126,0.00014094612561166286
9142,0.02190197817981243,0.00532974349334836,0.015162794850766659,0.00014094392827246338
9143,0.021901598200201988,0.005329623352736235,0.015162521973252296,0.0001409452670486644
9144,0.02190122753381729,0.005329500883817673,0.01516228262335062,0.00014094458310864866
9145,0.021900774911046028,0.005329375620931387,0.015161995775997639,0.00014094046491663903
9146,0.02190043032169342,0.005329260602593422,0.015161780640482903,0.00014093895151745528
9147,0.02190006710588932,0.0053291344083845615,0.01516153384000063,0.00014093979552853853
9148,0.021899668499827385,0.00532901007682085,0.015161287039518356,0.00014093717618379742
9149,0.021899275481700897,0.005328879691660404,0.015161065384745598,0.0001409329124726355
9150,0.021898865699768066,0.005328768398612738,0.015160764567553997,0.00014093323261477053
9151,0.02189846709370613,0.005328646395355463,0.015160479582846165,0.00014093400386627764
9152,0.021898038685321808,0.005328518338501453,0.01516021229326725,0.00014093068602960557
9153,0.02189771458506584,0.005328397732228041,0.015160052105784416,0.00014092642231844366
9154,0.021897299215197563,0.0053282808512449265,0.015159757807850838,0.0001409260876243934
9155,0.02189679816365242,0.005328150931745768,0.01515938714146614,0.0001409259857609868
9156,0.02189655229449272,0.005328039173036814,0.015159287489950657,0.00014092242054175586
9157,0.0218959990888834,0.005327909719198942,0.01515889447182417,0.00014091951015871018
9158,0.02189573086798191,0.005327792838215828,0.015158746391534805,0.0001409191609127447
9159,0.021895356476306915,0.00532767828553915,0.01515850517898798,0.00014091728371568024
9160,0.021894926205277443,0.005327546503394842,0.015158219262957573,0.00014091591583564878
9161,0.021894585341215134,0.0053274305537343025,0.015158025547862053,0.00014091283082962036
9162,0.02189416065812111,0.005327306222170591,0.015157746151089668,0.00014091077900957316
9163,0.0218938160687685,0.0053271944634616375,0.015157531946897507,0.0001409089018125087
9164,0.021893421187996864,0.005327071528881788,0.015157274901866913,0.0001409073593094945
9165,0.021893015131354332,0.005326952785253525,0.01515701599419117,0.00014090466720517725
9166,0.021892555058002472,0.005326827522367239,0.015156693756580353,0.0001409033575328067
9167,0.021892204880714417,0.005326706916093826,0.015156479552388191,0.00014090185868553817
9168,0.02189183235168457,0.005326590966433287,0.015156242996454239,0.0001408998214174062
9169,0.021891437470912933,0.005326468963176012,0.015155982226133347,0.00014089862816035748
9170,0.021891063079237938,0.005326352547854185,0.01515575498342514,0.00014089548494666815
9171,0.02189057692885399,0.005326231010258198,0.015155430883169174,0.00014089152682572603
9172,0.021890269592404366,0.0053261141292750835,0.015155239030718803,0.0001408916141372174
9173,0.02188984863460064,0.0053259930573403835,0.015154946595430374,0.00014089078467804939
9174,0.02188946306705475,0.005325868725776672,0.015154741704463959,0.00014088532770983875
9175,0.021889109164476395,0.0053257509134709835,0.015154535882174969,0.00014088230091147125
9176,0.021888673305511475,0.0053256419487297535,0.015154196880757809,0.00014088347961660475
9177,0.021888310089707375,0.00532551808282733,0.015153968706727028,0.00014088230091147125
9178,0.0218878872692585,0.005325393285602331,0.015153732150793076,0.00014087618910707533
9179,0.02188755013048649,0.005325278267264366,0.015153528191149235,0.00014087421004660428
9180,0.02188713476061821,0.005325160454958677,0.015153221786022186,0.0001408751995768398
9181,0.021886790171265602,0.00532504403963685,0.01515304297208786,0.00014087029558140785
9182,0.021886389702558517,0.005324922502040863,0.015152803622186184,0.00014086627925280482
9183,0.021885955706238747,0.0053248112089931965,0.015152482315897942,0.0001408662210451439
9184,0.021885637193918228,0.005324687343090773,0.015152299776673317,0.00014086499868426472
9185,0.021885232999920845,0.005324564874172211,0.01515207253396511,0.00014085964357946068
9186,0.021884743124246597,0.005324451252818108,0.015151717700064182,0.0001408573443768546
9187,0.02188444696366787,0.005324333440512419,0.015151537954807281,0.00014085747534409165
9188,0.021884040907025337,0.005324217956513166,0.015151284635066986,0.0001408537500537932
9189,0.021883687004446983,0.005324100144207478,0.01515108160674572,0.00014085046132095158
9190,0.02188320830464363,0.005323976743966341,0.015150727704167366,0.00014085038856137544
9191,0.02188289165496826,0.0053238580003380775,0.015150552615523338,0.00014084804570302367
9192,0.021882496774196625,0.005323741119354963,0.015150332823395729,0.0001408421667292714
9193,0.02188216894865036,0.005323623772710562,0.015150146558880806,0.0001408398529747501
9194,0.021881727501749992,0.005323509685695171,0.015149800106883049,0.00014084183203522116
9195,0.021881334483623505,0.0053233858197927475,0.015149573795497417,0.00014083752466831356
9196,0.021880902349948883,0.00532327126711607,0.015149315819144249,0.000140831689350307
9197,0.021880529820919037,0.005323156248778105,0.015149075537919998,0.0001408297393936664
9198,0.02188018150627613,0.005323038902133703,0.015148840844631195,0.000140830161399208
9199,0.02187979966402054,0.005322921555489302,0.015148608013987541,0.00014082706184126437
9200,0.021879425272345543,0.0053228042088449,0.015148414298892021,0.00014082058623898774
9201,0.021878989413380623,0.005322693381458521,0.0151481032371521,0.00014081939298193902
9202,0.021878642961382866,0.005322576034814119,0.015147872269153595,0.00014081946574151516
9203,0.021878255531191826,0.005322453565895557,0.015147656202316284,0.00014081460540182889
9204,0.021877828985452652,0.005322334356606007,0.015147391706705093,0.00014081047265790403
9205,0.021877404302358627,0.005322224926203489,0.015147082507610321,0.0001408095413353294
9206,0.021877145394682884,0.005322108045220375,0.015146955847740173,0.00014080815890338272
9207,0.021876659244298935,0.005321989301592112,0.015146627090871334,0.00014080422988627106
9208,0.021876296028494835,0.005321877542883158,0.015146417543292046,0.00014080015535000712
9209,0.021875906735658646,0.005321758333593607,0.015146167948842049,0.00014079813263379037
9210,0.021875526756048203,0.005321642383933067,0.015145916491746902,0.00014079669199418277
9211,0.02187518961727619,0.00532152084633708,0.015145735815167427,0.00014079331594984978
9212,0.021874859929084778,0.005321405362337828,0.015145562589168549,0.0001407890667906031
9213,0.02187439426779747,0.005321291740983725,0.015145231038331985,0.00014078714593779296
9214,0.021873971447348595,0.005321179982274771,0.015144935809075832,0.00014078569074627012
9215,0.021873589605093002,0.005321058910340071,0.015144715085625648,0.00014078148524276912
9216,0.021873202174901962,0.005320949945598841,0.015144478529691696,0.00014077748346608132
9217,0.02187279798090458,0.005320827942341566,0.015144218690693378,0.00014077519881539047
9218,0.021872427314519882,0.005320717114955187,0.01514398492872715,0.000140772492159158
9219,0.02187199704349041,0.0053206016309559345,0.015143705531954765,0.00014076908701099455
9220,0.021871669217944145,0.005320483352988958,0.015143527649343014,0.00014076594379730523
9221,0.021871307864785194,0.005320367403328419,0.015143297612667084,0.00014076435763854533
9222,0.02187093161046505,0.005320250056684017,0.015143081545829773,0.00014075994840823114
9223,0.021870508790016174,0.005320135969668627,0.01514279656112194,0.00014075770741328597
9224,0.021870171651244164,0.005320023279637098,0.01514260470867157,0.0001407542877132073
9225,0.021869750693440437,0.005319909658282995,0.015142329037189484,0.00014075114449951798
9226,0.02186935767531395,0.0053197904489934444,0.015142081305384636,0.00014074848149903119
9227,0.021868979558348656,0.0053196740336716175,0.015141844749450684,0.00014074605132918805
9228,0.021868638694286346,0.005319557618349791,0.015141664072871208,0.00014074165665078908
9229,0.021868253126740456,0.0053194486536085606,0.015141425654292107,0.00014073788770474494
9230,0.021867824718356133,0.005319332238286734,0.015141135081648827,0.00014073563215788454
9231,0.021867452189326286,0.005319215822964907,0.015140900388360023,0.0001407336676493287
9232,0.021867163479328156,0.0053191049955785275,0.01514076441526413,0.00014072931662667543
9233,0.02186671644449234,0.0053189839236438274,0.015140477567911148,0.000140725402161479
9234,0.02186626009643078,0.005318875890225172,0.015140147879719734,0.00014072359772399068
9235,0.021865902468562126,0.0053187585435807705,0.015139942057430744,0.00014072029443923384
9236,0.021865474060177803,0.00531863933429122,0.015139682218432426,0.00014071527402848005
9237,0.021865155547857285,0.005318530835211277,0.015139495953917503,0.00014071280020289123
9238,0.021864769980311394,0.0053184134885668755,0.015139248222112656,0.00014071080659050494
9239,0.021864410489797592,0.005318298935890198,0.015139046125113964,0.0001407063682563603
9240,0.021864058449864388,0.0053181895054876804,0.015138844028115273,0.0001407024683430791
9241,0.02186364307999611,0.005318069830536842,0.015138565562665462,0.0001407009403919801
9242,0.021863237023353577,0.0053179613314569,0.015138299204409122,0.00014069763710722327
9243,0.021862858906388283,0.0053178430534899235,0.015138093382120132,0.000140692267450504
9244,0.021862447261810303,0.00531772430986166,0.015137838199734688,0.00014068860036786646
9245,0.021862022578716278,0.005317616742104292,0.015137534588575363,0.00014068715972825885
9246,0.021861687302589417,0.005317503120750189,0.015137342736124992,0.00014068401651456952
9247,0.021861335262656212,0.005317389499396086,0.015137160196900368,0.00014067854499444366
9248,0.021860940381884575,0.005317275412380695,0.015136895701289177,0.00014067679876461625
9249,0.021860511973500252,0.0053171562030911446,0.015136618167161942,0.00014067377196624875
9250,0.021860158070921898,0.005317036993801594,0.01513643004000187,0.00014066901348996907
9251,0.02185981161892414,0.005316933151334524,0.015136217698454857,0.0001406660012435168
9252,0.021859413012862206,0.005316817667335272,0.015135975554585457,0.00014066186849959195
9253,0.021858995780348778,0.005316704045981169,0.015135711058974266,0.00014065798313822597
9254,0.021858688443899155,0.005316582974046469,0.015135545283555984,0.0001406558876624331
9255,0.021858269348740578,0.00531647726893425,0.015135273337364197,0.0001406519440934062
9256,0.021857907995581627,0.005316360387951136,0.015135059133172035,0.0001406489172950387
9257,0.02185749262571335,0.0053162467665970325,0.015134800225496292,0.00014064469723962247
9258,0.021857136860489845,0.0053161331452429295,0.015134593471884727,0.00014064105926081538
9259,0.02185674011707306,0.005316027440130711,0.015134340152144432,0.00014063723210711032
9260,0.02185634709894657,0.005315908696502447,0.015134098008275032,0.00014063395792618394
9261,0.021855955943465233,0.005315800197422504,0.015133831650018692,0.00014063251728657633
9262,0.02185557782649994,0.005315687041729689,0.015133624896407127,0.00014062658010516316
9263,0.021855220198631287,0.005315569695085287,0.015133416280150414,0.00014062339323572814
9264,0.021854804828763008,0.005315457470715046,0.015133136883378029,0.00014062102127354592
9265,0.021854456514120102,0.005315347108989954,0.015132944099605083,0.00014061640831641853
9266,0.021854085847735405,0.005315228831022978,0.015132750384509563,0.00014061077672522515
9267,0.02185361087322235,0.00531512126326561,0.015132403001189232,0.00014060871035326272
9268,0.021853258833289146,0.005314999725669622,0.015132205560803413,0.00014060534886084497
9269,0.02185293659567833,0.005314888898283243,0.015132028609514236,0.00014060188550502062
9270,0.02185247093439102,0.005314773414283991,0.015131724998354912,0.00014059728709980845
9271,0.021852053701877594,0.005314664449542761,0.015131453052163124,0.00014059356180951
9272,0.021851811558008194,0.005314547568559647,0.015131352469325066,0.00014059121895115823
9273,0.021851370111107826,0.005314438138157129,0.015131071209907532,0.00014058603846933693
9274,0.021850984543561935,0.0053143249824643135,0.015130829066038132,0.0001405830989824608
9275,0.02185066044330597,0.005314215552061796,0.015130650252103806,0.00014057934458833188
9276,0.021850308403372765,0.00531410239636898,0.015130454674363136,0.00014057506632525474
9277,0.02184993028640747,0.005313987843692303,0.01513022743165493,0.00014057153020985425
9278,0.021849442273378372,0.005313876084983349,0.015129871666431427,0.00014056936197448522
9279,0.02184915728867054,0.00531376525759697,0.015129754319787025,0.00014056370127946138
9280,0.021848667412996292,0.005313650704920292,0.015129435807466507,0.00014055815699975938
9281,0.021848322823643684,0.005313537549227476,0.015129219740629196,0.00014055646897759289
9282,0.021847952157258987,0.005313423462212086,0.01512899063527584,0.00014055364590603858
9283,0.021847572177648544,0.005313316825777292,0.015128787606954575,0.0001405468792654574
9284,0.021847166121006012,0.005313204135745764,0.015128514729440212,0.0001405448274454102
9285,0.02184680849313736,0.005313091911375523,0.015128307044506073,0.00014054107305128127
9286,0.021846383810043335,0.005312974564731121,0.015128047205507755,0.000140536212711595
9287,0.02184605598449707,0.00531286234036088,0.015127880498766899,0.0001405314396834001
9288,0.021845601499080658,0.005312753841280937,0.015127550810575485,0.00014052962069399655
9289,0.021845251321792603,0.005312636494636536,0.015127358958125114,0.00014052563346922398
9290,0.021844923496246338,0.005312527995556593,0.015127189457416534,0.00014052054029889405
9291,0.02184450440108776,0.005312410648912191,0.015126921236515045,0.00014051714970264584
9292,0.021844206377863884,0.005312308203428984,0.015126755461096764,0.0001405141520081088
9293,0.021843746304512024,0.0053121899254620075,0.01512647420167923,0.0001405082002747804
9294,0.02184339240193367,0.005312076769769192,0.015126267448067665,0.00014050488243810833
9295,0.02184300310909748,0.005311966873705387,0.015126029029488564,0.00014050054596737027
9296,0.02184256538748741,0.005311851389706135,0.015125766396522522,0.00014049478340893984
9297,0.021842189133167267,0.00531174149364233,0.015125520527362823,0.00014049260062165558
9298,0.021841853857040405,0.005311630200594664,0.015125328674912453,0.0001404895301675424
9299,0.021841511130332947,0.005311517510563135,0.015125162899494171,0.00014048309822101146
9300,0.02184106782078743,0.005311405286192894,0.015124861150979996,0.00014048011507838964
9301,0.021840743720531464,0.00531129352748394,0.015124676749110222,0.00014047726290300488
9302,0.021840298548340797,0.005311180837452412,0.015124406665563583,0.00014047123841010034
9303,0.021839968860149384,0.00531107047572732,0.015124218538403511,0.00014046806609258056
9304,0.02183954417705536,0.005310957320034504,0.015123941004276276,0.00014046461728867143
9305,0.021839147433638573,0.005310844164341688,0.01512371376156807,0.000140458854730241
9306,0.021838802844285965,0.005310736130923033,0.015123514458537102,0.00014045512943994254
9307,0.02183838002383709,0.00531062250956893,0.01512323971837759,0.00014045176794752479
9308,0.021838027983903885,0.005310511216521263,0.015123051591217518,0.00014044650015421212
9309,0.021837692707777023,0.005310398060828447,0.01512286439538002,0.00014044312410987914
9310,0.0218372642993927,0.005310291890054941,0.01512257568538189,0.00014043963165022433
9311,0.02183694764971733,0.005310173612087965,0.015122435986995697,0.0001404337235726416
9312,0.021836550906300545,0.005310067441314459,0.015122182667255402,0.0001404299691785127
9313,0.021836161613464355,0.005309946369379759,0.015121940523386002,0.00014042742259334773
9314,0.021835725754499435,0.005309842061251402,0.01512167975306511,0.00014042039401829243
9315,0.021835388615727425,0.005309732165187597,0.01512148231267929,0.00014041739632375538
9316,0.021835006773471832,0.005309616681188345,0.015121239237487316,0.0001404150971211493
9317,0.021834682673215866,0.0053095086477696896,0.015121103264391422,0.00014040716632734984
9318,0.02183421514928341,0.005309395957738161,0.015120776370167732,0.0001404043287038803
9319,0.021833868697285652,0.005309286992996931,0.01512056402862072,0.00014040166570339352
9320,0.021833457052707672,0.005309171508997679,0.015120323747396469,0.00014039607776794583
9321,0.02183317393064499,0.005309059750288725,0.015120204538106918,0.00014039101370144635
9322,0.02183273434638977,0.0053089517168700695,0.015119902789592743,0.0001403880160069093
9323,0.021832365542650223,0.005308832507580519,0.015119705349206924,0.00014038264635019004
9324,0.02183198370039463,0.005308730993419886,0.015119467861950397,0.0001403783680871129
9325,0.021831603720784187,0.005308620166033506,0.015119228512048721,0.00014037542860023677
9326,0.02183127962052822,0.005308506544679403,0.015119073912501335,0.00014036992797628045
9327,0.021830782294273376,0.005308386869728565,0.015118747018277645,0.00014036474749445915
9328,0.02183043397963047,0.00530828395858407,0.015118543058633804,0.0001403606729581952
9329,0.021830102428793907,0.005308170802891254,0.015118351206183434,0.00014035802450962365
9330,0.021829750388860703,0.005308063235133886,0.015118163079023361,0.0001403522619511932
9331,0.021829375997185707,0.005307951010763645,0.015117955394089222,0.00014034687774255872
9332,0.021828938275575638,0.00530783599242568,0.015117660164833069,0.000140344156534411
9333,0.02182859182357788,0.005307730287313461,0.015117479488253593,0.00014033821935299784
9334,0.02182816155254841,0.005307620856910944,0.015117209404706955,0.00014033318439032882
9335,0.02182777412235737,0.00530750397592783,0.015116972848773003,0.0001403296337230131
9336,0.021827444434165955,0.005307395476847887,0.015116780065000057,0.00014032683975528926
9337,0.021827038377523422,0.0053072841838002205,0.015116551890969276,0.00014032023318577558
9338,0.021826669573783875,0.005307173356413841,0.015116341412067413,0.00014031544560566545
9339,0.021826231852173805,0.0053070611320436,0.015116050839424133,0.00014031199680175632
9340,0.021825900301337242,0.005306945648044348,0.015115879476070404,0.00014030748570803553
9341,0.021825473755598068,0.005306838545948267,0.015115616843104362,0.00014030194142833352
9342,0.021825119853019714,0.005306729581207037,0.015115424990653992,0.0001402964990120381
9343,0.021824795752763748,0.00530661828815937,0.015115238726139069,0.00014029396697878838
9344,0.021824371069669724,0.005306502338498831,0.015114977024495602,0.00014028925215825438
9345,0.021824022755026817,0.005306393373757601,0.015114789828658104,0.00014028395526111126
9346,0.021823689341545105,0.005306292325258255,0.015114599838852882,0.0001402796624461189
9347,0.021823247894644737,0.005306175444275141,0.015114329755306244,0.00014027424913365394
9348,0.021822847425937653,0.005306068807840347,0.01511407271027565,0.000140270683914423
9349,0.021822502836585045,0.005305953789502382,0.015113888308405876,0.00014026608550921082
9350,0.021822156384587288,0.005305841099470854,0.015113705769181252,0.00014026093413121998
9351,0.021821727976202965,0.005305727478116751,0.015113434754312038,0.00014025653945282102
9352,0.02182137221097946,0.005305618979036808,0.015113241970539093,0.00014025128621142358
9353,0.021821001544594765,0.005305512808263302,0.015113012865185738,0.00014024767733644694
9354,0.02182057499885559,0.005305407103151083,0.015112742781639099,0.00014024255506228656
9355,0.021820252761244774,0.005305285565555096,0.015112592838704586,0.0001402374473400414
9356,0.02181979827582836,0.005305176600813866,0.01511229109019041,0.00014023311086930335
9357,0.021819446235895157,0.005305067636072636,0.01511208713054657,0.00014022922550793737
9358,0.021819043904542923,0.005304953549057245,0.015111858025193214,0.0001402232883265242
9359,0.021818678826093674,0.005304846912622452,0.015111660584807396,0.00014021720562595874
9360,0.021818337962031364,0.00530473655089736,0.015111448243260384,0.00014021525566931814
9361,0.021817928180098534,0.005304624792188406,0.015111204236745834,0.00014020988601259887
9362,0.021817652508616447,0.005304508842527866,0.015111112967133522,0.00014020291564520448
9363,0.021817291155457497,0.00530440965667367,0.01511090062558651,0.00014019818627275527
9364,0.0218167956918478,0.005304296035319567,0.015110531821846962,0.0001401968766003847
9365,0.0218164324760437,0.005304181482642889,0.015110347419977188,0.00014019037189427763
9366,0.021816056221723557,0.005304069723933935,0.015110153704881668,0.00014018321235198528
9367,0.021815670654177666,0.005303963553160429,0.015109894797205925,0.00014018113142810762
9368,0.021815303713083267,0.005303853191435337,0.015109693631529808,0.00014017560170032084
9369,0.021814946085214615,0.005303742829710245,0.015109507367014885,0.0001401696790708229
9370,0.021814579144120216,0.005303632467985153,0.01510927826166153,0.00014016684144735336
9371,0.02181420847773552,0.005303523037582636,0.015109073370695114,0.00014016125351190567
9372,0.021813759580254555,0.00530340988188982,0.015108807943761349,0.00014015416672918946
9373,0.021813401952385902,0.005303305108100176,0.015108583495020866,0.00014015135820955038
9374,0.021813049912452698,0.005303194746375084,0.0151083804666996,0.00014014745829626918
9375,0.021812675520777702,0.005303084384649992,0.015108196996152401,0.0001401395129505545
9376,0.021812230348587036,0.005302967969328165,0.015107911080121994,0.0001401351037202403
9377,0.021811924874782562,0.005302855744957924,0.015107735991477966,0.0001401332556270063
9378,0.021811529994010925,0.005302752368152142,0.015107515268027782,0.00014012629981152713
9379,0.02181115373969078,0.005302642937749624,0.015107319690287113,0.0001401191984768957
9380,0.02181079052388668,0.0053025358356535435,0.01510707288980484,0.00014011819439474493
9381,0.021810395643115044,0.005302422679960728,0.015106854028999805,0.00014011190796736628
9382,0.021810010075569153,0.005302307661622763,0.015106658451259136,0.00014010451559443027
9383,0.021809613332152367,0.005302199628204107,0.01510639488697052,0.0001401019108016044
9384,0.021809255704283714,0.005302093457430601,0.015106189996004105,0.00014009712322149426
9385,0.02180887944996357,0.005301985889673233,0.015105990692973137,0.00014009034202899784
9386,0.021808506920933723,0.005301868077367544,0.015105778351426125,0.0001400860637659207
9387,0.021808065474033356,0.005301764700561762,0.015105482190847397,0.00014008194557391107
9388,0.021807730197906494,0.005301654804497957,0.015105310827493668,0.00014007650315761566
9389,0.021807370707392693,0.005301539786159992,0.015105128288269043,0.0001400704204570502
9390,0.021806960925459862,0.005301434546709061,0.015104861930012703,0.00014006647688802332
9391,0.021806631237268448,0.005301325116306543,0.015104690566658974,0.00014006152923684567
9392,0.021806268021464348,0.005301211029291153,0.015104497782886028,0.0001400557521265
9393,0.02180585265159607,0.005301101133227348,0.015104243531823158,0.00014005070261191577
9394,0.02180546708405018,0.005300990771502256,0.015104001387953758,0.00014004737022332847
9395,0.02180503122508526,0.0053008790127933025,0.015103764832019806,0.00014003865362610668
9396,0.021804725751280785,0.005300770979374647,0.015103591606020927,0.000140036252560094
9397,0.021804317831993103,0.005300659686326981,0.015103328973054886,0.00014003283286001533
9398,0.021803908050060272,0.0053005525842309,0.015103133395314217,0.00014002212265040725
9399,0.021803606301546097,0.005300439894199371,0.015102967619895935,0.00014001985255163163
9400,0.021803179755806923,0.005300330463796854,0.015102667734026909,0.00014001826639287174
9401,0.021802866831421852,0.005300221499055624,0.015102559700608253,0.0001400085457134992
9402,0.021802477538585663,0.005300111602991819,0.015102341771125793,0.00014000233204569668
9403,0.021802037954330444,0.005300003569573164,0.015102013014256954,0.00014000227383803576
9404,0.02180163748562336,0.00529989181086421,0.015101801604032516,0.0001399942848365754
9405,0.0218012984842062,0.005299779586493969,0.015101661905646324,0.00013998574286233634
9406,0.02180088311433792,0.0052996668964624405,0.015101351775228977,0.00013998635404277593
9407,0.02180049940943718,0.005299555603414774,0.01510115247219801,0.00013997909263707697
9408,0.021800104528665543,0.005299445241689682,0.015100955963134766,0.00013997041969560087
9409,0.02179979346692562,0.00529934698715806,0.015100756660103798,0.00013996909547131509
9410,0.021799428388476372,0.005299230106174946,0.015100549906492233,0.00013996487541589886
9411,0.021799039095640182,0.005299124401062727,0.015100358054041862,0.00013995557674206793
9412,0.021798649802803993,0.005299016367644072,0.015100104734301567,0.00013995275367051363
9413,0.0217982716858387,0.005298899486660957,0.015099890530109406,0.00013994821347296238
9414,0.021797873079776764,0.005298791918903589,0.01509968563914299,0.00013993951142765582
9415,0.021797528490424156,0.005298679228872061,0.015099484473466873,0.00013993644097354263
9416,0.021797100082039833,0.00529857724905014,0.01509920135140419,0.00013993213360663503
9417,0.021796733140945435,0.0052984594367444515,0.015099041163921356,0.0001399231405230239
9418,0.021796416491270065,0.00529835419729352,0.015098849311470985,0.0001399212924297899
9419,0.02179606258869171,0.005298242904245853,0.015098655596375465,0.0001399163156747818
9420,0.02179557830095291,0.005298131611198187,0.015098363161087036,0.00013990838488098234
9421,0.021795278415083885,0.005298025906085968,0.015098212286829948,0.00013990407751407474
9422,0.021794836968183517,0.005297918803989887,0.015097921714186668,0.00013989955186843872
9423,0.021794553846120834,0.005297802854329348,0.015097817406058311,0.00013989346916787326
9424,0.021794123575091362,0.0052976966835558414,0.015097539871931076,0.00013988879800308496
9425,0.021793769672513008,0.005297590047121048,0.015097355470061302,0.0001398823515046388
9426,0.021793371066451073,0.005297474563121796,0.015097114257514477,0.00013987808779347688
9427,0.02179301530122757,0.005297366995364428,0.015096934512257576,0.00013987143756821752
9428,0.02179260365664959,0.0052972519770264626,0.015096689574420452,0.00013986622798256576
9429,0.02179228514432907,0.005297144874930382,0.015096522867679596,0.00013986180420033634
9430,0.021791836246848106,0.005297038238495588,0.015096252784132957,0.0001398544991388917
9431,0.021791499108076096,0.0052969264797866344,0.015096072107553482,0.00013984997349325567
9432,0.021791068837046623,0.005296820309013128,0.015095788054168224,0.0001398460881318897
9433,0.021790700033307076,0.005296709481626749,0.015095613896846771,0.00013983763346914202
9434,0.021790295839309692,0.005296600516885519,0.01509535126388073,0.00013983433018438518
9435,0.021789951249957085,0.005296488758176565,0.015095179900527,0.0001398281310684979
9436,0.021789612248539925,0.005296383053064346,0.01509501039981842,0.00013982194650452584
9437,0.02178918570280075,0.005296270363032818,0.015094732865691185,0.00013981842494104058
9438,0.0217888243496418,0.005296161863952875,0.015094544738531113,0.00013981173106003553
9439,0.0217884574085474,0.0052960533648729324,0.015094359405338764,0.00013980435323901474
9440,0.021788064390420914,0.005295944400131702,0.015094107948243618,0.0001398011954734102
9441,0.021787654608488083,0.005295829381793737,0.015093859285116196,0.00013979652430862188
9442,0.021787293255329132,0.005295720417052507,0.01509369257837534,0.00013978805509395897
9443,0.021786922588944435,0.005295613314956427,0.015093466266989708,0.000139784169732593
9444,0.021786559373140335,0.005295505281537771,0.01509326696395874,0.0001397787273162976
9445,0.021786175668239594,0.0052953967824578285,0.015093054622411728,0.0001397725282004103
9446,0.021785803139209747,0.005295283161103725,0.015092858113348484,0.00013976615446154028
9447,0.02178540639579296,0.005295177455991507,0.015092607587575912,0.0001397621672367677
9448,0.021785041317343712,0.0052950624376535416,0.015092424117028713,0.00013975561887491494
9449,0.02178461104631424,0.0052949548698961735,0.0150921531021595,0.00013975032197777182
9450,0.021784240379929543,0.005294852424412966,0.015091931447386742,0.0001397456508129835
9451,0.021783912554383278,0.0052947415970265865,0.01509178802371025,0.00013973827299196273
9452,0.021783512085676193,0.005294628441333771,0.015091544017195702,0.00013973396562505513
9453,0.02178315259516239,0.005294516682624817,0.015091359615325928,0.0001397276355419308
9454,0.021782714873552322,0.005294409580528736,0.015091100707650185,0.00013972037413623184
9455,0.021782340481877327,0.005294302944093943,0.015090873464941978,0.00013971638691145927
9456,0.02178199216723442,0.0052941953763365746,0.015090679749846458,0.00013971175940241665
9457,0.021781612187623978,0.005294082220643759,0.015090487897396088,0.0001397042506141588
9458,0.021781275048851967,0.005293977912515402,0.015090309083461761,0.0001396987063344568
9459,0.021780870854854584,0.0052938638255000114,0.015090054832398891,0.00013969519932288677
9460,0.021780546754598618,0.005293750669807196,0.01508992351591587,0.00013968713756185025
9461,0.02178018167614937,0.005293645896017551,0.01508971955627203,0.0001396816805936396
9462,0.02177974209189415,0.005293533205986023,0.015089435502886772,0.0001396773150190711
9463,0.021779410541057587,0.005293427500873804,0.01508927159011364,0.0001396712614223361
9464,0.02177894487977028,0.005293316673487425,0.015088988468050957,0.00013966389815323055
9465,0.021778615191578865,0.005293210037052631,0.01508880965411663,0.0001396595180267468
9466,0.021778153255581856,0.005293095950037241,0.015088515356183052,0.00013965432299301028
9467,0.021777911111712456,0.00529299583286047,0.015088445506989956,0.00013964690151624382
9468,0.021777480840682983,0.005292883608490229,0.01508818008005619,0.00013964173558633775
9469,0.021777043119072914,0.005292774643748999,0.015087905339896679,0.0001396363222738728
9470,0.021776648238301277,0.005292660091072321,0.015087679028511047,0.00013963095261715353
9471,0.021776314824819565,0.005292556714266539,0.015087533742189407,0.0001396223669871688
9472,0.021775953471660614,0.005292444955557585,0.015087313950061798,0.00013961941294837743
9473,0.021775590255856514,0.005292338784784079,0.015087108127772808,0.00013961440708953887
9474,0.021775230765342712,0.005292226560413837,0.015086950734257698,0.00013960529759060591
9475,0.021774813532829285,0.005292113870382309,0.015086699277162552,0.00013960013166069984
9476,0.021774405613541603,0.005292008630931377,0.015086427330970764,0.00013959688658360392
9477,0.021774087101221085,0.00529189920052886,0.015086306259036064,0.00013958808267489076
9478,0.021773625165224075,0.005291784182190895,0.015086021274328232,0.00013958191266283393
9479,0.021773304790258408,0.005291683133691549,0.015085840597748756,0.00013957812916487455
9480,0.02177291363477707,0.005291565787047148,0.015085626393556595,0.00013957206101622432
9481,0.021772516891360283,0.005291456822305918,0.015085418708622456,0.00013956413022242486
9482,0.021772215142846107,0.00529134925454855,0.015085252933204174,0.0001395612198393792
9483,0.021771850064396858,0.00529124541208148,0.015085067600011826,0.00013955372560303658
9484,0.021771403029561043,0.005291135050356388,0.015084797516465187,0.0001395469153067097
9485,0.02177106961607933,0.005291024688631296,0.015084614977240562,0.00013954294263385236
9486,0.021770652383565903,0.005290917120873928,0.015084376558661461,0.0001395360304741189
9487,0.021770240738987923,0.005290804896503687,0.015084147453308105,0.00013952887093182653
9488,0.021769870072603226,0.005290694069117308,0.015083936974406242,0.0001395239232806489
9489,0.02176947146654129,0.005290586967021227,0.015083685517311096,0.0001395198778482154
9490,0.021769104525446892,0.005290474276989698,0.015083519741892815,0.0001395110011799261
9491,0.021768778562545776,0.005290364380925894,0.015083365142345428,0.00013950477296020836
9492,0.02176833339035511,0.005290263798087835,0.015083063393831253,0.00013950049469713122
9493,0.021767983213067055,0.005290153902024031,0.015082896687090397,0.0001394933497067541
9494,0.02176758646965027,0.005290041211992502,0.015082675963640213,0.00013948690320830792
9495,0.021767279133200645,0.005289938300848007,0.015082530677318573,0.00013948098057880998
9496,0.0217667818069458,0.005289827473461628,0.015082191675901413,0.00013947626575827599
9497,0.021766481921076775,0.005289712455123663,0.015082074329257011,0.0001394694991176948
9498,0.021766096353530884,0.005289600230753422,0.015081854537129402,0.00013946398394182324
9499,0.021765729412436485,0.005289498250931501,0.015081651508808136,0.00013945788668934256
9500,0.021765314042568207,0.0052893864922225475,0.015081408433616161,0.00013945199316367507
9501,0.021764958277344704,0.005289276596158743,0.015081217512488365,0.0001394463615724817
9502,0.021764593198895454,0.005289169494062662,0.015081040561199188,0.000139438416226767
9503,0.02176418900489807,0.005289064254611731,0.015080798417329788,0.0001394325663568452
9504,0.021763818338513374,0.005288956221193075,0.015080569311976433,0.00013942919031251222
9505,0.021763425320386887,0.005288842599838972,0.015080377459526062,0.00013942043005954474
9506,0.021763036027550697,0.005288733635097742,0.015080159530043602,0.0001394144055666402
9507,0.02176266349852085,0.005288629326969385,0.01507994532585144,0.0001394089631503448
9508,0.02176222950220108,0.005288511514663696,0.015079684555530548,0.00013940340431872755
9509,0.021761881187558174,0.005288404878228903,0.015079515054821968,0.00013939605560153723
9510,0.021761581301689148,0.005288294982165098,0.015079386532306671,0.00013939000200480223
9511,0.02176116593182087,0.005288188345730305,0.015079133212566376,0.00013938457414042205
9512,0.021760858595371246,0.005288080777972937,0.015078987926244736,0.00013937886978965253
9513,0.021760527044534683,0.005287971347570419,0.015078825876116753,0.00013937307812739164
9514,0.021760012954473495,0.005287858657538891,0.015078501775860786,0.00013936543837189674
9515,0.021759705618023872,0.005287754815071821,0.015078363940119743,0.0001393586426274851
9516,0.021759258583188057,0.005287637002766132,0.015078069642186165,0.0001393551065120846
9517,0.021758880466222763,0.00528753874823451,0.01507786475121975,0.00013934769958723336
9518,0.02175850421190262,0.0052874269895255566,0.015077676624059677,0.00013934003072790802
9519,0.021758148446679115,0.005287315230816603,0.015077505260705948,0.00013933272566646338
9520,0.02175775170326233,0.005287202075123787,0.015077240765094757,0.00013933086302131414
9521,0.02175738662481308,0.005287098698318005,0.015077062882483006,0.00013932255387771875
9522,0.021757032722234726,0.005286989267915487,0.015076901763677597,0.00013931409921497107
9523,0.021756647154688835,0.0052868761122226715,0.015076668001711369,0.0001393104175804183
9524,0.02175622433423996,0.005286773666739464,0.015076406300067902,0.0001393045240547508
9525,0.02175583690404892,0.0052866581827402115,0.015076212584972382,0.00013929660781286657
9526,0.021755458787083626,0.005286553408950567,0.01507599651813507,0.00013929077249486
9527,0.0217551551759243,0.005286442115902901,0.015075860545039177,0.00013928524276707321
9528,0.021754641085863113,0.005286334548145533,0.015075519680976868,0.00013927879626862705
9529,0.021754348650574684,0.005286224186420441,0.01507541723549366,0.00013927077816333622
9530,0.021753966808319092,0.005286115687340498,0.015075191855430603,0.00013926588871981949
9531,0.021753598004579544,0.005286009516566992,0.015074985101819038,0.00013926034444011748
9532,0.02175317518413067,0.005285895895212889,0.015074757859110832,0.0001392521517118439
9533,0.02175280451774597,0.0052857897244393826,0.015074526891112328,0.00013924867380410433
9534,0.021752430126070976,0.005285684484988451,0.015074331313371658,0.0001392414269503206
9535,0.021752091124653816,0.0052855731919407845,0.015074210241436958,0.00013923061487730592
9536,0.021751634776592255,0.005285465158522129,0.015073881484568119,0.0001392287522321567
9537,0.02175130695104599,0.005285357590764761,0.01507372036576271,0.00013922291691415012
9538,0.02175094000995159,0.005285243969410658,0.01507357507944107,0.0001392121339449659
9539,0.021750597283244133,0.005285135004669428,0.015073390677571297,0.0001392071571899578
9540,0.021750232204794884,0.005285029765218496,0.015073152258992195,0.00013920503261033446
9541,0.02174975909292698,0.005284913349896669,0.015072895213961601,0.00013919513730797917
9542,0.021749526262283325,0.005284807179123163,0.015072843059897423,0.00013918770127929747
9543,0.021749068051576614,0.005284695420414209,0.0150725357234478,0.0001391837722621858
9544,0.02174864150583744,0.005284594837576151,0.015072286128997803,0.00013917610340286046
9545,0.021748274564743042,0.005284484475851059,0.015072109177708626,0.00013916815805714577
9546,0.02174784243106842,0.005284377373754978,0.015071820467710495,0.00013916449097450823
9547,0.021747488528490067,0.005284257233142853,0.01507165189832449,0.0001391578116454184
9548,0.02174708992242813,0.0052841538563370705,0.015071453526616096,0.0001391480618622154
9549,0.02174675278365612,0.0052840434946119785,0.01507125236093998,0.0001391457481076941
9550,0.021746333688497543,0.005283932667225599,0.015071031637489796,0.0001391369296470657
9551,0.021745938807725906,0.005283818580210209,0.015070831403136253,0.00013912869326304644
9552,0.021745655685663223,0.005283720325678587,0.015070673078298569,0.00013912617578171194
9553,0.021745216101408005,0.005283610429614782,0.015070431865751743,0.00013911745918449014
9554,0.021744832396507263,0.005283498205244541,0.015070240944623947,0.00013910947018302977
9555,0.021744444966316223,0.005283397156745195,0.01506999135017395,0.00013910575944464654
9556,0.021744100376963615,0.0052832853980362415,0.015069829300045967,0.0001390986144542694
9557,0.021743744611740112,0.005283175967633724,0.015069665387272835,0.0001390904508298263
9558,0.021743400022387505,0.0052830674685537815,0.015069466084241867,0.0001390867546433583
9559,0.021742969751358032,0.0052829524502158165,0.015069222077727318,0.0001390796824125573
9560,0.02174254134297371,0.005282844882458448,0.015068991109728813,0.0001390705438097939
9561,0.021742187440395355,0.005282738246023655,0.015068789012730122,0.00013906597450841218
9562,0.021741792559623718,0.005282632540911436,0.015068558976054192,0.00013905996456742287
9563,0.021741416305303574,0.0052825212478637695,0.015068398788571358,0.00013904954539611936
9564,0.02174105867743492,0.00528241042047739,0.015068186447024345,0.00013904615479987115
9565,0.021740706637501717,0.005282303784042597,0.015067989937961102,0.0001390413090121001
9566,0.02174031361937523,0.005282191094011068,0.015067819505929947,0.00013903022045269608
9567,0.021739916875958443,0.005282084457576275,0.015067566186189651,0.0001390265388181433
9568,0.021739542484283447,0.005281978752464056,0.015067363157868385,0.00013902003411203623
9569,0.02173912711441517,0.005281867925077677,0.01506713591516018,0.0001390123798046261
9570,0.021738775074481964,0.005281762685626745,0.015066953375935555,0.00013900587509851903
9571,0.02173839882016182,0.0052816495299339294,0.015066751278936863,0.00013899993791710585
9572,0.02173800766468048,0.005281541030853987,0.015066538006067276,0.00013899285113438964
9573,0.021737562492489815,0.005281427875161171,0.015066273510456085,0.0001389861135976389
9574,0.02173728123307228,0.005281319376081228,0.015066167339682579,0.00013897934695705771
9575,0.021736856549978256,0.005281213670969009,0.015065914019942284,0.00013897279859520495
9576,0.021736474707722664,0.005281101446598768,0.015065722167491913,0.00013896514428779483
9577,0.02173602767288685,0.005280986428260803,0.015065453946590424,0.00013895865413360298
9578,0.021735763177275658,0.005280882120132446,0.015065351501107216,0.00013895293523091823
9579,0.02173530124127865,0.005280771758407354,0.015065070241689682,0.00013894581934437156
9580,0.021735023707151413,0.005280673503875732,0.0150649668648839,0.00013893833965994418
9581,0.021734632551670074,0.005280560813844204,0.01506473682820797,0.0001389336830470711
9582,0.021734174340963364,0.005280448589473963,0.015064481645822525,0.00013892441347707063
9583,0.021733783185482025,0.005280342884361744,0.015064254403114319,0.00013891878188587725
9584,0.02173350378870964,0.005280233919620514,0.015064133331179619,0.0001389136741636321
9585,0.02173304744064808,0.005280126817524433,0.01506388746201992,0.00013890324044041336
9586,0.02173270285129547,0.005280014593154192,0.015063701197504997,0.00013889868569094688
9587,0.021732265129685402,0.005279903765767813,0.015063438564538956,0.00013889226829633117
9588,0.021731898188591003,0.00527978828176856,0.015063274651765823,0.00013888344983570278
9589,0.021731525659561157,0.0052796900272369385,0.015063054859638214,0.0001388780801789835
9590,0.021731209009885788,0.005279579199850559,0.015062907710671425,0.0001388720265822485
9591,0.02173071727156639,0.005279467906802893,0.015062617138028145,0.00013886312081012875
9592,0.02173040062189102,0.0052793556824326515,0.015062473714351654,0.00013885722728446126
9593,0.02173006348311901,0.005279249977320433,0.015062293037772179,0.0001388520176988095
9594,0.021729642525315285,0.005279146134853363,0.015062078833580017,0.00013884178770240396
9595,0.021729208528995514,0.005279030650854111,0.01506180688738823,0.00013883717474527657
9596,0.021728847175836563,0.005278921220451593,0.015061607584357262,0.00013883189240004867
9597,0.021728483960032463,0.005278817843645811,0.01506144367158413,0.0001388222590321675
9598,0.021728096529841423,0.0052787079475820065,0.015061226673424244,0.0001388162636430934
9599,0.021727727726101875,0.005278595723211765,0.015061030164361,0.0001388100499752909
9600,0.02172732912003994,0.005278485827147961,0.01506081409752369,0.00013880299229640514
9601,0.02172693982720375,0.0052783796563744545,0.01506061851978302,0.0001387942465953529
9602,0.021726591512560844,0.005278273019939661,0.015060408040881157,0.0001387911761412397
9603,0.02172621339559555,0.005278156604617834,0.015060236677527428,0.0001387820375384763
9604,0.02172582410275936,0.005278053227812052,0.015060042962431908,0.00013877278252039105
9605,0.021725500002503395,0.005277951713651419,0.015059851109981537,0.00013876961020287126
9606,0.02172514609992504,0.005277836229652166,0.015059689991176128,0.00013876197044737637
9607,0.021724682301282883,0.005277722608298063,0.015059443190693855,0.00013875160948373377
9608,0.021724265068769455,0.005277616437524557,0.01505916379392147,0.00013874842261429876
9609,0.0217239111661911,0.005277504678815603,0.015058999881148338,0.00013874063733965158
9610,0.02172352932393551,0.005277392454445362,0.015058822929859161,0.0001387315714964643
9611,0.021723132580518723,0.005277286749333143,0.015058552846312523,0.0001387291558785364
9612,0.02172277495265007,0.005277179181575775,0.015058406628668308,0.00013871905684936792
9613,0.02172238379716873,0.0052770706824958324,0.015058213844895363,0.00013870980183128268
9614,0.021721992641687393,0.005276961717754602,0.01505796518176794,0.00013870655675418675
9615,0.021721605211496353,0.005276849027723074,0.015057770535349846,0.00013869859685655683
9616,0.02172120101749897,0.005276735872030258,0.015057563781738281,0.00013869012764189392
9617,0.02172088623046875,0.005276633892208338,0.01505739800632,0.00013868538371752948
9618,0.02172049507498741,0.005276521202176809,0.015057194977998734,0.0001386778603773564
9619,0.02172004245221615,0.00527641037479043,0.015056928619742393,0.00013867033703718334
9620,0.02171967178583145,0.005276307929307222,0.015056740492582321,0.0001386623625876382
9621,0.021719319745898247,0.005276199895888567,0.0150565505027771,0.00013865694927517325
9622,0.021718958392739296,0.0052760872058570385,0.015056388452649117,0.00013864824722986668
9623,0.021718569099903107,0.005275975912809372,0.015056172385811806,0.00013864198990631849
9624,0.021718192845582962,0.00527586555108428,0.015055976808071136,0.00013863493222743273
9625,0.021717900410294533,0.005275761242955923,0.015055861324071884,0.00013862765626981854
9626,0.021717434749007225,0.005275653209537268,0.01505556982010603,0.00013862128253094852
9627,0.021717021241784096,0.005275540053844452,0.015055349096655846,0.0001386131625622511
9628,0.021716641262173653,0.005275433417409658,0.0150551563128829,0.0001386051590088755
9629,0.021716268733143806,0.0052753230556845665,0.015054948627948761,0.00013859968748874962
9630,0.021715892478823662,0.005275217350572348,0.01505474466830492,0.00013859309547115117
9631,0.0217154398560524,0.005275103263556957,0.015054509043693542,0.00013858263264410198
9632,0.021715065464377403,0.005274993367493153,0.015054285526275635,0.00013857871817890555
9633,0.02171475999057293,0.005274882074445486,0.015054166316986084,0.0001385711075272411
9634,0.02171434834599495,0.005274779163300991,0.015053931623697281,0.00013856372970622033
9635,0.0217139795422554,0.005274662282317877,0.015053754672408104,0.00013855620636604726
9636,0.021713560447096825,0.00527455797418952,0.015053506940603256,0.00013854949793312699
9637,0.021713152527809143,0.005274451337754726,0.015053282491862774,0.00013854177086614072
9638,0.021712828427553177,0.005274342838674784,0.015053139999508858,0.00013853459677193314
9639,0.021712439134716988,0.005274233873933554,0.015052923001348972,0.0001385282666888088
9640,0.021712036803364754,0.005274125374853611,0.015052719041705132,0.00013851917174179107
9641,0.02171163447201252,0.005274016410112381,0.015052476897835732,0.00013851418043486774
9642,0.021711235865950584,0.005273900460451841,0.015052287839353085,0.00013850475079379976
9643,0.02171095833182335,0.005273798014968634,0.015052193775773048,0.00013849668903276324
9644,0.02171051688492298,0.005273688584566116,0.01505189761519432,0.0001384931238135323
9645,0.021710116416215897,0.005273577757179737,0.015051707625389099,0.0001384832721669227
9646,0.021709781140089035,0.005273465532809496,0.015051566064357758,0.0001384750212309882
9647,0.02170933037996292,0.005273353308439255,0.015051258727908134,0.00013847192167304456
9648,0.021708957850933075,0.005273248068988323,0.015051092021167278,0.0001384616771247238
9649,0.021708598360419273,0.005273143760859966,0.015050910413265228,0.0001384542410960421
9650,0.021708175539970398,0.005273029673844576,0.015050644055008888,0.00013845032663084567
9651,0.021707791835069656,0.005272912327200174,0.015050487592816353,0.00013843915075995028
9652,0.02170746773481369,0.005272807087749243,0.015050331130623817,0.0001384328497806564
9653,0.021707069128751755,0.005272699054330587,0.015050090849399567,0.00013842788757756352
9654,0.02170669287443161,0.005272594280540943,0.01504992414265871,0.00013841736654285342
9655,0.02170628122985363,0.005272481124848127,0.015049681067466736,0.00013841179315932095
9656,0.021705860272049904,0.00527236657217145,0.015049450099468231,0.00013840444444213063
9657,0.02170555107295513,0.005272256676107645,0.015049345791339874,0.0001383948838338256
9658,0.02170516736805439,0.005272161215543747,0.015049111098051071,0.00013838944141753018
9659,0.021704809740185738,0.005272044334560633,0.015048940666019917,0.00013838250015396625
9660,0.021704435348510742,0.005271931178867817,0.015048772096633911,0.00013837325968779624
9661,0.02170400507748127,0.005271826405078173,0.015048488043248653,0.00013836906873621047
9662,0.02170361578464508,0.005271709989756346,0.0150483138859272,0.00013835914433002472
9663,0.021703314036130905,0.005271605681627989,0.015048199333250523,0.00013835090794600546
9664,0.021702880039811134,0.005271499045193195,0.01504790224134922,0.0001383477501804009
9665,0.021702446043491364,0.005271385423839092,0.015047699213027954,0.00013833596312906593
9666,0.02170209400355816,0.005271274130791426,0.015047529712319374,0.00013832899276167154
9667,0.021701717749238014,0.0052711754105985165,0.015047300606966019,0.00013832416152581573
9668,0.021701371297240257,0.00527106411755085,0.015047166496515274,0.0001383141498081386
9669,0.021700944751501083,0.005270947702229023,0.015046920627355576,0.00013830767420586199
9670,0.021700553596019745,0.005270838737487793,0.015046689659357071,0.00013830250827595592
9671,0.02170015126466751,0.0052707260474562645,0.015046506188809872,0.00013829195813741535
9672,0.021699795499444008,0.005270619876682758,0.015046320855617523,0.00013828561350237578
9673,0.021699385717511177,0.005270510911941528,0.015046091750264168,0.00013827826478518546
9674,0.021699070930480957,0.0052704038098454475,0.015045967884361744,0.0001382699701935053
9675,0.021698566153645515,0.005270286928862333,0.015045639127492905,0.0001382639165967703
9676,0.02169828675687313,0.005270183086395264,0.015045545063912868,0.00013825573842041194
9677,0.021697821095585823,0.00527007644996047,0.01504527311772108,0.0001382471964461729
9678,0.021697456017136574,0.0052699618972837925,0.01504509337246418,0.00013824010966345668
9679,0.02169705368578434,0.005269856657832861,0.015044852159917355,0.00013823444896843284
9680,0.021696601063013077,0.005269741173833609,0.015044614672660828,0.00013822456821799278
9681,0.02169635146856308,0.005269635934382677,0.015044545754790306,0.00013821701577398926
9682,0.021695973351597786,0.005269528366625309,0.015044314786791801,0.00013821299944538623
9683,0.021695611998438835,0.005269420798867941,0.015044180676341057,0.00013820093590766191
9684,0.021695200353860855,0.005269307177513838,0.015043937601149082,0.00013819555169902742
9685,0.021694811061024666,0.005269195418804884,0.01504371128976345,0.00013819034211337566
9686,0.021694349125027657,0.005269092973321676,0.01504349522292614,0.00013817606668453664
9687,0.02169397473335266,0.005268982145935297,0.015043241903185844,0.00013817514991387725
9688,0.02169361710548401,0.0052688634023070335,0.01504309568554163,0.00013816586579196155
9689,0.02169322595000267,0.005268760025501251,0.015042901039123535,0.00013815642159897834
9690,0.021692845970392227,0.005268650595098734,0.015042679384350777,0.00013815160491503775
9691,0.021692439913749695,0.005268541630357504,0.015042470768094063,0.00013814271369483322
9692,0.02169208973646164,0.00526842987164855,0.015042340382933617,0.0001381319889333099
9693,0.021691761910915375,0.005268322769552469,0.015042135491967201,0.00013813033001497388
9694,0.02169138193130493,0.00526821194216609,0.015041996724903584,0.00013811733515467495
9695,0.021690858528017998,0.005268100183457136,0.015041638165712357,0.00013811192184221
9696,0.021690575405955315,0.0052679916843771935,0.015041511505842209,0.00013810716336593032
9697,0.021690115332603455,0.0052678850479424,0.01504128985106945,0.0001380941685056314
9698,0.02168978750705719,0.00526777608320117,0.01504112035036087,0.00013808913354296237
9699,0.021689366549253464,0.005267669912427664,0.015040861442685127,0.000138083501951769
9700,0.021688999608159065,0.005267555825412273,0.015040719881653786,0.00013807241339236498
9701,0.021688641980290413,0.005267439875751734,0.015040549449622631,0.00013806521019432694
9702,0.02168825827538967,0.005267334170639515,0.015040317550301552,0.00013806058268528432
9703,0.021687835454940796,0.005267222411930561,0.015040112659335136,0.000138049857923761
9704,0.021687490865588188,0.005267116241157055,0.01503995805978775,0.0001380415487801656
9705,0.021687036380171776,0.00526701333001256,0.015039652585983276,0.0001380371249979362
9706,0.0216867383569479,0.005266890395432711,0.015039600431919098,0.00013802479952573776
9707,0.021686330437660217,0.005266786087304354,0.015039339661598206,0.00013802044850308448
9708,0.021685883402824402,0.0052666799165308475,0.015039077959954739,0.0001380125031573698
9709,0.021685542538762093,0.005266567226499319,0.015038935467600822,0.0001380039902869612
9710,0.021685069426894188,0.005266459193080664,0.015038641169667244,0.00013799687440041453
9711,0.021684721112251282,0.005266343709081411,0.01503849495202303,0.00013798830332234502
9712,0.02168438769876957,0.005266235675662756,0.015038346871733665,0.00013798040163237602
9713,0.021683968603610992,0.005266133695840836,0.015038087964057922,0.0001379746536258608
9714,0.021683599799871445,0.005266019143164158,0.015037933364510536,0.00013796456914860755
9715,0.021683253347873688,0.005265909247100353,0.015037759207189083,0.00013795842824038118
9716,0.021682847291231155,0.005265797954052687,0.015037547796964645,0.00013795010454487056
9717,0.021682485938072205,0.00526568153873086,0.01503739319741726,0.0001379411551170051
9718,0.02168208546936512,0.005265582352876663,0.01503716129809618,0.00013793435937259346
9719,0.02168167568743229,0.005265466403216124,0.015036950819194317,0.00013792584650218487
9720,0.021681299433112144,0.005265367217361927,0.01503673754632473,0.00013791932724416256
9721,0.02168094739317894,0.005265253130346537,0.015036587603390217,0.00013791066885460168
9722,0.02168048359453678,0.005265137180685997,0.015036322176456451,0.0001379024179186672
9723,0.021680137142539024,0.005265033803880215,0.015036141499876976,0.00013789623335469514
9724,0.021679712459445,0.005264915060251951,0.015035940334200859,0.0001378857414238155
9725,0.021679367870092392,0.0052648126147687435,0.015035758726298809,0.00013787971693091094
9726,0.02167891524732113,0.00526469899341464,0.015035497024655342,0.00013787181524094194
9727,0.021678509190678596,0.00526459189131856,0.015035292133688927,0.00013786254567094147
9728,0.021678170189261436,0.005264481995254755,0.015035143122076988,0.00013785457122139633
9729,0.021677857264876366,0.005264372564852238,0.015034991316497326,0.00013784940529149026
9730,0.021677393466234207,0.00526425801217556,0.015034731477499008,0.00013784044131170958
9731,0.021676991134881973,0.005264146253466606,0.01503454428166151,0.00013783021131530404
9732,0.02167661488056183,0.005264030769467354,0.015034342184662819,0.00013782425958197564
9733,0.021676257252693176,0.005263931583613157,0.015034157782793045,0.00013781677989754826
9734,0.021675841882824898,0.005263821687549353,0.015033945441246033,0.0001378073648083955
9735,0.02167542465031147,0.0052637080661952496,0.015033714473247528,0.00013780021981801838
9736,0.02167508751153946,0.005263599567115307,0.01503356546163559,0.0001377920707454905
9737,0.021674731746315956,0.005263491068035364,0.015033379197120667,0.00013778616266790777
9738,0.021674301475286484,0.005263383965939283,0.01503316592425108,0.00013777526328340173
9739,0.02167394757270813,0.005263274535536766,0.015033001080155373,0.00013776718697044998
9740,0.021673519164323807,0.005263160448521376,0.01503274217247963,0.0001377615553792566
9741,0.02167316898703575,0.005263044964522123,0.015032604336738586,0.00013775198021903634
9742,0.021672742441296577,0.005262935999780893,0.015032388269901276,0.00013774189574178308
9743,0.02167239971458912,0.0052628242410719395,0.015032180584967136,0.00013773945102002472
9744,0.021671995520591736,0.005262718535959721,0.015031998977065086,0.00013772767852060497
9745,0.021671654656529427,0.005262611899524927,0.015031839720904827,0.00013772028614766896
9746,0.021671175956726074,0.005262494087219238,0.015031540766358376,0.00013771413068752736
9747,0.021670810878276825,0.00526239350438118,0.015031395480036736,0.00013770224177278578
9748,0.021670369431376457,0.005262273829430342,0.015031138435006142,0.00013769570796284825
9749,0.02167004905641079,0.005262172780930996,0.0150309968739748,0.00013768806820735335
9750,0.02166970632970333,0.005262056831270456,0.015030847862362862,0.00013768026838079095
9751,0.021669333800673485,0.005261946469545364,0.015030667185783386,0.0001376720902044326
9752,0.021668866276741028,0.0052618482150137424,0.01503036916255951,0.00013766503252554685
9753,0.021668516099452972,0.005261724814772606,0.015030245296657085,0.00013765461335424334
9754,0.021668074652552605,0.005261622369289398,0.0150299658998847,0.0001376484869979322
9755,0.02166770026087761,0.005261510610580444,0.0150297861546278,0.00013764032337348908
9756,0.02166731096804142,0.005261396523565054,0.01502961665391922,0.0001376296568196267
9757,0.021666904911398888,0.005261287093162537,0.015029390342533588,0.00013762287562713027
9758,0.02166655659675598,0.00526117580011487,0.015029212459921837,0.0001376168365823105
9759,0.0216661524027586,0.005261064972728491,0.015029039233922958,0.00013760477304458618
9760,0.02166576124727726,0.005260956007987261,0.015028798952698708,0.00013760075671598315
9761,0.021665377542376518,0.005260847508907318,0.015028605237603188,0.00013759246212430298
9762,0.021665044128894806,0.005260740406811237,0.015028510242700577,0.0001375795400235802
9763,0.021664636209607124,0.005260624457150698,0.015028240159153938,0.00013757712440565228
9764,0.02166423387825489,0.0052605136297643185,0.015028066001832485,0.00013756545376963913
9765,0.021663881838321686,0.0052604032680392265,0.015027920715510845,0.0001375558495055884
9766,0.021663445979356766,0.00526029709726572,0.01502760499715805,0.00013755442341789603
9767,0.02166307345032692,0.005260182544589043,0.0150274857878685,0.00013754051178693771
9768,0.021662680432200432,0.005260078236460686,0.01502729021012783,0.00013753115490544587
9769,0.02166224643588066,0.005259963218122721,0.01502698753029108,0.00013752955419477075
9770,0.021661832928657532,0.00525985611602664,0.015026839450001717,0.00013751375081483275
9771,0.021661482751369476,0.005259741097688675,0.015026647597551346,0.00013750939979217947
9772,0.021661099046468735,0.0052596344612538815,0.01502644270658493,0.00013750205107498914
9773,0.021660689264535904,0.005259517580270767,0.015026271343231201,0.0001374900311930105
9774,0.02166040427982807,0.005259412806481123,0.015026139095425606,0.00013748514174949378
9775,0.02165994420647621,0.005259304773062468,0.015025857836008072,0.00013747818593401462
9776,0.02165953814983368,0.005259187892079353,0.015025709755718708,0.00013746395416092128
9777,0.02165919914841652,0.005259085446596146,0.015025487169623375,0.0001374626299366355
9778,0.021658726036548615,0.005258975550532341,0.015025226399302483,0.00013745245814789087
9779,0.021658360958099365,0.005258866120129824,0.015025103464722633,0.00013743912859354168
9780,0.02165793813765049,0.005258750170469284,0.01502479612827301,0.00013743923045694828
9781,0.02165759541094303,0.005258635152131319,0.015024729073047638,0.00013742319424636662
9782,0.021657278761267662,0.005258525256067514,0.015024587512016296,0.00013741671864409
9783,0.0216568224132061,0.005258421413600445,0.015024242922663689,0.00013741599104832858
9784,0.021656356751918793,0.005258303601294756,0.015024099498987198,0.00013739540008828044
9785,0.021656017750501633,0.00525819044560194,0.01502387598156929,0.0001373949635308236
9786,0.021655716001987457,0.005258089397102594,0.015023745596408844,0.00013738805137109011
9787,0.02165522798895836,0.0052579655312001705,0.015023534186184406,0.00013737283006776124
9788,0.02165493555366993,0.005257863085716963,0.015023380517959595,0.00013736917753703892
9789,0.021654456853866577,0.005257755517959595,0.015023097395896912,0.00013736043183598667
9790,0.02165406569838524,0.005257636308670044,0.015022944658994675,0.00013734841195400804
9791,0.02165372483432293,0.005257537122815847,0.015022710897028446,0.000137347771669738
9792,0.021653303876519203,0.005257417447865009,0.015022555366158485,0.00013733301602769643
9793,0.021652881056070328,0.005257301963865757,0.015022337436676025,0.0001373242266708985
9794,0.021652523428201675,0.005257199518382549,0.015022097155451775,0.00013732285879086703
9795,0.021652135998010635,0.005257090087980032,0.015021998435258865,0.00013730479986406863
9796,0.021651729941368103,0.005256975535303354,0.015021732077002525,0.00013730229693464935
9797,0.021651355549693108,0.0052568684332072735,0.015021538361907005,0.00013729480269830674
9798,0.021650956943631172,0.005256750620901585,0.01502140797674656,0.00013727974146604538
9799,0.021650569513440132,0.005256639327853918,0.01502112578600645,0.00013728043995797634
9800,0.02165020816028118,0.005256535019725561,0.015020998194813728,0.00013726747420150787
9801,0.021649746224284172,0.005256415344774723,0.015020785853266716,0.00013725449389312416
9802,0.02164940908551216,0.005256313364952803,0.015020526945590973,0.00013725679309573025
9803,0.021648969501256943,0.005256201606243849,0.015020406804978848,0.0001372362021356821
9804,0.02164858765900135,0.005256094038486481,0.015020137652754784,0.00013723567826673388
9805,0.02164819836616516,0.005255980882793665,0.015019966289401054,0.0001372252154396847
9806,0.021647781133651733,0.005255869589745998,0.015019782818853855,0.00013721277355216444
9807,0.021647436544299126,0.00525576202198863,0.015019526705145836,0.00013721466530114412
9808,0.02164706215262413,0.005255648400634527,0.015019465237855911,0.000137194903800264
9809,0.02164667658507824,0.005255537573248148,0.015019236132502556,0.00013719030539505184
9810,0.021646272391080856,0.005255428608506918,0.015018976293504238,0.00013718681293539703
9811,0.021645860746502876,0.0052553159184753895,0.015018856152892113,0.00013716898683924228
9812,0.02164546772837639,0.0052552009001374245,0.015018578618764877,0.00013716885587200522
9813,0.021645065397024155,0.005255094729363918,0.015018414705991745,0.00013715552631765604
9814,0.021644705906510353,0.005254984833300114,0.015018243342638016,0.00013714788656216115
9815,0.02164429984986782,0.00525487307459116,0.015018007718026638,0.00013714187662117183
9816,0.021643923595547676,0.005254761781543493,0.015017891302704811,0.00013712697545997798
9817,0.02164355292916298,0.005254650488495827,0.015017639845609665,0.00013712618965655565
9818,0.021643072366714478,0.005254533141851425,0.015017405152320862,0.0001371134421788156
9819,0.02164270542562008,0.005254427902400494,0.01501724123954773,0.00013710351777262986
9820,0.021642334759235382,0.005254311952739954,0.015017017722129822,0.00013710049097426236
9821,0.02164197899401188,0.005254200194031,0.015016922727227211,0.0001370856334688142
9822,0.02164156548678875,0.005254096817225218,0.015016652643680573,0.0001370815880363807
9823,0.021641183644533157,0.005253984592854977,0.015016513876616955,0.00013706857862416655
9824,0.021640734747052193,0.0052538709715008736,0.015016240999102592,0.00013706226309295744
9825,0.021640382707118988,0.0052537634037435055,0.015016056597232819,0.00013705626770388335
9826,0.021639931946992874,0.005253651179373264,0.015015868470072746,0.0001370411046082154
9827,0.021639596670866013,0.005253536161035299,0.015015676617622375,0.0001370383834000677
9828,0.02163921296596527,0.005253427196294069,0.015015514567494392,0.00013702725118491799
9829,0.02163875475525856,0.005253317765891552,0.015015260316431522,0.00013701758871320635
9830,0.021638335660099983,0.005253202747553587,0.015015007928013802,0.0001370124373352155
9831,0.021637998521327972,0.0052530900575220585,0.015014919452369213,0.0001369988895021379
9832,0.021637653931975365,0.00525298435240984,0.015014711767435074,0.00013699583359993994
9833,0.021637175232172012,0.0052528721280395985,0.01501448079943657,0.0001369823148706928
9834,0.021636826917529106,0.0052527557127177715,0.015014318749308586,0.00013697516988031566
9835,0.021636443212628365,0.00525264535099268,0.015014108270406723,0.00013696911628358066
9836,0.02163606695830822,0.005252532660961151,0.015013977885246277,0.0001369555975543335
9837,0.021635646000504494,0.005252422299236059,0.015013711526989937,0.00013695115922018886
9838,0.021635249257087708,0.005252314265817404,0.015013523399829865,0.00013694106019102037
9839,0.02163483202457428,0.005252201110124588,0.015013320371508598,0.00013693100481759757
9840,0.021634461358189583,0.0052520944736897945,0.015013106167316437,0.00013692601351067424
9841,0.021634073927998543,0.005251979921013117,0.015012983232736588,0.00013691109779756516
9842,0.021633652970194817,0.005251865368336439,0.015012706629931927,0.00013690812920685858
9843,0.021633245050907135,0.005251753143966198,0.015012533403933048,0.0001368958764942363
9844,0.021632958203554153,0.005251642782241106,0.015012438409030437,0.00013688759645447135
9845,0.021632501855492592,0.0052515375427901745,0.015012150630354881,0.00013688128092326224
9846,0.021632101386785507,0.005251422058790922,0.015012001618742943,0.00013686779129784554
9847,0.021631740033626556,0.005251310300081968,0.015011806041002274,0.00013686239253729582
9848,0.02163134142756462,0.00525119761005044,0.015011614188551903,0.00013685302110388875
9849,0.021630913019180298,0.005251087248325348,0.015011396259069443,0.00013684300938621163
9850,0.021630484610795975,0.005250976420938969,0.015011146664619446,0.0001368363300571218
9851,0.021630147472023964,0.005250860936939716,0.015011029317975044,0.00013682563439942896
9852,0.021629733964800835,0.005250754300504923,0.015010788105428219,0.00013681905693374574
9853,0.02162935398519039,0.005250637419521809,0.015010619536042213,0.00013680962729267776
9854,0.021628936752676964,0.005250527989119291,0.015010424889624119,0.00013679848052561283
9855,0.021628543734550476,0.0052504162304103374,0.01501019112765789,0.00013679356197826564
9856,0.021628139540553093,0.005250306334346533,0.015010062605142593,0.0001367769727949053
9857,0.02162778005003929,0.005250196438282728,0.015009792521595955,0.00013677899551112205
9858,0.02162742242217064,0.005250085145235062,0.015009738504886627,0.00013675980153493583
9859,0.021626943722367287,0.005249975249171257,0.01500939205288887,0.0001367575750919059
9860,0.021626468747854233,0.005249859299510717,0.015009146183729172,0.00013674632646143436
9861,0.021626146510243416,0.005249748472124338,0.015009051188826561,0.0001367348013445735
9862,0.021625829860568047,0.005249631591141224,0.015008872374892235,0.00013673253124579787
9863,0.021625464782118797,0.005249524023383856,0.015008790418505669,0.00013671506894752383
9864,0.021624945104122162,0.005249406676739454,0.015008393675088882,0.00013671450142282993
9865,0.02162461169064045,0.005249300040304661,0.015008300542831421,0.0001367012009723112
9866,0.021624095737934113,0.00524918781593442,0.015008000656962395,0.00013669072359334677
9867,0.021623771637678146,0.00524907698854804,0.01500781811773777,0.0001366876531392336
9868,0.021623339504003525,0.005248968955129385,0.015007656067609787,0.00013667142775375396
9869,0.021623050794005394,0.005248864181339741,0.01500747725367546,0.00013667107850778848
9870,0.02162262052297592,0.005248734261840582,0.015007350593805313,0.00013665361620951444
9871,0.021622253581881523,0.005248629953712225,0.015007127076387405,0.0001366495998809114
9872,0.021621834486722946,0.005248512141406536,0.015006927773356438,0.0001366394862998277
9873,0.021621420979499817,0.005248404573649168,0.015006743371486664,0.00013662718993145972
9874,0.021621037274599075,0.0052482993341982365,0.01500648818910122,0.0001366250216960907
9875,0.021620582789182663,0.0052481829188764095,0.015006313100457191,0.0001366087089991197
9876,0.021620256826281548,0.0052480692975223064,0.015006143599748611,0.00013660443073604256
9877,0.021619856357574463,0.005247955210506916,0.015005949884653091,0.0001365952630294487
9878,0.021619422361254692,0.005247839260846376,0.015005765482783318,0.00013658186071552336
9879,0.02161906287074089,0.005247735418379307,0.015005547553300858,0.000136578077217564
9880,0.021618593484163284,0.005247617140412331,0.015005350112915039,0.00013656266673933715
9881,0.02161824330687523,0.005247510503977537,0.015005119144916534,0.00013656132796313614
9882,0.02161790058016777,0.0052474006079137325,0.015005035325884819,0.00013654639769811183
9883,0.0216174628585577,0.005247288383543491,0.015004795044660568,0.00013653810310643166
9884,0.02161700278520584,0.005247170105576515,0.015004505403339863,0.0001365326897939667
9885,0.021616628393530846,0.005247056949883699,0.015004400163888931,0.0001365170901408419
9886,0.021616235375404358,0.005246944725513458,0.015004131942987442,0.0001365158095723018
9887,0.02161586470901966,0.005246834829449654,0.01500405091792345,0.00013649782340507954
9888,0.021615423262119293,0.00524672819301486,0.015003722161054611,0.00013649725588038564
9889,0.02161504328250885,0.005246610380709171,0.015003614127635956,0.0001364820054732263
9890,0.021614601835608482,0.005246496293693781,0.015003344044089317,0.0001364761556033045
9891,0.021614253520965576,0.005246385000646114,0.015003208070993423,0.00013646592560689896
9892,0.021613862365484238,0.005246269982308149,0.015003049746155739,0.00013645415310747921
9893,0.0216134712100029,0.005246168468147516,0.01500280387699604,0.00013644987484440207
9894,0.021613065153360367,0.005246051121503115,0.015002626925706863,0.00013643868442159146
9895,0.02161264419555664,0.005245937500149012,0.015002410858869553,0.00013642969133798033
9896,0.0216122604906559,0.005245822481811047,0.015002249740064144,0.00013641883560921997
9897,0.021611832082271576,0.005245711654424667,0.015001991763710976,0.0001364128547720611
9898,0.02161143720149994,0.005245600361377001,0.015001816675066948,0.00013640204269904643
9899,0.021611083298921585,0.005245487671345472,0.015001662075519562,0.00013639328244607896
9900,0.02161070890724659,0.005245371256023645,0.015001537278294563,0.0001363801275147125
9901,0.02161027491092682,0.005245261825621128,0.015001232735812664,0.00013637810479849577
9902,0.02160988748073578,0.005245152395218611,0.015001112595200539,0.00013636212679557502
9903,0.021609485149383545,0.005245039705187082,0.015000872313976288,0.0001363573392154649
9904,0.021609077230095863,0.00524492934346199,0.015000678598880768,0.0001363469345960766
9905,0.021608615294098854,0.005244809668511152,0.015000447630882263,0.0001363358023809269
9906,0.021608278155326843,0.005244703497737646,0.01500026136636734,0.0001363313349429518
9907,0.02160796709358692,0.00524458521977067,0.015000222250819206,0.00013631592446472496
9908,0.021607404574751854,0.00524447625502944,0.01499980129301548,0.00013631272304337472
9909,0.021607056260108948,0.0052443603053689,0.014999720267951488,0.00013629748718813062
9910,0.021606728434562683,0.005244252737611532,0.014999542385339737,0.00013629329623654485
9911,0.021606210619211197,0.005244133062660694,0.014999272301793098,0.00013628046144731343
9912,0.021605925634503365,0.005244021769613028,0.014999181032180786,0.00013627225416712463
9913,0.02160552330315113,0.0052439202554523945,0.01499895378947258,0.0001362650509690866
9914,0.02160516194999218,0.005243796389549971,0.014998862519860268,0.00013625020801555365
9915,0.021604731678962708,0.005243684630841017,0.01499856449663639,0.00013624830171465874
9916,0.021604256704449654,0.005243571009486914,0.014998368918895721,0.00013623156701214612
9917,0.02160390466451645,0.00524345925077796,0.014998160302639008,0.00013622836559079587
9918,0.021603494882583618,0.005243348423391581,0.014998000115156174,0.00013621471589431167
9919,0.021603010594844818,0.005243232008069754,0.014997703954577446,0.0001362074544886127
9920,0.021602660417556763,0.005243117921054363,0.014997569844126701,0.00013619742821902037
9921,0.021602315828204155,0.005243006162345409,0.014997432008385658,0.00013618792581837624
9922,0.02160189487040043,0.005242893472313881,0.014997219666838646,0.00013617824879474938
9923,0.021601436659693718,0.005242783110588789,0.01499696634709835,0.0001361686154268682
9924,0.021601099520921707,0.0052426652982831,0.014996820129454136,0.00013616141222883016
9925,0.02160075679421425,0.005242560058832169,0.014996717683970928,0.00013614787894766778
9926,0.02160031720995903,0.005242447834461927,0.01499643549323082,0.00013614330964628607
9927,0.021599892526865005,0.0052423314191401005,0.014996259473264217,0.0001361300965072587
9928,0.02159949764609337,0.005242213141173124,0.0149960583075881,0.00013612267503049225
9929,0.021599115803837776,0.005242102779448032,0.014995882287621498,0.0001361130125587806
9930,0.021598730236291885,0.005241990089416504,0.014995699748396873,0.00013610400492325425
9931,0.021598270162940025,0.005241881590336561,0.01499546505510807,0.00013609229063149542
9932,0.021597839891910553,0.005241771694272757,0.014995221979916096,0.00013608462177217007
9933,0.02159750461578369,0.005241655744612217,0.01499507762491703,0.00013607701112050563
9934,0.021597087383270264,0.005241538863629103,0.014994936995208263,0.00013606116408482194
9935,0.021596720442175865,0.005241429898887873,0.014994695782661438,0.00013605957792606205
9936,0.021596258506178856,0.005241311155259609,0.014994518831372261,0.00013604295963887125
9937,0.021595828235149384,0.0052412026561796665,0.014994213357567787,0.00013604119885712862
9938,0.021595444530248642,0.005241094622761011,0.01499413326382637,0.00013602178660221398
9939,0.021595073863863945,0.0052409786731004715,0.014993865042924881,0.0001360230235150084
9940,0.02159467339515686,0.005240860860794783,0.014993757009506226,0.00013600556121673435
9941,0.021594244986772537,0.005240749102085829,0.01499350555241108,0.00013599904195871204
9942,0.021593913435935974,0.005240635946393013,0.014993377029895782,0.0001359900488751009
9943,0.021593498066067696,0.005240520928055048,0.014993205666542053,0.0001359772140858695
9944,0.021593056619167328,0.005240403115749359,0.014992932789027691,0.00013597201905213296
9945,0.021592704579234123,0.005240296479314566,0.01499282568693161,0.00013595819473266602
9946,0.021592197939753532,0.005240177270025015,0.014992501586675644,0.0001359517773380503
9947,0.02159181982278824,0.0052400738932192326,0.014992348849773407,0.00013593980111181736
9948,0.021591471508145332,0.005239954683929682,0.014992188662290573,0.00013593287440016866
9949,0.021591048687696457,0.005239841993898153,0.014991993084549904,0.00013592121831607074
9950,0.02159060724079609,0.005239724647253752,0.014991765841841698,0.00013591167225968093
9951,0.021590283140540123,0.005239614751189947,0.01499161310493946,0.00013590551679953933
9952,0.021589823067188263,0.005239499267190695,0.014991422183811665,0.00013589014997705817
9953,0.02158937230706215,0.005239391233772039,0.014991131611168385,0.00013588494039140642
9954,0.021589050069451332,0.005239266436547041,0.014991069212555885,0.00013587131979875267
9955,0.021588657051324844,0.005239162594079971,0.014990806579589844,0.00013586883142124861
9956,0.021588217467069626,0.005239041987806559,0.014990679919719696,0.0001358496374450624
9957,0.021587874740362167,0.005238939076662064,0.014990443363785744,0.000135849229991436
9958,0.021587342023849487,0.0052388194017112255,0.014990201219916344,0.00013583210238721222
9959,0.021587029099464417,0.005238703917711973,0.014990046620368958,0.0001358278386760503
9960,0.02158660627901554,0.005238584242761135,0.014989892020821571,0.0001358130684820935
9961,0.02158622071146965,0.0052384804002940655,0.014989687129855156,0.0001358052104478702
9962,0.021585829555988312,0.005238366778939962,0.014989469200372696,0.00013579922961071134
9963,0.02158539742231369,0.005238253157585859,0.01498931273818016,0.00013578309153672308
9964,0.0215850118547678,0.00523814233019948,0.014989059418439865,0.00013578114158008248
9965,0.02158457040786743,0.005238022189587355,0.014988928101956844,0.0001357620203634724
9966,0.02158423513174057,0.005237908568233252,0.014988686889410019,0.00013576383935287595
9967,0.02158379927277565,0.005237791687250137,0.01498858816921711,0.00013574192416854203
9968,0.021583352237939835,0.005237683188170195,0.014988253824412823,0.00013574166223406792
9969,0.021583016961812973,0.005237563978880644,0.014988195151090622,0.000135725800646469
9970,0.021582528948783875,0.005237450357526541,0.014987877570092678,0.00013572022726293653
9971,0.0215822234749794,0.005237341858446598,0.014987818896770477,0.00013570638839155436
9972,0.021581703796982765,0.005237224977463484,0.014987491071224213,0.00013569880684372038
9973,0.021581368520855904,0.005237111356109381,0.014987355098128319,0.00013569023576565087
9974,0.02158099040389061,0.005236992612481117,0.014987224712967873,0.00013567735732067376
9975,0.0215805321931839,0.0052368794567883015,0.01498696394264698,0.00013566894631367177
9976,0.021580113098025322,0.005236777942627668,0.014986740425229073,0.00013565944391302764
9977,0.02157965674996376,0.005236648954451084,0.014986518770456314,0.0001356490101898089
9978,0.02157931961119175,0.0052365390583872795,0.014986387453973293,0.00013563933316618204
9979,0.021578922867774963,0.005236425902694464,0.014986194670200348,0.00013563015090767294
9980,0.021578473970294,0.0052363136783242226,0.014985961839556694,0.00013561973173636943
9981,0.02157812938094139,0.005236202385276556,0.014985822141170502,0.0001356104767182842
9982,0.0215776227414608,0.005236078519374132,0.014985565096139908,0.00013559803483076394
9983,0.021577300503849983,0.0052359746769070625,0.014985404908657074,0.00013559215585701168
9984,0.021576883271336555,0.005235857330262661,0.014985239133238792,0.00013557885540649295
9985,0.02157645858824253,0.005235740449279547,0.014984996989369392,0.00013557214697357267
9986,0.02157607488334179,0.0052356296218931675,0.014984875917434692,0.00013555691111832857
9987,0.0215756855905056,0.005235512275248766,0.014984628185629845,0.00013555462646763772
9988,0.02157527580857277,0.005235397722572088,0.01498452015221119,0.00013553582539316267
9989,0.021574806421995163,0.0052352892234921455,0.014984164386987686,0.00013553534517996013
9990,0.02157443016767502,0.005235167685896158,0.01498410478234291,0.00013551581650972366
9991,0.02157406322658062,0.005235058255493641,0.014983830973505974,0.00013551725714933127
9992,0.021573711186647415,0.005234934389591217,0.01498384028673172,0.000135493726702407
9993,0.021573254838585854,0.005234823562204838,0.014983455650508404,0.0001354975684080273
9994,0.02157280407845974,0.005234701093286276,0.01498335413634777,0.00013547478010877967
9995,0.021572405472397804,0.005234595853835344,0.014983052387833595,0.00013547578419093043
9996,0.021571995690464973,0.005234481301158667,0.014982949942350388,0.00013545637193601578
9997,0.02157161757349968,0.005234369542449713,0.014982717111706734,0.00013545302499551326
9998,0.021571187302470207,0.005234252195805311,0.014982524327933788,0.00013544117973651737
9999,0.021570736542344093,0.005234133917838335,0.014982322230935097,0.0001354281121166423
