epoch,total,ic,bc,pde
0,0.7951985001564026,0.5955946445465088,0.04895717650651932,0.030129339545965195
1,0.660830557346344,0.5688463449478149,0.02355062961578369,0.013686717487871647
2,0.5698533058166504,0.5409116148948669,0.00784250721335411,0.004219843074679375
3,0.5155072212219238,0.5121031999588013,0.0008175777038559318,0.000517289328854531
4,0.4879976511001587,0.4830033779144287,0.001489354413934052,0.0007009858381934464
5,0.47708413004875183,0.4549398124217987,0.009038947522640228,0.002621074439957738
6,0.47432756423950195,0.4292099177837372,0.02235356718301773,0.004552816040813923
7,0.47427356243133545,0.40668392181396484,0.03993850573897362,0.005530227907001972
8,0.47450223565101624,0.3877428472042084,0.06004482880234718,0.005342913791537285
9,0.4746944308280945,0.3724119961261749,0.08073646575212479,0.004309197422116995
10,0.4753822088241577,0.36056825518608093,0.09993070363998413,0.0029766475781798363
11,0.4769291579723358,0.3520978093147278,0.11557389795780182,0.0018514939583837986
12,0.4789638817310333,0.3469165563583374,0.1259722113609314,0.001215025084093213
13,0.4804464280605316,0.3448886275291443,0.13019438087940216,0.0010726890759542584
14,0.4802660644054413,0.34575703740119934,0.12831822037696838,0.0012381630949676037
15,0.4778541028499603,0.34915047883987427,0.12131317704916,0.0014780882047489285
16,0.4733980894088745,0.3546350598335266,0.11065319180488586,0.0016219703247770667
17,0.46767252683639526,0.36175572872161865,0.0979122668504715,0.001600912306457758
18,0.4617063105106354,0.37005165219306946,0.08448562026023865,0.001433808822184801
19,0.45645958185195923,0.37905964255332947,0.07144641876220703,0.0011907037114724517
20,0.4525974988937378,0.38832277059555054,0.059507668018341064,0.0009534145938232541
21,0.45038992166519165,0.39740920066833496,0.04905940219759941,0.0007842639461159706
22,0.4497241973876953,0.40593376755714417,0.040247414261102676,0.0007086068508215249
23,0.45019978284835815,0.4135732054710388,0.03305899351835251,0.0007135180640034378
24,0.45127564668655396,0.42007675766944885,0.027395807206630707,0.0007606130093336105
25,0.452433317899704,0.425273060798645,0.02312956005334854,0.0008061387925408781
26,0.4533056616783142,0.42907223105430603,0.020137974992394447,0.0008190955268219113
27,0.4537297785282135,0.43145978450775146,0.01831822842359543,0.0007903499063104391
28,0.45371848344802856,0.43248429894447327,0.017578979954123497,0.0007310377550311387
29,0.4533795118331909,0.432241290807724,0.0178205743432045,0.0006635325262323022
30,0.45282965898513794,0.4308600127696991,0.018917923793196678,0.0006103482446633279
31,0.4521421194076538,0.4284954369068146,0.020718522369861603,0.0005856308271177113
32,0.4513412415981293,0.4253244996070862,0.023057913407683372,0.000591765099670738
33,0.4504319131374359,0.421543151140213,0.025782611221075058,0.000621229293756187
34,0.4494367837905884,0.4173603057861328,0.028766917064785957,0.0006619112682528794
35,0.4484190046787262,0.41298770904541016,0.031915828585624695,0.0007030894630588591
36,0.44748011231422424,0.40862777829170227,0.03515508025884628,0.0007394463173113763
37,0.44673413038253784,0.4044610559940338,0.03841446340084076,0.0007717248518019915
38,0.4462699890136719,0.4006371796131134,0.04161114990711212,0.0008043276611715555
39,0.44611579179763794,0.397269070148468,0.0446392185986042,0.0008414961630478501
40,0.4462226629257202,0.39443185925483704,0.04737014323472977,0.0008841306553222239
41,0.4464755654335022,0.39216628670692444,0.04966559261083603,0.0009287371067330241
42,0.4467287063598633,0.3904848098754883,0.051399920135736465,0.0009687969577498734
43,0.44685301184654236,0.3893800973892212,0.05248467996716499,0.0009976420551538467
44,0.44677358865737915,0.3888307511806488,0.052886392921209335,0.0010112853487953544
45,0.4464854896068573,0.3888048231601715,0.052631400525569916,0.0010098491329699755
46,0.44604331254959106,0.3892606198787689,0.05179730802774429,0.0009970797691494226
47,0.4455324113368988,0.3901449739933014,0.05049527436494827,0.0009784316644072533
48,0.4450361430644989,0.3913920521736145,0.0488499291241169,0.0009588282555341721
49,0.4446110725402832,0.39292266964912415,0.04698250815272331,0.000941179518122226
50,0.44427770376205444,0.39464572072029114,0.045000992715358734,0.000926195818465203
51,0.4440256655216217,0.3964614272117615,0.04299771413207054,0.0009133030544035137
52,0.4438284933567047,0.39826658368110657,0.04105222225189209,0.0009019375429488719
53,0.4436586797237396,0.39996063709259033,0.039235860109329224,0.000892435375135392
54,0.4434967637062073,0.40145179629325867,0.037614606320858,0.000886068562977016
55,0.44333237409591675,0.4026621878147125,0.03624860942363739,0.0008843209943734109
56,0.44316017627716064,0.40353190898895264,0.0351887121796608,0.000887909671291709
57,0.44297417998313904,0.4040217399597168,0.034471698105335236,0.000896151817869395
58,0.4427660405635834,0.40411439538002014,0.034116409718990326,0.0009070475352928042
59,0.4425268769264221,0.4038149118423462,0.03412182256579399,0.0009180318447761238
60,0.4422520697116852,0.40314972400665283,0.034467436373233795,0.0009269849397242069
61,0.44194498658180237,0.40216484665870667,0.03511520475149155,0.0009329864988103509
62,0.44161736965179443,0.4009226858615875,0.036012373864650726,0.0009364618454128504
63,0.4412856698036194,0.399497926235199,0.03709422051906586,0.0009387038298882544
64,0.4409646689891815,0.3979721963405609,0.038287095725536346,0.0009410714264959097
65,0.4406622052192688,0.3964288532733917,0.03951186686754227,0.0009442980517633259
66,0.4403764009475708,0.3949466347694397,0.040688566863536835,0.0009482404566369951
67,0.4400974214076996,0.3935947120189667,0.04174211621284485,0.0009521205211058259
68,0.43981218338012695,0.3924282491207123,0.04260864108800888,0.0009550585527904332
69,0.4395093321800232,0.3914852440357208,0.04324132204055786,0.0009565518121235073
70,0.4391828775405884,0.3907853662967682,0.043614357709884644,0.0009566320804879069
71,0.43883243203163147,0.39032959938049316,0.04372459650039673,0.0009556485456414521
72,0.4384613633155823,0.39010199904441833,0.04359012097120285,0.0009538486483506858
73,0.4380737841129303,0.3900720477104187,0.0432465597987175,0.0009510326199233532
74,0.43767237663269043,0.39019787311553955,0.04274197295308113,0.0009465024922974408
75,0.4372577965259552,0.39043018221855164,0.042130958288908005,0.0009393352665938437
76,0.43682965636253357,0.3907162547111511,0.04146929085254669,0.0009288270375691354
77,0.4363873302936554,0.39100366830825806,0.0408092737197876,0.0009148751851171255
78,0.4359305799007416,0.39124390482902527,0.040196217596530914,0.0008980942075140774
79,0.4354594051837921,0.39139503240585327,0.03966621682047844,0.0008796321926638484
80,0.4349730312824249,0.3914240300655365,0.03924502432346344,0.0008607922936789691
81,0.4344692528247833,0.3913079500198364,0.038948044180870056,0.0008426503627561033
82,0.4339445233345032,0.391034334897995,0.03878102824091911,0.000825833878479898
83,0.43339481949806213,0.39060088992118835,0.0387413464486599,0.0008105139713734388
84,0.4328168034553528,0.3900146782398224,0.03881935030221939,0.0007965571130625904
85,0.43220898509025574,0.38929063081741333,0.038999807089567184,0.0007837121956981719
86,0.4315715432167053,0.38844987750053406,0.0392630472779274,0.000771723804064095
87,0.43090566992759705,0.3875179588794708,0.03958601504564285,0.0007603405974805355
88,0.4302126169204712,0.38652291893959045,0.03994342312216759,0.0007492536096833646
89,0.4294922947883606,0.3854932487010956,0.040308840572834015,0.0007380434544757009
90,0.42874351143836975,0.38445645570755005,0.04065605252981186,0.0007261995342560112
91,0.42796388268470764,0.3834371566772461,0.040960632264614105,0.0007132167229428887
92,0.42715054750442505,0.38245540857315063,0.04120149463415146,0.0006987271481193602
93,0.42630112171173096,0.38152578473091125,0.04136231541633606,0.0006826020544394851
94,0.42541375756263733,0.380655974149704,0.04143289476633072,0.0006649767165072262
95,0.42448726296424866,0.379846453666687,0.04140985757112503,0.0006461921148002148
96,0.42352092266082764,0.3790903091430664,0.041297122836112976,0.0006266921991482377
97,0.4225139319896698,0.3783736824989319,0.04110565036535263,0.00060691824182868
98,0.4214654564857483,0.37767666578292847,0.04085260629653931,0.0005872392212040722
99,0.4203745424747467,0.37697502970695496,0.04055987671017647,0.0005679274909198284
100,0.41923987865448,0.3762419819831848,0.04025207459926605,0.0005491634947247803
101,0.41806015372276306,0.3754507899284363,0.039954133331775665,0.0005310499691404402
102,0.4168338179588318,0.3745768666267395,0.039688825607299805,0.000513624690938741
103,0.41555896401405334,0.3736001253128052,0.0394744873046875,0.0004968674038536847
104,0.4142337739467621,0.3725070655345917,0.039323143661022186,0.000480710034025833
105,0.41285672783851624,0.3712920546531677,0.03923937678337097,0.0004650575574487448
106,0.4114263653755188,0.3699573576450348,0.03921995311975479,0.0004498112539295107
107,0.40994206070899963,0.368513286113739,0.03925430029630661,0.0004348918446339667
108,0.40840333700180054,0.36697638034820557,0.03932572156190872,0.0004202504933346063
109,0.40681004524230957,0.3653673529624939,0.03941335529088974,0.0004058679041918367
110,0.40516197681427,0.36370864510536194,0.03949460759758949,0.0003917428257409483
111,0.40345877408981323,0.3620215058326721,0.039547864347696304,0.00037788250483572483
112,0.4017001688480377,0.3603234887123108,0.039555177092552185,0.0003642969240900129
113,0.39988580346107483,0.3586263656616211,0.039504434913396835,0.00035099973320029676
114,0.39801570773124695,0.3569348156452179,0.039390817284584045,0.0003380115667823702
115,0.3960900902748108,0.3552461862564087,0.03921709582209587,0.0003253640024922788
116,0.3941096067428589,0.35355105996131897,0.03899303451180458,0.0003131017729174346
117,0.3920750617980957,0.3518350422382355,0.03873361274600029,0.0003012848610524088
118,0.38998737931251526,0.350080668926239,0.03845672309398651,0.0002899938845075667
119,0.38784733414649963,0.3482702076435089,0.038180429488420486,0.0002793350431602448
120,0.3856559693813324,0.3463882505893707,0.03792048990726471,0.0002694422146305442
121,0.3834143579006195,0.34442365169525146,0.03768834471702576,0.0002604724431876093
122,0.3811239004135132,0.34237122535705566,0.037489715963602066,0.00025259220274165273
123,0.37878599762916565,0.3402319550514221,0.03732426464557648,0.0002459600509610027
124,0.37640252709388733,0.33801278471946716,0.037186186760663986,0.00024071187363006175
125,0.37397530674934387,0.3357250988483429,0.03706543520092964,0.00023695288109593093
126,0.37150630354881287,0.33338287472724915,0.036949627101421356,0.00023475856869481504
127,0.3689974248409271,0.3310002386569977,0.03682629019021988,0.00023418141063302755
128,0.36645054817199707,0.3285894989967346,0.0366847887635231,0.00023525611322838813
129,0.36386749148368835,0.3261595070362091,0.03651798516511917,0.00023800216149538755
130,0.3612499535083771,0.3237147331237793,0.03632309287786484,0.00024242306244559586
131,0.3585995137691498,0.32125523686408997,0.03610175848007202,0.0002485064906068146
132,0.35591769218444824,0.31877729296684265,0.03585924208164215,0.00025622660177759826
133,0.3532056212425232,0.3162747323513031,0.035603150725364685,0.00026554829673841596
134,0.35046452283859253,0.3137405216693878,0.03534186631441116,0.0002764296077657491
135,0.34769541025161743,0.3111684024333954,0.03508291393518448,0.00028881742036901414
136,0.3448989987373352,0.3085539638996124,0.03483185917139053,0.00030263836379162967
137,0.3420759439468384,0.3058953285217285,0.034591663628816605,0.0003177880425937474
138,0.33922654390335083,0.3031933307647705,0.03436257317662239,0.000334124022629112
139,0.33635106682777405,0.3004510700702667,0.03414265066385269,0.0003514681593514979
140,0.3334495425224304,0.29767292737960815,0.03392855450510979,0.0003696154453791678
141,0.3305220305919647,0.2948637306690216,0.03371656313538551,0.00038834704901091754
142,0.3275682330131531,0.2920278012752533,0.03350324183702469,0.0004074407333973795
143,0.32458820939064026,0.28916868567466736,0.033286117017269135,0.00042667932575568557
144,0.32158157229423523,0.2862885296344757,0.03306375816464424,0.00044585729483515024
145,0.3185480833053589,0.2833883762359619,0.03283575549721718,0.0004647888708859682
146,0.3154875338077545,0.28046858310699463,0.032602373510599136,0.00048331680591218174
147,0.3123997747898102,0.2775289714336395,0.03236420080065727,0.0005013220361433923
148,0.30928462743759155,0.27456915378570557,0.03212185204029083,0.0005187293863855302
149,0.3061421513557434,0.27158862352371216,0.03187599033117294,0.0005355080356821418
150,0.3029724359512329,0.2685869336128235,0.03162718936800957,0.0005516674718819559
151,0.299775630235672,0.2655632197856903,0.03137616440653801,0.0005672508850693703
152,0.2965518832206726,0.26251643896102905,0.031123798340559006,0.000582328939344734
153,0.29330164194107056,0.25944551825523376,0.030871141701936722,0.0005969926714897156
154,0.29002514481544495,0.25634926557540894,0.030619140714406967,0.0006113476702012122
155,0.2867228388786316,0.25322699546813965,0.030368339270353317,0.0006255052285268903
156,0.2833951711654663,0.2500787675380707,0.030118528753519058,0.0006395772797986865
157,0.28004252910614014,0.24690556526184082,0.02986859530210495,0.0006536697037518024
158,0.27666521072387695,0.2437092363834381,0.029616549611091614,0.0006678791251033545
159,0.27326351404190063,0.2404920905828476,0.029359962791204453,0.000682293321006
160,0.2698378264904022,0.23725637793540955,0.029096482321619987,0.0006969909882172942
161,0.26638826727867126,0.23400354385375977,0.028824511915445328,0.0007120421505533159
162,0.2629150450229645,0.23073388636112213,0.02854365110397339,0.0007275071693584323
163,0.2594183683395386,0.22744634747505188,0.028254827484488487,0.0007434373837895691
164,0.2558983266353607,0.22413884103298187,0.027960114181041718,0.0007598738884553313
165,0.2523551285266876,0.22080889344215393,0.027661986649036407,0.0007768500945530832
166,0.24878904223442078,0.2174544781446457,0.027362603694200516,0.0007943927776068449
167,0.24520047008991241,0.2140747755765915,0.027063054963946342,0.0008125282474793494
168,0.24158988893032074,0.21067053079605103,0.026762934401631355,0.0008312840946018696
169,0.23795795440673828,0.20724399387836456,0.026460478082299232,0.0008506951853632927
170,0.2343055009841919,0.2037983238697052,0.026153143495321274,0.0008708055247552693
171,0.23063357174396515,0.20033682882785797,0.02583838440477848,0.0008916703518480062
172,0.22694328427314758,0.19686199724674225,0.025514516979455948,0.0009133536368608475
173,0.22323596477508545,0.19337502121925354,0.02518131583929062,0.0009359243558719754
174,0.21951307356357574,0.1898757964372635,0.02484002336859703,0.0009594507282599807
175,0.21577616035938263,0.1863633245229721,0.024492871016263962,0.0009839932899922132
176,0.212026908993721,0.182836651802063,0.024142254143953323,0.001009600586257875
177,0.20826703310012817,0.1792956292629242,0.02378987893462181,0.001036305446177721
178,0.20449839532375336,0.1757415235042572,0.023436255753040314,0.0010641253320500255
179,0.20072300732135773,0.17217712104320526,0.02308056317269802,0.0010930667631328106
180,0.19694297015666962,0.1686062067747116,0.02272110991179943,0.00112312997225672
181,0.1931605488061905,0.16503287851810455,0.022356096655130386,0.0011543164728209376
182,0.18937818706035614,0.16146063804626465,0.021984374150633812,0.0011866355780512094
183,0.18559853732585907,0.15789206326007843,0.02160593494772911,0.0012201067293062806
184,0.1818244457244873,0.15432879328727722,0.02122182957828045,0.0012547633377835155
185,0.1780589073896408,0.1507718861103058,0.020833782851696014,0.0012906474294140935
186,0.17430514097213745,0.1472225934267044,0.02044350653886795,0.0013278056867420673
187,0.1705663502216339,0.14368289709091187,0.020052053034305573,0.0013662810670211911
188,0.16684599220752716,0.14015592634677887,0.01965954899787903,0.001406103721819818
189,0.1631474494934082,0.1366456151008606,0.019265417009592056,0.0014472845941781998
190,0.1594742089509964,0.1331564337015152,0.018868735060095787,0.0014898100635036826
191,0.1558297872543335,0.12969262897968292,0.018468953669071198,0.0015336397336795926
192,0.1522175818681717,0.1262579709291458,0.018066059798002243,0.0015787085285410285
193,0.14864113926887512,0.12285565584897995,0.017660832032561302,0.001624929253011942
194,0.14510393142700195,0.11948850005865097,0.017254455015063286,0.001672195503488183
195,0.14160941541194916,0.1161593422293663,0.016848154366016388,0.0017203837633132935
196,0.13816101849079132,0.1128714382648468,0.01644282042980194,0.0017693510744720697
197,0.1347620040178299,0.10962851345539093,0.016038838773965836,0.0018189322436228395
198,0.13141559064388275,0.10643456876277924,0.015636343508958817,0.0018689354183152318
199,0.1281246691942215,0.1032935380935669,0.01523544080555439,0.001919139758683741
200,0.12489201873540878,0.10020915418863297,0.014836379326879978,0.001969296718016267
201,0.1217200830578804,0.09718465805053711,0.014439744874835014,0.002019135747104883
202,0.11861104518175125,0.09422296285629272,0.014046229422092438,0.002068370347842574
203,0.11556684970855713,0.0913267433643341,0.013656575232744217,0.002116707619279623
204,0.11258915811777115,0.08849861472845078,0.013271279633045197,0.0021638532634824514
205,0.10967936366796494,0.08574105054140091,0.012890747748315334,0.002209513448178768
206,0.10683859139680862,0.08305635303258896,0.012515272945165634,0.002253394341096282
207,0.10406769812107086,0.08044648915529251,0.012145228683948517,0.002295195823535323
208,0.10136717557907104,0.07791310548782349,0.01178099773824215,0.0023346138186752796
209,0.09873727709054947,0.0754576101899147,0.01142297126352787,0.0023713393602520227
210,0.09617792814970016,0.07308117300271988,0.011071441695094109,0.002405062783509493
211,0.09368883818387985,0.07078486680984497,0.010726545937359333,0.0024354844354093075
212,0.09126945585012436,0.06856944411993027,0.010388409718871117,0.002462319564074278
213,0.08891904354095459,0.0664353296160698,0.010057170875370502,0.0024853087961673737
214,0.08663675934076309,0.06438244879245758,0.009733214043080807,0.00250421860255301
215,0.08442157506942749,0.06241031363606453,0.00941701140254736,0.0025188501458615065
216,0.08227239549160004,0.060518182814121246,0.009109008125960827,0.00252904137596488
217,0.08018805086612701,0.05870521068572998,0.008809458464384079,0.0025346758775413036
218,0.07816730439662933,0.0569705069065094,0.008518338203430176,0.002535691950470209
219,0.07620894908905029,0.05531300604343414,0.00823550671339035,0.002532087964937091
220,0.07431184500455856,0.05373135954141617,0.007960829883813858,0.0025239307433366776
221,0.0724748969078064,0.052223771810531616,0.007694368250668049,0.0025113520678132772
222,0.0706971287727356,0.050788067281246185,0.007436321582645178,0.002494548447430134
223,0.06897767633199692,0.04942186176776886,0.007186939939856529,0.002473774366080761
224,0.06731574237346649,0.048122845590114594,0.006946207955479622,0.002449337625876069
225,0.06571067869663239,0.04688887298107147,0.006713844370096922,0.002421592827886343
226,0.06416191160678864,0.04571780189871788,0.0064894407987594604,0.002390934620052576
227,0.06266896426677704,0.04460731893777847,0.006272708065807819,0.002357788383960724
228,0.06123141199350357,0.04355482757091522,0.006063573062419891,0.0023226020857691765
229,0.05984887480735779,0.0425574854016304,0.005862213671207428,0.0022858355659991503
230,0.05852094665169716,0.04161243885755539,0.00566877331584692,0.0022479468025267124
231,0.057247161865234375,0.04071706160902977,0.005483183078467846,0.002209383063018322
232,0.056026943027973175,0.039868950843811035,0.005305139347910881,0.0021705699618905783
233,0.054859571158885956,0.039065856486558914,0.005134216509759426,0.0021318993531167507
234,0.0537441223859787,0.03830539807677269,0.004970117472112179,0.002093721181154251
235,0.05267949774861336,0.0375850535929203,0.00481277983635664,0.0020563325379043818
236,0.051664307713508606,0.036902230232954025,0.004662230610847473,0.0020199697464704514
237,0.05069699138402939,0.03625456243753433,0.004518397152423859,0.0019848067313432693
238,0.049775686115026474,0.035639941692352295,0.004380988888442516,0.0019509508274495602
239,0.04889833182096481,0.03505648300051689,0.00424959696829319,0.0019184501143172383
240,0.04806267470121384,0.034502364695072174,0.004123826511204243,0.0018872967921197414
241,0.047266341745853424,0.033975642174482346,0.004003514535725117,0.001857437309809029
242,0.04650687798857689,0.033474359661340714,0.0038886028341948986,0.001828783075325191
243,0.04578174650669098,0.03299659118056297,0.003779045306146145,0.0018012217478826642
244,0.04508848115801811,0.0325407013297081,0.0036746375262737274,0.0017746282974258065
245,0.0444246269762516,0.032105255872011185,0.003574990201741457,0.001748876180499792
246,0.04378785192966461,0.031688883900642395,0.003479741048067808,0.0017238453729078174
247,0.04317595437169075,0.031290166079998016,0.003388640470802784,0.001699429820291698
248,0.042586881667375565,0.030907655134797096,0.0033015264198184013,0.0016755401156842709
249,0.04201873391866684,0.030539963394403458,0.0032182466238737106,0.0016521054785698652
250,0.04146977514028549,0.030185842886567116,0.0031385670881718397,0.0016290729399770498
251,0.040938399732112885,0.029844172298908234,0.003062204457819462,0.00160640524700284
252,0.04042316973209381,0.029513925313949585,0.002988856751471758,0.0015840779524296522
253,0.03992275893688202,0.029194030910730362,0.0029183474835008383,0.0015620761550962925
254,0.039435967803001404,0.02888345532119274,0.0028505416121333838,0.0015403938014060259
255,0.03896167874336243,0.028581174090504646,0.002785362768918276,0.0015190282138064504
256,0.03849891573190689,0.02828630991280079,0.0027227033860981464,0.0014979802072048187
257,0.03804674744606018,0.027998050674796104,0.002662442857399583,0.0014772509457543492
258,0.037604354321956635,0.02771572582423687,0.0026044119149446487,0.001456842990592122
259,0.03717099130153656,0.027438687160611153,0.0025485167279839516,0.0014367573894560337
260,0.036746010184288025,0.02716631069779396,0.0024947221390902996,0.0014169950736686587
261,0.03632882237434387,0.026898033916950226,0.002443008590489626,0.0013975559268146753
262,0.035918939858675,0.02663339674472809,0.0023933500051498413,0.001378438319079578
263,0.035515930503606796,0.02637208066880703,0.002345653949305415,0.0013596391072496772
264,0.0351194329559803,0.026113806292414665,0.0022998612839728594,0.001341152936220169
265,0.03472914919257164,0.025858351960778236,0.0022559352219104767,0.0013229725882411003
266,0.034344833344221115,0.025605499744415283,0.0022138901986181736,0.0013050888665020466
267,0.03396628424525261,0.025355100631713867,0.002173736458644271,0.0012874891981482506
268,0.0335933156311512,0.02510708011686802,0.002135432558134198,0.0012701605446636677
269,0.033225785940885544,0.024861430749297142,0.0020989240147173405,0.0012530866079032421
270,0.032863568514585495,0.024618173018097878,0.002064148662611842,0.001236249809153378
271,0.0325065441429615,0.02437732368707657,0.00203105341643095,0.001219632918946445
272,0.03215459734201431,0.02413889765739441,0.0019996140617877245,0.0012032173108309507
273,0.031807634979486465,0.02390292100608349,0.0019697868265211582,0.0011869852896779776
274,0.03146553784608841,0.023669464513659477,0.0019414746202528477,0.001170919742435217
275,0.03112821839749813,0.02343859151005745,0.0019145999103784561,0.0011550053022801876
276,0.030795583501458168,0.023210369050502777,0.0018890650244429708,0.0011392299784347415
277,0.03046754002571106,0.02298481948673725,0.0018647939432412386,0.0011235851561650634
278,0.030143992975354195,0.022761909291148186,0.0018417505780234933,0.0011080666445195675
279,0.029824871569871902,0.022541658952832222,0.0018198412144556642,0.001092674327082932
280,0.029510091990232468,0.02232407033443451,0.0017989559564739466,0.0010774130932986736
281,0.02919958159327507,0.022109122946858406,0.0017789951525628567,0.0010622927220538259
282,0.028893280774354935,0.021896768361330032,0.001759879058226943,0.0010473267175257206
283,0.02859112061560154,0.021686922758817673,0.0017415329348295927,0.001032533124089241
284,0.028293035924434662,0.021479498594999313,0.001723879249766469,0.001017931499518454
285,0.027998967096209526,0.02127443626523018,0.0017068097367882729,0.0010035444283857942
286,0.02770885080099106,0.021071644499897957,0.0016902340576052666,0.0009893947280943394
287,0.027422640472650528,0.02087102271616459,0.001674093771725893,0.0009755048085935414
288,0.027140237390995026,0.020672451704740524,0.0016583027318120003,0.0009618968470022082
289,0.026861585676670074,0.020475808531045914,0.0016428258968517184,0.0009485903428867459
290,0.026586614549160004,0.020280998200178146,0.0016276005189865828,0.0009356033988296986
291,0.02631523460149765,0.020087942481040955,0.00161253591068089,0.0009229512652382255
292,0.026047373190522194,0.019896546378731728,0.0015975981950759888,0.0009106457582674921
293,0.025782940909266472,0.019706716760993004,0.0015827426686882973,0.0008986960165202618
294,0.02552184835076332,0.01951833814382553,0.0015679721254855394,0.0008871075697243214
295,0.025264015421271324,0.019331367686390877,0.0015532340621575713,0.0008758829208090901
296,0.02500935271382332,0.019145771861076355,0.0015384771395474672,0.0008650207309983671
297,0.02475777640938759,0.018961505964398384,0.0015236821491271257,0.0008545176242478192
298,0.024509212002158165,0.01877853088080883,0.0015088492073118687,0.000844366499222815
299,0.024263571947813034,0.018596788868308067,0.0014939954271540046,0.0008345575188286602
300,0.024020785465836525,0.01841629110276699,0.0014790974091738462,0.0008250794489867985
301,0.023780781775712967,0.018237026408314705,0.0014641615562140942,0.0008159184944815934
302,0.023543499410152435,0.018059028312563896,0.0014491723850369453,0.00080705969594419
303,0.02330886945128441,0.01788228377699852,0.0014341537607833743,0.0007984866388142109
304,0.023076830431818962,0.017706820741295815,0.0014190995134413242,0.0007901820354163647
305,0.022847335785627365,0.017532629892230034,0.001404064940288663,0.0007821281906217337
306,0.022620322182774544,0.01735973358154297,0.0013890507398173213,0.0007743074093014002
307,0.022395744919776917,0.017188191413879395,0.001374043757095933,0.0007667018799111247
308,0.022173549979925156,0.017018040642142296,0.0013590389862656593,0.0007592939655296504
309,0.02195368893444538,0.016849249601364136,0.0013441045302897692,0.0007520669023506343
310,0.02173612266778946,0.016681848093867302,0.0013292526127770543,0.0007450043922290206
311,0.02152080088853836,0.016515862196683884,0.0013144791591912508,0.0007380916504189372
312,0.021307682618498802,0.016351327300071716,0.0012997821904718876,0.0007313148234970868
313,0.0210967268794775,0.016188228502869606,0.0012851892970502377,0.0007246617460623384
314,0.020887892693281174,0.016026554629206657,0.0012707324931398034,0.0007181211258284748
315,0.020681142807006836,0.015866311267018318,0.0012564121279865503,0.0007116838824003935
316,0.020476441830396652,0.015707505866885185,0.0012422243598848581,0.000705342332366854
317,0.02027374692261219,0.015550128184258938,0.0012281696544960141,0.0006990898982621729
318,0.02007303014397621,0.015394154004752636,0.001214269082993269,0.000692921516019851
319,0.019874263554811478,0.01523955725133419,0.0012005383614450693,0.0006868337513878942
320,0.019677402451634407,0.015086302533745766,0.001186979585327208,0.0006808238686062396
321,0.019482426345348358,0.01493439543992281,0.0011735790176317096,0.0006748901796527207
322,0.019289297983050346,0.014783822931349277,0.0011603147722780704,0.0006690318114124238
323,0.019097989425063133,0.01463451236486435,0.0011472348123788834,0.0006632485892623663
324,0.018908480182290077,0.01448642648756504,0.0011343515943735838,0.0006575403385795653
325,0.018720733001828194,0.014339566230773926,0.0011216289130970836,0.0006519076996482909
326,0.01853472739458084,0.014193922281265259,0.0011090489570051432,0.0006463513127528131
327,0.01835044100880623,0.014049451798200607,0.0010966314002871513,0.0006408717599697411
328,0.01816784217953682,0.013906102627515793,0.0010843921918421984,0.0006354694487527013
329,0.01798691228032112,0.013763856142759323,0.001072333543561399,0.00063014478655532
330,0.017807623371481895,0.013622721657156944,0.00106041319668293,0.0006248977733775973
331,0.01762995682656765,0.01348267961293459,0.0010486363898962736,0.0006197280017659068
332,0.017453886568546295,0.013343701139092445,0.0010370101081207395,0.0006146349478513002
333,0.01727939210832119,0.01320575550198555,0.0010255500674247742,0.0006096173892728984
334,0.01710645854473114,0.013068835251033306,0.0010142531245946884,0.0006046741618774831
335,0.01693505421280861,0.01293296366930008,0.0010030748089775443,0.0005998034030199051
336,0.016765177249908447,0.012798118405044079,0.0009920420125126839,0.0005950031918473542
337,0.01659679412841797,0.012664292007684708,0.0009811443742364645,0.0005902716075070202
338,0.01642988994717598,0.012531478889286518,0.0009703809046186507,0.000585606147069484
339,0.016264451667666435,0.012399660423398018,0.0009597698808647692,0.0005810041911900043
340,0.016100455075502396,0.012268848717212677,0.0009492909885011613,0.0005764633533544838
341,0.015937890857458115,0.012139074504375458,0.0009389104670844972,0.000571981247048825
342,0.01577673852443695,0.012010299600660801,0.000928663881495595,0.000567555136512965
343,0.015616988763213158,0.011882513761520386,0.000918560428544879,0.0005631828680634499
344,0.015458612702786922,0.01175572071224451,0.000908581365365535,0.0005588621133938432
345,0.015301604755222797,0.011629944667220116,0.0008987081237137318,0.0005545904859900475
346,0.015145955607295036,0.011505188420414925,0.000888934766408056,0.0005503665306605399
347,0.014991640113294125,0.011381407268345356,0.0008792893495410681,0.0005461886175908148
348,0.01483865175396204,0.011258594691753387,0.0008697831071913242,0.0005420548259280622
349,0.01468697376549244,0.011136766523122787,0.0008603859459981322,0.0005379642825573683
350,0.014536594972014427,0.011015960946679115,0.0008510550251230597,0.0005339158815331757
351,0.014387504197657108,0.010896123014390469,0.0008418374927714467,0.0005299088079482317
352,0.014239687472581863,0.010777211748063564,0.0008327661198563874,0.0005259417812339962
353,0.014093135483562946,0.010659267194569111,0.0008237969595938921,0.0005220143357291818
354,0.01394782867282629,0.010542303323745728,0.000814893573988229,0.0005181264714337885
355,0.013803769834339619,0.010426303371787071,0.0008060813415795565,0.0005142770241945982
356,0.013660933822393417,0.010311199352145195,0.0007974077016115189,0.0005104653537273407
357,0.013519318774342537,0.010197018273174763,0.0007888451218605042,0.0005066911689937115
358,0.013378912582993507,0.01008380576968193,0.0007803369080647826,0.0005029539461247623
359,0.013239704072475433,0.009971527382731438,0.0007719115819782019,0.0004992530448362231
360,0.013101685792207718,0.009860132820904255,0.0007636169320903718,0.0004955872427672148
361,0.012964844703674316,0.009749645367264748,0.000755417044274509,0.0004919564235024154
362,0.012829169631004333,0.009640094824135303,0.0007472793804481626,0.0004883591900579631
363,0.01269466057419777,0.00953145232051611,0.0007392347906716168,0.00048479472752660513
364,0.012561301700770855,0.009423701092600822,0.0007312900852411985,0.00048126207548193634
365,0.012429088354110718,0.009316851384937763,0.0007234351360239089,0.0004777601861860603
366,0.01229800097644329,0.009210913442075253,0.0007156474748626351,0.0004742878663819283
367,0.012168041430413723,0.009105871431529522,0.0007079507340677083,0.0004708438937086612
368,0.01203919854015112,0.009001726284623146,0.0007003368809819221,0.0004674270749092102
369,0.011911466717720032,0.008898468688130379,0.0006928162183612585,0.0004640364204533398
370,0.011784831061959267,0.00879612099379301,0.0006853558588773012,0.00046067085349932313
371,0.0116592887789011,0.008694665506482124,0.0006779780378565192,0.0004573291225824505
372,0.011534830555319786,0.008594103157520294,0.0006706760032102466,0.0004540103254839778
373,0.011411448940634727,0.0084944237023592,0.0006634572055190802,0.0004507135890889913
374,0.011289138346910477,0.008395643904805183,0.0006563039496541023,0.00044743798207491636
375,0.011167887598276138,0.008297750726342201,0.0006492227548733354,0.0004441827186383307
376,0.011047689244151115,0.008200732059776783,0.0006422213045880198,0.0004409471875987947
377,0.010928534902632236,0.008104604668915272,0.0006352775963023305,0.00043773060315288603
378,0.010810421779751778,0.008009362034499645,0.0006283980328589678,0.0004345323541201651
379,0.010693337768316269,0.007914981804788113,0.0006215964094735682,0.00043135203304700553
380,0.010577276349067688,0.00782147329300642,0.0006148575339466333,0.00042818926158361137
381,0.010462235659360886,0.007728835102170706,0.0006081836763769388,0.000425043428549543
382,0.010348201729357243,0.0076370686292648315,0.0006015635444782674,0.00042191383545286953
383,0.010235168039798737,0.007546158507466316,0.0005950069753453135,0.0004188005405012518
384,0.010123130865395069,0.0074560921639204025,0.0005885240389034152,0.00041570287430658937
385,0.010012077167630196,0.007366891484707594,0.0005820857477374375,0.0004126201383769512
386,0.00990200787782669,0.007278538309037685,0.0005757104954682291,0.000409551925258711
387,0.009792910888791084,0.007191022392362356,0.0005694004939869046,0.0004064977401867509
388,0.00968477874994278,0.007104344666004181,0.00056314910762012,0.00040345703018829226
389,0.009577601216733456,0.007018521893769503,0.0005569350905716419,0.0004004288639407605
390,0.009471379220485687,0.0069335224106907845,0.000550792901776731,0.00039741265936754644
391,0.009366096928715706,0.006849344354122877,0.0005447142757475376,0.0003944077470805496
392,0.009261752478778362,0.006765999365597963,0.0005386873381212354,0.00039141319575719535
393,0.009158340282738209,0.0066834986209869385,0.0005327000981196761,0.0003884282195940614
394,0.009055848233401775,0.006601814646273851,0.0005267731030471623,0.0003854520618915558
395,0.00895426981151104,0.006520923227071762,0.0005209271912463009,0.00038248379132710397
396,0.008853600360453129,0.006440878380089998,0.0005151093355379999,0.00037952259299345315
397,0.008753831498324871,0.006361656356602907,0.0005093378131277859,0.00037656750646419823
398,0.008654959499835968,0.006283226422965527,0.0005036435322836041,0.0003736178914550692
399,0.0085569703951478,0.006205602549016476,0.0004980048979632556,0.0003706726711243391
400,0.008459862321615219,0.006128809414803982,0.0004923964734189212,0.0003677312342915684
401,0.008363626897335052,0.006052812561392784,0.0004868488758802414,0.0003647930279839784
402,0.00826825387775898,0.0059776026755571365,0.00048136600526049733,0.000361857091775164
403,0.008173743262887001,0.005903197918087244,0.0004759309231303632,0.0003589227853808552
404,0.008080080151557922,0.0058296010829508305,0.00047053067828528583,0.0003559897013474256
405,0.007987264543771744,0.005756786093115807,0.00046519195893779397,0.0003530573449097574
406,0.007895284332334995,0.0056847380474209785,0.00045992215746082366,0.00035012487205676734
407,0.007804136723279953,0.005613496992737055,0.00045467831660062075,0.00034719225368462503
408,0.007713810540735722,0.005543036852031946,0.00044947900460101664,0.0003442589659243822
409,0.007624301128089428,0.005473331548273563,0.0004443470388650894,0.00034132448490709066
410,0.007535605225712061,0.005404389929026365,0.000439271709183231,0.00033838869421742857
411,0.0074477125890553,0.005336234346032143,0.0004342210595495999,0.0003354513901285827
412,0.0073606157675385475,0.005268847569823265,0.00042920734267681837,0.0003325121942907572
413,0.007274308707565069,0.005202180240303278,0.00042427482549101114,0.0003295707574579865
414,0.007188792340457439,0.005136274732649326,0.00041938055073842406,0.0003266273415647447
415,0.007104051299393177,0.00507113104686141,0.0004145128186792135,0.00032368151005357504
416,0.007020082790404558,0.005006726365536451,0.0004096908960491419,0.0003207330883014947
417,0.006936884950846434,0.004943034145981073,0.00040493966662324965,0.00031778228003531694
418,0.00685444800183177,0.004880079533904791,0.00040022353641688824,0.00031482905615121126
419,0.006772766821086407,0.0048178741708397865,0.00039552676025778055,0.0003118732129223645
420,0.0066918376833200455,0.004756370559334755,0.00039089180063456297,0.00030891504138708115
421,0.006611653603613377,0.004695561248809099,0.0003863184538204223,0.0003059547452721745
422,0.006532210856676102,0.004635481629520655,0.0003817671677097678,0.0003029923536814749
423,0.006453502923250198,0.004576117731630802,0.00037724507274106145,0.0003000280412379652
424,0.006375528872013092,0.0045174299739301205,0.0003727866569533944,0.0002970624773297459
425,0.006298280321061611,0.004459429997950792,0.000368372886441648,0.00029409548733383417
426,0.0062217568047344685,0.004402116406708956,0.00036399977398104966,0.0002911280607804656
427,0.006145951338112354,0.004345504567027092,0.00035964319249615073,0.0002881606633309275
428,0.006070859730243683,0.004289543256163597,0.00035534839844331145,0.0002851935860235244
429,0.005996480118483305,0.004234234802424908,0.0003511083486955613,0.0002822274109348655
430,0.00592280738055706,0.004179603885859251,0.00034688753657974303,0.00027926318580284715
431,0.005849838722497225,0.004125628620386124,0.00034270359901711345,0.0002763013180810958
432,0.0057775722816586494,0.004072278272360563,0.0003385805757716298,0.0002733426517806947
433,0.0057060024701058865,0.004019572865217924,0.00033448892645537853,0.0002703881764318794
434,0.005635128356516361,0.003967504017055035,0.0003304303390905261,0.0002674387360457331
435,0.0055649494752287865,0.0039160544984042645,0.0003264191036578268,0.0002644951455295086
436,0.005495455581694841,0.00386521453037858,0.00032244797330349684,0.0002615585981402546
437,0.0054266490042209625,0.003814985975623131,0.00031851333915255964,0.00025862999609671533
438,0.00535852974280715,0.003765357658267021,0.0003146212256979197,0.000255710183409974
439,0.005291092209517956,0.0037163218948990107,0.0003107670054305345,0.0002528006734792143
440,0.005224334541708231,0.003667878918349743,0.0003069446247536689,0.0002499021647963673
441,0.005158257205039263,0.0036200068425387144,0.00030317174969241023,0.0002470157342031598
442,0.005092855077236891,0.00357269961386919,0.0002994416863657534,0.0002441427786834538
443,0.005028128623962402,0.0035259684082120657,0.0002957385149784386,0.00024128433142323047
444,0.004964073188602924,0.0034798006527125835,0.000292066513793543,0.00023844126553740352
445,0.004900689702481031,0.0034341670107096434,0.00028844698681496084,0.00023561518173664808
446,0.004837975837290287,0.0033890639897435904,0.0002848779840860516,0.0002328067785128951
447,0.00477592833340168,0.003344522789120674,0.0002813181490637362,0.00023001748195383698
448,0.004714546725153923,0.0033005066215991974,0.0002777991467155516,0.0002272482233820483
449,0.004653832875192165,0.0032569942995905876,0.00027433730429038405,0.00022450019605457783
450,0.0045937784016132355,0.003213998395949602,0.0002709072723519057,0.00022177453502081335
451,0.004534384235739708,0.0031715251971036196,0.0002674977295100689,0.00021907231712248176
452,0.004475649446249008,0.0031295435037463903,0.0002641330938786268,0.0002163945755455643
453,0.004417570773512125,0.003088046098127961,0.0002608138311188668,0.00021374218340497464
454,0.004360145889222622,0.0030470420606434345,0.0002575221878942102,0.00021111629030201584
455,0.004303376656025648,0.003006525570526719,0.0002542620350141078,0.00020851781300734729
456,0.004247257020324469,0.0029664752073585987,0.00025104446103796363,0.0002059474354609847
457,0.004191786050796509,0.0029268923681229353,0.0002478620153851807,0.00020340630726423115
458,0.00413696002215147,0.0028877754230052233,0.00024470919743180275,0.00020089506870135665
459,0.004082780331373215,0.002849110634997487,0.0002415977360215038,0.00019841438916046172
460,0.0040292395278811455,0.002810897771269083,0.00023851644073147327,0.0001959650544449687
461,0.003976339474320412,0.0027731365989893675,0.00023546438023913652,0.00019354770483914763
462,0.003924072720110416,0.002735801273956895,0.00023245668853633106,0.00019116289331577718
463,0.0038724406622350216,0.0026989025063812733,0.00022948287369217724,0.00018881108553614467
464,0.0038214395754039288,0.0026624538004398346,0.00022652160259895027,0.00018649280536919832
465,0.00377106387168169,0.0026264030020684004,0.0002236186119262129,0.0001842084457166493
466,0.0037213126197457314,0.002590778050944209,0.00022074287699069828,0.00018195838492829353
467,0.003672179998829961,0.00255558080971241,0.0002178854774683714,0.00017974273941945285
468,0.003623663680627942,0.0025207847356796265,0.00021506877965293825,0.00017756206216290593
469,0.003575763199478388,0.0024863877333700657,0.00021229436970315874,0.0001754162658471614
470,0.00352847040630877,0.002452403772622347,0.00020953927014488727,0.00017330549599137157
471,0.0034817815758287907,0.002418824937194586,0.00020680591114796698,0.00017123011639341712
472,0.0034356953110545874,0.002385618630796671,0.00020412905723787844,0.00016918951587285846
473,0.003390204394236207,0.0023528130259364843,0.00020147008763160557,0.00016718427650630474
474,0.003345306497067213,0.002320406958460808,0.0001988285657716915,0.00016521419456694275
475,0.0033009974285960197,0.002288371091708541,0.000196232576854527,0.00016327873163390905
476,0.0032572709023952484,0.0022567040286958218,0.00019367568893358111,0.0001613782369531691
477,0.0032141238916665316,0.0022254411596804857,0.00019112139125354588,0.0001595122885191813
478,0.003171549178659916,0.002194539876654744,0.0001886077516246587,0.00015768033335916698
479,0.0031295460648834705,0.0021639906335622072,0.00018614224973134696,0.00015588260430376977
480,0.0030881045386195183,0.002133834408596158,0.0001836785231716931,0.00015411835920531303
481,0.0030472232028841972,0.002104039303958416,0.00018124727648682892,0.0001523873070254922
482,0.003006895072758198,0.0020745880901813507,0.00017886105342768133,0.00015068918582983315
483,0.002967117354273796,0.002045506378635764,0.0001764943590387702,0.00014902335533406585
484,0.0029278830625116825,0.002016795799136162,0.00017413983005098999,0.00014738949539605528
485,0.0028891859110444784,0.0019884170033037663,0.0001718338899081573,0.00014578700938727707
486,0.0028510228730738163,0.0019603902474045753,0.00016955527826212347,0.0001442154753021896
487,0.002813386730849743,0.0019327300833538175,0.0001672845974098891,0.00014267439837567508
488,0.002776271663606167,0.001905406708829105,0.0001650495978537947,0.00014116306556388736
489,0.0027396734803915024,0.0018784113926813006,0.00016285724996123463,0.00013968099665362388
490,0.0027035868261009455,0.0018517826683819294,0.00016066472744569182,0.00013822788605466485
491,0.002668006345629692,0.001825482933782041,0.00015851012722123414,0.00013680268602911383
492,0.002632926218211651,0.0017995050875470042,0.00015639547200407833,0.0001354051346424967
493,0.0025983392260968685,0.0017738824244588614,0.00015428365441039205,0.00013403463526628911
494,0.0025642425753176212,0.0017485908465459943,0.00015219964552670717,0.00013269043120089918
495,0.002530626952648163,0.0017236045096069574,0.0001501623773947358,0.00013137201312929392
496,0.002497491892427206,0.0016989619471132755,0.0001481361105106771,0.00013007874076720327
497,0.0024648280814290047,0.001674659550189972,0.00014611736696679145,0.00012881022121291608
498,0.002432631328701973,0.001650647260248661,0.00014415600162465125,0.00012756559590343386
499,0.002400894882157445,0.0016269674524664879,0.00014220611774362624,0.00012634426821023226
500,0.002369615249335766,0.0016036201268434525,0.00014026486314833164,0.00012514606351032853
501,0.0023387852124869823,0.0015805650036782026,0.00013837084406986833,0.0001239698613062501
502,0.0023084001149982214,0.0015578276943415403,0.00013649495667777956,0.0001228154869750142
503,0.0022784548345953226,0.001535415998660028,0.00013462775677908212,0.00012168220564490184
504,0.0022489423863589764,0.0015132931293919683,0.00013280223356559873,0.00012056936975568533
505,0.002219858579337597,0.0014914721250534058,0.00013100315118208528,0.0001194766882690601
506,0.0021911989897489548,0.0014699808089062572,0.00012920174049213529,0.00011840329534607008
507,0.0021629566326737404,0.0014487660955637693,0.0001274452661164105,0.00011734907457139343
508,0.0021351275499910116,0.0014278420712798834,0.0001257202384294942,0.00011631305096670985
509,0.0021077049896121025,0.0014072427293285728,0.00012398618855513632,0.00011529522453201935
510,0.0020806845277547836,0.0013869124231860042,0.00012229914136696607,0.00011429460573708639
511,0.002054061973467469,0.0013668662868440151,0.0001206404558615759,0.00011331104178680107
512,0.0020278291776776314,0.0013471320271492004,0.00011897721560671926,0.00011234400153625757
513,0.0020019852090626955,0.0013276664540171623,0.00011735453153960407,0.00011139284470118582
514,0.0019765221513807774,0.0013084704987704754,0.00011576448741834611,0.00011045745486626402
515,0.0019514353480190039,0.0012895846739411354,0.00011416527559049428,0.0001095370898838155
516,0.0019267200259491801,0.001270953449420631,0.00011260926839895546,0.00010863147326745093
517,0.0019023714121431112,0.0012525878846645355,0.00011108303442597389,0.00010774010297609493
518,0.0018783861305564642,0.0012345171999186277,0.00010955472680507228,0.00010686283349059522
519,0.0018547557992860675,0.0012167049571871758,0.00010805601050378755,0.00010599896631902084
520,0.0018314786721020937,0.0011991425417363644,0.000106594423414208,0.00010514833411434665
521,0.001808547182008624,0.0011818602215498686,0.00010513463348615915,0.00010431046393932775
522,0.001785960397683084,0.0011648409999907017,0.00010369357914896682,0.00010348515934310853
523,0.0017637098208069801,0.0011480613611638546,0.00010228943574475124,0.00010267180914524943
524,0.0017417947528883815,0.0011315406300127506,0.00010090232535731047,0.00010187036969000474
525,0.0017202062299475074,0.0011152910301461816,9.951268293661997e-05,0.00010108051355928183
526,0.0016989433206617832,0.001099260407499969,9.817446698434651e-05,0.00010030168778030202
527,0.001677998574450612,0.0010834889253601432,9.683999815024436e-05,9.953392145689577e-05
528,0.0016573704779148102,0.0010679705301299691,9.55159921431914e-05,9.877678530756384e-05
529,0.0016370525117963552,0.0010526678524911404,9.423457959201187e-05,9.803001012187451e-05
530,0.0016170396702364087,0.0010376183781772852,9.295513154938817e-05,9.72932466538623e-05
531,0.0015973307890817523,0.0010228038299828768,9.169353870674968e-05,9.656666952650994e-05
532,0.0015779189998283982,0.0010082097724080086,9.046177729032934e-05,9.584947838447988e-05
533,0.001558799995109439,0.0009938488947227597,8.924170106183738e-05,9.514189878245816e-05
534,0.0015399708645418286,0.0009797185193747282,8.803456148598343e-05,9.444355964660645e-05
535,0.001521427882835269,0.0009657968184910715,8.685982902534306e-05,9.375423542223871e-05
536,0.001503164879977703,0.0009521069005131721,8.568896009819582e-05,9.307379514211789e-05
537,0.0014851801097393036,0.0009386337478645146,8.453637565253302e-05,9.240202052751556e-05
538,0.00146746716927737,0.0009253562893718481,8.34168677101843e-05,9.173880971502513e-05
539,0.001450024894438684,0.0009123107884079218,8.229489321820438e-05,9.108384256251156e-05
540,0.0014328467659652233,0.0008994649979285896,8.119574340526015e-05,9.043719182955101e-05
541,0.0014159311540424824,0.000886813155375421,8.012646867427975e-05,8.979831909528002e-05
542,0.0013992723543196917,0.0008743846556171775,7.904868834884837e-05,8.91677918843925e-05
543,0.0013828675728291273,0.0008621354354545474,7.800977618899196e-05,8.85444605955854e-05
544,0.0013667130842804909,0.0008500894764438272,7.697645196458325e-05,8.792942389845848e-05
545,0.0013508055126294494,0.0008382418891415,7.595682109240443e-05,8.732135756872594e-05
546,0.0013351403176784515,0.0008265735814347863,7.496016041841358e-05,8.672130934428424e-05
547,0.0013197149382904172,0.0008151007350534201,7.397540321107954e-05,8.6127758549992e-05
548,0.001304525532759726,0.0008038142696022987,7.299786375369877e-05,8.554268424632028e-05
549,0.001289569539949298,0.0007926987018436193,7.205560541478917e-05,8.496304508298635e-05
550,0.0012748409062623978,0.0007817785954102874,7.109840225894004e-05,8.43927773530595e-05
551,0.0012603392824530602,0.0007710183272138238,7.018899486865848e-05,8.382638043258339e-05
552,0.0012460595462471247,0.0007604410639032722,6.926304195076227e-05,8.327108662342653e-05
553,0.0012319994857534766,0.0007500361534766853,6.837921682745218e-05,8.271681872429326e-05
554,0.001218155724927783,0.0007397916633635759,6.74764160066843e-05,8.217752474592999e-05
555,0.00120452418923378,0.0007297178963199258,6.663974636467174e-05,8.163330494426191e-05
556,0.0011911060428246856,0.0007198118837550282,6.573102291440591e-05,8.111263014143333e-05
557,0.0011778970947489142,0.0007100510993041098,6.497489812318236e-05,8.057422382989898e-05
558,0.00116490398067981,0.0007004753570072353,6.403362203855067e-05,8.007900760276243e-05
559,0.0011521363630890846,0.0006910247029736638,6.342156120808795e-05,7.953801832627505e-05
560,0.0011396275367587805,0.0006817869143560529,6.240625225473195e-05,7.908687985036522e-05
561,0.0011274598073214293,0.0006726545398123562,6.216421752469614e-05,7.852821727283299e-05
562,0.0011158485431224108,0.0006638263585045934,6.111763650551438e-05,7.818091398803517e-05
563,0.0011053322814404964,0.000655176758300513,6.215909525053576e-05,7.759927393635735e-05
564,0.001097275409847498,0.0006472461391240358,6.207909609656781e-05,7.759001891827211e-05
565,0.0010951034491881728,0.0006401471327990294,6.905202462803572e-05,7.718086271779612e-05
566,0.0011068143649026752,0.0006361421546898782,7.759672735119238e-05,7.861508493078873e-05
567,0.0011485479772090912,0.0006358743994496763,0.0001129097945522517,7.995276246219873e-05
568,0.0012372526107355952,0.0006475424161180854,0.00015526069910265505,8.688990055816248e-05
569,0.0013473955914378166,0.000650093425065279,0.00023684639018028975,9.209115523844957e-05
570,0.0013549525756388903,0.0006614814046770334,0.00020616604888346046,9.746102296048775e-05
571,0.0011815275065600872,0.0005950594786554575,0.00016163414693437517,8.496678492520005e-05
572,0.0010149898007512093,0.0006024952162988484,3.903587275999598e-05,7.469175761798397e-05
573,0.0010484204394742846,0.0005771195283159614,8.425145642831922e-05,7.740989531157538e-05
574,0.0011590763460844755,0.0005815298645757139,0.00015801421250216663,8.390644507016987e-05
575,0.0011278148740530014,0.0006130131660029292,9.653816960053518e-05,8.365269604837522e-05
576,0.0009964157361537218,0.0005322220968082547,9.713908366393298e-05,7.341090531554073e-05
577,0.0009739308152347803,0.0005602117162197828,5.2209368732292205e-05,7.230195478769019e-05
578,0.0010482413927093148,0.0005727659445255995,8.196508861146867e-05,7.870206172810867e-05
579,0.0010421369224786758,0.000519533350598067,0.00013589122681878507,7.734248356427997e-05
580,0.0009538084268569946,0.0005585841136053205,3.200829087290913e-05,7.264321175171062e-05
581,0.0009322573896497488,0.0005179341533221304,5.904491990804672e-05,7.105567055987194e-05
582,0.0009793322533369064,0.0005081027047708631,0.00010119042417500168,7.400782487820834e-05
583,0.0009716756176203489,0.0005502560525201261,4.75398737762589e-05,7.477594044758007e-05
584,0.0009102843469008803,0.0004831004189327359,7.954241300467402e-05,6.952830153750256e-05
585,0.0008972873329184949,0.0005015121423639357,4.9965114158112556e-05,6.916201527928934e-05
586,0.0009268193389289081,0.0005197504069656134,4.6773428039159626e-05,7.205910515040159e-05
587,0.0009153290884569287,0.0004654731310438365,9.818084072321653e-05,7.033501606201753e-05
588,0.0008720316691324115,0.0004996574716642499,3.009387364727445e-05,6.845605821581557e-05
589,0.0008648481452837586,0.00047979631926864386,4.420716504682787e-05,6.816893437644467e-05
590,0.000882380991242826,0.0004550750309135765,8.23878071969375e-05,6.89836306264624e-05
591,0.0008697224548086524,0.0004919813363812864,3.19031641993206e-05,6.916759593877941e-05
592,0.0008388005662709475,0.0004475894384086132,5.819521174998954e-05,6.660318467766047e-05
593,0.0008340113563463092,0.00044992408948019147,5.143384260009043e-05,6.653067976003513e-05
594,0.0008435513591393828,0.0004708647320512682,3.3388227166142315e-05,6.785968434996903e-05
595,0.0008317542960867286,0.00042744187521748245,7.214798097265884e-05,6.643289816565812e-05
596,0.0008092040661722422,0.000447769503807649,3.321387339383364e-05,6.564413342857733e-05
597,0.0008046658476814628,0.0004413392744027078,3.5543129342840984e-05,6.555669096997008e-05
598,0.0008090664632618427,0.00041564545244909823,6.576106534339488e-05,6.553198909386992e-05
599,0.0007992014288902283,0.00044133939081802964,2.9486654966603965e-05,6.567507807631046e-05
600,0.0007822059560567141,0.0004144161648582667,4.622053529601544e-05,6.431385554606095e-05
601,0.0007769789081066847,0.0004096782940905541,4.679790072259493e-05,6.410053902072832e-05
602,0.0007781721651554108,0.000425237842136994,2.9421771614579484e-05,6.470250809798017e-05
603,0.0007704026065766811,0.0003954431740567088,5.590850196313113e-05,6.38101773802191e-05
604,0.0007571975002065301,0.0004064034146722406,3.367087265360169e-05,6.342465349007398e-05
605,0.0007510946597903967,0.00040272099431604147,3.257583739468828e-05,6.315956852631643e-05
606,0.0007501787622459233,0.0003836556279566139,5.186077760299668e-05,6.293247133726254e-05
607,0.0007442566566169262,0.0003994038561359048,2.9361279302975163e-05,6.30982976872474e-05
608,0.0007338331779465079,0.0003814943484030664,4.100660589756444e-05,6.226644472917542e-05
609,0.0007270704954862595,0.0003772363706957549,3.989136894233525e-05,6.198855408001691e-05
610,0.0007246008608490229,0.00038502056850120425,2.8810169169446453e-05,6.215402390807867e-05
611,0.0007200265536084771,0.00036571771488524973,4.5975153625477105e-05,6.166673847474158e-05
612,0.0007118512876331806,0.00037243106635287404,3.18616621370893e-05,6.151170964585617e-05
613,0.0007048552506603301,0.0003668504359666258,3.255299816373736e-05,6.109035894041881e-05
614,0.0007011215202510357,0.0003555254952516407,4.132194590056315e-05,6.085482527851127e-05
615,0.0006972919218242168,0.0003637065237853676,2.88160917989444e-05,6.095385833759792e-05
616,0.000690987566486001,0.0003504996420815587,3.827390173682943e-05,6.0442809626692906e-05
617,0.0006842900183983147,0.0003491826355457306,3.3876378438435495e-05,6.0246195062063634e-05
618,0.0006795847439207137,0.0003499559825286269,2.9268987418618053e-05,6.007195406709798e-05
619,0.0006758761592209339,0.00033838453236967325,3.849938002531417e-05,5.97984399064444e-05
620,0.0006709998706355691,0.0003424808965064585,2.960434358101338e-05,5.978292028885335e-05
621,0.0006650830619037151,0.00033527406048960984,3.302962431916967e-05,5.935587250860408e-05
622,0.0006598643958568573,0.0003302699187770486,3.379126428626478e-05,5.91606403759215e-05
623,0.0006558250170201063,0.00033214615541510284,2.833069083862938e-05,5.9069636336062104e-05
624,0.0006517632864415646,0.0003230547590646893,3.484852641122416e-05,5.87719987379387e-05
625,0.0006468529463745654,0.0003235386102460325,2.9820323106832802e-05,5.869880260434002e-05
626,0.0006417190306819975,0.0003197755431756377,3.008536259585526e-05,5.837162825628184e-05
627,0.0006372673669829965,0.00031411193776875734,3.226866101613268e-05,5.817736018798314e-05
628,0.0006333798519335687,0.0003148741088807583,2.8008602384943515e-05,5.809942740597762e-05
629,0.0006292850011959672,0.0003084777854382992,3.17627600452397e-05,5.780889478046447e-05
630,0.0006247246637940407,0.0003070162783842534,2.9199160053394735e-05,5.7701850892044604e-05
631,0.0006201905198395252,0.00030440129921771586,2.856133687600959e-05,5.744556983700022e-05
632,0.0006161255878396332,0.00029952297336421907,3.031321284652222e-05,5.725788287236355e-05
633,0.0006123567000031471,0.0002990078355651349,2.7534770197235048e-05,5.716282976209186e-05
634,0.0006084388587623835,0.00029438408091664314,2.952184331661556e-05,5.690658144885674e-05
635,0.0006042731693014503,0.000292187585728243,2.8106747777201235e-05,5.679576861439273e-05
636,0.0006001610308885574,0.00028974018641747534,2.7565947675611824e-05,5.6570970627944916e-05
637,0.000596347264945507,0.0002859699015971273,2.83979534287937e-05,5.639587470795959e-05
638,0.0005927322199568152,0.00028444931376725435,2.6845336833503097e-05,5.628751387121156e-05
639,0.0005890594911761582,0.0002808668650686741,2.7889091143151745e-05,5.6060704082483426e-05
640,0.0005852511385455728,0.0002786616678349674,2.683742241060827e-05,5.595040784101002e-05
641,0.0005814652540720999,0.0002760333300102502,2.6709085432230495e-05,5.574457100010477e-05
642,0.0005778594641014934,0.0002731590939220041,2.6766207156470045e-05,5.5586839152965695e-05
643,0.0005744120571762323,0.0002710594853851944,2.6029823857243173e-05,5.546454121940769e-05
644,0.0005709815304726362,0.0002681464538909495,2.6509485905990005e-05,5.526512541109696e-05
645,0.0005674876738339663,0.0002660716127138585,2.5632456527091563e-05,5.515671364264563e-05
646,0.0005639871815219522,0.0002632869000080973,2.5886532966978848e-05,5.4962751164566725e-05
647,0.0005605801707133651,0.00026112087653018534,2.534972009016201e-05,5.482190681505017e-05
648,0.0005572951631620526,0.00025868311058729887,2.519084773666691e-05,5.468424569698982e-05
649,0.0005540745332837105,0.0002562517474871129,2.5268938770750538e-05,5.451076867757365e-05
650,0.0005508518079295754,0.0002542599686421454,2.4580012905062176e-05,5.4402360547101125e-05
651,0.0005476174410432577,0.00025152790476568043,2.4994355044327676e-05,5.421903188107535e-05
652,0.0005444171838462353,0.0002498080430086702,2.4137942091329023e-05,5.409423465607688e-05
653,0.0005412929458543658,0.000247161922743544,2.440575190121308e-05,5.394505933509208e-05
654,0.0005382443778216839,0.0002452020125929266,2.4072203814284876e-05,5.3794035920873284e-05
655,0.0005352379521355033,0.00024316622875630856,2.368111745454371e-05,5.3678115364164114e-05
656,0.00053224409930408,0.0002406543935649097,2.4031513021327555e-05,5.351164872990921e-05
657,0.0005292633431963623,0.000239145228988491,2.3124237486626953e-05,5.3398776799440384e-05
658,0.0005263149505481124,0.0002364739921176806,2.362726445426233e-05,5.3242736612446606e-05
659,0.0005234208656474948,0.0002349136775592342,2.294244768563658e-05,5.3112955356482416e-05
660,0.0005205802153795958,0.00023271037207450718,2.2941068891668692e-05,5.298574615153484e-05
661,0.0005177807761356235,0.00023060885723680258,2.297917853866238e-05,5.28385498910211e-05
662,0.0005150064826011658,0.00022907860693521798,2.229112942586653e-05,5.272734779282473e-05
663,0.000512252445332706,0.00022656591318082064,2.2805928892921656e-05,5.257612792775035e-05
664,0.0005095242522656918,0.00022525788517668843,2.195507477154024e-05,5.246225919108838e-05
665,0.0005068330792710185,0.00022292877838481218,2.2285577870206907e-05,5.2323739510029554e-05
666,0.0005041835829615593,0.00022129632998257875,2.1900694264331833e-05,5.21973124705255e-05
667,0.0005015726201236248,0.00021953103714622557,2.1650335838785395e-05,5.2078248700127006e-05
668,0.0004989947774447501,0.00021742499666288495,2.1865016606170684e-05,5.1940951379947364e-05
669,0.0004964414983987808,0.00021611693955492228,2.1166866645216942e-05,5.1831535529345274e-05
670,0.0004939124337397516,0.000213855120819062,2.1591371478280053e-05,5.169318683329038e-05
671,0.0004914096789434552,0.00021255029423628002,2.0948426026734523e-05,5.158218846190721e-05
672,0.0004889372503384948,0.00021057663252577186,2.1097659555380233e-05,5.1452585466904566e-05
673,0.00048649724340066314,0.0002089569461531937,2.0871721062576398e-05,5.1333714509382844e-05
674,0.00048408948350697756,0.00020741652406286448,2.0587918697856367e-05,5.121700814925134e-05
675,0.00048171100206673145,0.00020550495537463576,2.0751254851347767e-05,5.109095945954323e-05
676,0.0004793591215275228,0.00020423129899427295,2.0216153643559664e-05,5.098232941236347e-05
677,0.00047703119344078004,0.00020228393259458244,2.047484122158494e-05,5.085448356112465e-05
678,0.00047472695587202907,0.00020098427194170654,2.0005347323603928e-05,5.074747241451405e-05
679,0.00047244731104001403,0.00019924984371755272,2.0080653484910727e-05,5.062336640548892e-05
680,0.00047019452904351056,0.00019776384579017758,1.9864186469931155e-05,5.0513299356680363e-05
681,0.0004679674457293004,0.00019629807502496988,1.96863038581796e-05,5.0396614824421704e-05
682,0.00046576716704294086,0.0001946607226273045,1.9695495211635716e-05,5.028218583902344e-05
683,0.0004635911900550127,0.00019335953402332962,1.9369575966265984e-05,5.017241710447706e-05
684,0.00046143998042680323,0.00019170991436112672,1.9453947970760055e-05,5.005522325518541e-05
685,0.00045931179192848504,0.00019042642088606954,1.9135950424242765e-05,4.994988557882607e-05
686,0.00045720511116087437,0.000188880818313919,1.9163073375239037e-05,4.983224062016234e-05
687,0.0004551210440695286,0.00018754276970867068,1.8936229025712237e-05,4.9728409067029133e-05
688,0.00045305871753953397,0.00018612045096233487,1.887345024442766e-05,4.961296508554369e-05
689,0.000451018160674721,0.0001847465755417943,1.8728729628492147e-05,4.950856964569539e-05
690,0.00044899905333295465,0.0001834060240071267,1.8610224287840538e-05,4.939656355418265e-05
691,0.00044700168655253947,0.00018204085063189268,1.8506161723053083e-05,4.929093483951874e-05
692,0.0004450255073606968,0.00018073676619678736,1.837492163758725e-05,4.918276681564748e-05
693,0.0004430698463693261,0.0001794179406715557,1.827321648306679e-05,4.907573384116404e-05
694,0.0004411348490975797,0.00017812461010180414,1.8155098587158136e-05,4.8971025535138324e-05
695,0.0004392201080918312,0.00017685546481516212,1.8048160200123675e-05,4.886329406872392e-05
696,0.0004373248084448278,0.00017558573745191097,1.7933243725565262e-05,4.876116508967243e-05
697,0.000435448600910604,0.00017434280016459525,1.783973493729718e-05,4.86532153445296e-05
698,0.00043359174742363393,0.00017311895499005914,1.7707025108393282e-05,4.855315273744054e-05
699,0.00043175253085792065,0.00017188013589475304,1.764472108334303e-05,4.8445534048369154e-05
700,0.0004299317952245474,0.00017071714682970196,1.7480571841588244e-05,4.834681749343872e-05
701,0.0004281289875507355,0.00016947180847637355,1.7457277863286436e-05,4.823998096981086e-05
702,0.0004263441078364849,0.0001683714217506349,1.7260699678445235e-05,4.814239946426824e-05
703,0.0004245766904205084,0.0001671246427576989,1.7270071111852303e-05,4.803639239980839e-05
704,0.00042282650247216225,0.00016607448924332857,1.7053020201274194e-05,4.79398004245013e-05
705,0.00042109284549951553,0.00016483843501191586,1.7081121768569574e-05,4.783465919899754e-05
706,0.00041937612695619464,0.0001638230460230261,1.685762981651351e-05,4.7739085857756436e-05
707,0.0004176759975962341,0.0001626140729058534,1.688926204224117e-05,4.7634537622798234e-05
708,0.0004159918171353638,0.00016161706298589706,1.6673227946739644e-05,4.754030305775814e-05
709,0.000414324167650193,0.00016044225776568055,1.6701662389095873e-05,4.74360458611045e-05
710,0.0004126720014028251,0.0001594645291334018,1.64903249242343e-05,4.7343426558654755e-05
711,0.00041103584226220846,0.00015831545169930905,1.6525769751751795e-05,4.723892197944224e-05
712,0.0004094147589057684,0.00015736615750938654,1.6304900782415643e-05,4.714874376077205e-05
713,0.0004078103811480105,0.00015622869250364602,1.6366797353839502e-05,4.704298044089228e-05
714,0.0004062220687046647,0.00015532801626250148,1.6112087905639783e-05,4.695639290730469e-05
715,0.0004046504618600011,0.00015417557733599097,1.6233934729825705e-05,4.684818850364536e-05
716,0.0004030967247672379,0.00015335179341491312,1.590928150108084e-05,4.676713433582336e-05
717,0.0004015647282358259,0.00015215363237075508,1.613829044799786e-05,4.665456071961671e-05
718,0.0004000575572717935,0.000151447718963027,1.5695837646489963e-05,4.658279794966802e-05
719,0.0003985835937783122,0.00015015456301625818,1.6114361642394215e-05,4.646293382393196e-05
720,0.00039715616730973125,0.00014963872672524303,1.547945612401236e-05,4.640759652829729e-05
721,0.00039580033626407385,0.0001481747458456084,1.6241152479778975e-05,4.627688758773729e-05
722,0.0003945609205402434,0.00014797798939980567,1.5312671166611835e-05,4.6254055632743984e-05
723,0.0003935212444048375,0.0001462265063310042,1.674129998718854e-05,4.6110690163914114e-05
724,0.0003928331716451794,0.00014661712339147925,1.542296195111703e-05,4.615861689671874e-05
725,0.0003927824436686933,0.00014441330858971924,1.8283462850376964e-05,4.6017135900910944e-05
726,0.00039390678284689784,0.00014598658890463412,1.6709924238966778e-05,4.624205030268058e-05
727,0.0003972148697357625,0.0001432155113434419,2.3038548533804715e-05,4.619216269929893e-05
728,0.0004046039830427617,0.0001474591699661687,2.2579413780476898e-05,4.691308276960626e-05
729,0.0004195197834633291,0.00014452781761065125,3.827785621979274e-05,4.734281901619397e-05
730,0.0004479293420445174,0.00015535930288024247,4.488782360567711e-05,4.953644020133652e-05
731,0.0004986354033462703,0.0001543929538456723,8.560001151636243e-05,5.172848250367679e-05
732,0.0005805186810903251,0.0001798232551664114,0.00011272839037701488,5.759340638178401e-05
733,0.000688820902723819,0.00018029882630798966,0.0001935637992573902,6.299165397649631e-05
734,0.0007816145080141723,0.00021655364253092557,0.0002114376547979191,7.072464359225705e-05
735,0.000775111373513937,0.00018352734332438558,0.00024430823395960033,6.945516361156479e-05
736,0.0006324849091470242,0.0001954685285454616,0.00012606025848072022,6.21912331553176e-05
737,0.0004567686119116843,0.00012416415847837925,8.73606841196306e-05,4.9048754590330645e-05
738,0.0004027482063975185,0.00016267375031020492,1.6073221559054218e-05,4.4800246541853994e-05
739,0.0004843666101805866,0.00013129881699569523,0.0001051513318088837,4.958329373039305e-05
740,0.0005686443764716387,0.00018539901066105813,0.0001122417306760326,5.420072557171807e-05
741,0.0005358407506719232,0.00014922073751222342,0.00011566626926651224,5.419075023382902e-05
742,0.0004225544398650527,0.0001429601397830993,4.1675884858705103e-05,4.758367867907509e-05
743,0.00036853825440630317,0.00013722562289331108,9.48784509091638e-06,4.4364955101627856e-05
744,0.00042072247015312314,0.00012574750871863216,6.038785068085417e-05,4.691742651630193e-05
745,0.0004837398591917008,0.00016734183009248227,6.783731805626303e-05,4.971214002580382e-05
746,0.00046404468594118953,0.0001283109886571765,9.018421405926347e-05,4.910989446216263e-05
747,0.0003926660865545273,0.0001467657129978761,2.137725823558867e-05,4.490462379180826e-05
748,0.0003657538036350161,0.00012073883408447728,2.472310370649211e-05,4.4058375351596624e-05
749,0.00040173609158955514,0.00013415621651802212,3.3721866202540696e-05,4.6771601773798466e-05
750,0.00042994157411158085,0.00014155007374938577,4.9486832722323015e-05,4.778093716595322e-05
751,0.00040446972707286477,0.00012728858564514667,4.378424637252465e-05,4.667937901103869e-05
752,0.00036380274104885757,0.00013126984413247555,1.3194350685807876e-05,4.386770888231695e-05
753,0.0003621922223828733,0.00012103380140615627,2.1891242795391008e-05,4.385343345347792e-05
754,0.00038999365642666817,0.0001315316476393491,2.8002526960335672e-05,4.6091900003375486e-05
755,0.0003985572839155793,0.00012748778681270778,4.048347182106227e-05,4.6117205783957615e-05
756,0.0003748824819922447,0.0001288983621634543,2.1298286810633726e-05,4.4937169150216505e-05
757,0.0003531073743943125,0.0001173108394141309,1.9638198864413425e-05,4.3231666495557874e-05
758,0.0003583340730983764,0.00012763419363182038,1.3663622667081654e-05,4.340724990470335e-05
759,0.0003736072685569525,0.00011944321886403486,3.14001263177488e-05,4.455278758541681e-05
760,0.00037179671926423907,0.00012690630683209747,2.370839320064988e-05,4.423640712047927e-05
761,0.00035499915247783065,0.0001198566606035456,1.7483413103036582e-05,4.353181429905817e-05
762,0.0003460304578766227,0.00011575008829822764,1.6337680790456943e-05,4.278853884898126e-05
763,0.00035301491152495146,0.0001245672901859507,1.3320083780854475e-05,4.30255095125176e-05
764,0.0003610306011978537,0.00011359307973179966,2.9450424335664138e-05,4.3597417970886454e-05
765,0.0003566919476725161,0.00012557381705846637,1.566206083225552e-05,4.309121140977368e-05
766,0.00034571101423352957,0.00011176252883160487,2.072674033115618e-05,4.264435119694099e-05
767,0.0003415315586607903,0.00011874197662109509,1.0427085726405494e-05,4.247250035405159e-05
768,0.0003459437284618616,0.00011475783685455099,1.7961978301173076e-05,4.2644780478440225e-05
769,0.0003491282695904374,0.00011604527389863506,1.7881920939544216e-05,4.304021058487706e-05
770,0.0003448782954365015,0.00011549895134521648,1.6624413547106087e-05,4.2550986108835787e-05
771,0.00033797844662331045,0.00011317633470753208,1.3692597349290736e-05,4.2221901821903884e-05
772,0.0003358518297318369,0.00011262731277383864,1.296103437198326e-05,4.205269578960724e-05
773,0.0003385176241863519,0.00011317736789351329,1.4739329344592988e-05,4.212018757243641e-05
774,0.0003400486893951893,0.00011248856753809378,1.5834777514101006e-05,4.234507287037559e-05
775,0.0003371928760316223,0.00011131367500638589,1.5901767255854793e-05,4.199548493488692e-05
776,0.000332853029249236,0.00011223703768337145,1.153915400209371e-05,4.181536860414781e-05
777,0.00033122795866802335,0.00010751323861768469,1.5585908840876073e-05,4.1625760786700994e-05
778,0.0003323911805637181,0.00011333038855809718,1.1019184967153706e-05,4.160831667832099e-05
779,0.0003330399049445987,0.0001059638088918291,1.858109317254275e-05,4.1699000576045364e-05
780,0.00033114649704657495,0.00011255959543632343,1.1178175554960035e-05,4.1481744119664654e-05
781,0.0003281084937043488,0.00010514858877286315,1.6187535948120058e-05,4.135447306907736e-05
782,0.0003264051047153771,0.00010974911856465042,1.0347297575208358e-05,4.126174098928459e-05
783,0.0003264860715717077,0.0001054735403158702,1.4973200450185686e-05,4.120786616113037e-05
784,0.00032667649793438613,0.00010810335515998304,1.2073980542481877e-05,4.129983426537365e-05
785,0.00032552931224927306,0.00010500425560167059,1.4992133401392493e-05,4.1106584831140935e-05
786,0.0003234147443436086,0.00010710432252380997,1.1120844646939076e-05,4.103791798115708e-05
787,0.0003217299235984683,0.00010301150905434042,1.4471377653535455e-05,4.08494051953312e-05
788,0.00032114534405991435,0.00010694626689655706,1.0283232768415473e-05,4.078316851519048e-05
789,0.00032102252589538693,0.00010148100409423932,1.568663356010802e-05,4.0770981286186725e-05
790,0.0003203796222805977,0.00010661179112503305,1.0468018444953486e-05,4.0659964724909514e-05
791,0.00031901418697088957,0.00010039659537142143,1.563390287628863e-05,4.059674029122107e-05
792,0.00031755532836541533,0.00010530227882554755,9.846186003414914e-06,4.0481372707290575e-05
793,0.0003166423412039876,9.956012218026444e-05,1.5096942661330104e-05,4.039705527247861e-05
794,0.00031627449789084494,0.00010434442083351314,9.893452443066053e-06,4.040732528665103e-05
795,0.00031596265034750104,9.849814523477107e-05,1.5985981008270755e-05,4.029570845887065e-05
796,0.00031534943263977766,0.00010432823182782158,9.500415217189584e-06,4.0304155845660716e-05
797,0.00031457480508834124,9.629178384784609e-05,1.765642809914425e-05,4.01253200834617e-05
798,0.00031409465009346604,0.00010537038906477392,8.291912308777682e-06,4.008646646980196e-05
799,0.00031427404610440135,9.329209569841623e-05,2.1273492166073993e-05,3.994169310317375e-05
800,0.00031520758057013154,0.00010773613030323759,7.940167051856406e-06,3.9906259189592674e-05
801,0.0003169287519995123,8.985852764453739e-05,2.813691935443785e-05,3.9786660636309534e-05
802,0.00031976160244084895,0.00011169009667355567,9.154657163890079e-06,3.9783371903467923e-05
803,0.00032454502070322633,8.576787513447925e-05,4.049136987305246e-05,3.9657155866734684e-05
804,0.00033263099612668157,0.00011874863412231207,1.4870011000311933e-05,3.9802471292205155e-05
805,0.00034584509558044374,8.120953134493902e-05,6.61173980915919e-05,3.970363104599528e-05
806,0.0003663674579001963,0.00013215254875831306,3.376755557837896e-05,4.008946780231781e-05
807,0.0003965330251958221,7.753432146273553e-05,0.00011899584205821157,4.000057379016653e-05
808,0.0004373188712634146,0.00015485304174944758,7.937953341752291e-05,4.061726212967187e-05
809,0.00048578891437500715,7.751330122118816e-05,0.00020589159976225346,4.0476807043887675e-05
810,0.0005300346529111266,0.00018034539243672043,0.0001437072060070932,4.1196413803845644e-05
811,0.0005495389341376722,7.944378739921376e-05,0.00026605036691762507,4.080895450897515e-05
812,0.0005230152164585888,0.00017761230992618948,0.00013942725490778685,4.119513323530555e-05
813,0.0004513443564064801,7.587816071463749e-05,0.00017404192476533353,4.028485273011029e-05
814,0.0003653901512734592,0.00012928196520078927,3.626959369285032e-05,3.996771920355968e-05
815,0.00030865304870530963,8.522981806891039e-05,2.8273083444219083e-05,3.903003016603179e-05
816,0.00030291156144812703,8.55685502756387e-05,2.3769702238496393e-05,3.8714661059202626e-05
817,0.0003362034331075847,0.00011940450349356979,2.2443553461926058e-05,3.887107232003473e-05
818,0.00037668232107535005,7.437764725182205e-05,0.0001069323334377259,3.907446807716042e-05
819,0.0003944161580875516,0.00013818315346725285,5.6840755860321224e-05,3.9878450479591265e-05
820,0.00037844921462237835,7.514732715208083e-05,0.00010489299893379211,3.968177770730108e-05
821,0.0003409217461012304,0.00011728427489288151,2.5125465981545858e-05,3.970240140915848e-05
822,0.00030690539279021323,8.360544597962871e-05,2.933856740128249e-05,3.879227369907312e-05
823,0.00029482069658115506,8.749154949327931e-05,1.5557043298031203e-05,3.835442112176679e-05
824,0.00030527167837135494,0.00010394986747996882,1.0235013178316876e-05,3.821736027020961e-05
825,0.000324486056342721,7.594055205117911e-05,5.678179149981588e-05,3.8352740375557914e-05
826,0.0003361208364367485,0.00011589126370381564,2.524908813938964e-05,3.899609509971924e-05
827,0.00033198975143022835,7.646275480510667e-05,6.10761417192407e-05,3.889017170877196e-05
828,0.000315547309583053,0.00010522167576709762,1.5679202988394536e-05,3.892928725690581e-05
829,0.0002978103293571621,8.28868433018215e-05,2.3914008124847896e-05,3.8201895222300664e-05
830,0.0002887237351387739,8.690122194821015e-05,1.25491751532536e-05,3.78546719730366e-05
831,0.00029093248303979635,9.470131044508889e-05,7.757886123727076e-06,3.769465547520667e-05
832,0.0002995479153469205,7.775820995448157e-05,3.301626929896884e-05,3.7754685763502494e-05
833,0.0003067057696171105,0.00010241825657431036,1.3395463611232117e-05,3.817840843112208e-05
834,0.00030698272166773677,7.718046254012734e-05,3.946616925531998e-05,3.806721724686213e-05
835,0.0003002095618285239,9.785262227524072e-05,1.1792157238232903e-05,3.8112953916424885e-05
836,0.00029068029834888875,8.065751171670854e-05,2.2051894120522775e-05,3.759417813853361e-05
837,0.00028367002960294485,8.692493429407477e-05,9.916080671246164e-06,3.736580038093962e-05
838,0.00028201728127896786,8.721903577679768e-05,8.895087376004085e-06,3.718063089763746e-05
839,0.00028487324016168714,7.945841934997588e-05,1.9599176084739156e-05,3.7163132219575346e-05
840,0.0002889474853873253,9.291224705521017e-05,9.108624908549245e-06,3.7385318137239665e-05
841,0.0002909193863160908,7.725825707893819e-05,2.717524694162421e-05,3.729717718670145e-05
842,0.00028933148132637143,9.2597387265414e-05,9.851942195382435e-06,3.737643055501394e-05
843,0.00028504017973318696,7.807629299350083e-05,2.1746069251094013e-05,3.704356277012266e-05
844,0.0002802578383125365,8.707412052899599e-05,8.58135535963811e-06,3.692047539516352e-05
845,0.00027704989770427346,8.11457066447474e-05,1.2409936971380375e-05,3.6698849726235494e-05
846,0.000276234932243824,8.118538971757516e-05,1.1900459867320023e-05,3.6629811802413315e-05
847,0.0002772323787212372,8.515668014297262e-05,8.714653631614055e-06,3.667221244540997e-05
848,0.00027868663892149925,7.764769543427974e-05,1.8008136976277456e-05,3.660616130218841e-05
849,0.00027933187084272504,8.726954547455534e-05,8.653145414427854e-06,3.668183853733353e-05
850,0.0002785898104775697,7.633212226210162e-05,1.977417014131788e-05,3.649670543381944e-05
851,0.00027667131507769227,8.605237962910905e-05,8.288082426588517e-06,3.6466168239712715e-05
852,0.0002742865472100675,7.680197450099513e-05,1.6196634533116594e-05,3.625758836278692e-05
853,0.00027219404000788927,8.266029908554628e-05,8.582897862652317e-06,3.6190169339533895e-05
854,0.00027085491456091404,7.869850378483534e-05,1.1692392945406027e-05,3.60928061127197e-05
855,0.000270315445959568,7.903640653239563e-05,1.1131753126392141e-05,3.6029454349773005e-05
856,0.0002703007194213569,8.09709308668971e-05,9.207504263031296e-06,3.6024452128913254e-05
857,0.0002704099752008915,7.631535845575854e-05,1.4445255146711133e-05,3.592987559386529e-05
858,0.00027030473574995995,8.228814840549603e-05,8.356471880688332e-06,3.593201836338267e-05
859,0.0002698104362934828,7.481083594029769e-05,1.6017611415009014e-05,3.579639451345429e-05
860,0.00026892911409959197,8.198554860427976e-05,8.088386493909638e-06,3.577103416319005e-05
861,0.00026779016479849815,7.449983240803704e-05,1.5107953913684469e-05,3.563647987903096e-05
862,0.00026657251873984933,8.030066237552091e-05,8.312982572533656e-06,3.559177275747061e-05
863,0.0002654378185980022,7.513700984418392e-05,1.2836449968745e-05,3.549287066562101e-05
864,0.0002644881315063685,7.796523277647793e-05,9.34619311010465e-06,3.543534330674447e-05
865,0.00026375416200608015,7.624849968124181e-05,1.0636098522809334e-05,3.537391603458673e-05
866,0.00026320700999349356,7.568088767584413e-05,1.1020510100934189e-05,3.530112371663563e-05
867,0.00026278020231984556,7.727453339612111e-05,9.204186426359229e-06,3.5260298318462446e-05
868,0.00026239658473059535,7.38805829314515e-05,1.2652507393795531e-05,3.5172699426766485e-05
869,0.00026198715204373,7.778056169627234e-05,8.51374352350831e-06,3.513857154757716e-05
870,0.00026150583289563656,7.271193317137659e-05,1.3581377061200328e-05,3.5042507079197094e-05
871,0.0002609332150314003,7.759690925013274e-05,8.298145985463634e-06,3.500763341435231e-05
872,0.000260274566244334,7.212501805042848e-05,1.3593415133072995e-05,3.491122697596438e-05
873,0.0002595508412923664,7.681036368012428e-05,8.376315236091614e-06,3.4872831747634336e-05
874,0.0002587908529676497,7.196624937932938e-05,1.2919857908855192e-05,3.478095095488243e-05
875,0.00025802210438996553,7.565309351775795e-05,8.681850886205211e-06,3.4737433452392e-05
876,0.00025726904277689755,7.204644498415291e-05,1.196219091070816e-05,3.465207919362001e-05
877,0.00025654491037130356,7.437289605149999e-05,9.156770829576999e-06,3.460304651525803e-05
878,0.00025585596449673176,7.219224062282592e-05,1.1041034667869098e-05,3.45245425705798e-05
879,0.00025520139024592936,7.314664253499359e-05,9.704068361315876e-06,3.447013659751974e-05
880,0.00025457676383666694,7.227708556456491e-05,1.030890598485712e-05,3.4398155548842624e-05
881,0.000253975682426244,7.206388545455411e-05,1.021871776174521e-05,3.4338612749706954e-05
882,0.00025339159765280783,7.223925786092877e-05,9.78791831585113e-06,3.427288538659923e-05
883,0.000252819387242198,7.113899482646957e-05,1.0636817023623735e-05,3.4208718716399744e-05
884,0.00025225605349987745,7.207592716440558e-05,9.436073014512658e-06,3.414880848140456e-05
885,0.00025169961736537516,7.034284499241039e-05,1.0954867320833728e-05,3.408038173802197e-05
886,0.00025114938034676015,7.182466652011499e-05,9.193605364998803e-06,3.4026223147520795e-05
887,0.0002506068558432162,6.962217594264075e-05,1.1215772246941924e-05,3.395378007553518e-05
888,0.00025007364456541836,7.154388003982604e-05,9.003119885164779e-06,3.390532947378233e-05
889,0.00024955254048109055,6.891900557093322e-05,1.1488447853480466e-05,3.3829019230324775e-05
890,0.0002490485494490713,7.129778532544151e-05,8.81623782333918e-06,3.378690598765388e-05
891,0.0002485679870005697,6.817349640186876e-05,1.1862181054311804e-05,3.370646300027147e-05
892,0.0002481190604157746,7.116151391528547e-05,8.597802661824971e-06,3.367194949532859e-05
893,0.000247716176090762,6.732504698447883e-05,1.2455793694243766e-05,3.358706453582272e-05
894,0.0002473795029800385,7.122274109860882e-05,8.339133273693733e-06,3.356352317496203e-05
895,0.0002471400366630405,6.630860298173502e-05,1.3460654372465797e-05,3.347415622556582e-05
896,0.0002470437902957201,7.161726534832269e-05,8.08651475381339e-06,3.346800076542422e-05
897,0.0002471634070388973,6.504605698864907e-05,1.524163508292986e-05,3.3375141356373206e-05
898,0.00024760892847552896,7.257445395225659e-05,8.036520739551634e-06,3.339959221193567e-05
899,0.00024855631636455655,6.345292058540508e-05,1.8557693692855537e-05,3.330914114485495e-05
900,0.0002502775751054287,7.452332647517323e-05,8.791965228738263e-06,3.3392454497516155e-05
901,0.00025321030989289284,6.148623651824892e-05,2.510569174773991e-05,3.3323678508168086e-05
902,0.00025803555035963655,7.831734546925873e-05,1.2078254258085508e-05,3.352798739797436e-05
903,0.000265840208157897,5.9326808695914224e-05,3.881532757077366e-05,3.353961801622063e-05
904,0.00027827106532640755,8.568100747652352e-05,2.2548023480339907e-05,3.400840796530247e-05
905,0.00029783573700115085,5.790522845927626e-05,6.864241731818765e-05,3.425762042752467e-05
906,0.0003279304364696145,9.99349431367591e-05,5.15005667693913e-05,3.529898822307587e-05
907,0.00037284247810021043,5.994502134853974e-05,0.0001322772295679897,3.6124049074715e-05
908,0.00043583434307947755,0.00012572713603731245,0.00011893847840838134,3.823374572675675e-05
909,0.0005161585286259651,6.96479546604678e-05,0.00024672437575645745,3.995724182459526e-05
910,0.000600547413341701,0.00016037473687902093,0.0002250609250040725,4.302234810893424e-05
911,0.0006597362807951868,8.227951911976561e-05,0.0003557724703568965,4.433685899130069e-05
912,0.0006512300460599363,0.00016944007074926049,0.00025548358098603785,4.52612730441615e-05
913,0.0005552507936954498,7.351673411903903e-05,0.00027018674882128835,4.2309453419875354e-05
914,0.00040434254333376884,0.00011525275476742536,9.624559606891125e-05,3.856883995467797e-05
915,0.0002781512448564172,5.944722215645015e-05,4.827366865356453e-05,3.408607517485507e-05
916,0.00023938895901665092,6.0170088545419276e-05,1.7959311662707478e-05,3.225191176170483e-05
917,0.00028695748187601566,8.999386773211882e-05,3.2673462555976585e-05,3.285802813479677e-05
918,0.0003653900930657983,5.577297633863054e-05,0.00013780040899291635,3.4363340091658756e-05
919,0.0004085494438186288,0.00011994424858130515,0.00010847372323041782,3.6026289308210835e-05
920,0.0003841219295281917,5.773574230261147e-05,0.0001489959395257756,3.547804953996092e-05
921,0.00031251736800186336,9.413554653292522e-05,4.664994412451051e-05,3.434637619648129e-05
922,0.0002490608021616936,5.775764293503016e-05,2.895391298807226e-05,3.246984488214366e-05
923,0.00023486968711949885,5.865261118742637e-05,1.7294920326094143e-05,3.178443148499355e-05
924,0.00026644757599569857,8.273984713014215e-05,2.300097548868507e-05,3.214134994777851e-05
925,0.00030653845169581473,5.2678133215522394e-05,9.081346797756851e-05,3.260936864535324e-05
926,0.0003182911314070225,9.766130096977577e-05,5.5180957133416086e-05,3.3089774660766125e-05
927,0.0002933812793344259,5.2635186875704676e-05,7.826261571608484e-05,3.2496696803718805e-05
928,0.0002537081891205162,7.710941281402484e-05,1.6629943274892867e-05,3.199376442353241e-05
929,0.00022975850151851773,5.9077839978272095e-05,1.3411196050583385e-05,3.1453895644517615e-05
930,0.00023424655955750495,5.640306699206121e-05,2.0569335902109742e-05,3.145483060507104e-05
931,0.0002555233659222722,7.782461761962622e-05,1.8418220861349255e-05,3.185610694345087e-05
932,0.00027153920382261276,5.1973398512927815e-05,6.010569632053375e-05,3.1892024708213285e-05
933,0.00026861828519031405,8.245966455433518e-05,2.6576261006994173e-05,3.191647192579694e-05
934,0.0002504648291505873,5.250915273791179e-05,4.0855993574950844e-05,3.1419935112353414e-05
935,0.0002319123304914683,6.766814476577565e-05,8.33443300507497e-06,3.1181949452729896e-05
936,0.00022547166736330837,6.036064223735593e-05,9.675264664110728e-06,3.10871510009747e-05
937,0.00023206850164569914,5.566341496887617e-05,2.046558256552089e-05,3.11879011860583e-05
938,0.00024276638578157872,7.186501170508564e-05,1.3485827366821468e-05,3.148310861433856e-05
939,0.0002474864886607975,5.260829129838385e-05,3.796236705966294e-05,3.138316606055014e-05
940,0.00024258700432255864,7.201256084954366e-05,1.393611546518514e-05,3.132766505586915e-05
941,0.00023228042118716985,5.398475332185626e-05,2.3568180040456355e-05,3.094549902016297e-05
942,0.00022393104154616594,6.224590470083058e-05,7.803059816069435e-06,3.077641667914577e-05
943,0.00022212835028767586,6.02651052759029e-05,8.443532351520844e-06,3.0683942895848304e-05
944,0.00022597401402890682,5.48252573935315e-05,1.7695987480692565e-05,3.069055310334079e-05
945,0.00023088874877430499,6.688464054604992e-05,9.838574442255776e-06,3.083310730289668e-05
946,0.00023255213454831392,5.278372918837704e-05,2.6041943783639e-05,3.07452937704511e-05
947,0.00022975110914558172,6.626463436987251e-05,9.806408343138173e-06,3.073601328651421e-05
948,0.00022454903228208423,5.4261323384707794e-05,1.7760665286914445e-05,3.050540544791147e-05
949,0.00022020054166205227,5.9932630392722785e-05,8.24296694190707e-06,3.040498631889932e-05
950,0.00021877458493690938,5.868571679457091e-05,8.644862646178808e-06,3.0288802008726634e-05
951,0.00022006673680152744,5.44938666280359e-05,1.44104569699266e-05,3.023248427780345e-05
952,0.00022223166888579726,6.3062492699828e-05,7.937016562209465e-06,3.024643228854984e-05
953,0.0002232906990684569,5.23771122971084e-05,2.0081566617591307e-05,3.0166404030751437e-05
954,0.00022235889628063887,6.335791840683669e-05,8.2237966125831e-06,3.015543734363746e-05
955,0.00021994413691572845,5.2920644520781934e-05,1.6868441889528185e-05,3.0031011192477308e-05
956,0.000217331456951797,5.979268826195039e-05,7.632150300196372e-06,2.9981321858940646e-05
957,0.00021567102521657944,5.542433791561052e-05,1.0678519174689427e-05,2.9913631806266494e-05
958,0.00021534485858865082,5.57700805075001e-05,1.022084143187385e-05,2.9870787329855375e-05
959,0.00021593007841147482,5.832405076944269e-05,8.200355296139605e-06,2.988113192259334e-05
960,0.00021661231585312635,5.348126796889119e-05,1.4022143659531139e-05,2.9821780117345043e-05
961,0.00021671153081115335,5.9404799685580656e-05,8.1343823694624e-06,2.983446938742418e-05
962,0.0002160090662073344,5.3115607443032786e-05,1.4247551007429138e-05,2.9729182642768137e-05
963,0.00021475597168318927,5.7960849517257884e-05,8.277570486825425e-06,2.9703511245315894e-05
964,0.00021344014385249466,5.425171912065707e-05,1.1245159839745611e-05,2.9588652978418395e-05
965,0.00021249818382784724,5.523059735423885e-05,9.560837497701868e-06,2.954134833998978e-05
966,0.000212121318327263,5.621658419840969e-05,8.628133400634397e-06,2.9455321055138484e-05
967,0.00021223502699285746,5.2778766985284165e-05,1.2437880286597647e-05,2.940367630799301e-05
968,0.00021261216897983104,5.8004043239634484e-05,7.87487533671083e-06,2.9346649171202444e-05
969,0.0002130330103682354,5.130429417476989e-05,1.5229721611831337e-05,2.9299797461135313e-05
970,0.0002134197420673445,5.889108433621004e-05,8.232524123741314e-06,2.9259226721478626e-05
971,0.00021389234461821616,5.083748328615911e-05,1.6809575754450634e-05,2.9249058570712805e-05
972,0.00021477049449458718,5.910628169658594e-05,9.442148439120501e-06,2.924441287177615e-05
973,0.00021653727162629366,5.12296064698603e-05,1.857315146480687e-05,2.934690382971894e-05
974,0.0002198508009314537,5.9839938330696896e-05,1.2759544915752485e-05,2.945026608358603e-05
975,0.00022559215722139925,5.250878894003108e-05,2.409700391581282e-05,2.979727287311107e-05
976,0.0002350375580135733,6.304914131760597e-05,2.1197738533373922e-05,3.015813672391232e-05
977,0.0002500256523489952,5.550203786697239e-05,3.9543272578157485e-05,3.099607056356035e-05
978,0.00027315953047946095,7.182983972597867e-05,4.1662449802970514e-05,3.1933443096932024e-05
979,0.000307535839965567,6.276847852859646e-05,7.616409857291728e-05,3.372065111761913e-05
980,0.00035572293563745916,9.046992636285722e-05,8.676649304106832e-05,3.5697303246706724e-05
981,0.000416368740843609,7.743779133306816e-05,0.00014532626664731652,3.872093657264486e-05
982,0.00047932271263562143,0.00011729394464055076,0.0001558511285111308,4.1235529351979494e-05
983,0.0005204069311730564,9.083369513973594e-05,0.00021266624389681965,4.3381398427300155e-05
984,0.0005093879299238324,0.00012428112677298486,0.00017336354358121753,4.2348656279500574e-05
985,0.0004325277986936271,7.501045911340043e-05,0.0001635099179111421,3.880148506141268e-05
986,0.0003195848548784852,8.576298569096252e-05,6.851810030639172e-05,3.3060754503821954e-05
987,0.00023010220320429653,4.78472575196065e-05,3.6673354770755395e-05,2.911631963797845e-05
988,0.00020743814820889384,5.508449248736724e-05,9.19721060199663e-06,2.8631289751501754e-05
989,0.00024603091878816485,6.125452637206763e-05,3.013521563843824e-05,3.092824044870213e-05
990,0.0003026850172318518,6.168810796225443e-05,7.126364653231576e-05,3.394665691303089e-05
991,0.00033026200253516436,8.310510747833177e-05,7.345600170083344e-05,3.474018012639135e-05
992,0.00030841026455163956,5.919851173530333e-05,8.206089842133224e-05,3.3430169423809275e-05
993,0.00025595008628442883,6.964306521695107e-05,3.453974932199344e-05,3.0353456168086268e-05
994,0.00021297839703038335,4.628489841707051e-05,2.5265044314437546e-05,2.828569085977506e-05
995,0.0002063500724034384,5.4741805797675624e-05,9.720590242068283e-06,2.8377535272738896e-05
996,0.00023019291984383017,5.534908268600702e-05,2.51171768468339e-05,2.9945331334602088e-05
997,0.00025669444585219026,5.727822644985281e-05,4.146951687289402e-05,3.1589344871463254e-05
998,0.0002613040851429105,6.496335117844865e-05,3.909032966475934e-05,3.1450079404748976e-05
999,0.00024097888672258705,5.2680585213238373e-05,3.702713001985103e-05,3.025423393410165e-05
1000,0.0002132928930222988,5.654953565681353e-05,1.434698515367927e-05,2.8479274988058023e-05
1001,0.00019905393128283322,4.714571696240455e-05,1.3346172636374831e-05,2.771240906440653e-05
1002,0.0002049010363407433,5.212019459577277e-05,1.1656353308353573e-05,2.8224898414919153e-05
1003,0.00022065837401896715,5.3209350880933926e-05,2.1599546016659588e-05,2.916989615187049e-05
1004,0.00023051429889164865,5.412199243437499e-05,2.706959639908746e-05,2.9864539101254195e-05
1005,0.00022614582849200815,5.521568891708739e-05,2.4012430003494956e-05,2.938354191428516e-05
1006,0.00021175931033212692,5.08821576659102e-05,1.8061135051539168e-05,2.8563204978127033e-05
1007,0.00019859445455949754,4.9690155719872564e-05,1.068054734787438e-05,2.764475175354164e-05
1008,0.00019498413894325495,4.914355668006465e-05,8.858984074322507e-06,2.739631963777356e-05
1009,0.000200564885744825,4.869980693911202e-05,1.3068771295365877e-05,2.7759262593463063e-05
1010,0.00020835790201090276,5.193413744564168e-05,1.554376103740651e-05,2.8176000341773033e-05
1011,0.0002112775982823223,5.0244052545167506e-05,1.8903636373579502e-05,2.8425982236512937e-05
1012,0.00020727039373014122,5.093208164907992e-05,1.6033565771067515e-05,2.8060949261998758e-05
1013,0.00019976416660938412,4.9459114961791784e-05,1.209922629641369e-05,2.764116470643785e-05
1014,0.0001940501679200679,4.696346877608448e-05,1.1130256098113023e-05,2.719128860917408e-05
1015,0.0001930917496792972,4.9795966333476827e-05,7.906059181550518e-06,2.707794374146033e-05
1016,0.00019591464661061764,4.5964483433635905e-05,1.3879904145142063e-05,2.7214051442570053e-05
1017,0.00019914665608666837,5.13154300278984e-05,1.1072002962464467e-05,2.735184352786746e-05
1018,0.00019985537801403552,4.655214797821827e-05,1.6122889064718038e-05,2.7436068194219843e-05
1019,0.00019744950986932963,5.011546454625204e-05,1.1122880096081644e-05,2.724223304539919e-05
1020,0.00019357979181222618,4.6661160013172776e-05,1.1651789463940077e-05,2.7053367375629023e-05
1021,0.00019057626195717603,4.7114335757214576e-05,9.287939974456094e-06,2.683479578990955e-05
1022,0.00018977225408889353,4.7601450205547735e-05,8.374726348847616e-06,2.675921678019222e-05
1023,0.00019085632811766118,4.54721121059265e-05,1.1438394722063094e-05,2.6789164621732198e-05
1024,0.0001924229582073167,4.91056744067464e-05,9.21962782740593e-06,2.6819532649824396e-05
1025,0.00019307414186187088,4.500618888414465e-05,1.3810365999233909e-05,2.6851517759496346e-05
1026,0.00019226333824917674,4.913883822155185e-05,9.384069926454686e-06,2.6748088203021325e-05
1027,0.00019042864732909948,4.4690666982205585e-05,1.2476548363338225e-05,2.6652285669115372e-05
1028,0.00018852081848308444,4.7703211748739704e-05,8.215267371269874e-06,2.6520470782998018e-05
1029,0.00018733696197159588,4.485727185965516e-05,1.0240135452477261e-05,2.6447911295690574e-05
1030,0.0001871042331913486,4.6387853217311203e-05,8.550344318791758e-06,2.643320658535231e-05
1031,0.00018748134607449174,4.557323336484842e-05,9.788449460756965e-06,2.642393155838363e-05
1032,0.0001878764887806028,4.569984957925044e-05,9.908147148962598e-06,2.6453697500983253e-05
1033,0.00018782065308187157,4.592881668941118e-05,9.907991625368595e-06,2.6396770408609882e-05
1034,0.00018718525825534016,4.526003613136709e-05,1.0114735232491512e-05,2.636209683259949e-05
1035,0.0001861684286268428,4.547126081888564e-05,9.428381417819764e-06,2.62537578237243e-05
1036,0.000185123470146209,4.4983564293943346e-05,9.213018529408146e-06,2.61853765550768e-05
1037,0.00018434665980748832,4.469923078431748e-05,9.130194484896492e-06,2.6103445634362288e-05
1038,0.0001839486649259925,4.501173316384666e-05,8.646660717204213e-06,2.60580527537968e-05
1039,0.00018384565191809088,4.414181603351608e-05,9.539078746456653e-06,2.6032952519017272e-05
1040,0.00018384261056780815,4.511172664933838e-05,8.734892617212608e-06,2.599919753265567e-05
1041,0.00018374709179624915,4.384433850646019e-05,9.98075665847864e-06,2.5984400053857826e-05
1042,0.00018345109128858894,4.49304970970843e-05,8.869342309480999e-06,2.5930248739314266e-05
1043,0.00018295668996870518,4.3665215343935415e-05,9.814951226871926e-06,2.5895304133882746e-05
1044,0.00018234715389553457,4.440835982677527e-05,8.815167348075192e-06,2.582472370704636e-05
1045,0.0001817349111661315,4.359296144684777e-05,9.259503713110462e-06,2.577648774604313e-05
1046,0.00018121013999916613,4.3766027374658734e-05,8.858143701218069e-06,2.571719596744515e-05
1047,0.00018081095186062157,4.3627227569231763e-05,8.815421097096987e-06,2.567365845607128e-05
1048,0.0001805245119612664,4.3205796828260645e-05,9.143261195276864e-06,2.5635090423747897e-05
1049,0.00018030221690423787,4.368247391539626e-05,8.646789865451865e-06,2.5594588805688545e-05
1050,0.00018008660117629915,4.277387779438868e-05,9.484972906648181e-06,2.5565548639860936e-05
1051,0.00017983309226110578,4.3640546209644526e-05,8.593574420956429e-06,2.551979196141474e-05
1052,0.00017951958579942584,4.24295176344458e-05,9.657689588493668e-06,2.5486475351499394e-05
1053,0.00017914950149133801,4.346551213529892e-05,8.514380169799551e-06,2.5433921109652147e-05
1054,0.00017874309560284019,4.212733620079234e-05,9.645586033002473e-06,2.5394036129000597e-05
1055,0.00017832771118264645,4.321907545090653e-05,8.395742952416185e-06,2.5342578737763688e-05
1056,0.00017792993457987905,4.1828403482213616e-05,9.604880688129924e-06,2.529933044570498e-05
1057,0.0001775697455741465,4.301351873436943e-05,8.27856820251327e-06,2.5255532818846405e-05
1058,0.00017725910583976656,4.147993968217634e-05,9.720905836729798e-06,2.5211651518475264e-05
1059,0.00017700681928545237,4.296133920433931e-05,8.152427653840277e-06,2.5178611394949257e-05
1060,0.0001768226211424917,4.099622674402781e-05,1.0157203178096097e-05,2.5133836970780976e-05
1061,0.00017672620015218854,4.3184267269680277e-05,7.98653309175279e-06,2.5111079594353214e-05
1062,0.00017675996059551835,4.0270908357342705e-05,1.1166896911163349e-05,2.506443161109928e-05
1063,0.00017700425814837217,4.3877818825421855e-05,7.860018740757369e-06,2.505328484403435e-05
1064,0.0001776074932422489,3.9186452340800315e-05,1.3397562725003809e-05,2.500469418009743e-05
1065,0.0001788324152585119,4.545360570773482e-05,8.320354936586227e-06,2.5011691832332872e-05
1066,0.00018114483100362122,3.7671037716791034e-05,1.8639217159943655e-05,2.4966915589175187e-05
1067,0.00018535989511292428,4.885440648649819e-05,1.1431615348556079e-05,2.501477320038248e-05
1068,0.00019292847719043493,3.595523594412953e-05,3.199580532964319e-05,2.4995486455736682e-05
1069,0.0002063685387838632,5.641615643980913e-05,2.423116529826075e-05,2.5144243409158662e-05
1070,0.0002301038766745478,3.5574139474192634e-05,6.841462891316041e-05,2.5223020202247426e-05
1071,0.00027138309087604284,7.407153316307813e-05,6.90961824147962e-05,2.564307396824006e-05
1072,0.000341831793775782,4.2394814954604954e-05,0.00016918865730986,2.6049663574667647e-05
1073,0.00045607436913996935,0.00011512907076394185,0.00020512903574854136,2.7163252525497228e-05
1074,0.0006272110040299594,7.046979590086266e-05,0.0004147979198023677,2.838865293597337e-05
1075,0.0008410979062318802,0.0001907376281451434,0.0004969303263351321,3.06859910779167e-05
1076,0.0010297255357727408,0.00011660095333354548,0.0007504643872380257,3.25320397678297e-05
1077,0.0010492891306057572,0.0002287255338160321,0.0006499356240965426,3.412558726267889e-05
1078,0.0008138497360050678,9.001207945402712e-05,0.0005599570577032864,3.2776122679933906e-05
1079,0.00043626042315736413,0.00010814248526003212,0.0001793334522517398,2.9756896765320562e-05
1080,0.00020033022155985236,3.9089682104531676e-05,3.133135032840073e-05,2.598183709778823e-05
1081,0.00025105822714976966,3.554678914952092e-05,9.396037057740614e-05,2.431021312077064e-05
1082,0.00045825145207345486,0.00011954810179304332,0.00021468399791046977,2.480386865499895e-05
1083,0.0005713727441616356,6.301168468780816e-05,0.00037978217005729675,2.5715777155710384e-05
1084,0.00046402818406932056,0.00011799541243817657,0.0002144569589290768,2.6315166905988008e-05
1085,0.0002615210833027959,3.611984720919281e-05,9.745240822667256e-05,2.558976484579034e-05
1086,0.0001800597383407876,3.8923975807847455e-05,1.7399648641003296e-05,2.474722350598313e-05
1087,0.00027027365285903215,7.544877007603645e-05,7.406990334857255e-05,2.415099515928887e-05
1088,0.0003833987284451723,4.626210284186527e-05,0.00021721047232858837,2.3985230654943734e-05
1089,0.00036946998443454504,9.874976240098476e-05,0.00015002120926510543,2.4139801098499447e-05
1090,0.0002500369737390429,3.5104774724459276e-05,9.502524335402995e-05,2.3981388949323446e-05
1091,0.00016933675215113908,4.190604522591457e-05,7.84921576268971e-06,2.391629823250696e-05
1092,0.00020375667372718453,5.632445027003996e-05,2.805130679917056e-05,2.387618224020116e-05
1093,0.00028117175679653883,3.742569970199838e-05,0.00012474998948164284,2.3799211703590117e-05
1094,0.00029280228773131967,8.04251030785963e-05,9.323599806521088e-05,2.3828240955481306e-05
1095,0.0002286080562043935,3.433913298067637e-05,7.558753713965416e-05,2.3736276489216834e-05
1096,0.00017195694090332836,4.358822479844093e-05,9.41768303164281e-06,2.3790207706042565e-05
1097,0.00018235846073366702,4.822251503355801e-05,1.4562854630639777e-05,2.391461566730868e-05
1098,0.00022742908913642168,3.349431790411472e-05,7.455499871866778e-05,2.387595668551512e-05
1099,0.00023973715724423528,6.641793152084574e-05,5.427587893791497e-05,2.3808670448488556e-05
1100,0.00020501160179264843,3.2720694434829056e-05,5.4435720812762156e-05,2.3571037672809325e-05
1101,0.0001692888035904616,4.2945936002070084e-05,8.616863851784728e-06,2.3545198928331956e-05
1102,0.00017197165288962424,4.384651765576564e-05,9.830728231463581e-06,2.3658882128074765e-05
1103,0.00019901437917724252,3.266728526796214e-05,4.768834696733393e-05,2.3731750843580812e-05
1104,0.00020998535910621285,5.737130777561106e-05,3.3607346267672256e-05,2.3801339921192266e-05
1105,0.00019149525905959308,3.252035821788013e-05,4.10409047617577e-05,2.358679921599105e-05
1106,0.00016786390915513039,4.2116851545870304e-05,8.61118041939335e-06,2.3427175619872287e-05
1107,0.00016516709001734853,4.0774946683086455e-05,7.83805808168836e-06,2.3310818505706266e-05
1108,0.00017995374219026417,3.254298644606024e-05,3.0952523957239464e-05,2.3291646357392892e-05
1109,0.00018923083553090692,5.110377969685942e-05,2.1363845007726923e-05,2.33526443480514e-05
1110,0.00018124820780940354,3.2397801987826824e-05,3.243326864321716e-05,2.328342634427827e-05
1111,0.00016683565627317876,4.177164737484418e-05,8.830835213302635e-06,2.324663546460215e-05
1112,0.00016237601812463254,3.842571459244937e-05,8.185662409232464e-06,2.315292840648908e-05
1113,0.0001696590188657865,3.317947994219139e-05,2.10328016692074e-05,2.308934745087754e-05
1114,0.00017672083049546927,4.6759458200540394e-05,1.4615041436627507e-05,2.3069265807862394e-05
1115,0.00017421338998246938,3.2351003028452396e-05,2.6804409571923316e-05,2.3011594748822972e-05
1116,0.00016545961261726916,4.1665251046651974e-05,8.82882704900112e-06,2.2993108359514736e-05
1117,0.00016025351942516863,3.6256842577131465e-05,9.22707658901345e-06,2.2953921870794147e-05
1118,0.000162621567142196,3.4027889341814443e-05,1.4007449863129295e-05,2.2917245587450452e-05
1119,0.00016753030649852008,4.285624163458124e-05,1.0165201274503488e-05,2.2901771444594488e-05
1120,0.00016825400234665722,3.241064405301586e-05,2.1635914890794083e-05,2.2841490135760978e-05
1121,0.00016402930486947298,4.113774775760248e-05,8.794278983259574e-06,2.2819456717115827e-05
1122,0.0001596700749360025,3.480562736513093e-05,1.0953965102089569e-05,2.27820964937564e-05
1123,0.0001592245534993708,3.508736699586734e-05,1.0338154424971435e-05,2.2759806597605348e-05
1124,0.00016179124941118062,3.971800106228329e-05,8.273011189885437e-06,2.2760046704206616e-05
1125,0.00016347483324352652,3.273501351941377e-05,1.7183745512738824e-05,2.2711214114679024e-05
1126,0.0001620820548851043,4.0072802221402526e-05,8.570636055083014e-06,2.2687725504511036e-05
1127,0.00015907277702353895,3.387493052287027e-05,1.2107935617677867e-05,2.2617983631789684e-05
1128,0.00015730367158539593,3.581051714718342e-05,8.601309673395008e-06,2.257836786156986e-05
1129,0.00015782560512889177,3.7342873838497326e-05,7.779788575135171e-06,2.254058745165821e-05
1130,0.000159187096869573,3.3052459912141785e-05,1.363096362183569e-05,2.2500735212815925e-05
1131,0.00015940770390443504,3.888176433974877e-05,8.114188858598936e-06,2.2482350686914288e-05
1132,0.0001580633979756385,3.315956928418018e-05,1.2719110600301065e-05,2.243694143544417e-05
1133,0.00015638230252079666,3.641686635091901e-05,7.918877599877305e-06,2.240931280539371e-05
1134,0.00015569919196423143,3.53726209141314e-05,8.477053597744089e-06,2.236990439996589e-05
1135,0.00015613154391758144,3.361753624631092e-05,1.0845982615137473e-05,2.233360464742873e-05
1136,0.00015671616711188108,3.7374258681666106e-05,7.813081538188271e-06,2.230576501460746e-05
1137,0.000156545196659863,3.282848047092557e-05,1.2388934919727035e-05,2.2265556253842078e-05
1138,0.00015561096370220184,3.6619978345697746e-05,7.79857327870559e-06,2.22384824155597e-05
1139,0.00015462440205737948,3.38762256433256e-05,9.724439223646186e-06,2.220474743808154e-05
1140,0.00015420802810695022,3.435220060055144e-05,8.987943147076294e-06,2.217357723566238e-05
1141,0.00015434403030667454,3.5594541259342805e-05,7.995940904947929e-06,2.2150710719870403e-05
1142,0.00015452368825208396,3.2971976906992495e-05,1.0990378541464452e-05,2.2112266378826462e-05
1143,0.00015430498751811683,3.600115451263264e-05,7.859385732444935e-06,2.2088890546001494e-05
1144,0.00015369197353720665,3.309015664854087e-05,1.0378196748206392e-05,2.2044721845304593e-05
1145,0.00015303693362511694,3.4693905035965145e-05,8.26670293463394e-06,2.2015266949892975e-05
1146,0.00015266337140928954,3.4206052077934146e-05,8.578502274758648e-06,2.197576395701617e-05
1147,0.00015259295469149947,3.318570816190913e-05,9.696463166619651e-06,2.194215812778566e-05
1148,0.00015259164501912892,3.5117347579216585e-05,7.926820217107888e-06,2.1909494535066187e-05
1149,0.00015241949586197734,3.2589014153927565e-05,1.04554574136273e-05,2.187500285799615e-05
1150,0.00015203213843051344,3.4827226045308635e-05,7.980063855939079e-06,2.1844969523954205e-05
1151,0.00015157611051108688,3.2954827474895865e-05,9.54646930040326e-06,2.181496165576391e-05
1152,0.00015123207413125783,3.3704727684380487e-05,8.605181392340455e-06,2.1784431737614796e-05
1153,0.00015106392675079405,3.372729042894207e-05,8.528146281605586e-06,2.1761696189059876e-05
1154,0.00015099563461262733,3.277439100202173e-05,9.576237061992288e-06,2.1729001673520543e-05
1155,0.00015090469969436526,3.4073495044140145e-05,8.274399078800343e-06,2.171136293327436e-05
1156,0.0001507324050180614,3.2560692488914356e-05,9.78295247477945e-06,2.1677751647075638e-05
1157,0.0001505247491877526,3.362567804288119e-05,8.584538591094315e-06,2.16629068745533e-05
1158,0.00015038855781313032,3.2996082154568285e-05,9.22975959838368e-06,2.163254248443991e-05
1159,0.00015042079030536115,3.281576209701598e-05,9.48256092669908e-06,2.1624495275318623e-05
1160,0.00015067122876644135,3.3678799809422344e-05,8.952908501669299e-06,2.1607902453979477e-05
1161,0.00015116730355657637,3.227980050724e-05,1.0764932085294276e-05,2.162451528420206e-05
1162,0.00015197480388451368,3.420134453335777e-05,9.554693860991392e-06,2.1643752916133963e-05
1163,0.00015326566062867641,3.2389107218477875e-05,1.2252479791641235e-05,2.1724816178902984e-05
1164,0.0001553645997773856,3.464795008767396e-05,1.1557413017726503e-05,2.1831845515407622e-05
1165,0.00015879422426223755,3.335787550895475e-05,1.5087887732079253e-05,2.2069691112847067e-05
1166,0.00016434596909675747,3.5868088161805645e-05,1.649542900850065e-05,2.2396490749088116e-05
1167,0.0001732296368572861,3.570622720872052e-05,2.2492020434583537e-05,2.300627966178581e-05
1168,0.0001872776192612946,3.965573705499992e-05,2.8279097023187205e-05,2.38685588556109e-05
1169,0.0002092440554406494,4.119757795706391e-05,4.132204776396975e-05,2.5344887035316788e-05
1170,0.0002428725711070001,4.941165752825327e-05,5.6213302741525695e-05,2.7449521439848468e-05
1171,0.0002926113083958626,5.3973701142240316e-05,8.486548904329538e-05,3.075442145927809e-05
1172,0.0003614104352891445,7.007847307249904e-05,0.00011573807569220662,3.511877730488777e-05
1173,0.0004463556979317218,7.798123260727152e-05,0.00016438987222500145,4.079691643710248e-05
1174,0.0005300146294757724,9.865973697742447e-05,0.00020034395856782794,4.620218533091247e-05
1175,0.0005768514238297939,9.831649367697537e-05,0.00023052605683915317,4.960177102475427e-05
1176,0.0005443107802420855,9.991691331379116e-05,0.0002068683970719576,4.750509833684191e-05
1177,0.0004234600637573749,7.405451469821855e-05,0.00015058202552609146,3.976470179622993e-05
1178,0.0002668775268830359,5.185617919778451e-05,6.903296161908656e-05,2.919767575804144e-05
1179,0.0001612611231394112,3.469144940027036e-05,1.6244983271462843e-05,2.2064939912525006e-05
1180,0.00015495228581130505,3.09182760247495e-05,1.654275729379151e-05,2.1498248315765522e-05
1181,0.00022391343372873962,4.72258216177579e-05,4.678261393564753e-05,2.5980998543673195e-05
1182,0.00029929023003205657,5.361921284929849e-05,9.018610580824316e-05,3.109698445769027e-05
1183,0.0003190668940078467,6.169924745336175e-05,9.499502630205825e-05,3.247452696086839e-05
1184,0.0002698398311622441,5.038678500568494e-05,7.243724394356832e-05,2.940316335298121e-05
1185,0.00019324893946759403,3.799376645474695e-05,3.452274177107029e-05,2.4146484065568075e-05
1186,0.00014796204050071537,3.373483559698798e-05,9.490227967035025e-06,2.0947394659742713e-05
1187,0.0001580972457304597,3.0359247830347158e-05,2.0337076421128586e-05,2.1480185750988312e-05
1188,0.00019947296823374927,4.326541966293007e-05,3.5183205909561366e-05,2.4204866349464282e-05
1189,0.00022826902568340302,4.226155215292238e-05,5.4670439567416906e-05,2.6267407520208508e-05
1190,0.00021924616885371506,4.426475061336532e-05,4.628183523891494e-05,2.573991696408484e-05
1191,0.00018301520321983844,3.741312320926227e-05,2.8612023015739396e-05,2.3398011762765236e-05
1192,0.00015127913502510637,2.992557710967958e-05,1.5866078683757223e-05,2.1097495846333914e-05
1193,0.00014635655679740012,3.4227879950776696e-05,9.161753041553311e-06,2.059338294202462e-05
1194,0.00016399341984651983,3.076556095038541e-05,2.4672688596183434e-05,2.1711033696192317e-05
1195,0.00018237970652990043,4.0082759369397536e-05,2.7391899493522942e-05,2.298100844200235e-05
1196,0.00018370790348853916,3.531465699779801e-05,3.22705163853243e-05,2.322454565728549e-05
1197,0.00016801635501906276,3.492379983072169e-05,2.1960791855235584e-05,2.2226353394216858e-05
1198,0.0001497617195127532,3.261222445871681e-05,1.2215024980832823e-05,2.098689401464071e-05
1199,0.00014287277008406818,2.7925476388190873e-05,1.3166797543817665e-05,2.035609941231087e-05
1200,0.0001491862494731322,3.4653701732167974e-05,1.129581687564496e-05,2.064734508167021e-05
1201,0.00015940335288178176,2.9908445867476985e-05,2.2875094146002084e-05,2.1323961846064776e-05
1202,0.0001630111801205203,3.6266697861719877e-05,1.856249218690209e-05,2.1636396922986023e-05
1203,0.0001570544991409406,3.112727063125931e-05,1.9109664208372124e-05,2.1363512132666074e-05
1204,0.0001470393326599151,3.0948132916819304e-05,1.2473250535549596e-05,2.0723589841509238e-05
1205,0.00014080898836255074,3.106372241745703e-05,8.435617928626016e-06,2.0261928511899896e-05
1206,0.00014173969975672662,2.7672824217006564e-05,1.3083380508760456e-05,2.019669955188874e-05
1207,0.00014693502453155816,3.367569297552109e-05,1.1001077837136108e-05,2.0451650925679132e-05
1208,0.00015076040290296078,2.8620297598536126e-05,1.861228702182416e-05,2.07055636565201e-05
1209,0.0001497651101090014,3.348541576997377e-05,1.2807169696316123e-05,2.069450420094654e-05
1210,0.00014489333261735737,2.9005828764638864e-05,1.3614309864351526e-05,2.0454641344258562e-05
1211,0.00013991841115057468,2.9695611374336295e-05,9.468993084738031e-06,2.0150762793491594e-05
1212,0.00013803437468595803,2.9959330277051777e-05,8.083341526798904e-06,1.9998338757432066e-05
1213,0.00013958562340121716,2.7664334993460216e-05,1.1804871974163689e-05,2.0023284378112294e-05
1214,0.00014238085714168847,3.1999577913666144e-05,9.677869456936605e-06,2.0140683773206547e-05
1215,0.0001437786704627797,2.7722282538888976e-05,1.4992033356975298e-05,2.0212870367686264e-05
1216,0.00014265053323470056,3.176407335558906e-05,1.0104346984007861e-05,2.0156421669526026e-05
1217,0.0001398609165335074,2.786533150356263e-05,1.1916137736989185e-05,2.0015888367197476e-05
1218,0.00013727039913646877,2.9417411496979184e-05,8.493181667290628e-06,1.987196083064191e-05
1219,0.00013626107829622924,2.872964250855148e-05,8.51191180117894e-06,1.9803905161097646e-05
1220,0.00013690884225070477,2.780658905976452e-05,1.0034642400569282e-05,1.981352033908479e-05
1221,0.00013820815365761518,3.0181223337422125e-05,8.755407179705799e-06,1.985430390050169e-05
1222,0.0001389523094985634,2.7349102310836315e-05,1.224293009727262e-05,1.9872055418090895e-05
1223,0.00013854647113475949,3.040285264432896e-05,8.988252375274897e-06,1.9831073586829007e-05
1224,0.00013724477321375161,2.7231426429352723e-05,1.1258149243076332e-05,1.9751039872062393e-05
1225,0.00013580612721852958,2.9236094633233733e-05,8.229688319261186e-06,1.9668068489409052e-05
1226,0.00013491851859726012,2.7624690119409934e-05,9.217252227244899e-06,1.961531597771682e-05
1227,0.00013480044435709715,2.8037631636834703e-05,8.75133446243126e-06,1.9602295651566237e-05
1228,0.0001351776736555621,2.8488782845670357e-05,8.652985343360342e-06,1.960718145710416e-05
1229,0.00013555565965361893,2.7379108360037208e-05,1.012048505799612e-05,1.9611214156611823e-05
1230,0.00013555469922721386,2.895870966312941e-05,8.655283636471722e-06,1.9588140276027843e-05
1231,0.00013509791460819542,2.7030326236854307e-05,1.0350846423534676e-05,1.9543347661965527e-05
1232,0.00013438306632451713,2.8643013138207607e-05,8.307684765895829e-06,1.948647332028486e-05
1233,0.00013370945816859603,2.6976331355399452e-05,9.552300980431028e-06,1.9436167349340394e-05
1234,0.00013329157081898302,2.7993537514703348e-05,8.277144843304995e-06,1.9404176782700233e-05
1235,0.0001331634703092277,2.7264275558991358e-05,8.970198905444704e-06,1.9385797713766806e-05
1236,0.0001332033716607839,2.7459363991511054e-05,8.84757719177287e-06,1.9379287550691515e-05
1237,0.00013323070015758276,2.7593665436143056e-05,8.810353392618708e-06,1.9365337720955722e-05
1238,0.00013311220391187817,2.7086403861176223e-05,9.30256828723941e-06,1.9344646716490388e-05
1239,0.00013281693099997938,2.7636104277917184e-05,8.635723133920692e-06,1.9309021809021942e-05
1240,0.00013240751286502928,2.6836429242393933e-05,9.221766049449798e-06,1.9269862605142407e-05
1241,0.00013199006207287312,2.7398773454478942e-05,8.443655133305583e-06,1.922952833410818e-05
1242,0.00013165397103875875,2.674156530702021e-05,8.935612640925683e-06,1.919535679917317e-05
1243,0.00013143527030479163,2.7095678888144903e-05,8.491760127071757e-06,1.9169567167409696e-05
1244,0.00013131342711858451,2.676654730748851e-05,8.805002835288178e-06,1.9148375940858386e-05
1245,0.0001312316453550011,2.6855241230805404e-05,8.718001481611282e-06,1.9131683075102046e-05
1246,0.0001311289961449802,2.6773856006911956e-05,8.802379852568265e-06,1.9110553694190457e-05
1247,0.00013096746988594532,2.667875560291577e-05,8.846327546052635e-06,1.908847661979962e-05
1248,0.00013073947047814727,2.6662284653866664e-05,8.78130322234938e-06,1.9059176338487305e-05
1249,0.0001304652396356687,2.654781383171212e-05,8.770000931690447e-06,1.9029484974453226e-05
1250,0.00013017741730436683,2.6450334189576097e-05,8.745166269363835e-06,1.8996381186298095e-05
1251,0.00012990753748454154,2.646184657351114e-05,8.613862519268878e-06,1.896636422316078e-05
1252,0.00012967345537617803,2.621917155920528e-05,8.76834565133322e-06,1.8937187633127905e-05
1253,0.0001294776302529499,2.6403029551147483e-05,8.516681191395037e-06,1.8911583538283594e-05
1254,0.0001293101959163323,2.6027973945019767e-05,8.846153832564596e-06,1.888721453724429e-05
1255,0.0001291546068387106,2.632852192618884e-05,8.50572541821748e-06,1.886407335405238e-05
1256,0.00012899539433419704,2.588951429061126e-05,8.90152296051383e-06,1.8840872144210152e-05
1257,0.0001288220373680815,2.6202680601272732e-05,8.53590972837992e-06,1.881668868009001e-05
1258,0.00012863070878665894,2.5793247914407402e-05,8.87886380951386e-06,1.8791719412547536e-05
1259,0.00012842414434999228,2.6020536097348668e-05,8.576511390856467e-06,1.876542046375107e-05
1260,0.00012820883421227336,2.5726492822286673e-05,8.786953912931494e-06,1.873907785920892e-05
1261,0.00012799209798686206,2.580300315457862e-05,8.628799150756095e-06,1.8712060409598053e-05
1262,0.00012778028030879796,2.5679191821836866e-05,8.672230251249857e-06,1.8685772374738008e-05
1263,0.00012757696094922721,2.557929838076234e-05,8.700885700818617e-06,1.8659357010619715e-05
1264,0.00012738347868435085,2.5639295927248895e-05,8.57374288898427e-06,1.8634087609825656e-05
1265,0.00012719849473796785,2.5367309717694297e-05,8.787804290477652e-06,1.8608678146847524e-05
1266,0.00012702032108791173,2.559572567406576e-05,8.50311425892869e-06,1.8584296412882395e-05
1267,0.00012684556713793427,2.517318534955848e-05,8.875371349859051e-06,1.8559401723905466e-05
1268,0.00012667196278925985,2.5541094146319665e-05,8.453996997559443e-06,1.853537469287403e-05
1269,0.00012649806740228087,2.499339825590141e-05,8.95267839950975e-06,1.851039814937394e-05
1270,0.00012632252764888108,2.54764236160554e-05,8.414446710958146e-06,1.848633291956503e-05
1271,0.0001261456054635346,2.4819539248710498e-05,9.021165169542655e-06,1.8460978026269004e-05
1272,0.0001259682176169008,2.5409799491171725e-05,8.374111530429218e-06,1.843686004576739e-05
1273,0.00012579203757923096,2.4640461560920812e-05,9.095718269236386e-06,1.8411172277410515e-05
1274,0.00012561905896291137,2.5357408958370797e-05,8.325472663273104e-06,1.838723437685985e-05
1275,0.00012545185745693743,2.444195888529066e-05,9.203156878356822e-06,1.836134833865799e-05
1276,0.00012529449304565787,2.534121085773222e-05,8.26378891360946e-06,1.8337897927267477e-05
1277,0.00012515208800323308,2.4206052330555394e-05,9.38625271373894e-06,1.8311955500394106e-05
1278,0.00012503178732004017,2.53933194471756e-05,8.191304004867561e-06,1.82894327735994e-05
1279,0.00012494561087805778,2.390966983512044e-05,9.718007277115248e-06,1.8263586753164418e-05
1280,0.00012491106463130563,2.5564604584360495e-05,8.13309452496469e-06,1.824267383199185e-05
1281,0.00012495589908212423,2.352386036363896e-05,1.034546676237369e-05,1.821731530071702e-05
1282,0.00012512561806943268,2.5944797016563825e-05,8.18381340650376e-06,1.81994018930709e-05
1283,0.00012549295206554234,2.301886343047954e-05,1.1595966498134658e-05,1.8175624063587748e-05
1284,0.00012617677566595376,2.6712579710874707e-05,8.644295121484902e-06,1.8163978893426247e-05
1285,0.00012737372890114784,2.2388050638255663e-05,1.4258421288104728e-05,1.8145452486351132e-05
1286,0.00012940533633809537,2.8246970032341778e-05,1.0416473742225207e-05,1.8148379240301438e-05
1287,0.00013281303108669817,2.174728797399439e-05,2.033718192251399e-05,1.8145710782846436e-05
1288,0.00013848709932062775,3.1408213544636965e-05,1.6155549019458704e-05,1.8184666259912774e-05
1289,0.00014793842274229974,2.1656987883034162e-05,3.513557021506131e-05,1.8229173292638734e-05
1290,0.00016361879534088075,3.8262438465608284e-05,3.3540898584760725e-05,1.8363090930506587e-05
1291,0.00018963741604238749,2.408417458354961e-05,7.283061859197915e-05,1.854452239058446e-05
1292,0.00023225160839501768,5.3813088015886024e-05,8.378999336855486e-05,1.8929704310721718e-05
1293,0.00030115144909359515,3.477315476629883e-05,0.00016895984299480915,1.9483690266497433e-05
1294,0.00040777938556857407,8.872199396137148e-05,0.00021664111409336329,2.048325950454455e-05
1295,0.0005635054549202323,6.549482350237668e-05,0.0003886708873324096,2.186794336012099e-05
1296,0.0007613421184942126,0.00015352017362602055,0.0004882860812358558,2.3907165086711757e-05
1297,0.0009614890441298485,0.00011601990991039202,0.0007150925230234861,2.607532405818347e-05
1298,0.0010580953676253557,0.00020561677229125053,0.0007132664322853088,2.7842444978887215e-05
1299,0.0009485945338383317,0.00011290620022919029,0.0006972004193812609,2.7697586119757034e-05
1300,0.000626273627858609,0.00012820327538065612,0.00037159500061534345,2.529507219151128e-05
1301,0.0002810665173456073,3.238712815800682e-05,0.00014144468877930194,2.1446936443680897e-05
1302,0.0001335368724539876,2.469300125085283e-05,1.615531618881505e-05,1.8537710275268182e-05
1303,0.00023472985776606947,5.7306428061565384e-05,8.888883166946471e-05,1.7706919607007876e-05
1304,0.000434998597484082,4.8592875828035176e-05,0.0002949293120764196,1.829528628150001e-05
1305,0.0005283445352688432,0.00011528567119967192,0.0003178054466843605,1.905067438201513e-05
1306,0.00042769062565639615,4.797323344973847e-05,0.0002851059252861887,1.8922295566881076e-05
1307,0.00023130662157200277,5.450836761156097e-05,8.542561408830807e-05,1.827452979341615e-05
1308,0.00012235975009389222,2.207945908594411e-05,1.2065819646522868e-05,1.7642892998992465e-05
1309,0.0001727381895761937,2.2166315829963423e-05,6.26446126261726e-05,1.7585452951607294e-05
1310,0.0002904045395553112,6.736739305779338e-05,0.000133497582282871,1.7907914298120886e-05
1311,0.00033652770798653364,3.873545574606396e-05,0.00020807472174055874,1.7943510101758875e-05
1312,0.00026551104383543134,6.207649857969955e-05,0.00011487466690596193,1.7711972759570926e-05
1313,0.00015892577357590199,2.1490071958396584e-05,5.019830132368952e-05,1.7447480786358938e-05
1314,0.00012144216452725232,2.2790260118199512e-05,1.0753565220511518e-05,1.757966856530402e-05
1315,0.00016917500761337578,3.923945041606203e-05,4.0053790144156665e-05,1.79763537744293e-05
1316,0.00022905436344444752,2.7237143513048068e-05,0.00011071984772570431,1.821947626012843e-05
1317,0.00022963933588471264,5.336305184755474e-05,8.570986392442137e-05,1.8113283658749424e-05
1318,0.00017446916899643838,2.230437530670315e-05,6.386921450030059e-05,1.765911656548269e-05
1319,0.0001246523461304605,2.723655961744953e-05,1.0667314199963585e-05,1.7349691916024312e-05
1320,0.00012548720405902714,2.7300713554723188e-05,1.1176656698808074e-05,1.7401966033503413e-05
1321,0.00016181918908841908,2.1424908482003957e-05,5.202002648729831e-05,1.7674852642812766e-05
1322,0.0001853397989179939,4.337271457188763e-05,5.267197411740199e-05,1.7859021681942977e-05
1323,0.00017055892385542393,2.1979823941364884e-05,5.98384540353436e-05,1.774813063093461e-05
1324,0.00013622995174955577,3.066568751819432e-05,1.8113500118488446e-05,1.749015245877672e-05
1325,0.00011810720025096089,2.2666334189125337e-05,9.176309504255187e-06,1.7252912584808655e-05
1326,0.00012866914039477706,2.0067074729013257e-05,2.2744143279851414e-05,1.717158556857612e-05
1327,0.00014903396368026733,3.493903568596579e-05,2.8015192583552562e-05,1.72159489011392e-05
1328,0.00015431447536684573,2.066867091343738e-05,4.756412090500817e-05,1.7216336345882155e-05
1329,0.00013972805754747242,3.2167987228604034e-05,2.1705041945097037e-05,1.717100531095639e-05
1330,0.00012163045903434977,2.0385572497616522e-05,1.5793651982676238e-05,1.709024581941776e-05
1331,0.00011689306847983971,2.1629643015330657e-05,9.933404726325534e-06,1.7066004147636704e-05
1332,0.0001260462449863553,2.7699335987563245e-05,1.2915032129967585e-05,1.7086375009967014e-05
1333,0.00013600874808616936,1.9910299670300446e-05,3.066150384256616e-05,1.7087390006054193e-05
1334,0.0001355906861135736,3.079852103837766e-05,1.946144038811326e-05,1.7066144209820777e-05
1335,0.0001260260760318488,1.982869434868917e-05,2.1221409042482264e-05,1.6995192709146068e-05
1336,0.00011722788622137159,2.3976457669050433e-05,8.450349923805334e-06,1.6960215361905284e-05
1337,0.00011654219997581095,2.321420470252633e-05,8.480354154016823e-06,1.696952858765144e-05
1338,0.0001222096470883116,2.0105739167775027e-05,1.707482078927569e-05,1.700581742625218e-05
1339,0.00012687827984336764,2.7724940082407556e-05,1.4010839549882803e-05,1.7028500224114396e-05
1340,0.00012564622738864273,1.9816427084151655e-05,2.086183121718932e-05,1.699359381746035e-05
1341,0.00012009617785224691,2.5226252546417527e-05,1.019121100398479e-05,1.6935742678469978e-05
1342,0.00011554478260222822,2.1198016838752665e-05,1.0013103747041896e-05,1.6866732039488852e-05
1343,0.00011538004036992788,2.0860885342699476e-05,1.042448275256902e-05,1.6818934454931878e-05
1344,0.00011837795318569988,2.486263656464871e-05,9.518929800833575e-06,1.6799276636447757e-05
1345,0.00012075138511136174,1.9579214495024644e-05,1.728510505927261e-05,1.6777412383817136e-05
1346,0.00012004893505945802,2.560020402597729e-05,1.063817944668699e-05,1.6762109225965105e-05
1347,0.00011705661017913371,1.9924576918128878e-05,1.3473151739162859e-05,1.6731775758671574e-05
1348,0.00011443185940152034,2.2560616343980655e-05,8.28900738270022e-06,1.6716447134967893e-05
1349,0.000114015034341719,2.193113868997898e-05,8.550650818506256e-06,1.6706650058040395e-05
1350,0.00011540635750861838,2.028448761848267e-05,1.1605269719439093e-05,1.6703319488442503e-05
1351,0.00011676971189444885,2.3909304218250327e-05,9.366771337226965e-06,1.669872654019855e-05
1352,0.00011668095248751342,1.984335176530294e-05,1.3449093785311561e-05,1.6677700841682963e-05
1353,0.00011522588465595618,2.314257108082529e-05,8.842198440106586e-06,1.6648224118398502e-05
1354,0.00011362104123691097,2.062717430817429e-05,9.933846740750596e-06,1.6612004401395097e-05
1355,0.00011297677701804787,2.101334393955767e-05,9.067940482054837e-06,1.6579098883084953e-05
1356,0.00011342331708874553,2.2304890080704354e-05,8.341341526829638e-06,1.655541746004019e-05
1357,0.00011421020462876186,1.980954948521685e-05,1.1748921679100022e-05,1.6530346329091117e-05
1358,0.00011448704754002392,2.3158205294748768e-05,8.754344889894128e-06,1.6514899471076205e-05
1359,0.00011399557843105868,1.9716890165000223e-05,1.181050538434647e-05,1.6493637303938158e-05
1360,0.00011314991570543498,2.2285921659204178e-05,8.43226007418707e-06,1.6486346794408746e-05
1361,0.00011258530139457434,2.0459130610106513e-05,9.721472451929003e-06,1.6480940757901408e-05
1362,0.0001126424249378033,2.098303048114758e-05,9.192811376124155e-06,1.6493317161803134e-05
1363,0.00011319149052724242,2.149863212252967e-05,9.154394319921266e-06,1.6507692635059357e-05
1364,0.00011385542165953666,2.045476867351681e-05,1.0730429494287819e-05,1.6534044334548526e-05
1365,0.00011437863577157259,2.180273259000387e-05,9.785217116586864e-06,1.655813684919849e-05
1366,0.00011485021968837827,2.089984445774462e-05,1.0952424418064766e-05,1.65995916177053e-05
1367,0.00011566594912437722,2.1236162865534425e-05,1.1202231689821929e-05,1.6645510186208412e-05
1368,0.00011733527935575694,2.2342590455082245e-05,1.130238342739176e-05,1.6738060367060825e-05
1369,0.00012033926032017916,2.0860237782471813e-05,1.5145365978241898e-05,1.6866732039488852e-05
1370,0.0001251695357495919,2.4807872250676155e-05,1.475249882787466e-05,1.7121832570410334e-05
1371,0.00013255293015390635,2.1906924303038977e-05,2.309765841346234e-05,1.7509670215076767e-05
1372,0.00014376817853190005,2.876405960705597e-05,2.398037031525746e-05,1.8204749721917324e-05
1373,0.00016093689191620797,2.5928413379006088e-05,3.871125227306038e-05,1.92594452528283e-05
1374,0.00018721408559940755,3.661869777715765e-05,4.563591937767342e-05,2.099189441651106e-05
1375,0.0002267311210744083,3.609381019487046e-05,7.298443233594298e-05,2.3530574253527448e-05
1376,0.0002838106593117118,5.345337194739841e-05,9.37488948693499e-05,2.732167558860965e-05
1377,0.0003607863327488303,5.700861584045924e-05,0.00014224222104530782,3.2307099900208414e-05
1378,0.0004525940748862922,8.261007315013558e-05,0.00017801996727939695,3.8392805436160415e-05
1379,0.0005398423527367413,8.490552136208862e-05,0.00023476206115446985,4.4034957682015374e-05
1380,0.000584459281526506,0.00010521065996726975,0.00024390620819758624,4.7068479034351185e-05
1381,0.0005455235950648785,8.510935731464997e-05,0.00023805396631360054,4.447204992175102e-05
1382,0.00041514920303598046,7.60774128139019e-05,0.00015899690333753824,3.601497519412078e-05
1383,0.0002477930102031678,3.861195727949962e-05,8.437055657850578e-05,2.4962098905234598e-05
1384,0.0001305936893913895,2.557624611654319e-05,1.8211783753940836e-05,1.7361133359372616e-05
1385,0.00011553839431144297,2.1264404495013878e-05,1.1904260645678733e-05,1.6473946743644774e-05
1386,0.00018336667562834918,2.9724504202022217e-05,4.8930120101431385e-05,2.0942408809787594e-05
1387,0.0002668483357410878,4.959515717928298e-05,8.526684541720897e-05,2.639726699271705e-05
1388,0.00029989011818543077,4.684223677031696e-05,0.00011108588660135865,2.8392400054144673e-05
1389,0.0002592905657365918,4.8797486670082435e-05,8.17914042272605e-05,2.5740338969626464e-05
1390,0.0001785019994713366,2.815164225467015e-05,4.8459056415595114e-05,2.037826197920367e-05
1391,0.00011780781642301008,2.2936284949537367e-05,1.2549920938909054e-05,1.6464322470710613e-05
1392,0.00011344922677380964,2.0701969333458692e-05,1.1447154975030571e-05,1.6260020856861956e-05
1393,0.00015279407671187073,2.5267718228860758e-05,3.319887036923319e-05,1.8865497622755356e-05
1394,0.00019303298904560506,3.6283625377109274e-05,4.9284524720860645e-05,2.1492969608516432e-05
1395,0.0001988374424399808,3.1534978916170076e-05,5.865408820682205e-05,2.1729674699599855e-05
1396,0.00016774632968008518,3.224927422706969e-05,3.703706170199439e-05,1.96919991140021e-05
1397,0.0001271476357942447,2.0891910025966354e-05,2.1269233911880292e-05,1.699729727988597e-05
1398,0.00010756765550468117,2.028551716648508e-05,8.468234227620997e-06,1.576278191350866e-05
1399,0.00011751432612072676,2.1568868760368787e-05,1.3560157640313264e-05,1.6477060853503644e-05
1400,0.00014092089259065688,2.3483840777771547e-05,2.7409656468080357e-05,1.8005479432758875e-05
1401,0.00015456389519385993,2.9163998988224193e-05,3.095527790719643e-05,1.888892256829422e-05
1402,0.00014743130304850638,2.3974193027243018e-05,3.187006223015487e-05,1.8317408830625936e-05
1403,0.00012697838246822357,2.4384689822909422e-05,1.770099697750993e-05,1.6978539861156605e-05
1404,0.00010993125033564866,1.8796028598444536e-05,1.1909360182471573e-05,1.584517303854227e-05
1405,0.00010732114606071264,1.960795088962186e-05,9.217692422680557e-06,1.5699100913479924e-05
1406,0.00011695992725435644,2.1421608835225925e-05,1.3685159501619637e-05,1.6370631783502176e-05
1407,0.00012781705299858004,2.1575948267127387e-05,2.0935854990966618e-05,1.7061049220501445e-05
1408,0.0001302092568948865,2.4410772311966866e-05,1.973531470866874e-05,1.721263470244594e-05
1409,0.00012285356933716685,2.055188815575093e-05,1.8996812286786735e-05,1.6660973415127955e-05
1410,0.0001121677050832659,2.1112491594976746e-05,1.124940718000289e-05,1.5961160897859372e-05
1411,0.00010591546015348285,1.8479580830899067e-05,9.738797416503076e-06,1.553941547172144e-05
1412,0.00010709756315918639,1.9250521290814504e-05,9.73025817074813e-06,1.562335637572687e-05
1413,0.00011270240065641701,2.0482631953200325e-05,1.2152975614299066e-05,1.6013358617783524e-05
1414,0.00011715761502273381,2.008169576583896e-05,1.5656685718568042e-05,1.62838459800696e-05
1415,0.00011687632650136948,2.1584379283012822e-05,1.3962732737127226e-05,1.6265843441942707e-05
1416,0.00011242012260481715,1.9216187865822576e-05,1.3564522305387072e-05,1.59278824867215e-05
1417,0.00010724252206273377,1.9743423763429746e-05,9.568286259309389e-06,1.5586161680403166e-05
1418,0.00010465938248671591,1.837590207287576e-05,9.26379107113462e-06,1.540393895993475e-05
1419,0.000105553466710262,1.8835291484720074e-05,9.423195479030255e-06,1.5458996131201275e-05
1420,0.00010827446385519579,1.9474924556561746e-05,1.056065593729727e-05,1.5647776308469474e-05
1421,0.0001102937021641992,1.9125040125800297e-05,1.2356427760096267e-05,1.576244721945841e-05
1422,0.00011008349974872544,1.9986575352959335e-05,1.1338785952830222e-05,1.5751627870486118e-05
1423,0.00010791921522468328,1.8665768948267214e-05,1.1362417353666387e-05,1.557820723974146e-05
1424,0.00010531673615332693,1.9041535779251717e-05,9.25504446058767e-06,1.540403172839433e-05
1425,0.00010378858860349283,1.8220032870885916e-05,9.124440111918375e-06,1.5288822396541946e-05
1426,0.00010387146903667599,1.843127938627731e-05,9.006591426441446e-06,1.5286719644791447e-05
1427,0.00010499632480787113,1.869367406470701e-05,9.495104677625932e-06,1.5361509213107638e-05
1428,0.00010607649164739996,1.8490276488591917e-05,1.0497746188775636e-05,1.5417694157804362e-05
1429,0.00010628536983858794,1.9015114958165213e-05,1.0100968211190775e-05,1.543385769764427e-05
1430,0.0001054982203640975,1.832217640185263e-05,1.0380071216786746e-05,1.5359193639596924e-05
1431,0.00010421400656923652,1.857493771240115e-05,9.279021469410509e-06,1.527200947748497e-05
1432,0.00010312776430509984,1.804422754503321e-05,9.161361049336847e-06,1.5184435142145958e-05
1433,0.00010268517507938668,1.809585592127405e-05,8.850247468217276e-06,1.5147815247473773e-05
1434,0.0001028819679049775,1.8156431906390935e-05,8.952137250162195e-06,1.5154679203988053e-05
1435,0.00010336562991142273,1.8003800505539402e-05,9.490689990343526e-06,1.517422788310796e-05
1436,0.00010370420204708353,1.8354983694734983e-05,9.368213795823976e-06,1.5196201275102794e-05
1437,0.00010363859473727643,1.7969128748518415e-05,9.796242011361755e-06,1.5174644431681372e-05
1438,0.00010318075510440394,1.8205944797955453e-05,9.261611921829171e-06,1.5142640222620685e-05
1439,0.00010254687367705628,1.7833765014074743e-05,9.287536158808507e-06,1.5085114682733547e-05
1440,0.00010200156248174608,1.785787935659755e-05,8.924291250878014e-06,1.5043878192955162e-05
1441,0.00010171160101890564,1.7790900528780185e-05,8.850483936839737e-06,1.5014044038252905e-05
1442,0.00010168580047320575,1.76448083948344e-05,9.02729789231671e-06,1.5002739019109868e-05
1443,0.00010180594108533114,1.7866299458546564e-05,8.910938049666584e-06,1.5005740351625718e-05
1444,0.0001019117480609566,1.7582065993337892e-05,9.331473847851157e-06,1.4999641280155629e-05
1445,0.00010188536543864757,1.7859578292700462e-05,9.050707376445644e-06,1.499501468060771e-05
1446,0.00010169594315811992,1.753224933054298e-05,9.322245205112267e-06,1.4968290997785516e-05
1447,0.00010139358346350491,1.768127731338609e-05,8.98873076948803e-06,1.4944715076126158e-05
1448,0.00010106807894771919,1.7476191715104505e-05,9.040106306201778e-06,1.491035618528258e-05
1449,0.00010080113133881241,1.744977453199681e-05,8.921058906707913e-06,1.4886059943819419e-05
1450,0.00010063300578622147,1.7466192730353214e-05,8.840226655593142e-06,1.4865317098156083e-05
1451,0.00010055601160274819,1.728541246848181e-05,9.01729981706012e-06,1.4850659681542311e-05
1452,0.00010052842844743282,1.748006798152346e-05,8.836694178171456e-06,1.4842334167042281e-05
1453,0.00010049932461697608,1.719651118037291e-05,9.15925920708105e-06,1.4828710845904425e-05
1454,0.00010042997018899769,1.7442538592149504e-05,8.89010880200658e-06,1.4819463103776798e-05
1455,0.00010030534758698195,1.7138541807071306e-05,9.17232500796672e-06,1.4798895790590905e-05
1456,0.00010013471182901412,1.732296914269682e-05,8.897734005586244e-06,1.4782801372348331e-05
1457,9.99416079139337e-05,1.7094465874833986e-05,9.055933333002031e-06,1.4758240467926953e-05
1458,9.975241118809208e-05,1.7160298739327118e-05,8.894514394341968e-06,1.473952033848036e-05
1459,9.958715236280113e-05,1.7069225577870384e-05,8.925314432417508e-06,1.4718521924805827e-05
1460,9.945374040398747e-05,1.700685970718041e-05,8.938945029512979e-06,1.4701587133458816e-05
1461,9.934867557603866e-05,1.705686008790508e-05,8.859884474077262e-06,1.4686385839013383e-05
1462,9.926086931955069e-05,1.6887155652511865e-05,9.019800017995294e-06,1.4670782547909766e-05
1463,9.917678107740358e-05,1.7033629774232395e-05,8.850786798575427e-06,1.465847253712127e-05
1464,9.908552601700649e-05,1.6796819181763567e-05,9.080714335141238e-06,1.4641598681919277e-05
1465,9.898028656607494e-05,1.6978990970528685e-05,8.858132787281647e-06,1.4628632925450802e-05
1466,9.886040788842365e-05,1.672489997872617e-05,9.087104444915894e-06,1.4609680874855258e-05
1467,9.87290550256148e-05,1.6892054190975614e-05,8.862227332429029e-06,1.459495433664415e-05
1468,9.85913211479783e-05,1.6665611838106997e-05,9.049511390912812e-06,1.4575238310499117e-05
1469,9.845323802437633e-05,1.678681655903347e-05,8.869223165675066e-06,1.455943947803462e-05
1470,9.831899660639465e-05,1.6615767890471034e-05,8.99925817066105e-06,1.4540793927153572e-05
1471,9.81916964519769e-05,1.6678382962709293e-05,8.889097443898208e-06,1.4524842299579177e-05
1472,9.807191963773221e-05,1.6572190361330286e-05,8.95938319445122e-06,1.450806939828908e-05
1473,9.79586984612979e-05,1.657724533288274e-05,8.920818800106645e-06,1.4492127775156405e-05
1474,9.785033034859225e-05,1.6527694242540747e-05,8.937777238315903e-06,1.447697195544606e-05
1475,9.774450154509395e-05,1.6486857930431142e-05,8.953864380600862e-06,1.4460756574408151e-05
1476,9.763953858055174e-05,1.647676072025206e-05,8.930477633839473e-06,1.4446460227190983e-05
1477,9.753355698194355e-05,1.6406380382250063e-05,8.978574442153331e-06,1.4429720977204852e-05
1478,9.742552356328815e-05,1.6416943253716454e-05,8.930695912567899e-06,1.4415577425097581e-05
1479,9.73156129475683e-05,1.633302053960506e-05,8.990620699478313e-06,1.4398394341696985e-05
1480,9.720399975776672e-05,1.6348198187188245e-05,8.93517517397413e-06,1.4384126188815571e-05
1481,9.709043661132455e-05,1.626647645025514e-05,8.990595233626664e-06,1.4366672075993847e-05
1482,9.69760149018839e-05,1.627226265554782e-05,8.942786735133268e-06,1.4352192920341622e-05
1483,9.686066186986864e-05,1.6204689018195495e-05,8.982126928458456e-06,1.4334767911350355e-05
1484,9.674558532424271e-05,1.6191452232305892e-05,8.953695214586332e-06,1.4320087757369038e-05
1485,9.663093078415841e-05,1.6147301721503027e-05,8.969172995421104e-06,1.4302891031547915e-05
1486,9.651676373323426e-05,1.610762410564348e-05,8.968970178102609e-06,1.4288033526099753e-05
1487,9.640338248573244e-05,1.6093996237032115e-05,8.95355060492875e-06,1.4271166037360672e-05
1488,9.629097621655092e-05,1.6020952898543328e-05,8.989053640107159e-06,1.4256194845074788e-05
1489,9.617976320441812e-05,1.6045676602516323e-05,8.93580090632895e-06,1.4239656593417749e-05
1490,9.606932871975005e-05,1.5930640074657276e-05,9.015646355692297e-06,1.4224607184587512e-05
1491,9.59604512900114e-05,1.600389623490628e-05,8.914719728636555e-06,1.4208366337697953e-05
1492,9.585263615008444e-05,1.583392258908134e-05,9.052553650690243e-06,1.4193232345860451e-05
1493,9.57469383138232e-05,1.59733335749479e-05,8.887413969205227e-06,1.4177238881529775e-05
1494,9.564373613102362e-05,1.5725598132121377e-05,9.10787275643088e-06,1.4162053957988974e-05
1495,9.554430289426818e-05,1.596158108441159e-05,8.85144982021302e-06,1.4146254216029774e-05
1496,9.545072680339217e-05,1.559843440190889e-05,9.197039616992697e-06,1.4131050193100236e-05
1497,9.536540164845064e-05,1.5981882825144567e-05,8.80654806678649e-06,1.4115394151303917e-05
1498,9.529383532935753e-05,1.5441211871802807e-05,9.351419066661038e-06,1.4100241060077678e-05
1499,9.524395136395469e-05,1.6058162145782262e-05,8.762028301134706e-06,1.4084751455811784e-05
1500,9.52288246480748e-05,1.523831542726839e-05,9.641986252972856e-06,1.4069705684960354e-05
1501,9.527106158202514e-05,1.623694879526738e-05,8.761939170653932e-06,1.4054434359422885e-05
1502,9.540771134197712e-05,1.4971857126511168e-05,1.0237057722406462e-05,1.4039759662409779e-05
1503,9.570094698574394e-05,1.6614563719485886e-05,8.961830644693691e-06,1.4024910342413932e-05
1504,9.625770326238126e-05,1.4635965271736495e-05,1.1566230568860192e-05,1.4011102393851615e-05
1505,9.726093412609771e-05,1.7404392565367743e-05,9.869549103314057e-06,1.3997398127685301e-05
1506,9.902718011289835e-05,1.429868189006811e-05,1.479896491218824e-05,1.39859066621284e-05
1507,0.00010210266191279516,1.9123592210235074e-05,1.3101393051329069e-05,1.3975535694044083e-05
1508,0.00010744816245278344,1.432039152859943e-05,2.3274786144611426e-05,1.3970597137813456e-05
1509,0.0001167222362710163,2.311747994099278e-05,2.3753420464345254e-05,1.3970266081742011e-05
1510,0.00013285769091453403,1.6091247744043358e-05,4.684567829826847e-05,1.3984153156343382e-05
1511,0.00016081967623904347,3.306844155304134e-05,5.768099435954355e-05,1.401404915668536e-05
1512,0.00020917918300256133,2.4303422833327204e-05,0.0001144593843491748,1.4083274436416104e-05
1513,0.00029121150146238506,5.890506145078689e-05,0.0001612965716049075,1.4201971680449788e-05
1514,0.0004269960627425462,5.235286880633794e-05,0.0003025237820111215,1.4423882930714171e-05
1515,0.0006366840098053217,0.00012211610737722367,0.00044074520701542497,1.4764536899747327e-05
1516,0.0009285978158004582,0.0001224100706167519,0.000729690189473331,1.5299512597266585e-05
1517,0.001244634622707963,0.00022906898811925203,0.0009359733667224646,1.591843829373829e-05
1518,0.0014384326059371233,0.00019497716857586056,0.0011608630884438753,1.651847196626477e-05
1519,0.0012917791027575731,0.00023852294543758035,0.0009703043615445495,1.6590356608503498e-05
1520,0.0007986416458152235,0.00010067246330436319,0.0006177095929160714,1.6051915736170486e-05
1521,0.00027198181487619877,5.598865755018778e-05,0.00014105673471931368,1.4987283066147938e-05
1522,0.00010424799984320998,1.9838125808746554e-05,1.3754914107266814e-05,1.4130991985439323e-05
1523,0.0003327730228193104,3.825741441687569e-05,0.0002258156891912222,1.3739979294769e-05
1524,0.0006380653358064592,0.0001281967997783795,0.0004411743429955095,1.3738833331444766e-05
1525,0.0006783680291846395,8.562405128031969e-05,0.0005240249447524548,1.3743803719989955e-05
1526,0.0004118177748750895,8.487705053994432e-05,0.0002584873582236469,1.3690672858501785e-05
1527,0.00013719308481086046,1.6001422409317456e-05,5.296021481626667e-05,1.3646289517055266e-05
1528,0.0001237715478055179,1.5050378351588733e-05,4.010246993857436e-05,1.3723739357374143e-05
1529,0.0003105532960034907,6.356833182508126e-05,0.00017787919205147773,1.382114987791283e-05
1530,0.0004279467393644154,5.294585935189389e-05,0.0003059105365537107,1.381807123834733e-05
1531,0.00033073252416215837,6.719720840919763e-05,0.00019507607794366777,1.3691844287677668e-05
1532,0.00015047314809635282,1.8019909475697204e-05,6.461179873440415e-05,1.356828670395771e-05
1533,9.676637273514643e-05,1.4288900274550542e-05,1.4345960153150372e-05,1.3626302461489104e-05
1534,0.0001936894841492176,3.977076994488016e-05,8.49407515488565e-05,1.3795593076793011e-05
1535,0.00028318678960204124,3.393515362404287e-05,0.00017964793369174004,1.3920744095230475e-05
1536,0.000245394476223737,5.016590148443356e-05,0.00012603227514773607,1.383925791742513e-05
1537,0.00013752124505117536,1.662838621996343e-05,5.2494775445666164e-05,1.3679616131412331e-05
1538,9.271007729694247e-05,1.451640036975732e-05,1.0539210052229464e-05,1.3530893738789018e-05
1539,0.00014384504174813628,3.022605596925132e-05,4.6160173951648176e-05,1.349176363873994e-05
1540,0.00020151800708845258,2.3290913304663263e-05,0.00011071348853874952,1.3502720321412198e-05
1541,0.00018572426051832736,3.92706788261421e-05,7.897026080172509e-05,1.3496662177203689e-05
1542,0.00012223320663906634,1.4900209862389602e-05,4.0018840081756935e-05,1.3462831702781841e-05
1543,9.114657586906105e-05,1.48712761074421e-05,9.116149158217013e-06,1.3431829756882507e-05
1544,0.00011857768549816683,2.4271896108984947e-05,2.7179523385711946e-05,1.3425254110188689e-05
1545,0.00015476427506655455,1.7968159227166325e-05,6.970766844460741e-05,1.3417689842754044e-05
1546,0.0001491846051067114,3.131871926598251e-05,5.0901751819765195e-05,1.3392825167102274e-05
1547,0.00011229933443246409,1.4201897101884242e-05,3.128238313365728e-05,1.3363011021283455e-05
1548,9.098445298150182e-05,1.5252318007696886e-05,8.915112630347721e-06,1.3363405741984025e-05
1549,0.00010469826520420611,2.022732405748684e-05,1.758003782015294e-05,1.3378181392909028e-05
1550,0.000127150968182832,1.5487883501918986e-05,4.464923404157162e-05,1.3402771401160862e-05
1551,0.00012682990927714854,2.5655874196672812e-05,3.427634510444477e-05,1.3379537449509371e-05
1552,0.00010587122960714623,1.3936568393546622e-05,2.5237746740458533e-05,1.3339382348931395e-05
1553,9.083892655326054e-05,1.5321067621698603e-05,9.079578376258723e-06,1.3287656656757463e-05
1554,9.637686889618635e-05,1.7882643078337424e-05,1.2164759027655236e-05,1.326589426753344e-05
1555,0.00011011016613338143,1.408518528478453e-05,2.9760123652522452e-05,1.3252970347821247e-05
1556,0.00011256384459557012,2.2380439986591227e-05,2.3954153220984153e-05,1.3245849913801067e-05
1557,0.0001014386216411367,1.3571716408478096e-05,2.1711519366363063e-05,1.3231076991360169e-05
1558,9.086097270483151e-05,1.5674677342758514e-05,9.090963430935517e-06,1.3219066204328556e-05
1559,9.173747093882412e-05,1.6098816558951512e-05,9.590497029421385e-06,1.3209630196797661e-05
1560,9.972762200050056e-05,1.3447920537146274e-05,2.0258383301552385e-05,1.3204264178057201e-05
1561,0.0001032625004881993,1.988769326999318e-05,1.7415195543435402e-05,1.3191922334954143e-05
1562,9.82184283202514e-05,1.3355448572838213e-05,1.8988681404152885e-05,1.3174860214348882e-05
1563,9.109552047448233e-05,1.5878575140959583e-05,9.428282282897271e-06,1.3157732610125095e-05
1564,8.956475357990712e-05,1.4929953977116384e-05,8.908516974770464e-06,1.3145257071300875e-05
1565,9.358116949442774e-05,1.3340935765882023e-05,1.4540857591782697e-05,1.3139876500645187e-05
1566,9.697425412014127e-05,1.7944423234439455e-05,1.3387112630880438e-05,1.3128542377671693e-05
1567,9.5526767836418e-05,1.32668992591789e-05,1.667219476075843e-05,1.3117533853801433e-05
1568,9.122173651121557e-05,1.588815575814806e-05,9.850360584096052e-06,1.309664366999641e-05
1569,8.88352224137634e-05,1.4214862858352717e-05,9.216813850798644e-06,1.3080709322821349e-05
1570,9.015739487949759e-05,1.3451537597575225e-05,1.139681444328744e-05,1.3061808203929104e-05
1571,9.265283006243408e-05,1.6548996427445672e-05,1.0853412277356256e-05,1.3050083907728549e-05
1572,9.305637649958953e-05,1.3138622307451442e-05,1.4744295185664669e-05,1.3034691619395744e-05
1573,9.100109309656546e-05,1.590938336448744e-05,9.960981515177991e-06,1.3026146007177886e-05
1574,8.882876863935962e-05,1.3630175089929253e-05,1.0128498615813442e-05,1.3014018804824445e-05
1575,8.857165084918961e-05,1.3854353710485157e-05,9.653080269345082e-06,1.3012843737669755e-05
1576,8.988921763375401e-05,1.5251547665684484e-05,9.617643627279904e-06,1.3004004358663224e-05
1577,9.090338426176459e-05,1.324560525972629e-05,1.2630380297196098e-05,1.3005480468564201e-05
1578,9.044686157722026e-05,1.5468043784494512e-05,1.0019508408731781e-05,1.2991862604394555e-05
1579,8.912244811654091e-05,1.3523917004931718e-05,1.0650813237589318e-05,1.2989544302399736e-05
1580,8.833718311507255e-05,1.401910776621662e-05,9.461978152103256e-06,1.2971218893653713e-05
1581,8.873284969013184e-05,1.4706937690789346e-05,9.163668437395245e-06,1.2972449439985212e-05
1582,8.971497300080955e-05,1.3203457456256729e-05,1.1704702956194524e-05,1.2961363609065302e-05
1583,9.032216621562839e-05,1.5524428818025626e-05,9.886574844131246e-06,1.2982232874492183e-05
1584,9.028910426422954e-05,1.3258702892926522e-05,1.2062477253493853e-05,1.2993584277865011e-05
1585,9.022766607813537e-05,1.5006975445430726e-05,9.933519322657958e-06,1.3057434443908278e-05
1586,9.094861889025196e-05,1.4025276868778747e-05,1.134176090999972e-05,1.311631694989046e-05
1587,9.278325887862593e-05,1.4605686374125071e-05,1.1866734894283582e-05,1.3262168067740276e-05
1588,9.558732563164085e-05,1.5161265764618292e-05,1.3364217011258006e-05,1.3412367479759268e-05
1589,9.931151726050302e-05,1.5468691344722174e-05,1.5286706911865622e-05,1.3711222891288344e-05
1590,0.00010455205483594909,1.617568159417715e-05,1.8103193724527955e-05,1.4054636267246678e-05
1591,0.00011265317880315706,1.8298298527952284e-05,2.089757072099019e-05,1.4691461728943978e-05
1592,0.00012551872350741178,1.853665162343532e-05,2.9391794669209048e-05,1.55180550791556e-05
1593,0.00014547357568517327,2.4614444555481896e-05,3.602175274863839e-05,1.696747676760424e-05
1594,0.00017552016652189195,2.5466637453064322e-05,5.527269240701571e-05,1.8956166968564503e-05
1595,0.00021946131892036647,3.721561733982526e-05,7.134536281228065e-05,2.218006738985423e-05
1596,0.00028149521676823497,4.139251177548431e-05,0.00010773757821880281,2.6473024263395928e-05
1597,0.0003634756139945239,6.033867975929752e-05,0.00014039795496501029,3.2547795854043216e-05
1598,0.00046013484825380147,6.880224100314081e-05,0.00019481356139294803,3.930380989913829e-05
1599,0.0005507795140147209,8.982022700365633e-05,0.00023074638738762587,4.604257264873013e-05
1600,0.0005979514680802822,9.027830674313009e-05,0.000261946115642786,4.9145412049256265e-05
1601,0.00055944878840819,9.07849389477633e-05,0.00023569015320390463,4.65947414340917e-05
1602,0.00042691960697993636,6.44219690002501e-05,0.00017815349565353245,3.686882701003924e-05
1603,0.0002508264151401818,4.086990884388797e-05,8.75785481184721e-05,2.4475593818351626e-05
1604,0.000118673087854404,1.793348928913474e-05,2.600795414764434e-05,1.4946329429221805e-05
1605,8.844259718898684e-05,1.3329414286999963e-05,1.1116581845271867e-05,1.2799319847545121e-05
1606,0.000149376573972404,2.472592495905701e-05,3.8743732147850096e-05,1.718138446449302e-05
1607,0.0002386409614700824,3.554032082320191e-05,8.601417357567698e-05,2.3417294869432226e-05
1608,0.00028684426797553897,4.687994078267366e-05,0.00010496992035768926,2.6998879548045807e-05
1609,0.0002607773640193045,3.918694710591808e-05,9.676739864517003e-05,2.4964601834653877e-05
1610,0.00018205607193522155,2.9511684260796756e-05,5.514887016033754e-05,1.9479104594211094e-05
1611,0.00010839642345672473,1.6525575119885616e-05,2.108546505041886e-05,1.4157077202980872e-05
1612,8.581849397160113e-05,1.2990371033083647e-05,9.983199561247602e-06,1.2568983947858214e-05
1613,0.0001156414145953022,1.900519237096887e-05,2.3066568246576935e-05,1.4713930795551278e-05
1614,0.00016154143668245524,2.3984503059182316e-05,4.812464248971082e-05,1.788645749911666e-05
1615,0.00018267237464897335,2.983460944960825e-05,5.5326374422293156e-05,1.9502278519212268e-05
1616,0.00016383388719987124,2.4560347810620442e-05,4.908601113129407e-05,1.8037506379187107e-05
1617,0.0001224450534209609,1.955375228135381e-05,2.7012294594896957e-05,1.5175803127931431e-05
1618,9.044939361047e-05,1.4037384062248748e-05,1.2155753211118281e-05,1.2851251085521653e-05
1619,8.716921729501337e-05,1.3060723176749889e-05,1.1007106877514161e-05,1.2620277630048804e-05
1620,0.00010691161151044071,1.7399352145730518e-05,1.9255112420069054e-05,1.4051430298422929e-05
1621,0.00012817747483495623,1.9084200175711885e-05,3.165817179251462e-05,1.5487019481952302e-05
1622,0.00013266107998788357,2.13988187169889e-05,3.1836887501413e-05,1.5885076209087856e-05
1623,0.00011817901395261288,1.7810449207900092e-05,2.6539091777522117e-05,1.4765894775337074e-05
1624,9.725928248371929e-05,1.517842429166194e-05,1.542595236969646e-05,1.3330981346371118e-05
1625,8.50710493978113e-05,1.331396106252214e-05,9.57303745963145e-06,1.243680981133366e-05
1626,8.750571578275412e-05,1.3063510778010823e-05,1.1433043255237862e-05,1.2601832168002147e-05
1627,9.867710468824953e-05,1.5824669389985502e-05,1.5740301023470238e-05,1.342242831015028e-05
1628,0.00010763310274342075,1.6097857951535843e-05,2.155464972020127e-05,1.3996119378134608e-05
1629,0.00010726831533247605,1.6980678992695175e-05,2.017215228988789e-05,1.4023096809978597e-05
1630,9.866369509836659e-05,1.4971305063227192e-05,1.694768616289366e-05,1.3348941138247028e-05
1631,8.866796270012856e-05,1.3602747458207887e-05,1.1701909897965379e-05,1.2672660886892118e-05
1632,8.386396075366065e-05,1.307418460783083e-05,9.211046744894702e-06,1.2315745152591262e-05
1633,8.592844096710905e-05,1.284303652937524e-05,1.0821559044416063e-05,1.245276871486567e-05
1634,9.147410310106352e-05,1.442365100956522e-05,1.2713677278952673e-05,1.2867354598711245e-05
1635,9.544881322653964e-05,1.4322844435810111e-05,1.562063698656857e-05,1.310106563323643e-05
1636,9.492771641816944e-05,1.4773404473089613e-05,1.465863169869408e-05,1.309913659497397e-05
1637,9.065800986718386e-05,1.3777866115560755e-05,1.3124408724252135e-05,1.2751145732181612e-05
1638,8.579116547480226e-05,1.3045833838987164e-05,1.0599482266115956e-05,1.2429169146344066e-05
1639,8.328439434990287e-05,1.2854934539063834e-05,9.235498509951867e-06,1.2238792805874255e-05
1640,8.397795318160206e-05,1.2575856999319512e-05,9.994124411605299e-06,1.2281593626539689e-05
1641,8.649129449622706e-05,1.3417274203675333e-05,1.0714180461945944e-05,1.2471967238525394e-05
1642,8.858239016262814e-05,1.3300289538165089e-05,1.2356134902802296e-05,1.2585193871927913e-05
1643,8.874969353200868e-05,1.3635878531204071e-05,1.2015144420729484e-05,1.2619733752217144e-05
1644,8.702096238266677e-05,1.3175475032767281e-05,1.15320181066636e-05,1.2462693121051416e-05
1645,8.460924436803907e-05,1.280511605727952e-05,1.02589310699841e-05,1.230903944815509e-05
1646,8.291783160530031e-05,1.2651221368287224e-05,9.393435902893543e-06,1.2174635230621789e-05
1647,8.264423377113417e-05,1.2382934073684737e-05,9.494353435002267e-06,1.2153389434388373e-05
1648,8.35106402519159e-05,1.2770123248628806e-05,9.650056199461687e-06,1.2218091796967201e-05
1649,8.463792619295418e-05,1.2679533028858714e-05,1.0586496500764042e-05,1.2274379514565226e-05
1650,8.518443064531311e-05,1.2957042599737179e-05,1.059655005519744e-05,1.2326167052378878e-05
1651,8.482129487674683e-05,1.2757435797539074e-05,1.0700684470066335e-05,1.2272634194232523e-05
1652,8.380710642086342e-05,1.263330068468349e-05,1.0104547072842252e-05,1.2213851732667536e-05
1653,8.271748811239377e-05,1.2481570593081415e-05,9.638917617849074e-06,1.2119399798393715e-05
1654,8.205823542084545e-05,1.2281316230655648e-05,9.399278496857733e-06,1.2075528502464294e-05
1655,8.200469892472029e-05,1.238273580383975e-05,9.284363841288723e-06,1.2067520401615184e-05
1656,8.237975998781621e-05,1.2299655281822197e-05,9.673256499809213e-06,1.2081370186933782e-05
1657,8.28226184239611e-05,1.2477278687583748e-05,9.756869985722005e-06,1.2117694495827891e-05
1658,8.301633351948112e-05,1.2401304957165848e-05,1.0060946806333959e-05,1.211081507790368e-05
1659,8.283902570838109e-05,1.2423653970472515e-05,9.879748176899739e-06,1.2107125257898588e-05
1660,8.238152076955885e-05,1.2313324077695142e-05,9.785075235413387e-06,1.2056624655087944e-05
1661,8.185657497961074e-05,1.2220109056215733e-05,9.511328244116157e-06,1.2025026990158949e-05
1662,8.146763138938695e-05,1.2169974070275202e-05,9.361649972561281e-06,1.1987202015006915e-05
1663,8.131384674925357e-05,1.2100369531253818e-05,9.350027539767325e-06,1.1972690117545426e-05
1664,8.136661199387163e-05,1.2139215868955944e-05,9.359647265227977e-06,1.1973549590038601e-05
1665,8.151069050654769e-05,1.2108037481084466e-05,9.545470675220713e-06,1.1971436833846383e-05
1666,8.161603182088584e-05,1.2153991519880947e-05,9.55437462835107e-06,1.1981534044025466e-05
1667,8.159822755260393e-05,1.2104297638870776e-05,9.670709914644249e-06,1.1964644727413543e-05
1668,8.144498860929161e-05,1.2101732863811776e-05,9.553015843266621e-06,1.1958048162341584e-05
1669,8.120498387143016e-05,1.202563271363033e-05,9.542158295516856e-06,1.1927439118153416e-05
1670,8.095332304947078e-05,1.1999989510513842e-05,9.398052497999743e-06,1.1911057299585082e-05
1671,8.075473306234926e-05,1.193825028167339e-05,9.377950846101157e-06,1.1887706023117062e-05
1672,8.063971472438425e-05,1.1924801583518274e-05,9.33796945901122e-06,1.187538782687625e-05
1673,8.060103573370725e-05,1.1899703167728148e-05,9.36042306420859e-06,1.1868182809848804e-05
1674,8.060417167143896e-05,1.1890233508893289e-05,9.41812413657317e-06,1.185916244139662e-05
1675,8.06075258878991e-05,1.1889363122463692e-05,9.424486961506773e-06,1.1858735888381489e-05
1676,8.057923696469516e-05,1.1855813681904692e-05,9.498401595919859e-06,1.1845004337374121e-05
1677,8.050577889662236e-05,1.1862736755574588e-05,9.439268978894688e-06,1.1840754268632736e-05
1678,8.039268141146749e-05,1.1797959814430214e-05,9.488803698332049e-06,1.1821183761639986e-05
1679,8.025769784580916e-05,1.1810206160589587e-05,9.389414117322303e-06,1.1811615877377335e-05
1680,8.012231410248205e-05,1.1732146958820522e-05,9.42817405302776e-06,1.1792398254328873e-05
1681,8.000340312719345e-05,1.1749748409783933e-05,9.347103514301125e-06,1.178131060441956e-05
1682,7.990938320290297e-05,1.1683613593049813e-05,9.38698576646857e-06,1.1767756404879037e-05
1683,7.98394758021459e-05,1.1695444300130475e-05,9.358582246932201e-06,1.1757090760511346e-05
1684,7.978646317496896e-05,1.1656569768092595e-05,9.38414905249374e-06,1.1749148143280763e-05
1685,7.973991159815341e-05,1.1646118764474522e-05,9.404959200765006e-06,1.1737767636077479e-05
1686,7.96904496382922e-05,1.1637392162811011e-05,9.393052096129395e-06,1.1732000530173536e-05
1687,7.963183452375233e-05,1.1595024261623621e-05,9.444152965443209e-06,1.1718531823134981e-05
1688,7.956176705192775e-05,1.16112241812516e-05,9.390247214469127e-06,1.1712059858837165e-05
1689,7.948123675305396e-05,1.1542053471202962e-05,9.454453902435489e-06,1.16969449663884e-05
1690,7.939367787912488e-05,1.1572979929042049e-05,9.376184607390314e-06,1.1688903214235324e-05
1691,7.930318679427728e-05,1.1491978511912748e-05,9.442073860554956e-06,1.1673827430058736e-05
1692,7.921397627796978e-05,1.1525222362251952e-05,9.366094673168845e-06,1.1664532394206617e-05
1693,7.912874571047723e-05,1.1450733836682048e-05,9.422459697816521e-06,1.1651110071397852e-05
1694,7.904888479970396e-05,1.147232705989154e-05,9.371115993417334e-06,1.1641087439784314e-05
1695,7.897448085714132e-05,1.1418774192861747e-05,9.406532626599073e-06,1.162983517133398e-05
1696,7.890503184171394e-05,1.1419076145102736e-05,9.390095328853931e-06,1.1619171345955692e-05
1697,7.883852231316268e-05,1.1392152373446152e-05,9.397816938871983e-06,1.1609711691562552e-05
1698,7.877375173848122e-05,1.1367372280801646e-05,9.414767191628926e-06,1.1598322998906951e-05
1699,7.870936678955331e-05,1.1366110811650287e-05,9.393788786837831e-06,1.1589892892516218e-05
1700,7.864409417379647e-05,1.1318374163238332e-05,9.43681789067341e-06,1.1577779332583304e-05
1701,7.857757736928761e-05,1.1336347597534768e-05,9.39274195843609e-06,1.156969756266335e-05
1702,7.850929978303611e-05,1.1272816664131824e-05,9.451296136830933e-06,1.1557038305909373e-05
1703,7.843971252441406e-05,1.1301378435746301e-05,9.39365963859018e-06,1.1548934708116576e-05
1704,7.836864097043872e-05,1.1231028111069463e-05,9.457361556997057e-06,1.1536049896676559e-05
1705,7.829668174963444e-05,1.1261770850978792e-05,9.396386303706095e-06,1.1527705282787792e-05
1706,7.822427141945809e-05,1.1192040801688563e-05,9.457800842938013e-06,1.1514885954966303e-05
1707,7.815171557012945e-05,1.1219358384551015e-05,9.401117495144717e-06,1.1506248483783565e-05
1708,7.807932706782594e-05,1.1155663742101751e-05,9.454919563722797e-06,1.1493748388602398e-05
1709,7.800699677318335e-05,1.1175051440659445e-05,9.407624929735903e-06,1.1484863534860779e-05
1710,7.793537224642932e-05,1.1120967428723816e-05,9.4509196060244e-06,1.1472697224235162e-05
1711,7.786419882904738e-05,1.1130518032587133e-05,9.415851309313439e-06,1.1463565897429362e-05
1712,7.77935201767832e-05,1.1087053280789405e-05,9.447583579458296e-06,1.1451777027104981e-05
1713,7.772335811750963e-05,1.1086738595622592e-05,9.424416930414736e-06,1.144244015449658e-05
1714,7.765339978504926e-05,1.1052930858568288e-05,9.445517207495868e-06,1.1430990525695961e-05
1715,7.75838052504696e-05,1.1044083294109441e-05,9.432331353309564e-06,1.1421478120610118e-05
1716,7.751499651931226e-05,1.1018142686225474e-05,9.445423529541586e-06,1.1410286788304802e-05
1717,7.744615868432447e-05,1.1003446161339525e-05,9.439399946131743e-06,1.1400662515370641e-05
1718,7.737760461168364e-05,1.0982455933117308e-05,9.446850526728667e-06,1.1389659448468592e-05
1719,7.730939250905067e-05,1.096405139833223e-05,9.445570867683273e-06,1.1379954230505973e-05
1720,7.724131864961237e-05,1.0945986105070915e-05,9.449972822039854e-06,1.136907212639926e-05
1721,7.717342668911442e-05,1.0926048162218649e-05,9.45057581702713e-06,1.1359360541973729e-05
1722,7.710562204010785e-05,1.0908657714026049e-05,9.454390237806365e-06,1.1348515727149788e-05
1723,7.703814480919391e-05,1.088945191440871e-05,9.454553946852684e-06,1.1338827789586503e-05
1724,7.69707839936018e-05,1.0870803635043558e-05,9.459987268201075e-06,1.1327999345667195e-05
1725,7.690387428738177e-05,1.0853736057470087e-05,9.458171916776337e-06,1.131839417212177e-05
1726,7.683698640903458e-05,1.0832861335074995e-05,9.466470146435313e-06,1.1307531167403795e-05
1727,7.677049870835617e-05,1.081874688679818e-05,9.461286936129909e-06,1.1298093340883497e-05
1728,7.67042365623638e-05,1.0794450645335019e-05,9.47425087360898e-06,1.128710664488608e-05
1729,7.663866563234478e-05,1.0785131053125951e-05,9.463950846111402e-06,1.1277918019914068e-05
1730,7.65732693253085e-05,1.0755539733509067e-05,9.483892426942475e-06,1.1266767614870332e-05
1731,7.650893530808389e-05,1.0753028618637472e-05,9.466016308579128e-06,1.1257978258072399e-05
1732,7.644566358067095e-05,1.0716142242017668e-05,9.496475286141504e-06,1.1246608664805535e-05
1733,7.638375245733187e-05,1.0723293598857708e-05,9.468119969824329e-06,1.1238467777729966e-05
1734,7.632432971149683e-05,1.0676024430722464e-05,9.514302291790955e-06,1.1226799870200921e-05
1735,7.626849401276559e-05,1.0697584002627991e-05,9.472040801483672e-06,1.1219773114135023e-05
1736,7.621757686138153e-05,1.0635726539476309e-05,9.542693078401498e-06,1.1207830539206043e-05
1737,7.617466326337308e-05,1.0678748367354274e-05,9.481811503064819e-06,1.1202821042388678e-05
1738,7.614387141074985e-05,1.0596065294521395e-05,9.593381037120707e-06,1.1190883924427908e-05
1739,7.613228081027046e-05,1.0674782970454544e-05,9.50869252847042e-06,1.118976160796592e-05
1740,7.615072536282241e-05,1.0561604540271219e-05,9.6939229479176e-06,1.117904048442142e-05
1741,7.621738768648356e-05,1.0701301107474137e-05,9.58576492848806e-06,1.1186063602508511e-05
1742,7.636139343958348e-05,1.0547044439590536e-05,9.911802408169024e-06,1.1180509318364784e-05
1743,7.663124415557832e-05,1.0797407412610482e-05,9.803787179407664e-06,1.1206010640307795e-05
1744,7.710720819886774e-05,1.059626811183989e-05,1.04232931334991e-05,1.1217528481211048e-05
1745,7.792340329615399e-05,1.1063672900490928e-05,1.041981431626482e-05,1.128798339777859e-05
1746,7.930476567707956e-05,1.0840652066690382e-05,1.170246468973346e-05,1.1352329238434322e-05
1747,8.163139864336699e-05,1.1767005162255373e-05,1.2169082765467465e-05,1.153906123363413e-05
1748,8.554945088690147e-05,1.1669533705571666e-05,1.5070365407154895e-05,1.1761910172936041e-05
1749,9.215553291141987e-05,1.3649865650222637e-05,1.7188147467095405e-05,1.2263503776921425e-05
1750,0.00010331824887543917,1.4238074982131366e-05,2.4294640752486885e-05,1.2957107173861004e-05
1751,0.00012216430332046002,1.880431591416709e-05,3.1681898690294474e-05,1.4335616469907109e-05
1752,0.00015387489111162722,2.18863133341074e-05,5.0010461563942954e-05,1.639562105992809e-05
1753,0.00020655535627156496,3.29137546941638e-05,7.285900210263208e-05,2.0156518075964414e-05
1754,0.0002920573460869491,4.335124322096817e-05,0.00011955961235798895,2.582929482741747e-05
1755,0.00042407430009916425,6.865098112029955e-05,0.00017985154408961535,3.511434988467954e-05
1756,0.0006109329406172037,9.366981976199895e-05,0.0002793116436805576,4.7590299800504e-05
1757,0.0008330531418323517,0.00013491217396222055,0.0003827963082585484,6.306893192231655e-05
1758,0.0010163283441215754,0.00015841225103940815,0.0004831727419514209,7.494867168134078e-05
1759,0.001029054168611765,0.0001651137281442061,0.00048526760656386614,7.573456241516396e-05
1760,0.0007911157445050776,0.0001236730458913371,0.00037604308454319835,5.827991844853386e-05
1761,0.00041129387682303786,6.205924728419632e-05,0.0001908402336994186,3.167887916788459e-05
1762,0.0001546820712974295,2.597381353552919e-05,6.38449055259116e-05,1.2972670447197743e-05
1763,0.00018130465468857437,2.3049091396387666e-05,8.983816223917529e-05,1.3683479664905462e-05
1764,0.00039621422183699906,7.284489402081817e-05,0.00018567824736237526,2.7538211725186557e-05
1765,0.0005565740866586566,8.336713653989136e-05,0.00028356979601085186,3.7927431549178436e-05
1766,0.0004943821113556623,8.938743849284947e-05,0.00023285603674594313,3.4427725040586665e-05
1767,0.00027349882293492556,3.77463256882038e-05,0.0001343611511401832,2.027826849371195e-05
1768,0.00011865670967381448,2.1594754798570648e-05,4.1298335418105125e-05,1.1152725164720323e-05
1769,0.00015454573440365493,2.108454646077007e-05,5.891072578378953e-05,1.4910091522324365e-05
1770,0.0002824848343152553,4.3146479583811015e-05,0.00011766813258873299,2.43340455199359e-05
1771,0.0003227849374525249,5.1018716476392e-05,0.00013374588161241263,2.7604070055531338e-05
1772,0.0002234990242868662,3.3408152376068756e-05,8.6324340372812e-05,2.075330849038437e-05
1773,0.00010127114364877343,1.4775730960536748e-05,2.336746547371149e-05,1.2625589079107158e-05
1774,8.340741624124348e-05,1.2868021258327644e-05,1.3444667274598032e-05,1.1418944268370979e-05
1775,0.00015750117017887533,2.2115042156656273e-05,5.340753705240786e-05,1.639571928535588e-05
1776,0.00021058626589365304,3.44682703143917e-05,7.496689795516431e-05,2.0230221707606688e-05
1777,0.00017678146832622588,2.5637371436459944e-05,6.251197919482365e-05,1.7726422811392695e-05
1778,0.00010503933299332857,1.5070821973495185e-05,2.619234874146059e-05,1.2755232091876678e-05
1779,8.160704601323232e-05,1.3123225471645128e-05,1.4297698726295494e-05,1.08372241811594e-05
1780,0.0001203941137646325,1.544709812151268e-05,3.935574204660952e-05,1.3118255083099939e-05
1781,0.00015966902719810605,2.8230018870090134e-05,5.308446998242289e-05,1.5670908396714367e-05
1782,0.00014849449507892132,1.956828600668814e-05,5.4920707043493167e-05,1.4801098586758599e-05
1783,0.0001047906989697367,1.817649717850145e-05,2.601642336230725e-05,1.211955623148242e-05
1784,8.16551546449773e-05,1.0004208888858557e-05,1.790405804058537e-05,1.0749377906904556e-05
1785,9.782001143321395e-05,1.4479270248557441e-05,2.3265321942744777e-05,1.2015083484584466e-05
1786,0.00012203174992464483,1.7992017092183232e-05,3.460960942902602e-05,1.3886025953979697e-05
1787,0.00011965484009124339,1.7338001271127723e-05,3.396695319679566e-05,1.3669977306562942e-05
1788,9.416115062776953e-05,1.3376953575061634e-05,2.0704479538835585e-05,1.2015942957077641e-05
1789,7.599988020956516e-05,1.1203404937987216e-05,1.1090376574429683e-05,1.0741219739429653e-05
1790,8.161854202626273e-05,1.0412846677354537e-05,1.5690216969233006e-05,1.1103095857833978e-05
1791,9.692981984699145e-05,1.5606532542733476e-05,2.0302510165493004e-05,1.2204155609651934e-05
1792,9.969351958716288e-05,1.311961477767909e-05,2.478773967595771e-05,1.2357233572402038e-05
1793,8.68859060574323e-05,1.3351927009352949e-05,1.5512337995460257e-05,1.1604328392422758e-05
1794,7.444740913342685e-05,1.0032580576080363e-05,1.0710851711337455e-05,1.0740795005403925e-05
1795,7.51283805584535e-05,1.0065245078294538e-05,1.1169455319759436e-05,1.0778736395877786e-05
1796,8.440203964710236e-05,1.281255481444532e-05,1.450379568268545e-05,1.1417138011893257e-05
1797,8.901227556634694e-05,1.1691346117004286e-05,1.9100683857686818e-05,1.1644049664027989e-05
1798,8.373131277039647e-05,1.2871942089986987e-05,1.4259738236432895e-05,1.1319926670694258e-05
1799,7.567211287096143e-05,9.801925443753134e-06,1.2157664968981408e-05,1.0742504855443258e-05
1800,7.381586328847334e-05,1.053110281645786e-05,1.0151601600227877e-05,1.062663159245858e-05
1801,7.854488649172708e-05,1.086610063794069e-05,1.2829203114961274e-05,1.0969915820169263e-05
1802,8.291863196063787e-05,1.1564903616090305e-05,1.5255840480676852e-05,1.1219577572774142e-05
1803,8.182239253073931e-05,1.1358727533661295e-05,1.4608521269110497e-05,1.1171029655088205e-05
1804,7.725063187535852e-05,1.1033977898478042e-05,1.2283397154533304e-05,1.0786652637762018e-05
1805,7.471287972293794e-05,9.58188138611149e-06,1.2236852853675373e-05,1.0578828550933395e-05
1806,7.653501234017313e-05,1.168768540082965e-05,1.1626284504018258e-05,1.0644209396559745e-05
1807,7.999261288205162e-05,9.887935448205099e-06,1.614899701962713e-05,1.0791135537147056e-05
1808,8.128414629027247e-05,1.2881322618341073e-05,1.415173028362915e-05,1.085021813196363e-05
1809,7.98521505203098e-05,9.73731675912859e-06,1.6719639461371116e-05,1.0679039405658841e-05
1810,7.839170575607568e-05,1.2207402505737264e-05,1.3459039109875448e-05,1.0545051736698952e-05
1811,7.941960211610422e-05,9.774795216799248e-06,1.6868376405909657e-05,1.0555286280578002e-05
1812,8.276273729279637e-05,1.2673412129515782e-05,1.6739739294280298e-05,1.0669917173800059e-05
1813,8.643184264656156e-05,1.0751981790235732e-05,2.1676270989701152e-05,1.0800717973324936e-05
1814,8.922824781620875e-05,1.4012973224453162e-05,2.15484069485683e-05,1.0733373528637458e-05
1815,9.213453449774534e-05,1.1051405635953415e-05,2.7924790629185736e-05,1.0631668374116998e-05
1816,9.720707021187991e-05,1.621284354769159e-05,2.8497513994807377e-05,1.0499342351977248e-05
1817,0.00010585972631815821,1.2362988854874857e-05,4.114031617064029e-05,1.0471284440427553e-05
1818,0.00011818145867437124,2.0808642148040235e-05,4.496508336160332e-05,1.0481546269147657e-05
1819,0.00013416176079772413,1.5926407286315225e-05,6.585901428479701e-05,1.0475266208231915e-05
1820,0.0001547542924527079,2.781863986456301e-05,7.468901458196342e-05,1.0449328328832053e-05
1821,0.00018243605154566467,2.2460833861259744e-05,0.00010766819468699396,1.0461405508976895e-05
1822,0.00021955205011181533,3.9337897760560736e-05,0.00012760046229232103,1.0522738193685655e-05
1823,0.0002679757308214903,3.450820440775715e-05,0.00017991825006902218,1.0709852176660206e-05
1824,0.0003262828686274588,5.7999815908260643e-05,0.00021421219571493566,1.081417030945886e-05
1825,0.000391536857932806,5.232010516920127e-05,0.00028449841192923486,1.0943665984086692e-05
1826,0.00045367461279965937,8.053949568420649e-05,0.0003188821137882769,1.0850601029233076e-05
1827,0.0005004206323064864,6.821114220656455e-05,0.0003782470594160259,1.0792490684252698e-05
1828,0.0005111501668579876,9.137776214629412e-05,0.0003667633282020688,1.0601814210531302e-05
1829,0.00047351070679724216,6.398597179213539e-05,0.00035686581395566463,1.053178493748419e-05
1830,0.0003845041210297495,6.98792064213194e-05,0.00026252545649185777,1.0419894351798575e-05
1831,0.0002671227848622948,3.3696600439725444e-05,0.00018140842439606786,1.0403549822513014e-05
1832,0.00015657150652259588,2.8492366254795343e-05,7.630449545104057e-05,1.0354928235756233e-05
1833,8.703672210685909e-05,1.0063805348181631e-05,2.5226070647477172e-05,1.0349369404138997e-05
1834,7.232701318571344e-05,9.165526535070967e-06,1.1531690688570961e-05,1.0325959010515362e-05
1835,0.00010292543447576463,1.7814134480431676e-05,3.354548243805766e-05,1.0313163329556119e-05
1836,0.0001542223326396197,1.8476413970347494e-05,8.413342584390193e-05,1.0322499292669818e-05
1837,0.0001987092400668189,3.577474126359448e-05,0.00011128966434625909,1.0328967618988827e-05
1838,0.00021685435785911977,2.7460848286864348e-05,0.00013742120063398033,1.0394460332463495e-05
1839,0.00020195466640871018,3.5864712117472664e-05,0.00011408524005673826,1.0400944120192435e-05
1840,0.0001628017344046384,2.0097682863706723e-05,9.053203393705189e-05,1.0434402611281257e-05
1841,0.00011688577069435269,1.987540781556163e-05,4.520121365203522e-05,1.0361828572058585e-05
1842,8.27219191705808e-05,1.0031575584434904e-05,2.1108715372974984e-05,1.0316325642634183e-05
1843,7.055549212964252e-05,9.514797966403421e-06,9.766529728949536e-06,1.0254832886857912e-05
1844,7.94634543126449e-05,1.2350927136139944e-05,1.5880279534030706e-05,1.0246450074191671e-05
1845,9.989459067583084e-05,1.181443985842634e-05,3.66291897080373e-05,1.0290191312378738e-05
1846,0.00011945967708015814,2.0513320123427548e-05,4.7420220653293654e-05,1.0305227078788448e-05
1847,0.0001287471386604011,1.5392333807540126e-05,6.163404032122344e-05,1.034415345202433e-05
1848,0.0001243394799530506,2.1517154891625978e-05,5.135151877766475e-05,1.0294162166246679e-05
1849,0.0001094978506444022,1.286091446672799e-05,4.526881821220741e-05,1.027362304739654e-05
1850,9.118334128288552e-05,1.5016716133686714e-05,2.5089633709285408e-05,1.021539810608374e-05
1851,7.66945886425674e-05,9.260470505978446e-06,1.6431942640338093e-05,1.0200436008744873e-05
1852,7.031545101199299e-05,9.753456652106252e-06,9.592218702891842e-06,1.0193955858994741e-05
1853,7.224888395285234e-05,1.0400450264569372e-05,1.0904529517574701e-05,1.0188780834141653e-05
1854,7.942914089653641e-05,9.541003237245604e-06,1.890423482109327e-05,1.0196779840043746e-05
1855,8.745700324652717e-05,1.4102054592513014e-05,2.2483534849015996e-05,1.017428257910069e-05
1856,9.25949279917404e-05,1.0873020073631778e-05,3.0859329854138196e-05,1.0172516340389848e-05
1857,9.29569941945374e-05,1.527713902760297e-05,2.6955895009450614e-05,1.0144792213395704e-05
1858,8.889297168934718e-05,1.0462484169693198e-05,2.7727572160074487e-05,1.0140583071915898e-05
1859,8.230368257500231e-05,1.2967140719410963e-05,1.872966458904557e-05,1.0121375453309156e-05
1860,7.571168680442497e-05,9.189754564431496e-06,1.5936235286062583e-05,1.0117139936483e-05
1861,7.114361505955458e-05,1.0103870408784132e-05,1.0512751941860188e-05,1.0105398359883111e-05
1862,6.952256080694497e-05,9.265816515835468e-06,9.759032764122821e-06,1.0099541214003693e-05
1863,7.056870526866987e-05,8.969456757768057e-06,1.113451253331732e-05,1.009294737741584e-05
1864,7.317704148590565e-05,1.0726180335041136e-05,1.2026759577565826e-05,1.0084821042255498e-05
1865,7.598817319376394e-05,9.168717951979488e-06,1.640343361941632e-05,1.0083204870170448e-05
1866,7.789045048411936e-05,1.18931629913277e-05,1.5631714632036164e-05,1.0073114935948979e-05
1867,7.832447590772063e-05,9.359066098113544e-06,1.8585404177429155e-05,1.0076000762637705e-05
1868,7.730297511443496e-05,1.1715148502844386e-05,1.5270663425326347e-05,1.0063432455353905e-05
1869,7.529176218667999e-05,9.111386134463828e-06,1.585237987455912e-05,1.0065598871733528e-05
1870,7.294199895113707e-05,1.0589703379082493e-05,1.2105589121347293e-05,1.0049340744444635e-05
1871,7.087506673997268e-05,8.887626790965442e-06,1.1758455002564006e-05,1.0045796443591826e-05
1872,6.950389797566459e-05,9.484999281994533e-06,9.866634172794875e-06,1.0030453267972916e-05
1873,6.89728040015325e-05,9.105110621021595e-06,9.753217454999685e-06,1.0022895367001183e-05
1874,6.917949940543622e-05,8.929736395657528e-06,1.0175113857258111e-05,1.0014929102908354e-05
1875,6.985977233853191e-05,9.655671419750433e-06,1.0176052455790341e-05,1.0005610420193989e-05
1876,7.069508137647063e-05,8.82294261828065e-06,1.185328892461257e-05,1.0003770512412302e-05
1877,7.140493107726797e-05,1.0133441719517577e-05,1.1314875337120611e-05,9.991322258429136e-06
1878,7.180868124123663e-05,8.83725533640245e-06,1.3021975973970257e-05,9.989889804273844e-06
1879,7.183782872743905e-05,1.0255371307721362e-05,1.1707074008882046e-05,9.975076864066068e-06
1880,7.152789476094767e-05,8.795612302492373e-06,1.2873151717940345e-05,9.971826330001932e-06
1881,7.097600609995425e-05,1.0023056347563397e-05,1.1161990187247284e-05,9.958191185432952e-06
1882,7.030832057353109e-05,8.728267857804894e-06,1.1812144293799065e-05,9.953580956789665e-06
1883,6.964209023863077e-05,9.613939255359583e-06,1.0313091479474679e-05,9.943012628355063e-06
1884,6.906841736054048e-05,8.729605724511202e-06,1.0652524906618055e-05,9.937257345882244e-06
1885,6.864164606668055e-05,9.211028555000667e-06,9.786303053260781e-06,9.928861800290179e-06
1886,6.83802500134334e-05,8.839750989864115e-06,9.930433407134842e-06,9.922013305185828e-06
1887,6.827202741988003e-05,8.914707905205432e-06,9.783798304852098e-06,9.91470369626768e-06
1888,6.828500772826374e-05,9.019775461638346e-06,9.729617886478081e-06,9.907123057928402e-06
1889,6.837750697741285e-05,8.739050826989114e-06,1.0135890988749452e-05,9.900512850435916e-06
1890,6.850817590020597e-05,9.196485734719317e-06,9.8502314358484e-06,9.89229192782659e-06
1891,6.864184979349375e-05,8.650759809825104e-06,1.0558957001194358e-05,9.886427505989559e-06
1892,6.8753506639041e-05,9.313591363024898e-06,1.0052814104710706e-05,9.877420779957902e-06
1893,6.882916204631329e-05,8.610146323917434e-06,1.0856421795324422e-05,9.872518603515346e-06
1894,6.886303890496492e-05,9.355233487440273e-06,1.0194378774031065e-05,9.862686056294478e-06
1895,6.885638867970556e-05,8.58843486639671e-06,1.0974907127092592e-05,9.85860879154643e-06
1896,6.881362060084939e-05,9.336136827187147e-06,1.0237343303742819e-05,9.848027730186004e-06
1897,6.874290556879714e-05,8.570552381570451e-06,1.0951542208204046e-05,9.84416237770347e-06
1898,6.865179602755234e-05,9.281784514314495e-06,1.02043486549519e-05,9.833132025960367e-06
1899,6.854884850326926e-05,8.550690836273134e-06,1.0853584171854891e-05,9.828914699028246e-06
1900,6.844082963652909e-05,9.21451373869786e-06,1.0136260243598372e-05,9.818011676543392e-06
1901,6.833348743384704e-05,8.529274055035785e-06,1.073777093552053e-05,9.813288670557085e-06
1902,6.823043804615736e-05,9.14819429453928e-06,1.0067498806165531e-05,9.80294953478733e-06
1903,6.813483196310699e-05,8.508261998940725e-06,1.0637567356752697e-05,9.797799975785892e-06
1904,6.804801523685455e-05,9.090294952329714e-06,1.001737382466672e-05,9.788070201466326e-06
1905,6.79713994031772e-05,8.488254934491124e-06,1.056943347066408e-05,9.782741472008638e-06
1906,6.790584302507341e-05,9.044776561495382e-06,9.994414540415164e-06,9.773330020834692e-06
1907,6.785189907532185e-05,8.468023224850185e-06,1.0543519238126464e-05,9.76807132246904e-06
1908,6.78113428875804e-05,9.016152944241185e-06,1.0002045200963039e-05,9.758628948475234e-06
1909,6.778578972443938e-05,8.444864761258941e-06,1.0572422979748808e-05,9.753700396686327e-06
1910,6.777790258638561e-05,9.01111252460396e-06,1.0046995157608762e-05,9.743959708430339e-06
1911,6.779109389754012e-05,8.417323442699853e-06,1.0676549209165387e-05,9.739444067236036e-06
1912,6.783020216971636e-05,9.038266398420092e-06,1.0145588021259755e-05,9.7292686405126e-06
1913,6.790296174585819e-05,8.386492481804453e-06,1.0890415069297887e-05,9.725211384647992e-06
1914,6.80195662425831e-05,9.111124199989717e-06,1.0335753358958755e-05,9.714538464322686e-06
1915,6.819597911089659e-05,8.358536433661357e-06,1.1282247214694507e-05,9.711038728710264e-06
1916,6.845301686553285e-05,9.25400854612235e-06,1.0700094208004884e-05,9.699782822281122e-06
1917,6.882192974444479e-05,8.349567906407174e-06,1.1986696335952729e-05,9.697132554720156e-06
1918,6.934578414075077e-05,9.511461939837318e-06,1.1408580576244276e-05,9.685148143034894e-06
1919,7.008880493231118e-05,8.396636985708028e-06,1.327256813965505e-05,9.6839203251875e-06
1920,7.114095205906779e-05,9.970849532692228e-06,1.2815322406822816e-05,9.670955478213727e-06
1921,7.263869338203222e-05,8.582414011470973e-06,1.5695459296694025e-05,9.672163287177682e-06
1922,7.47747762943618e-05,1.080889705917798e-05,1.5676643670303747e-05,9.657846931077074e-06
1923,7.78449175413698e-05,9.09514619706897e-06,2.0434246835066006e-05,9.663105629442725e-06
1924,8.226723730331287e-05,1.2392203643685207e-05,2.163908902730327e-05,9.647189472161699e-06
1925,8.868776785675436e-05,1.0362830835219938e-05,3.002770790772047e-05,9.659445822762791e-06
1926,9.801214764593169e-05,1.5492218153667636e-05,3.430877040955238e-05,9.642231816542335e-06
1927,0.00011164156603626907,1.334999342361698e-05,4.995920608052984e-05,9.66647348832339e-06
1928,0.00013144918193574995,2.172313725168351e-05,6.14776072325185e-05,9.649686944612768e-06
1929,0.00016026265802793205,2.012858931266237e-05,9.165811206912622e-05,9.695192602521274e-06
1930,0.00020142356515862048,3.424915121286176e-05,0.00011875561904162169,9.683756616141181e-06
1931,0.00025951152201741934,3.458033097558655e-05,0.00017610118084121495,9.766005860001314e-06
1932,0.0003378186374902725,5.8015652030007914e-05,0.00023096393852028996,9.767808478500228e-06
1933,0.0004386819782666862,6.13383308518678e-05,0.00032782478956505656,9.903773388941772e-06
1934,0.0005544268642552197,9.521867468720302e-05,0.00040961685590445995,9.918275281961542e-06
1935,0.0006685215048491955,9.597210737410933e-05,0.0005220825551077724,1.0093374839925673e-05
1936,0.0007412672275677323,0.0001274227543035522,0.0005635132547467947,1.0066252798424102e-05
1937,0.0007336176931858063,0.00010518166527617723,0.0005775874014943838,1.0169722372666001e-05
1938,0.0006152343703433871,0.00010687283065635711,0.00045838786172680557,9.994734682550188e-06
1939,0.0004162814002484083,5.64862166356761e-05,0.0003102147893514484,9.916074304783251e-06
1940,0.00021093850955367088,3.71157075278461e-05,0.0001254803064512089,9.66849984251894e-06
1941,8.519520633853972e-05,9.599013537808787e-06,2.779006536002271e-05,9.561225851939525e-06
1942,7.56015651859343e-05,8.572405022277962e-06,1.9519378838595003e-05,9.501954991719685e-06
1943,0.00015491852536797523,2.6907255232799798e-05,8.041472756303847e-05,9.519307241134811e-06
1944,0.00025692969211377203,3.359993570484221e-05,0.0001751504314597696,9.635864444135223e-06
1945,0.0003149039694108069,5.46662304259371e-05,0.00021197620662860572,9.652306289353874e-06
1946,0.0002966955944430083,4.0033512050285935e-05,0.0002080580743495375,9.720801244839095e-06
1947,0.0002158770803362131,3.684339753817767e-05,0.00013093408779241145,9.61991918302374e-06
1948,0.00012364270514808595,1.5185066331468988e-05,6.058628059690818e-05,9.574272553436458e-06
1949,7.039620686555281e-05,9.818899343372323e-06,1.3222025700088125e-05,9.471056728216354e-06
1950,7.527884736191481e-05,1.113848793465877e-05,1.6945230527198873e-05,9.439025234314613e-06
1951,0.0001193136558867991,1.4623290553572588e-05,5.739540574722923e-05,9.458993190492038e-06
1952,0.00016424371278844774,2.774682070594281e-05,8.917682862374932e-05,9.464012691751122e-06
1953,0.0001790060050552711,2.3080578102963045e-05,0.00010827607184182853,9.529871931590606e-06
1954,0.0001560514938319102,2.6284904379281215e-05,8.229021477745846e-05,9.495273843640462e-06
1955,0.00011299678590148687,1.3636496078106575e-05,5.182078530197032e-05,9.507901268079877e-06
1956,7.674782682443038e-05,1.1355656170053408e-05,1.816812073229812e-05,9.444809620617889e-06
1957,6.556872540386394e-05,8.675897333887406e-06,9.7715383162722e-06,9.424257768841926e-06
1958,7.901663047960028e-05,9.139553185377736e-06,2.2847551008453593e-05,9.40590507525485e-06
1959,0.00010203704732703045,1.671457357588224e-05,3.835987445199862e-05,9.392520041728858e-06
1960,0.00011703937343554571,1.398521908413386e-05,5.596442861133255e-05,9.417945875611622e-06
1961,0.00011468938464531675,1.8997889128513634e-05,4.871026976616122e-05,9.396246241522022e-06
1962,9.80990007519722e-05,1.1548106158443261e-05,3.948382072849199e-05,9.41341477300739e-06
1963,7.83122522989288e-05,1.1727030141628347e-05,1.9704588339664042e-05,9.376125490234699e-06
1964,6.638868217123672e-05,8.19514025351964e-06,1.1351224202371668e-05,9.368462997372262e-06
1965,6.664807006018236e-05,8.05665877123829e-06,1.1883998013217933e-05,9.341482837044168e-06
1966,7.555253978352994e-05,1.1237506441830192e-05,1.768438596627675e-05,9.326130566478241e-06
1967,8.539781265426427e-05,1.0010892765421886e-05,2.8762313377228566e-05,9.324920938524883e-06
1968,8.955119119491428e-05,1.3994370419823099e-05,2.9012473532930017e-05,9.308869266533293e-06
1969,8.602233720012009e-05,1.0136594028153922e-05,2.9289672966115177e-05,9.31921476876596e-06
1970,7.753972022328526e-05,1.1491022632981185e-05,1.9543658709153533e-05,9.301007594331168e-06
1971,6.915113772265613e-05,8.276879270852078e-06,1.4343771908897907e-05,9.30609803617699e-06
1972,6.487824430223554e-05,8.369224815396592e-06,1.005556077871006e-05,9.290692105423659e-06
1973,6.575068982783705e-05,8.81508367456263e-06,1.0499596100999042e-05,9.287201464758255e-06
1974,6.987063534324989e-05,8.236910616687965e-06,1.522859929536935e-05,9.281025086238515e-06
1975,7.40464820410125e-05,1.0836810361070093e-05,1.6850255633471534e-05,9.271882845496293e-06
1976,7.574677874799818e-05,8.828764293866698e-06,2.055263757938519e-05,9.273075193050317e-06
1977,7.42453194106929e-05,1.0850164471776225e-05,1.7091828340198845e-05,9.260666047339328e-06
1978,7.063504017423838e-05,8.300188710563816e-06,1.602350857865531e-05,9.262269486498553e-06
1979,6.686186679871753e-05,9.083698387257755e-06,1.1530402844073251e-05,9.249552931578364e-06
1980,6.458510324591771e-05,7.995590749487747e-06,1.0355694030295126e-05,9.246763511328027e-06
1981,6.440978177124634e-05,7.968599675223231e-06,1.0256537279929034e-05,9.236928235623054e-06
1982,6.582498463103548e-05,8.823509233479854e-06,1.0855314030777663e-05,9.229232091456652e-06
1983,6.768776074750349e-05,8.010706551431213e-06,1.356067332380917e-05,9.22327581065474e-06
1984,6.889607902849093e-05,9.603201760910451e-06,1.3229931937530637e-05,9.212589247908909e-06
1985,6.888957432238385e-05,8.10934307082789e-06,1.4735548575117718e-05,9.208936717186589e-06
1986,6.777855742257088e-05,9.309359484177548e-06,1.2479464203352109e-05,9.197947292705067e-06
1987,6.615415622945875e-05,7.904822268756106e-06,1.2278739632165525e-05,9.194119229505304e-06
1988,6.471485539805144e-05,8.447475920547731e-06,1.0342007954022847e-05,9.185074304696172e-06
1989,6.394257070496678e-05,7.936982910905499e-06,1.0108118658536114e-05,9.179493645206094e-06
1990,6.394392403308302e-05,7.91124693932943e-06,1.0166535503230989e-05,9.17322813620558e-06
1991,6.449063948821276e-05,8.373976015718654e-06,1.0288289558957331e-05,9.165674782707356e-06
1992,6.518703594338149e-05,7.823825399100315e-06,1.1555321179912426e-05,9.161577509075869e-06
1993,6.566660886164755e-05,8.740918019611854e-06,1.1161435395479202e-05,9.15285181690706e-06
1994,6.572947313543409e-05,7.824668500688858e-06,1.2157228411524557e-05,9.149514880846255e-06
1995,6.53805400361307e-05,8.665118912176695e-06,1.1010382877429947e-05,9.14100746740587e-06
1996,6.478164868894964e-05,7.769720468786545e-06,1.1327174433972687e-05,9.136950211541262e-06
1997,6.415450479835272e-05,8.284642717626411e-06,1.0220755939371884e-05,9.129821592068765e-06
1998,6.368606409523636e-05,7.795380952302366e-06,1.027025791699998e-05,9.124085408984683e-06
1999,6.347015005303547e-05,7.937324880913366e-06,9.939057235897053e-06,9.118753041548189e-06
2000,6.349496834445745e-05,7.97360098658828e-06,9.96572089206893e-06,9.111128747463226e-06
2001,6.367244350258261e-05,7.771820492052939e-06,1.0364723493694328e-05,9.10718063096283e-06
2002,6.388585461536422e-05,8.177571544365492e-06,1.0217454473604448e-05,9.098165719478857e-06
2003,6.40332218608819e-05,7.723332601017319e-06,1.0836294677574188e-05,9.094718734559137e-06
2004,6.405732710845768e-05,8.247602636402007e-06,1.0383506378275342e-05,9.085244528250769e-06
2005,6.395241507561877e-05,7.70112092141062e-06,1.0844356438610703e-05,9.08138736122055e-06
2006,6.375269731506705e-05,8.152710506692529e-06,1.0237574315397069e-05,9.072483408090193e-06
2007,6.351330375764519e-05,7.692921826674137e-06,1.0482181096449494e-05,9.067640348803252e-06
2008,6.328914605546743e-05,7.977646419021767e-06,1.001104828901589e-05,9.060089723789133e-06
2009,6.311935430858284e-05,7.726102921878919e-06,1.012336269923253e-05,9.053977009898517e-06
2010,6.302043766481802e-05,7.81884682510281e-06,9.961579053197056e-06,9.048002539202571e-06
2011,6.29875430604443e-05,7.800041203154251e-06,9.984087228076532e-06,9.040682016348e-06
2012,6.300073437159881e-05,7.716337677265983e-06,1.0104087778017856e-05,9.036061783262994e-06
2013,6.303461850620806e-05,7.87651242717402e-06,1.001933378574904e-05,9.027753549162298e-06
2014,6.306487193796784e-05,7.66171797295101e-06,1.0283147275913507e-05,9.024000974022783e-06
2015,6.307378498604521e-05,7.913859917607624e-06,1.0084366294904612e-05,9.015111572807655e-06
2016,6.30529539193958e-05,7.633645509486087e-06,1.0360909072915092e-05,9.011680049297865e-06
2017,6.300253153312951e-05,7.896976967458613e-06,1.0092635420733131e-05,9.002583283290733e-06
2018,6.292818579822779e-05,7.620153155585285e-06,1.031277952279197e-05,8.999049896374345e-06
2019,6.283941183937714e-05,7.837779776309617e-06,1.005120066110976e-05,8.990086826088373e-06
2020,6.274643237702549e-05,7.6196474765310995e-06,1.0196215953328647e-05,8.986114153231028e-06
2021,6.265761476242915e-05,7.760136213619262e-06,1.0009714060288388e-05,8.97755307960324e-06
2022,6.257876520976424e-05,7.630685104231816e-06,1.0082755579787772e-05,8.97306472324999e-06
2023,6.251286686165258e-05,7.684735464863479e-06,1.0003144780057482e-05,8.964997505245265e-06
2024,6.246036355150864e-05,7.649588951608166e-06,1.0010635378421284e-05,8.960028026194777e-06
2025,6.24192034592852e-05,7.6213696047489066e-06,1.0035591913037933e-05,8.952449206844904e-06
2026,6.238713103812188e-05,7.669378646824043e-06,9.981975381379016e-06,8.947155038185883e-06
2027,6.23605155851692e-05,7.572269169031642e-06,1.0088386261486448e-05,8.93997184903128e-06
2028,6.23367668595165e-05,7.683723197260406e-06,9.980176400858909e-06,8.934573997976258e-06
2029,6.23131199972704e-05,7.534051746915793e-06,1.0141267921426333e-05,8.927559065341484e-06
2030,6.228851270861924e-05,7.689911399211269e-06,9.987434168579057e-06,8.922233064367902e-06
2031,6.226195546332747e-05,7.503232154704165e-06,1.0182824553339742e-05,8.91517902346095e-06
2032,6.223337550181895e-05,7.688333425903693e-06,9.994042557082139e-06,8.910199539968744e-06
2033,6.220333307282999e-05,7.476471637346549e-06,1.0212628694716841e-05,8.90284627530491e-06
2034,6.21725048404187e-05,7.682614523218945e-06,9.996943845180795e-06,8.898589840100612e-06
2035,6.214222230482846e-05,7.451198598573683e-06,1.023719505610643e-05,8.89076545718126e-06
2036,6.211393338162452e-05,7.677450412302278e-06,9.997727829613723e-06,8.887751391739585e-06
2037,6.20899154455401e-05,7.425901003443869e-06,1.0267183824907988e-05,8.879365850589238e-06
2038,6.207283877301961e-05,7.678653673792724e-06,1.0001438567996956e-05,8.878548214852344e-06
2039,6.206711987033486e-05,7.39961615181528e-06,1.0318850399926305e-05,8.869729754223954e-06
2040,6.207801925484091e-05,7.6960832302575e-06,1.0017903150583152e-05,8.872806574800052e-06
2041,6.211442087078467e-05,7.373603239102522e-06,1.0419309546705335e-05,8.864301889843773e-06
2042,6.218916678335518e-05,7.745328730379697e-06,1.0070138159790076e-05,8.874741070030723e-06
2043,6.232259329408407e-05,7.355718935286859e-06,1.0621437468216754e-05,8.869087650964502e-06
2044,6.254632899072021e-05,7.857234777475242e-06,1.0216823284281418e-05,8.89445345819695e-06
2045,6.290979945333675e-05,7.3703567977645434e-06,1.1046116924262606e-05,8.89866532816086e-06
2046,6.349241448333487e-05,8.101677849481348e-06,1.061100647348212e-05,8.955945304478519e-06
2047,6.442063022404909e-05,7.488497885788092e-06,1.1982601790805347e-05,8.98990583664272e-06
2048,6.589818804059178e-05,8.640239684609696e-06,1.1652725333988201e-05,9.121044058701955e-06
2049,6.825449236202985e-05,7.90657304605702e-06,1.4149521120998543e-05,9.239679457095917e-06
2050,7.202518463600427e-05,9.873334420262836e-06,1.440612231817795e-05,9.549145033815876e-06
2051,7.808183727320284e-05,9.169794793706387e-06,1.9405326384003274e-05,9.901343219098635e-06
2052,8.783659723121673e-05,1.2823416000173893e-05,2.1720026779803447e-05,1.0658631254045758e-05
2053,0.00010356480197515339,1.2756919204548467e-05,3.256684431107715e-05,1.1648208783299197e-05
2054,0.0001288444036617875,2.007500188483391e-05,4.106116102775559e-05,1.3541650332626887e-05
2055,0.0001691479264991358,2.248749660793692e-05,6.571796257048845e-05,1.6188492736546323e-05
2056,0.00023215252440422773,3.772664422285743e-05,9.042371675604954e-05,2.0800433048862033e-05
2057,0.0003272753383498639,4.670368434744887e-05,0.00014463634579442441,2.718706127780024e-05
2058,0.0004616652731783688,7.613894558744505e-05,0.00020100387337151915,3.690448647830635e-05
2059,0.0006308690644800663,9.4111732323654e-05,0.0002951027126982808,4.833093407796696e-05
2060,0.0008002405520528555,0.00013226195005699992,0.0003651053993962705,6.0574642702704296e-05
2061,0.0008947707829065621,0.0001360785827273503,0.0004256446845829487,6.660950748482719e-05
2062,0.0008237311849370599,0.00013621017569676042,0.0003771738556679338,6.206944090081379e-05
2063,0.0005722144269384444,8.580042776884511e-05,0.0002660973113961518,4.4063341192668304e-05
2064,0.0002631687675602734,4.2163559555774555e-05,0.00010706234024837613,2.2788573915022425e-05
2065,8.327323303092271e-05,1.0885523806791753e-05,2.3827198674553074e-05,9.712101928016637e-06
2066,0.00011567506589926779,1.429455187462736e-05,4.549603909254074e-05,1.117689589591464e-05
2067,0.0002790478174574673,4.796437860932201e-05,0.00012180877092760056,2.185493394790683e-05
2068,0.00040991208516061306,6.022293382557109e-05,0.00019869452808052301,3.019892938027624e-05
2069,0.00039229291724041104,6.741178367519751e-05,0.0001783363550202921,2.930895789177157e-05
2070,0.00024617629242129624,3.446030314080417e-05,0.00011453674960648641,1.9435845388215967e-05
2071,0.00010395044228062034,1.6762536688474938e-05,3.478049984551035e-05,1.0481481695023831e-05
2072,7.761346205370501e-05,9.81686662271386e-06,2.1271276636980474e-05,9.305063940701075e-06
2073,0.00015669703134335577,2.1358737285481766e-05,6.029434371157549e-05,1.5008791706350166e-05
2074,0.00023810667335055768,3.8212212530197576e-05,9.504913759883493e-05,2.0969064280507155e-05
2075,0.00023530283942818642,3.328502498334274e-05,9.921246964950114e-05,2.0561072233249433e-05
2076,0.00015518210420850664,2.4138358639902435e-05,5.5067965149646625e-05,1.5195157175185159e-05
2077,7.873276626924053e-05,9.87925614026608e-06,2.054608557955362e-05,9.661484909884166e-06
2078,7.038449257379398e-05,8.038977284741122e-06,1.7663292965153232e-05,8.936444828577805e-06
2079,0.00011779481428675354,1.9003147826879285e-05,3.81211684725713e-05,1.2134099961258471e-05
2080,0.00015789942699484527,2.1009062038501725e-05,6.339802348520607e-05,1.469846574764233e-05
2081,0.00014695168647449464,2.412529465800617e-05,5.175502519705333e-05,1.4214272596291266e-05
2082,9.945256169885397e-05,1.2235653230163734e-05,3.2191066566156223e-05,1.1005167834809981e-05
2083,6.387157191056758e-05,8.49731713969959e-06,1.1487682058941573e-05,8.777315088082105e-06
2084,6.85495906509459e-05,9.19112608244177e-06,1.3506300092558376e-05,9.17043234949233e-06
2085,9.745436545927078e-05,1.212037204822991e-05,3.0024326406419277e-05,1.1061933037126437e-05
2086,0.00011438357614679262,1.786556822480634e-05,3.494954580673948e-05,1.231369242304936e-05
2087,0.00010202699922956526,1.274141777685145e-05,3.267981082899496e-05,1.132115357904695e-05
2088,7.52380074118264e-05,1.0722376828198321e-05,1.6546495317015797e-05,9.593826689524576e-06
2089,6.050520823919214e-05,7.2352609095105436e-06,1.0462873433425557e-05,8.561414688301738e-06
2090,6.776025838917121e-05,8.007816177268978e-06,1.4570747225661762e-05,9.036339179147035e-06
2091,8.392571180593222e-05,1.223716935783159e-05,2.0643228708649985e-05,1.0209063475485891e-05
2092,9.006336040329188e-05,1.1087735401815735e-05,2.6295640054740943e-05,1.05359968074481e-05
2093,8.067373710218817e-05,1.1562496183614712e-05,1.9182683899998665e-05,9.985711585613899e-06
2094,6.636841135332361e-05,7.91145157563733e-06,1.3822635082760826e-05,8.926865120884031e-06
2095,6.056123675080016e-05,7.207944236142794e-06,1.075177533493843e-05,8.520303708792198e-06
2096,6.612313882214949e-05,9.025229701364879e-06,1.2757427612086758e-05,8.86809630173957e-06
2097,7.475126767531037e-05,8.720857294974849e-06,1.9261144188931212e-05,9.353852874482982e-06
2098,7.700415153522044e-05,1.1265855391684454e-05,1.8012444343185052e-05,9.545169632474426e-06
2099,7.134403131203726e-05,8.234652341343462e-06,1.7626196495257318e-05,9.096636858885176e-06
2100,6.402013241313398e-05,8.595880899520125e-06,1.2171905837021768e-05,8.650469681015238e-06
2101,6.174102600198239e-05,7.305347480723867e-06,1.1898840966750868e-05,8.507367965648882e-06
2102,6.541986658703536e-05,8.053457349888049e-06,1.364258787361905e-05,8.744764272705652e-06
2103,7.053121225908399e-05,9.186936949845403e-06,1.568070729263127e-05,9.132713785220403e-06
2104,7.235660450533032e-05,8.982739018392749e-06,1.760856684995815e-05,9.153059181699064e-06
2105,7.033823931124061e-05,8.936059202824254e-06,1.647150202188641e-05,8.986135981103871e-06
2106,6.783823482692242e-05,8.764430276642088e-06,1.5948184227454476e-05,8.62512388266623e-06
2107,6.849382043583319e-05,7.976625056471676e-06,1.8131577235180885e-05,8.477123628836125e-06
2108,7.312101661227643e-05,1.0446989108459093e-05,2.0179977582301944e-05,8.4988105299999e-06
2109,7.985532283782959e-05,9.2714244601666e-06,2.7687106921803206e-05,8.579357199778315e-06
2110,8.668786904308945e-05,1.3183060218580067e-05,3.0468683689832687e-05,8.60722593643004e-06
2111,9.382077405462041e-05,1.1263519809290301e-05,4.001853085355833e-05,8.507744496455416e-06
2112,0.0001038025802699849,1.5992345652193762e-05,4.5657689042855054e-05,8.430510206380859e-06
2113,0.00012008869089186192,1.5274865290848538e-05,6.22084189672023e-05,8.521080417267513e-06
2114,0.0001452429423807189,2.2610098312725313e-05,7.912654837127775e-05,8.701259503141046e-06
2115,0.00018122894107364118,2.455940739309881e-05,0.00011132859799545258,9.068186045624316e-06
2116,0.00022947935212869197,3.661051232484169e-05,0.00014682304754387587,9.209158633893821e-06
2117,0.0002930672198999673,4.14722271671053e-05,0.0002046762965619564,9.383736141899135e-06
2118,0.00037312755011953413,6.107683293521404e-05,0.00026601649005897343,9.206846698361915e-06
2119,0.00046940858010202646,6.843771552667022e-05,0.00035513678449206054,9.166818927042186e-06
2120,0.0005690366961061954,9.473889804212376e-05,0.0004297476843930781,8.910024916986004e-06
2121,0.0006515778368338943,9.639086056267843e-05,0.0005106283933855593,8.911717486626003e-06
2122,0.0006790582556277514,0.00011415452900109813,0.000521161244250834,8.748494110477623e-06
2123,0.0006261836388148367,9.175634477287531e-05,0.0004902558284811676,8.834297659632284e-06
2124,0.0004865327209699899,8.236643770942464e-05,0.0003605667152442038,8.719915967958514e-06
2125,0.0003043022588826716,4.181184704066254e-05,0.00021868223848287016,8.76163539942354e-06
2126,0.0001451884745620191,2.368590321566444e-05,7.856304000597447e-05,8.58790644997498e-06
2127,6.561321788467467e-05,7.71589020587271e-06,1.5459374480997212e-05,8.487590093864128e-06
2128,7.765086047584191e-05,8.78167793416651e-06,2.706899249460548e-05,8.360038009413984e-06
2129,0.00015027770132292062,2.478054193488788e-05,8.380153303733096e-05,8.339124178746715e-06
2130,0.00023182322911452502,3.165942689520307e-05,0.00015759776579216123,8.513208740623668e-06
2131,0.00027529511135071516,4.533598985290155e-05,0.0001867210230557248,8.647619324619882e-06
2132,0.0002600350126158446,3.648497295216657e-05,0.000179159760591574,8.878054359229282e-06
2133,0.0001962527458090335,3.127160016447306e-05,0.00012104411143809557,8.787408660282381e-06
2134,0.00012019972200505435,1.562492070661392e-05,6.116453732829541e-05,8.682051884534303e-06
2135,6.914197001606226e-05,9.20185266295448e-06,1.7878282960737124e-05,8.412366696575191e-06
2136,6.152340938569978e-05,8.03416423877934e-06,1.1968088074354455e-05,8.304231414513197e-06
2137,8.943036664277315e-05,1.1023849765479099e-05,3.6617951991502196e-05,8.35771243146155e-06
2138,0.00012796456576325,1.9801918824668974e-05,6.585178198292851e-05,8.462174264423084e-06
2139,0.00015172110579442233,2.020901592914015e-05,8.823706593830138e-05,8.655004421598278e-06
2140,0.0001475952158216387,2.315561505383812e-05,8.13922451925464e-05,8.60947238834342e-06
2141,0.0001203677529701963,1.5419187548104674e-05,6.208912236616015e-05,8.571889338782057e-06
2142,8.639776206109673e-05,1.2672247066802811e-05,3.184460729244165e-05,8.376181540370453e-06
2143,6.328988820314407e-05,7.411564183712471e-06,1.4376739272847772e-05,8.300317858811468e-06
2144,5.9498917835298926e-05,7.1097424552135635e-06,1.0941004802589305e-05,8.289634024549741e-06
2145,7.164324051700532e-05,9.940970812749583e-06,2.0064340787939727e-05,8.327585419465322e-06
2146,8.875520143192261e-05,1.0801811185956467e-05,3.583816214813851e-05,8.423045073868707e-06
2147,9.957455040421337e-05,1.4992763681220822e-05,4.261795402271673e-05,8.392766176257282e-06
2148,9.854931704467162e-05,1.2199123375467025e-05,4.437444295035675e-05,8.39514996187063e-06
2149,8.731095294933766e-05,1.285048983845627e-05,3.3018059184541926e-05,8.288479875773191e-06
2150,7.263734005391598e-05,8.57366103446111e-06,2.2786545741837472e-05,8.255426109826658e-06
2151,6.1718666984234e-05,8.053705641941633e-06,1.2569183127197903e-05,8.219156370614655e-06
2152,5.8514960983302444e-05,7.0505320763913915e-06,1.0356488928664476e-05,8.221587449952494e-06
2153,6.240000948309898e-05,7.411454134853557e-06,1.374164639855735e-05,8.249381608038675e-06
2154,6.947443762328476e-05,9.397669600730296e-06,1.8901271687354892e-05,8.235098903242033e-06
2155,7.517475023632869e-05,9.019559001899324e-06,2.4889919586712494e-05,8.253055057139136e-06
2156,7.654680666746572e-05,1.0779001058836002e-05,2.471005791448988e-05,8.211549356929027e-06
2157,7.333920802921057e-05,8.708904715604149e-06,2.356172990403138e-05,8.21371577330865e-06
2158,6.74877519486472e-05,9.151565791398752e-06,1.740919833537191e-05,8.18539865576895e-06
2159,6.18255726294592e-05,7.188625204435084e-06,1.3698984730581287e-05,8.187593266484328e-06
2160,5.8549911045702174e-05,7.247009307320695e-06,1.038616755977273e-05,8.18334683572175e-06
2161,5.837842763867229e-05,7.113501396815991e-06,1.0368081348133273e-05,8.179368705896195e-06
2162,6.0531638155225664e-05,7.080509931256529e-06,1.2525422789622098e-05,8.185141268768348e-06
2163,6.339473475236446e-05,8.301659363496583e-06,1.423682078893762e-05,8.171251465682872e-06
2164,6.540009781019762e-05,7.604548954986967e-06,1.6905545635381714e-05,8.178000825864729e-06
2165,6.567490345332772e-05,8.769075066084042e-06,1.6106296243378893e-05,8.159905519278254e-06
2166,6.427246989915147e-05,7.459762400685577e-06,1.5990162864909507e-05,8.164508471963927e-06
2167,6.192908040247858e-05,7.987713615875691e-06,1.3200284229242243e-05,8.148216693371069e-06
2168,5.963210423942655e-05,6.954312539164675e-06,1.1933295354538132e-05,8.1488997238921e-06
2169,5.815120675833896e-05,7.071433628880186e-06,1.0393596312496811e-05,8.137235454341862e-06
2170,5.778605554951355e-05,6.947458587092115e-06,1.0173437658522744e-05,8.133031769830268e-06
2171,5.835383490193635e-05,6.832853159721708e-06,1.0881867638090625e-05,8.127823093673214e-06
2172,5.936896923230961e-05,7.403832114505349e-06,1.1367601473466493e-05,8.119507583614904e-06
2173,6.029611540725455e-05,7.003005521255545e-06,1.2688695278484374e-05,8.120882739603985e-06
2174,6.075248893466778e-05,7.682315299462061e-06,1.2520493328338489e-05,8.109936061373446e-06
2175,6.061144813429564e-05,7.0480969043273944e-06,1.2987423360755201e-05,8.11518566479208e-06
2176,5.997994958306663e-05,7.488221854146104e-06,1.1980025192315225e-05,8.10234087111894e-06
2177,5.91115967836231e-05,6.900291282363469e-06,1.1679824638122227e-05,8.106296263576951e-06
2178,5.8283643738832325e-05,7.079262559273047e-06,1.0738046512415167e-05,8.093267751974054e-06
2179,5.770389543613419e-05,6.806923465774162e-06,1.0432318049424794e-05,8.092931238934398e-06
2180,5.7461675169179216e-05,6.806192686781287e-06,1.0236824891762808e-05,8.083731700025965e-06
2181,5.752725337515585e-05,6.894647412991617e-06,1.0235583431494888e-05,8.079404324234929e-06
2182,5.778949343948625e-05,6.753934485459467e-06,1.065061405824963e-05,8.07698870630702e-06
2183,5.810616130474955e-05,7.05387583366246e-06,1.0704374290071428e-05,8.069582690950483e-06
2184,5.835224874317646e-05,6.79283084537019e-06,1.119885200751014e-05,8.072112905210815e-06
2185,5.845074701937847e-05,7.120466761989519e-06,1.1022260878235102e-05,8.06160369393183e-06
2186,5.8382851420901716e-05,6.795647550461581e-06,1.1264095519436523e-05,8.064621397352312e-06
2187,5.8177254686597735e-05,7.048382940411102e-06,1.0867468517972156e-05,8.052280463743955e-06
2188,5.789386705146171e-05,6.747623956471216e-06,1.088130557036493e-05,8.052988050621934e-06
2189,5.759874693467282e-05,6.905871487106197e-06,1.0483463483978994e-05,8.041882210818585e-06
2190,5.73475772398524e-05,6.70563258609036e-06,1.044260716298595e-05,8.039867680054158e-06
2191,5.717321619158611e-05,6.780570856790291e-06,1.0230072803096846e-05,8.032514415390324e-06
2192,5.708430762751959e-05,6.709940862492658e-06,1.0234036381007172e-05,8.028066076803952e-06
2193,5.706953379558399e-05,6.709181434416678e-06,1.0238594768452458e-05,8.024351700441912e-06
2194,5.7105207815766335e-05,6.753606157872127e-06,1.0263151125400327e-05,8.017689651751425e-06
2195,5.716371742892079e-05,6.678011231997516e-06,1.0405453394923825e-05,8.01605074229883e-06
2196,5.7220378948841244e-05,6.8014251155545935e-06,1.0380008461652324e-05,8.007789801922627e-06
2197,5.725761002395302e-05,6.6608386077859905e-06,1.0563377145444974e-05,8.006679308891762e-06
2198,5.7265409850515425e-05,6.823698186053662e-06,1.0451725756865926e-05,7.997997272468638e-06
2199,5.7241893955506384e-05,6.641947038588114e-06,1.0616691724862903e-05,7.996651220310014e-06
2200,5.719022738048807e-05,6.810895229136804e-06,1.0437161108711734e-05,7.988433935679495e-06
2201,5.711742414860055e-05,6.621440206799889e-06,1.0563522664597258e-05,7.98649216449121e-06
2202,5.703196075046435e-05,6.769665105821332e-06,1.0366833521402441e-05,7.979092515597586e-06
2203,5.694253195542842e-05,6.605270755244419e-06,1.0455025403643958e-05,7.97644770500483e-06
2204,5.68558753002435e-05,6.716043117194204e-06,1.0290796126355417e-05,7.969807484187186e-06
2205,5.677691660821438e-05,6.597048923140392e-06,1.0347122952225618e-05,7.966548764670733e-06
2206,5.670858081430197e-05,6.66324922349304e-06,1.0243184078717604e-05,7.960429684317205e-06
2207,5.665155913447961e-05,6.596927050850354e-06,1.0271556675434113e-05,7.956614354043268e-06
2208,5.660536407958716e-05,6.618959560000803e-06,1.0231592568743508e-05,7.950961844471749e-06
2209,5.6568431318737566e-05,6.60004889141419e-06,1.0235104127787054e-05,7.946655387058854e-06
2210,5.653870903188363e-05,6.585790288227145e-06,1.0245530575048178e-05,7.94147763372166e-06
2211,5.651415267493576e-05,6.6022766986861825e-06,1.0228406608803198e-05,7.936693691590335e-06
2212,5.649317608913407e-05,6.561847840202972e-06,1.0270922757626977e-05,7.932080734462943e-06
2213,5.647404759656638e-05,6.6015277297992725e-06,1.0238445611321367e-05,7.926814760139678e-06
2214,5.645591954817064e-05,6.544260031660087e-06,1.0297526387148537e-05,7.922826625872403e-06
2215,5.643825716106221e-05,6.597188985324465e-06,1.025572964863386e-05,7.917067705420777e-06
2216,5.642069299938157e-05,6.530093742185272e-06,1.0322291927877814e-05,7.913661647762638e-06
2217,5.6403114285785705e-05,6.59114357404178e-06,1.0275034583173692e-05,7.907387043815106e-06
2218,5.638565926346928e-05,6.517238489323063e-06,1.0346088856749702e-05,7.904466656327713e-06
2219,5.636845889966935e-05,6.584860784641933e-06,1.0294980711478274e-05,7.897723662608769e-06
2220,5.635221168631688e-05,6.504449174826732e-06,1.0372191354690585e-05,7.895114322309382e-06
2221,5.6337354180868715e-05,6.580192803085083e-06,1.0317075066268444e-05,7.888016625656746e-06
2222,5.6324795878026634e-05,6.491408839792712e-06,1.0405370630905963e-05,7.885603736212943e-06
2223,5.631548629025929e-05,6.5789654399850406e-06,1.0345533155486919e-05,7.878197720856406e-06
2224,5.6310535001102835e-05,6.478661816800013e-06,1.0451838534208946e-05,7.876006748119835e-06
2225,5.6311760999960825e-05,6.582755759154679e-06,1.0387462680228055e-05,7.868308784964029e-06
2226,5.632137617794797e-05,6.46759508526884e-06,1.0521620424697176e-05,7.866432497394271e-06
2227,5.634234912577085e-05,6.594907972612418e-06,1.0455430128786247e-05,7.858402568672318e-06
2228,5.6378332374151796e-05,6.461100838350831e-06,1.0631882105371915e-05,7.85707015893422e-06
2229,5.643472832161933e-05,6.6205570874444675e-06,1.0571503480605315e-05,7.84853364166338e-06
2230,5.651923856930807e-05,6.464211310230894e-06,1.0814615052368026e-05,7.8480825322913e-06
2231,5.6642260460648686e-05,6.669833510386525e-06,1.0778521755128168e-05,7.838781129976269e-06
2232,5.6818811572156847e-05,6.486706752184546e-06,1.1133786756545305e-05,7.839663339836989e-06
2233,5.7070257753366604e-05,6.762122666259529e-06,1.1161977454321459e-05,7.829231435607653e-06
2234,5.742813664255664e-05,6.549811587319709e-06,1.1717758752638474e-05,7.832113624317572e-06
2235,5.793745367554948e-05,6.936505542398663e-06,1.190046350529883e-05,7.820097380317748e-06
2236,5.866557330591604e-05,6.699816822219873e-06,1.283513120142743e-05,7.826125511201099e-06
2237,5.9708643675548956e-05,7.2737525442789774e-06,1.3374880836636294e-05,7.812001967977267e-06
2238,6.121254409663379e-05,7.0391047302109655e-06,1.5058642929943744e-05,7.822959560144227e-06
2239,6.338904495351017e-05,7.944600838527549e-06,1.6412905097240582e-05,7.806307621649466e-06
2240,6.6564061853569e-05,7.796932550263591e-06,1.964004331966862e-05,7.82541792432312e-06
2241,7.120858208509162e-05,9.321370271209162e-06,2.285548544023186e-05,7.806344910932239e-06
2242,7.806147914379835e-05,9.49278546613641e-06,2.937056342489086e-05,7.839626960048918e-06
2243,8.817716297926381e-05,1.223262461280683e-05,3.6845365684712306e-05,7.819834536348935e-06
2244,0.00010320789442630485,1.3303919331519864e-05,5.0509883294580504e-05,7.878818905737717e-06
2245,0.00012542150216177106,1.850635999289807e-05,6.759377720300108e-05,7.864274266466964e-06
2246,0.00015831305063329637,2.1802217816002667e-05,9.665481047704816e-05,7.971203558554407e-06
2247,0.0002061366249108687,3.1941235647536814e-05,0.0001343084586551413,7.977385394042358e-06
2248,0.0002749173727352172,3.9967177144717425e-05,0.0001940918155014515,8.171673471224494e-06
2249,0.00036934929084964097,5.893743218621239e-05,0.00026928260922431946,8.225847523135599e-06
2250,0.0004933995078317821,7.413290586555377e-05,0.000376496376702562,8.554043233743869e-06
2251,0.0006381187122315168,0.0001033783337334171,0.000491432030685246,8.661676474730484e-06
2252,0.0007830899558030069,0.00011923237616429105,0.0006184369558468461,9.084119483304676e-06
2253,0.0008754938025958836,0.0001431503042113036,0.0006868823547847569,9.092230357055087e-06
2254,0.0008634859113954008,0.00013075083552394062,0.0006862659938633442,9.293822586187162e-06
2255,0.0007069495040923357,0.0001166389774880372,0.0005459054373204708,8.881022949935868e-06
2256,0.00045137485722079873,6.538735033245757e-05,0.0003430414944887161,8.589205208409112e-06
2257,0.00020045651763211936,3.2659278076607734e-05,0.00012775180221069604,8.009085831872653e-06
2258,6.565738294739276e-05,7.4297631726949476e-06,1.9423809135332704e-05,7.76076103647938e-06
2259,8.275009167846292e-05,9.641604265198112e-06,3.450198710197583e-05,7.721299880358856e-06
2260,0.00020050145394634455,3.252868555136956e-05,0.0001288208004552871,7.830393769836519e-06
2261,0.00032349201501347125,4.65719640487805e-05,0.00023635945399291813,8.112117029668298e-06
2262,0.00036788987927138805,5.970629717921838e-05,0.00026761446497403085,8.113818694255315e-06
2263,0.00030960183357819915,4.5140015572542325e-05,0.00022367259953171015,8.157847332768142e-06
2264,0.0001895482128020376,2.951224996650126e-05,0.00012055331899318844,7.896531315054744e-06
2265,8.649819938000292e-05,1.0931962606264278e-05,3.672725870274007e-05,7.767795068502892e-06
2266,5.58129177079536e-05,6.467716502811527e-06,1.1063287274737377e-05,7.65638287703041e-06
2267,9.66228180914186e-05,1.3974618923384696e-05,4.433561844052747e-05,7.662516509299167e-06
2268,0.00016238054377026856,2.2670463295071386e-05,0.0001007780956570059,7.786396963638254e-06
2269,0.00019930493726860732,3.116954394499771e-05,0.00012925270129926503,7.776538041071035e-06
2270,0.00018302122771274298,2.5739071134012192e-05,0.00011807649570982903,7.841133083275054e-06
2271,0.0001285033649764955,1.9505241652950644e-05,7.039023330435157e-05,7.721578185737599e-06
2272,7.523343083448708e-05,9.114990461966954e-06,2.7646015951177105e-05,7.694484338571783e-06
2273,5.488761962624267e-05,6.4710184233263135e-06,1.019222145259846e-05,7.644875950063579e-06
2274,7.138336513889953e-05,9.851953109318856e-06,2.3306602088268846e-05,7.644962352060247e-06
2275,0.0001034639062709175,1.3131038031133357e-05,5.179750587558374e-05,7.707072654739022e-06
2276,0.00012381297710817307,1.9048866306548007e-05,6.637183832935989e-05,7.678455403947737e-06
2277,0.00011852871102746576,1.5400792108266614e-05,6.456332630477846e-05,7.712917977187317e-06
2278,9.339526877738535e-05,1.3749999197898433e-05,4.1462481021881104e-05,7.636558621015865e-06
2279,6.685112020932138e-05,7.852361704863142e-06,2.0864301404799335e-05,7.626892511325423e-06
2280,5.485267683980055e-05,6.561545887961984e-06,1.030014391290024e-05,7.598197498737136e-06
2281,6.0841259255539626e-05,7.777254722896032e-06,1.5101668395800516e-05,7.592466772621265e-06
2282,7.593538612127304e-05,9.267246241506655e-06,2.8535232559079304e-05,7.626581918884767e-06
2283,8.721741323824972e-05,1.2399194929457735e-05,3.682313399622217e-05,7.599016953463433e-06
2284,8.693995914654806e-05,1.0958899110846687e-05,3.786735760513693e-05,7.622740668011829e-06
2285,7.631037442479283e-05,1.0478245712874923e-05,2.7976831916021183e-05,7.5710590863309335e-06
2286,6.310267781373113e-05,7.447874395438703e-06,1.7795542589738034e-05,7.571851710963529e-06
2287,5.5250471632461995e-05,6.64400704408763e-06,1.0847292287508026e-05,7.551834642072208e-06
2288,5.585220060311258e-05,6.729787855874747e-06,1.1362826626282185e-05,7.551916951342719e-06
2289,6.219289934961125e-05,7.331850611080881e-06,1.6977754057734273e-05,7.576658845209749e-06
2290,6.862836016807705e-05,9.090608728001826e-06,2.1716361516155303e-05,7.5642778938345145e-06
2291,7.065694080665708e-05,8.521026757080108e-06,2.418432995909825e-05,7.590317181893624e-06
2292,6.736113573424518e-05,8.881785106495954e-06,2.069240690616425e-05,7.5573889262159355e-06
2293,6.12723088124767e-05,7.158618700486841e-06,1.6292104191961698e-05,7.5643179116013926e-06
2294,5.609586514765397e-05,6.794060027459636e-06,1.1606733096414246e-05,7.539014404756017e-06
2295,5.430998498923145e-05,6.35842025076272e-06,1.0272404324496165e-05,7.5358325375418644e-06
2296,5.595458060270175e-05,6.448304702644236e-06,1.1821299267467111e-05,7.536995781265432e-06
2297,5.9123573009856045e-05,7.377213023573859e-06,1.4115325939201284e-05,7.526206900365651e-06
2298,6.146426312625408e-05,7.180036391218891e-06,1.6585901903454214e-05,7.539664238720434e-06
2299,6.158027099445462e-05,7.801905667292885e-06,1.6189536836463958e-05,7.517765425291145e-06
2300,5.961892748018727e-05,6.939475952094654e-06,1.5051879017846659e-05,7.5255147748976015e-06
2301,5.684537973138504e-05,6.898711490066489e-06,1.2430862625478767e-05,7.5031612141174264e-06
2302,5.473100100061856e-05,6.322165972960647e-06,1.0895502782659605e-05,7.502665994252311e-06
2303,5.4108350013848394e-05,6.269128334679408e-06,1.0373635632277e-05,7.493117664125748e-06
2304,5.4869509767740965e-05,6.507788839371642e-06,1.0927491530310363e-05,7.486845788662322e-06
2305,5.622250682790764e-05,6.47221713734325e-06,1.229977442562813e-05,7.490102689189371e-06
2306,5.724438597098924e-05,6.970222329982789e-06,1.2883228009741288e-05,7.478187399101444e-06
2307,5.738039908464998e-05,6.619107352889841e-06,1.3338720236788504e-05,7.484514298994327e-06
2308,5.663627962348983e-05,6.851666512375232e-06,1.2433027222868986e-05,7.4703170866996516e-06
2309,5.54585931240581e-05,6.3612928897782695e-06,1.1730742699000984e-05,7.473311143257888e-06
2310,5.441733810584992e-05,6.399940957635408e-06,1.0699081940401811e-05,7.463663223461481e-06
2311,5.390770093072206e-05,6.212285825313302e-06,1.0386989742983133e-05,7.461685072485125e-06
2312,5.399829751695506e-05,6.2192357290769e-06,1.0477766409167089e-05,7.460259439540096e-06
2313,5.447080184239894e-05,6.39141080682748e-06,1.081314985640347e-05,7.453248144884128e-06
2314,5.498406244441867e-05,6.303442660282599e-06,1.1394718967494555e-05,7.4571798904798925e-06
2315,5.5252159654628485e-05,6.550748821609886e-06,1.1471200195956044e-05,7.446042218361981e-06
2316,5.516128658200614e-05,6.320312877505785e-06,1.1589216228458099e-05,7.450351404258981e-06
2317,5.477846571011469e-05,6.449549346143613e-06,1.1137723049614578e-05,7.4382387538207695e-06
2318,5.4284864745568484e-05,6.217759619175922e-06,1.0868693607335445e-05,7.439681667165132e-06
2319,5.3871917771175504e-05,6.245021268114215e-06,1.0474828741280362e-05,7.430413461406715e-06
2320,5.366031109588221e-05,6.1736996030958835e-06,1.0345984264858998e-05,7.4281251727370545e-06
2321,5.366589539335109e-05,6.15158296568552e-06,1.03971815406112e-05,7.423426268360345e-06
2322,5.381717346608639e-05,6.244231371965725e-06,1.0484398444532417e-05,7.417708729917649e-06
2323,5.400237569119781e-05,6.165209924802184e-06,1.0755009498097934e-05,7.416431344609009e-06
2324,5.412212703959085e-05,6.313539870461682e-06,1.0766039849841036e-05,7.408509645756567e-06
2325,5.41237932338845e-05,6.170965207275003e-06,1.0911087883869186e-05,7.408347755699651e-06
2326,5.400993541115895e-05,6.289594239206053e-06,1.0719506462919526e-05,7.400167305604555e-06
2327,5.3825333452550694e-05,6.132270300440723e-06,1.0697579455154482e-05,7.399096375593217e-06
2328,5.3631203627446666e-05,6.204294550116174e-06,1.046318266162416e-05,7.392745374090737e-06
2329,5.3479434427572414e-05,6.09816015639808e-06,1.043292195390677e-05,7.3896703725040425e-06
2330,5.339767085388303e-05,6.136543561297003e-06,1.0329301403544378e-05,7.3863652687578e-06
2331,5.3385039791464806e-05,6.103885425545741e-06,1.0376411410106812e-05,7.380949227808742e-06
2332,5.3419491450767964e-05,6.1159266806498636e-06,1.0400216524431016e-05,7.380669558187947e-06
2333,5.3469637350644916e-05,6.12734902460943e-06,1.047701334755402e-05,7.373054359050002e-06
2334,5.350734863895923e-05,6.120127181930002e-06,1.0512192602618597e-05,7.375005679932656e-06
2335,5.3515446779783815e-05,6.12850863035419e-06,1.0558343092270661e-05,7.365718829532852e-06
2336,5.349043203750625e-05,6.124504125182284e-06,1.0520318028284237e-05,7.369121703959536e-06
2337,5.344075179891661e-05,6.0942061281821225e-06,1.0551892046350986e-05,7.358930361078819e-06
2338,5.3382751502795145e-05,6.129859684733674e-06,1.0433991519676056e-05,7.3637797868286725e-06
2339,5.333505760063417e-05,6.041210326657165e-06,1.0526284313527867e-05,7.353512501140358e-06
2340,5.3315266995923594e-05,6.155651135486551e-06,1.035417790262727e-05,7.3610881372587755e-06
2341,5.333863737178035e-05,5.993425475026015e-06,1.0586425560177304e-05,7.351757176365936e-06
2342,5.3419578762259334e-05,6.223530817806022e-06,1.036713547364343e-05,7.365782039414626e-06
2343,5.3576179197989404e-05,5.967756806057878e-06,1.0809495506691746e-05,7.359785286098486e-06
2344,5.3836978622712195e-05,6.362304702633992e-06,1.0530511644901708e-05,7.388832273136359e-06
2345,5.425142080639489e-05,5.9869034885196015e-06,1.129607881011907e-05,7.3936876106017735e-06
2346,5.4905074648559093e-05,6.6393258748576045e-06,1.0972957170451991e-05,7.458558229700429e-06
2347,5.5942444305401295e-05,6.123624189058319e-06,1.2332635378697887e-05,7.4972372203774285e-06
2348,5.760540079791099e-05,7.234757958940463e-06,1.212579445564188e-05,7.648969585716259e-06
2349,6.029486394254491e-05,6.606460829061689e-06,1.474850250815507e-05,7.78798039391404e-06
2350,6.46724074613303e-05,8.625413101981394e-06,1.5256287952070124e-05,8.158141099556815e-06
2351,7.183154230006039e-05,8.09628727438394e-06,2.0802301150979474e-05,8.586591320636217e-06
2352,8.356888429261744e-05,1.2068331670889165e-05,2.3889595468062907e-05,9.522191248834133e-06
2353,0.00010281683353241533,1.2449387213564478e-05,3.654964530142024e-05,1.0763560567284003e-05
2354,0.00013423740165308118,2.0849081920459867e-05,4.75461310998071e-05,1.316843645327026e-05
2355,0.00018498509598430246,2.457936352584511e-05,7.754146645311266e-05,1.6572852473473176e-05
2356,0.0002650154638104141,4.282621739548631e-05,0.00010949549323413521,2.2538748453371227e-05
2357,0.00038599612889811397,5.517822501133196e-05,0.0001768444199115038,3.07946938846726e-05
2358,0.000554796599317342,9.079505980480462e-05,0.0002482259878888726,4.3155112507520244e-05
2359,0.0007588527514599264,0.00011320920020807534,0.00036062835715711117,5.700303881894797e-05
2360,0.0009413107763975859,0.00015490851365029812,0.00043529391405172646,7.02216784702614e-05
2361,0.0009969706879928708,0.0001515559124527499,0.0004795019922312349,7.31825566617772e-05
2362,0.0008305468363687396,0.00013799684529658407,0.0003837466356344521,6.176067108754069e-05
2363,0.00048290102859027684,7.155117782531306e-05,0.00022687588352710009,3.6894791264785454e-05
2364,0.00015763254486955702,2.528381082811393e-05,5.913908171351068e-05,1.464192882849602e-05
2365,5.4606731282547116e-05,6.694299372611567e-06,1.1143558367621154e-05,7.3537744356144685e-06
2366,0.00018517288845032454,2.519631561881397e-05,7.9306322732009e-05,1.61340522026876e-05
2367,0.0003822791622951627,6.374992517521605e-05,0.00016814742411952466,3.0076364055275917e-05
2368,0.0004531254817266017,6.681440572720021e-05,0.00021293140889611095,3.467593342065811e-05
2369,0.00033487105974927545,5.568530104937963e-05,0.00014503678539767861,2.6829791750060394e-05
2370,0.00014401301450561732,1.903883821796626e-05,5.8184683439321816e-05,1.335789875156479e-05
2371,5.27735537616536e-05,6.187608505570097e-06,1.0524641766096465e-05,7.212260697997408e-06
2372,0.0001134268386522308,1.7749845937942155e-05,3.872589149978012e-05,1.1390220606699586e-05
2373,0.00022601285309065133,3.178224869770929e-05,0.00010025210212916136,1.8795699361362495e-05
2374,0.0002596519188955426,4.320581865613349e-05,0.00010935954924207181,2.1417308744275942e-05
2375,0.00018339995585847646,2.4970686354208738e-05,7.838806777726859e-05,1.6008239981601946e-05
2376,8.260371396318078e-05,1.219597106683068e-05,2.3958687961567193e-05,9.289811714552343e-06
2377,5.450838943943381e-05,6.69796327201766e-06,1.1083666322520003e-05,7.3453520599287e-06
2378,0.00010553777246968821,1.3156441127648577e-05,3.854060923913494e-05,1.0768144420580938e-05
2379,0.00016111231525428593,2.6185929527855478e-05,6.143188511487097e-05,1.4698898667120375e-05
2380,0.00015645584790036082,2.1015470338170417e-05,6.483387551270425e-05,1.412130040989723e-05
2381,0.0001010953274089843,1.564276681165211e-05,3.274967093602754e-05,1.0540578841755632e-05
2382,5.632289685308933e-05,6.264417606871575e-06,1.298278039030265e-05,7.415139407385141e-06
2383,6.16956822341308e-05,6.944617780391127e-06,1.5906520275166258e-05,7.768908290017862e-06
2384,9.758448868524283e-05,1.4965100490371697e-05,3.0921160941943526e-05,1.0339645996282343e-05
2385,0.00011685639037750661,1.4865308003209066e-05,4.445112426765263e-05,1.1507991075632162e-05
2386,9.884808969218284e-05,1.5206348507490475e-05,3.159496554872021e-05,1.0409356036689132e-05
2387,6.59414436086081e-05,7.521838142565684e-06,1.8248425476485863e-05,8.03423608886078e-06
2388,5.219201557338238e-05,6.0053162087569945e-06,1.0520276191527955e-05,7.133285180316307e-06
2389,6.554946594405919e-05,9.072708962776233e-06,1.612400410522241e-05,8.070551302807871e-06
2390,8.462353434879333e-05,1.0167081200052053e-05,2.8148817364126444e-05,9.261526429327205e-06
2391,8.64614121383056e-05,1.2983764463569969e-05,2.5876570362015627e-05,9.520215826341882e-06
2392,7.045066013233736e-05,8.11151312518632e-06,2.0687290088972077e-05,8.330371201736853e-06
2393,5.4646348871756345e-05,6.805666089348961e-06,1.1294441719655879e-05,7.309248303499771e-06
2394,5.361382500268519e-05,6.566105639649322e-06,1.0895899322349578e-05,7.230363280541496e-06
2395,6.41716324025765e-05,7.2623492997081485e-06,1.7431819287594408e-05,7.89549267210532e-06
2396,7.211935735540465e-05,1.0328823918825947e-05,1.9251387129770592e-05,8.507829079462681e-06
2397,6.876193947391585e-05,7.90620924817631e-06,1.992092074942775e-05,8.186962077161297e-06
2398,5.857571886735968e-05,7.674570042581763e-06,1.304394936596509e-05,7.5714397098636255e-06
2399,5.213059193920344e-05,5.933954525971785e-06,1.0663639841368422e-05,7.106599241524236e-06
2400,5.429876910056919e-05,6.065120487619424e-06,1.2021534530504141e-05,7.2424227255396545e-06
2401,6.052913158782758e-05,8.052330485952552e-06,1.3898450561100617e-05,7.715670108154882e-06
2402,6.321869295788929e-05,7.131289294193266e-06,1.69265713338973e-05,7.832166375010274e-06
2403,5.978167973808013e-05,7.905366146587767e-06,1.3589537047664635e-05,7.657355126866605e-06
2404,5.4181251471163705e-05,6.039919753675349e-06,1.2000099559372757e-05,7.228245976875769e-06
2405,5.176384365768172e-05,5.965363470750162e-06,1.0401507097412832e-05,7.079394890752155e-06
2406,5.380287257139571e-05,6.616749487875495e-06,1.1034790077246726e-05,7.230266874103108e-06
2407,5.7086406741291285e-05,6.348640908981906e-06,1.3679744370165281e-05,7.411604201479349e-06
2408,5.788133421447128e-05,7.507693226216361e-06,1.2794735084753484e-05,7.515780907851877e-06
2409,5.557693657465279e-05,6.165713330119615e-06,1.285328107769601e-05,7.311588433367433e-06
2410,5.2632134611485526e-05,6.313720405159984e-06,1.062325100065209e-05,7.139032732084161e-06
2411,5.165181210031733e-05,5.974953182885656e-06,1.037427136907354e-05,7.060518328216858e-06
2412,5.2926221542293206e-05,5.8984219322155695e-06,1.137314029620029e-05,7.130931408028118e-06
2413,5.462700210046023e-05,6.80623497828492e-06,1.1458926564955618e-05,7.272367838595528e-06
2414,5.4913514759391546e-05,6.0772877077397425e-06,1.257513758901041e-05,7.252217528730398e-06
2415,5.3611904149875045e-05,6.56789461572771e-06,1.1057611118303612e-05,7.197279501269804e-06
2416,5.2035644330317155e-05,5.833260274812346e-06,1.0864717296499293e-05,7.067533715598984e-06
2417,5.150093056727201e-05,5.8797932069865055e-06,1.0439973266329616e-05,7.0362330006901175e-06
2418,5.214756674831733e-05,6.179483989399159e-06,1.0522016054892447e-05,7.089213795552496e-06
2419,5.305343074724078e-05,5.880676781089278e-06,1.153562971012434e-05,7.127424851205433e-06
2420,5.3259875130606815e-05,6.473793746408774e-06,1.0951596777886152e-05,7.166896466515027e-06
2421,5.261655314825475e-05,5.840143330715364e-06,1.1300056939944625e-05,7.0952710302663036e-06
2422,5.1746508688665926e-05,6.059397492208518e-06,1.0423367712064646e-05,7.052748969726963e-06
2423,5.135218088980764e-05,5.860130841028877e-06,1.040546158037614e-05,7.017317784629995e-06
2424,5.159831198398024e-05,5.787625468656188e-06,1.0677022146410309e-05,7.026732873782748e-06
2425,5.2080664318054914e-05,6.169074367790017e-06,1.05516428448027e-05,7.071989330142969e-06
2426,5.228199006523937e-05,5.793595846625976e-06,1.1166168405907229e-05,7.064445071591763e-06
2427,5.202567626838572e-05,6.153967660793569e-06,1.0549207217991352e-05,7.06450009602122e-06
2428,5.155285543878563e-05,5.763514309364837e-06,1.0710780770750716e-05,7.015712071734015e-06
2429,5.1238195737823844e-05,5.864814738743007e-06,1.0373458280810155e-05,6.9999846346036065e-06
2430,5.125649113324471e-05,5.884821803192608e-06,1.036782305163797e-05,7.0007695285312366e-06
2431,5.148274067323655e-05,5.748658622906078e-06,1.0706454304454383e-05,7.005525276326807e-06
2432,5.165341644897126e-05,6.044779183866922e-06,1.0464816114108544e-05,7.028764230199158e-06
2433,5.1603532483568415e-05,5.7366632972843945e-06,1.0823496268130839e-05,7.008674856479047e-06
2434,5.137684638611972e-05,5.954619609838119e-06,1.0401159670436755e-05,7.004212875472149e-06
2435,5.1147766498615965e-05,5.750642230850644e-06,1.0507078513910528e-05,6.978009423619369e-06
2436,5.105993113829754e-05,5.779767889180221e-06,1.0417768862680532e-05,6.972479241085239e-06
2437,5.1121722208335996e-05,5.861488261871273e-06,1.0372888937126845e-05,6.977469183766516e-06
2438,5.1228285883553326e-05,5.712774509447627e-06,1.0641557310009375e-05,6.974790721869795e-06
2439,5.1263348723296076e-05,5.931251052970765e-06,1.0408114576421212e-05,6.984797437326051e-06
2440,5.1188297220505774e-05,5.702248927264009e-06,1.0646972441463731e-05,6.967815352254547e-06
2441,5.105490708956495e-05,5.851306923432276e-06,1.0381361789768562e-05,6.964447493373882e-06
2442,5.0949012802448124e-05,5.730978500650963e-06,1.0461729289090727e-05,6.951261184440227e-06
2443,5.09207347931806e-05,5.742509983974742e-06,1.0441992344567552e-05,6.9472466748266015e-06
2444,5.0956339691765606e-05,5.805985438200878e-06,1.039098970068153e-05,6.951873729121871e-06
2445,5.1002272812183946e-05,5.696566859114682e-06,1.057746158039663e-05,6.9456486926355865e-06
2446,5.101126589579508e-05,5.838066499563865e-06,1.0411451512482017e-05,6.952348940103548e-06
2447,5.0976017519133165e-05,5.6954086176119745e-06,1.0590231795504224e-05,6.9380748755065724e-06
2448,5.0927272241096944e-05,5.787360805697972e-06,1.0449708497617394e-05,6.938040769455256e-06
2449,5.0907758122775704e-05,5.734649676014669e-06,1.0543859389144927e-05,6.9258503572200425e-06
2450,5.094637890579179e-05,5.728785708924988e-06,1.0597224900266156e-05,6.92407411406748e-06
2451,5.104830052005127e-05,5.812579729536083e-06,1.0634789759933483e-05,6.920186478964752e-06
2452,5.1208458899054676e-05,5.7269385251856875e-06,1.0895380910369568e-05,6.917227437952533e-06
2453,5.143540693097748e-05,5.899534698983189e-06,1.0965493856929243e-05,6.914075584063539e-06
2454,5.177300772629678e-05,5.811249138787389e-06,1.1409038052079268e-05,6.910544470883906e-06
2455,5.231230170466006e-05,6.0272491282375995e-06,1.1768835975090042e-05,6.903243956912775e-06
2456,5.320159834809601e-05,6.061300155124627e-06,1.2602022252394818e-05,6.907655460963724e-06
2457,5.466681614052504e-05,6.376233613991644e-06,1.3803144611301832e-05,6.897487764945254e-06
2458,5.706370939151384e-05,6.701743586745579e-06,1.577534021635074e-05,6.917325208632974e-06
2459,6.096568176872097e-05,7.375086170213763e-06,1.9074584997724742e-05,6.903202574903844e-06
2460,6.734509952366352e-05,8.351095857506152e-06,2.4293010937981308e-05,6.940198545635212e-06
2461,7.779915176797658e-05,1.0112930795003194e-05,3.3087773772422224e-05,6.919688985362882e-06
2462,9.50517860474065e-05,1.2774533388437703e-05,4.737360723083839e-05,6.98072881277767e-06
2463,0.00012344770948402584,1.756321762513835e-05,7.109208672773093e-05,6.958482117624953e-06
2464,0.00017024684348143637,2.4813603886286728e-05,0.00011007323337253183,7.072001608321443e-06
2465,0.0002461170661263168,3.7566474929917604e-05,0.00017318740719929338,7.07263598087593e-06
2466,0.0003674050676636398,5.6399549066554755e-05,0.0002744391676969826,7.313265996344853e-06
2467,0.0005515015800483525,8.741678175283596e-05,0.00042706806561909616,7.4033455348399e-06
2468,0.0008141481084749103,0.0001277173578273505,0.000646931235678494,7.899891897977795e-06
2469,0.0011333844158798456,0.0001829429529607296,0.0009097883594222367,8.130636160785798e-06
2470,0.0014338355977088213,0.00022544195235241205,0.001164308050647378,8.817119123705197e-06
2471,0.0015328200533986092,0.0002505008305888623,0.0012384243309497833,8.778980372881051e-06
2472,0.0012894852552562952,0.00019934398005716503,0.0010461549973115325,8.797254849923775e-06
2473,0.0007388716330751777,0.00012282229727134109,0.000576823833398521,7.845097570680082e-06
2474,0.00021894685050938278,2.9825945603079163e-05,0.00015318827354349196,7.186527909652796e-06
2475,5.3588562877848744e-05,5.950279955868609e-06,1.3544140529120341e-05,6.8188282966730185e-06
2476,0.000264666392467916,4.426006489666179e-05,0.0001852793211583048,7.025401373539353e-06
2477,0.0005797796766273677,8.632089156890288e-05,0.0004554028855636716,7.611175533384085e-06
2478,0.0006826985627412796,0.00011271302355453372,0.0005317293107509613,7.651239684491884e-06
2479,0.00048451259499415755,7.280671707121655e-05,0.00037384830648079515,7.571511105197715e-06
2480,0.00018019905837718397,2.8145062969997525e-05,0.00011697319860104471,7.016159088379936e-06
2481,5.0336580898147076e-05,5.9901522035943344e-06,1.0381241736467928e-05,6.7930377554148436e-06
2482,0.0001624960859771818,2.341344406886492e-05,0.00010442837083246559,6.930854851816548e-06
2483,0.0003399125998839736,5.334679735824466e-05,0.00025100106722675264,7.1129466050479095e-06
2484,0.0003761541738640517,5.8137891755905e-05,0.00028138657216914,7.325939350266708e-06
2485,0.000239372078794986,3.674020626931451e-05,0.00016743468586355448,7.039437605271814e-06
2486,8.438649092568085e-05,1.1345075108692981e-05,3.86582178180106e-05,6.876640327391215e-06
2487,5.926188896410167e-05,7.26333519196487e-06,1.808899105526507e-05,6.781912816222757e-06
2488,0.00015201623318716884,2.3076725483406335e-05,9.469878568779677e-05,6.8481431299005635e-06
2489,0.00023179406707640737,3.426022158237174e-05,0.00016220897668972611,7.0649748522555456e-06
2490,0.00020566984312608838,3.223615203751251e-05,0.0001385405339533463,6.978634246479487e-06
2491,0.00011092241038568318,1.49237039295258e-05,6.133285933174193e-05,6.933170425327262e-06
2492,5.1559887651819736e-05,6.286890766205033e-06,1.1318719771225005e-05,6.790855422877939e-06
2493,7.602424739161506e-05,1.0888904398598243e-05,3.1206316634779796e-05,6.785805453546345e-06
2494,0.00013513644807972014,1.845215774665121e-05,8.21889698272571e-05,6.89906573825283e-06
2495,0.00015278509818017483,2.388953544141259e-05,9.457318083150312e-05,6.8644749262603e-06
2496,0.00011210303637199104,1.5010752576927189e-05,6.267857679631561e-05,6.8827412178507075e-06
2497,6.180362106533721e-05,8.20401510281954e-06,1.977716965484433e-05,6.7644878072314896e-06
2498,5.2535677241394296e-05,6.560971087310463e-06,1.2307235920161474e-05,6.733494046784472e-06
2499,8.201054151868448e-05,1.058363795891637e-05,3.7591453292407095e-05,6.767090326320613e-06
2500,0.00010773842222988605,1.5877267287578434e-05,5.8110330428462476e-05,6.7501650846679695e-06
2501,9.979505557566881e-05,1.351202172372723e-05,5.233999399933964e-05,6.788607151975157e-06
2502,6.963836494833231e-05,9.338584277429618e-06,2.6741727197077125e-05,6.711612059007166e-06
2503,5.0406393711455166e-05,5.9739782045653556e-06,1.0932634722848888e-05,6.699955520161893e-06
2504,5.761708234786056e-05,6.988858331169467e-06,1.711983532004524e-05,6.7016776483797e-06
2505,7.641513366252184e-05,1.0474472219357267e-05,3.245826519560069e-05,6.696479886159068e-06
2506,8.301803609356284e-05,1.093507762561785e-05,3.837727854261175e-05,6.741136076016119e-06
2507,7.099197682691738e-05,9.563845196680631e-06,2.791799488477409e-05,6.702026894345181e-06
2508,5.462636181619018e-05,6.5165590967808384e-06,1.4565460332960356e-05,6.708869022986619e-06
2509,5.004107515560463e-05,5.847103693668032e-06,1.0709149137255736e-05,6.696964646835113e-06
2510,5.833196337334812e-05,7.4634322118072305e-06,1.7395057511748746e-05,6.6946954575541895e-06
2511,6.74052644171752e-05,8.37843708723085e-06,2.540523564675823e-05,6.7243186094856355e-06
2512,6.682246021227911e-05,8.920104846765753e-06,2.440974276396446e-05,6.698522156511899e-06
2513,5.803196836495772e-05,6.952749117772328e-06,1.7529020624351688e-05,6.7100399974151514e-06
2514,5.0503425882197917e-05,6.018639851390617e-06,1.1047661246266216e-05,6.687424956908217e-06
2515,5.0706636102404445e-05,6.054840469005285e-06,1.1239164450671524e-05,6.682526418444468e-06
2516,5.6249653425766155e-05,6.699450750602409e-06,1.6083602531580254e-05,6.693319846817758e-06
2517,6.000651410431601e-05,7.671581442991737e-06,1.8966151401400566e-05,6.673756161035271e-06
2518,5.8062145399162546e-05,6.996081538090948e-06,1.7641312297200784e-05,6.6849506765720434e-06
2519,5.286290979711339e-05,6.404956366168335e-06,1.3152722203813028e-05,6.661045972577995e-06
2520,4.959087527822703e-05,5.758824045187794e-06,1.0531519365031272e-05,6.660106009803712e-06
2521,5.059791874373332e-05,5.898134077142458e-06,1.140009771916084e-05,6.6599372985365335e-06
2522,5.371997394831851e-05,6.515021595987491e-06,1.3958231647848152e-05,6.649343958997633e-06
2523,5.524429434444755e-05,6.59242596157128e-06,1.5347006410593167e-05,6.660972303507151e-06
2524,5.372144005377777e-05,6.512009349535219e-06,1.399614575348096e-05,6.642656444455497e-06
2525,5.087975659989752e-05,5.91612524658558e-06,1.1728628123819362e-05,6.6470001911511645e-06
2526,4.9360423872713e-05,5.731298642785987e-06,1.042804797179997e-05,6.6402149059285875e-06
2527,5.008560401620343e-05,5.860642431798624e-06,1.1043824997614138e-05,6.636227681156015e-06
2528,5.175077967578545e-05,6.038748779246816e-06,1.2491327652242035e-05,6.64414073980879e-06
2529,5.246651198831387e-05,6.285943527473137e-06,1.3022799976170063e-05,6.631553333136253e-06
2530,5.1594688557088375e-05,5.999678251100704e-06,1.2401835192576982e-05,6.638634658884257e-06
2531,5.006632272852585e-05,5.862597845407436e-06,1.106580293708248e-05,6.627584298257716e-06
2532,4.923174128634855e-05,5.666111064783763e-06,1.0427598681417294e-05,6.6276065808779094e-06
2533,4.9569480324862525e-05,5.712906386179384e-06,1.0713505616877228e-05,6.628613391512772e-06
2534,5.044075078330934e-05,5.9058238548459485e-06,1.1429809092078358e-05,6.621024112973828e-06
2535,5.087477984488942e-05,5.8924379118252546e-06,1.1845651897601783e-05,6.627338279940886e-06
2536,5.0480262871133164e-05,5.908260391151998e-06,1.1493912097648717e-05,6.615617621719139e-06
2537,4.966728010913357e-05,5.711769517802168e-06,1.0865954209293704e-05,6.61791136735701e-06
2538,4.9128524551633745e-05,5.65798882234958e-06,1.0411085895611905e-05,6.611890512431273e-06
2539,4.9194521125173196e-05,5.6580870477773715e-06,1.0495874448679388e-05,6.608112016692758e-06
2540,4.962501407135278e-05,5.711654466722393e-06,1.086307383957319e-05,6.61005742585985e-06
2541,4.9927701184060425e-05,5.785455414297758e-06,1.1137241017422639e-05,6.601000222872244e-06
2542,4.9818023398984224e-05,5.733922535000602e-06,1.106321724364534e-05,6.604176178370835e-06
2543,4.9411042709834874e-05,5.694359515473479e-06,1.0741714504547417e-05,6.594993465114385e-06
2544,4.9045625928556547e-05,5.614038855128456e-06,1.0459028999321163e-05,6.594511887669796e-06
2545,4.896284008282237e-05,5.60619218958891e-06,1.0400117389508523e-05,6.5913059188460466e-06
2546,4.913233351544477e-05,5.635562501993263e-06,1.0564738659013528e-05,6.586406470887596e-06
2547,4.933099990012124e-05,5.651996616506949e-06,1.073866405931767e-05,6.588068572455086e-06
2548,4.935874312650412e-05,5.673667146766093e-06,1.0783547622850165e-05,6.580305580428103e-06
2549,4.9191668949788436e-05,5.62545483262511e-06,1.0656869562808424e-05,6.581869001820451e-06
2550,4.896370228379965e-05,5.601251814368879e-06,1.0485865459486376e-05,6.5753170019888785e-06
2551,4.8830810555955395e-05,5.571296696871286e-06,1.0390844181529246e-05,6.573734026460443e-06
2552,4.88468685944099e-05,5.570669145527063e-06,1.0418949386803433e-05,6.57144983051694e-06
2553,4.8943780711852014e-05,5.591396529780468e-06,1.0520185242057778e-05,6.566439878952224e-06
2554,4.900727799395099e-05,5.590327418758534e-06,1.0582733011688106e-05,6.56684323985246e-06
2555,4.8972138756653294e-05,5.5916466408234555e-06,1.0580009984550998e-05,6.560096153407358e-06
2556,4.885937232756987e-05,5.565559149545152e-06,1.0493840818526223e-05,6.559994290000759e-06
2557,4.8743258957983926e-05,5.5476002671639435e-06,1.0423238563816994e-05,6.554484116350068e-06
2558,4.86864591948688e-05,5.537620381801389e-06,1.0388404916739091e-05,6.552086688316194e-06
2559,4.8697227612137794e-05,5.534621323022293e-06,1.0414767530164681e-05,6.549567387992283e-06
2560,4.873518264503218e-05,5.542708549910458e-06,1.0467698302818462e-05,6.544955340359593e-06
2561,4.874956721323542e-05,5.5405389502993785e-06,1.0487163308425806e-05,6.544372809003107e-06
2562,4.8716516175772995e-05,5.534903721127193e-06,1.0486994142411277e-05,6.538923116750084e-06
2563,4.864990842179395e-05,5.522532774193678e-06,1.0436723641760182e-05,6.538130492117489e-06
2564,4.858446845901199e-05,5.509096354217036e-06,1.0407311492599547e-05,6.53361166769173e-06
2565,4.854711005464196e-05,5.503796273842454e-06,1.0386940630269237e-05,6.5312742663081735e-06
2566,4.854135477216914e-05,5.49839751329273e-06,1.0400087376183365e-05,6.528574431285961e-06
2567,4.8549030907452106e-05,5.501305167854298e-06,1.0425075743114576e-05,6.524530363094527e-06
2568,4.854737926507369e-05,5.4971374083834235e-06,1.0435276635689661e-05,6.522993317048531e-06
2569,4.85245072923135e-05,5.493564003700158e-06,1.0440015103085898e-05,6.5181852733076084e-06
2570,4.8484362196177244e-05,5.485400834004395e-06,1.041670111590065e-05,6.516452685900731e-06
2571,4.844174691243097e-05,5.476634669321356e-06,1.040494862536434e-05,6.512032541650115e-06
2572,4.8409619921585545e-05,5.471231361298123e-06,1.039204107655678e-05,6.5092694967461284e-06
2573,4.83926160086412e-05,5.465928552439436e-06,1.039689959725365e-05,6.505957571789622e-06
2574,4.8384688852820545e-05,5.464823061629431e-06,1.0409402420918923e-05,6.502092674054438e-06
2575,4.8375921323895454e-05,5.461192813527305e-06,1.0416195436846465e-05,6.499707069451688e-06
2576,4.835914296563715e-05,5.457763109006919e-06,1.0424661013530567e-05,6.495344223367283e-06
2577,4.833334241993725e-05,5.452649475046201e-06,1.0414923963253386e-05,6.493154160125414e-06
2578,4.830298712477088e-05,5.446364411909599e-06,1.0411121365905274e-05,6.489100996986963e-06
2579,4.827449447475374e-05,5.440790118882433e-06,1.0401421604910865e-05,6.486456641141558e-06
2580,4.8252295528072864e-05,5.43647456652252e-06,1.039994640450459e-05,6.483175184257561e-06
2581,4.8235768190352246e-05,5.432120815385133e-06,1.040442020894261e-05,6.479845524154371e-06
2582,4.822190385311842e-05,5.4298038776323665e-06,1.0405693501525093e-05,6.477280749095371e-06
2583,4.820645699510351e-05,5.425200924946694e-06,1.0413923519081436e-05,6.4734658735687844e-06
2584,4.818745583179407e-05,5.4224742598307785e-06,1.0409448805148713e-05,6.471106189565035e-06
2585,4.816487125935964e-05,5.416840394900646e-06,1.041166342474753e-05,6.4672735788917635e-06
2586,4.814064232050441e-05,5.412606697063893e-06,1.0404837667010725e-05,6.464639682235429e-06
2587,4.811746839550324e-05,5.408248853200348e-06,1.04034916148521e-05,6.461145858338568e-06
2588,4.8096833779709414e-05,5.403065642894944e-06,1.0403788110124879e-05,6.457995823438978e-06
2589,4.8078480176627636e-05,5.400962436397094e-06,1.0402671250631101e-05,6.4549690250714775e-06
2590,4.8061367124319077e-05,5.3953062888467684e-06,1.0409326023363974e-05,6.451347417169018e-06
2591,4.804406489711255e-05,5.394325398810906e-06,1.040662573359441e-05,6.448622116295155e-06
2592,4.802533294423483e-05,5.387929377320688e-06,1.0413295967737213e-05,6.444821337936446e-06
2593,4.800514579983428e-05,5.3863182074564975e-06,1.0408393791294657e-05,6.442086032620864e-06
2594,4.7984001867007464e-05,5.380484708439326e-06,1.0411571565782651e-05,6.438388936658157e-06
2595,4.7963047109078616e-05,5.3773660511069465e-06,1.0408555681351572e-05,6.43542534817243e-06
2596,4.794281267095357e-05,5.37360756425187e-06,1.0408886737423018e-05,6.432063401007326e-06
2597,4.7923320380505174e-05,5.36858533450868e-06,1.041099130816292e-05,6.428748747566715e-06
2598,4.7904868551995605e-05,5.367415269574849e-06,1.0408819434815086e-05,6.425727406167425e-06
2599,4.788662408827804e-05,5.3607118388754316e-06,1.041518225974869e-05,6.4221458160318434e-06
2600,4.7868190449662507e-05,5.360952854971401e-06,1.0410473805677611e-05,6.419352303055348e-06
2601,4.7849316615611315e-05,5.3534145081357565e-06,1.0417643352411687e-05,6.415651114366483e-06
2602,4.782969335792586e-05,5.353569122235058e-06,1.0411722541903146e-05,6.412879884010181e-06
2603,4.78099100291729e-05,5.34654236616916e-06,1.0416992154205218e-05,6.409275556507055e-06
2604,4.7790046664886177e-05,5.345476893126033e-06,1.0412779374746606e-05,6.406357897503767e-06
2605,4.7770558012416586e-05,5.339978542906465e-06,1.041578798322007e-05,6.402958661055891e-06
2606,4.775132401846349e-05,5.337452876119642e-06,1.0414774806122296e-05,6.399819540092722e-06
2607,4.7732406528666615e-05,5.333870376489358e-06,1.0415322321932763e-05,6.39664312984678e-06
2608,4.771377280121669e-05,5.3298708735383116e-06,1.0417279554530978e-05,6.393323928932659e-06
2609,4.769498627865687e-05,5.32747935722e-06,1.0416144505143166e-05,6.39027211946086e-06
2610,4.7676243411842734e-05,5.322896868165117e-06,1.0419181307952385e-05,6.386832410498755e-06
2611,4.765714766108431e-05,5.320659965946106e-06,1.0417404155305121e-05,6.383816526067676e-06
2612,4.76381610496901e-05,5.316107944963733e-06,1.042009171214886e-05,6.38039182376815e-06
2613,4.761897071148269e-05,5.313502242643153e-06,1.0418976671644486e-05,6.3772981775400694e-06
2614,4.759975854540244e-05,5.309819243848324e-06,1.0420140824862756e-05,6.373960331984563e-06
2615,4.758073191624135e-05,5.30613397131674e-06,1.0420797480037436e-05,6.370759820129024e-06
2616,4.756176349474117e-05,5.30364604856004e-06,1.0420430953672621e-05,6.367536570905941e-06
2617,4.7542896936647594e-05,5.298978976497892e-06,1.0422843843116425e-05,6.364214641507715e-06
2618,4.752419044962153e-05,5.29732596987742e-06,1.0421304978081025e-05,6.361111445585266e-06
2619,4.750561129185371e-05,5.292106834531296e-06,1.0425019354443066e-05,6.357696747727459e-06
2620,4.748673381982371e-05,5.29123144588084e-06,1.0422216291772202e-05,6.354657671181485e-06
2621,4.746802005684003e-05,5.285173756419681e-06,1.0426763765281066e-05,6.351216597977327e-06
2622,4.74491753266193e-05,5.284784037939971e-06,1.042328767653089e-05,6.348220267682336e-06
2623,4.7430388804059476e-05,5.278706794342725e-06,1.0427807865198702e-05,6.34477510175202e-06
2624,4.741166776511818e-05,5.278260232444154e-06,1.0424495485494845e-05,6.341782409435837e-06
2625,4.7392848500749096e-05,5.272259841149207e-06,1.0428878340462688e-05,6.33834179097903e-06
2626,4.73739200970158e-05,5.271839199849637e-06,1.0425599612062797e-05,6.335296347970143e-06
2627,4.735537731903605e-05,5.265894742478849e-06,1.0430026122776326e-05,6.331891199806705e-06
2628,4.7336485295090824e-05,5.265440904622665e-06,1.042685835273005e-05,6.328837116598152e-06
2629,4.73178515676409e-05,5.259452791506192e-06,1.043119755195221e-05,6.325440608634381e-06
2630,4.7299283323809505e-05,5.2592495194403455e-06,1.0428124369354919e-05,6.322382432699669e-06
2631,4.728051499114372e-05,5.25297809872427e-06,1.0432633644086309e-05,6.318980922515038e-06
2632,4.7262044972740114e-05,5.253338713373523e-06,1.0429019312141463e-05,6.315936843748204e-06
2633,4.724360042018816e-05,5.246374257694697e-06,1.0434594514663331e-05,6.312526238616556e-06
2634,4.722498488263227e-05,5.247605258773547e-06,1.0429734174977057e-05,6.309528998826863e-06
2635,4.720649303635582e-05,5.239380698185414e-06,1.0436799129820429e-05,6.306062005023705e-06
2636,4.718801937997341e-05,5.242529368842952e-06,1.0429675967316143e-05,6.303162535914453e-06
2637,4.71695966552943e-05,5.232095645624213e-06,1.043964130076347e-05,6.299572305579204e-06
2638,4.715126124210656e-05,5.237886853137752e-06,1.042912572302157e-05,6.296850187936798e-06
2639,4.713294765679166e-05,5.224295364314457e-06,1.0443305654916912e-05,6.293068508966826e-06
2640,4.711473957286216e-05,5.234192940406501e-06,1.0427513188915327e-05,6.290606506809127e-06
2641,4.709686618298292e-05,5.215497822064208e-06,1.0448588909639511e-05,6.286556072154781e-06
2642,4.7079349315026775e-05,5.231958311924245e-06,1.0424961146782152e-05,6.2844865169608966e-06
2643,4.7062138037290424e-05,5.2055302148801275e-06,1.0456344170961529e-05,6.2800527302897535e-06
2644,4.704562888946384e-05,5.231633622315712e-06,1.042086660163477e-05,6.278626187850023e-06
2645,4.703030572272837e-05,5.1938454816991e-06,1.0468353139003739e-05,6.273621238506166e-06
2646,4.701663419837132e-05,5.235131993686082e-06,1.041530504153343e-05,6.273238795984071e-06
2647,4.70056438643951e-05,5.179495019547176e-06,1.0488696716492996e-05,6.267490334721515e-06
2648,4.699871351476759e-05,5.245284228294622e-06,1.040887218550779e-05,6.268911420193035e-06
2649,4.6998742618598044e-05,5.162105480849277e-06,1.0525261131988373e-05,6.2622757468489e-06
2650,4.700930367107503e-05,5.2675086408271454e-06,1.0406376532046124e-05,6.2670837905898225e-06
2651,4.703723971033469e-05,5.141975634614937e-06,1.0596451829769649e-05,6.25976235824055e-06
2652,4.70935192424804e-05,5.314746431395179e-06,1.0422657396702562e-05,6.271223810472293e-06
2653,4.719675416708924e-05,5.124304152559489e-06,1.0748171916930005e-05,6.26485598331783e-06
2654,4.737709241453558e-05,5.415568466560217e-06,1.0507436854823027e-05,6.290817964327289e-06
2655,4.768684084410779e-05,5.1309348236827645e-06,1.1096254638687242e-05,6.291930276347557e-06
2656,4.821379843633622e-05,5.642284122586716e-06,1.0811856554937549e-05,6.35193100606557e-06
2657,4.910867573926225e-05,5.237285222392529e-06,1.1960061783611309e-05,6.382265382853802e-06
2658,5.062829950475134e-05,6.186914561112644e-06,1.1797903425758705e-05,6.528696758323349e-06
2659,5.321715070749633e-05,5.68731138628209e-06,1.4236660717870109e-05,6.6586353568709455e-06
2660,5.764343586633913e-05,7.579744305985514e-06,1.4867915524519049e-05,7.039154752419563e-06
2661,6.523956835735589e-05,7.253132025653031e-06,2.0543222490232438e-05,7.4886415859509725e-06
2662,7.830603863112628e-05,1.1356304639775772e-05,2.4304437829414383e-05,8.529058504791465e-06
2663,0.00010079366620630026,1.232584963872796e-05,3.8607860915362835e-05,9.971990948542953e-06
2664,0.00013932261208537966,2.194052649429068e-05,5.288936517899856e-05,1.2898543900519144e-05
2665,0.0002046097069978714,2.789747668430209e-05,9.039154974743724e-05,1.7264135749428533e-05
2666,0.00031244842102751136,5.108378536533564e-05,0.0001352738618152216,2.5218156224582344e-05
2667,0.00048227820661850274,7.082158845150843e-05,0.00022767524933442473,3.675627522170544e-05
2668,0.0007260075653903186,0.00011984815500909463,0.000334304291754961,5.4371026635635644e-05
2669,0.0010195784270763397,0.00015579783939756453,0.0004933075397275388,7.409459067275748e-05
2670,0.0012569793034344912,0.00020900845993310213,0.0005934623768553138,9.090168896364048e-05
2671,0.0012557805748656392,0.00019544214592315257,0.000613796291872859,8.930843614507467e-05
2672,0.000904876971617341,0.00015293661272153258,0.00042607291834428906,6.517348811030388e-05
2673,0.0003815158852376044,5.6856017181416973e-05,0.00018137734150514007,2.865650640160311e-05
2674,6.326315633486956e-05,8.877907021087594e-06,1.768664878909476e-05,7.3397200139879715e-06
2675,0.00014085290604270995,2.3000053261057474e-05,5.464497007778846e-05,1.2641577995964326e-05
2676,0.0004349572118371725,6.535336433444172e-05,0.0002079613332170993,3.2328502129530534e-05
2677,0.0006015757098793983,0.00010168699373025447,0.0002782345109153539,4.4330830860417336e-05
2678,0.0004628805036190897,6.957316509215161e-05,0.00022151092707645148,3.435928374528885e-05
2679,0.00017689820379018784,2.935912925750017e-05,7.223866850836203e-05,1.5060079022077844e-05
2680,4.654343501897529e-05,5.303391390043544e-06,1.0551271770964377e-05,6.137755008239765e-06
2681,0.0001600298855919391,2.183407559641637e-05,6.963273335713893e-05,1.3712615327676758e-05
2682,0.00032338491291739047,5.505968147190288e-05,0.00014387205010280013,2.489063626853749e-05
2683,0.00032217163243331015,4.7845449444139376e-05,0.0001521560043329373,2.4434035367448814e-05
2684,0.00016721393330954015,2.7618159947451204e-05,6.74695911584422e-05,1.4425235349335708e-05
2685,5.110831989441067e-05,5.603308636636939e-06,1.3398970622802153e-05,6.421207672246965e-06
2686,8.90581650310196e-05,1.1027397704310715e-05,3.343345451867208e-05,8.919462743506301e-06
2687,0.00019274177611805499,3.208303314750083e-05,7.975164044182748e-05,1.618142232473474e-05
2688,0.00021249265410006046,3.0219016480259597e-05,9.640974167268723e-05,1.717278064461425e-05
2689,0.00012807789607904851,2.0961810150765814e-05,4.878783511230722e-05,1.1665651072689798e-05
2690,5.1850485760951415e-05,5.745280759583693e-06,1.3879490325052757e-05,6.445142844313523e-06
2691,6.683990068268031e-05,7.770555384922773e-06,2.1911760995863006e-05,7.4315175879746675e-06
2692,0.00012897349370177835,2.1193594875512645e-05,4.919833008898422e-05,1.1716314475052059e-05
2693,0.00014508642198052257,1.968399010365829e-05,6.236583431018516e-05,1.2607320059032645e-05
2694,9.691304148873314e-05,1.5259993233485147e-05,3.3606458600843325e-05,9.609318112779874e-06
2695,5.026597500545904e-05,5.546632110053906e-06,1.2984377462998964e-05,6.346993359329645e-06
2696,5.7427103456575423e-05,6.4519090301473625e-06,1.6925199815887026e-05,6.809998467360856e-06
2697,9.434341336600482e-05,1.480671107856324e-05,3.246546475565992e-05,9.414247870154213e-06
2698,0.00010504791862331331,1.3523174857255071e-05,4.1894338210113347e-05,9.926081474986859e-06
2699,7.711439684499055e-05,1.1732145139831118e-05,2.442880577291362e-05,8.190690095943864e-06
2700,4.892845026915893e-05,5.424533355835592e-06,1.2318867447902448e-05,6.237009984033648e-06
2701,5.228829832049087e-05,5.819741090817843e-06,1.4238043149816804e-05,6.446102815971244e-06
2702,7.412266859319061e-05,1.1156648724863771e-05,2.3023487301543355e-05,7.988505785760935e-06
2703,8.131445792969316e-05,9.924494406732265e-06,2.96095859084744e-05,8.35607625049306e-06
2704,6.537543958984315e-05,9.441812835575547e-06,1.8855858797905967e-05,7.415553682221798e-06
2705,4.817189255845733e-05,5.34711671207333e-06,1.189380964206066e-05,6.186193331814138e-06
2706,4.915701720165089e-05,5.439169399323873e-06,1.2452781447791494e-05,6.2530129980586935e-06
2707,6.194702291395515e-05,8.794008863333147e-06,1.727307608234696e-05,7.175986866059247e-06
2708,6.714562914567068e-05,7.867949534556828e-06,2.221720205852762e-05,7.4120957833656576e-06
2709,5.8464662288315594e-05,8.138533303281292e-06,1.569585219840519e-05,6.926054993527941e-06
2710,4.780072413268499e-05,5.303378657117719e-06,1.1669506420730613e-05,6.165567810967332e-06
2711,4.728385101770982e-05,5.261658316157991e-06,1.136857463279739e-05,6.130723704700358e-06
2712,5.4588406783295795e-05,7.34547484171344e-06,1.392025387758622e-05,6.6645352490013465e-06
2713,5.8555153373163193e-05,6.625478363275761e-06,1.7625870896154083e-05,6.860760549898259e-06
2714,5.425173731055111e-05,7.261855898832437e-06,1.376421823806595e-05,6.645132998528425e-06
2715,4.762084790854715e-05,5.275817329675192e-06,1.1597794582485221e-05,6.149447017378407e-06
2716,4.6288292651297525e-05,5.1981401156808715e-06,1.074462488759309e-05,6.069105438655242e-06
2717,5.021363904234022e-05,6.414824383682571e-06,1.2001539289485663e-05,6.359455255733337e-06
2718,5.3244737500790507e-05,5.9213202803221066e-06,1.4816496332059614e-05,6.501384177681757e-06
2719,5.1516868552425876e-05,6.696973741782131e-06,1.2597549357451499e-05,6.44446936348686e-06
2720,4.750017978949472e-05,5.248974048299715e-06,1.15731090772897e-05,6.135619514680002e-06
2721,4.5881337427999824e-05,5.213586064201081e-06,1.0477006071596406e-05,6.038148967490997e-06
2722,4.7708577767480165e-05,5.83440623813658e-06,1.0992968782375101e-05,6.176241186039988e-06
2723,4.990404340787791e-05,5.487433099915506e-06,1.2997286830795929e-05,6.283864422584884e-06
2724,4.9597125325817615e-05,6.269143796089338e-06,1.1794583770097233e-05,6.306679551926209e-06
2725,4.734509639092721e-05,5.21950551046757e-06,1.1539506886037998e-05,6.1172167988843285e-06
2726,4.582086330628954e-05,5.267766937322449e-06,1.0391329851699993e-05,6.032353212503949e-06
2727,4.638137761503458e-05,5.481449989019893e-06,1.0522295269765891e-05,6.075526471249759e-06
2728,4.7804733185330406e-05,5.250239610177232e-06,1.1838671525765676e-05,6.143164227978559e-06
2729,4.816309956368059e-05,5.9383351072028745e-06,1.1215682206966449e-05,6.2018170865485445e-06
2730,4.709896893473342e-05,5.179201252758503e-06,1.1423439900681842e-05,6.099266101955436e-06
2731,4.590590106090531e-05,5.322412562236423e-06,1.0396639481768943e-05,6.037369985278929e-06
2732,4.5780252548865974e-05,5.269709163258085e-06,1.037910897139227e-05,6.026286882843124e-06
2733,4.65322591480799e-05,5.129630608280422e-06,1.1097352398792282e-05,6.06105550104985e-06
2734,4.706808249466121e-05,5.665687695000088e-06,1.080448055290617e-05,6.119583304098342e-06
2735,4.67492536699865e-05,5.136945674166782e-06,1.1258737686148379e-05,6.070714334782679e-06
2736,4.5986060285940766e-05,5.358209364203503e-06,1.0435456715640612e-05,6.03847865932039e-06
2737,4.5589851652039215e-05,5.155290637048893e-06,1.0415599717816804e-05,6.003791895636823e-06
2738,4.5831751776859164e-05,5.091405910206959e-06,1.0675413250282872e-05,6.012986887071747e-06
2739,4.626303416443989e-05,5.4465181165141985e-06,1.053334926837124e-05,6.05663353780983e-06
2740,4.632933996617794e-05,5.091687853564508e-06,1.1038172488042619e-05,6.039896561560454e-06
2741,4.596988219418563e-05,5.358203452487942e-06,1.04486343843746e-05,6.032608780515147e-06
2742,4.558073851512745e-05,5.090891590953106e-06,1.0520161595195532e-05,5.993936611048412e-06
2743,4.5515247620642185e-05,5.105906438984675e-06,1.0461060810484923e-05,5.989655619487166e-06
2744,4.573046317091212e-05,5.276665888231946e-06,1.0405633474874776e-05,6.00963312535896e-06
2745,4.590952448779717e-05,5.063323442300316e-06,1.0813615517690778e-05,6.006516741763335e-06
2746,4.583700865623541e-05,5.315958787832642e-06,1.0446306987432763e-05,6.0149486671434715e-06
2747,4.559597437037155e-05,5.064203833171632e-06,1.060069007507991e-05,5.986215910525061e-06
2748,4.542412352748215e-05,5.130309091327945e-06,1.0399848179076798e-05,5.9787930695165414e-06
2749,4.544806870399043e-05,5.168118150322698e-06,1.0372677934356034e-05,5.98145470576128e-06
2750,4.5580618461826816e-05,5.040789346821839e-06,1.0636713341227733e-05,5.9806234276038595e-06
2751,4.565106428344734e-05,5.2652130761998706e-06,1.0407662557554431e-05,5.995637820888078e-06
2752,4.55895860795863e-05,5.032893568568397e-06,1.067543234967161e-05,5.976251486572437e-06
2753,4.547921707853675e-05,5.1875022109015845e-06,1.0417283192509785e-05,5.974886335025076e-06
2754,4.545013507595286e-05,5.0869407459686045e-06,1.0557125278864987e-05,5.961214355920674e-06
2755,4.555532359518111e-05,5.114334726386005e-06,1.0638228559400886e-05,5.960551789030433e-06
2756,4.5751694415230304e-05,5.198134658712661e-06,1.0735337127698585e-05,5.9636449805111624e-06
2757,4.59858711110428e-05,5.163333298696671e-06,1.1030382665921934e-05,5.958431302133249e-06
2758,4.6290217142086476e-05,5.257201792119304e-06,1.1257975529588293e-05,5.955007964075776e-06
2759,4.68078360427171e-05,5.363971467886586e-06,1.168095968751004e-05,5.952580977464095e-06
2760,4.7761339374119416e-05,5.389646958064986e-06,1.2646911272895522e-05,5.944956228631781e-06
2761,4.944184547639452e-05,5.901480562897632e-06,1.370897916785907e-05,5.966277058178093e-06
2762,5.228237569099292e-05,5.99977875026525e-06,1.650981357670389e-05,5.9545563999563456e-06
2763,5.705320290871896e-05,7.2388179432891775e-06,1.985557537409477e-05,5.9917620092164725e-06
2764,6.512896652566269e-05,7.97484699432971e-06,2.7330515877110884e-05,5.96472091274336e-06
2765,7.896828174125403e-05,1.0902195754169952e-05,3.800202102866024e-05,6.012812264089007e-06
2766,0.00010269501945003867,1.394068658555625e-05,5.887761653866619e-05,5.975344720354769e-06
2767,0.0001434570731362328,2.1550380552071147e-05,9.158478496829048e-05,6.064380613679532e-06
2768,0.00021263248345348984,3.15652068820782e-05,0.0001508468994870782,6.044076144462451e-06
2769,0.0003289697924628854,5.191337550058961e-05,0.000245731498580426,6.2649805840919726e-06
2770,0.0005168779753148556,8.071390038821846e-05,0.000404433230869472,6.346166173898382e-06
2771,0.0008060940308496356,0.00012924594921059906,0.0006424059392884374,6.888428288220894e-06
2772,0.001196582685224712,0.00019158834766130894,0.0009690433507785201,7.1902090894582216e-06
2773,0.0016283240402117372,0.0002606402267701924,0.0013272222131490707,8.092325515463017e-06
2774,0.0018819506512954831,0.00030603367486037314,0.0015349345048889518,8.196493581635877e-06
2775,0.0017129654297605157,0.0002699999022297561,0.001401097048074007,8.373677701456472e-06
2776,0.001052754814736545,0.00017452338943257928,0.000842213281430304,7.203616860351758e-06
2777,0.0003244744730181992,4.670954149332829e-05,0.0002460645919200033,6.340066192933591e-06
2778,4.597347287926823e-05,5.385411895986181e-06,1.114549013436772e-05,5.888514351681806e-06
2779,0.00031528438557870686,5.313470319379121e-05,0.00023095998039934784,6.23793948761886e-06
2780,0.0007412767154164612,0.0001125371636589989,0.0005937968380749226,6.988535005802987e-06
2781,0.0008464838028885424,0.00014017694047652185,0.0006719385273754597,6.873658094264101e-06
2782,0.0005304577643983066,8.103184518404305e-05,0.0004165046848356724,6.584247785212938e-06
2783,0.0001385836221743375,2.144609607057646e-05,8.743684156797826e-05,5.940136816207087e-06
2784,6.483976903837174e-05,8.74709257914219e-06,2.6692043320508674e-05,5.880126991542056e-06
2785,0.00029403442749753594,4.5552485971711576e-05,0.00021694057795684785,6.30827071290696e-06
2786,0.0004848637618124485,7.61085539124906e-05,0.0003766535664908588,6.4203272813756485e-06
2787,0.0004014476726297289,6.38811761746183e-05,0.0003056182758882642,6.389648206095444e-06
2788,0.0001586421421961859,2.3422157028107904e-05,0.00010561120143393055,5.921755473536905e-06
2789,4.5082524593453854e-05,5.392828370531788e-06,1.0476909665158018e-05,5.84255758440122e-06
2790,0.0001477941987104714,2.2352445739670657e-05,9.511766984360293e-05,6.06481580689433e-06
2791,0.00028481840854510665,4.418305979925208e-05,0.00020991399651393294,6.144271537777968e-06
2792,0.00026933709159493446,4.1483068343950436e-05,0.00019675702787935734,6.219401257112622e-06
2793,0.00013077585026621819,1.9788139979937114e-05,8.135685493471101e-05,5.926172434556065e-06
2794,4.5633743866346776e-05,5.444743237603689e-06,1.083157621906139e-05,5.871485427633161e-06
2795,9.40275494940579e-05,1.2827336831833236e-05,5.1172959501855075e-05,6.005450359225506e-06
2796,0.0001799516612663865,2.8335785827948712e-05,0.00012142029299866408,6.039117579348385e-06
2797,0.00018119126616511494,2.6378467737231404e-05,0.00012433312076609582,6.095934622862842e-06
2798,0.00010200887481914833,1.5452806110261008e-05,5.709859397029504e-05,5.891495220566867e-06
2799,4.617461672751233e-05,5.496621724887518e-06,1.1408981663407758e-05,5.85380212214659e-06
2800,6.991492409724742e-05,9.141593181993812e-06,3.119985922239721e-05,5.914695066167042e-06
2801,0.00012203582446090877,1.8419821572024375e-05,7.40326358936727e-05,5.916673671890749e-06
2802,0.0001271855435334146,1.834809700085316e-05,7.903429650468752e-05,5.960629550827434e-06
2803,8.204603363992646e-05,1.1648413419607095e-05,4.131918103666976e-05,5.815687927679392e-06
2804,4.633064236259088e-05,5.596143637376372e-06,1.17839481390547e-05,5.7901102081814315e-06
2805,5.7245983043685555e-05,7.430669484165264e-06,2.066510023723822e-05,5.830042482557474e-06
2806,8.851307939039543e-05,1.2410578165145125e-05,4.697617987403646e-05,5.82526445214171e-06
2807,9.462947491556406e-05,1.3521213986678049e-05,5.1769751735264435e-05,5.867702384421136e-06
2808,6.951284740353003e-05,9.37404820433585e-06,3.123395435977727e-05,5.780968876933912e-06
2809,4.650526898331009e-05,5.627771315630525e-06,1.1985179298790172e-05,5.778463673777878e-06
2810,5.023571429774165e-05,6.285720701271202e-06,1.4913221093593165e-05,5.807354227727046e-06
2811,6.870241486467421e-05,9.233471246261615e-06,3.041916170332115e-05,5.809955382574117e-06
2812,7.481835200451314e-05,1.0151634342037141e-05,3.5397373721934855e-05,5.853868060512468e-06
2813,6.161733472254127e-05,8.169206921593286e-06,2.4476628823322244e-05,5.794300250272499e-06
2814,4.6733213821426034e-05,5.599076303042239e-06,1.215098745888099e-05,5.79662946620374e-06
2815,4.65372868347913e-05,5.6153139667003416e-06,1.1871085007442161e-05,5.810177299281349e-06
2816,5.70358861295972e-05,7.3696164690773e-06,2.0642597519326955e-05,5.804734428238589e-06
2817,6.256649066926911e-05,8.120286111079622e-06,2.5272560378652997e-05,5.834728654008359e-06
2818,5.6418539315927774e-05,7.275408279383555e-06,2.020431202254258e-05,5.787763711850857e-06
2819,4.695313691627234e-05,5.624372988677351e-06,1.2393929864629172e-05,5.786966994492104e-06
2820,4.4853259169030935e-05,5.3471662795345765e-06,1.0584601113805547e-05,5.7842985370371025e-06
2821,5.030086322221905e-05,6.165499598864699e-06,1.5254134268616326e-05,5.776246325694956e-06
2822,5.482967389980331e-05,6.966873570490861e-06,1.8869492123485543e-05,5.798662186862202e-06
2823,5.2734321798197925e-05,6.546782515215455e-06,1.7374126400682144e-05,5.762683031207416e-06
2824,4.7053054004209116e-05,5.679237801814452e-06,1.254732342204079e-05,5.765298737969715e-06
2825,4.4357613660395145e-05,5.2463565225480124e-06,1.0318291970179416e-05,5.758593033533543e-06
2826,4.662332503357902e-05,5.521678758668713e-06,1.2331282050581649e-05,5.754073299613083e-06
2827,4.99070665682666e-05,6.181180197017966e-06,1.4859951079415623e-05,5.773186785518192e-06
2828,4.99327143188566e-05,6.054452114767628e-06,1.5129078747122549e-05,5.7498368732922245e-06
2829,4.69268488814123e-05,5.6435478654748295e-06,1.249926663149381e-05,5.756806785939261e-06
2830,4.446077218744904e-05,5.229256203165278e-06,1.0494226444279775e-05,5.747458089899737e-06
2831,4.4849606638308614e-05,5.242281076789368e-06,1.0877185559365898e-05,5.7460279094811995e-06
2832,4.6852685045450926e-05,5.635469278786331e-06,1.241618247149745e-05,5.760206931881839e-06
2833,4.7733508836245164e-05,5.704866907763062e-06,1.3308857887750491e-05,5.743956535297912e-06
2834,4.653073483495973e-05,5.55430824533687e-06,1.2214421985845547e-05,5.752400738856522e-06
2835,4.473651642911136e-05,5.249562036624411e-06,1.0781733180920128e-05,5.741044333262835e-06
2836,4.420643745106645e-05,5.133993454364827e-06,1.0367837603553198e-05,5.7409210967307445e-06
2837,4.509945210884325e-05,5.329256055119913e-06,1.1025793355656788e-05,5.74888053961331e-06
2838,4.604712739819661e-05,5.408777269622078e-06,1.1949793588428292e-05,5.737711944675539e-06
2839,4.5904329454060644e-05,5.453576250147307e-06,1.1720816473825835e-05,5.7459878917143214e-06
2840,4.490462742978707e-05,5.241262442723382e-06,1.0995603588526137e-05,5.73355237065698e-06
2841,4.4141197577118874e-05,5.1256279220979195e-06,1.0344017937313765e-05,5.734309979743557e-06
2842,4.425752194947563e-05,5.1768320190603845e-06,1.0400237442809157e-05,5.7360907703696284e-06
2843,4.487220576265827e-05,5.200760369916679e-06,1.1029623237845954e-05,5.7283641581307165e-06
2844,4.5175467676017433e-05,5.336557933333097e-06,1.1163780982315075e-05,5.735026206821203e-06
2845,4.483925295062363e-05,5.203103683015797e-06,1.1019372323062271e-05,5.723355570808053e-06
2846,4.425400766194798e-05,5.14896419190336e-06,1.0479119737283327e-05,5.725184564653318e-06
2847,4.398969031171873e-05,5.104898718855111e-06,1.0272636245645117e-05,5.72243061469635e-06
2848,4.4188229367136955e-05,5.093722847959725e-06,1.0504686542844865e-05,5.717964540963294e-06
2849,4.4507843995234e-05,5.208084076002706e-06,1.0686476343835238e-05,5.7226566241297405e-06
2850,4.455738962860778e-05,5.1463516683725175e-06,1.0844347343663685e-05,5.713338396162726e-06
2851,4.429208638612181e-05,5.153126039658673e-06,1.055760367307812e-05,5.716271516575944e-06
2852,4.398629243951291e-05,5.079509264760418e-06,1.0352306162531022e-05,5.710895493393764e-06
2853,4.3902597099076957e-05,5.053273071098374e-06,1.0304374882252887e-05,5.70899010199355e-06
2854,4.404033097671345e-05,5.110732672619633e-06,1.0375639249105006e-05,5.710791810997762e-06
2855,4.418942262418568e-05,5.080643404653529e-06,1.0588522854959592e-05,5.704051091015572e-06
2856,4.417206218931824e-05,5.128653810970718e-06,1.0508791092433967e-05,5.706923275283771e-06
2857,4.4004773371852934e-05,5.060275725554675e-06,1.0443698556628078e-05,5.700160272681387e-06
2858,4.384334897622466e-05,5.048844741395442e-06,1.0296219443262089e-05,5.699656867363956e-06
2859,4.380879909149371e-05,5.051637344877236e-06,1.0266719982610084e-05,5.698088443750748e-06
2860,4.38822025898844e-05,5.027710358262993e-06,1.0387115253251977e-05,5.693475031876005e-06
2861,4.395038558868691e-05,5.0846938393078744e-06,1.038998925650958e-05,5.6951403166749515e-06
2862,4.392769915284589e-05,5.031097771279747e-06,1.0453074537508655e-05,5.688705641659908e-06
2863,4.382939368952066e-05,5.04992613059585e-06,1.0332800229662098e-05,5.689333193004131e-06
2864,4.373663978185505e-05,5.0172761802969035e-06,1.0291349099134095e-05,5.68560290048481e-06
2865,4.3710035242838785e-05,5.00430087413406e-06,1.0289316378475633e-05,5.683283688995289e-06
2866,4.3740619730670005e-05,5.034062724007526e-06,1.0289506462868303e-05,5.683410108758835e-06
2867,4.377089499030262e-05,4.998968961444916e-06,1.037915535562206e-05,5.6785543165460695e-06
2868,4.375593562144786e-05,5.034720743424259e-06,1.0323896276531741e-05,5.6794633565004915e-06
2869,4.3699263187590986e-05,4.992909907741705e-06,1.0332381862099282e-05,5.67479446544894e-06
2870,4.3640473450068384e-05,4.99751422466943e-06,1.0273711268382613e-05,5.673849045706447e-06
2871,4.361349419923499e-05,4.994228220311925e-06,1.02606236396241e-05,5.671728558809264e-06
2872,4.3618481868179515e-05,4.975451247446472e-06,1.0301771908416413e-05,5.668252015311737e-06
2873,4.3629363062791526e-05,5.004402282793308e-06,1.0284981726726983e-05,5.6679959925531875e-06
2874,4.362034087534994e-05,4.970297140971525e-06,1.0334278158552479e-05,5.663152933266247e-06
2875,4.358770092949271e-05,4.99082443639054e-06,1.0284232303092722e-05,5.6625290199008305e-06
2876,4.354791599325836e-05,4.966569122188957e-06,1.0288033990946133e-05,5.658662757923594e-06
2877,4.352080577518791e-05,4.964048457622994e-06,1.0274865417159162e-05,5.65637810723274e-06
2878,4.351173993200064e-05,4.971801445208257e-06,1.0267012839904055e-05,5.654584583680844e-06
2879,4.351070674601942e-05,4.950108177581569e-06,1.0306845069862902e-05,5.65075060876552e-06
2880,4.350367817096412e-05,4.973262093699304e-06,1.0280227797920816e-05,5.650037110171979e-06
2881,4.348386937635951e-05,4.944781267113285e-06,1.0309395293006673e-05,5.64593847229844e-06
2882,4.345635898062028e-05,4.957417331752367e-06,1.0275040949636605e-05,5.644780230795732e-06
2883,4.343119144323282e-05,4.944093234371394e-06,1.0277633009536657e-05,5.641893039864954e-06
2884,4.341474050306715e-05,4.937960056849988e-06,1.0279391062795185e-05,5.639477876684396e-06
2885,4.340552550274879e-05,4.947526576870587e-06,1.026789232128067e-05,5.638021775666857e-06
2886,4.3396870751166716e-05,4.927021564071765e-06,1.0296893378836103e-05,5.63459116165177e-06
2887,4.33832174167037e-05,4.9438986025052145e-06,1.0271351129631512e-05,5.633593900711276e-06
2888,4.3363936129026115e-05,4.922606876789359e-06,1.029074155667331e-05,5.6301178119610995e-06
2889,4.334241020842455e-05,4.929737315251259e-06,1.0270096936437767e-05,5.628515282296576e-06
2890,4.3323518184479326e-05,4.92221215608879e-06,1.0271834980812855e-05,5.625893663818715e-06
2891,4.33091408922337e-05,4.914998044114327e-06,1.027795769914519e-05,5.6232365750474855e-06
2892,4.3297364754835144e-05,4.9231630327994935e-06,1.0266649042023346e-05,5.621510808850871e-06
2893,4.328516297391616e-05,4.90577076561749e-06,1.0288680641679093e-05,5.618142495222855e-06
2894,4.3270141759421676e-05,4.918166723655304e-06,1.0268786354572512e-05,5.616637736238772e-06
2895,4.3252730392850935e-05,4.901698957837652e-06,1.0284440577379428e-05,5.613318080577301e-06
2896,4.323462053434923e-05,4.906553840555716e-06,1.0271228347846773e-05,5.611367669189349e-06
2897,4.321793676353991e-05,4.900800377072301e-06,1.0273457519360818e-05,5.608735591522418e-06
2898,4.3203413952142e-05,4.894485755357891e-06,1.0278617992298678e-05,5.6060621318465564e-06
2899,4.319000800023787e-05,4.900182830169797e-06,1.0269261110806838e-05,5.604112629953306e-06
2900,4.317651837482117e-05,4.886034275841666e-06,1.028561655402882e-05,5.600973508990137e-06
2901,4.316168633522466e-05,4.895306574326241e-06,1.0270205166307278e-05,5.599235464615049e-06
2902,4.3145628296770155e-05,4.881712811766192e-06,1.0283214578521438e-05,5.596139999397565e-06
2903,4.31291846325621e-05,4.88594378111884e-06,1.0272629879182205e-05,5.5941218306543306e-06
2904,4.311330121709034e-05,4.879710559180239e-06,1.0276113243889995e-05,5.59149520995561e-06
2905,4.309834184823558e-05,4.875843387708301e-06,1.0277630281052552e-05,5.588973635894945e-06
2906,4.3084110075142235e-05,4.877995706920046e-06,1.027188409352675e-05,5.586845873040147e-06
2907,4.3069987441413105e-05,4.867686129728099e-06,1.0282437870046124e-05,5.5839727792772464e-06
2908,4.305539914639667e-05,4.873803845839575e-06,1.0271338396705687e-05,5.582051471719751e-06
2909,4.304015965317376e-05,4.862619334744522e-06,1.028193310048664e-05,5.57912153453799e-06
2910,4.3024552724091336e-05,4.86632188767544e-06,1.0272805411659647e-05,5.57708517590072e-06
2911,4.3009156797779724e-05,4.859585715166759e-06,1.0277579349349253e-05,5.574398073804332e-06
2912,4.299407373764552e-05,4.8579122449154966e-06,1.0276175089529715e-05,5.571997462539002e-06
2913,4.2979409045074135e-05,4.857075964537216e-06,1.0273991392750759e-05,5.569668246607762e-06
2914,4.296500628697686e-05,4.850197910855059e-06,1.0280058631906286e-05,5.5669502216915134e-06
2915,4.2950450733769685e-05,4.853551217820495e-06,1.0272799045196734e-05,5.56481973035261e-06
2916,4.293574238545261e-05,4.844388058700133e-06,1.0281397408107296e-05,5.5619916565774474e-06
2917,4.292060839361511e-05,4.847718628298026e-06,1.0273581210640259e-05,5.559862074733246e-06
2918,4.290547440177761e-05,4.840346718992805e-06,1.0279631169396453e-05,5.55709902982926e-06
2919,4.289046410121955e-05,4.840711881115567e-06,1.0275884051225148e-05,5.5547739066241775e-06
2920,4.2875759390881285e-05,4.837209417019039e-06,1.0277299224981107e-05,5.552250058826758e-06
2921,4.28610437666066e-05,4.833503680856666e-06,1.02790399978403e-05,5.549700290430337e-06
2922,4.2846462747547776e-05,4.833892944589024e-06,1.0275662134517916e-05,5.547381533688167e-06
2923,4.2831841710722074e-05,4.827356860914733e-06,1.0280988135491498e-05,5.544699433812639e-06
2924,4.2817144276341423e-05,4.829241333936807e-06,1.027555663313251e-05,5.5424693528038915e-06
2925,4.2802381358342245e-05,4.822534720005933e-06,1.0281049981131218e-05,5.539759513339959e-06
2926,4.278761116438545e-05,4.823457857128233e-06,1.0276640750817023e-05,5.5375026022375096e-06
2927,4.277289554011077e-05,4.818505658477079e-06,1.0279954040015582e-05,5.5348873502225615e-06
2928,4.2758038034662604e-05,4.8172505557886325e-06,1.0278392437612638e-05,5.532479008252267e-06
2929,4.274329694453627e-05,4.814870862901444e-06,1.0278323316015303e-05,5.5300206440733746e-06
2930,4.27286940976046e-05,4.8110141506185755e-06,1.0280345122737344e-05,5.527466782950796e-06
2931,4.2714218579931185e-05,4.811132384929806e-06,1.0277482942910865e-05,5.525120741367573e-06
2932,4.26995538873598e-05,4.805525804840727e-06,1.0281672075507231e-05,5.522471383301308e-06
2933,4.268489283276722e-05,4.806429842574289e-06,1.027752659865655e-05,5.5201876421051566e-06
2934,4.267025360604748e-05,4.80083372167428e-06,1.0281781214871444e-05,5.517527370102471e-06
2935,4.2655487050069496e-05,4.801133854925865e-06,1.027834241540404e-05,5.515202246897388e-06
2936,4.2640916944947094e-05,4.796696885023266e-06,1.0281075446982868e-05,5.512628831638722e-06
2937,4.262621951056644e-05,4.79540631204145e-06,1.0279789421474561e-05,5.510205028258497e-06
2938,4.2611682147253305e-05,4.792942945641698e-06,1.0280072274326812e-05,5.507733021659078e-06
2939,4.259707930032164e-05,4.789646936842473e-06,1.0281299182679504e-05,5.505226454260992e-06
2940,4.258270200807601e-05,4.7890571295283735e-06,1.0279448360961396e-05,5.502839030668838e-06
2941,4.256805550539866e-05,4.784476914210245e-06,1.0282352377544157e-05,5.5002456065267324e-06
2942,4.255353269400075e-05,4.784641987498617e-06,1.0279274647473358e-05,5.497923211805755e-06
2943,4.2538915295153856e-05,4.7797857405385e-06,1.0282571565767284e-05,5.495311597769614e-06
2944,4.25244215875864e-05,4.779864411830204e-06,1.02797584986547e-05,5.49296009921818e-06
2945,4.2509869672358036e-05,4.77550202049315e-06,1.028236420097528e-05,5.4904003263800405e-06
2946,4.249540143064223e-05,4.774649369210238e-06,1.0280706192133948e-05,5.4880092648090795e-06
2947,4.248080222168937e-05,4.7714938773424365e-06,1.0281964932801202e-05,5.485468591359677e-06
2948,4.246625758241862e-05,4.769603947352152e-06,1.028149199555628e-05,5.483032509800978e-06
2949,4.2451865738257766e-05,4.7673361223132815e-06,1.0281746654072776e-05,5.48055595572805e-06
2950,4.2437306547071785e-05,4.764797267853282e-06,1.0282132279826328e-05,5.4780757636763155e-06
2951,4.242282739141956e-05,4.763047854794422e-06,1.028163023875095e-05,5.475629677675897e-06
2952,4.240851558279246e-05,4.7601706683053635e-06,1.0282643415848725e-05,5.473140390677145e-06
2953,4.239394183969125e-05,4.758561772177927e-06,1.0281908544129692e-05,5.4706938499293756e-06
2954,4.237963730702177e-05,4.755854206450749e-06,1.0282707080477849e-05,5.4682150221196935e-06
2955,4.2365129047539085e-05,4.753913799504517e-06,1.0282388757332228e-05,5.465764843393117e-06
2956,4.235068990965374e-05,4.751549113279907e-06,1.0282557013852056e-05,5.463316938403295e-06
2957,4.2336170736234635e-05,4.749294475914212e-06,1.0282803486916237e-05,5.460814918478718e-06
2958,4.2321822547819465e-05,4.74729813504382e-06,1.0282594303134829e-05,5.4583856581302825e-06
2959,4.230739432387054e-05,4.744785201182822e-06,1.02831436379347e-05,5.455893642647425e-06
2960,4.229304977343418e-05,4.743114914163016e-06,1.028258429869311e-05,5.4534698392672e-06
2961,4.227862154948525e-05,4.740307304018643e-06,1.028337464958895e-05,5.4509882829734124e-06
2962,4.226431701681577e-05,4.738801180792507e-06,1.0282665243721567e-05,5.448569936561398e-06
2963,4.224987787893042e-05,4.7359303607663605e-06,1.0283645679010078e-05,5.446060185931856e-06
2964,4.223555151838809e-05,4.7344447011710145e-06,1.0282788935001008e-05,5.443663667392684e-06
2965,4.222118150210008e-05,4.7315647861978505e-06,1.0283803021593485e-05,5.4411630117101595e-06
2966,4.220676055410877e-05,4.730188720714068e-06,1.0282847142661922e-05,5.438744665298145e-06
2967,4.219255788484588e-05,4.727482064481592e-06,1.0283714800607413e-05,5.4362726586987264e-06
2968,4.217812966089696e-05,4.725719009002205e-06,1.0283076335326768e-05,5.433867045212537e-06
2969,4.216377419652417e-05,4.723263373307418e-06,1.0283594747306779e-05,5.431383215181995e-06
2970,4.21495278715156e-05,4.7214430196618196e-06,1.0283347364747897e-05,5.428947588370647e-06
2971,4.213521970086731e-05,4.7191124394885264e-06,1.0283665687893517e-05,5.426488314697053e-06
2972,4.212089334032498e-05,4.717144747701241e-06,1.0283481060469057e-05,5.424053597380407e-06
2973,4.210665792925283e-05,4.715163413493428e-06,1.0283525625709444e-05,5.421593868959462e-06
2974,4.2092531657544896e-05,4.712777808890678e-06,1.0283971278113313e-05,5.419156423158711e-06
2975,4.207819438306615e-05,4.711053861683467e-06,1.0283507435815409e-05,5.416727162810275e-06
2976,4.206387893646024e-05,4.708626875071786e-06,1.0283989468007348e-05,5.414252427726751e-06
2977,4.204967990517616e-05,4.706929303210927e-06,1.0283568371960428e-05,5.411836355051491e-06
2978,4.203545904601924e-05,4.704349976236699e-06,1.0284260497428477e-05,5.409369805420283e-06
2979,4.202117270324379e-05,4.702855676441686e-06,1.0283538358635269e-05,5.406956006481778e-06
2980,4.2006984585896134e-05,4.70017994302907e-06,1.0284325981047004e-05,5.404495823313482e-06
2981,4.1992723708972335e-05,4.698751581599936e-06,1.0283409210387617e-05,5.402112492447486e-06
2982,4.197853559162468e-05,4.696022187999915e-06,1.0284360541845672e-05,5.399630481406348e-06
2983,4.196434747427702e-05,4.6948680392233655e-06,1.0283203664585017e-05,5.397254881245317e-06
2984,4.1950217564590275e-05,4.691767117037671e-06,1.0284642485203221e-05,5.394761956267757e-06
2985,4.1935956687666476e-05,4.69084852738888e-06,1.0283136361977085e-05,5.3923940868116915e-06
2986,4.1921783122234046e-05,4.6877662498445716e-06,1.0284581549058203e-05,5.3898870646662544e-06
2987,4.1907602280844e-05,4.686876309278887e-06,1.0283029041602276e-05,5.387539204093628e-06
2988,4.189335959381424e-05,4.68362577521475e-06,1.028455972118536e-05,5.385034910432296e-06
2989,4.187922604614869e-05,4.682910912379157e-06,1.028287169901887e-05,5.382688868849073e-06
2990,4.1864994273055345e-05,4.67944983029156e-06,1.0284691597917117e-05,5.380170932767214e-06
2991,4.1850922571029514e-05,4.679114681493957e-06,1.0282600669597741e-05,5.377841262088623e-06
2992,4.1836807213258e-05,4.675221134675667e-06,1.0285037205903791e-05,5.375310138333589e-06
2993,4.182277189102024e-05,4.675424861488864e-06,1.0282219591317698e-05,5.373025487642735e-06
2994,4.1808576497714967e-05,4.671016995416721e-06,1.0285384632879868e-05,5.370434791984735e-06
2995,4.1794530261540785e-05,4.671812348533422e-06,1.0281718459737021e-05,5.368199708755128e-06
2996,4.1780444007599726e-05,4.666516360884998e-06,1.0286077667842619e-05,5.365569904824952e-06
2997,4.176636866759509e-05,4.668407655117335e-06,1.0280960850650445e-05,5.3633998504665215e-06
2998,4.1752413380891085e-05,4.662083938455908e-06,1.0286763426847756e-05,5.360713203117484e-06
2999,4.173830893705599e-05,4.6651207412651274e-06,1.027999951475067e-05,5.358637736208038e-06
3000,4.172426997683942e-05,4.657359113480197e-06,1.028776569000911e-05,5.355828761821613e-06
3001,4.171697946731001e-05,4.659797923523001e-06,1.0283039046043996e-05,5.3548283176496625e-06
3002,4.171014006715268e-05,4.66134133603191e-06,1.0279717571393121e-05,5.35381650479394e-06
3003,4.170289321336895e-05,4.657289082388161e-06,1.0283702067681588e-05,5.35237995791249e-06
3004,4.1696035623317584e-05,4.654023996408796e-06,1.028685255732853e-05,5.351031632017111e-06
3005,4.168885061517358e-05,4.655982593249064e-06,1.0282828043273184e-05,5.350007540982915e-06
3006,4.168197847320698e-05,4.657010322262067e-06,1.0280191418132745e-05,5.348955255612964e-06
3007,4.167481529293582e-05,4.653413725463906e-06,1.0283612937200814e-05,5.347557362256339e-06
3008,4.166785947745666e-05,4.6506293074344285e-06,1.0285988537361845e-05,5.346248144633137e-06
3009,4.1660736314952374e-05,4.652194093068829e-06,1.028248698276002e-05,5.345210865925765e-06
3010,4.165374775766395e-05,4.652735242416384e-06,1.0280375136062503e-05,5.344127657735953e-06
3011,4.1646650061011314e-05,4.649428774428088e-06,1.0283473784511443e-05,5.342749318515416e-06
3012,4.163975245319307e-05,4.647194145945832e-06,1.0285169082635548e-05,5.341477844922338e-06
3013,4.163259291090071e-05,4.648276899388293e-06,1.0282268704031594e-05,5.3404091886477545e-06
3014,4.162569166510366e-05,4.648517915484263e-06,1.0280761671310756e-05,5.339282324712258e-06
3015,4.161860124440864e-05,4.6456066229438875e-06,1.0283358278684318e-05,5.337927632353967e-06
3016,4.161146716796793e-05,4.643749889510218e-06,1.0284387826686725e-05,5.336665708455257e-06
3017,4.1604555008234456e-05,4.644624368665973e-06,1.0282028597430326e-05,5.335580681276042e-06
3018,4.159759191679768e-05,4.644345608539879e-06,1.0281115464749746e-05,5.334426077752141e-06
3019,4.1590457840356976e-05,4.641676696337527e-06,1.0283262781740632e-05,5.3331036724557634e-06
3020,4.1583502024877816e-05,4.640284259949112e-06,1.0283945812261663e-05,5.331854481482878e-06
3021,4.157642979407683e-05,4.640825409296667e-06,1.028180486173369e-05,5.330759904609295e-06
3022,4.1569543100195006e-05,4.640338374883868e-06,1.0281262802891433e-05,5.329588475433411e-06
3023,4.1562401747796685e-05,4.637901383830467e-06,1.0283047231496312e-05,5.328291081241332e-06
3024,4.155535134486854e-05,4.6366344577108975e-06,1.0283372830599546e-05,5.327068720362149e-06
3025,4.154842463321984e-05,4.637034635379678e-06,1.0281637514708564e-05,5.3259500418789685e-06
3026,4.154146517976187e-05,4.636347057385137e-06,1.0281308277626522e-05,5.324761787051102e-06
3027,4.153432382736355e-05,4.634206561604515e-06,1.0282736184308305e-05,5.323476216290146e-06
3028,4.152725887252018e-05,4.633047410607105e-06,1.0282925359206274e-05,5.322256583895069e-06
3029,4.152026667725295e-05,4.633221124095144e-06,1.0281415598001331e-05,5.321126536728116e-06
3030,4.151339817326516e-05,4.632411673810566e-06,1.028131737257354e-05,5.3199337344267406e-06
3031,4.150631866650656e-05,4.630500825442141e-06,1.0282521543558687e-05,5.318659077602206e-06
3032,4.1499191866023466e-05,4.629460363503313e-06,1.0282479706802405e-05,5.3174503591435496e-06
3033,4.14922324125655e-05,4.629438080883119e-06,1.0281255526933819e-05,5.316307579050772e-06
3034,4.148518564761616e-05,4.628452643373748e-06,1.0281205504725222e-05,5.315105681802379e-06
3035,4.147825893596746e-05,4.626763256965205e-06,1.0282247785653453e-05,5.31384921487188e-06
3036,4.1471197619102895e-05,4.625875135388924e-06,1.0282046787324362e-05,5.312654593581101e-06
3037,4.146403443883173e-05,4.625651399692288e-06,1.0280864444212057e-05,5.311503628036007e-06
3038,4.145703496760689e-05,4.624561370292213e-06,1.0280964488629252e-05,5.310301730787614e-06
3039,4.145007915212773e-05,4.623012046067743e-06,1.0281788490829058e-05,5.3090557230461854e-06
3040,4.144310878473334e-05,4.622166215995094e-06,1.0281662071065512e-05,5.307856099534547e-06
3041,4.14361129514873e-05,4.621910193236545e-06,1.0280733476975001e-05,5.306693765305681e-06
3042,4.1428993426961824e-05,4.620832442014944e-06,1.0280708011123352e-05,5.3054905038152356e-06
3043,4.142197940382175e-05,4.6193158595997375e-06,1.028142560244305e-05,5.304247679305263e-06
3044,4.1415034502279013e-05,4.618492766894633e-06,1.0281234608555678e-05,5.3030612434668e-06
3045,4.1408002289244905e-05,4.6181180550775025e-06,1.0280415153829381e-05,5.3018939070170745e-06
3046,4.14009191445075e-05,4.617022568709217e-06,1.0280546121066436e-05,5.30067063664319e-06
3047,4.1393905121367425e-05,4.615639682015171e-06,1.028112274070736e-05,5.299428721627919e-06
3048,4.138690565014258e-05,4.614858426066348e-06,1.0280822607455775e-05,5.2982450142735615e-06
3049,4.137985160923563e-05,4.6143532017595135e-06,1.0280151400365867e-05,5.29706949237152e-06
3050,4.137281939620152e-05,4.613272267306456e-06,1.02803223853698e-05,5.295844857755583e-06
3051,4.136579445912503e-05,4.61195077150478e-06,1.0280755304847844e-05,5.29461749465554e-06
3052,4.1358827729709446e-05,4.611278200172819e-06,1.028035330818966e-05,5.293439699016744e-06
3053,4.13519301218912e-05,4.610662472259719e-06,1.027998860081425e-05,5.292255536915036e-06
3054,4.134475238970481e-05,4.609461939253379e-06,1.028014321491355e-05,5.291029538057046e-06
3055,4.133781112614088e-05,4.6082932385616004e-06,1.028042970574461e-05,5.289817636366934e-06
3056,4.133082620683126e-05,4.607744813256431e-06,1.0279915841238108e-05,5.288633019517874e-06
3057,4.132378671783954e-05,4.606897164194379e-06,1.0279678463120945e-05,5.287442490953254e-06
3058,4.131669629714452e-05,4.605736194207566e-06,1.0279884008923545e-05,5.286215127853211e-06
3059,4.130958768655546e-05,4.604665718943579e-06,1.0279862181050703e-05,5.2850118663627654e-06
3060,4.13026318710763e-05,4.604038167599356e-06,1.0279464731866028e-05,5.2838258852716535e-06
3061,4.129566514166072e-05,4.603163688443601e-06,1.0279392881784588e-05,5.282622169033857e-06
3062,4.1288803913630545e-05,4.60210139863193e-06,1.0279704838467296e-05,5.281399808154674e-06
3063,4.128161526750773e-05,4.601072305376874e-06,1.0279576599714346e-05,5.2801929086854216e-06
3064,4.1274655814049765e-05,4.6003865463717375e-06,1.0279238267685287e-05,5.279006472846959e-06
3065,4.1267652704846114e-05,4.599513886205386e-06,1.0279167327098548e-05,5.2777941164094955e-06
3066,4.126052590436302e-05,4.59839748145896e-06,1.0279254638589919e-05,5.276574484014418e-06
3067,4.1253464587498456e-05,4.597382940119132e-06,1.0279180060024373e-05,5.27538031747099e-06
3068,4.124649422010407e-05,4.596780399879208e-06,1.0278771696903277e-05,5.274188879411668e-06
3069,4.123945836909115e-05,4.595741756929783e-06,1.0278767149429768e-05,5.27298971064738e-06
3070,4.123249527765438e-05,4.594732672558166e-06,1.027887083182577e-05,5.271778718451969e-06
3071,4.122542304685339e-05,4.593875473801745e-06,1.027866528602317e-05,5.2705763664562255e-06
3072,4.121843085158616e-05,4.593046469381079e-06,1.0278479749104008e-05,5.269381290418096e-06
3073,4.121140227653086e-05,4.592169261741219e-06,1.0278336048941128e-05,5.268179847917054e-06
3074,4.120434823562391e-05,4.591144715959672e-06,1.0278299669153057e-05,5.266980679152766e-06
3075,4.1197265090886503e-05,4.590134722093353e-06,1.027829057420604e-05,5.265767867967952e-06
3076,4.11903383792378e-05,4.589460786519339e-06,1.0278012268827297e-05,5.264573246677173e-06
3077,4.118328070035204e-05,4.58848126072553e-06,1.0277943147229962e-05,5.2633708946814295e-06
3078,4.117628850508481e-05,4.587462171912193e-06,1.0277984983986244e-05,5.262168087938335e-06
3079,4.11692526540719e-05,4.586581781040877e-06,1.0277828550897539e-05,5.260968464426696e-06
3080,4.1162202251143754e-05,4.58576778328279e-06,1.0277615729137324e-05,5.259763838694198e-06
3081,4.115517367608845e-05,4.58496242572437e-06,1.0277395631419495e-05,5.258562850940507e-06
3082,4.1148166928905994e-05,4.583862846629927e-06,1.0277484761900268e-05,5.257363682176219e-06
3083,4.1141058318316936e-05,4.582952442433452e-06,1.0277278306602966e-05,5.256165877653984e-06
3084,4.113408795092255e-05,4.582216206472367e-06,1.0277046385454014e-05,5.254964889900293e-06
3085,4.1127037547994405e-05,4.581235771183856e-06,1.0277037290506996e-05,5.25375253346283e-06
3086,4.112008537049405e-05,4.580285803967854e-06,1.027702364808647e-05,5.252555183687946e-06
3087,4.11130313295871e-05,4.579394044412766e-06,1.0276870852976572e-05,5.251353286439553e-06
3088,4.1105973650701344e-05,4.57852411273052e-06,1.0276729881297797e-05,5.250143658486195e-06
3089,4.109895962756127e-05,4.577603249344975e-06,1.0276706234435551e-05,5.248929483059328e-06
3090,4.10919965361245e-05,4.576736500894185e-06,1.0276587090629619e-05,5.247734861768549e-06
3091,4.1084982512984425e-05,4.575799266604008e-06,1.0276537977915723e-05,5.2465284170466475e-06
3092,4.107796121388674e-05,4.574931153911166e-06,1.0276398825226352e-05,5.245326519798255e-06
3093,4.10709653806407e-05,4.574002105073305e-06,1.0276328794134315e-05,5.244126896286616e-06
3094,4.106392225367017e-05,4.5731580939900596e-06,1.0276189641444944e-05,5.242914994596504e-06
3095,4.10568572988268e-05,4.572223133436637e-06,1.0276070497639012e-05,5.24171264260076e-06
3096,4.104975232621655e-05,4.571353656501742e-06,1.0275862223352306e-05,5.240507562120911e-06
3097,4.104278195882216e-05,4.570408236759249e-06,1.0275842214468867e-05,5.239306119619869e-06
3098,4.1035735193872824e-05,4.569518296193564e-06,1.027566941047553e-05,5.238109679339686e-06
3099,4.102872480871156e-05,4.568719305098057e-06,1.0275499334966298e-05,5.236901415628381e-06
3100,4.102186721866019e-05,4.567816631606547e-06,1.0275529348291457e-05,5.235704065853497e-06
3101,4.101476224604994e-05,4.5668657548958436e-06,1.0275381100655068e-05,5.234503078099806e-06
3102,4.10076099797152e-05,4.565957624436123e-06,1.027516191243194e-05,5.233297542872606e-06
3103,4.100079240743071e-05,4.565218659990933e-06,1.027512098517036e-05,5.232090643403353e-06
3104,4.099358557141386e-05,4.564250048133545e-06,1.0274927262798883e-05,5.230881470197346e-06
3105,4.098651697859168e-05,4.563252787193051e-06,1.0274861779180355e-05,5.229680027696304e-06
3106,4.0979619370773435e-05,4.56247789770714e-06,1.0274732630932704e-05,5.228481313679367e-06
3107,4.097259807167575e-05,4.5615947783517186e-06,1.0274606211169157e-05,5.2272789616836235e-06
3108,4.096552947885357e-05,4.5606498133565765e-06,1.0274496162310243e-05,5.22607660968788e-06
3109,4.095840995432809e-05,4.559673470794223e-06,1.0274399755871855e-05,5.224866981734522e-06
3110,4.095144322491251e-05,4.558922228170559e-06,1.0274188753101043e-05,5.223666448728181e-06
3111,4.094436371815391e-05,4.558047294267453e-06,1.0273999578203075e-05,5.222463187237736e-06
3112,4.0937302401289344e-05,4.557057764031924e-06,1.0273977750330232e-05,5.221253559284378e-06
3113,4.0930310206022114e-05,4.556197382044047e-06,1.0273834050167352e-05,5.220055300014792e-06
3114,4.0923379856394604e-05,4.555459781840909e-06,1.0273619409417734e-05,5.218860223976662e-06
3115,4.091626760782674e-05,4.554454335448099e-06,1.0273541192873381e-05,5.217654688749462e-06
3116,4.090924630872905e-05,4.553528924589045e-06,1.0273426596540958e-05,5.21645824846928e-06
3117,4.090226866537705e-05,4.5526794565375894e-06,1.0273301086272113e-05,5.21525771546294e-06
3118,4.089517460670322e-05,4.551881374936784e-06,1.0273006409988739e-05,5.2140576372039504e-06
3119,4.088823334313929e-05,4.550990979623748e-06,1.0272951840306632e-05,5.212857558944961e-06
3120,4.0881135646486655e-05,4.549969162326306e-06,1.0272917279507965e-05,5.211649749981007e-06
3121,4.087403794983402e-05,4.549173354462255e-06,1.0272577128489502e-05,5.210457402426982e-06
3122,4.086707122041844e-05,4.548360720946221e-06,1.0272405233990867e-05,5.2092609621468e-06
3123,4.0859933505998924e-05,4.547363460005727e-06,1.0272353392792866e-05,5.208043603488477e-06
3124,4.0853028622223064e-05,4.54651853942778e-06,1.0272286090184934e-05,5.20684488947154e-06
3125,4.08459163736552e-05,4.5456217776518315e-06,1.027210419124458e-05,5.2056379900022876e-06
3126,4.083900057594292e-05,4.544791408989113e-06,1.0271998689859174e-05,5.204442004469456e-06
3127,4.083193198312074e-05,4.543937848211499e-06,1.0271864084643312e-05,5.203226464800537e-06
3128,4.0824921597959474e-05,4.543003797152778e-06,1.0271844075759873e-05,5.202014563110424e-06
3129,4.081786028109491e-05,4.542156602838077e-06,1.0271631253999658e-05,5.200814484851435e-06
3130,4.0810784412315115e-05,4.541321686701849e-06,1.027139114739839e-05,5.1996144065924454e-06
3131,4.080378494109027e-05,4.540402187558357e-06,1.0271343853673898e-05,5.198407961870544e-06
3132,4.079678183188662e-05,4.539568635664182e-06,1.0271171959175263e-05,5.197207883611554e-06
3133,4.0789756894810125e-05,4.538670509646181e-06,1.0271041901432909e-05,5.1960091695946176e-06
3134,4.0782688301987946e-05,4.537856511888094e-06,1.0270794518874027e-05,5.1948077270935755e-06
3135,4.077566700289026e-05,4.536955657385988e-06,1.0270719940308481e-05,5.193598553887568e-06
3136,4.076864570379257e-05,4.536041615210706e-06,1.0270623533870094e-05,5.1923966566391755e-06
3137,4.076158438692801e-05,4.535138941719197e-06,1.0270450729876757e-05,5.1911988521169405e-06
3138,4.07545521738939e-05,4.534392701316392e-06,1.0270163329550996e-05,5.189999228605302e-06
3139,4.07474726671353e-05,4.533414085017284e-06,1.0270140592183452e-05,5.1887836889363825e-06
3140,4.074049138580449e-05,4.53261145594297e-06,1.0269930498907343e-05,5.187589522392955e-06
3141,4.073347372468561e-05,4.5317433432501275e-06,1.0269797712680884e-05,5.186387170397211e-06
3142,4.072645242558792e-05,4.5308902372198645e-06,1.0269663107465021e-05,5.185179816180607e-06
3143,4.0719307435210794e-05,4.529981652012793e-06,1.0269510312355123e-05,5.183962457522284e-06
3144,4.071232251590118e-05,4.529096713667968e-06,1.0269373888149858e-05,5.18277010996826e-06
3145,4.0705308492761105e-05,4.5282545215741266e-06,1.0269196536683012e-05,5.181571850698674e-06
3146,4.0698214434087276e-05,4.52738913736539e-06,1.0268980986438692e-05,5.1803685892082285e-06
3147,4.0691196772968397e-05,4.526503744273214e-06,1.0268850019201636e-05,5.179168510949239e-06
3148,4.068404086865485e-05,4.5256069824972656e-06,1.0268552614434157e-05,5.177976618142566e-06
3149,4.067712870892137e-05,4.52475751444581e-06,1.0268481673847418e-05,5.176777449378278e-06
3150,4.0670194721315056e-05,4.523994448391022e-06,1.0268302503391169e-05,5.175580099603394e-06
3151,4.066310793859884e-05,4.52301856057602e-06,1.0268184269079939e-05,5.1743809308391064e-06
3152,4.065605389769189e-05,4.522196832112968e-06,1.0267980542266741e-05,5.1731753956119064e-06
3153,4.064905806444585e-05,4.521363734966144e-06,1.0267793186358176e-05,5.171979864826426e-06
3154,4.064197855768725e-05,4.52043832410709e-06,1.0267654943163507e-05,5.170777512830682e-06
3155,4.06349245167803e-05,4.519600679486757e-06,1.026751851895824e-05,5.169561063667061e-06
3156,4.062784864800051e-05,4.518777132034302e-06,1.0267254765494727e-05,5.168363713892177e-06
3157,4.062085645273328e-05,4.517914931057021e-06,1.0267132893204689e-05,5.167161816643784e-06
3158,4.061392246512696e-05,4.517003162618494e-06,1.0267161997035146e-05,5.165951733943075e-06
3159,4.0606762922834605e-05,4.5161946218286175e-06,1.0266820027027279e-05,5.164749836694682e-06
3160,4.0599759813630953e-05,4.5154097279009875e-06,1.0266610843245871e-05,5.163547939446289e-06
3161,4.0592691220808774e-05,4.514362899499247e-06,1.0266581739415415e-05,5.162349225429352e-06
3162,4.0585637179901823e-05,4.513560270424932e-06,1.026635345624527e-05,5.161144599696854e-06
3163,4.0578554035164416e-05,4.5127544581191614e-06,1.0266072422382422e-05,5.159944976185216e-06
3164,4.057165278936736e-05,4.511852239375003e-06,1.0266032404615544e-05,5.158753538125893e-06
3165,4.0564656956121325e-05,4.5110477913112845e-06,1.0265865057590418e-05,5.157548457646044e-06
3166,4.0557479223934934e-05,4.5101746763975825e-06,1.0265583114232868e-05,5.156344286660897e-06
3167,4.0550497942604125e-05,4.50928610007395e-06,1.026549216476269e-05,5.155144208401907e-06
3168,4.0543454815633595e-05,4.5084602788847405e-06,1.0265279343002476e-05,5.153943220648216e-06
3169,4.0536411688663065e-05,4.507649919105461e-06,1.0265053788316436e-05,5.152741323399823e-06
3170,4.052937583765015e-05,4.506717687036144e-06,1.0264993761666119e-05,5.151533059688518e-06
3171,4.052229633089155e-05,4.505871856963495e-06,1.026484551402973e-05,5.150316155777546e-06
3172,4.051528230775148e-05,4.50506922788918e-06,1.0264586308039725e-05,5.149125172465574e-06
3173,4.050835923408158e-05,4.504270236793673e-06,1.0264449883834459e-05,5.14792782269069e-06
3174,4.050122151966207e-05,4.503340733208461e-06,1.026427071337821e-05,5.14672228746349e-06
3175,4.049412382300943e-05,4.502517185756005e-06,1.0264022421324626e-05,5.145517206983641e-06
3176,4.048712435178459e-05,4.501700459513813e-06,1.0263802323606797e-05,5.144324404682266e-06
3177,4.048016853630543e-05,4.500851446209708e-06,1.0263674084853847e-05,5.143128419149434e-06
3178,4.047300899401307e-05,4.499959231907269e-06,1.0263456715620123e-05,5.141918336448725e-06
3179,4.046603862661868e-05,4.499089300225023e-06,1.0263354852213524e-05,5.140718712937087e-06
3180,4.045897367177531e-05,4.498266207519919e-06,1.0263118383591063e-05,5.139517725183396e-06
3181,4.0451952372677624e-05,4.497494956012815e-06,1.0262827345286496e-05,5.138325832376722e-06
3182,4.0444945625495166e-05,4.496529072639532e-06,1.0262852811138146e-05,5.137112566444557e-06
3183,4.043786248075776e-05,4.495715074881446e-06,1.026254722091835e-05,5.135920218890533e-06
3184,4.043075750814751e-05,4.494948370847851e-06,1.0262187061016448e-05,5.134724688105052e-06
3185,4.042367800138891e-05,4.494130735110957e-06,1.0261968782288022e-05,5.133515514899045e-06
3186,4.041677311761305e-05,4.493147571338341e-06,1.0262017895001918e-05,5.132321803102968e-06
3187,4.040962812723592e-05,4.492309017223306e-06,1.0261735951644368e-05,5.131116722623119e-06
3188,4.040270869154483e-05,4.491616891755257e-06,1.0261432180413976e-05,5.129931651026709e-06
3189,4.039558189106174e-05,4.490683295443887e-06,1.0261279385304078e-05,5.1287238420627546e-06
3190,4.0388531488133594e-05,4.48970013167127e-06,1.0261186616844498e-05,5.127528766024625e-06
3191,4.0381539292866364e-05,4.489055299927713e-06,1.026082372845849e-05,5.126331870997092e-06
3192,4.0374419768340886e-05,4.488223567022942e-06,1.0260562703479081e-05,5.1251272452645935e-06
3193,4.0367391193285584e-05,4.487272690312238e-06,1.0260560884489678e-05,5.123911705595674e-06
3194,4.036040263599716e-05,4.4864473238703795e-06,1.0260366252623498e-05,5.122717539052246e-06
3195,4.035338497487828e-05,4.485747922444716e-06,1.0260078852297738e-05,5.121511549077695e-06
3196,4.034638550365344e-05,4.484863893594593e-06,1.0259996997774579e-05,5.1203051043557934e-06
3197,4.033924051327631e-05,4.483849352254765e-06,1.025992060021963e-05,5.119094112160383e-06
3198,4.033209552289918e-05,4.4830985643784516e-06,1.0259480404783972e-05,5.117903128848411e-06
3199,4.0325059671886265e-05,4.482366421143524e-06,1.0259171176585369e-05,5.116704414831474e-06
3200,4.031811477034353e-05,4.4814323700848036e-06,1.0259216651320457e-05,5.115493422636064e-06
3201,4.031100252177566e-05,4.4805633478972595e-06,1.0258980182697996e-05,5.114291525387671e-06
3202,4.0303981222677976e-05,4.479861217987491e-06,1.0258603651891463e-05,5.113103725307155e-06
3203,4.02969126298558e-05,4.478914888750296e-06,1.0258467227686197e-05,5.1119059207849205e-06
3204,4.0289858588948846e-05,4.4780122152587865e-06,1.0258328074996825e-05,5.110703568789177e-06
3205,4.0282855479745194e-05,4.47728552899207e-06,1.025803794618696e-05,5.109506219014293e-06
3206,4.027569229947403e-05,4.476501089811791e-06,1.025769415718969e-05,5.10829931954504e-06
3207,4.026878741569817e-05,4.4755447561328765e-06,1.0257763278787024e-05,5.1070956033072434e-06
3208,4.0261715184897184e-05,4.4748398977390025e-06,1.0257403118885122e-05,5.105894615553552e-06
3209,4.025473026558757e-05,4.474004981602775e-06,1.0257260328216944e-05,5.104692718305159e-06
3210,4.024773807032034e-05,4.4730495574185625e-06,1.0257261237711646e-05,5.103485818835907e-06
3211,4.024059307994321e-05,4.472272848943248e-06,1.0256882887915708e-05,5.10228710481897e-06
3212,4.023353540105745e-05,4.4714674913848285e-06,1.025664823828265e-05,5.101083843328524e-06
3213,4.02264813601505e-05,4.470610747375758e-06,1.0256469977321103e-05,5.099880127090728e-06
3214,4.021942731924355e-05,4.469784016691847e-06,1.025630899675889e-05,5.098667315905914e-06
3215,4.02123223466333e-05,4.468939550861251e-06,1.0256084351567551e-05,5.09745996168931e-06
3216,4.0205275581683964e-05,4.468186034500832e-06,1.0255750567012e-05,5.096268068882637e-06
3217,4.019818516098894e-05,4.4673297452391125e-06,1.0255493180011399e-05,5.095072083349805e-06
3218,4.0191214793594554e-05,4.466423433768796e-06,1.0255400411551818e-05,5.093878371553728e-06
3219,4.018423715024255e-05,4.465687197807711e-06,1.0255121196678374e-05,5.092685569252353e-06
3220,4.017713581561111e-05,4.4648904804489575e-06,1.0254781955154613e-05,5.091492312203627e-06
3221,4.0170110878534615e-05,4.463987806957448e-06,1.0254629160044715e-05,5.090299055154901e-06
3222,4.016306047560647e-05,4.463089226192096e-06,1.0254463632008992e-05,5.089101705380017e-06
3223,4.015603553852998e-05,4.462336619326379e-06,1.0254167136736214e-05,5.087906629341887e-06
3224,4.0148872358258814e-05,4.461553089640802e-06,1.025376514007803e-05,5.086711098556407e-06
3225,4.0141901990864426e-05,4.460718628251925e-06,1.025362143991515e-05,5.08551238453947e-06
3226,4.013481520814821e-05,4.459842784854118e-06,1.0253439540974796e-05,5.084306394564919e-06
3227,4.012782301288098e-05,4.458971488929819e-06,1.0253232176182792e-05,5.0831235967052635e-06
3228,4.012072167824954e-05,4.45828436568263e-06,1.0252862921333872e-05,5.081914423499256e-06
3229,4.011357668787241e-05,4.457398063095752e-06,1.025270285026636e-05,5.080694791104179e-06
3230,4.0106551750795916e-05,4.456469923752593e-06,1.025261553877499e-05,5.079493348603137e-06
3231,4.009955591754988e-05,4.455780981516e-06,1.0252290849166457e-05,5.0782969083229546e-06
3232,4.009243275504559e-05,4.454968802747317e-06,1.025202072924003e-05,5.077088644611649e-06
3233,4.008538235211745e-05,4.4540279304783326e-06,1.0251950698147994e-05,5.075880380900344e-06
3234,4.007831739727408e-05,4.4532594074553344e-06,1.0251636922475882e-05,5.074683940620162e-06
3235,4.007138340966776e-05,4.452540906640934e-06,1.0251409548800439e-05,5.073487045592628e-06
3236,4.006430390290916e-05,4.45162049800274e-06,1.0251289495499805e-05,5.072279236628674e-06
3237,4.0057329897535965e-05,4.450877895578742e-06,1.0251065759803168e-05,5.071077339380281e-06
3238,4.005009395768866e-05,4.450000687938882e-06,1.025070196192246e-05,5.0698781706159934e-06
3239,4.0043058106675744e-05,4.44928127762978e-06,1.025034816848347e-05,5.068685823061969e-06
3240,4.0036051359493285e-05,4.448356321518077e-06,1.0250253581034485e-05,5.067488473287085e-06
3241,4.002895002486184e-05,4.447538685781183e-06,1.0250001651002094e-05,5.066281573817832e-06
3242,4.002197238150984e-05,4.446737875696272e-06,1.0249834303976968e-05,5.06508013131679e-06
3243,4.001488196081482e-05,4.445966624189168e-06,1.024947596306447e-05,5.063887783762766e-06
3244,4.000781336799264e-05,4.445118065632414e-06,1.0249248589389026e-05,5.06268952449318e-06
3245,4.00008175347466e-05,4.4443190745369066e-06,1.0249115803162567e-05,5.061476713308366e-06
3246,3.999379259767011e-05,4.443460511538433e-06,1.0248955732095055e-05,5.060274816059973e-06
3247,3.9986716728890315e-05,4.442726549314102e-06,1.0248661965306383e-05,5.059065642853966e-06
3248,3.997969179181382e-05,4.441953478817595e-06,1.0248404578305781e-05,5.057866928837029e-06
3249,3.997256135335192e-05,4.441041710379068e-06,1.024822995532304e-05,5.056658210378373e-06
3250,3.996540908701718e-05,4.440184511622647e-06,1.0247960744891316e-05,5.055452675151173e-06
3251,3.995842416770756e-05,4.439419626578456e-06,1.0247706995869521e-05,5.054259418102447e-06
3252,3.995138831669465e-05,4.438623363967054e-06,1.0247496902593412e-05,5.053053428127896e-06
3253,3.994425060227513e-05,4.437858024175512e-06,1.0247045793221332e-05,5.0518697207735386e-06
3254,3.9937243855092674e-05,4.436935341800563e-06,1.024697303364519e-05,5.050667368777795e-06
3255,3.9930200728122145e-05,4.436159997567302e-06,1.0246631973132025e-05,5.049482297181385e-06
3256,3.992303027189337e-05,4.4353955672704615e-06,1.0246212696074508e-05,5.048284037911799e-06
3257,3.991610719822347e-05,4.434589754964691e-06,1.0246057172480505e-05,5.0470916903577745e-06
3258,3.9908958569867536e-05,4.433788490132429e-06,1.0245687917631585e-05,5.045896159572294e-06
3259,3.990202094428241e-05,4.432927653397201e-06,1.0245548764942214e-05,5.0447088142391294e-06
3260,3.989481774624437e-05,4.432176410773536e-06,1.0245120392937679e-05,5.043504188506631e-06
3261,3.9887796447146684e-05,4.4313142097962555e-06,1.024499761115294e-05,5.0422972890373785e-06
3262,3.9880789699964225e-05,4.430505669006379e-06,1.0244806617265567e-05,5.0410958465363365e-06
3263,3.987380478065461e-05,4.429784894455224e-06,1.0244504665024579e-05,5.039903498982312e-06
3264,3.986662341048941e-05,4.428904048836557e-06,1.0244251825497486e-05,5.038693871028954e-06
3265,3.985961666330695e-05,4.428091870067874e-06,1.0244104487355798e-05,5.037483788328245e-06
3266,3.9852493500802666e-05,4.427261046657804e-06,1.0243862561765127e-05,5.036274160374887e-06
3267,3.984544309787452e-05,4.4265239012020174e-06,1.0243502401863225e-05,5.0350836318102665e-06
3268,3.9838436350692064e-05,4.425671249919105e-06,1.0243378710583784e-05,5.033877187088365e-06
3269,3.983134592999704e-05,4.424839517014334e-06,1.0243144060950726e-05,5.0326725613558665e-06
3270,3.982425914728083e-05,4.4241005525691435e-06,1.0242843927699141e-05,5.0314629334025085e-06
3271,3.9817270589992404e-05,4.423318387125619e-06,1.024260745907668e-05,5.0302692216064315e-06
3272,3.9810038288123906e-05,4.422419806360267e-06,1.0242324606224429e-05,5.029058684158372e-06
3273,3.980304245487787e-05,4.421583525981987e-06,1.0242141797789373e-05,5.027863608120242e-06
3274,3.979598841397092e-05,4.42084137830534e-06,1.024178163788747e-05,5.026673534302972e-06
3275,3.9788959838915616e-05,4.420110144565115e-06,1.0241452400805429e-05,5.025479367759544e-06
3276,3.978186578024179e-05,4.419224296725588e-06,1.0241254130960442e-05,5.024277015763801e-06
3277,3.977482265327126e-05,4.4184212129039224e-06,1.0240999472443946e-05,5.023080120736267e-06
3278,3.97678159060888e-05,4.417723175720312e-06,1.0240673873340711e-05,5.021884135203436e-06
3279,3.9760740037309006e-05,4.416880528879119e-06,1.024046832753811e-05,5.020678145228885e-06
3280,3.975357685703784e-05,4.415986495587276e-06,1.024023185891565e-05,5.0194712457596324e-06
3281,3.974663923145272e-05,4.415319381223526e-06,1.0239917173748836e-05,5.018280262447661e-06
3282,3.9739512430969626e-05,4.414487193571404e-06,1.0239646144327708e-05,5.0170760914625134e-06
3283,3.973235288867727e-05,4.413592250784859e-06,1.0239451512461528e-05,5.015861461288296e-06
3284,3.972524427808821e-05,4.412857833813177e-06,1.0239087714580819e-05,5.014660018787254e-06
3285,3.971820478909649e-05,4.412054295244161e-06,1.023881122819148e-05,5.013467671233229e-06
3286,3.97111834899988e-05,4.411204827192705e-06,1.0238632967229933e-05,5.0122694119636435e-06
3287,3.97041039832402e-05,4.410382643982302e-06,1.0238387403660454e-05,5.0110670599679e-06
3288,3.9697093598078936e-05,4.4097332647652365e-06,1.0238007234875113e-05,5.009870619687717e-06
3289,3.9689926779828966e-05,4.408869699545903e-06,1.0237712558591738e-05,5.0086687224393245e-06
3290,3.9682960050413385e-05,4.407977939990815e-06,1.0237632523057982e-05,5.007469553675037e-06
3291,3.967592419940047e-05,4.407353117130697e-06,1.023716413328657e-05,5.0062812988471705e-06
3292,3.966869553551078e-05,4.406535936141154e-06,1.0236755770165473e-05,5.005081220588181e-06
3293,3.966159056290053e-05,4.405670551932417e-06,1.0236517482553609e-05,5.003880687581841e-06
3294,3.96546492993366e-05,4.404788342071697e-06,1.0236403795715887e-05,5.002691523259273e-06
3295,3.9647471567150205e-05,4.404175342642702e-06,1.023580989567563e-05,5.001496901968494e-06
3296,3.964045026805252e-05,4.403409548103809e-06,1.0235591616947204e-05,5.0002895477518905e-06
3297,3.963340714108199e-05,4.402419108373579e-06,1.0235547961201519e-05,4.9990881052508485e-06
3298,3.962635310017504e-05,4.401684236654546e-06,1.0235155059490353e-05,4.9979025789070874e-06
3299,3.96192044718191e-05,4.401013484311989e-06,1.0234700312139466e-05,4.996697498427238e-06
3300,3.961226320825517e-05,4.400181751407217e-06,1.0234619367111009e-05,4.995492417947389e-06
3301,3.960513640777208e-05,4.39931636719848e-06,1.023433287627995e-05,4.9942973419092596e-06
3302,3.959802052122541e-05,4.398599230626132e-06,1.0233865396003239e-05,4.993110906070797e-06
3303,3.959097375627607e-05,4.39779796579387e-06,1.0233647117274813e-05,4.991905370843597e-06
3304,3.958391971536912e-05,4.3969412217848e-06,1.0233461580355652e-05,4.990703473595204e-06
3305,3.957692388212308e-05,4.396302756504156e-06,1.0233062312181573e-05,4.98951158078853e-06
3306,3.956975706387311e-05,4.39545874542091e-06,1.0232743079541251e-05,4.98831104778219e-06
3307,3.956265572924167e-05,4.39455561718205e-06,1.0232529348286334e-05,4.987114607502008e-06
3308,3.955562351620756e-05,4.3938362068729475e-06,1.0232170097879134e-05,4.985923624190036e-06
3309,3.954858402721584e-05,4.393168183014495e-06,1.0231838132312987e-05,4.984715360478731e-06
3310,3.954138810513541e-05,4.392233677208424e-06,1.0231600754195824e-05,4.9835111894935835e-06
3311,3.9534315874334425e-05,4.391431957628811e-06,1.0231296982965432e-05,4.982317022950156e-06
3312,3.9527287299279124e-05,4.3907280087296385e-06,1.0230925909127109e-05,4.981126949132886e-06
3313,3.9520229620393366e-05,4.390001322462922e-06,1.0230643965769559e-05,4.979916866432177e-06
3314,3.9513175579486415e-05,4.389116838865448e-06,1.0230535735900048e-05,4.978704509994714e-06
3315,3.9506121538579464e-05,4.388316028780537e-06,1.0230265615973622e-05,4.977508524461882e-06
3316,3.949900565203279e-05,4.387545232020784e-06,1.0229866347799543e-05,4.976318905391963e-06
3317,3.949197707697749e-05,4.386806267575594e-06,1.022962351271417e-05,4.975109732185956e-06
3318,3.948489757021889e-05,4.386012278700946e-06,1.0229350664303638e-05,4.9739064706955105e-06
3319,3.947771620005369e-05,4.385297870612703e-06,1.0228855899185874e-05,4.972712304152083e-06
3320,3.947069853893481e-05,4.384417479741387e-06,1.0228683095192537e-05,4.9715195018507075e-06
3321,3.946357173845172e-05,4.3835948417836335e-06,1.0228401151834987e-05,4.970314876118209e-06
3322,3.945646312786266e-05,4.3829054447996896e-06,1.0227962775388733e-05,4.969118435838027e-06
3323,3.944931086152792e-05,4.382118731882656e-06,1.022757169266697e-05,4.967924269294599e-06
3324,3.9442362322006375e-05,4.381308372103376e-06,1.0227398888673633e-05,4.966730557498522e-06
3325,3.943521005567163e-05,4.380431164463516e-06,1.0227116945316084e-05,4.965532752976287e-06
3326,3.9428152376785874e-05,4.379767688078573e-06,1.0226704034721479e-05,4.964335857948754e-06
3327,3.94210874219425e-05,4.378995981824119e-06,1.0226394806522876e-05,4.963139417668572e-06
3328,3.9414029743056744e-05,4.378141056804452e-06,1.0226156518911012e-05,4.9619466153671965e-06
3329,3.940698297810741e-05,4.377359800855629e-06,1.0225856385659426e-05,4.96075335831847e-06
3330,3.939977250411175e-05,4.376594461064087e-06,1.0225461664958857e-05,4.9595432756177615e-06
3331,3.93927693949081e-05,4.375842763693072e-06,1.0225246114714537e-05,4.958336376148509e-06
3332,3.938566806027666e-05,4.375131084088935e-06,1.0224860488960985e-05,4.957135843142169e-06
3333,3.937854853575118e-05,4.374232048576232e-06,1.0224577636108734e-05,4.955947588314302e-06
3334,3.9371472666971385e-05,4.373406227387022e-06,1.0224351171927992e-05,4.954743417329155e-06
3335,3.9364294934784994e-05,4.372706371214008e-06,1.0223874596704263e-05,4.953542884322815e-06
3336,3.9357375499093905e-05,4.3720356188714504e-06,1.0223599929304328e-05,4.952347808284685e-06
3337,3.9350306906271726e-05,4.371113391243853e-06,1.0223458957625553e-05,4.951146365783643e-06
3338,3.9343060052488e-05,4.370270289655309e-06,1.0223063327430282e-05,4.949945378029952e-06
3339,3.9336086047114804e-05,4.369620455690892e-06,1.022268770611845e-05,4.948755758960033e-06
3340,3.9329006540356204e-05,4.368800091469893e-06,1.0222432138107251e-05,4.947554771206342e-06
3341,3.932187973987311e-05,4.3679979171429295e-06,1.022205651679542e-05,4.946365606883774e-06
3342,3.931477840524167e-05,4.367294877738459e-06,1.0221627235296182e-05,4.945170985592995e-06
3343,3.930765524273738e-05,4.366447228676407e-06,1.0221287993772421e-05,4.943984549754532e-06
3344,3.930055390810594e-05,4.365636414149776e-06,1.0221045158687048e-05,4.942774012306472e-06
3345,3.929352533305064e-05,4.364976120996289e-06,1.0220634067081846e-05,4.94158257424715e-06
3346,3.928640217054635e-05,4.364248525234871e-06,1.0220242984360084e-05,4.94038249598816e-06
3347,3.927936631953344e-05,4.363370408100309e-06,1.0220070180366747e-05,4.939185600960627e-06
3348,3.927227953681722e-05,4.362587333162082e-06,1.0219719115411863e-05,4.9379946176486555e-06
3349,3.926515637431294e-05,4.361875198810594e-06,1.0219303476333153e-05,4.936794994137017e-06
3350,3.925806231563911e-05,4.361087576398859e-06,1.0219033356406726e-05,4.935588094667764e-06
3351,3.925105193047784e-05,4.360328603070229e-06,1.0218785973847844e-05,4.934387561661424e-06
3352,3.924388875020668e-05,4.359513695817441e-06,1.021844036586117e-05,4.933187028655084e-06
3353,3.923685653717257e-05,4.358829301054357e-06,1.0218114766757935e-05,4.931982402922586e-06
3354,3.922972973668948e-05,4.357951638667146e-06,1.0217877388640773e-05,4.930779596179491e-06
3355,3.9222530176630244e-05,4.357211309979903e-06,1.0217441740678623e-05,4.9295754251943436e-06
3356,3.92154797737021e-05,4.356479621492326e-06,1.0217112503596582e-05,4.928377620672109e-06
3357,3.9208469388540834e-05,4.355674263933906e-06,1.0216866940027103e-05,4.927185727865435e-06
3358,3.920136805390939e-05,4.354869815870188e-06,1.0216559530817904e-05,4.9259879233432e-06
3359,3.9194244891405106e-05,4.354108114057453e-06,1.0216170267085545e-05,4.924792847305071e-06
3360,3.9187201764434576e-05,4.3534469114092644e-06,1.0215737347607501e-05,4.9236036829825025e-06
3361,3.918006768799387e-05,4.352573796495562e-06,1.0215477232122794e-05,4.922403149976162e-06
3362,3.9172919059637934e-05,4.351730694907019e-06,1.02151216196944e-05,4.921213076158892e-06
3363,3.9165839552879333e-05,4.351000825408846e-06,1.0214715075562708e-05,4.920025276078377e-06
3364,3.915882916771807e-05,4.35030005974113e-06,1.0214366739091929e-05,4.918832473777002e-06
3365,3.91517678508535e-05,4.349567916506203e-06,1.021396747091785e-05,4.91764649268589e-06
3366,3.9144622860476375e-05,4.348707534518326e-06,1.0213658242719248e-05,4.916450961900409e-06
3367,3.913753607776016e-05,4.347903995949309e-06,1.0213353561994154e-05,4.91525588586228e-06
3368,3.9130412915255874e-05,4.347307822172297e-06,1.0212806955678388e-05,4.914059900329448e-06
3369,3.91232424590271e-05,4.346434707258595e-06,1.0212546840193681e-05,4.912852091365494e-06
3370,3.911614476237446e-05,4.345618890511105e-06,1.0212271263299044e-05,4.911651103611803e-06
3371,3.91090870834887e-05,4.344891749497037e-06,1.02118892755243e-05,4.910461484541884e-06
3372,3.910205123247579e-05,4.344215085438918e-06,1.02115300251171e-05,4.9092609515355434e-06
3373,3.909495717380196e-05,4.343371983850375e-06,1.0211324479314499e-05,4.908051778329536e-06
3374,3.9087743061827496e-05,4.3426325646578334e-06,1.0210851542069577e-05,4.906852154817898e-06
3375,3.908073631464504e-05,4.3418995119282044e-06,1.0210556865786202e-05,4.9056561692850664e-06
3376,3.907349309884012e-05,4.341040039435029e-06,1.0210234904661775e-05,4.904443812847603e-06
3377,3.906656274921261e-05,4.340354280429892e-06,1.0209951142314821e-05,4.903251465293579e-06
3378,3.9059574191924185e-05,4.3396480577939656e-06,1.0209608262812253e-05,4.9020632104657125e-06
3379,3.905227276845835e-05,4.338782673585229e-06,1.0209167157881893e-05,4.900864496448776e-06
3380,3.9045262383297086e-05,4.33802915722481e-06,1.0208919775323011e-05,4.899662144453032e-06
3381,3.9038044633343816e-05,4.337287919042865e-06,1.0208408639300615e-05,4.8984702516463585e-06
3382,3.903089964296669e-05,4.336605343269184e-06,1.0207892046310008e-05,4.8972806325764395e-06
3383,3.902389289578423e-05,4.335672201705165e-06,1.0207802915829234e-05,4.8960832828015555e-06
3384,3.901673335349187e-05,4.335000539867906e-06,1.0207215382251889e-05,4.894903668173356e-06
3385,3.900972296833061e-05,4.334335244493559e-06,1.0206854312855285e-05,4.893706318398472e-06
3386,3.900260344380513e-05,4.333410743129207e-06,1.0206656952505e-05,4.8925066948868334e-06
3387,3.89955093851313e-05,4.332712251198245e-06,1.0206204024143517e-05,4.891318894806318e-06
3388,3.8988371670711786e-05,4.332059688749723e-06,1.0205673788732383e-05,4.890127911494346e-06
3389,3.898136492352933e-05,4.3311570152582135e-06,1.0205592843703926e-05,4.888923285761848e-06
3390,3.897414717357606e-05,4.3303557504259516e-06,1.020519539451925e-05,4.887719569524052e-06
3391,3.8967082218732685e-05,4.329742296249606e-06,1.0204648788203485e-05,4.886538135906449e-06
3392,3.895994450431317e-05,4.328916020313045e-06,1.020437957777176e-05,4.885329872195143e-06
3393,3.895284316968173e-05,4.328073373471852e-06,1.020411218632944e-05,4.884131612925557e-06
3394,3.894576366292313e-05,4.327424903749488e-06,1.0203644706052728e-05,4.882938355876831e-06
3395,3.893868051818572e-05,4.326737780502299e-06,1.0203217243542895e-05,4.881745098828105e-06
3396,3.893154644174501e-05,4.3257819015707355e-06,1.0203044439549558e-05,4.880544111074414e-06
3397,3.892437962349504e-05,4.325098416302353e-06,1.0202551493421197e-05,4.879346306552179e-06
3398,3.891721280524507e-05,4.3244363041594625e-06,1.0201995792158414e-05,4.878156232734909e-06
3399,3.891022424795665e-05,4.323605480749393e-06,1.0201845725532621e-05,4.876954790233867e-06
3400,3.890309017151594e-05,4.322819677327061e-06,1.0201485565630719e-05,4.875756530964281e-06
3401,3.889592699124478e-05,4.322139830037486e-06,1.0200970791629516e-05,4.874563273915555e-06
3402,3.888886567438021e-05,4.321433607401559e-06,1.0200581527897157e-05,4.873370016866829e-06
3403,3.8881797081558034e-05,4.320476364227943e-06,1.0200504220847506e-05,4.8721635721449275e-06
3404,3.887461207341403e-05,4.319795607443666e-06,1.019995215756353e-05,4.870973043580307e-06
3405,3.886753256665543e-05,4.3192453631490935e-06,1.0199348253081553e-05,4.8697884267312475e-06
3406,3.886042031808756e-05,4.318283572501969e-06,1.0199230018770322e-05,4.868581072514644e-06
3407,3.885328260366805e-05,4.317442289902829e-06,1.019887986331014e-05,4.867392362939427e-06
3408,3.8846133975312114e-05,4.316892955102958e-06,1.019821866066195e-05,4.866204562858911e-06
3409,3.883903627865948e-05,4.316030299378326e-06,1.0197995834460016e-05,4.865002210863167e-06
3410,3.8831971323816106e-05,4.315258593123872e-06,1.0197734809480608e-05,4.863795766141266e-06
3411,3.882485179929063e-05,4.3146269490534905e-06,1.0197248229815159e-05,4.862595687882276e-06
3412,3.881781594827771e-05,4.313836143410299e-06,1.0196998118772171e-05,4.861396519117989e-06
3413,3.881054726662114e-05,4.312998498789966e-06,1.0196547009400092e-05,4.860200533585157e-06
3414,3.880350413965061e-05,4.312280907470267e-06,1.0196200491918717e-05,4.859004548052326e-06
3415,3.879643190884963e-05,4.311640168452868e-06,1.0195737559115514e-05,4.857810381508898e-06
3416,3.8789254176663235e-05,4.310816621000413e-06,1.0195393770118244e-05,4.856608939007856e-06
3417,3.878216375596821e-05,4.309990799811203e-06,1.019512001221301e-05,4.855410224990919e-06
3418,3.877499693771824e-05,4.3091999941680115e-06,1.0194715287070721e-05,4.854216058447491e-06
3419,3.876796108670533e-05,4.308632014726754e-06,1.0194198694080114e-05,4.8530259846302215e-06
3420,3.876082337228581e-05,4.3078098315163516e-06,1.01939349406166e-05,4.851815901929513e-06
3421,3.8753689295845106e-05,4.306978553358931e-06,1.0193587513640523e-05,4.85062446387019e-06
3422,3.874656977131963e-05,4.306346454541199e-06,1.0193056368734688e-05,4.849433935305569e-06
3423,3.873948298860341e-05,4.305547918193042e-06,1.019273986457847e-05,4.848239314014791e-06
3424,3.8732425309717655e-05,4.3048580664617475e-06,1.0192373338213656e-05,4.84703878100845e-06
3425,3.8725222111679614e-05,4.304101821617223e-06,1.0191884939558804e-05,4.845847342949128e-06
3426,3.87180843972601e-05,4.30335649070912e-06,1.0191441106144339e-05,4.844657269131858e-06
3427,3.871098306262866e-05,4.302566594560631e-06,1.0191122782998718e-05,4.843458555114921e-06
3428,3.870380169246346e-05,4.301872195355827e-06,1.0190639841312077e-05,4.842258022108581e-06
3429,3.869665670208633e-05,4.301098215364618e-06,1.0190275133936666e-05,4.84105703435489e-06
3430,3.868949715979397e-05,4.300356977182673e-06,1.0189833119511604e-05,4.839861048822058e-06
3431,3.8682450394844636e-05,4.29954980063485e-06,1.018963121168781e-05,4.838653694605455e-06
3432,3.867537452606484e-05,4.298853582440643e-06,1.0189197382715065e-05,4.837464985030238e-06
3433,3.8668265915475786e-05,4.298215117159998e-06,1.018871262203902e-05,4.836267180508003e-06
3434,3.86611936846748e-05,4.297389750718139e-06,1.018848706735298e-05,4.835063009522855e-06
3435,3.86539613828063e-05,4.296582574170316e-06,1.0188052328885533e-05,4.83386520500062e-06
3436,3.8646932807751e-05,4.295879989513196e-06,1.0187668522121385e-05,4.832676950172754e-06
3437,3.863972960971296e-05,4.295239250495797e-06,1.0187084626522847e-05,4.831480964639923e-06
3438,3.8632642826996744e-05,4.29433794124634e-06,1.0186900908593088e-05,4.830280431633582e-06
3439,3.8625548768322915e-05,4.293717665859731e-06,1.0186377039644867e-05,4.829091267311014e-06
3440,3.861843651975505e-05,4.293005076760892e-06,1.018594775814563e-05,4.827897100767586e-06
3441,3.86111787520349e-05,4.292017820262117e-06,1.0185638529947028e-05,4.826704298466211e-06
3442,3.8604172004852444e-05,4.29153715231223e-06,1.0185040991927963e-05,4.825519226869801e-06
3443,3.85970197385177e-05,4.290741344448179e-06,1.0184650818700902e-05,4.824325060326373e-06
3444,3.858990748994984e-05,4.289955086278496e-06,1.0184279744862579e-05,4.8231345317617524e-06
3445,3.858278796542436e-05,4.2891374505416024e-06,1.0183934136875905e-05,4.82194309370243e-06
3446,3.85756793548353e-05,4.2885721995844506e-06,1.0183349331782665e-05,4.8207512008957565e-06
3447,3.85685489163734e-05,4.2877272790065035e-06,1.0183075573877431e-05,4.819548848900013e-06
3448,3.8561440305784345e-05,4.287064257368911e-06,1.0182586265727878e-05,4.818357865588041e-06
3449,3.855416434817016e-05,4.286158855393296e-06,1.018220245896373e-05,4.817160970560508e-06
3450,3.854709939332679e-05,4.285508111934178e-06,1.0181755897065159e-05,4.815967258764431e-06
3451,3.854003080050461e-05,4.284785063646268e-06,1.0181444849877153e-05,4.814760359295178e-06
3452,3.85329476557672e-05,4.284097940399079e-06,1.0181020115851425e-05,4.8135657380043995e-06
3453,3.8525700801983476e-05,4.283282123651588e-06,1.0180572644458152e-05,4.812368842976866e-06
3454,3.851850124192424e-05,4.282505415176274e-06,1.018013063003309e-05,4.811173312191386e-06
3455,3.8511454476974905e-05,4.281888777768472e-06,1.0179656783293467e-05,4.809981419384712e-06
3456,3.850433131447062e-05,4.281117071514018e-06,1.0179284799960442e-05,4.808785888599232e-06
3457,3.849723725579679e-05,4.280368102627108e-06,1.0178870979871135e-05,4.80759990750812e-06
3458,3.849001950584352e-05,4.27963050242397e-06,1.0178351658396423e-05,4.806407105206745e-06
3459,3.848283813567832e-05,4.278818323655287e-06,1.0177946023759432e-05,4.805215212400071e-06
3460,3.847570769721642e-05,4.278188043826958e-06,1.0177463991567492e-05,4.804011496162275e-06
3461,3.8468635466415435e-05,4.277335847291397e-06,1.0177205695072189e-05,4.8028186938609e-06
3462,3.8461541407741606e-05,4.276647359802155e-06,1.0176807336392812e-05,4.801616796612507e-06
3463,3.8454301829915494e-05,4.2759397729241755e-06,1.0176261639571749e-05,4.8004199015849736e-06
3464,3.844728780677542e-05,4.275265382602811e-06,1.0175906027143355e-05,4.79922300655744e-06
3465,3.844013554044068e-05,4.274448656360619e-06,1.0175546776736155e-05,4.798027930519311e-06
3466,3.843294325633906e-05,4.273689683031989e-06,1.0175100214837585e-05,4.796830580744427e-06
3467,3.842578735202551e-05,4.273064860171871e-06,1.0174515409744345e-05,4.795640961674508e-06
3468,3.8418711483245715e-05,4.272271326044574e-06,1.0174190720135812e-05,4.794449978362536e-06
3469,3.841155194095336e-05,4.271522811905015e-06,1.0173751434194855e-05,4.793255811819108e-06
3470,3.840446152025834e-05,4.270722456567455e-06,1.0173414011660498e-05,4.7920648285071366e-06
3471,3.839735290966928e-05,4.2701963138824794e-06,1.0172809197683819e-05,4.790869297721656e-06
3472,3.839021155727096e-05,4.269380042387638e-06,1.0172490874538198e-05,4.789668309967965e-06
3473,3.838298289338127e-05,4.2685019252530765e-06,1.0172085239901207e-05,4.788479145645397e-06
3474,3.837599797407165e-05,4.267947133484995e-06,1.017158865579404e-05,4.787291800312232e-06
3475,3.836874384433031e-05,4.267118129064329e-06,1.0171208487008698e-05,4.786083081853576e-06
3476,3.836146788671613e-05,4.266385985829402e-06,1.0170658242714126e-05,4.784885277331341e-06
3477,3.835443203570321e-05,4.265766619937494e-06,1.0170176210522186e-05,4.783697477250826e-06
3478,3.8347308873198926e-05,4.2648807720979676e-06,1.0169909728574567e-05,4.782503765454749e-06
3479,3.834017843473703e-05,4.264230028638849e-06,1.0169422239414416e-05,4.781305506185163e-06
3480,3.833305527223274e-05,4.2635992940631695e-06,1.0168867447646335e-05,4.780117706104647e-06
3481,3.8325932109728456e-05,4.2627143557183444e-06,1.0168607332161628e-05,4.778921720571816e-06
3482,3.8318714359775186e-05,4.2620936255843844e-06,1.0167956133955158e-05,4.777732556249248e-06
3483,3.831167487078346e-05,4.261353296897141e-06,1.016762325889431e-05,4.776539753947873e-06
3484,3.830442074104212e-05,4.2605470298440196e-06,1.0167190339416265e-05,4.775336947204778e-06
3485,3.8297250284813344e-05,4.259900379111059e-06,1.0166639185626991e-05,4.774142325913999e-06
3486,3.829017805401236e-05,4.259208708390361e-06,1.0166160791413859e-05,4.772961347043747e-06
3487,3.828306216746569e-05,4.258348781149834e-06,1.0165953426621854e-05,4.771751719090389e-06
3488,3.827592809102498e-05,4.25773077949998e-06,1.0165391358896159e-05,4.770561190525768e-06
3489,3.826874672085978e-05,4.257045475242194e-06,1.0164862032979727e-05,4.769367933477042e-06
3490,3.826160173048265e-05,4.256147349224193e-06,1.0164614650420845e-05,4.768167855218053e-06
3491,3.825439853244461e-05,4.255534349795198e-06,1.0163963452214375e-05,4.766980055137537e-06
3492,3.824734449153766e-05,4.254874056641711e-06,1.0163527804252226e-05,4.765788617078215e-06
3493,3.8240170397330076e-05,4.254020495864097e-06,1.016321220959071e-05,4.764587629324524e-06
3494,3.823316365014762e-05,4.253354290995048e-06,1.016274018184049e-05,4.763413926411886e-06
3495,3.822581493295729e-05,4.252678991178982e-06,1.0162024409510195e-05,4.762222488352563e-06
3496,3.821864811470732e-05,4.251834980095737e-06,1.0161675163544714e-05,4.761027412314434e-06
3497,3.821153222816065e-05,4.251093741913792e-06,1.0161209502257407e-05,4.7598459786968306e-06
3498,3.820438723778352e-05,4.250419351592427e-06,1.0160741112485994e-05,4.758645900437841e-06
3499,3.819720586761832e-05,4.2497649701545015e-06,1.0160190868191421e-05,4.757450369652361e-06
3500,3.8190122722880915e-05,4.248931418260327e-06,1.0159879821003415e-05,4.756262114824494e-06
3501,3.818302138824947e-05,4.2482711251068395e-06,1.0159365047002211e-05,4.755077043228084e-06
3502,3.8175912777660415e-05,4.247548531566281e-06,1.0158921213587746e-05,4.753888788400218e-06
3503,3.816862590610981e-05,4.246846856403863e-06,1.0158355507883243e-05,4.752685072162421e-06
3504,3.816159733105451e-05,4.2461642806301825e-06,1.0157982615055516e-05,4.751489996124292e-06
3505,3.815429226960987e-05,4.245320724294288e-06,1.0157447832170874e-05,4.750304469780531e-06
3506,3.8147267332533374e-05,4.244619958626572e-06,1.0157084034290165e-05,4.749112576973857e-06
3507,3.8140125980135053e-05,4.244007413944928e-06,1.0156572898267768e-05,4.747908860736061e-06
3508,3.813295916188508e-05,4.243226157996105e-06,1.015614270727383e-05,4.746717877424089e-06
3509,3.812575596384704e-05,4.242427621647948e-06,1.0155657946597785e-05,4.745534624817083e-06
3510,3.8118647353257984e-05,4.241799160809023e-06,1.015518319036346e-05,4.744333182316041e-06
3511,3.811154601862654e-05,4.241018814354902e-06,1.0154915798921138e-05,4.743121735373279e-06
3512,3.8104284612927586e-05,4.240359430696117e-06,1.0154288247576915e-05,4.741928023577202e-06
3513,3.8097230572020635e-05,4.2396236494823825e-06,1.0153862604056485e-05,4.7407488636963535e-06
3514,3.80899800802581e-05,4.23882738687098e-06,1.015339876175858e-05,4.7395510591741186e-06
3515,3.808277688222006e-05,4.2381652747280896e-06,1.0152840332011692e-05,4.738354164146585e-06
3516,3.807568282354623e-05,4.237464963807724e-06,1.0152422873943578e-05,4.737159088108456e-06
3517,3.8068610592745245e-05,4.236734639562201e-06,1.0152046343137044e-05,4.7359662858070806e-06
3518,3.8061392842791975e-05,4.235993856127607e-06,1.0151519745704718e-05,4.734776211989811e-06
3519,3.80542223865632e-05,4.235264896124136e-06,1.0151034075533971e-05,4.733584319183137e-06
3520,3.804702282650396e-05,4.234593689034227e-06,1.0150498383154627e-05,4.732386514660902e-06
3521,3.803984509431757e-05,4.2338956518506166e-06,1.0149954505322967e-05,4.731199169327738e-06
3522,3.8032660086173564e-05,4.233104391460074e-06,1.0149507033929694e-05,4.730009550257819e-06
3523,3.8025493267923594e-05,4.23241499447613e-06,1.0148994988412596e-05,4.728816293209093e-06
3524,3.801835919148289e-05,4.231696038914379e-06,1.014852023217827e-05,4.727628493128577e-06
3525,3.801121056312695e-05,4.230962531437399e-06,1.0148085493710823e-05,4.726432507595746e-06
3526,3.800419653998688e-05,4.230302238283912e-06,1.0147669854632113e-05,4.72524470751523e-06
3527,3.799692785833031e-05,4.22953689849237e-06,1.0147144166694488e-05,4.724049631477101e-06
3528,3.798973557422869e-05,4.228779289405793e-06,1.0146644854103215e-05,4.722862286143936e-06
3529,3.79825578420423e-05,4.228113994031446e-06,1.0146087333851028e-05,4.7216717575793155e-06
3530,3.79754783352837e-05,4.227444605930941e-06,1.0145614396606106e-05,4.7204839574988e-06
3531,3.79681951017119e-05,4.226662895234767e-06,1.0145111446036026e-05,4.719283879239811e-06
3532,3.7960970075801015e-05,4.225898919685278e-06,1.0144598491024226e-05,4.718094260169892e-06
3533,3.795399607042782e-05,4.225271368341055e-06,1.0144160114577971e-05,4.7169132812996395e-06
3534,3.794681470026262e-05,4.224538315611426e-06,1.014369263430126e-05,4.715716841019457e-06
3535,3.793967698584311e-05,4.223792075208621e-06,1.0143228792003356e-05,4.714531314675696e-06
3536,3.793243377003819e-05,4.223111318424344e-06,1.0142608516616747e-05,4.713342605100479e-06
3537,3.79252596758306e-05,4.222405095788417e-06,1.0142063729290385e-05,4.71215798825142e-06
3538,3.791804556385614e-05,4.221635208523367e-06,1.0141560778720304e-05,4.710969733423553e-06
3539,3.791090421145782e-05,4.220933533360949e-06,1.0141082384507172e-05,4.70977784061688e-06
3540,3.790370828937739e-05,4.220253231324023e-06,1.0140525773749687e-05,4.7085859478102066e-06
3541,3.789662878261879e-05,4.219517450110288e-06,1.014015288092196e-05,4.707391781266779e-06
3542,3.788956382777542e-05,4.218740286887623e-06,1.0139810910914093e-05,4.7062030716915615e-06
3543,3.7882236938457936e-05,4.21816412199405e-06,1.0139032383449376e-05,4.705008450400783e-06
3544,3.7875084672123194e-05,4.217450623400509e-06,1.0138573998119682e-05,4.703812464867951e-06
3545,3.7867888750042766e-05,4.216647084831493e-06,1.0138173820450902e-05,4.702613750851015e-06
3546,3.786081651924178e-05,4.215997250867076e-06,1.013770634017419e-05,4.701422312791692e-06
3547,3.7853580579394475e-05,4.215319677314255e-06,1.013713699649088e-05,4.700224963016808e-06
3548,3.784631553571671e-05,4.214515683997888e-06,1.0136675882677082e-05,4.699024430010468e-06
3549,3.783921056310646e-05,4.213851752865594e-06,1.0136203854926862e-05,4.697831172961742e-06
3550,3.78320983145386e-05,4.2131482587137725e-06,1.0135721822734922e-05,4.6966461013653316e-06
3551,3.782485146075487e-05,4.2123874663957395e-06,1.0135241609532386e-05,4.6954446588642895e-06
3552,3.781775740208104e-05,4.21171080233762e-06,1.0134737749467604e-05,4.694261861004634e-06
3553,3.7810550566064194e-05,4.2110455069632735e-06,1.0134137482964434e-05,4.6930736061767675e-06
3554,3.780337647185661e-05,4.2103206396859605e-06,1.0133659088751301e-05,4.69187943963334e-06
3555,3.779620601562783e-05,4.209587132208981e-06,1.0133168871107046e-05,4.6906902753107715e-06
3556,3.778898826567456e-05,4.208834980090614e-06,1.0132594070455525e-05,4.689512024924625e-06
3557,3.778188693104312e-05,4.20818105340004e-06,1.013210385281127e-05,4.688320132117951e-06
3558,3.777471283683553e-05,4.207453912385972e-06,1.0131629096576944e-05,4.687126420321874e-06
3559,3.776755329454318e-05,4.20671904066694e-06,1.0131194358109497e-05,4.685928615799639e-06
3560,3.77603319066111e-05,4.20604192186147e-06,1.013056498777587e-05,4.684744908445282e-06
3561,3.775314326048829e-05,4.205324330541771e-06,1.013005748973228e-05,4.683552560891258e-06
3562,3.774596189032309e-05,4.204598099022405e-06,1.0129579095519148e-05,4.682357030105777e-06
3563,3.773872595047578e-05,4.203919161227532e-06,1.012896427710075e-05,4.681168775277911e-06
3564,3.7731580960098654e-05,4.2031911107187625e-06,1.012850771076046e-05,4.679976882471237e-06
3565,3.772438503801823e-05,4.202423497190466e-06,1.0128048415936064e-05,4.678782261180459e-06
3566,3.771725459955633e-05,4.201807769277366e-06,1.0127458153874613e-05,4.677597644331399e-06
3567,3.771002229768783e-05,4.2010965444205794e-06,1.0126919733011164e-05,4.676401658798568e-06
3568,3.770276452996768e-05,4.200333933113143e-06,1.0126370398211293e-05,4.675212039728649e-06
3569,3.7695692299166694e-05,4.199688646622235e-06,1.012588654702995e-05,4.674023330153432e-06
3570,3.7688521842937917e-05,4.198974693281343e-06,1.012536358757643e-05,4.672836894314969e-06
3571,3.768134774873033e-05,4.198261649435153e-06,1.0124878826900385e-05,4.671641818276839e-06
3572,3.767418456845917e-05,4.1975995372922625e-06,1.0124314940185286e-05,4.670454018196324e-06
3573,3.766695226659067e-05,4.196843292447738e-06,1.0123764695890713e-05,4.669268946599914e-06
3574,3.765983274206519e-05,4.196121153654531e-06,1.0123325409949757e-05,4.668077508540591e-06
3575,3.765271685551852e-05,4.1954567677748855e-06,1.0122758794750553e-05,4.666900167649146e-06
3576,3.764543362194672e-05,4.194752364128362e-06,1.01221157819964e-05,4.665712822315982e-06
3577,3.76381394744385e-05,4.193927452433854e-06,1.0121601917489897e-05,4.66452183900401e-06
3578,3.763109998544678e-05,4.193325366941281e-06,1.0121060768142343e-05,4.663342679123161e-06
3579,3.762393316719681e-05,4.192741926090093e-06,1.0120455044670962e-05,4.662147603085032e-06
3580,3.761666448554024e-05,4.191865173197584e-06,1.0120027582161129e-05,4.6609548007836565e-06
3581,3.7609417631756514e-05,4.1912312553904485e-06,1.0119343642145395e-05,4.659768819692545e-06
3582,3.7602338124997914e-05,4.190551408100873e-06,1.0118903446709737e-05,4.65857647213852e-06
3583,3.7595105823129416e-05,4.1896851143974345e-06,1.01185250969138e-05,4.657378667616285e-06
3584,3.7587975384667516e-05,4.189152150502196e-06,1.0117884812643752e-05,4.656187684304314e-06
3585,3.7580772186629474e-05,4.188476850686129e-06,1.0117331839865074e-05,4.654992608266184e-06
3586,3.7573590816464275e-05,4.18760009779362e-06,1.0116958947037347e-05,4.653806172427721e-06
3587,3.7566296668956056e-05,4.186999376543099e-06,1.0116238627233543e-05,4.6526120058842935e-06
3588,3.7559144402621314e-05,4.186309070064453e-06,1.011573476716876e-05,4.65142011307762e-06
3589,3.755197030841373e-05,4.1856355892377906e-06,1.0115201803273521e-05,4.650226401281543e-06
3590,3.754467979888432e-05,4.184869339951547e-06,1.0114613360201474e-05,4.649039510695729e-06
3591,3.753761120606214e-05,4.184188128419919e-06,1.0114151336892974e-05,4.647853984351968e-06
3592,3.753041528398171e-05,4.183478722552536e-06,1.0113664757227525e-05,4.64665436084033e-06
3593,3.7523102946579456e-05,4.182791599305347e-06,1.0113039934367407e-05,4.6454542825813405e-06
3594,3.751600524992682e-05,4.182149950793246e-06,1.0112506060977466e-05,4.644270120479632e-06
3595,3.750884206965566e-05,4.181408712611301e-06,1.0112047675647773e-05,4.643077318178257e-06
3596,3.750160612980835e-05,4.180584710411495e-06,1.0111582014360465e-05,4.641887699108338e-06
3597,3.7494395655812696e-05,4.180107680440415e-06,1.0110750736203045e-05,4.640707174985437e-06
3598,3.7487116060219705e-05,4.179380994173698e-06,1.011019958241377e-05,4.639507551473798e-06
3599,3.7480036553461105e-05,4.17852015743847e-06,1.0109913091582712e-05,4.6383211156353354e-06
3600,3.747277514776215e-05,4.177926257398212e-06,1.010910182230873e-05,4.637149686459452e-06
3601,3.746562288142741e-05,4.177259143034462e-06,1.0108578862855211e-05,4.635957338905428e-06
3602,3.745846333913505e-05,4.176489255769411e-06,1.0108222340932116e-05,4.634749984688824e-06
3603,3.745127105503343e-05,4.175823505647713e-06,1.0107560228789225e-05,4.633577646018239e-06
3604,3.7444049667101353e-05,4.175095455138944e-06,1.0107014531968161e-05,4.632387572200969e-06
3605,3.743682100321166e-05,4.174515652266564e-06,1.010636242426699e-05,4.631188403436681e-06
3606,3.742959233932197e-05,4.173689831077354e-06,1.0106004992849194e-05,4.629979230230674e-06
3607,3.7422392779262736e-05,4.1730750126589555e-06,1.0105342880706303e-05,4.628795068128966e-06
3608,3.741524778888561e-05,4.1723942558746785e-06,1.0104799912369344e-05,4.6276109060272574e-06
3609,3.7408008211059496e-05,4.171554337517591e-06,1.0104421562573407e-05,4.626406280294759e-06
3610,3.7400852306745946e-05,4.171003638475668e-06,1.0103675776917953e-05,4.625234851118876e-06
3611,3.73936964024324e-05,4.1703433453221805e-06,1.0103147360496223e-05,4.624041139322799e-06
3612,3.738633677130565e-05,4.169459316472057e-06,1.0102702617587056e-05,4.622835149348248e-06
3613,3.7379199056886137e-05,4.168899522483116e-06,1.0101943189511076e-05,4.6216709961299784e-06
3614,3.7372032238636166e-05,4.16824514104519e-06,1.0101373845827766e-05,4.620482286554761e-06
3615,3.736484723049216e-05,4.167370661889436e-06,1.0101040970766917e-05,4.619287210516632e-06
3616,3.735762584256008e-05,4.166799499216722e-06,1.0100274266733322e-05,4.6181098696251865e-06
3617,3.73504517483525e-05,4.1661096474854276e-06,1.0099716746481135e-05,4.616925252776127e-06
3618,3.7343150324886665e-05,4.1653570406197105e-06,1.0099125574924983e-05,4.615733814716805e-06
3619,3.733597986865789e-05,4.164697656960925e-06,1.009859533951385e-05,4.6145373744366225e-06
3620,3.732878394657746e-05,4.164061920164386e-06,1.0097930498886853e-05,4.613358669303125e-06
3621,3.732160621439107e-05,4.1632783904788084e-06,1.0097471204062458e-05,4.61217132396996e-06
3622,3.73143884644378e-05,4.162599907431286e-06,1.0096886398969218e-05,4.6109803406579886e-06
3623,3.730718162842095e-05,4.161955075687729e-06,1.0096306141349487e-05,4.609784355125157e-06
3624,3.7300007534213364e-05,4.1612988752604e-06,1.0095705874846317e-05,4.6086006477708e-06
3625,3.729275340447202e-05,4.16045759266126e-06,1.0095206562255044e-05,4.607417849911144e-06
3626,3.7285557482391596e-05,4.159822310612071e-06,1.0094628123624716e-05,4.606221864378313e-06
3627,3.727828152477741e-05,4.159145191806601e-06,1.009399420581758e-05,4.605028152582236e-06
3628,3.72710419469513e-05,4.1585035432945006e-06,1.0093326636706479e-05,4.603842626238475e-06
3629,3.72639115084894e-05,4.157721377850976e-06,1.0092944648931734e-05,4.6026493691897485e-06
3630,3.725674105226062e-05,4.1569937820895575e-06,1.0092402590089478e-05,4.601469299814198e-06
3631,3.7249508750392124e-05,4.156458999204915e-06,1.0091614967677742e-05,4.600286956701893e-06
3632,3.724218549905345e-05,4.155593160248827e-06,1.0091158401337452e-05,4.599086878442904e-06
3633,3.723509144037962e-05,4.155014266871149e-06,1.0090590876643546e-05,4.597897259372985e-06
3634,3.722785913851112e-05,4.154293492319994e-06,1.009000789053971e-05,4.596711278281873e-06
3635,3.722058318089694e-05,4.153624104219489e-06,1.0089340321428608e-05,4.5955239329487085e-06
3636,3.721346001839265e-05,4.1529201553203166e-06,1.0088904673466459e-05,4.594327492668526e-06
3637,3.720622044056654e-05,4.152273959334707e-06,1.0088240742334165e-05,4.5931410568300635e-06
3638,3.719904270838015e-05,4.151559551246464e-06,1.008766867016675e-05,4.5919632611912675e-06
3639,3.719178857863881e-05,4.150827408011537e-06,1.0087132977787405e-05,4.5907659114163835e-06
3640,3.718453808687627e-05,4.150137556280242e-06,1.0086507245432585e-05,4.58957902083057e-06
3641,3.717726212926209e-05,4.149488177063176e-06,1.0085825124406256e-05,4.588389401760651e-06
3642,3.717009531101212e-05,4.148721018282231e-06,1.0085355825140141e-05,4.587203420669539e-06
3643,3.716281571541913e-05,4.148054358665831e-06,1.0084681889566127e-05,4.586016075336374e-06
3644,3.7155670725042e-05,4.147363142692484e-06,1.0084169844049029e-05,4.584827365761157e-06
3645,3.7148471164982766e-05,4.146766968915472e-06,1.0083532288263086e-05,4.583634563459782e-06
3646,3.714119520736858e-05,4.145966158830561e-06,1.0083000233862549e-05,4.582445853884565e-06
3647,3.713404657901265e-05,4.145352249906864e-06,1.0082399967359379e-05,4.581258963298751e-06
3648,3.712677425937727e-05,4.14463693232392e-06,1.0081776963488664e-05,4.5800716179655865e-06
3649,3.711949102580547e-05,4.143915703025414e-06,1.0081156688102055e-05,4.578883817885071e-06
3650,3.711233875947073e-05,4.143294063396752e-06,1.0080557331093587e-05,4.577697382046608e-06
3651,3.710507007781416e-05,4.142587386013474e-06,1.007993796520168e-05,4.576509127218742e-06
3652,3.709786687977612e-05,4.141830231674248e-06,1.007940500130644e-05,4.575326329359086e-06
3653,3.709066368173808e-05,4.141158115089638e-06,1.0078794730361551e-05,4.574141712510027e-06
3654,3.708349686348811e-05,4.14065652876161e-06,1.0078087143483572e-05,4.572951183945406e-06
3655,3.7076282751513645e-05,4.139756129006855e-06,1.0077690603793599e-05,4.571767021843698e-06
3656,3.706893767230213e-05,4.1389898797206115e-06,1.0077030310640112e-05,4.570583769236691e-06
3657,3.706177813000977e-05,4.138615167903481e-06,1.0076160833705217e-05,4.569400061882334e-06
3658,3.705453855218366e-05,4.1376838453288656e-06,1.0075848877022509e-05,4.568201347865397e-06
3659,3.7047262594569474e-05,4.137026735406835e-06,1.0075127647724003e-05,4.567021733237198e-06
3660,3.7040157621959224e-05,4.136481038585771e-06,1.0074445526697673e-05,4.565846211335156e-06
3661,3.703280526679009e-05,4.135586550546577e-06,1.0074012607219629e-05,4.564641130855307e-06
3662,3.702559843077324e-05,4.135073140787426e-06,1.0073263183585368e-05,4.56345242128009e-06
3663,3.701840614667162e-05,4.134484242968028e-06,1.0072562872665003e-05,4.5622718971571885e-06
3664,3.7011173844803125e-05,4.1334583329444285e-06,1.0072313671116717e-05,4.561080004350515e-06
3665,3.70039269910194e-05,4.132896719966084e-06,1.0071531505673192e-05,4.559899480227614e-06
3666,3.6996701965108514e-05,4.132441517867846e-06,1.0070749340229668e-05,4.55870213045273e-06
3667,3.698946602526121e-05,4.131491550651845e-06,1.007040191325359e-05,4.557514785119565e-06
3668,3.698224463732913e-05,4.130853540118551e-06,1.006965794658754e-05,4.556346084427787e-06
3669,3.697505599120632e-05,4.130323759454768e-06,1.0068932169815525e-05,4.555160103336675e-06
3670,3.6967892810935155e-05,4.12942699767882e-06,1.0068645678984467e-05,4.553964117803844e-06
3671,3.696059138746932e-05,4.128943601244828e-06,1.0067689800052904e-05,4.5527913243859075e-06
3672,3.6953395465388894e-05,4.1282114580099005e-06,1.0067125003843103e-05,4.551612164505059e-06
3673,3.694614133564755e-05,4.127305601286935e-06,1.0066698450827971e-05,4.550427547656e-06
3674,3.693881808430888e-05,4.1268936001870316e-06,1.0065724382002372e-05,4.549240202322835e-06
3675,3.693162580020726e-05,4.126219664613018e-06,1.0065139576909132e-05,4.5480533117370214e-06
3676,3.692438986035995e-05,4.1253319977840874e-06,1.006471757136751e-05,4.546868240140611e-06
3677,3.691711026476696e-05,4.1246626096835826e-06,1.0064020898425952e-05,4.545684987533605e-06
3678,3.690987796289846e-05,4.1242301449528895e-06,1.0063154149975162e-05,4.544498551695142e-06
3679,3.6902609281241894e-05,4.123322014493169e-06,1.0062803085020278e-05,4.543296654446749e-06
3680,3.689562072395347e-05,4.122736754652578e-06,1.0062267392640933e-05,4.542123406281462e-06
3681,3.688821379910223e-05,4.122066457057372e-06,1.0061446118925232e-05,4.540940153674455e-06
3682,3.6880916013615206e-05,4.121319307159865e-06,1.006091133604059e-05,4.53973689218401e-06
3683,3.6873738281428814e-05,4.120744506508345e-06,1.0060337444883771e-05,4.538531811704161e-06
3684,3.686651325551793e-05,4.120058747503208e-06,1.005961348710116e-05,4.537368567980593e-06
3685,3.6859302781522274e-05,4.119186087336857e-06,1.0059174201160204e-05,4.536188498605043e-06
3686,3.6852008634014055e-05,4.118608558201231e-06,1.005847479973454e-05,4.534985237114597e-06
3687,3.6844801797997206e-05,4.117991920793429e-06,1.0057794497697614e-05,4.533803348749643e-06
3688,3.6837584048043936e-05,4.117247954127379e-06,1.0057201507152058e-05,4.5326269173529e-06
3689,3.683032264234498e-05,4.1165958464262076e-06,1.0056493920274079e-05,4.531446393229999e-06
3690,3.68230976164341e-05,4.11583778259228e-06,1.0055993698188104e-05,4.530252681433922e-06
3691,3.681583984871395e-05,4.115361207368551e-06,1.0055089660454541e-05,4.529077614279231e-06
3692,3.68085820809938e-05,4.114546300115762e-06,1.0054580343421549e-05,4.527890723693417e-06
3693,3.680142981465906e-05,4.113849172426853e-06,1.0054040103568695e-05,4.526708380581113e-06
3694,3.679405926959589e-05,4.113274826522684e-06,1.0053110599983484e-05,4.5255351324158255e-06
3695,3.678683424368501e-05,4.112495389563264e-06,1.0052634024759755e-05,4.524340965872398e-06
3696,3.677957283798605e-05,4.111791440664092e-06,1.0052038305730093e-05,4.523148618318373e-06
3697,3.677245695143938e-05,4.111212092539063e-06,1.0051360732177272e-05,4.52197718914249e-06
3698,3.67650791304186e-05,4.110500412934925e-06,1.0050659511762206e-05,4.520783932093764e-06
3699,3.675793414004147e-05,4.109821020392701e-06,1.0050149285234511e-05,4.519592494034441e-06
3700,3.6750599974766374e-05,4.109205747226952e-06,1.0049390766653232e-05,4.518401055975119e-06
3701,3.6743418604601175e-05,4.10850225307513e-06,1.0048855074273888e-05,4.5172123463999014e-06
3702,3.6736200854647905e-05,4.107797394681256e-06,1.0048313924926333e-05,4.516017725109123e-06
3703,3.672883758554235e-05,4.107150289200945e-06,1.0047564501292072e-05,4.514824468060397e-06
3704,3.6721576179843396e-05,4.1064545257540885e-06,1.0046918760053813e-05,4.51364121545339e-06
3705,3.67144493793603e-05,4.105809239263181e-06,1.0046393072116189e-05,4.512449322646717e-06
3706,3.670710066216998e-05,4.105093921680236e-06,1.0045699127658736e-05,4.511261522566201e-06
3707,3.6699897464131936e-05,4.104394520254573e-06,1.0045105227618478e-05,4.510079634201247e-06
3708,3.6692705180030316e-05,4.103736046090489e-06,1.0044412192655727e-05,4.508910933509469e-06
3709,3.668539284262806e-05,4.103080300410511e-06,1.0043699148809537e-05,4.507722678681603e-06
3710,3.667805140139535e-05,4.102356797375251e-06,1.0042986104963347e-05,4.5065416998113506e-06
3711,3.667080090963282e-05,4.101713329873746e-06,1.0042260328191333e-05,4.505365268414607e-06
3712,3.6663612263510004e-05,4.1009916458278894e-06,1.0041692803497426e-05,4.504185653786408e-06
3713,3.6656507290899754e-05,4.1003945625561755e-06,1.0041081623057835e-05,4.503006493905559e-06
3714,3.6649089452112094e-05,4.0997420001076534e-06,1.004022760753287e-05,4.5018236960459035e-06
3715,3.66418607882224e-05,4.098899808013812e-06,1.003978650260251e-05,4.500634986470686e-06
3716,3.6634526622947305e-05,4.098332738067256e-06,1.0038893378805369e-05,4.499459919315996e-06
3717,3.662733070086688e-05,4.097706096217735e-06,1.0038284017355181e-05,4.498268026509322e-06
3718,3.662007293314673e-05,4.096863904123893e-06,1.0037763786385767e-05,4.497088866628474e-06
3719,3.661284063127823e-05,4.096393695363076e-06,1.0036828825832345e-05,4.4959238039155025e-06
3720,3.660561560536735e-05,4.0955965232569724e-06,1.0036356798082124e-05,4.49473236585618e-06
3721,3.659823050838895e-05,4.094886207894888e-06,1.0035659215645865e-05,4.4935368350706995e-06
3722,3.659100184449926e-05,4.094363703188719e-06,1.0034831575467251e-05,4.492360858421307e-06
3723,3.658380592241883e-05,4.09357926400844e-06,1.0034339538833592e-05,4.49117715106695e-06
3724,3.657662819023244e-05,4.092860308446689e-06,1.0033807484433055e-05,4.4899920794705395e-06
3725,3.6569315852830186e-05,4.092325070814695e-06,1.003299439616967e-05,4.488799277169164e-06
3726,3.656206899904646e-05,4.09161975767347e-06,1.0032339559984393e-05,4.487621936277719e-06
3727,3.65547530236654e-05,4.090787115273997e-06,1.0031837518909015e-05,4.486425495997537e-06
3728,3.6547451600199565e-05,4.090282345714513e-06,1.0030893463408574e-05,4.485254976316355e-06
3729,3.654021566035226e-05,4.089526100869989e-06,1.0030361409008037e-05,4.484065811993787e-06
3730,3.6532943340716884e-05,4.08888035963173e-06,1.0029668374045286e-05,4.482878921407973e-06
3731,3.652571467682719e-05,4.088233254151419e-06,1.0028996257460676e-05,4.481696578295669e-06
3732,3.6518467823043466e-05,4.087517027073773e-06,1.0028352335211821e-05,4.4805192374042235e-06
3733,3.651119550340809e-05,4.08682308261632e-06,1.002772114588879e-05,4.4793300730816554e-06
3734,3.6503894079942256e-05,4.0861677916836925e-06,1.0026975360233337e-05,4.478150458453456e-06
3735,3.649664358817972e-05,4.0854665712686256e-06,1.0026348718383815e-05,4.476965841604397e-06
3736,3.648932761279866e-05,4.084891770617105e-06,1.0025552910519764e-05,4.475776677281829e-06
3737,3.64821644325275e-05,4.084155989403371e-06,1.0025030860560946e-05,4.4745952436642256e-06
3738,3.647485573310405e-05,4.0835479921952356e-06,1.0024255971075036e-05,4.473410626815166e-06
3739,3.646752884378657e-05,4.08281675845501e-06,1.0023602953879163e-05,4.4722223719873e-06
3740,3.646022378234193e-05,4.0821864786266815e-06,1.0022838978329673e-05,4.471039574127644e-06
3741,3.645305696409196e-05,4.081528004462598e-06,1.0022287824540399e-05,4.469847681320971e-06
3742,3.644570097094402e-05,4.080814051121706e-06,1.0021581147157121e-05,4.468660790735157e-06
3743,3.6438497772905976e-05,4.080141025042394e-06,1.0020942681876477e-05,4.467482995096361e-06
3744,3.643123636720702e-05,4.079493919562083e-06,1.0020246008934919e-05,4.466299287742004e-06
3745,3.64239422196988e-05,4.078886831848649e-06,1.0019486580858938e-05,4.465113761398243e-06
3746,3.641670264187269e-05,4.078193796885898e-06,1.0018876309914049e-05,4.463926416065078e-06
3747,3.64094230462797e-05,4.077469384355936e-06,1.0018242392106913e-05,4.46274225396337e-06
3748,3.640213253675029e-05,4.076841833011713e-06,1.0017494787462056e-05,4.461559456103714e-06
3749,3.6394780181581154e-05,4.076252935192315e-06,1.0016661690315232e-05,4.460373020265251e-06
3750,3.6387562431627885e-05,4.07543984692893e-06,1.0016166015702765e-05,4.459191586647648e-06
3751,3.638035923358984e-05,4.074825938005233e-06,1.0015439329436049e-05,4.458018793229712e-06
3752,3.63729486707598e-05,4.074246135132853e-06,1.0014563486038242e-05,4.456828264665091e-06
3753,3.636580368038267e-05,4.073509899171768e-06,1.0014115105150267e-05,4.455635462363716e-06
3754,3.6358404031489044e-05,4.072835054103052e-06,1.0013302016886882e-05,4.454453119251411e-06
3755,3.635126631706953e-05,4.0721934055909514e-06,1.0012630809796974e-05,4.453288511285791e-06
3756,3.6343993997434154e-05,4.071565399499377e-06,1.0011959602707066e-05,4.4520938899950124e-06
3757,3.633660526247695e-05,4.0707955122343265e-06,1.0011272024712525e-05,4.45090745415655e-06
3758,3.632946754805744e-05,4.070172053616261e-06,1.001059717964381e-05,4.449740117706824e-06
3759,3.632215884863399e-05,4.069563146913424e-06,1.0009831385104917e-05,4.4485527723736595e-06
3760,3.631479921750724e-05,4.068765065312618e-06,1.0009236575569957e-05,4.447359970072284e-06
3761,3.6307654227130115e-05,4.068313955940539e-06,1.0008398021454923e-05,4.446188995643752e-06
3762,3.630028368206695e-05,4.067464033141732e-06,1.0007835953729227e-05,4.444996648089727e-06
3763,3.6293029552325606e-05,4.066925157530932e-06,1.000703196041286e-05,4.443814304977423e-06
3764,3.628571721492335e-05,4.0662453102413565e-06,1.0006298907683231e-05,4.442634235601872e-06
3765,3.62784558092244e-05,4.065501798322657e-06,1.0005671356339008e-05,4.441456439963076e-06
3766,3.6271179851610214e-05,4.0648992580827326e-06,1.000491829472594e-05,4.440272277861368e-06
3767,3.626387479016557e-05,4.064193944941508e-06,1.0004196155932732e-05,4.439097210706677e-06
3768,3.625664976425469e-05,4.06349727199995e-06,1.0003626812249422e-05,4.437905317900004e-06
3769,3.624928285717033e-05,4.062945208715973e-06,1.0002735507441685e-05,4.436720246303594e-06
3770,3.624199962359853e-05,4.062228526890976e-06,1.0002092494687531e-05,4.4355356294545345e-06
3771,3.6234789149602875e-05,4.06145045417361e-06,1.0001557711802889e-05,4.434356469573686e-06
3772,3.6227422242518514e-05,4.0610266296425834e-06,1.0000547263189219e-05,4.433170033735223e-06
3773,3.6220255424268544e-05,4.060248556925217e-06,1.0000051588576753e-05,4.431991328601725e-06
3774,3.621285577537492e-05,4.059478669660166e-06,9.999346730182879e-06,4.430806257005315e-06
3775,3.620564893935807e-05,4.058944796270225e-06,9.998536370403599e-06,4.429633463587379e-06
3776,3.6198238376528025e-05,4.058289505337598e-06,9.997711458709091e-06,4.428447937243618e-06
3777,3.6191006074659526e-05,4.057452315464616e-06,9.997238521464169e-06,4.427262865647208e-06
3778,3.618362097768113e-05,4.0569366319687106e-06,9.99624353426043e-06,4.426087798492517e-06
3779,3.6176385037833825e-05,4.056286343256943e-06,9.99554595182417e-06,4.424910457601072e-06
3780,3.616917456383817e-05,4.055487352161435e-06,9.995064829126932e-06,4.42372447650996e-06
3781,3.616186586441472e-05,4.054897544847336e-06,9.994257197831757e-06,4.4225421333976556e-06
3782,3.615450259530917e-05,4.054400505992817e-06,9.993291314458475e-06,4.421362064022105e-06
3783,3.6147288483334705e-05,4.053411430504639e-06,9.992993000196293e-06,4.420176537678344e-06
3784,3.614001616369933e-05,4.052980330015998e-06,9.992048035201151e-06,4.4189978325448465e-06
3785,3.613275112002157e-05,4.052387794217793e-06,9.991284969146363e-06,4.417815489432542e-06
3786,3.612539512687363e-05,4.051464657095494e-06,9.990790204028599e-06,4.416628144099377e-06
3787,3.611813735915348e-05,4.051007636007853e-06,9.989782483899035e-06,4.4154689931019675e-06
3788,3.6110835935687646e-05,4.050341431138804e-06,9.989078534999862e-06,4.414283012010856e-06
3789,3.610353451222181e-05,4.049532890348928e-06,9.98854920908343e-06,4.413091119204182e-06
3790,3.6096265830565244e-05,4.049077688250691e-06,9.987588782678358e-06,4.4119201447756495e-06
3791,3.608894257922657e-05,4.0483137127012014e-06,9.986921213567257e-06,4.410741439642152e-06
3792,3.608163387980312e-05,4.047602487844415e-06,9.986264558392577e-06,4.409553639561636e-06
3793,3.607435428421013e-05,4.047053607791895e-06,9.985442375182174e-06,4.4083717511966825e-06
3794,3.60670528607443e-05,4.046372396260267e-06,9.98474752123002e-06,4.407186679600272e-06
3795,3.6059725971426815e-05,4.045648893225007e-06,9.984010830521584e-06,4.406012976687634e-06
3796,3.605253004934639e-05,4.044923116452992e-06,9.983454219764099e-06,4.404830178827979e-06
3797,3.60451995220501e-05,4.044453362439526e-06,9.982542906072922e-06,4.40364055975806e-06
3798,3.6037847166880965e-05,4.043678472953616e-06,9.98192626866512e-06,4.402448666951386e-06
3799,3.60305275535211e-05,4.042963155370671e-06,9.981198672903702e-06,4.401273145049345e-06
3800,3.602328069973737e-05,4.04239290219266e-06,9.980392860597931e-06,4.400098987389356e-06
3801,3.601602656999603e-05,4.041734428028576e-06,9.979798051062971e-06,4.398898454383016e-06
3802,3.6008714232593775e-05,4.040999101562193e-06,9.979104106605519e-06,4.397722477733623e-06
3803,3.600138734327629e-05,4.040516614622902e-06,9.978092748497147e-06,4.3965560507785995e-06
3804,3.599402407417074e-05,4.039732630189974e-06,9.977454283216503e-06,4.395367795950733e-06
3805,3.598672628868371e-05,4.039042778458679e-06,9.976743058359716e-06,4.394187726575183e-06
3806,3.597945033106953e-05,4.038527094962774e-06,9.975810826290399e-06,4.393022209114861e-06
3807,3.5972123441752046e-05,4.037648977828212e-06,9.975310604204424e-06,4.391832590044942e-06
3808,3.596482565626502e-05,4.037139206047868e-06,9.974392014555633e-06,4.390658432384953e-06
3809,3.595764428609982e-05,4.036575319332769e-06,9.973676242225338e-06,4.389478817756753e-06
3810,3.595033922465518e-05,4.035736310470384e-06,9.973115083994344e-06,4.38829738413915e-06
3811,3.594292138586752e-05,4.03522153646918e-06,9.97208189801313e-06,4.387123681226512e-06
3812,3.593557994463481e-05,4.034469839098165e-06,9.971366125682835e-06,4.385948614071822e-06
3813,3.592835128074512e-05,4.033793175040046e-06,9.970732207875699e-06,4.384765361464815e-06
3814,3.592095890780911e-05,4.033253844681894e-06,9.969746315618977e-06,4.383592113299528e-06
3815,3.59136683982797e-05,4.032511242257897e-06,9.969142411137e-06,4.38240294897696e-06
3816,3.590627238736488e-05,4.031751814181916e-06,9.968402082449757e-06,4.3812237890961114e-06
3817,3.589911284507252e-05,4.031272965221433e-06,9.967610822059214e-06,4.380045538709965e-06
3818,3.589183324947953e-05,4.030556738143787e-06,9.966979632736184e-06,4.378859102871502e-06
3819,3.588455729186535e-05,4.029885531053878e-06,9.96631570160389e-06,4.377671302790986e-06
3820,3.587713945307769e-05,4.0293402889801655e-06,9.9653461802518e-06,4.376490778668085e-06
3821,3.5869863495463505e-05,4.028469447803218e-06,9.964860510081053e-06,4.375306616566377e-06
3822,3.5862532968167216e-05,4.0279983295476995e-06,9.96384369500447e-06,4.3741379158745985e-06
3823,3.585519880289212e-05,4.027351224067388e-06,9.963071534002665e-06,4.372955118014943e-06
3824,3.584785736165941e-05,4.0263885239255615e-06,9.962601325241849e-06,4.37177368439734e-06
3825,3.5840654163621366e-05,4.026107490062714e-06,9.961506293620914e-06,4.370607712189667e-06
3826,3.58332836185582e-05,4.025380349048646e-06,9.960804163711146e-06,4.369420366856502e-06
3827,3.58258985215798e-05,4.024535428470699e-06,9.96015478449408e-06,4.3682421164703555e-06
3828,3.581868077162653e-05,4.024032477900619e-06,9.959327144315466e-06,4.367063866084209e-06
3829,3.5811335692415014e-05,4.023312612844165e-06,9.958678674593102e-06,4.365868790046079e-06
3830,3.580403426894918e-05,4.022750999865821e-06,9.957804650184698e-06,4.364695996628143e-06
3831,3.579673284548335e-05,4.022045231977245e-06,9.957131624105386e-06,4.363510925031733e-06
3832,3.578933683456853e-05,4.0213376450992655e-06,9.956355825124774e-06,4.362329036666779e-06
3833,3.578206087695435e-05,4.020718279207358e-06,9.955543646356091e-06,4.361159426480299e-06
3834,3.5774784919340163e-05,4.020182586828014e-06,9.954754204954952e-06,4.359969352663029e-06
3835,3.5767516237683594e-05,4.019332209281856e-06,9.95417849480873e-06,4.358800651971251e-06
3836,3.576010203687474e-05,4.01876968680881e-06,9.953220796887763e-06,4.357621946837753e-06
3837,3.5752818803302944e-05,4.018191248178482e-06,9.952465916285291e-06,4.356432327767834e-06
3838,3.574548463802785e-05,4.0174845707952045e-06,9.951687388820574e-06,4.355262717581354e-06
3839,3.5738230508286506e-05,4.016791990579804e-06,9.950939784175716e-06,4.354099928605137e-06
3840,3.5730765375774354e-05,4.016146249341546e-06,9.950070307240821e-06,4.3529098547878675e-06
3841,3.572351488401182e-05,4.015575086668832e-06,9.949286322807893e-06,4.351730694907019e-06
3842,3.5716264392249286e-05,4.014866590296151e-06,9.948615115717985e-06,4.35055653724703e-06
3843,3.5708872019313276e-05,4.014202659163857e-06,9.947781109076459e-06,4.3493773773661815e-06
3844,3.570157787180506e-05,4.013571924588177e-06,9.94703805190511e-06,4.348193670011824e-06
3845,3.5694149119080976e-05,4.0128661566996016e-06,9.946179488906637e-06,4.347020421846537e-06
3846,3.5686858609551564e-05,4.012322278867941e-06,9.94532456388697e-06,4.34584217146039e-06
3847,3.567959720385261e-05,4.011514647572767e-06,9.944793418981135e-06,4.344658009358682e-06
3848,3.567226667655632e-05,4.011008968518581e-06,9.943845725501888e-06,4.34348248745664e-06
3849,3.566499799489975e-05,4.010307748103514e-06,9.943158147507347e-06,4.342306510807248e-06
3850,3.565759107004851e-05,4.009697022411274e-06,9.942248652805574e-06,4.341129169915803e-06
3851,3.565029692254029e-05,4.008963060186943e-06,9.94162564893486e-06,4.339941824582638e-06
3852,3.564299549907446e-05,4.008458290627459e-06,9.940663403540384e-06,4.3387749428802636e-06
3853,3.563561040209606e-05,4.007748430012725e-06,9.939905794453807e-06,4.337591235525906e-06
3854,3.562830534065142e-05,4.006971721537411e-06,9.939292795024812e-06,4.33640843766625e-06
3855,3.56210075551644e-05,4.006482868135208e-06,9.938336916093249e-06,4.335237008490367e-06
3856,3.561365883797407e-05,4.005778009741334e-06,9.937626600731164e-06,4.334051027399255e-06
3857,3.5606324672698975e-05,4.0050763345789164e-06,9.936867172655184e-06,4.332876414991915e-06
3858,3.559903416316956e-05,4.004521542810835e-06,9.936030437529553e-06,4.331696345616365e-06
3859,3.5591689083958045e-05,4.003821686637821e-06,9.935271918948274e-06,4.33051900472492e-06
3860,3.558428579708561e-05,4.003155027021421e-06,9.934503395925276e-06,4.329324838181492e-06
3861,3.557696982170455e-05,4.002521109214285e-06,9.933663022820838e-06,4.3281570469844155e-06
3862,3.5569733881857246e-05,4.001882643933641e-06,9.933015462593175e-06,4.326966973167146e-06
3863,3.5562403354560956e-05,4.001199613412609e-06,9.932311513694003e-06,4.325778263591928e-06
3864,3.555497096385807e-05,4.000617082056124e-06,9.93130925053265e-06,4.324608653405448e-06
3865,3.55475494870916e-05,3.999872660642723e-06,9.930536180036142e-06,4.323427674535196e-06
3866,3.554038630682044e-05,3.999259206466377e-06,9.929850421031006e-06,4.322255335864611e-06
3867,3.553296119207516e-05,3.998697138740681e-06,9.92886270978488e-06,4.32108026870992e-06
3868,3.552561975084245e-05,3.9979117900657e-06,9.928166036843322e-06,4.319908384786686e-06
3869,3.551829286152497e-05,3.9973178900254425e-06,9.92731838778127e-06,4.318731043895241e-06
3870,3.551104600774124e-05,3.996758096036501e-06,9.926450729835778e-06,4.317567800171673e-06
3871,3.550366818672046e-05,3.9959199966688175e-06,9.925817721523345e-06,4.316385911806719e-06
3872,3.54962503479328e-05,3.9953670238901395e-06,9.92472268990241e-06,4.31523221777752e-06
3873,3.548891982063651e-05,3.994742655777372e-06,9.923917787091341e-06,4.314051693654619e-06
3874,3.54816802428104e-05,3.994032340415288e-06,9.923294783220626e-06,4.312870260037016e-06
3875,3.5474367905408144e-05,3.99352029489819e-06,9.922339813783765e-06,4.311702014092589e-06
3876,3.546698280842975e-05,3.9927558646013495e-06,9.921651326294523e-06,4.310515123506775e-06
3877,3.545957588357851e-05,3.9921387724461965e-06,9.920806405716576e-06,4.309326413931558e-06
3878,3.54522344423458e-05,3.99157624997315e-06,9.919967851601541e-06,4.308138159103692e-06
3879,3.544495484675281e-05,3.990771347162081e-06,9.919376680045389e-06,4.306961272959597e-06
3880,3.5437591577647254e-05,3.990267487097299e-06,9.918441719491966e-06,4.305776201363187e-06
3881,3.543024286045693e-05,3.9895671761769336e-06,9.917717761709355e-06,4.304591584514128e-06
3882,3.5422828659648076e-05,3.9888464016257785e-06,9.916902854456566e-06,4.303415607864736e-06
3883,3.541551996022463e-05,3.9883498175186105e-06,9.915974260366056e-06,4.3022387217206415e-06
3884,3.5408207622822374e-05,3.987538093497278e-06,9.915368536894675e-06,4.301060016587144e-06
3885,3.540086981956847e-05,3.9870924410934094e-06,9.914358997775707e-06,4.2998835851904005e-06
3886,3.539357567206025e-05,3.986325282312464e-06,9.913687790685799e-06,4.298712156014517e-06
3887,3.538618329912424e-05,3.985639068559976e-06,9.912895620800555e-06,4.297530267649563e-06
3888,3.5378823667997494e-05,3.985172043030616e-06,9.911802408169024e-06,4.296370207157452e-06
3889,3.5371478588785976e-05,3.98433803638909e-06,9.911202141665854e-06,4.295187409297796e-06
3890,3.5364137147553265e-05,3.98376323573757e-06,9.910269000101835e-06,4.294021437090123e-06
3891,3.535681389621459e-05,3.9831552385294344e-06,9.90939952316694e-06,4.292851826903643e-06
3892,3.534937422955409e-05,3.982467660534894e-06,9.908590072882362e-06,4.291663117328426e-06
3893,3.534206916810945e-05,3.981868303526426e-06,9.907655112328939e-06,4.290508968551876e-06
3894,3.5334764106664807e-05,3.981156623922288e-06,9.90698390523903e-06,4.289324806450168e-06
3895,3.532729533617385e-05,3.980499059252907e-06,9.906048944685608e-06,4.288149739295477e-06
3896,3.5319953894941136e-05,3.979987468483159e-06,9.905106708174571e-06,4.286971943656681e-06
3897,3.53127034031786e-05,3.979123448516475e-06,9.90466469374951e-06,4.285782779334113e-06
3898,3.530539106577635e-05,3.9788092180970125e-06,9.903553291223943e-06,4.284605438442668e-06
3899,3.529789319145493e-05,3.977950655098539e-06,9.902809324557893e-06,4.28342673330917e-06
3900,3.529053719830699e-05,3.9772994568920694e-06,9.902001693262719e-06,4.282247573428322e-06
3901,3.528317029122263e-05,3.9767264752299525e-06,9.901086741592735e-06,4.281071142031578e-06
3902,3.5275872505735606e-05,3.976008883910254e-06,9.90041735349223e-06,4.2798892536666244e-06
3903,3.5268480132799596e-05,3.9753726923663635e-06,9.899538781610318e-06,4.278713277017232e-06
3904,3.526118234731257e-05,3.974800620198948e-06,9.89867839962244e-06,4.277540938346647e-06
3905,3.525377542246133e-05,3.974059382017003e-06,9.89790896710474e-06,4.276361778465798e-06
3906,3.5246441257186234e-05,3.973519596911501e-06,9.896968549583107e-06,4.275190349289915e-06
3907,3.523915074765682e-05,3.972896593040787e-06,9.896186384139583e-06,4.2740134631458204e-06
3908,3.5231740184826776e-05,3.972106696892297e-06,9.895416951621883e-06,4.2728433982119896e-06
3909,3.522436963976361e-05,3.971602382080164e-06,9.894409231492318e-06,4.271671514288755e-06
3910,3.5216995456721634e-05,3.970941179431975e-06,9.893579772324301e-06,4.270494628144661e-06
3911,3.5209639463573694e-05,3.97015401176759e-06,9.89283034869004e-06,4.2693309296737425e-06
3912,3.520231257425621e-05,3.9696769817965105e-06,9.891862646327354e-06,4.268154498276999e-06
3913,3.5194942029193044e-05,3.968954843003303e-06,9.89109139482025e-06,4.266979431122309e-06
3914,3.518757876008749e-05,3.968330474890536e-06,9.890231012832373e-06,4.265802999725565e-06
3915,3.518020821502432e-05,3.967636530433083e-06,9.889396096696146e-06,4.264634753781138e-06
3916,3.517290315357968e-05,3.96714767703088e-06,9.88843385130167e-06,4.263464688847307e-06
3917,3.5165532608516514e-05,3.96635232391418e-06,9.887769010674674e-06,4.262282345735002e-06
3918,3.515816933941096e-05,3.965778432757361e-06,9.88683859759476e-06,4.261110007064417e-06
3919,3.515086427796632e-05,3.965119958593277e-06,9.886051884677727e-06,4.2599385778885335e-06
3920,3.5143464629072696e-05,3.96449058825965e-06,9.885172403301112e-06,4.258760327502387e-06
3921,3.513606498017907e-05,3.963876679335954e-06,9.884275641525164e-06,4.257582986610942e-06
3922,3.5128705349052325e-05,3.9632245716347825e-06,9.883431630441919e-06,4.2564097384456545e-06
3923,3.5121451219310984e-05,3.962513346777996e-06,9.882745871436782e-06,4.255238309269771e-06
3924,3.5114018828608096e-05,3.961974471167196e-06,9.881752703222446e-06,4.254058239894221e-06
3925,3.5106590075884014e-05,3.961265065299813e-06,9.880910511128604e-06,4.25288317273953e-06
3926,3.5099223168799654e-05,3.960621597798308e-06,9.880070138024166e-06,4.251706286595436e-06
3927,3.509187081363052e-05,3.959964487876277e-06,9.87922521744622e-06,4.250536676408956e-06
3928,3.508454392431304e-05,3.9594074223714415e-06,9.878349374048412e-06,4.249357061780756e-06
3929,3.50771879311651e-05,3.958677098125918e-06,9.877547199721448e-06,4.248192908562487e-06
3930,3.5069748264504597e-05,3.958018623961834e-06,9.876625881588552e-06,4.2470210246392526e-06
3931,3.506241046125069e-05,3.9574970287503675e-06,9.875641808321234e-06,4.245854142936878e-06
3932,3.5054974432569e-05,3.9568199099448975e-06,9.874804163700901e-06,4.2446699808351696e-06
3933,3.5047658457187936e-05,3.956139607907971e-06,9.873991075437516e-06,4.243505372869549e-06
3934,3.5040327929891646e-05,3.955571173719363e-06,9.873127055470832e-06,4.24232575824135e-06
3935,3.503294283291325e-05,3.954835392505629e-06,9.872363079921342e-06,4.2411493268446065e-06
3936,3.502565959934145e-05,3.9542724152852315e-06,9.871491783997044e-06,4.239979261910776e-06
3937,3.501811806927435e-05,3.953654413635377e-06,9.870473149931058e-06,4.2387982830405235e-06
3938,3.501076571410522e-05,3.952882252633572e-06,9.869767382042482e-06,4.237623215885833e-06
3939,3.500346792861819e-05,3.95240931538865e-06,9.8688014986692e-06,4.2364513319625985e-06
3940,3.4996086469618604e-05,3.951767212129198e-06,9.867942935670726e-06,4.235275355313206e-06
3941,3.4988566767424345e-05,3.950934569729725e-06,9.867157132248394e-06,4.234095285937656e-06
3942,3.498129444778897e-05,3.950474365410628e-06,9.866115760814864e-06,4.232940682413755e-06
3943,3.497400030028075e-05,3.949896836275002e-06,9.865369065664709e-06,4.231746970617678e-06
3944,3.4966527891810983e-05,3.948991889046738e-06,9.864716048468836e-06,4.2305637180106714e-06
3945,3.495922283036634e-05,3.94871085518389e-06,9.863488230621442e-06,4.229404112265911e-06
3946,3.4951779525727034e-05,3.947809545934433e-06,9.862847036856692e-06,4.228224042890361e-06
3947,3.494441989460029e-05,3.947152890759753e-06,9.862013939709868e-06,4.227050339977723e-06
3948,3.493700933177024e-05,3.946723154513165e-06,9.86083978204988e-06,4.225888915243559e-06
3949,3.4929675166495144e-05,3.9459532672481146e-06,9.860160389507655e-06,4.224712938594166e-06
3950,3.492238829494454e-05,3.945277057937346e-06,9.859374586085323e-06,4.223547421133844e-06
3951,3.491486131679267e-05,3.944810941902688e-06,9.858133125817403e-06,4.222382813168224e-06
3952,3.490753806545399e-05,3.9439828469767235e-06,9.857489203568548e-06,4.221213202981744e-06
3953,3.490008384687826e-05,3.943378487747395e-06,9.856526958174072e-06,4.220035862090299e-06
3954,3.4892786061391234e-05,3.942808234569384e-06,9.855666576186195e-06,4.218862613925012e-06
3955,3.48852772731334e-05,3.9421497604053e-06,9.854631571215577e-06,4.217699370201444e-06
3956,3.487796493573114e-05,3.941353497793898e-06,9.853989467956126e-06,4.2165247577941045e-06
3957,3.487063804641366e-05,3.940941041946644e-06,9.852998118731193e-06,4.215340140945045e-06
3958,3.486334753688425e-05,3.940332135243807e-06,9.852154107647948e-06,4.214172349747969e-06
3959,3.485585330054164e-05,3.939504040317843e-06,9.851404684013687e-06,4.212989097140962e-06
3960,3.4848577342927456e-05,3.939089765481185e-06,9.850386959442403e-06,4.211819941701833e-06
3961,3.484103217488155e-05,3.938374447898241e-06,9.849440175457858e-06,4.21064351030509e-06
3962,3.483372711343691e-05,3.937656401831191e-06,9.848746231000405e-06,4.209464805171592e-06
3963,3.4826272894861177e-05,3.937110250262776e-06,9.847675755736418e-06,4.208297468721867e-06
3964,3.481892781564966e-05,3.9363849282381125e-06,9.846948159975e-06,4.207118763588369e-06
3965,3.481152089079842e-05,3.9357760215352755e-06,9.846036846283823e-06,4.205941422696924e-06
3966,3.4804121241904795e-05,3.93530126530095e-06,9.844897249422502e-06,4.2047850001836196e-06
3967,3.4796714317053556e-05,3.9344299693766516e-06,9.844314263318665e-06,4.203594471618999e-06
3968,3.478940561763011e-05,3.934012966055889e-06,9.843209227256011e-06,4.202436684863642e-06
3969,3.478194776107557e-05,3.9332926462520845e-06,9.84227517619729e-06,4.201275714876829e-06
3970,3.4774588129948825e-05,3.932615072699264e-06,9.841493920248467e-06,4.200095645501278e-06
3971,3.476719211903401e-05,3.932012532459339e-06,9.840513484959956e-06,4.1989333112724125e-06
3972,3.4759763366309926e-05,3.931391347578028e-06,9.839563062996604e-06,4.197761882096529e-06
3973,3.4752447390928864e-05,3.93065374737489e-06,9.838864571065642e-06,4.196585905447137e-06
3974,3.474505138001405e-05,3.9301403376157396e-06,9.837815014179796e-06,4.195419478492113e-06
3975,3.4737622627289966e-05,3.929486865672516e-06,9.836894605541602e-06,4.19424850406358e-06
3976,3.4730270272120833e-05,3.9287706385948695e-06,9.836166100285482e-06,4.193066615698626e-06
3977,3.4722725104074925e-05,3.928241312678438e-06,9.834986485657282e-06,4.191899733996252e-06
3978,3.4715521906036884e-05,3.927571015083231e-06,9.834315278567374e-06,4.190727395325666e-06
3979,3.470802403171547e-05,3.9269443732337095e-06,9.833309377427213e-06,4.189553692413028e-06
3980,3.470061710686423e-05,3.926335011783522e-06,9.83231802820228e-06,4.188392722426215e-06
3981,3.469318471616134e-05,3.925635155610507e-06,9.83142490440514e-06,4.187224476481788e-06
3982,3.468585782684386e-05,3.925074452126864e-06,9.830536328081507e-06,4.186049864074448e-06
3983,3.4678494557738304e-05,3.924411885236623e-06,9.829680493567139e-06,4.184880708635319e-06
3984,3.467114584054798e-05,3.923832991858944e-06,9.82877281785477e-06,4.183707915217383e-06
3985,3.46637170878239e-05,3.923102667613421e-06,9.827936082729138e-06,4.1825355765467975e-06
3986,3.465620829956606e-05,3.922483301721513e-06,9.826947461988311e-06,4.181355507171247e-06
3987,3.464886685833335e-05,3.921988536603749e-06,9.82604433374945e-06,4.180167252343381e-06
3988,3.4641452657524496e-05,3.9211763578350656e-06,9.825287634157576e-06,4.178998096904252e-06
3989,3.463405664660968e-05,3.920714334526565e-06,9.824165317695588e-06,4.177835307928035e-06
3990,3.462673703324981e-05,3.91997809856548e-06,9.823498658079188e-06,4.1766520553210285e-06
3991,3.461928281467408e-05,3.9195065255626105e-06,9.822353604249656e-06,4.175484718871303e-06
3992,3.4611945011420175e-05,3.918610218534013e-06,9.821751518757083e-06,4.1743164729268756e-06
3993,3.460451262071729e-05,3.918217771570198e-06,9.820500054047443e-06,4.173158686171519e-06
3994,3.459699291852303e-05,3.917476078640902e-06,9.819682418310549e-06,4.171966793364845e-06
3995,3.458967694314197e-05,3.916773039236432e-06,9.818861144594848e-06,4.170809006609488e-06
3996,3.458230276009999e-05,3.916288278560387e-06,9.817780664889142e-06,4.1696466723806225e-06
3997,3.4574968594824895e-05,3.915555680578109e-06,9.817094905884005e-06,4.168463419773616e-06
3998,3.456750710029155e-05,3.915064098691801e-06,9.815948942559771e-06,4.167298811807996e-06
3999,3.4559994674054906e-05,3.914255103154574e-06,9.815052180783823e-06,4.1661378418211825e-06
4000,3.45527078025043e-05,3.913703039870597e-06,9.814149052544963e-06,4.164970960118808e-06
4001,3.454525722190738e-05,3.913105501851533e-06,9.813141332415398e-06,4.16380225942703e-06
4002,3.453783938311972e-05,3.9124170143622905e-06,9.812263670028187e-06,4.162631739745848e-06
4003,3.4530461562098935e-05,3.911773092113435e-06,9.811379641178064e-06,4.161461674812017e-06
4004,3.4523054637247697e-05,3.911206476914231e-06,9.810487426875625e-06,4.160272055742098e-06
4005,3.451546945143491e-05,3.910522082151147e-06,9.809422408579849e-06,4.159105174039723e-06
4006,3.4508182579884306e-05,3.909879524144344e-06,9.808544746192638e-06,4.157951480010524e-06
4007,3.4500779293011874e-05,3.909291535819648e-06,9.807656169869006e-06,4.156766408414114e-06
4008,3.4493321436457336e-05,3.908685812348267e-06,9.806593880057335e-06,4.1556081669114064e-06
4009,3.448603820288554e-05,3.908031885657692e-06,9.805845365917776e-06,4.154431735514663e-06
4010,3.447851486271247e-05,3.9073624975571875e-06,9.804825822357088e-06,4.1532648538122885e-06
4011,3.447118797339499e-05,3.906866822944721e-06,9.803778993955348e-06,4.152107976551633e-06
4012,3.446367190917954e-05,3.9059837035893e-06,9.803152352105826e-06,4.150906988797942e-06
4013,3.445634865784086e-05,3.905632638634415e-06,9.80193362920545e-06,4.149756478000199e-06
4014,3.444888716330752e-05,3.904797722498188e-06,9.801169653655961e-06,4.148583684582263e-06
4015,3.4441560273990035e-05,3.9042138268996496e-06,9.800343832466751e-06,4.1474008867226075e-06
4016,3.443410969339311e-05,3.903771812474588e-06,9.799077815841883e-06,4.146252194914268e-06
4017,3.442663364694454e-05,3.9028882383718155e-06,9.798454811971169e-06,4.1450580283708405e-06
4018,3.4419208532199264e-05,3.902470780303702e-06,9.797227903618477e-06,4.143902515352238e-06
4019,3.441178341745399e-05,3.901705895259511e-06,9.7964184533339e-06,4.142731540923705e-06
4020,3.4404347388772294e-05,3.901041054632515e-06,9.795528058020864e-06,4.141555564274313e-06
4021,3.4397053241264075e-05,3.9005412872938905e-06,9.794543075258844e-06,4.140394139540149e-06
4022,3.438954445300624e-05,3.899819603248034e-06,9.793634490051772e-06,4.139217708143406e-06
4023,3.438212297623977e-05,3.899209787050495e-06,9.792634955374524e-06,4.13805537391454e-06
4024,3.437469422351569e-05,3.898594059137395e-06,9.791634511202574e-06,4.136892584938323e-06
4025,3.436732367845252e-05,3.8979810597084e-06,9.790777767193504e-06,4.135712970310124e-06
4026,3.4359887649770826e-05,3.897272563335719e-06,9.789894647838082e-06,4.1345438148709945e-06
4027,3.4352495276834816e-05,3.896822818205692e-06,9.788793249754235e-06,4.133376023673918e-06
4028,3.4345117455814034e-05,3.896048383467132e-06,9.788095667317975e-06,4.132194135308964e-06
4029,3.4337761462666094e-05,3.895515419571893e-06,9.787012459128164e-06,4.131046352995327e-06
4030,3.4330267226323485e-05,3.894854216923704e-06,9.786030204850249e-06,4.129876742808847e-06
4031,3.4322798455832526e-05,3.89422621083213e-06,9.785079782886896e-06,4.1286984924227e-06
4032,3.4315344237256795e-05,3.893603661708767e-06,9.783997484191786e-06,4.127548436372308e-06
4033,3.430799552006647e-05,3.892993845511228e-06,9.783161658560857e-06,4.126367912249407e-06
4034,3.430054130149074e-05,3.892316271958407e-06,9.782175766304135e-06,4.125209670746699e-06
4035,3.429317439440638e-05,3.891683263645973e-06,9.781309927348047e-06,4.124036422581412e-06
4036,3.428577838349156e-05,3.891123014909681e-06,9.780369509826414e-06,4.122857262700563e-06
4037,3.427839692449197e-05,3.890617790602846e-06,9.779290849110112e-06,4.121697656955803e-06
4038,3.427088449825533e-05,3.889779691235162e-06,9.778519597603008e-06,4.1205171328329016e-06
4039,3.426346665946767e-05,3.889286745106801e-06,9.777413652045652e-06,4.119353434361983e-06
4040,3.425606701057404e-05,3.888588707923191e-06,9.776556908036582e-06,4.118184733670205e-06
4041,3.424864917178638e-05,3.887957063852809e-06,9.775645594345406e-06,4.117009211768163e-06
4042,3.424115857342258e-05,3.887396360369166e-06,9.774497812031768e-06,4.115852789254859e-06
4043,3.423374073463492e-05,3.8866669456183445e-06,9.773721103556454e-06,4.114670446142554e-06
4044,3.422631198191084e-05,3.886124886776088e-06,9.772618795977905e-06,4.113513568881899e-06
4045,3.421889414312318e-05,3.8854373087815475e-06,9.771838449523784e-06,4.112323040317278e-06
4046,3.4211483580293134e-05,3.884852048940957e-06,9.77080526354257e-06,4.111165253561921e-06
4047,3.4203927498310804e-05,3.884242232743418e-06,9.769675671122968e-06,4.110002009838354e-06
4048,3.419651329750195e-05,3.8835905797895975e-06,9.768738891580142e-06,4.108836492378032e-06
4049,3.418918277020566e-05,3.8830021367175505e-06,9.767807569005527e-06,4.107674612896517e-06
4050,3.41818158631213e-05,3.882400505972328e-06,9.766827133717015e-06,4.106518190383213e-06
4051,3.417428888496943e-05,3.881765223923139e-06,9.765763934410643e-06,4.105351763428189e-06
4052,3.416690378799103e-05,3.881077645928599e-06,9.764861715666484e-06,4.10419306717813e-06
4053,3.4159471397288144e-05,3.880470103467815e-06,9.763862180989236e-06,4.103028004465159e-06
4054,3.415209357626736e-05,3.879910764226224e-06,9.762919944478199e-06,4.1018524825631175e-06
4055,3.414459206396714e-05,3.879296400555177e-06,9.761840374267194e-06,4.1006910578289535e-06
4056,3.4137105103582144e-05,3.87865156881162e-06,9.760905413713772e-06,4.0995096242113505e-06
4057,3.4129698178730905e-05,3.878024017467396e-06,9.759954991750419e-06,4.0983436520036776e-06
4058,3.4122356737498194e-05,3.8774428503529634e-06,9.759020031196997e-06,4.0971781345433556e-06
4059,3.411488069104962e-05,3.876847131323302e-06,9.758085980138276e-06,4.095989424968138e-06
4060,3.4107433748431504e-05,3.876160462823464e-06,9.75713919615373e-06,4.0948270907392725e-06
4061,3.409998316783458e-05,3.875575202982873e-06,9.756104191183113e-06,4.0936611185316e-06
4062,3.409253622521646e-05,3.874991762131685e-06,9.75515376921976e-06,4.092477865924593e-06
4063,3.408502379897982e-05,3.874288722727215e-06,9.754136044648476e-06,4.091319624421885e-06
4064,3.40776787197683e-05,3.873726200254168e-06,9.753164704306982e-06,4.0901572901930194e-06
4065,3.407011536182836e-05,3.873015430144733e-06,9.752195182954893e-06,4.088981313543627e-06
4066,3.406271571293473e-05,3.872592515108408e-06,9.751016477821395e-06,4.0878217077988666e-06
4067,3.4055261494359e-05,3.871773969876813e-06,9.750227036420256e-06,4.0866520976123866e-06
4068,3.4047850931528956e-05,3.871241915476276e-06,9.749065611686092e-06,4.085508862772258e-06
4069,3.4040458558592945e-05,3.870727596222423e-06,9.748055163072422e-06,4.084335614606971e-06
4070,3.4033055271720514e-05,3.869933152600424e-06,9.747296644491144e-06,4.083165094925789e-06
4071,3.4025622881017625e-05,3.86944338970352e-06,9.74607428361196e-06,4.082020950590959e-06
4072,3.401806316105649e-05,3.868624844471924e-06,9.745267561811488e-06,4.080834060005145e-06
4073,3.401075809961185e-05,3.868238763971021e-06,9.744106137077324e-06,4.079682639712701e-06
4074,3.400332570890896e-05,3.867531631840393e-06,9.743237569637131e-06,4.078511210536817e-06
4075,3.3995900594163686e-05,3.866849510814063e-06,9.742370821186341e-06,4.077335688634776e-06
4076,3.398840635782108e-05,3.866306087729754e-06,9.741158464748878e-06,4.076188361068489e-06
4077,3.398096305318177e-05,3.86563215215574e-06,9.740311725181527e-06,4.075003289472079e-06
4078,3.3973585232160985e-05,3.865003236569464e-06,9.739294000610244e-06,4.073857326147845e-06
4079,3.3966054616030306e-05,3.864439804601716e-06,9.738160770211834e-06,4.07269044444547e-06
4080,3.395865496713668e-05,3.863735855702544e-06,9.737372238305397e-06,4.071509920322569e-06
4081,3.39511752827093e-05,3.863237452605972e-06,9.736128959048074e-06,4.070362138008932e-06
4082,3.394371015019715e-05,3.862540324917063e-06,9.735225830809213e-06,4.0691888898436446e-06
4083,3.393630686332472e-05,3.8618095459241886e-06,9.734458217280917e-06,4.0680079109733924e-06
4084,3.392879443708807e-05,3.861503955704393e-06,9.732968464959413e-06,4.066864221385913e-06
4085,3.392140206415206e-05,3.860437573166564e-06,9.732606486068107e-06,4.065671419084538e-06
4086,3.3913878723978996e-05,3.860222477669595e-06,9.731001227919478e-06,4.0645309127285145e-06
4087,3.3906500902958214e-05,3.859335720335366e-06,9.730423698783852e-06,4.06334856961621e-06
4088,3.3899032132467255e-05,3.858889613184147e-06,9.729231351229828e-06,4.062182597408537e-06
4089,3.3891577913891524e-05,3.858276159007801e-06,9.728171789902262e-06,4.061025720147882e-06
4090,3.3884120057336986e-05,3.857487172354013e-06,9.727402357384562e-06,4.059846560267033e-06
4091,3.387665856280364e-05,3.857145202346146e-06,9.72601083049085e-06,4.058700596942799e-06
4092,3.3869298931676894e-05,3.85626481147483e-06,9.725426934892312e-06,4.0575214370619506e-06
4093,3.386183379916474e-05,3.855866452795453e-06,9.724099072627723e-06,4.056373654748313e-06
4094,3.385415402590297e-05,3.8549324017367326e-06,9.723242328618653e-06,4.055195859109517e-06
4095,3.38468853442464e-05,3.854614078591112e-06,9.722058166516945e-06,4.054042619827669e-06
4096,3.3839387469924986e-05,3.853754151350586e-06,9.721314199850895e-06,4.0528634599468205e-06
4097,3.3832009648904204e-05,3.853271209663944e-06,9.720133675727993e-06,4.051721134601394e-06
4098,3.38245190505404e-05,3.852726877084933e-06,9.719076842884533e-06,4.050542884215247e-06
4099,3.3817010262282565e-05,3.851931069220882e-06,9.718189176055603e-06,4.049377821502276e-06
4100,3.380954876774922e-05,3.851582732750103e-06,9.716788554214872e-06,4.048235496156849e-06
4101,3.380215639481321e-05,3.850615485134767e-06,9.716235581436194e-06,4.04706133849686e-06
4102,3.379463669261895e-05,3.850313078146428e-06,9.714783118397463e-06,4.045908099215012e-06
4103,3.378717883606441e-05,3.8494731597893406e-06,9.714016414363869e-06,4.044738034281181e-06
4104,3.3779797377064824e-05,3.84892382498947e-06,9.71299141383497e-06,4.043576609547017e-06
4105,3.37723467964679e-05,3.848314918286633e-06,9.712025530461688e-06,4.0424015423923265e-06
4106,3.376483073225245e-05,3.84778513762285e-06,9.71091321844142e-06,4.041226929984987e-06
4107,3.375739834154956e-05,3.8469902392535005e-06,9.710097401693929e-06,4.040061867272016e-06
4108,3.3749936847016215e-05,3.8465454963443335e-06,9.708849574963097e-06,4.038908173242817e-06
4109,3.374255175003782e-05,3.8457765185739845e-06,9.708095603855327e-06,4.037736289319582e-06
4110,3.373497384018265e-05,3.845334958896274e-06,9.706724085845053e-06,4.036583050037734e-06
4111,3.37275123456493e-05,3.844520051643485e-06,9.705930096970405e-06,4.0354125303565525e-06
4112,3.372022183611989e-05,3.844084403681336e-06,9.704837793833576e-06,4.034259291074704e-06
4113,3.3712683944031596e-05,3.843269951175898e-06,9.704001058707945e-06,4.033082859677961e-06
4114,3.370521153556183e-05,3.842903424811084e-06,9.702631359687075e-06,4.0319355321116745e-06
4115,3.369784099049866e-05,3.842021214950364e-06,9.701957424113061e-06,4.030772743135458e-06
4116,3.3690281270537525e-05,3.841614670818672e-06,9.700532245915383e-06,4.029626779811224e-06
4117,3.3682812500046566e-05,3.8408661566791125e-06,9.699693691800348e-06,4.0284508031618316e-06
4118,3.367535100551322e-05,3.840360932372278e-06,9.698542271507904e-06,4.0272898331750184e-06
4119,3.3667878597043455e-05,3.839641976810526e-06,9.697567293187603e-06,4.026133865409065e-06
4120,3.3660362532828e-05,3.839136752503691e-06,9.696394045022316e-06,4.024966074211989e-06
4121,3.365310112712905e-05,3.838407337752869e-06,9.695660082797986e-06,4.023806923214579e-06
4122,3.3645424991846085e-05,3.837978965748334e-06,9.694206710264552e-06,4.022647772217169e-06
4123,3.3637981687206775e-05,3.837124495476019e-06,9.693465472082607e-06,4.021478162030689e-06
4124,3.363048017490655e-05,3.836697032966185e-06,9.692186722531915e-06,4.02031901103328e-06
4125,3.362305142218247e-05,3.835922143480275e-06,9.691408195067197e-06,4.01914439862594e-06
4126,3.3615629945416003e-05,3.835466486634687e-06,9.690258593764156e-06,4.017980700155022e-06
4127,3.360813207109459e-05,3.834790732071269e-06,9.689314538263716e-06,4.016805633000331e-06
4128,3.360067421454005e-05,3.8341413528542034e-06,9.688355930848047e-06,4.0156355680665e-06
4129,3.359325637575239e-05,3.8336165744112805e-06,9.68718813965097e-06,4.014490514236968e-06
4130,3.3585769415367395e-05,3.83290307581774e-06,9.686296834843233e-06,4.013313628092874e-06
4131,3.3578249713173136e-05,3.832341462839395e-06,9.685069926490542e-06,4.01216766476864e-06
4132,3.357086097821593e-05,3.831689355138224e-06,9.684156793809962e-06,4.011002602055669e-06
4133,3.356326124048792e-05,3.831068625004264e-06,9.683004464022815e-06,4.009837539342698e-06
4134,3.355576700414531e-05,3.830533842119621e-06,9.681810297479387e-06,4.00868430006085e-06
4135,3.3548367355251685e-05,3.829788965958869e-06,9.681002666184213e-06,4.0075151446217205e-06
4136,3.35408840328455e-05,3.829335582850035e-06,9.679719369160011e-06,4.0063659980660304e-06
4137,3.353336433065124e-05,3.828516128123738e-06,9.678920832811855e-06,4.005185473943129e-06
4138,3.3526011975482106e-05,3.828121407423168e-06,9.677670277596917e-06,4.004044058092404e-06
4139,3.351855411892757e-05,3.82745520255412e-06,9.676651643530931e-06,4.0028894545685034e-06
4140,3.3511052606627345e-05,3.826627562375506e-06,9.675827641331125e-06,4.0017193896346726e-06
4141,3.350351835251786e-05,3.826325610134518e-06,9.674327884567901e-06,4.000572971563088e-06
4142,3.349608596181497e-05,3.825474777841009e-06,9.673596650827676e-06,3.999402906629257e-06
4143,3.348856625962071e-05,3.824914983852068e-06,9.672423402662389e-06,3.998245574621251e-06
4144,3.3481082937214524e-05,3.824450686806813e-06,9.671164661995135e-06,3.9970932448341046e-06
4145,3.3473661460448056e-05,3.823629867838463e-06,9.670445251686033e-06,3.995917722932063e-06
4146,3.346612720633857e-05,3.823162842309102e-06,9.66913557931548e-06,3.994765393144917e-06
4147,3.345868390169926e-05,3.8225657590373885e-06,9.668098755355459e-06,3.993603968410753e-06
4148,3.345122968312353e-05,3.8217408473428804e-06,9.667359336162917e-06,3.992425718024606e-06
4149,3.344377182656899e-05,3.821445716312155e-06,9.665907782618888e-06,3.99128384742653e-06
4150,3.343620483065024e-05,3.820540769083891e-06,9.665161087468732e-06,3.9901001400721725e-06
4151,3.342881245771423e-05,3.820029633061495e-06,9.664075150794815e-06,3.988941443822114e-06
4152,3.3421361877117306e-05,3.819584890152328e-06,9.662835509516299e-06,3.987788204540266e-06
4153,3.3413758501410484e-05,3.8187044992810115e-06,9.661993317422457e-06,3.9866117731435224e-06
4154,3.3406315196771175e-05,3.8183720789675135e-06,9.660549039836042e-06,3.985478542745113e-06
4155,3.339891554787755e-05,3.817552624241216e-06,9.659846909926273e-06,3.984302566095721e-06
4156,3.339143950142898e-05,3.8169705476320814e-06,9.658700946602039e-06,3.983153419540031e-06
4157,3.338389069540426e-05,3.816544449364301e-06,9.657331247581169e-06,3.982002908742288e-06
4158,3.337651287438348e-05,3.815630407189019e-06,9.656743714003824e-06,3.9808278415875975e-06
4159,3.3369025913998485e-05,3.8153721106937155e-06,9.655208486947231e-06,3.979688699473627e-06
4160,3.3361418900312856e-05,3.814536285062786e-06,9.65431536315009e-06,3.978513177571585e-06
4161,3.335397923365235e-05,3.813922603512765e-06,9.653273082221858e-06,3.97735630031093e-06
4162,3.334643770358525e-05,3.8135262911964674e-06,9.65188883128576e-06,3.976204425271135e-06
4163,3.333905624458566e-05,3.81265294890909e-06,9.651323125581257e-06,3.9750161704432685e-06
4164,3.333156564622186e-05,3.812264594671433e-06,9.649915227782913e-06,3.973877028329298e-06
4165,3.3324067771900445e-05,3.8114549170131795e-06,9.649117600929458e-06,3.972699232690502e-06
4166,3.3316588087473065e-05,3.810985162999714e-06,9.647939805290662e-06,3.971532350988127e-06
4167,3.330919207655825e-05,3.8104269606265007e-06,9.646824764786288e-06,3.970387751905946e-06
4168,3.330159233883023e-05,3.809610916505335e-06,9.645873433328234e-06,3.969221779698273e-06
4169,3.3294047170784324e-05,3.809261215792503e-06,9.644429155741818e-06,3.96807126890053e-06
4170,3.328666934976354e-05,3.8084888274170225e-06,9.643652447266504e-06,3.966905751440208e-06
4171,3.3279124181717634e-05,3.8078912893979577e-06,9.64250102697406e-06,3.965746600442799e-06
4172,3.327166268718429e-05,3.807364691965631e-06,9.641365068091545e-06,3.9645865399506874e-06
4173,3.3264124795095995e-05,3.806570475717308e-06,9.640429198043421e-06,3.963425115216523e-06
4174,3.325657598907128e-05,3.8061398299760185e-06,9.639034033170901e-06,3.962280516134342e-06
4175,3.324913268443197e-05,3.8053713069530204e-06,9.63825368671678e-06,3.9611018110008445e-06
4176,3.3241682103835046e-05,3.8048972328397213e-06,9.637061339162756e-06,3.959944933740189e-06
4177,3.3234253351110965e-05,3.804246034633252e-06,9.636051800043788e-06,3.9587907849636395e-06
4178,3.322671909700148e-05,3.803564823101624e-06,9.635024980525486e-06,3.957625722250668e-06
4179,3.321928306831978e-05,3.803213985520415e-06,9.633711670176126e-06,3.9564715734741185e-06
4180,3.321164331282489e-05,3.802266064667492e-06,9.632854016672354e-06,3.955304691771744e-06
4181,3.32041599904187e-05,3.801863385888282e-06,9.631470675230958e-06,3.954165094910422e-06
4182,3.3196727599715814e-05,3.8011821743566543e-06,9.630660315451678e-06,3.952977294829907e-06
4183,3.3189258829224855e-05,3.8006323848094326e-06,9.629449778003618e-06,3.951835424231831e-06
4184,3.31817936967127e-05,3.799899104706128e-06,9.628462066757493e-06,3.950686277676141e-06
4185,3.317426671856083e-05,3.7994520880602067e-06,9.627203326090239e-06,3.9495221244578715e-06
4186,3.3166779758175835e-05,3.798830448431545e-06,9.626115570426919e-06,3.948366611439269e-06
4187,3.315927824587561e-05,3.798065563387354e-06,9.62516696745297e-06,3.947209279431263e-06
4188,3.315179128549062e-05,3.7975723898853175e-06,9.623947335057892e-06,3.946054675907362e-06
4189,3.314428613521159e-05,3.7969962249917444e-06,9.622865945857484e-06,3.944885065720882e-06
4190,3.3136646379716694e-05,3.796310238612932e-06,9.621697245165706e-06,3.943727733712876e-06
4191,3.3129315852420405e-05,3.7957272525090957e-06,9.620730452297721e-06,3.942571765946923e-06
4192,3.312189437565394e-05,3.795196562350611e-06,9.619705451768823e-06,3.941398517781636e-06
4193,3.3114254620159045e-05,3.7945744679745985e-06,9.618461263016798e-06,3.940243459510384e-06
4194,3.3106774935731664e-05,3.7937850265734596e-06,9.617609975975938e-06,3.939075668313308e-06
4195,3.309937892481685e-05,3.793411678998382e-06,9.61636396823451e-06,3.937921064789407e-06
4196,3.309179373900406e-05,3.792652478296077e-06,9.615355338610243e-06,3.9367573663184885e-06
4197,3.30843249685131e-05,3.7921142848063027e-06,9.614149348635692e-06,3.9356118577416055e-06
4198,3.307677980046719e-05,3.7914026052021654e-06,9.613102520233952e-06,3.93445498048095e-06
4199,3.30693437717855e-05,3.791009476117324e-06,9.611782843421679e-06,3.93331083614612e-06
4200,3.3061867725336924e-05,3.7902268559264485e-06,9.610847882868256e-06,3.932158506358974e-06
4201,3.305428981548175e-05,3.7896061257924885e-06,9.609647349861916e-06,3.931007086066529e-06
4202,3.304679921711795e-05,3.7891063584538642e-06,9.608478649170138e-06,3.92984293284826e-06
4203,3.303937774035148e-05,3.7883748973399634e-06,9.607527317712083e-06,3.928695150534622e-06
4204,3.303181438241154e-05,3.787789410125697e-06,9.606373168935534e-06,3.927530087821651e-06
4205,3.302432378404774e-05,3.787274863498169e-06,9.605153536540456e-06,3.926378667529207e-06
4206,3.301692413515411e-05,3.786511570069706e-06,9.604399565432686e-06,3.925202690879814e-06
4207,3.3009342587320134e-05,3.7861802866245853e-06,9.6028161351569e-06,3.924069005734054e-06
4208,3.300180469523184e-05,3.785184389926144e-06,9.602251338947099e-06,3.922873929695925e-06
4209,3.299426316516474e-05,3.7850008993700612e-06,9.600575140211731e-06,3.921737061318709e-06
4210,3.298688170616515e-05,3.784014324992313e-06,9.60002580541186e-06,3.92056836062693e-06
4211,3.297922376077622e-05,3.783679858315736e-06,9.598421456757933e-06,3.919424671039451e-06
4212,3.297168586868793e-05,3.7829058783245273e-06,9.597533789929003e-06,3.918249149137409e-06
4213,3.296429349575192e-05,3.78239678866521e-06,9.596313248039223e-06,3.917116828233702e-06
4214,3.2956751965684816e-05,3.781809027714189e-06,9.595150913810357e-06,3.915958586730994e-06
4215,3.294929047115147e-05,3.7810452795383753e-06,9.594243238097988e-06,3.914800799975637e-06
4216,3.294182170066051e-05,3.780754241233808e-06,9.59277713263873e-06,3.91365801988286e-06
4217,3.293443296570331e-05,3.7796366996190045e-06,9.592398782842793e-06,3.912479314749362e-06
4218,3.2926818676060066e-05,3.779763574129902e-06,9.59038152359426e-06,3.911334715667181e-06
4219,3.291925531812012e-05,3.77843389287591e-06,9.590052286512218e-06,3.9101537367969286e-06
4220,3.291177927167155e-05,3.7783931929880055e-06,9.588306056684814e-06,3.909015958925011e-06
4221,3.290428867330775e-05,3.7773806980112568e-06,9.587654858478345e-06,3.907850441464689e-06
4222,3.2896896300371736e-05,3.7771046663692687e-06,9.586286978446878e-06,3.906700840161648e-06
4223,3.28891837853007e-05,3.7762913507322082e-06,9.585115549270995e-06,3.905555331584765e-06
4224,3.2881824154173955e-05,3.7756308302050456e-06,9.584172403265256e-06,3.90440391129232e-06
4225,3.287426079623401e-05,3.775366849367856e-06,9.582572602084838e-06,3.9032647691783495e-06
4226,3.286677383584902e-05,3.7742702261311933e-06,9.582032362231985e-06,3.902093794749817e-06
4227,3.2859174098121e-05,3.7741660889878403e-06,9.580173355061561e-06,3.90096693081432e-06
4228,3.2851789001142606e-05,3.773110620386433e-06,9.579805009707343e-06,3.899774583260296e-06
4229,3.284421836724505e-05,3.77303990717337e-06,9.577947821526323e-06,3.898646355082747e-06
4230,3.2836716854944825e-05,3.7718505154771265e-06,9.577492164680734e-06,3.897474925906863e-06
4231,3.282917168689892e-05,3.7716238239227096e-06,9.575828698871192e-06,3.8963435144978575e-06
4232,3.28217247442808e-05,3.7708846321038436e-06,9.575065632816404e-06,3.89515480492264e-06
4233,3.281415774836205e-05,3.770267767322366e-06,9.573799616191536e-06,3.894017936545424e-06
4234,3.2806594390422106e-05,3.7696461276937043e-06,9.572646376909688e-06,3.892860149790067e-06
4235,3.2799103792058304e-05,3.769131353692501e-06,9.571495866111945e-06,3.891695087077096e-06
4236,3.279159136582166e-05,3.7685631468775682e-06,9.570285328663886e-06,3.890548669005511e-06
4237,3.278404619777575e-05,3.7678300941479392e-06,9.56929216044955e-06,3.889384515787242e-06
4238,3.2776584703242406e-05,3.767430825973861e-06,9.567995221004821e-06,3.888231731252745e-06
4239,3.276904681115411e-05,3.7666673051717225e-06,9.567107554175891e-06,3.8870543903613e-06
4240,3.276159259257838e-05,3.766130475924001e-06,9.565803338773549e-06,3.885932073899312e-06
4241,3.2753996492829174e-05,3.765441988434759e-06,9.56475741986651e-06,3.884759735228727e-06
4242,3.2746513170422986e-05,3.7649158457497833e-06,9.563575076754205e-06,3.883604676957475e-06
4243,3.2739033485995606e-05,3.7643751511495793e-06,9.562324521539267e-06,3.882466899085557e-06
4244,3.273148104199208e-05,3.763574795812019e-06,9.561377737554722e-06,3.881305929098744e-06
4245,3.272398316767067e-05,3.763199629247538e-06,9.559968930261675e-06,3.880163149005966e-06
4246,3.271642708568834e-05,3.7624299693561625e-06,9.559040336171165e-06,3.878991265082732e-06
4247,3.270894376328215e-05,3.7618708574882476e-06,9.557835255691316e-06,3.877847575495252e-06
4248,3.270134766353294e-05,3.7613588119711494e-06,9.556477380101569e-06,3.87670252166572e-06
4249,3.269391163485125e-05,3.7605861962219933e-06,9.55563155002892e-06,3.875538823194802e-06
4250,3.268637374276295e-05,3.760231493288302e-06,9.55409723246703e-06,3.874408776027849e-06
4251,3.267882493673824e-05,3.759331320907222e-06,9.55334871832747e-06,3.8732291613996495e-06
4252,3.267128340667114e-05,3.759015271498356e-06,9.55183531914372e-06,3.872086836054223e-06
4253,3.266384010203183e-05,3.7581583001156105e-06,9.551024049869739e-06,3.870931777782971e-06
4254,3.265620762249455e-05,3.757794956982252e-06,9.549513379170094e-06,3.8697803574905265e-06
4255,3.264890983700752e-05,3.757083959499141e-06,9.548655725666322e-06,3.868634394166293e-06
4256,3.264121914980933e-05,3.7564827835012693e-06,9.54731603997061e-06,3.867484338115901e-06
4257,3.263368853367865e-05,3.7559252632490825e-06,9.546145520289429e-06,3.866322913381737e-06
4258,3.262628160882741e-05,3.7552963476628065e-06,9.545152352075092e-06,3.865166945615783e-06
4259,3.261855454184115e-05,3.754716999537777e-06,9.543744454276748e-06,3.864018708554795e-06
4260,3.261109668528661e-05,3.754026920432807e-06,9.542710358800832e-06,3.86287229048321e-06
4261,3.260365701862611e-05,3.7535608043981483e-06,9.541519830236211e-06,3.861715413222555e-06
4262,3.25961118505802e-05,3.7528359371208353e-06,9.540430255583487e-06,3.860569449898321e-06
4263,3.258865763200447e-05,3.752306383830728e-06,9.539306120132096e-06,3.85940938940621e-06
4264,3.258096694480628e-05,3.7516526845138287e-06,9.538009180687368e-06,3.8582611523452215e-06
4265,3.257354546803981e-05,3.7511056234507123e-06,9.536988727631979e-06,3.85709063266404e-06
4266,3.2565971196163446e-05,3.7505690215766663e-06,9.535603567201179e-06,3.855960130749736e-06
4267,3.255849514971487e-05,3.7497893572435714e-06,9.534785931464285e-06,3.854784154100344e-06
4268,3.255100818932988e-05,3.74945511794067e-06,9.533335287414957e-06,3.85364364774432e-06
4269,3.2543481211178005e-05,3.748633844224969e-06,9.53231574385427e-06,3.852506779367104e-06
4270,3.2535888749407604e-05,3.748147037185845e-06,9.531008799967822e-06,3.851346718874993e-06
4271,3.252845272072591e-05,3.7475060707947705e-06,9.529871022095904e-06,3.850215307465987e-06
4272,3.2520903914701194e-05,3.746886022781837e-06,9.528831469651777e-06,3.849037511827191e-06
4273,3.2513395126443356e-05,3.746372158275335e-06,9.527429938316345e-06,3.84791837859666e-06
4274,3.250586087233387e-05,3.7456104564626003e-06,9.526507710688747e-06,3.84674876841018e-06
4275,3.24982320307754e-05,3.745276444533374e-06,9.524958841211628e-06,3.84559962185449e-06
4276,3.249072324251756e-05,3.7444203826453304e-06,9.524114830128383e-06,3.844437287625624e-06
4277,3.248322900617495e-05,3.74400724467705e-06,9.522796972305514e-06,3.8432854125858285e-06
4278,3.2475705666001886e-05,3.7433474062709138e-06,9.521689207758754e-06,3.842133992293384e-06
4279,3.2468215067638084e-05,3.742655962923891e-06,9.520760613668244e-06,3.840959834633395e-06
4280,3.246060077799484e-05,3.7422289551614085e-06,9.519211744191125e-06,3.8398325159505475e-06
4281,3.2453091989737004e-05,3.7413292375276797e-06,9.518467777525075e-06,3.8386588130379096e-06
4282,3.244559047743678e-05,3.7411066386994207e-06,9.516817954136059e-06,3.8375337680918165e-06
4283,3.2438030757475644e-05,3.7402032830868848e-06,9.51597758103162e-06,3.836370069620898e-06
4284,3.243049286538735e-05,3.739798103197245e-06,9.5145824161591e-06,3.8352222873072606e-06
4285,3.242295133532025e-05,3.7392280773929087e-06,9.513328222965356e-06,3.834079052467132e-06
4286,3.241544618504122e-05,3.738475697900867e-06,9.512421456747688e-06,3.832909897028003e-06
4287,3.240791556891054e-05,3.73812326870393e-06,9.510822565061972e-06,3.8317939470289275e-06
4288,3.2400392228737473e-05,3.737128963621217e-06,9.510278687230311e-06,3.8305965972540434e-06
4289,3.2392861612606794e-05,3.7371103189798305e-06,9.508311450190376e-06,3.829487923212582e-06
4290,3.238532735849731e-05,3.7357924611569615e-06,9.508117727818899e-06,3.828283297480084e-06
4291,3.237784403609112e-05,3.7359516227297718e-06,9.505920388619415e-06,3.827194177574711e-06
4292,3.237023338442668e-05,3.7346028420870425e-06,9.50574849412078e-06,3.825976818916388e-06
4293,3.236276097595692e-05,3.7347983834479237e-06,9.503425644652452e-06,3.824907707894454e-06
4294,3.235514304833487e-05,3.733410949280369e-06,9.503297405899502e-06,3.8236871660046745e-06
4295,3.234765608794987e-05,3.7335264551074943e-06,9.50114645092981e-06,3.822596681857249e-06
4296,3.2340110919903964e-05,3.732380264409585e-06,9.500754458713345e-06,3.821394784608856e-06
4297,3.233244933653623e-05,3.7322113257687306e-06,9.498826329945587e-06,3.8202824725885876e-06
4298,3.232500603189692e-05,3.7313150187401334e-06,9.498151484876871e-06,3.819108314928599e-06
4299,3.2317442673956975e-05,3.730879825525335e-06,9.496733582636807e-06,3.817965989583172e-06
4300,3.230988295399584e-05,3.7302352211554535e-06,9.495541235082783e-06,3.81682093575364e-06
4301,3.230241418350488e-05,3.7294771573215257e-06,9.494648111285642e-06,3.815658146777423e-06
4302,3.229481080779806e-05,3.729285026565776e-06,9.492876415606588e-06,3.8145303733472247e-06
4303,3.2287345675285906e-05,3.728090177901322e-06,9.492541721556336e-06,3.8133425732667092e-06
4304,3.227980050724e-05,3.728284127646475e-06,9.490298907621764e-06,3.812243676293292e-06
4305,3.227221532142721e-05,3.726762543010409e-06,9.490311640547588e-06,3.8110281366243726e-06
4306,3.2264804758597165e-05,3.7272034205670934e-06,9.487892384640872e-06,3.8099421999504557e-06
4307,3.225717227905989e-05,3.725581109392806e-06,9.48789602261968e-06,3.8087384837126592e-06
4308,3.2249692594632506e-05,3.725777560248389e-06,9.485707778367214e-06,3.8076414057286456e-06
4309,3.2242089218925685e-05,3.7246416013658745e-06,9.485142072662711e-06,3.8064613363530952e-06
4310,3.223458770662546e-05,3.7244353734422475e-06,9.483464964432642e-06,3.805337200901704e-06
4311,3.222700979677029e-05,3.72361591871595e-06,9.482489986112341e-06,3.804181005762075e-06
4312,3.22194246109575e-05,3.723045892911614e-06,9.481142114964314e-06,3.8030475479899906e-06
4313,3.221179940737784e-05,3.722560222740867e-06,9.479856089456007e-06,3.8018768009351334e-06
4314,3.22043924825266e-05,3.7218674151517916e-06,9.478862011746969e-06,3.8007324292266276e-06
4315,3.2196880056289956e-05,3.7213442283245968e-06,9.477542334934697e-06,3.7995987440808676e-06
4316,3.218934216420166e-05,3.720651193361846e-06,9.47654916672036e-06,3.798428224399686e-06
4317,3.2181720598600805e-05,3.7202289604465477e-06,9.475017577642575e-06,3.7972947666276013e-06
4318,3.2174189982470125e-05,3.7194813558016904e-06,9.47411263041431e-06,3.796118789978209e-06
4319,3.216680488549173e-05,3.7188769965723623e-06,9.472965757595375e-06,3.794992380790063e-06
4320,3.215913602616638e-05,3.7185384371696273e-06,9.471512385061942e-06,3.793817086261697e-06
4321,3.215157994418405e-05,3.717594381669187e-06,9.470631994190626e-06,3.7926708955637878e-06
4322,3.214416210539639e-05,3.7174031604081392e-06,9.468993994232733e-06,3.791552671827958e-06
4323,3.213651507394388e-05,3.716263108799467e-06,9.468441930948757e-06,3.7903619158896618e-06
4324,3.2128995371749625e-05,3.716503215400735e-06,9.46613545238506e-06,3.789271431742236e-06
4325,3.212143565178849e-05,3.7148229239392094e-06,9.466259143664502e-06,3.7880706713622203e-06
4326,3.211377770639956e-05,3.7154431993258186e-06,9.46331874729367e-06,3.787002924582339e-06
4327,3.210638169548474e-05,3.7135580441827187e-06,9.463971764489543e-06,3.7857705592614366e-06
4328,3.209873830201104e-05,3.714346576089156e-06,9.460773071623407e-06,3.784723730859696e-06
4329,3.209126225556247e-05,3.7122481444384903e-06,9.461638001084793e-06,3.783475222007837e-06
4330,3.2083735277410597e-05,3.713143769346061e-06,9.458452041144483e-06,3.7824274841113947e-06
4331,3.20761973853223e-05,3.711266572281602e-06,9.45903047977481e-06,3.781180112127913e-06
4332,3.206863038940355e-05,3.7118556974746753e-06,9.456205589231104e-06,3.7801141843374353e-06
4333,3.2061070669442415e-05,3.7101015095686307e-06,9.456507541472092e-06,3.7788927329529542e-06
4334,3.2053489121608436e-05,3.710641294674133e-06,9.453801794734318e-06,3.777809752136818e-06
4335,3.204586755600758e-05,3.7089805573486956e-06,9.453964594285935e-06,3.77658466277353e-06
4336,3.203839878551662e-05,3.709379370775423e-06,9.451377991354093e-06,3.7755282846774207e-06
4337,3.203087180736475e-05,3.70783368452976e-06,9.451526238990482e-06,3.774302285819431e-06
4338,3.202328662155196e-05,3.708329813889577e-06,9.44878593145404e-06,3.7732336295448476e-06
4339,3.201581057510339e-05,3.7064446587464772e-06,9.449344361200929e-06,3.7720039927080506e-06
4340,3.200823994120583e-05,3.7073332350701094e-06,9.446068361285143e-06,3.7709671687480295e-06
4341,3.200063656549901e-05,3.7050690480100457e-06,9.447186130273622e-06,3.7696763683925383e-06
4342,3.199297862011008e-05,3.7064494335936615e-06,9.443083399673924e-06,3.7686891118937638e-06
4343,3.198548802174628e-05,3.7035304103483213e-06,9.445187970413826e-06,3.7673537462978857e-06
4344,3.197808837285265e-05,3.705724338942673e-06,9.440265785087831e-06,3.7664194678654894e-06
4345,3.197051046299748e-05,3.701959030877333e-06,9.443472663406283e-06,3.7650154354196275e-06
4346,3.196296529495157e-05,3.704934215420508e-06,9.437034350412432e-06,3.7641991639247863e-06
4347,3.195550380041823e-05,3.7001400414737873e-06,9.442022928851657e-06,3.762668256968027e-06
4348,3.1948115065461025e-05,3.7047739169793203e-06,9.433266313862987e-06,3.7620150123984786e-06
4349,3.194078817614354e-05,3.697766715049511e-06,9.44157363846898e-06,3.76028947357554e-06
4350,3.19333812512923e-05,3.7051192975923186e-06,9.428797056898475e-06,3.759892933885567e-06
4351,3.192620351910591e-05,3.6950250432710163e-06,9.441811016586144e-06,3.7578736282739555e-06
4352,3.191920404788107e-05,3.7060544855194166e-06,9.423813025932759e-06,3.7578668070636922e-06
4353,3.1912615668261424e-05,3.691485289891716e-06,9.443976523471065e-06,3.755430498131318e-06
4354,3.190619463566691e-05,3.708572876348626e-06,9.417561159352772e-06,3.756012119993102e-06
4355,3.190077768522315e-05,3.687013531816774e-06,9.448971468373202e-06,3.7529587189055746e-06
4356,3.189635026501492e-05,3.712911393449758e-06,9.410661732545123e-06,3.754555336854537e-06
4357,3.1893861887510866e-05,3.681249609144288e-06,9.459699867875315e-06,3.750582663997193e-06
4358,3.1894349376671016e-05,3.7217462249827804e-06,9.40347308642231e-06,3.7538256947300397e-06
4359,3.1899693567538634e-05,3.673865649034269e-06,9.48279739532154e-06,3.748606104636565e-06
4360,3.1912826671032235e-05,3.738631676242221e-06,9.399765986017883e-06,3.7548854834312806e-06
4361,3.1939009204506874e-05,3.666138354674331e-06,9.532330295769498e-06,3.7481079289136687e-06
4362,3.198647027602419e-05,3.7727725157310488e-06,9.412780855200253e-06,3.7601835174427833e-06
4363,3.206973633496091e-05,3.6634587559092324e-06,9.64535320235882e-06,3.752184284167015e-06
4364,3.221272345399484e-05,3.846747404168127e-06,9.485088412475307e-06,3.776177436520811e-06
4365,3.2455929613206536e-05,3.6867761536996113e-06,9.918407158693299e-06,3.7701490782637848e-06
4366,3.2868829293875024e-05,4.016132152173668e-06,9.747305739438161e-06,3.821078280452639e-06
4367,3.357092646183446e-05,3.8038683669583406e-06,1.0617954103508964e-05,3.829821253020782e-06
4368,3.476765414234251e-05,4.436911240190966e-06,1.0600742825772613e-05,3.946000106225256e-06
4369,3.68119654012844e-05,4.230570993968286e-06,1.2512740795500576e-05,4.013730176666286e-06
4370,4.031099524581805e-05,5.5468954087700695e-06,1.3263168511912227e-05,4.30018599217874e-06
4371,4.629600152838975e-05,5.6290841712325346e-06,1.782345680112485e-05,4.568691565509653e-06
4372,5.6493277952540666e-05,8.584184797655325e-06,2.1343172193155624e-05,5.313184374244884e-06
4373,7.366646605078131e-05,9.922095159708988e-06,3.278472286183387e-05,6.191929060150869e-06
4374,0.000101925601484254,1.6792697351775132e-05,4.458949115360156e-05,8.108682777674403e-06
4375,0.000146319973282516,2.1717025447287597e-05,7.207719318103045e-05,1.0505153113626875e-05
4376,0.00021043095330242068,3.599695264711045e-05,0.00010117336205439642,1.4652127902081702e-05
4377,0.0002890935284085572,4.535302650765516e-05,0.00014964737056288868,1.8818629541783594e-05
4378,0.00035766843939200044,6.186812242958695e-05,0.00018059204739984125,2.3041651729727164e-05
4379,0.0003696375642903149,5.899551251786761e-05,0.0001974173792405054,2.2644930140813813e-05
4380,0.0002918579848483205,5.025442806072533e-05,0.00015300133964046836,1.7720445612212643e-05
4381,0.00015879054262768477,2.4381111870752648e-05,8.908226300263777e-05,9.065433005162049e-06
4382,6.589177792193368e-05,9.092653272091411e-06,3.680336521938443e-05,3.999151431344217e-06
4383,7.455433660652488e-05,1.2363244422886055e-05,3.430130163906142e-05,5.577957836067071e-06
4384,0.0001518470235168934,2.143448182323482e-05,7.48715247027576e-05,1.1108203580079135e-05
4385,0.00020818939083255827,3.627105616033077e-05,9.408975893165916e-05,1.556571623950731e-05
4386,0.00018199271289631724,2.6409410565975122e-05,8.910266478778794e-05,1.3296128599904478e-05
4387,0.00010018140892498195,1.723568857414648e-05,4.375614662421867e-05,7.83791438152548e-06
4388,4.772575630340725e-05,5.506992692971835e-06,2.2972501028561965e-05,3.849252607324161e-06
4389,6.582953210454434e-05,9.272672286897432e-06,3.265226769144647e-05,4.7809185161895584e-06
4390,0.00011097252718172967,1.8526194253354333e-05,5.283527934807353e-05,7.922211807454005e-06
4391,0.0001173219206975773,1.7234133338206448e-05,5.782387961517088e-05,8.452781003143173e-06
4392,7.53812346374616e-05,1.2107827387808356e-05,3.1328781915362924e-05,6.388926067302236e-06
4393,3.5715253034140915e-05,4.1535931813996285e-06,1.2001995855825953e-05,3.9119322536862455e-06
4394,3.9438782550860196e-05,4.641662599169649e-06,1.4058503438718617e-05,4.147723757341737e-06
4395,6.971291441004723e-05,1.1087658094766084e-05,2.810743717418518e-05,6.103564373916015e-06
4396,8.20631321403198e-05,1.1463008377177175e-05,3.802697756327689e-05,6.514628694276325e-06
4397,6.24550593784079e-05,9.702843271952588e-06,2.610072260722518e-05,5.330298336048145e-06
4398,3.8921138184377924e-05,4.968284883943852e-06,1.4858132999506779e-05,3.818944151134929e-06
4399,3.947009827243164e-05,4.354712928034132e-06,1.5184408766799606e-05,3.986195679317461e-06
4400,5.699622488464229e-05,9.241397492587566e-06,2.0912610125378706e-05,5.368443453335203e-06
4401,6.446674524340779e-05,8.060716027102899e-06,2.7661651984089985e-05,5.748875992139801e-06
4402,5.203050750424154e-05,8.174089089152403e-06,1.8434584490023553e-05,5.084366875962587e-06
4403,3.637649933807552e-05,4.0078075471683405e-06,1.298742790822871e-05,3.876252321788343e-06
4404,3.517679942888208e-05,4.3114587242598645e-06,1.2036241969326511e-05,3.7658194287359947e-06
4405,4.484271994442679e-05,6.450664386647986e-06,1.6095611499622464e-05,4.459288902580738e-06
4406,4.914376768283546e-05,6.148823558760341e-06,1.968151264009066e-05,4.662686023948481e-06
4407,4.1929364670068026e-05,6.054916866560234e-06,1.4058190572541207e-05,4.363251264294377e-06
4408,3.294557973276824e-05,3.7618840451614233e-06,1.0395931894890964e-05,3.757552804017905e-06
4409,3.265075065428391e-05,3.778016434807796e-06,1.0220506737823598e-05,3.730445769178914e-06
4410,3.895209374604747e-05,5.396565484261373e-06,1.2782979865733068e-05,4.154509042564314e-06
4411,4.2166975617874414e-05,5.12079077452654e-06,1.579553645569831e-05,4.2501296775299124e-06
4412,3.8428457628469914e-05,5.197392056288663e-06,1.2861879440606572e-05,4.073836862517055e-06
4413,3.330058098072186e-05,4.017813353129895e-06,1.0732135706348345e-05,3.7101265206729295e-06
4414,3.303775883978233e-05,3.6739154438691912e-06,1.0763378668343648e-05,3.7200927636149572e-06
4415,3.6684974475065246e-05,5.140020675753476e-06,1.1357084076735191e-05,4.037573944515316e-06
4416,3.8636455428786576e-05,4.336182882980211e-06,1.3859233149560168e-05,4.08820824304712e-06
4417,3.640693466877565e-05,5.079389666207135e-06,1.1240859748795629e-05,4.017337232653517e-06
4418,3.308117447886616e-05,3.6782871575269382e-06,1.0761142220871989e-05,3.7283496112650027e-06
4419,3.247866698075086e-05,3.9528745219286066e-06,1.0118374120793305e-05,3.6814838040299946e-06
4420,3.437544364714995e-05,4.339684892329387e-06,1.0964309694827534e-05,3.8142902667459566e-06
4421,3.55755073542241e-05,4.214459295326378e-06,1.2092718861822505e-05,3.853665930364514e-06
4422,3.4363405575277284e-05,4.387377884995658e-06,1.0793839464895427e-05,3.83643782697618e-06
4423,3.228700370527804e-05,3.818480763584375e-06,1.0004690921050496e-05,3.6927663131791633e-06
4424,3.167038448737003e-05,3.6310946143203182e-06,9.668015991337597e-06,3.674254912766628e-06
4425,3.2683892641216516e-05,4.180051746516256e-06,9.629698979551904e-06,3.774828201130731e-06
4426,3.356475644977763e-05,3.7839108699699864e-06,1.0822530384757556e-05,3.7916631754342234e-06
4427,3.308377563371323e-05,4.256567081029061e-06,9.800578482099809e-06,3.8053262869652826e-06
4428,3.1887408113107085e-05,3.646362074505305e-06,9.776603292266373e-06,3.6928884128428763e-06
4429,3.13659111270681e-05,3.7057559438835597e-06,9.321207471657544e-06,3.6677893149317242e-06
4430,3.1874413252808154e-05,3.912511147063924e-06,9.400942872161977e-06,3.712191983140656e-06
4431,3.251972157158889e-05,3.7061740840726998e-06,1.0180518074776046e-05,3.7266058825480286e-06
4432,3.243924584239721e-05,4.085972250322811e-06,9.580585356161464e-06,3.754537829081528e-06
4433,3.178889528498985e-05,3.6394733342604013e-06,9.73058195086196e-06,3.683768227347173e-06
4434,3.136054874630645e-05,3.7494810385396704e-06,9.27429209696129e-06,3.667355258585303e-06
4435,3.154815931338817e-05,3.7769923437735997e-06,9.378536560689099e-06,3.678526127259829e-06
4436,3.197578189428896e-05,3.7155134577915305e-06,9.829751434153877e-06,3.686103354993975e-06
4437,3.207558620488271e-05,3.923945314454613e-06,9.588136890670285e-06,3.712700390678947e-06
4438,3.176668906235136e-05,3.7177994727244368e-06,9.684285942057613e-06,3.6729209114128025e-06
4439,3.1450170354219154e-05,3.6976316550862975e-06,9.43980376177933e-06,3.662546987470705e-06
4440,3.146495873806998e-05,3.8196099012566265e-06,9.29934140003752e-06,3.6692010780825512e-06
4441,3.172335709678009e-05,3.601804792197072e-06,9.766149560164195e-06,3.671080548883765e-06
4442,3.1894363928586245e-05,3.9844844650360756e-06,9.39050005399622e-06,3.703875563587644e-06
4443,3.181842839694582e-05,3.5987989122077124e-06,9.862407750915736e-06,3.6714441193907987e-06
4444,3.165122325299308e-05,3.897810529451817e-06,9.388464604853652e-06,3.6729891235154355e-06
4445,3.163504879921675e-05,3.6470523809839506e-06,9.729327757668216e-06,3.6517337775876513e-06
4446,3.182299406034872e-05,3.84609757020371e-06,9.704253898235038e-06,3.654528427432524e-06
4447,3.2066574931377545e-05,3.7681031699321466e-06,9.98714313027449e-06,3.6622654988605063e-06
4448,3.22247069561854e-05,3.919374648830853e-06,1.0029730219685007e-05,3.6551207358570537e-06
4449,3.232715971535072e-05,3.746833272089134e-06,1.0324713002773933e-05,3.6511228245217353e-06
4450,3.252809256082401e-05,4.076403911312809e-06,1.017404065351002e-05,3.6555295537255006e-06
4451,3.294440466561355e-05,3.7132588204258354e-06,1.0987124369421508e-05,3.6488042951532407e-06
4452,3.357942478032783e-05,4.382470706332242e-06,1.0779797776194755e-05,3.683431714307517e-06
4453,3.4394226531730965e-05,3.836300493276212e-06,1.2244994650245644e-05,3.6625860957428813e-06
4454,3.5434699384495616e-05,4.776582500198856e-06,1.2191265341243707e-05,3.6933697629137896e-06
4455,3.6872923374176025e-05,4.1682606024551205e-06,1.44367222674191e-05,3.65358755516354e-06
4456,3.8963567931205034e-05,5.429032171377912e-06,1.5151923435041681e-05,3.6765227378054988e-06
4457,4.197156522423029e-05,4.9100895012088586e-06,1.886047175503336e-05,3.6402007026481442e-06
4458,4.6216729970183223e-05,6.759067673556274e-06,2.1090170776005834e-05,3.673497758427402e-06
4459,5.211643292568624e-05,6.374090389726916e-06,2.7532347303349525e-05,3.6419983189261984e-06
4460,6.031971861375496e-05,9.334186870546546e-06,3.24379579978995e-05,3.7095146581123117e-06
4461,7.158819789765403e-05,9.230271643900778e-06,4.393486597109586e-05,3.684611783683067e-06
4462,8.68342540343292e-05,1.4052671758690849e-05,5.3696141549153253e-05,3.817088327195961e-06
4463,0.00010656398080755025,1.4539414223690983e-05,7.30557439965196e-05,3.793764790316345e-06
4464,0.00013081722136121243,2.1653444491676055e-05,8.92682874109596e-05,3.9790975279174745e-06
4465,0.0001576316135469824,2.2517910110764205e-05,0.00011552382784429938,3.917974481737474e-06
4466,0.00018316648493055254,3.0491304642055184e-05,0.00013218465028330684,4.098106273886515e-06
4467,0.0001997406652662903,2.9267454010550864e-05,0.00015066984633449465,3.9606729842489585e-06
4468,0.00019950990099459887,3.3089861972257495e-05,0.00014604663010686636,4.0746808736003e-06
4469,0.00017633321112953126,2.5743422156665474e-05,0.0001312716049142182,3.863637630274752e-06
4470,0.00013395780115388334,2.1847672542207874e-05,9.268165740650147e-05,3.885694241034798e-06
4471,8.500835974700749e-05,1.153640459961025e-05,5.5014901590766385e-05,3.6914111660735216e-06
4472,4.693891969509423e-05,6.802017196605448e-06,2.1744412151747383e-05,3.6784981602977496e-06
4473,3.128722164547071e-05,3.6523515518638305e-06,9.522598702460527e-06,3.6224541872798e-06
4474,3.842730075120926e-05,4.5213178054837044e-06,1.5798963431734592e-05,3.621404175646603e-06
4475,5.898820381844416e-05,9.020923243951984e-06,3.146560993627645e-05,3.700334218592616e-06
4476,7.96867097960785e-05,1.0572474820946809e-05,5.0719347200356424e-05,3.6789779187529348e-06
4477,8.959931437857449e-05,1.4477092918241397e-05,5.61805245524738e-05,3.7883401091676205e-06
4478,8.416218042839319e-05,1.116349631047342e-05,5.447752482723445e-05,3.7042323128844146e-06
4479,6.704394763801247e-05,1.0581105016171932e-05,3.771702904487029e-05,3.7491636248887517e-06
4480,4.718206764664501e-05,5.637426511384547e-06,2.3334239813266322e-05,3.642080628196709e-06
4481,3.3834010537248105e-05,4.448670097190188e-06,1.1188282769580837e-05,3.6394112612470053e-06
4482,3.141650449833833e-05,3.852065674436744e-06,9.473222235101275e-06,3.6182432268105913e-06
4483,3.8106838474050164e-05,4.422721758601256e-06,1.560581586090848e-05,3.6156600344838807e-06
4484,4.79804293718189e-05,7.1257959461945575e-06,2.2440432076109573e-05,3.682840315377689e-06
4485,5.4727293900214136e-05,6.788918199163163e-06,2.96793004963547e-05,3.651814267868758e-06
4486,5.485326255438849e-05,8.351014912477694e-06,2.7937123377341777e-05,3.713024625540129e-06
4487,4.881099084741436e-05,5.9451558627188206e-06,2.4662116629770026e-05,3.6407436709851027e-06
4488,4.021970016765408e-05,5.661797331413254e-06,1.6267797036562115e-05,3.658021341834683e-06
4489,3.336938243592158e-05,3.846456820610911e-06,1.147429156844737e-05,3.6097267184231896e-06
4490,3.092751285294071e-05,3.6769454254681477e-06,9.196772225550376e-06,3.610758540162351e-06
4491,3.2853153243195266e-05,4.217309196974384e-06,1.0509975254535675e-05,3.6251733490644256e-06
4492,3.697712963912636e-05,4.282713234715629e-06,1.4641508641943801e-05,3.6105814160691807e-06
4493,4.05198079533875e-05,5.738644631492207e-06,1.6530550055904314e-05,3.6501230624708114e-06
4494,4.155266651650891e-05,4.9039294935937505e-06,1.859658004832454e-05,3.610431349443388e-06
4495,3.978191671194509e-05,5.603732006420614e-06,1.5991972759366035e-05,3.637242798504303e-06
4496,3.6338169593364e-05,4.202278432785533e-06,1.415564474882558e-05,3.5960492823505774e-06
4497,3.297808871138841e-05,4.248016921337694e-06,1.0695003766159061e-05,3.6070134683541255e-06
4498,3.108701639575884e-05,3.6457540772971697e-06,9.4768774943077e-06,3.5928774195781443e-06
4499,3.1097275495994836e-05,3.631333129305858e-06,9.50855428527575e-06,3.591477252484765e-06
4500,3.247948916396126e-05,4.1481739572191145e-06,1.0308152923244052e-05,3.6046326385985594e-06
4501,3.4192406019428745e-05,3.927566922357073e-06,1.2315211279201321e-05,3.589925427149865e-06
4502,3.52693532477133e-05,4.729528882307932e-06,1.2473507922550198e-05,3.6132626064500073e-06
4503,3.523220220813528e-05,4.061397248733556e-06,1.322136631642934e-05,3.589887455746066e-06
4504,3.421061410335824e-05,4.511032329901354e-06,1.1653663023025729e-05,3.6091839774599066e-06
4505,3.2749379897722974e-05,3.7677993987017544e-06,1.103933755075559e-05,3.5884484077541856e-06
4506,3.1487594242207706e-05,3.908310645783786e-06,9.589984074409585e-06,3.5978603136754828e-06
4507,3.085392381763086e-05,3.6386090869200416e-06,9.26776738197077e-06,3.5895097880711546e-06
4508,3.0928466003388166e-05,3.6354956591821974e-06,9.351437256555073e-06,3.5883067539543845e-06
4509,3.148299583699554e-05,3.9049914448696654e-06,9.607132597011514e-06,3.594174586396548e-06
4510,3.2144216675078496e-05,3.7045210774522275e-06,1.0520934665692039e-05,3.583752231861581e-06
4511,3.257688877056353e-05,4.170048214291455e-06,1.0419144018669613e-05,3.5975394894194324e-06
4512,3.260988523834385e-05,3.744506329894648e-06,1.0958775419567246e-05,3.5813209251500666e-06
4513,3.226994886063039e-05,4.107986114831874e-06,1.0189539352722932e-05,3.5944842693425016e-06
4514,3.172564902342856e-05,3.6562339573720237e-06,1.0175556781177875e-05,3.5787718388746725e-06
4515,3.11937001242768e-05,3.843937520287e-06,9.418881745659746e-06,3.5861762626154814e-06
4516,3.0842293199384585e-05,3.6221945265424438e-06,9.330409739050083e-06,3.5779376048594713e-06
4517,3.074030246352777e-05,3.6537458072416484e-06,9.194060112349689e-06,3.578499672585167e-06
4518,3.085321077378467e-05,3.7348879686760483e-06,9.217785191140138e-06,3.580107431844226e-06
4519,3.107840529992245e-05,3.6157564409222687e-06,9.590688023308758e-06,3.5743923945119604e-06
4520,3.129752440145239e-05,3.876506525557488e-06,9.508843504590914e-06,3.582434374038712e-06
4521,3.142026253044605e-05,3.6313758755568415e-06,9.927065548254177e-06,3.5723639939533314e-06
4522,3.140936678391881e-05,3.906694473698735e-06,9.595080882718321e-06,3.5815185128740268e-06
4523,3.1281382689485326e-05,3.6237147469364572e-06,9.803396096685901e-06,3.5708544601220638e-06
4524,3.108831151621416e-05,3.818465756921796e-06,9.382180905959103e-06,3.5775328797171824e-06
4525,3.089325764449313e-05,3.612716227507917e-06,9.430157660972327e-06,3.5700770695257233e-06
4526,3.0746799893677235e-05,3.7025890833319863e-06,9.18028672458604e-06,3.572784407879226e-06
4527,3.067494253627956e-05,3.6408082451089285e-06,9.183075235341676e-06,3.5702121294889366e-06
4528,3.067579382332042e-05,3.631037088780431e-06,9.200572094414383e-06,3.5688372008735314e-06
4529,3.0727198463864625e-05,3.703064976434689e-06,9.171843885269482e-06,3.570458147805766e-06
4530,3.0797888030065224e-05,3.608485030781594e-06,9.359961040900089e-06,3.565888391676708e-06
4531,3.0858042009640485e-05,3.7559464090008987e-06,9.252737072529271e-06,3.5698715237231227e-06
4532,3.088804078288376e-05,3.6057165289093973e-06,9.464079994359054e-06,3.563649215720943e-06
4533,3.0880633858032525e-05,3.7660261114069726e-06,9.27350265556015e-06,3.5682205634657294e-06
4534,3.084073250647634e-05,3.6040735267306445e-06,9.42716360441409e-06,3.561899347914732e-06
4535,3.078042573179118e-05,3.73563784705766e-06,9.216366379405372e-06,3.56568421011616e-06
4536,3.0714349122717977e-05,3.606161726565915e-06,9.305603271059226e-06,3.5605164612206863e-06
4537,3.065570126636885e-05,3.6886142424918944e-06,9.15360124054132e-06,3.562696974768187e-06
4538,3.0612878617830575e-05,3.620357119871187e-06,9.195455277222209e-06,3.5594130167737603e-06
4539,3.058905349462293e-05,3.647414359875256e-06,9.143661372945644e-06,3.5595955978351412e-06
4540,3.058278525713831e-05,3.6459971397562185e-06,9.144416253548115e-06,3.5584741908678552e-06
4541,3.05891917378176e-05,3.620898269218742e-06,9.184786904370412e-06,3.556701130946749e-06
4542,3.060197559534572e-05,3.6732067201228347e-06,9.141162081505172e-06,3.5575212677940726e-06
4543,3.061499955947511e-05,3.6070180158276344e-06,9.236934602085967e-06,3.5542093428375665e-06
4544,3.0623734346590936e-05,3.6910751077812165e-06,9.151433914666995e-06,3.5562447919801343e-06
4545,3.06254078168422e-05,3.6012147575092968e-06,9.26394568523392e-06,3.552049292920856e-06
4546,3.061931056436151e-05,3.694141469168244e-06,9.15272357815411e-06,3.5544887850846862e-06
4547,3.060656672460027e-05,3.6003564218844986e-06,9.255499207938556e-06,3.5501418551575625e-06
4548,3.058890069951303e-05,3.6846315651928307e-06,9.142999260802753e-06,3.5522543839761056e-06
4549,3.0568582587875426e-05,3.60329136128712e-06,9.223171218764037e-06,3.5484238196659135e-06
4550,3.054775152122602e-05,3.6679448385257274e-06,9.130935723078437e-06,3.5497739645506954e-06
4551,3.052808824577369e-05,3.609691020756145e-06,9.184264854411595e-06,3.5468267469696e-06
4552,3.0510920623783022e-05,3.6497640394372866e-06,9.124851203523576e-06,3.5472610306896968e-06
4553,3.0496623367071152e-05,3.618144546635449e-06,9.152034181170166e-06,3.545288791428902e-06
4554,3.048559301532805e-05,3.6341202758194413e-06,9.127354132942855e-06,3.5448235848889453e-06
4555,3.0477291147690266e-05,3.6271642329666065e-06,9.131590559263714e-06,3.543707180142519e-06
4556,3.047114660148509e-05,3.6222297694621375e-06,9.136136213783175e-06,3.5425562145974254e-06
4557,3.0466395401163027e-05,3.635209168351139e-06,9.120903996517882e-06,3.5420562198851258e-06
4558,3.046261554118246e-05,3.613890839915257e-06,9.146771844825707e-06,3.540390707712504e-06
4559,3.045896301046014e-05,3.6412550343811745e-06,9.115889042732306e-06,3.5403638776188018e-06
4560,3.0455343221547082e-05,3.608084853112814e-06,9.155908628599718e-06,3.5382697660679696e-06
4561,3.0451345082838088e-05,3.645362767201732e-06,9.11320785235148e-06,3.538555120030651e-06
4562,3.044663753826171e-05,3.6038252346770605e-06,9.162032256426755e-06,3.5361556456336984e-06
4563,3.0441513445111923e-05,3.647403445938835e-06,9.110839528148063e-06,3.53665404873027e-06
4564,3.0435941880568862e-05,3.600938953240984e-06,9.164841685560532e-06,3.534032202878734e-06
4565,3.0429591788561083e-05,3.6477890716923866e-06,9.108349331654608e-06,3.5346906770428177e-06
4566,3.0423230782616884e-05,3.5987138744530967e-06,9.164813491224777e-06,3.531940592438332e-06
4567,3.0416373192565516e-05,3.6470496524998453e-06,9.105968274525367e-06,3.532671144057531e-06
4568,3.040947558474727e-05,3.5972070691059344e-06,9.162914466287475e-06,3.529870809870772e-06
4569,3.0402487027458847e-05,3.6455185181694105e-06,9.10387734620599e-06,3.5306184145156294e-06
4570,3.039549119421281e-05,3.5960410968982615e-06,9.160226909443736e-06,3.527844455675222e-06
4571,3.038860268134158e-05,3.6439196264836937e-06,9.101877367356792e-06,3.528561137500219e-06
4572,3.0382079785340466e-05,3.594830786823877e-06,9.158020475297235e-06,3.525845841068076e-06
4573,3.037569513253402e-05,3.6428934890864184e-06,9.10002927412279e-06,3.5265545648144325e-06
4574,3.0369772503036074e-05,3.5932293940277305e-06,9.157286513072904e-06,3.523851319187088e-06
4575,3.0364195481524803e-05,3.642953743110411e-06,9.098319424083456e-06,3.5245845992903924e-06
4576,3.0359056836459786e-05,3.590831965993857e-06,9.159130058833398e-06,3.521818825902301e-06
4577,3.0354764021467417e-05,3.644474872999126e-06,9.096822395804338e-06,3.522693532431731e-06
4578,3.0351155146490782e-05,3.587577111829887e-06,9.164925359073095e-06,3.5197308534407057e-06
4579,3.034869587281719e-05,3.648093525043805e-06,9.096329449675977e-06,3.520854988892097e-06
4580,3.0347520805662498e-05,3.5833954825648107e-06,9.176117600873113e-06,3.5176017263438553e-06
4581,3.0348215659614652e-05,3.6543276564771077e-06,9.098456757783424e-06,3.519086249070824e-06
4582,3.0351131499628536e-05,3.5785506042884663e-06,9.195597158395685e-06,3.515396656439407e-06
4583,3.0357177820405923e-05,3.664321866381215e-06,9.105955541599542e-06,3.5173802643839736e-06
4584,3.0367325962288305e-05,3.5732391552301124e-06,9.228499948221724e-06,3.513117462716764e-06
4585,3.0383214834728278e-05,3.680195277411258e-06,9.124098141910508e-06,3.5157843285560375e-06
4586,3.0406637961277738e-05,3.567786961866659e-06,9.285112355428282e-06,3.5107477742712945e-06
4587,3.044091135961935e-05,3.705900326167466e-06,9.162889909930527e-06,3.5144244066032115e-06
4588,3.0490131393889897e-05,3.564171265679761e-06,9.38456469157245e-06,3.5082791782770073e-06
4589,3.055987326661125e-05,3.748211611309671e-06,9.244304237654433e-06,3.513471483529429e-06
4590,3.065921919187531e-05,3.5664590996020706e-06,9.563997082295828e-06,3.505752601995482e-06
4591,3.0800576496403664e-05,3.820157417067094e-06,9.414545274921693e-06,3.5131743061356246e-06
4592,3.1001756724435836e-05,3.585182412280119e-06,9.900451914290898e-06,3.5032246614719043e-06
4593,3.1289651815313846e-05,3.947128789150156e-06,9.772809789865278e-06,3.5139421470375964e-06
4594,3.17031481245067e-05,3.6452906897466164e-06,1.055327902577119e-05,3.5009159091714537e-06
4595,3.230130096198991e-05,4.180603809800232e-06,1.0537162779655773e-05,3.5167067835573107e-06
4596,3.316945367259905e-05,3.8039729588490445e-06,1.1868169167428277e-05,3.4994620818906697e-06
4597,3.4437383874319494e-05,4.6304262468765955e-06,1.2191196219646372e-05,3.5231519177614246e-06
4598,3.629337879829109e-05,4.193957920506364e-06,1.4597379049519077e-05,3.500407729006838e-06
4599,3.902507160091773e-05,5.528808287635911e-06,1.5810825061635114e-05,3.5370878777030157e-06
4600,4.304396134102717e-05,5.11780490342062e-06,2.0387738913996145e-05,3.5076836866210215e-06
4601,4.896969039691612e-05,7.372902928182157e-06,2.376699740125332e-05,3.565957513274043e-06
4602,5.763944864156656e-05,7.240040758915711e-06,3.274971095379442e-05,3.529939476720756e-06
4603,7.024736260063946e-05,1.1163580893480685e-05,4.096007614862174e-05,3.624741111707408e-06
4604,8.815772889647633e-05,1.185987548524281e-05,5.837160279043019e-05,3.5852503970090766e-06
4605,0.00011295471631456167,1.8553198970039375e-05,7.57081652409397e-05,3.7386712392617483e-06
4606,0.0001452718861401081,2.0741654225275852e-05,0.00010603218106552958,3.6996093513153028e-06
4607,0.00018422934226691723,3.062594623770565e-05,0.00013397513248492032,3.925653345504543e-06
4608,0.00022394675761461258,3.321170515846461e-05,0.0001713893434498459,3.869141892209882e-06
4609,0.00025398493744432926,4.220300979795866e-05,0.0001912170264404267,4.11298060498666e-06
4610,0.00025799579452723265,3.8789854443166405e-05,0.00019944540690630674,3.952106453652959e-06
4611,0.00022585588158108294,3.724256021087058e-05,0.00016837779548950493,4.047105903737247e-06
4612,0.00016122552915476263,2.364677311561536e-05,0.00011888472363352776,3.7388047076092334e-06
4613,8.92865500645712e-05,1.4123902474239003e-05,5.681605762219988e-05,3.669317948151729e-06
4614,4.0495695429854095e-05,4.958119916409487e-06,1.8109836673829705e-05,3.485548404569272e-06
4615,3.165211819577962e-05,3.7201307350187562e-06,1.0543555617914535e-05,3.4776865049934713e-06
4616,5.622760363621637e-05,8.521439667674713e-06,2.9801227356074378e-05,3.5809873679681914e-06
4617,9.168263932224363e-05,1.2615423656825442e-05,6.111390393925831e-05,3.590662572605652e-06
4618,0.00011386540427338332,1.8569384337752126e-05,7.658964022994041e-05,3.7412758047139505e-06
4619,0.00010922044748440385,1.5214317500067409e-05,7.59066388127394e-05,3.6198982797941426e-06
4620,8.20611312519759e-05,1.3184763702156488e-05,5.066542507847771e-05,3.6421881759451935e-06
4621,4.992795948055573e-05,6.187843609950505e-06,2.6280116799171083e-05,3.4919999052362982e-06
4622,3.148629912175238e-05,4.041235570184654e-06,1.0048417607322335e-05,3.4793285976775223e-06
4623,3.3725380490068346e-05,4.535724201559788e-06,1.1704463759087957e-05,3.4970387332577957e-06
4624,4.953223833581433e-05,6.116028089309111e-06,2.591627708170563e-05,3.4999864055862417e-06
4625,6.484793266281486e-05,1.0194348760705907e-05,3.6653691495303065e-05,3.5999792089569382e-06
4626,6.855883111711591e-05,8.996028554975055e-06,4.189765240880661e-05,3.5330306218384067e-06
4627,5.906059595872648e-05,9.121776201936882e-06,3.206292967661284e-05,3.575177970560617e-06
4628,4.357499710749835e-05,5.338789378583897e-06,2.082921491819434e-05,3.4813986076187575e-06
4629,3.219091740902513e-05,4.174808509560535e-06,1.0603162991174031e-05,3.482588908809703e-06
4630,3.054119588341564e-05,3.8277808016573545e-06,9.315128409070894e-06,3.479656697891187e-06
4631,3.695812483783811e-05,4.395692940306617e-06,1.5184587937255856e-05,3.4755694287014194e-06
4632,4.499079295783304e-05,6.597196261282079e-06,2.0715158825623803e-05,3.5356877106096363e-06
4633,4.8452937335241586e-05,6.045989266567631e-06,2.4960372684290633e-05,3.489314849502989e-06
4634,4.534354229690507e-05,6.670260972896358e-06,2.104567101923749e-05,3.5255218335805694e-06
4635,3.827938053291291e-05,4.58215117760119e-06,1.6384959963033907e-05,3.4624545151018538e-06
4636,3.201759682269767e-05,4.159646778134629e-06,1.0517445844016038e-05,3.468101112957811e-06
4637,2.9929960874142125e-05,3.648758820418152e-06,9.00194027053658e-06,3.455852493061684e-06
4638,3.212415685993619e-05,3.749687039089622e-06,1.1123275726276916e-05,3.450238864388666e-06
4639,3.602683136705309e-05,4.992573394702049e-06,1.3605574167740997e-05,3.485736669972539e-06
4640,3.853337693726644e-05,4.575085313263116e-06,1.6678404790582135e-05,3.4559768664621515e-06
4641,3.805226879194379e-05,5.378409696277231e-06,1.5233882550091948e-05,3.4879951726907166e-06
4642,3.51646522176452e-05,4.132806679990608e-06,1.3794632650387939e-05,3.4474428503017407e-06
4643,3.1858260626904666e-05,4.14205669585499e-06,1.0416753866593353e-05,3.4598895126691787e-06
4644,3.0006771339685656e-05,3.588744675653288e-06,9.188259355141781e-06,3.4459535527275875e-06
4645,3.0253448130679317e-05,3.576019935280783e-06,9.451969162910245e-06,3.4450915791239822e-06
4646,3.186932735843584e-05,4.1526241147948895e-06,1.0392547665105667e-05,3.464831252131262e-06
4647,3.347200981806964e-05,3.915123670594767e-06,1.2319284905970562e-05,3.4475201573513914e-06
4648,3.397848195163533e-05,4.581298981065629e-06,1.2032910490233917e-05,3.472855041763978e-06
4649,3.3171483664773405e-05,3.883200861309888e-06,1.2063699614373036e-05,3.444916501393891e-06
4650,3.165468660881743e-05,4.098602857993683e-06,1.0263214790029451e-05,3.4585737012093887e-06
4651,3.0328015782288276e-05,3.5871003092324827e-06,9.535497156321071e-06,3.4410836633469444e-06
4652,2.981547913805116e-05,3.6035148696100805e-06,9.000395948532969e-06,3.4423137549310923e-06
4653,3.0163879273459315e-05,3.75458762391645e-06,9.174096703645773e-06,3.4470390346541535e-06
4654,3.0938263080315664e-05,3.622156100391294e-06,1.0131831004400738e-05,3.4368551951047266e-06
4655,3.15624347422272e-05,4.094653831998585e-06,1.0202203156950418e-05,3.4531158235040493e-06
4656,3.1664083508076146e-05,3.694031192935654e-06,1.0798080438689794e-05,3.43439455718908e-06
4657,3.123419446637854e-05,4.0222148527391255e-06,9.97105053102132e-06,3.4481856800994137e-06
4658,3.055368870263919e-05,3.590335381886689e-06,9.805279660213273e-06,3.4316144592594355e-06
4659,2.9984690627316013e-05,3.703711854541325e-06,9.094687811739277e-06,3.437258556004963e-06
4660,2.976135328935925e-05,3.5946868592873216e-06,9.001303624245338e-06,3.433072606640053e-06
4661,2.9895145416958258e-05,3.5589123399404343e-06,9.184703230857849e-06,3.4303059237572597e-06
4662,3.021622796950396e-05,3.7779284411953995e-06,9.248455171473324e-06,3.4379688713670475e-06
4663,3.0497718398692086e-05,3.581286136977724e-06,9.776651495485567e-06,3.427956016821554e-06
4664,3.058121365029365e-05,3.8724278965673875e-06,9.512107681075577e-06,3.4393358419038123e-06
4665,3.0439638067036867e-05,3.5778602978098206e-06,9.728562872624025e-06,3.426642706472194e-06
4666,3.016282971657347e-05,3.7642309962393483e-06,9.22419349080883e-06,3.434880909480853e-06
4667,2.9888871722505428e-05,3.554210024958593e-06,9.204209163726773e-06,3.426090415814542e-06
4668,2.9727736546192318e-05,3.614233037296799e-06,8.971428542281501e-06,3.428415084272274e-06
4669,2.971595495182555e-05,3.608987299230648e-06,8.96942219696939e-06,3.4275090001756325e-06
4670,2.981482248287648e-05,3.552963562469813e-06,9.141847840510309e-06,3.424001988605596e-06
4671,2.9944418201921508e-05,3.706182951646042e-06,9.092300388147123e-06,3.429187245274079e-06
4672,3.0028801120352e-05,3.5501427646522643e-06,9.37086224439554e-06,3.421559540583985e-06
4673,3.0028248147573322e-05,3.734391157195205e-06,9.151213816949166e-06,3.42852854373632e-06
4674,2.994895476149395e-05,3.5463317544781603e-06,9.30273745325394e-06,3.4199767924292246e-06
4675,2.9830724088242278e-05,3.675286052384763e-06,9.030805813381448e-06,3.424926262596273e-06
4676,2.972138099721633e-05,3.551502004484064e-06,9.074274203157984e-06,3.419120730541181e-06
4677,2.965622661577072e-05,3.59784598913393e-06,8.956318197306246e-06,3.420412440391374e-06
4678,2.9645441827597097e-05,3.590642108974862e-06,8.959304977906868e-06,3.419098675294663e-06
4679,2.9676069971174e-05,3.5550758639146807e-06,9.037363270181231e-06,3.4167260309914127e-06
4680,2.972130459966138e-05,3.640692966655479e-06,8.984667147160508e-06,3.419188942643814e-06
4681,2.975510506075807e-05,3.543164893926587e-06,9.141031114268117e-06,3.4141819469368784e-06
4682,2.976116957142949e-05,3.6600149542209692e-06,9.010137546283659e-06,3.418203505134443e-06
4683,2.9737711884081364e-05,3.5411705994192744e-06,9.134375432040542e-06,3.4124332159990445e-06
4684,2.9694092518184334e-05,3.6381056816026103e-06,8.97697827895172e-06,3.415801757000736e-06
4685,2.9645383619936183e-05,3.547169853845844e-06,9.042154488270171e-06,3.411211991988239e-06
4686,2.96055332000833e-05,3.5978991945739836e-06,8.944204637373332e-06,3.412685828152462e-06
4687,2.9582593924715184e-05,3.5664056667883415e-06,8.96415895113023e-06,3.410405724935117e-06
4688,2.9577382520074025e-05,3.5655084502650425e-06,8.963937034422997e-06,3.409587407077197e-06
4689,2.958461845992133e-05,3.5928601391788106e-06,8.94345976121258e-06,3.409659711905988e-06
4690,2.9595887099276297e-05,3.5483446936268592e-06,9.012801456265152e-06,3.406948053452652e-06
4691,2.960381971206516e-05,3.611330612329766e-06,8.950135452323593e-06,3.4084707749570953e-06
4692,2.9603479561046697e-05,3.5422212931734975e-06,9.037492418428883e-06,3.404752987989923e-06
4693,2.9593655199278146e-05,3.6116155115450965e-06,8.948760296334513e-06,3.4066558782797074e-06
4694,2.957660581159871e-05,3.5429220588412136e-06,9.018691343953833e-06,3.4029983453365276e-06
4695,2.955599848064594e-05,3.5970138014818076e-06,8.937206985137891e-06,3.4043555388052482e-06
4696,2.9535924113588408e-05,3.549647090039798e-06,8.978361620393116e-06,3.401583171580569e-06
4697,2.9519671443267725e-05,3.576929429982556e-06,8.933391654863954e-06,3.401869889785303e-06
4698,2.950858288386371e-05,3.5613097679743078e-06,8.94559889275115e-06,3.4003348901023855e-06
4699,2.950230373244267e-05,3.559914603101788e-06,8.945138688432053e-06,3.3994499517575605e-06
4700,2.9499587981263176e-05,3.5737198231799994e-06,8.930612239055336e-06,3.3990513657045085e-06
4701,2.94982673949562e-05,3.5490538721205667e-06,8.963305845099967e-06,3.3971818993450142e-06
4702,2.9496586648747325e-05,3.5819775803247467e-06,8.92695697984891e-06,3.3975302358157933e-06
4703,2.9493119654944167e-05,3.5437703900242923e-06,8.97386507858755e-06,3.3950966553675244e-06
4704,2.948740075225942e-05,3.5835744256473845e-06,8.925468137022108e-06,3.3956716833927203e-06
4705,2.9479395379894413e-05,3.5426660360826645e-06,8.970871931524016e-06,3.393171709831222e-06
4706,2.9469598302966915e-05,3.5785819818556774e-06,8.92322714207694e-06,3.3935580177058e-06
4707,2.945903906947933e-05,3.5449179449642543e-06,8.957478712545708e-06,3.391328618818079e-06
4708,2.9448503482853994e-05,3.569773298295331e-06,8.922334018279798e-06,3.3912790513568325e-06
4709,2.9438517231028527e-05,3.5493083032633876e-06,8.941119631344918e-06,3.389617631910369e-06
4710,2.9429636924760416e-05,3.560169943739311e-06,8.924599569581915e-06,3.3889737096615136e-06
4711,2.9421986255329102e-05,3.5548473533708602e-06,8.927250746637583e-06,3.3879775855893968e-06
4712,2.9415386961773038e-05,3.5515070067049237e-06,8.929977411753498e-06,3.3867806905618636e-06
4713,2.9409569833660498e-05,3.5600087358034216e-06,8.917877494241111e-06,3.386337084521074e-06
4714,2.940411832241807e-05,3.545111667335732e-06,8.93561627890449e-06,3.3846779388113646e-06
4715,2.9398903279798105e-05,3.563378868420841e-06,8.912194061849732e-06,3.384665888006566e-06
4716,2.9393286240519956e-05,3.5408227176958462e-06,8.939079634728841e-06,3.3826768230937887e-06
4717,2.9387530958047137e-05,3.564695589375333e-06,8.90830960997846e-06,3.3829051062639337e-06
4718,2.938118268502876e-05,3.538226792443311e-06,8.939228791859932e-06,3.380745511094574e-06
4719,2.9374587029451504e-05,3.5639798170450376e-06,8.90539558895398e-06,3.381042688488378e-06
4720,2.9367502065724693e-05,3.537126531227841e-06,8.936223821365274e-06,3.37883011525264e-06
4721,2.936034434242174e-05,3.561641278793104e-06,8.903227353584953e-06,3.3790950055845315e-06
4722,2.93530392809771e-05,3.5367563668842195e-06,8.931721822591498e-06,3.376911990926601e-06
4723,2.934557051048614e-05,3.558693606464658e-06,8.901482942746952e-06,3.377078655830701e-06
4724,2.9338309104787186e-05,3.536868462106213e-06,8.926476766646374e-06,3.37499295710586e-06
4725,2.9331033147173002e-05,3.555368493834976e-06,8.900238753994927e-06,3.37508527081809e-06
4726,2.932386087195482e-05,3.5372759157326072e-06,8.921308108256198e-06,3.3730555060174083e-06
4727,2.931681228801608e-05,3.5523005408322206e-06,8.899049134925008e-06,3.3730925679265056e-06
4728,2.9310012905625626e-05,3.537275688358932e-06,8.917128980101552e-06,3.3711216929077636e-06
4729,2.930326445493847e-05,3.5497566841513617e-06,8.897653060557786e-06,3.371171032995335e-06
4730,2.929652873717714e-05,3.5369589568290394e-06,8.913766578189097e-06,3.3691605949570658e-06
4731,2.929015136032831e-05,3.5479929465509485e-06,8.895573955669533e-06,3.3693170280457707e-06
4732,2.9283961339388043e-05,3.5357606975594535e-06,8.91235231392784e-06,3.3671694836812094e-06
4733,2.9278016882017255e-05,3.5475063668855e-06,8.892628102330491e-06,3.3675767099339282e-06
4734,2.927230525529012e-05,3.5336881865077885e-06,8.913008059607819e-06,3.3651217563601676e-06
4735,2.9266968340380117e-05,3.5482996736391215e-06,8.888464435585774e-06,3.366040800756309e-06
4736,2.9262293537613004e-05,3.5303708045830717e-06,8.916749720810913e-06,3.363034693393274e-06
4737,2.9258322683745064e-05,3.551505642462871e-06,8.88289105205331e-06,3.3647852433205117e-06
4738,2.925571970990859e-05,3.5255363854957977e-06,8.925288966565859e-06,3.360978553246241e-06
4739,2.9254877517814748e-05,3.5577827475208323e-06,8.876474566932302e-06,3.3641240406723227e-06
4740,2.9256960260681808e-05,3.519114443406579e-06,8.942114618548658e-06,3.3591463761695195e-06
4741,2.9263472242746502e-05,3.569676209735917e-06,8.870631972968113e-06,3.3646329029579647e-06
4742,2.9276827262947336e-05,3.511323711791192e-06,8.975201126304455e-06,3.358060212121927e-06
4743,2.930049959104508e-05,3.5920224945584778e-06,8.87055375642376e-06,3.3675844406388933e-06
4744,2.9340581022552215e-05,3.503470225041383e-06,9.041159501066431e-06,3.35919025928888e-06
4745,2.940634840342682e-05,3.6346768865769263e-06,8.890956451068632e-06,3.376143013156252e-06
4746,2.9512997571146116e-05,3.502089839457767e-06,9.178675099974498e-06,3.3664466627669754e-06
4747,2.9684375476790592e-05,3.7201016311882995e-06,8.975021046353504e-06,3.3978503779508173e-06
4748,2.995981412823312e-05,3.527063199726399e-06,9.481123925070278e-06,3.3903254461620236e-06
4749,3.0402692573261447e-05,3.902093794749817e-06,9.241020961781032e-06,3.4519155178713845e-06
4750,3.111718251602724e-05,3.637385816546157e-06,1.0183077392866835e-05,3.459343815848115e-06
4751,3.22729792969767e-05,4.312849341658875e-06,1.0016361557063647e-05,3.588753770600306e-06
4752,3.41494451276958e-05,4.003629328508396e-06,1.1890460882568732e-05,3.6510709833237343e-06
4753,3.7201785744400695e-05,5.291874003887642e-06,1.2203099686303176e-05,3.941362137993565e-06
4754,4.216626984998584e-05,5.1024089771090075e-06,1.6191414033528417e-05,4.1744888221728615e-06
4755,5.021204560762271e-05,7.706856195e-06,1.8218986951978877e-05,4.857241037825588e-06
4756,6.312057666946203e-05,8.190432708943263e-06,2.7092344680568203e-05,5.567560037889052e-06
4757,8.341545617440715e-05,1.3610286259790882e-05,3.3972122764680535e-05,7.166609520936618e-06
4758,0.00011413410538807511,1.6045636584749445e-05,5.317428440321237e-05,8.982835424831137e-06
4759,0.00015756607172079384,2.6503956178203225e-05,6.979919271543622e-05,1.2252585293026641e-05
4760,0.00021182579803280532,3.1556734029436484e-05,0.00010290052887285128,1.5473704479518346e-05
4761,0.0002651079557836056,4.5195956772658974e-05,0.0001228202017955482,1.941835944307968e-05
4762,0.00029201339930295944,4.479687777347863e-05,0.00014469798770733178,2.0503706764429808e-05
4763,0.00026429726858623326,4.556824205792509e-05,0.0001242963771801442,1.8886530597228557e-05
4764,0.00018025501049123704,2.7192811103304848e-05,8.96616984391585e-05,1.2680098734563217e-05
4765,8.389285358134657e-05,1.3889094589103479e-05,3.6947363696526736e-05,6.611280241486384e-06
4766,3.419894346734509e-05,4.42575583292637e-06,1.288962084800005e-05,3.3767128115869127e-06
4767,5.201383100938983e-05,6.364962246152572e-06,2.2044148863642476e-05,4.720944161817897e-06
4768,0.00010566083074081689,1.8085756892105564e-05,4.374201671453193e-05,8.766612154431641e-06
4769,0.0001418805040884763,2.0335473891464062e-05,6.659310747636482e-05,1.0990385817422066e-05
4770,0.0001280719880014658,2.2061261915951036e-05,5.4243784688878804e-05,1.0353389370720834e-05
4771,7.808096415828913e-05,1.0398645827081054e-05,3.510821989038959e-05,6.514818778668996e-06
4772,3.730324897333048e-05,5.5967693697311915e-06,1.270374923478812e-05,3.800546437560115e-06
4773,3.670468504424207e-05,5.023862286179792e-06,1.353166408080142e-05,3.6298317809269065e-06
4774,6.524614582303911e-05,8.947555215854663e-06,2.967770524264779e-05,5.324177436705213e-06
4775,8.726042869966477e-05,1.4646524505224079e-05,3.757443846552633e-05,7.007892236288171e-06
4776,7.951196312205866e-05,1.1061119948863052e-05,3.6686127714347094e-05,6.352942818921292e-06
4777,5.141641304362565e-05,7.990866834006738e-06,1.9722299839486368e-05,4.74064972877386e-06
4778,3.1161711376626045e-05,3.839202236122219e-06,1.0462656064191833e-05,3.3719707062118687e-06
4779,3.460076550254598e-05,3.987385753134731e-06,1.2329344826866873e-05,3.656807166407816e-06
4780,5.151865480002016e-05,8.256195542344358e-06,1.852240166044794e-05,4.948011792293983e-06
4781,6.055234553059563e-05,7.893650035839528e-06,2.5881967303575948e-05,5.35534536538762e-06
4782,5.225056884228252e-05,8.433612492808606e-06,1.9003455236088485e-05,4.962700131727615e-06
4783,3.643805757747032e-05,4.3115869630128145e-06,1.3248178220237605e-05,3.7756583424197743e-06
4784,2.8954509616596624e-05,3.5700468288268894e-06,8.815487490210216e-06,3.3137948776129633e-06
4785,3.4459986636647955e-05,4.915889803669415e-06,1.0956575351883657e-05,3.717504114320036e-06
4786,4.381051257951185e-05,5.3736534937343094e-06,1.7166068573715165e-05,4.254158284311416e-06
4787,4.5861335820518434e-05,7.16494878361118e-06,1.6043615687522106e-05,4.53055463367491e-06
4788,3.899727016687393e-05,4.677579909184715e-06,1.4648406249762047e-05,3.934256710635964e-06
4789,3.098965680692345e-05,4.203003300062846e-06,9.453448001295328e-06,3.46664114658779e-06
4790,2.939363184850663e-05,3.6837905099673662e-06,9.060828233486973e-06,3.3298028938588686e-06
4791,3.395381281734444e-05,4.08835694543086e-06,1.2015038919344079e-05,3.5700832086149603e-06
4792,3.837240001303144e-05,5.6532362577854656e-06,1.3044733350398019e-05,3.934886080969591e-06
4793,3.7756522942800075e-05,4.612593329511583e-06,1.4139463019091636e-05,3.8008929550414905e-06
4794,3.321208350826055e-05,4.559725311992224e-06,1.0747040505521e-05,3.5810628560284385e-06
4795,2.9592440114356577e-05,3.642210458565387e-06,9.39954406931065e-06,3.310137117296108e-06
4796,2.9950711905257776e-05,3.4964718906849157e-06,9.756015060702339e-06,3.339644763400429e-06
4797,3.286431456217542e-05,4.63729747934849e-06,1.0235860827378929e-05,3.5982316148874816e-06
4798,3.4715758374659345e-05,4.038270617456874e-06,1.2454450370569248e-05,3.644607659225585e-06
4799,3.3660384360700846e-05,4.825070391234476e-06,1.0596359061310068e-05,3.647791345429141e-06
4800,3.1083927751751617e-05,3.589588914110209e-06,1.0495990864001215e-05,3.3996695947280386e-06
4801,2.9623281079693697e-05,3.8167377169884276e-06,9.243585736840032e-06,3.3125913887488423e-06
4802,3.0367566068889573e-05,3.82469534088159e-06,9.860852514975704e-06,3.336403779030661e-06
4803,3.21169281960465e-05,3.966399617638672e-06,1.1147965778945945e-05,3.4005122415692313e-06
4804,3.2993015338433906e-05,4.40654412159347e-06,1.1172862286912277e-05,3.482721922409837e-06
4805,3.237136115785688e-05,4.047277798235882e-06,1.1400675248296466e-05,3.3846815767901717e-06
4806,3.124061186099425e-05,3.91681805922417e-06,1.0694651791709475e-05,3.3258281746384455e-06
4807,3.096568616456352e-05,4.0827344491845e-06,1.037365109368693e-05,3.301860033388948e-06
4808,3.1952804420143366e-05,3.715665116033051e-06,1.1594771422096528e-05,3.328473439978552e-06
4809,3.3492215152364224e-05,4.75880415251595e-06,1.14676895464072e-05,3.453144472587155e-06
4810,3.46797241945751e-05,4.0036384234554134e-06,1.3557590136770159e-05,3.4236991268699057e-06
4811,3.5354954889044166e-05,5.104746833239915e-06,1.3007140296394937e-05,3.4486133699829224e-06
4812,3.617598849814385e-05,4.288374839234166e-06,1.5251270269800443e-05,3.3272685868723784e-06
4813,3.7973430153215304e-05,5.447353487397777e-06,1.5946459825499915e-05,3.3159233225887874e-06
4814,4.108588836970739e-05,5.191589934838703e-06,1.950381374626886e-05,3.278096755821025e-06
4815,4.535462358035147e-05,6.646982001257129e-06,2.2220607206691056e-05,3.2974069199553924e-06
4816,5.056351801613346e-05,6.6948155108548235e-06,2.7453530492493883e-05,3.2830346299306257e-06
4817,5.696546577382833e-05,8.727128260943573e-06,3.1744119041832164e-05,3.2988434668368427e-06
4818,6.520532770082355e-05,8.815006367512979e-06,4.002117202617228e-05,3.2738309982960345e-06
4819,7.606131111970171e-05,1.2174079529359005e-05,4.696689575212076e-05,3.384066758371773e-06
4820,8.971596253104508e-05,1.2458058336051181e-05,6.030052463756874e-05,3.3914759569597663e-06
4821,0.00010580867092357948,1.7353560906485654e-05,7.05212150933221e-05,3.586779257602757e-06
4822,0.00012277072528377175,1.7602455045562238e-05,8.75377154443413e-05,3.52611209564202e-06
4823,0.00013850972754880786,2.2863569029141217e-05,9.739047527546063e-05,3.6511362395685865e-06
4824,0.00014932325575500727,2.1934692995273508e-05,0.00011002462997566909,3.4727861475403188e-06
4825,0.00015169988910201937,2.4940976800280623e-05,0.00010918643965851516,3.5144935282005463e-06
4826,0.00014206110790837556,2.100745405186899e-05,0.00010439117613714188,3.3324965897918446e-06
4827,0.00012056044943165034,1.9542381778592244e-05,8.418136712862179e-05,3.3673397865641164e-06
4828,9.092757682083175e-05,1.3034311450610403e-05,6.15661556366831e-05,3.2654220376571175e-06
4829,6.104067870182917e-05,9.363995559397154e-06,3.516604192554951e-05,3.3021281069522956e-06
4830,3.881351585732773e-05,4.910975803795736e-06,1.7586986359674484e-05,3.2631110116199125e-06
4831,2.905946530518122e-05,3.6753892800334143e-06,9.006819709611591e-06,3.275451263107243e-06
4832,3.1585241231368855e-05,4.17135379393585e-06,1.104063539969502e-05,3.274650453022332e-06
4833,4.213997453916818e-05,5.388211775425589e-06,2.045797009486705e-05,3.2587588520982536e-06
4834,5.4731484851799905e-05,8.388434252992738e-06,2.98725954053225e-05,3.294091357020079e-06
4835,6.387921894202009e-05,8.615275874035433e-06,3.895496411132626e-05,3.261795882281149e-06
4836,6.633860903093591e-05,1.0501635188120417e-05,3.917620051652193e-05,3.332154619783978e-06
4837,6.160265911603346e-05,8.173262358468492e-06,3.698646105476655e-05,3.2885877772059757e-06
4838,5.195139965508133e-05,8.02348858996993e-06,2.7164316634298302e-05,3.352719431859441e-06
4839,4.1069735743803903e-05,5.0641542657103855e-06,1.9560258806450292e-05,3.28906457980338e-06
4840,3.263671533204615e-05,4.502359843172599e-06,1.160072861239314e-05,3.306725602669758e-06
4841,2.881097316276282e-05,3.477762675174745e-06,9.01139537745621e-06,3.2643631584505783e-06
4842,2.9706388886552304e-05,3.613072067309986e-06,9.790795957087539e-06,3.260504172430956e-06
4843,3.3727057598298416e-05,4.654073109122692e-06,1.2646698451135308e-05,3.2852572076080833e-06
4844,3.849074710160494e-05,4.7565299610141665e-06,1.7380594727001153e-05,3.2707243917684536e-06
4845,4.184527642792091e-05,6.171222139528254e-06,1.9042534404434264e-05,3.3263038403674727e-06
4846,4.25553516834043e-05,5.339156359696062e-06,2.0811334252357483e-05,3.2809718959470047e-06
4847,4.061379877384752e-05,5.944938948232448e-06,1.809575223887805e-05,3.3146209261758486e-06
4848,3.6961624573450536e-05,4.548264314507833e-06,1.6113488527480513e-05,3.259974391767173e-06
4849,3.301339893369004e-05,4.514397460297914e-06,1.2135049473727122e-05,3.272790308983531e-06
4850,3.001106779265683e-05,3.6468952657742193e-06,1.0111176379723474e-05,3.2505990930076223e-06
4851,2.8633618057938293e-05,3.552565885911463e-06,8.819379218039103e-06,3.252334408898605e-06
4852,2.887492155423388e-05,3.6908438687532907e-06,8.874862032826059e-06,3.2618429486319656e-06
4853,3.0206381779862568e-05,3.616089998104144e-06,1.0351374839956407e-05,3.2477832974109333e-06
4854,3.187094262102619e-05,4.32480965173454e-06,1.1211444871150889e-05,3.266938165324973e-06
4855,3.317302616778761e-05,4.017200808448251e-06,1.2942880857735872e-05,3.2425887184217572e-06
4856,3.3684202207950875e-05,4.654909844248323e-06,1.2722547580779064e-05,3.2613488656352274e-06
4857,3.3308380807284266e-05,4.0585669012216385e-06,1.3052461326878984e-05,3.2394709705840796e-06
4858,3.225385444238782e-05,4.364876076579094e-06,1.1614345567068085e-05,3.254926468798658e-06
4859,3.089803067268804e-05,3.745637059182627e-06,1.0950377145491075e-05,3.240403202653397e-06
4860,2.964612576761283e-05,3.838149496004917e-06,9.556593795423396e-06,3.2502764497621683e-06
4861,2.8793139790650457e-05,3.505414497340098e-06,9.073941328097135e-06,3.2427567475679098e-06
4862,2.8459500754252076e-05,3.536964868544601e-06,8.692295523360372e-06,3.246048208893626e-06
4863,2.859323467419017e-05,3.575123628252186e-06,8.794075256446376e-06,3.244807203373057e-06
4864,2.902536107285414e-05,3.5365933399589267e-06,9.282713108405005e-06,3.2412110613222467e-06
4865,2.9546336008934304e-05,3.813434204857913e-06,9.499817679170519e-06,3.246616643082234e-06
4866,2.9974082281114534e-05,3.625626959546935e-06,1.016323767544236e-05,3.2370433018513722e-06
4867,3.0194551072781906e-05,3.96725545215304e-06,9.985007636714727e-06,3.2484574603586225e-06
4868,3.0171988328220323e-05,3.6315739180281525e-06,1.0366129572503269e-05,3.23485687658831e-06
4869,2.9939619707874954e-05,3.9281057979678735e-06,9.768981726665515e-06,3.2485063456988428e-06
4870,2.9573395295301452e-05,3.5538475913199363e-06,9.85216502158437e-06,3.2334767183783697e-06
4871,2.9166159947635606e-05,3.76121806766605e-06,9.184181180899031e-06,3.2441523671877803e-06
4872,2.880169267882593e-05,3.484906756057171e-06,9.156539817922749e-06,3.232049266443937e-06
4873,2.853746264008805e-05,3.5913622014049906e-06,8.760208402236458e-06,3.23717813444091e-06
4874,2.839872831827961e-05,3.491540155664552e-06,8.74569741426967e-06,3.2322982406185474e-06
4875,2.8378206479828805e-05,3.494879138088436e-06,8.724437066121027e-06,3.2317780096491333e-06
4876,2.8446940632420592e-05,3.5630696402222384e-06,8.712064300198108e-06,3.2343614293495193e-06
4877,2.856480932678096e-05,3.472881644484005e-06,8.947607966547366e-06,3.2288642159983283e-06
4878,2.869225136237219e-05,3.6427554732654244e-06,8.871546015143394e-06,3.235589929317939e-06
4879,2.879822568502277e-05,3.485368324618321e-06,9.178113032248802e-06,3.22694904753007e-06
4880,2.886376387323253e-05,3.684525609060074e-06,9.007660992210731e-06,3.2343157272407552e-06
4881,2.888163726311177e-05,3.4972463254234754e-06,9.257873898604885e-06,3.2253030894935364e-06
4882,2.885469439206645e-05,3.6770936731045367e-06,9.01952080312185e-06,3.2316158922185423e-06
4883,2.8791990189347416e-05,3.4955146475112997e-06,9.176019375445321e-06,3.2240914151770994e-06
4884,2.8706057491945103e-05,3.636994506450719e-06,8.9249515440315e-06,3.2288223792420467e-06
4885,2.8610033041331917e-05,3.4844169931602664e-06,9.00999475561548e-06,3.223124167561764e-06
4886,2.8515753001556732e-05,3.58698866875784e-06,8.79669823916629e-06,3.2264131277770502e-06
4887,2.8432292310753837e-05,3.4751037674141116e-06,8.846700438880362e-06,3.2220975754171377e-06
4888,2.8365560865495354e-05,3.5433524772088276e-06,8.700766557012685e-06,3.2242883207800332e-06
4889,2.8317550459178165e-05,3.475928224361269e-06,8.73665794642875e-06,3.220992766728159e-06
4890,2.8287526220083237e-05,3.511865315886098e-06,8.665339919389226e-06,3.222063924113172e-06
4891,2.827282514772378e-05,3.4883623811765574e-06,8.684852218721062e-06,3.2199222914641723e-06
4892,2.8270082111703232e-05,3.4904851418104954e-06,8.68132156028878e-06,3.219655354769202e-06
4893,2.8275793738430366e-05,3.5078992368653417e-06,8.67293420014903e-06,3.2189918783842586e-06
4894,2.8286556698731147e-05,3.4760928429022897e-06,8.724704457563348e-06,3.217151970602572e-06
4895,2.8299977202550508e-05,3.5284829209558666e-06,8.680510291014798e-06,3.218196980014909e-06
4896,2.831365964084398e-05,3.4667316413106164e-06,8.772769433562644e-06,3.2148316222446738e-06
4897,2.8326081519480795e-05,3.5452335396257695e-06,8.69439827511087e-06,3.2172897590498906e-06
4898,2.8336522518657148e-05,3.4615259210113436e-06,8.811047337076161e-06,3.212789579265518e-06
4899,2.8344657039269805e-05,3.555759349183063e-06,8.708695531822741e-06,3.2160405680770054e-06
4900,2.835049781424459e-05,3.459560957708163e-06,8.836203051032498e-06,3.2109467156260507e-06
4901,2.8354330424917862e-05,3.5610019040177576e-06,8.721335689187981e-06,3.2143984753929544e-06
4902,2.8356836992315948e-05,3.45945932167524e-06,8.851191523717716e-06,3.209237092960393e-06
4903,2.835863415384665e-05,3.5632199342217064e-06,8.73258977662772e-06,3.2125647067005048e-06
4904,2.8360402211546898e-05,3.4599863738549175e-06,8.86260204424616e-06,3.20756316796178e-06
4905,2.8362697776174173e-05,3.565474798961077e-06,8.743497346586082e-06,3.210745262549608e-06
4906,2.8366264814394526e-05,3.4597649118950358e-06,8.877399523044005e-06,3.205820121365832e-06
4907,2.8371656298986636e-05,3.5703396861208603e-06,8.755978342378512e-06,3.209067699572188e-06
4908,2.8379872674122453e-05,3.458751962170936e-06,8.901371074898634e-06,3.203949745511636e-06
4909,2.839198350557126e-05,3.579388248908799e-06,8.774308298598044e-06,3.207657073289738e-06
4910,2.8409134756657295e-05,3.4575082281662617e-06,8.94164895726135e-06,3.201995241397526e-06
4911,2.8432830731617287e-05,3.5948380627814913e-06,8.805727702565491e-06,3.206453129678266e-06
4912,2.8465010473155417e-05,3.4577460610307753e-06,9.007273547467776e-06,3.1999979910324328e-06
4913,2.850811870303005e-05,3.61885304300813e-06,8.861965397954918e-06,3.2054597340902546e-06
4914,2.856537867046427e-05,3.4621866689121816e-06,9.113477062783204e-06,3.1979432151274523e-06
4915,2.8641226890613325e-05,3.655823093140498e-06,8.962300853454508e-06,3.2046204978541937e-06
4916,2.8741796995745972e-05,3.4747829431580612e-06,9.287803550250828e-06,3.1958420549926814e-06
4917,2.8875787393189967e-05,3.714718559422181e-06,9.141160262515768e-06,3.203981577826198e-06
4918,2.9054430342512205e-05,3.503558900774806e-06,9.582759957993403e-06,3.193622205799329e-06
4919,2.9293709303601645e-05,3.811297574429773e-06,9.463299647904932e-06,3.203822416253388e-06
4920,2.961531572509557e-05,3.5634948289953172e-06,1.009534844342852e-05,3.1912943541101413e-06
4921,3.0050381610635668e-05,3.975198069383623e-06,1.0052713150798809e-05,3.204493850716972e-06
4922,3.064131669816561e-05,3.685691126520396e-06,1.1010719390469603e-05,3.1889812817098573e-06
4923,3.144953370792791e-05,4.261063168087276e-06,1.1154722415085416e-05,3.2067498523247195e-06
4924,3.2558869861532e-05,3.93412665289361e-06,1.2689040886471048e-05,3.1871402370597934e-06
4925,3.409092460060492e-05,4.7741850721649826e-06,1.3257540558697656e-05,3.211839384675841e-06
4926,3.62103310180828e-05,4.43856515630614e-06,1.5838450053706765e-05,3.186662979715038e-06
4927,3.915728666470386e-05,5.717370186175685e-06,1.7330847185803577e-05,3.2218138130701846e-06
4928,4.324120163801126e-05,5.459074145619525e-06,2.1834781364304945e-05,3.189468998243683e-06
4929,4.8905501898843795e-05,7.470746822946239e-06,2.5232833650079556e-05,3.240384330638335e-06
4930,5.667611549142748e-05,7.4810677688219585e-06,3.319902316434309e-05,3.1992053663998377e-06
4931,6.725415732944384e-05,1.0684453627618495e-05,4.0203034586738795e-05,3.2733335046941647e-06
4932,8.126613101921976e-05,1.1280751095910091e-05,5.38752501597628e-05,3.2220245884673204e-06
4933,9.933535329764709e-05,1.6189267626032233e-05,6.650502473348752e-05,3.3282126423728187e-06
4934,0.00012121934560127556,1.7574127923580818e-05,8.732309652259573e-05,3.2644236398482462e-06
4935,0.0001458182669011876,2.4038483388721943e-05,0.00010475607996340841,3.4047409371851245e-06
4936,0.0001693398371571675,2.5272653147112578e-05,0.00012747239088639617,3.318956942166551e-06
4937,0.00018638461187947541,3.07716109091416e-05,0.00013826671056449413,3.4692586723394925e-06
4938,0.00018902176816482097,2.8532715077744797e-05,0.00014378904597833753,3.3400019674445502e-06
4939,0.00017245140043087304,2.8297477911110036e-05,0.00012694219185505062,3.4423458146193298e-06
4940,0.00013689466868527234,2.0338711692602374e-05,0.00010019430192187428,3.272332378401188e-06
4941,9.226766997016966e-05,1.4723804270033725e-05,6.103983469074592e-05,3.300806383776944e-06
4942,5.2841438446193933e-05,7.113979336281773e-06,2.9834482120350003e-05,3.1785955343366368e-06
4943,3.088423909503035e-05,4.109620931558311e-06,1.0863539500860497e-05,3.182215777997044e-06
4944,2.999545176862739e-05,3.970464149460895e-06,1.0096978257934097e-05,3.18560205414542e-06
4945,4.475584137253463e-05,5.790621344203828e-06,2.3078029698808677e-05,3.1774379749549553e-06
4946,6.463650788646191e-05,1.0178980119235348e-05,3.816348544205539e-05,3.258807737438474e-06
4947,7.89738041930832e-05,1.0990322152792942e-05,5.195433186599985e-05,3.2058305805549026e-06
4948,8.127142791636288e-05,1.311036066908855e-05,5.176597915124148e-05,3.2790187560749473e-06
4949,7.102183008100837e-05,9.735191270010546e-06,4.534249455900863e-05,3.188829396094661e-06
4950,5.3772557293996215e-05,8.340733074874151e-06,2.9327929951250553e-05,3.220778808099567e-06
4951,3.75350282411091e-05,4.701963007391896e-06,1.703810630715452e-05,3.1589913760399213e-06
4952,2.8752929210895672e-05,3.7209163110674126e-06,9.19315789360553e-06,3.1677711831434863e-06
4953,2.924712134699803e-05,3.859259322780417e-06,9.50265985011356e-06,3.177040298396605e-06
4954,3.623939483077265e-05,4.511666702455841e-06,1.5904082829365507e-05,3.1647291507397313e-06
4955,4.457961767911911e-05,6.677573765045963e-06,2.18291152123129e-05,3.214586058675195e-06
4956,4.9534017307450995e-05,6.52572180115385e-06,2.714804941206239e-05,3.1720492188469507e-06
4957,4.888597322860733e-05,7.407696557493182e-06,2.5400011509191245e-05,3.21565312333405e-06
4958,4.340434679761529e-05,5.626551228488097e-06,2.1970081434119493e-05,3.161543418173096e-06
4959,3.607189137255773e-05,5.116517058922909e-06,1.5041171536722686e-05,3.182840600857162e-06
4960,3.0207625968614593e-05,3.726644536072854e-06,1.0706085959100164e-05,3.1549789127893746e-06
4961,2.7871705242432654e-05,3.4854044770327164e-06,8.598548447480425e-06,3.1575505090586375e-06
4962,2.911882256739773e-05,3.8321645661199e-06,9.446921467315406e-06,3.1679471703682793e-06
4963,3.239424404455349e-05,3.977866072091274e-06,1.2661083019338548e-05,3.151058763251058e-06
4964,3.55763804691378e-05,5.0756252676364966e-06,1.4599565474782139e-05,3.1802380817680387e-06
4965,3.70252164429985e-05,4.6356335587915964e-06,1.6654290448059328e-05,3.147058578178985e-06
4966,3.621949872467667e-05,5.1950123634014744e-06,1.515979238320142e-05,3.172939386786311e-06
4967,3.373529398231767e-05,4.174277364654699e-06,1.3858259990229271e-05,3.140551370961475e-06
4968,3.079995440202765e-05,4.163900939602172e-06,1.086078100343002e-05,3.155054628223297e-06
4969,2.860292443074286e-05,3.5224659313826123e-06,9.370450243295636e-06,3.1420013328897767e-06
4970,2.779725764412433e-05,3.46799038197787e-06,8.609808901383076e-06,3.143891945001087e-06
4971,2.8325404855422676e-05,3.6663350329035893e-06,8.894598067854531e-06,3.152894350932911e-06
4972,2.9597424145322293e-05,3.605145820984035e-06,1.0284387826686725e-05,3.1415779631061014e-06
4973,3.0850722396280617e-05,4.188506864011288e-06,1.0855381333385594e-05,3.1613672035746276e-06
4974,3.149374242639169e-05,3.860121523757698e-06,1.1930759683309589e-05,3.1405716072185896e-06
4975,3.131031553493813e-05,4.267787971912185e-06,1.1247628208366223e-05,3.1589802347298246e-06
4976,3.0457889806712046e-05,3.7344218526413897e-06,1.1030405403289478e-05,3.1386125556309707e-06
4977,2.933189352916088e-05,3.864659447572194e-06,9.719366062199697e-06,3.149573785776738e-06
4978,2.8355136237223633e-05,3.494512839097297e-06,9.164930816041306e-06,3.1391382435685955e-06
4979,2.781393595796544e-05,3.500210141282878e-06,8.609813448856585e-06,3.1407823826157255e-06
4980,2.7776515707955696e-05,3.5146233585692244e-06,8.547666766389739e-06,3.1428451165993465e-06
4981,2.8116628527641296e-05,3.446126129347249e-06,8.993375558929984e-06,3.1354256861959584e-06
4982,2.8602151360246353e-05,3.7331074054236524e-06,9.140946531260852e-06,3.145619530187105e-06
4983,2.9000802896916866e-05,3.534868938004365e-06,9.805864465306513e-06,3.1320137168222573e-06
4984,2.9162974897189997e-05,3.852086138067534e-06,9.590086847310886e-06,3.14416024593811e-06
4985,2.9052833269815892e-05,3.5469947761157528e-06,9.857321856543422e-06,3.1297033729060786e-06
4986,2.87368347926531e-05,3.753810915441136e-06,9.286970453104004e-06,3.139210775771062e-06
4987,2.8335951355984434e-05,3.4795277770172106e-06,9.210105417878367e-06,3.129263859591447e-06
4988,2.79759678960545e-05,3.566139184840722e-06,8.741153578739613e-06,3.1337349355453625e-06
4989,2.7743924874812365e-05,3.4520926419645548e-06,8.637080100015737e-06,3.1309502901422093e-06
4990,2.767033947748132e-05,3.447129074629629e-06,8.574957973905839e-06,3.1296506222133758e-06
4991,2.773187770799268e-05,3.5122779991070274e-06,8.5532901721308e-06,3.1332619983004406e-06
4992,2.7870701160281897e-05,3.428399850236019e-06,8.807444828562438e-06,3.1269712508219527e-06
4993,2.8020307581755333e-05,3.5977100196760148e-06,8.751800123718567e-06,3.134159442197415e-06
4994,2.8126160032115877e-05,3.4468193916836753e-06,9.05421438801568e-06,3.125025159533834e-06
4995,2.8159030989627354e-05,3.629945467764628e-06,8.865420568326954e-06,3.1327331271313597e-06
4996,2.8116366593167186e-05,3.4500205856602406e-06,9.048211722983979e-06,3.123626811429858e-06
4997,2.8016705982736312e-05,3.590964752220316e-06,8.77759430295555e-06,3.1296294764615595e-06
4998,2.7890004275832325e-05,3.438644171183114e-06,8.836630513542332e-06,3.1229458272719057e-06
4999,2.7766989660449326e-05,3.5188716083212057e-06,8.618381798441987e-06,3.1259471597877564e-06
5000,2.767092883004807e-05,3.438591420490411e-06,8.617416824563406e-06,3.12298402604938e-06
5001,2.7613948986981995e-05,3.457834736764198e-06,8.543058356735855e-06,3.1226111332216533e-06
5002,2.7596746804192662e-05,3.4617510209500324e-06,8.518694812664762e-06,3.1232600576913683e-06
5003,2.761104769888334e-05,3.426336434131372e-06,8.585177965869661e-06,3.119906523352256e-06
5004,2.764372584351804e-05,3.4960235097969417e-06,8.532075298717245e-06,3.1231256798491813e-06
5005,2.768084050330799e-05,3.417866082600085e-06,8.67447306518443e-06,3.1177003165794304e-06
5006,2.7710997528629377e-05,3.5212599414080614e-06,8.579023415222764e-06,3.1221427434502402e-06
5007,2.7726771804736927e-05,3.418242613406619e-06,8.729194632906001e-06,3.1158670026343316e-06
5008,2.772576772258617e-05,3.525666897985502e-06,8.598412932769861e-06,3.120337851214572e-06
5009,2.770908031379804e-05,3.419529775783303e-06,8.71758493303787e-06,3.1143931664701086e-06
5010,2.7680613129632547e-05,3.5107252642774256e-06,8.579988389101345e-06,3.11797975882655e-06
5011,2.764562850643415e-05,3.4210133890155703e-06,8.658453225507401e-06,3.1132321964832954e-06
5012,2.760930328804534e-05,3.485886054477305e-06,8.546454409952275e-06,3.1153924737736816e-06
5013,2.757582660706248e-05,3.4253871490363963e-06,8.58881958265556e-06,3.1123238386498997e-06
5014,2.754788874881342e-05,3.4603408494149335e-06,8.523240467184223e-06,3.112861122644972e-06
5015,2.752678847173229e-05,3.4338193017902086e-06,8.535451343050227e-06,3.1115034744289005e-06
5016,2.7512669475981966e-05,3.4397282888676273e-06,8.520562914782204e-06,3.1104759727895726e-06
5017,2.750469502643682e-05,3.4447700727469055e-06,8.506734957336448e-06,3.1106376354728127e-06
5018,2.7501388103701174e-05,3.425724571570754e-06,8.534274456906132e-06,3.108277951469063e-06
5019,2.750115527305752e-05,3.4558331662992714e-06,8.49735806696117e-06,3.109592853434151e-06
5020,2.7502486773300916e-05,3.4169654554716544e-06,8.554205123800784e-06,3.1062631933309603e-06
5021,2.7504076570039615e-05,3.464415385678876e-06,8.49782554723788e-06,3.108367309323512e-06
5022,2.750493513303809e-05,3.4121255794161698e-06,8.570827958465088e-06,3.104396228081896e-06
5023,2.750453495536931e-05,3.4693525776674505e-06,8.500597687088884e-06,3.1069168926478596e-06
5024,2.75025304290466e-05,3.4093829981429735e-06,8.579748282500077e-06,3.102680238953326e-06
5025,2.7499147108756006e-05,3.4705622056208085e-06,8.501998308929615e-06,3.105317091467441e-06
5026,2.749409577518236e-05,3.408133579796413e-06,8.580732355767395e-06,3.10104587697424e-06
5027,2.748786937445402e-05,3.468748445811798e-06,8.501152478856966e-06,3.1035940537549322e-06
5028,2.7480749849928543e-05,3.4076331303367624e-06,8.575931133236736e-06,3.0994369808468036e-06
5029,2.7472926376503892e-05,3.465465397312073e-06,8.498731403960846e-06,3.1017459605209297e-06
5030,2.7464868253446184e-05,3.407418489587144e-06,8.56835140439216e-06,3.097819671893376e-06
5031,2.7456602765596472e-05,3.4615002277860185e-06,8.49579373607412e-06,3.0998617148725316e-06
5032,2.7448417313280515e-05,3.4073987080773804e-06,8.5602150647901e-06,3.0961609809310175e-06
5033,2.744042649283074e-05,3.4576250982354395e-06,8.493032510159537e-06,3.0979538223618874e-06
5034,2.7432934075477533e-05,3.4071269965352258e-06,8.553406587452628e-06,3.0944800073484657e-06
5035,2.742553442658391e-05,3.4545143989817007e-06,8.490659638482612e-06,3.096071850450244e-06
5036,2.7418684112490155e-05,3.406476707823458e-06,8.548345249437261e-06,3.092772431045887e-06
5037,2.741250500548631e-05,3.4524171041994123e-06,8.488716048304923e-06,3.0942742341721896e-06
5038,2.74066514975857e-05,3.4054776278935606e-06,8.545812306692824e-06,3.091072358074598e-06
5039,2.7401600164012052e-05,3.4515560400905088e-06,8.48720628709998e-06,3.0925675673643127e-06
5040,2.7397118174121715e-05,3.4038077956211055e-06,8.5465180745814e-06,3.089358415309107e-06
5041,2.7393474738346413e-05,3.4521078760008095e-06,8.486567821819335e-06,3.090959580731578e-06
5042,2.739091360126622e-05,3.4016127301583765e-06,8.551180144422688e-06,3.0876242362865014e-06
5043,2.7389529350330122e-05,3.4547001632745378e-06,8.48770923767006e-06,3.08942412630131e-06
5044,2.7389640308683738e-05,3.39885718858568e-06,8.56154383654939e-06,3.0858477657602634e-06
5045,2.739165211096406e-05,3.4597258036228595e-06,8.492072083754465e-06,3.0879705263942014e-06
5046,2.739647970884107e-05,3.3958174299186794e-06,8.580756912124343e-06,3.08398125525855e-06
5047,2.740455965977162e-05,3.468438762865844e-06,8.50298056320753e-06,3.0866276574670337e-06
5048,2.7417365345172584e-05,3.3927067306649406e-06,8.614517355454154e-06,3.082028342760168e-06
5049,2.7436555683379993e-05,3.4831423363357317e-06,8.52644006954506e-06,3.085394610025105e-06
5050,2.7464551749289967e-05,3.39070584232104e-06,8.674105629324913e-06,3.079948101003538e-06
5051,2.750455678324215e-05,3.5074256174993934e-06,8.574967068852857e-06,3.0844330467516556e-06
5052,2.75612164841732e-05,3.392294502191362e-06,8.780064490565564e-06,3.0777716801821953e-06
5053,2.7641377528198063e-05,3.548361974026193e-06,8.673685442772694e-06,3.0838662041787757e-06
5054,2.775442771962844e-05,3.4032279927487252e-06,8.973609510576352e-06,3.0755181796848774e-06
5055,2.791433871607296e-05,3.6193980577081675e-06,8.875193088897504e-06,3.0839496503176633e-06
5056,2.814110484905541e-05,3.43640044775384e-06,9.338454219687264e-06,3.0732498998986557e-06
5057,2.846547431545332e-05,3.747215941984905e-06,9.292614777223207e-06,3.0851285828248365e-06
5058,2.893119744840078e-05,3.521697863106965e-06,1.0053725418401882e-05,3.0711546514794463e-06
5059,2.960366509796586e-05,3.988201115134871e-06,1.0174604540225118e-05,3.088171979470644e-06
5060,3.0578623409383e-05,3.726418299265788e-06,1.1503630048537161e-05,3.0697153761138907e-06
5061,3.2001953513827175e-05,4.4605249058804475e-06,1.2068140677001793e-05,3.0946573588153115e-06
5062,3.408481279620901e-05,4.204478500469122e-06,1.4529392501572147e-05,3.070188085985137e-06
5063,3.714911872521043e-05,5.41980762136518e-06,1.6191626855288632e-05,3.1075369406607933e-06
5064,4.165165955782868e-05,5.302308181853732e-06,2.097310425597243e-05,3.075249196626828e-06
5065,4.827840893995017e-05,7.411445039906539e-06,2.5205732526956126e-05,3.1322456379712094e-06
5066,5.7942495914176106e-05,7.767164788674563e-06,3.472223033895716e-05,3.0906205665814923e-06
5067,7.193791680037975e-05,1.1521416126925033e-05,4.452437497093342e-05,3.1784245493327035e-06
5068,9.167905955109745e-05,1.3020245205552783e-05,6.30277645541355e-05,3.1262088668881916e-06
5069,0.00011873627954628319,1.9479013644740917e-05,8.296884334413335e-05,3.2576840567344334e-06
5070,0.0001534094481030479,2.2828873625257984e-05,0.00011462972179288045,3.1901695365377236e-06
5071,0.0001941446098499,3.209471105947159e-05,0.00014522852143272758,3.3642741072981153e-06
5072,0.00023368801339529455,3.5804303479380906e-05,0.00018159310275223106,3.258122887928039e-06
5073,0.0002602836466394365,4.295395774533972e-05,0.00020023397519253194,3.4191396025562426e-06
5074,0.0002571538498159498,3.986917727161199e-05,0.00020114571088925004,3.2277910122502362e-06
5075,0.00021650706185027957,3.541172554832883e-05,0.0001646878372412175,3.2814991755003575e-06
5076,0.00014648576325271279,2.2370864826370962e-05,0.00010876956366701052,3.0690669063915266e-06
5077,7.566246495116502e-05,1.1728905519703403e-05,4.853717109654099e-05,3.0792778034083312e-06
5078,3.3764597901608795e-05,4.555064606392989e-06,1.3690030755242333e-05,3.1039010082167806e-06
5079,3.326318983454257e-05,4.01832357965759e-06,1.321205581916729e-05,3.2065620416688034e-06
5080,6.3274463173002e-05,9.960497663996648e-06,3.5768967791227624e-05,3.5089999528281623e-06
5081,9.92233763099648e-05,1.4007645404490177e-05,6.72394162393175e-05,3.5952630241808947e-06
5082,0.00011775803432101384,1.9288276234874502e-05,7.886133971624076e-05,3.921684310626006e-06
5083,0.00010818442387972027,1.5166896446316969e-05,7.391319377347827e-05,3.820866368187126e-06
5084,7.837563316570595e-05,1.2714386684820056e-05,4.595849895849824e-05,3.940549504477531e-06
5085,4.7792549594305456e-05,5.831313956150552e-06,2.3619002604391426e-05,3.6684466522274306e-06
5086,3.419713175389916e-05,5.0306098273722455e-06,1.0991856470354833e-05,3.6349326819618e-06
5087,4.184942372376099e-05,5.72082490180037e-06,1.894399247248657e-05,3.436921133470605e-06
5088,6.11492941970937e-05,9.101829164137598e-06,3.477521750028245e-05,3.454448915363173e-06
5089,7.719536370132118e-05,1.1901051038876176e-05,4.8129379138117656e-05,3.432986886764411e-06
5090,7.98983674030751e-05,1.2216130926390179e-05,4.96852990181651e-05,3.5993878100271104e-06
5091,6.969519017729908e-05,1.0379747436672915e-05,4.065541361342184e-05,3.7320055525924545e-06
5092,5.562401929637417e-05,8.563177289033774e-06,2.6417585104354657e-05,4.128650743950857e-06
5093,4.8058052925625816e-05,6.1170926528575365e-06,2.007720831898041e-05,4.372750481707044e-06
5094,5.1329836423974484e-05,8.121772225422319e-06,1.8446582544129342e-05,4.952295967086684e-06
5095,6.17227706243284e-05,7.657242349523585e-06,2.84604357148055e-05,5.121018602949334e-06
5096,7.121340604498982e-05,1.1515811820572708e-05,3.170967465848662e-05,5.597584731731331e-06
5097,7.33731867512688e-05,9.347540071757976e-06,3.684323746711016e-05,5.436482297227485e-06
5098,6.731863686582074e-05,1.08884205474169e-05,2.8715563530568033e-05,5.54293046661769e-06
5099,5.7370434660697356e-05,7.086592631821986e-06,2.5163957616314292e-05,5.0239768825122155e-06
5100,4.9298636440653354e-05,7.785301022522617e-06,1.7522848793305457e-05,4.798097961611347e-06
5101,4.613435885403305e-05,5.913945642532781e-06,1.9252305719419383e-05,4.193621862214059e-06
5102,4.664345033233985e-05,7.078906492097303e-06,1.9957196855102666e-05,3.921469669876387e-06
5103,4.711397195933387e-05,6.5871126935235225e-06,2.2951588107389398e-05,3.515054004310514e-06
5104,4.45530386059545e-05,6.451991794165224e-06,2.1289059077389538e-05,3.3623978197283577e-06
5105,3.879566793330014e-05,5.385414624470286e-06,1.7564339941600338e-05,3.169182264173287e-06
5106,3.22623091051355e-05,4.337773134466261e-06,1.2367227100185119e-05,3.111461637672619e-06
5107,2.7932313969358802e-05,3.555080638761865e-06,9.176166713587008e-06,3.0402131869777804e-06
5108,2.7233716537011787e-05,3.552172529452946e-06,8.520382834831253e-06,3.0322321435960475e-06
5109,2.9363927751546726e-05,3.749586539925076e-06,1.0485156963113695e-05,3.025837031600531e-06
5110,3.219757491024211e-05,4.375228400022024e-06,1.261328907276038e-05,3.041811396542471e-06
5111,3.384133015060797e-05,4.565828021441121e-06,1.380746834911406e-05,3.093607119808439e-06
5112,3.370842387084849e-05,4.501041530602379e-06,1.3581913663074374e-05,3.125093826383818e-06
5113,3.253279282944277e-05,4.516214175964706e-06,1.1813620403700043e-05,3.2405919228040148e-06
5114,3.15579236485064e-05,3.916313744412037e-06,1.1331974747008644e-05,3.2619270768918796e-06
5115,3.1583251256961375e-05,4.5386127567326184e-06,1.0012139682658017e-05,3.406499217817327e-06
5116,3.2511983590666205e-05,3.850138909911038e-06,1.177381636807695e-05,3.377605480636703e-06
5117,3.3579650335013866e-05,4.970811460225377e-06,1.1127791367471218e-05,3.4962101835844805e-06
5118,3.396884130779654e-05,4.0015115700953174e-06,1.2996829354960937e-05,3.3940998491743812e-06
5119,3.33388707076665e-05,4.92694198328536e-06,1.1170634024892934e-05,3.4482588944229065e-06
5120,3.196497345925309e-05,3.7714478366979165e-06,1.1693024134729058e-05,3.300100388514693e-06
5121,3.0472830985672772e-05,4.351126335677691e-06,9.59002227318706e-06,3.30633679368475e-06
5122,2.9415683457045816e-05,3.549637767719105e-06,1.000132760964334e-05,3.172943479512469e-06
5123,2.8978927730349824e-05,3.95227607441484e-06,9.19695412449073e-06,3.16593923344044e-06
5124,2.8963024305994622e-05,3.6541737244988326e-06,9.910254448186606e-06,3.0797191357123666e-06
5125,2.8992652005399577e-05,3.833710252365563e-06,9.777274499356281e-06,3.0763333143113414e-06
5126,2.8779308195225894e-05,3.7187369343882892e-06,9.890754881780595e-06,3.0339633667608723e-06
5127,2.8273152565816417e-05,3.6629728583648102e-06,9.43023587751668e-06,3.035989038835396e-06
5128,2.7641824999591336e-05,3.543193543009693e-06,9.014981515065301e-06,3.0167300337780034e-06
5129,2.7127161956741475e-05,3.484125954855699e-06,8.537175745004788e-06,3.0211720059014624e-06
5130,2.689096800168045e-05,3.3888459256559145e-06,8.455086572212167e-06,3.0094070098130032e-06
5131,2.693674832698889e-05,3.4840672924474347e-06,8.378236088901758e-06,3.014889216501615e-06
5132,2.7137328288517892e-05,3.4046552173094824e-06,8.703096682438627e-06,3.005915459652897e-06
5133,2.732599386945367e-05,3.5572334127209615e-06,8.716491720406339e-06,3.0104536108410684e-06
5134,2.7389545721234754e-05,3.4590393624966964e-06,8.896970030036755e-06,3.0067074021644657e-06
5135,2.731413405854255e-05,3.5234957067586947e-06,8.75225850904826e-06,3.0076762413955294e-06
5136,2.716881499509327e-05,3.4742311072477605e-06,8.621742381365038e-06,3.0145683922455646e-06
5137,2.7050977223552763e-05,3.4146489724662388e-06,8.587323463871144e-06,3.009800821018871e-06
5138,2.7029826014768332e-05,3.5214411582273897e-06,8.358110790140927e-06,3.030054813280003e-06
5139,2.7117759600514546e-05,3.3514270398882218e-06,8.676246579852886e-06,3.018016968781012e-06
5140,2.7276128093944862e-05,3.6234455365047324e-06,8.401723789575044e-06,3.0501914807246067e-06
5141,2.744711673585698e-05,3.348828386151581e-06,8.944866749516223e-06,3.03068418361363e-06
5142,2.7586345822783187e-05,3.71116038877517e-06,8.520010851498228e-06,3.0710348255524877e-06
5143,2.7684884116752073e-05,3.359514039402711e-06,9.09780828806106e-06,3.045512585231336e-06
5144,2.776773544610478e-05,3.755777242986369e-06,8.553071893402375e-06,3.0917774438421475e-06
5145,2.7879928893526085e-05,3.3834471651061904e-06,9.176975254376885e-06,3.0639014312328072e-06
5146,2.8067359380656853e-05,3.8112877973617287e-06,8.661892934469506e-06,3.1188355933409184e-06
5147,2.8364018362481147e-05,3.4543820675025927e-06,9.444311217521317e-06,3.093064833592507e-06
5148,2.8789118005079217e-05,3.946823653677711e-06,9.018462151288986e-06,3.164766440022504e-06
5149,2.93560660793446e-05,3.5877599202649435e-06,1.0036716957984027e-05,3.1463175673707156e-06
5150,3.0086212063906714e-05,4.20320520788664e-06,9.631175998947583e-06,3.2503662623639684e-06
5151,3.10230789182242e-05,3.7935294585622614e-06,1.0984711479977705e-05,3.2489674595126417e-06
5152,3.224176907679066e-05,4.633269327314338e-06,1.0552500498306472e-05,3.411200168557116e-06
5153,3.385337913641706e-05,4.13916359320865e-06,1.2491465895436704e-05,3.444549747655401e-06
5154,3.6006713344249874e-05,5.362584943213733e-06,1.2119666280341335e-05,3.704892151290551e-06
5155,3.888704304699786e-05,4.787629677593941e-06,1.5074645489221439e-05,3.804953621511231e-06
5156,4.27137638325803e-05,6.6063221311196685e-06,1.4993375771155115e-05,4.222812549414812e-06
5157,4.7730318328831345e-05,5.999647328280844e-06,1.953329410753213e-05,4.439475105755264e-06
5158,5.416856220108457e-05,8.654252269479912e-06,2.0069988750037737e-05,5.088864327262854e-06
5159,6.219041824806482e-05,8.079149665718433e-06,2.6754711143439636e-05,5.4713109420845285e-06
5160,7.17470538802445e-05,1.1727730452548712e-05,2.8071910492144525e-05,6.389483587554423e-06
5161,8.240035094786435e-05,1.1093197826994583e-05,3.683133400045335e-05,6.895164915476926e-06
5162,9.306373249273747e-05,1.5426237951032817e-05,3.80093370040413e-05,7.925631507532671e-06
5163,0.00010187635780312121,1.4090506738284603e-05,4.6637105697300285e-05,8.229748345911503e-06
5164,0.00010631157783791423,1.7758884496288374e-05,4.4440035708248615e-05,8.82253243617015e-06
5165,0.0001039300550473854,1.4500147699436639e-05,4.79498048662208e-05,8.29602049634559e-06
5166,9.35722709982656e-05,1.56353744387161e-05,3.883415411110036e-05,7.820548489689827e-06
5167,7.6583273767028e-05,1.0416504665045068e-05,3.453862518654205e-05,6.325628874037648e-06
5168,5.693052662536502e-05,9.228022463503294e-06,2.195626984757837e-05,5.149246590008261e-06
5169,3.9799655496608466e-05,5.00682972415234e-06,1.5818633983144537e-05,3.794838448811788e-06
5170,2.9320714020286687e-05,4.054180863022339e-06,9.451000551052857e-06,3.163106384818093e-06
5171,2.6914593036053702e-05,3.5494847452355316e-06,8.367777809326071e-06,2.9994657779752742e-06
5172,3.113771163043566e-05,3.745209141925443e-06,1.1061125405831262e-05,3.2662751436873805e-06
5173,3.873045352520421e-05,5.964379852230195e-06,1.321436411672039e-05,3.9103420022001956e-06
5174,4.60343508166261e-05,5.830073860124685e-06,1.8827868188964203e-05,4.275282208254794e-06
5175,5.017675721319392e-05,8.047595656535123e-06,1.856610288086813e-05,4.7126118261076044e-06
5176,4.9823724111774936e-05,6.433820544771152e-06,2.09163517865818e-05,4.494710537983337e-06
5177,4.541116504697129e-05,7.167619969550287e-06,1.6610740203759633e-05,4.326561338530155e-06
5178,3.8789217796875164e-05,4.881329914496746e-06,1.5307003195630386e-05,3.7201766645011958e-06
5179,3.236248448956758e-05,4.6861805458320305e-06,1.0819841918419115e-05,3.3712919957906706e-06
5180,2.808497447404079e-05,3.5177397421648493e-06,9.425962161913048e-06,3.0282544685178436e-06
5181,2.6788176910486072e-05,3.363385530974483e-06,8.589534445491154e-06,2.9670516141777625e-06
5182,2.8086762540624477e-05,3.87959562431206e-06,8.701911610842217e-06,3.101051106568775e-06
5183,3.077992732869461e-05,3.7118236377864378e-06,1.0882497008424252e-05,3.2371215183957247e-06
5184,3.345223012729548e-05,4.975483989255736e-06,1.0926914910669439e-05,3.5099665183224715e-06
5185,3.500395541777834e-05,4.29354804509785e-06,1.3153188774595037e-05,3.5114439924655017e-06
5186,3.495212513371371e-05,5.244279691396514e-06,1.1714259926520754e-05,3.5987168303108774e-06
5187,3.347259189467877e-05,4.126439307583496e-06,1.2411586794769391e-05,3.3869130220409716e-06
5188,3.120912879239768e-05,4.4821895244240295e-06,1.0219771866104566e-05,3.3014330256264657e-06
5189,2.8959602786926553e-05,3.5941347960033454e-06,9.957366273738444e-06,3.081620434386423e-06
5190,2.7366626454750076e-05,3.6148323943052674e-06,8.704491847311147e-06,3.009460670000408e-06
5191,2.672642222023569e-05,3.461843107288587e-06,8.456290743197314e-06,2.9616576284752227e-06
5192,2.6966446966980584e-05,3.327427975818864e-06,8.76825833984185e-06,2.9741520393145038e-06
5193,2.775211942207534e-05,3.809294412349118e-06,8.59356441651471e-06,3.069852027692832e-06
5194,2.8656078939093277e-05,3.470625642876257e-06,9.741630492499098e-06,3.088764515268849e-06
5195,2.93129742203746e-05,4.145845196035225e-06,9.200796739605721e-06,3.1932663659972604e-06
5196,2.9518900191760622e-05,3.5910445603803964e-06,1.0216484042757656e-05,3.1422741813003086e-06
5197,2.9254890250740573e-05,4.1131315811071545e-06,9.244953616871499e-06,3.1793608741281787e-06
5198,2.865098213078454e-05,3.521296093822457e-06,9.744010640133638e-06,3.0771350338909542e-06
5199,2.7913549274671823e-05,3.7920347040198976e-06,8.792092557996511e-06,3.065884584430023e-06
5200,2.7245974706602283e-05,3.414513230381999e-06,8.908662493922748e-06,2.9845598419342423e-06
5201,2.6790077754412778e-05,3.4746431083476637e-06,8.45844806462992e-06,2.971397407236509e-06
5202,2.659910751390271e-05,3.437075520196231e-06,8.387454727198929e-06,2.9549153168773046e-06
5203,2.6643510864232667e-05,3.3305711895081913e-06,8.544186130166054e-06,2.9537507089116843e-06
5204,2.683892125787679e-05,3.574486072466243e-06,8.317866559082177e-06,2.9893137707404094e-06
5205,2.708242755034007e-05,3.3265441743424162e-06,8.843584510032088e-06,2.982459591294173e-06
5206,2.7284302632324398e-05,3.6966275729355402e-06,8.431128662778065e-06,3.0313092338474235e-06
5207,2.7387239242671058e-05,3.355182798259193e-06,9.016419426188804e-06,3.0031276310182875e-06
5208,2.7373072953196242e-05,3.7096488085808232e-06,8.473195521219168e-06,3.0380458611034555e-06
5209,2.725704325712286e-05,3.3603446354391053e-06,8.929587238526437e-06,2.9934224130556686e-06
5210,2.7075744583271444e-05,3.6196231576468563e-06,8.40722077555256e-06,3.00977990264073e-06
5211,2.687376763788052e-05,3.3542571600264637e-06,8.683242413098924e-06,2.967253522001556e-06
5212,2.6690464437706396e-05,3.493197027637507e-06,8.334963240486104e-06,2.9724606065428816e-06
5213,2.6552712370175868e-05,3.3690650980133796e-06,8.444604645774234e-06,2.9478087526513264e-06
5214,2.647236397024244e-05,3.3907933811860858e-06,8.340866770595312e-06,2.948140490843798e-06
5215,2.644652886374388e-05,3.413618969716481e-06,8.305190021928865e-06,2.9455438834702363e-06
5216,2.646287248353474e-05,3.333432459839969e-06,8.42097415443277e-06,2.941693310276605e-06
5217,2.6504108973313123e-05,3.4693043744482566e-06,8.258339221356437e-06,2.9552929845522158e-06
5218,2.655261050676927e-05,3.3115218229795573e-06,8.514491128153168e-06,2.9453196930262493e-06
5219,2.6593825168674812e-05,3.5100495097140083e-06,8.253209671238437e-06,2.9661132430192083e-06
5220,2.6618507035891525e-05,3.306720600448898e-06,8.56452970765531e-06,2.9494513000827283e-06
5221,2.6622497898642905e-05,3.5216210108046653e-06,8.249193342635408e-06,2.9703367090405663e-06
5222,2.660623795236461e-05,3.3075016290240455e-06,8.552511644666083e-06,2.9492450721591013e-06
5223,2.657347431522794e-05,3.504594815240125e-06,8.23538448457839e-06,2.9666991849808255e-06
5224,2.652975126693491e-05,3.311138016215409e-06,8.49356274557067e-06,2.9450100100802956e-06
5225,2.648107874847483e-05,3.4702229640970472e-06,8.220645213441458e-06,2.9580419322883245e-06
5226,2.64326881733723e-05,3.318998551549157e-06,8.416689524892718e-06,2.9394000193860848e-06
5227,2.6388632250018418e-05,3.4305362532904837e-06,8.216883543354925e-06,2.948242581624072e-06
5228,2.6351306587457657e-05,3.3321809951303294e-06,8.345059541170485e-06,2.9348132102313684e-06
5229,2.6322275516577065e-05,3.394374743947992e-06,8.22865422378527e-06,2.9398493097687606e-06
5230,2.6301851903554052e-05,3.349621010784176e-06,8.290810001199134e-06,2.9322841328394134e-06
5231,2.628907714097295e-05,3.3656294817774324e-06,8.253998203144874e-06,2.9338898457353935e-06
5232,2.6282625185558572e-05,3.3688863823044812e-06,8.25571441964712e-06,2.9316049676708644e-06
5233,2.628100264701061e-05,3.3445867302361876e-06,8.285912372230086e-06,2.9301004360604566e-06
5234,2.6283076294930652e-05,3.3872463518491713e-06,8.235871064243838e-06,2.9319917302927934e-06
5235,2.628761103551369e-05,3.3302424071735004e-06,8.318718755617738e-06,2.927730065493961e-06
5236,2.6293497285223566e-05,3.4032148050755495e-06,8.226847057812847e-06,2.9326870389922988e-06
5237,2.6299974706489593e-05,3.3204448754986515e-06,8.34897582535632e-06,2.926110710177454e-06
5238,2.6306966901756823e-05,3.416628260310972e-06,8.224571502069011e-06,2.9331536097743083e-06
5239,2.631431198096834e-05,3.3137114314740757e-06,8.37668812891934e-06,2.9247826205391902e-06
5240,2.6321909899706952e-05,3.4279028113815002e-06,8.227477337641176e-06,2.9333059501368552e-06
5241,2.6330488253734075e-05,3.3091273508034647e-06,8.403875654039439e-06,2.9234970497782342e-06
5242,2.6340316253481433e-05,3.4387317100481596e-06,8.235962013714015e-06,2.933124278570176e-06
5243,2.635238524817396e-05,3.3059145607694518e-06,8.435601557721384e-06,2.9221737349871546e-06
5244,2.6367346436018124e-05,3.451040129220928e-06,8.252305633504875e-06,2.932800043708994e-06
5245,2.6387057005194947e-05,3.3040744256140897e-06,8.478736162942369e-06,2.9208492833276978e-06
5246,2.6413043087814003e-05,3.4678669180721045e-06,8.282285307359416e-06,2.9325781270017615e-06
5247,2.6447347408975475e-05,3.304363872302929e-06,8.545176569896284e-06,2.919561211456312e-06
5248,2.6493302357266657e-05,3.4929187222587643e-06,8.336837709066458e-06,2.9327090942388168e-06
5249,2.6554771466180682e-05,3.308833129267441e-06,8.653833901917096e-06,2.918420932473964e-06
5250,2.6637739210855216e-05,3.5327939258422703e-06,8.437283213424962e-06,2.933532641691272e-06
5251,2.6749847165774554e-05,3.3224296203115955e-06,8.839618203637656e-06,2.9175598683650605e-06
5252,2.690203473321162e-05,3.598291414164123e-06,8.62643719301559e-06,2.935461452580057e-06
5253,2.710963599383831e-05,3.3553881166881183e-06,9.168066753773019e-06,2.917236315624905e-06
5254,2.7394919015932828e-05,3.710100600073929e-06,8.989417437987868e-06,2.9390803319984116e-06
5255,2.7789074010797776e-05,3.429701791901607e-06,9.77003037405666e-06,2.917868414442637e-06
5256,2.8338177799014375e-05,3.908257895091083e-06,9.70286509982543e-06,2.9454110972437775e-06
5257,2.9106871807016432e-05,3.5928744637203636e-06,1.0912444849964231e-05,2.9203104077168973e-06
5258,3.0190971301635727e-05,4.273107151675504e-06,1.1137204637634568e-05,2.9561322207882768e-06
5259,3.172473225276917e-05,3.946846391045256e-06,1.3147857316653244e-05,2.9260056635393994e-06
5260,3.390990605112165e-05,4.968192115484271e-06,1.4072640624362975e-05,2.973814616780146e-06
5261,3.7026646168669686e-05,4.709879249276128e-06,1.7630463844398037e-05,2.9372602057264885e-06
5262,4.1492450691293925e-05,6.330457836156711e-06,2.015120116993785e-05,3.0021581096661976e-06
5263,4.785780038218945e-05,6.3383663473359775e-06,2.673159724508878e-05,2.9575680855487008e-06
5264,5.691591650247574e-05,9.019931894727051e-06,3.2664680475136265e-05,3.046261099370895e-06
5265,6.958708399906754e-05,9.708042853162624e-06,4.492503285291605e-05,2.9908019314461853e-06
5266,8.704420179128647e-05,1.416005670762388e-05,5.7342229411005974e-05,3.108384134975495e-06
5267,0.00011009347508661449,1.6132367818499915e-05,7.878910400904715e-05,3.0343994694703724e-06
5268,0.00013910852430853993,2.2899948817212135e-05,0.00010033725993707776,3.174265430061496e-06
5269,0.00017199265130329877,2.6130977857974358e-05,0.00013055175077170134,3.0619848985224962e-06
5270,0.0002041646948782727,3.3664964576018974e-05,0.00015456549590453506,3.1868473797658226e-06
5271,0.00022573649766854942,3.5051198210567236e-05,0.00017563728033564985,3.009603460668586e-06
5272,0.00022633413027506322,3.7142366636544466e-05,0.00017385886167176068,3.0665794383821776e-06
5273,0.00019777155830524862,3.09567985823378e-05,0.00015240354696288705,2.8822414606111124e-06
5274,0.00014549304614774883,2.344046333746519e-05,0.00010740804282249883,2.928908998001134e-06
5275,8.708066889084876e-05,1.3406239304458722e-05,5.878564843442291e-05,2.9777550025755772e-06
5276,4.5573789975605905e-05,6.39966992821428e-06,2.3334763682214543e-05,3.1678712275606813e-06
5277,3.4455908462405205e-05,5.19866262038704e-06,1.1356299182807561e-05,3.580189513741061e-06
5278,5.120460991747677e-05,6.525286153191701e-06,2.549397868278902e-05,3.837069471046561e-06
5279,8.077017992036417e-05,1.3172546459827572e-05,4.5682107156608254e-05,4.38310553363408e-06
5280,0.00010447890963405371,1.4600941540265922e-05,6.764451245544478e-05,4.446691946213832e-06
5281,0.00010927605762844905,1.802925908123143e-05,6.742311961716041e-05,4.764735422213562e-06
5282,9.308262087870389e-05,1.2716432138404343e-05,5.825641710544005e-05,4.4219536903256085e-06
5283,6.590850534848869e-05,1.0745688086899463e-05,3.362733332323842e-05,4.3070972424175125e-06
5284,4.264206290827133e-05,5.201703061175067e-06,1.8756829376798123e-05,3.736706275958568e-06
5285,3.389796620467678e-05,5.089865680929506e-06,1.1388736311346292e-05,3.48387243320758e-06
5286,4.011523924418725e-05,5.6083849813148845e-06,1.881793468783144e-05,3.1377840059576556e-06
5287,5.3126430429983884e-05,7.802777872711886e-06,3.0219955078791827e-05,3.0207395411707694e-06
5288,6.244799442356452e-05,9.643572411732748e-06,3.811182250501588e-05,2.938519401141093e-06
5289,6.15802055108361e-05,9.032680281961802e-06,3.802922219620086e-05,2.903661197706242e-06
5290,5.1252631237730384e-05,7.746344635961577e-06,2.896562364185229e-05,2.908132955781184e-06
5291,3.7752906791865826e-05,5.25278301211074e-06,1.7967266103369184e-05,2.90657135337824e-06
5292,2.8403928808984347e-05,3.7340257676987676e-06,1.0124695108970627e-05,2.9090415409882553e-06
5293,2.6858551791519858e-05,3.681452199089108e-06,8.42990539240418e-06,2.9494390219042543e-06
5294,3.162652865285054e-05,4.01072111344547e-06,1.3017510354984552e-05,2.919659209510428e-06
5295,3.797006866079755e-05,5.668769517797045e-06,1.747089481796138e-05,2.9660809559572954e-06
5296,4.127530337427743e-05,5.514353688340634e-06,2.1275724066072144e-05,2.897045078498195e-06
5297,3.969840327044949e-05,5.943868927715812e-06,1.9171548046870157e-05,2.916597168223234e-06
5298,3.463074972387403e-05,4.581679604598321e-06,1.5728906873846427e-05,2.8640329219342675e-06
5299,2.932398274424486e-05,4.020922915515257e-06,1.0929122254310641e-05,2.874787469409057e-06
5300,2.6587798856780864e-05,3.552973794285208e-06,8.498926035827026e-06,2.907179805333726e-06
5301,2.7259908165433444e-05,3.360175696798251e-06,9.294788469560444e-06,2.92098889076442e-06
5302,3.0111057640169747e-05,4.3732848098443355e-06,1.0625625691318419e-05,3.022429609700339e-06
5303,3.295570058980957e-05,4.0742156670603435e-06,1.3873229363525752e-05,3.0016508389962837e-06
5304,3.406597534194589e-05,5.1096344577672426e-06,1.3468680663208943e-05,3.0975315894465894e-06
5305,3.3015534427249804e-05,4.0737554627412464e-06,1.3811442840960808e-05,3.026067361133755e-06
5306,3.066887438762933e-05,4.486549187276978e-06,1.079050161933992e-05,3.0783648981014267e-06
5307,2.843533002305776e-05,3.467382839517086e-06,1.0032572390628047e-05,2.98707482215832e-06
5308,2.7402602427173406e-05,3.824178747890983e-06,8.538925612811e-06,3.00789974971849e-06
5309,2.7810336177935824e-05,3.539922317941091e-06,9.569823305355385e-06,2.94011829282681e-06
5310,2.9100003303028643e-05,3.988868229498621e-06,1.032796899380628e-05,2.956633124995278e-06
5311,3.03772758343257e-05,4.0646114030096214e-06,1.1705703400366474e-05,2.9213922516646562e-06
5312,3.094836574746296e-05,4.252842700225301e-06,1.1954820365644991e-05,2.948140945591149e-06
5313,3.0639708711532876e-05,4.0993090806296095e-06,1.1884884770552162e-05,2.9311029265954858e-06
5314,2.9778850148431957e-05,4.1186867747455835e-06,1.0741663572844118e-05,2.9837001420673914e-06
5315,2.893284363381099e-05,3.707991254486842e-06,1.0350397133152e-05,2.9748910037596943e-06
5316,2.8577349439729005e-05,4.034105586470105e-06,9.208482879330404e-06,3.066952103836229e-06
5317,2.8884373023174703e-05,3.54016538040014e-06,1.0060296517622191e-05,3.0567823614546796e-06
5318,2.97077203867957e-05,4.332965545472689e-06,9.459693501412403e-06,3.183012495355797e-06
5319,3.072921754210256e-05,3.7080042147863423e-06,1.1218584404559806e-05,3.1605256936018122e-06
5320,3.16545192617923e-05,4.727617124444805e-06,1.0393026968813501e-05,3.3067747153836535e-06
5321,3.236111660953611e-05,3.901247509929817e-06,1.2108856935810763e-05,3.2702021144359605e-06
5322,3.293203917564824e-05,4.968858775100671e-06,1.0819176168297417e-05,3.428800937399501e-06
5323,3.35947479470633e-05,4.0835843719833065e-06,1.2580670954775997e-05,3.386098569535534e-06
5324,3.4604629036039114e-05,5.265651452646125e-06,1.1512466699059587e-05,3.5653017675940646e-06
5325,3.614974411902949e-05,4.501836883719079e-06,1.3954903806734364e-05,3.538600822139415e-06
5326,3.830021887551993e-05,5.907685590500478e-06,1.3549007235269528e-05,3.768705028051045e-06
5327,4.1024537495104596e-05,5.269213033898268e-06,1.683064692770131e-05,3.784935643125209e-06
5328,4.423843347467482e-05,6.952839157747803e-06,1.67762646015035e-05,4.101866124983644e-06
5329,4.7848188842181116e-05,6.2957774389360566e-06,2.0661598682636395e-05,4.178162726020673e-06
5330,5.177566345082596e-05,8.306174095196184e-06,2.0424977265065536e-05,4.608902145264437e-06
5331,5.591909575741738e-05,7.458683285221923e-06,2.4761877284618095e-05,4.7397074922628235e-06
5332,6.010739161865786e-05,9.803938155528158e-06,2.3993228751351126e-05,5.2620453061535954e-06
5333,6.401829159585759e-05,8.603263268014416e-06,2.8559390557347797e-05,5.371127826947486e-06
5334,6.715724884998053e-05,1.107476418837905e-05,2.6802106731338426e-05,5.856076313648373e-06
5335,6.888116331538185e-05,9.28498775465414e-06,3.0696261092089117e-05,5.77998298467719e-06
5336,6.853354716440663e-05,1.1351075954735279e-05,2.7110105293104425e-05,6.014473001414444e-06
5337,6.566970841959119e-05,8.781712494965177e-06,2.8936612579855137e-05,5.590276032307884e-06
5338,6.028056668583304e-05,9.929484804160893e-06,2.3198021153802983e-05,5.430611963674892e-06
5339,5.294630682328716e-05,6.900593234604457e-06,2.2540301870321855e-05,4.701082161773229e-06
5340,4.47509009973146e-05,7.166851446527289e-06,1.6161366147571243e-05,4.284537226340035e-06
5341,3.7015401176176965e-05,4.633559910871554e-06,1.4448898582486436e-05,3.5865891732100863e-06
5342,3.090235259151086e-05,4.557802640192676e-06,1.0100557119585574e-05,3.2487985208717873e-06
5343,2.7105950721306726e-05,3.3977330531342886e-06,9.126465556619223e-06,2.9163502404117025e-06
5344,2.573150777607225e-05,3.348273367009824e-06,8.1707530625863e-06,2.84249631476996e-06
5345,2.6379613700555637e-05,3.6140438623988302e-06,8.22121546661947e-06,2.9088707833579974e-06
5346,2.8350226784823462e-05,3.48092544300016e-06,9.835454875428695e-06,3.0067692478041863e-06
5347,3.0863371648592874e-05,4.578098014462739e-06,9.975889042834751e-06,3.261877054683282e-06
5348,3.322754491819069e-05,4.104879735677969e-06,1.2447153494576924e-05,3.3351025194860995e-06
5349,3.493690746836364e-05,5.35603248863481e-06,1.1797217666753568e-05,3.556730916898232e-06
5350,3.5716879210667685e-05,4.470608018891653e-06,1.3800015949527733e-05,3.4892509575001895e-06
5351,3.551519330358133e-05,5.448028787213843e-06,1.2191043424536474e-05,3.575224127416732e-06
5352,3.446653863647953e-05,4.332938715378987e-06,1.3227082490629982e-05,3.381303713467787e-06
5353,3.283564728917554e-05,4.917392288916744e-06,1.1148957128170878e-05,3.353859710841789e-06
5354,3.0944265745347366e-05,3.889397248713067e-06,1.1394074135750998e-05,3.1321590086008655e-06
5355,2.9104348868713714e-05,4.158504907536553e-06,9.589870387571864e-06,3.0711946692463243e-06
5356,2.7559668524190784e-05,3.4921893075079424e-06,9.476971172261983e-06,2.9181014724599663e-06
5357,2.6457146304892376e-05,3.5637385735753924e-06,8.483300916850567e-06,2.882021590266959e-06
5358,2.5841747628874145e-05,3.3584487937332597e-06,8.31836041470524e-06,2.832987547662924e-06
5359,2.5674540665932e-05,3.2970351639960427e-06,8.231837455241475e-06,2.8291335638641613e-06
5360,2.585951551736798e-05,3.477845439192606e-06,8.073762728599831e-06,2.8615813789656386e-06
5361,2.6273772164131515e-05,3.297912599009578e-06,8.647590220789425e-06,2.8656538688665023e-06
5362,2.6792691642185673e-05,3.7080494621477555e-06,8.40874417917803e-06,2.935179736596183e-06
5363,2.7308129574521445e-05,3.414245838939678e-06,9.27887322177412e-06,2.9230020572867943e-06
5364,2.773832602542825e-05,3.901567652064841e-06,8.865253221301828e-06,2.9943012123112567e-06
5365,2.803246934490744e-05,3.5163573102181545e-06,9.731440513860434e-06,2.956934167741565e-06
5366,2.816824780893512e-05,3.979108441853896e-06,9.124089956458192e-06,3.0130099730740767e-06
5367,2.8148588171461597e-05,3.5437171845842386e-06,9.825098459259607e-06,2.9559546419477556e-06
5368,2.7994778065476567e-05,3.935520453524077e-06,9.086992577067576e-06,2.9944530979264528e-06
5369,2.773931555566378e-05,3.4997149214177625e-06,9.591278285370208e-06,2.9296643333509564e-06
5370,2.7419493562774733e-05,3.8125497212604387e-06,8.832714229356498e-06,2.9548459679062944e-06
5371,2.7071473596151918e-05,3.4211652746307664e-06,9.182009307551198e-06,2.8936597118445206e-06
5372,2.6726913347374648e-05,3.6643032217398286e-06,8.509253348165657e-06,2.910671128120157e-06
5373,2.6409263227833435e-05,3.346487574162893e-06,8.760388482187409e-06,2.860477707145037e-06
5374,2.6134301151614636e-05,3.5313198623043718e-06,8.239141607191414e-06,2.8727681637974456e-06
5375,2.5909945179591887e-05,3.2982059110509e-06,8.430178240814712e-06,2.836312205545255e-06
5376,2.573757774371188e-05,3.4328486435697414e-06,8.078557584667578e-06,2.8452343485696474e-06
5377,2.5613871912355535e-05,3.2810132779559353e-06,8.222044925787486e-06,2.8221627417224227e-06
5378,2.5532188374199905e-05,3.3692926990624983e-06,8.023256668820977e-06,2.827927801263286e-06
5379,2.5484911020612344e-05,3.2883715448406292e-06,8.114953743643127e-06,2.8163171919004526e-06
5380,2.5464109057793394e-05,3.3318342502752785e-06,8.039392923819833e-06,2.818576604113332e-06
5381,2.5462544726906344e-05,3.310028432679246e-06,8.07205924502341e-06,2.8160914098407375e-06
5382,2.5474499125266448e-05,3.3105241072917124e-06,8.091072231763974e-06,2.814580511767417e-06
5383,2.549582495703362e-05,3.3382389119651634e-06,8.061195330810733e-06,2.8192780519020744e-06
5384,2.5523364456603304e-05,3.2978800845739897e-06,8.155705472745467e-06,2.8139559162809746e-06
5385,2.5555324100423604e-05,3.368645138834836e-06,8.064742360147648e-06,2.8243875931366347e-06
5386,2.5590838049538434e-05,3.289894948466099e-06,8.223627446568571e-06,2.815463176375488e-06
5387,2.5630153686506674e-05,3.3999654078797903e-06,8.075554433162324e-06,2.830926860042382e-06
5388,2.5674056814750656e-05,3.285249476903118e-06,8.295854058815166e-06,2.818590473907534e-06
5389,2.5723755243234336e-05,3.4343229344813153e-06,8.095155862974934e-06,2.838855152731412e-06
5390,2.5781748263398185e-05,3.284338845332968e-06,8.38026880956022e-06,2.8234280762262642e-06
5391,2.5851077225524932e-05,3.4751540169963846e-06,8.129794878186658e-06,2.849225666068378e-06
5392,2.5935005396604538e-05,3.2892849048948847e-06,8.490025720675476e-06,2.831139227055246e-06
5393,2.603869143058546e-05,3.5282623684906866e-06,8.190649168682285e-06,2.8639560696319677e-06
5394,2.6168552722083405e-05,3.3038759283954278e-06,8.64695630298229e-06,2.8435440526664024e-06
5395,2.6332843845011666e-05,3.604093308240408e-06,8.298645298054907e-06,2.88602086584433e-06
5396,2.6543410058366135e-05,3.3358085147483507e-06,8.885356692189816e-06,2.8644490157603286e-06
5397,2.6815716410055757e-05,3.7177619560679886e-06,8.490773325320333e-06,2.9214361347840168e-06
5398,2.7170925022801384e-05,3.4004810913756955e-06,9.266650522476994e-06,2.9007590001128847e-06
5399,2.763763586699497e-05,3.89877141060424e-06,8.838524081511423e-06,2.9800680749758612e-06
5400,2.825494811986573e-05,3.5275534173706546e-06,9.902439160214271e-06,2.9649913813045714e-06
5401,2.9075566999381408e-05,4.197268935968168e-06,9.475637853029184e-06,3.080531996602076e-06
5402,3.0171418984537013e-05,3.7725076253991574e-06,1.099354267353192e-05,3.081073600696982e-06
5403,3.163969813613221e-05,4.703721060650423e-06,1.0652564014890231e-05,3.2566822483204305e-06
5404,3.361004200996831e-05,4.242848717694869e-06,1.2906619303976186e-05,3.2921145702857757e-06
5405,3.6252527934266254e-05,5.580349807132734e-06,1.2833621440222487e-05,3.5677112464327365e-06
5406,3.978078893851489e-05,5.130461886437843e-06,1.6280071577057242e-05,3.6740509585797554e-06
5407,4.445615195436403e-05,7.0891951509111095e-06,1.6802732716314495e-05,4.112844635528745e-06
5408,5.056481677456759e-05,6.739149284840096e-06,2.2104384697740898e-05,4.3442569221952e-06
5409,5.837718344992027e-05,9.590860827302095e-06,2.3674605472479016e-05,5.022343430027831e-06
5410,6.802918505854905e-05,9.42017140914686e-06,3.1490621040575206e-05,5.423677976068575e-06
5411,7.936596375657246e-05,1.330614850303391e-05,3.4246470022480935e-05,6.362669410009403e-06
5412,9.164829680230469e-05,1.3125783880241215e-05,4.424730286700651e-05,6.855041647213511e-06
5413,0.00010332869715057313,1.7515081708552316e-05,4.668002657126635e-05,7.826717592251953e-06
5414,0.00011189952783752233,1.6378380678361282e-05,5.5565848015248775e-05,7.991058737388812e-06
5415,0.00011440943490015343,1.9472759959171526e-05,5.3211202612146735e-05,8.345094101969153e-06
5416,0.00010845215729204938,1.5932351743686013e-05,5.4812255257274956e-05,7.541510058217682e-06
5417,9.388774924445897e-05,1.586096732353326e-05,4.418604294187389e-05,6.768147613911424e-06
5418,7.366012869169936e-05,1.0563847354205791e-05,3.723689223988913e-05,5.171878001419827e-06
5419,5.328287079464644e-05,8.513078682881314e-06,2.4646209567436017e-05,4.024716417916352e-06
5420,3.837433905573562e-05,5.328251518221805e-06,1.788256486179307e-05,3.032704398719943e-06
5421,3.22105988743715e-05,4.255310614098562e-06,1.407801391906105e-05,2.7754545044444967e-06
5422,3.457428829278797e-05,5.332386990630766e-06,1.3564283108280506e-05,3.135523456876399e-06
5423,4.238001929479651e-05,5.320578111422947e-06,1.868880463007372e-05,3.6741273561347043e-06
5424,5.1266477385070175e-05,8.53279107104754e-06,2.0014917026855983e-05,4.54375367553439e-06
5425,5.723039066651836e-05,7.486693903047126e-06,2.5739484044606797e-05,4.800842816621298e-06
5426,5.786480687675066e-05,9.755105566000566e-06,2.274137659696862e-05,5.073664851806825e-06
5427,5.306485400069505e-05,6.886615210532909e-06,2.3571683414047584e-05,4.521311439020792e-06
5428,4.483994052861817e-05,7.374509550572839e-06,1.6931509890127927e-05,4.106784217583481e-06
5429,3.635164102888666e-05,4.497999270824948e-06,1.51527028720011e-05,3.3401877317373874e-06
5430,3.0427598176174797e-05,4.542221631709253e-06,1.0959620340145193e-05,2.98515124086407e-06
5431,2.8428345103748143e-05,3.687866183099686e-06,1.0888418728427496e-05,2.7704118110705167e-06
5432,2.9941096727270633e-05,4.027727300126571e-06,1.169846837001387e-05,2.8429799385776278e-06
5433,3.3292995794909075e-05,4.907640686724335e-06,1.2831496860599145e-05,3.110771785941324e-06
5434,3.646358527475968e-05,4.839806024392601e-06,1.536980562377721e-05,3.2507946343685035e-06
5435,3.792356073972769e-05,5.8563700804370455e-06,1.4771450878470205e-05,3.4591482744872337e-06
5436,3.710973396664485e-05,4.906033609586302e-06,1.5586054360028356e-05,3.323529199406039e-06
5437,3.447428753133863e-05,5.204431090533035e-06,1.2962476830580272e-05,3.2614755127724493e-06
5438,3.111932528554462e-05,4.06910976380459e-06,1.2110773241147399e-05,2.9878883651690558e-06
5439,2.8254282369744033e-05,3.923143594875e-06,9.987588782678358e-06,2.8687097710644593e-06
5440,2.6692920073401183e-05,3.594290546971024e-06,9.235065590473823e-06,2.7727130600396777e-06
5441,2.6617639377946034e-05,3.3686542337818537e-06,9.351539119961672e-06,2.779489250315237e-06
5442,2.7641641281661578e-05,3.995867245976115e-06,9.099231647269335e-06,2.9093084776832256e-06
5443,2.907391171902418e-05,3.571690740500344e-06,1.0710222341003828e-05,2.958399818453472e-06
5444,3.0236273232731037e-05,4.5665578909392934e-06,1.005867943604244e-05,3.122207317574066e-06
5445,3.070414823014289e-05,3.767959697142942e-06,1.1596565855143126e-05,3.0679248084197752e-06
5446,3.0402905395021662e-05,4.600991815095767e-06,1.017806334857596e-05,3.1247700462699868e-06
5447,2.9564933356596157e-05,3.631148274507723e-06,1.1076434020651504e-05,2.9714703941863263e-06
5448,2.8587342967512086e-05,4.201411684334744e-06,9.638673873269e-06,2.9494513000827283e-06
5449,2.7865295123774558e-05,3.479782890281058e-06,1.0308636774425395e-05,2.8153751827630913e-06
5450,2.766293619060889e-05,3.907420705218101e-06,9.759246495377738e-06,2.7992534796794644e-06
5451,2.805835902108811e-05,3.6560522858053446e-06,1.0614930943120271e-05,2.757474931058823e-06
5452,2.897308877436444e-05,4.009865278931102e-06,1.112160589400446e-05,2.768323611235246e-06
5453,3.0242053981055506e-05,4.113945578865241e-06,1.2175996744190343e-05,2.7904225134989247e-06
5454,3.17094090860337e-05,4.417831405589823e-06,1.3321508049557451e-05,2.7940138807025505e-06
5455,3.329296305309981e-05,4.629908289643936e-06,1.4586684301320929e-05,2.815274001477519e-06
5456,3.503501648083329e-05,5.006951596442377e-06,1.6055191736086272e-05,2.7945745841861935e-06
5457,3.7090620025992393e-05,5.1738597903749906e-06,1.798392622731626e-05,2.786566483337083e-06
5458,3.972855120082386e-05,5.896734819543781e-06,1.9976156181655824e-05,2.7711323582479963e-06
5459,4.3262625695206225e-05,6.02905492996797e-06,2.3496115318266675e-05,2.7474914077174617e-06
5460,4.806864671991207e-05,7.438924058078555e-06,2.6705678465077654e-05,2.7848086574522313e-06
5461,5.446542490972206e-05,7.66129778639879e-06,3.2973854104056954e-05,2.7660539672069717e-06
5462,6.279806257225573e-05,1.0053036021417938e-05,3.833968366961926e-05,2.8810686671931762e-06
5463,7.317561539821327e-05,1.0512437256693374e-05,4.833388811675832e-05,2.8658580504270503e-06
5464,8.56270853546448e-05,1.3981287338538095e-05,5.6419863540213555e-05,3.045187440875452e-06
5465,9.949888044502586e-05,1.4644109796790872e-05,6.981877231737599e-05,3.0071992114244495e-06
5466,0.00011379054194549099,1.8719678337220103e-05,7.905635720817372e-05,3.2029013254941674e-06
5467,0.00012616885942406952,1.8929265934275463e-05,9.173584112431854e-05,3.10075097331719e-06
5468,0.00013408942322712392,2.2048112441552803e-05,9.582051279721782e-05,3.244161007387447e-06
5469,0.00013409591338131577,2.030795076279901e-05,9.851875802269205e-05,3.053840600841795e-06
5470,0.00012453983072191477,2.0335424778750166e-05,8.869728480931371e-05,3.101423544649151e-06
5471,0.0001054247040883638,1.586563666933216e-05,7.517670019296929e-05,2.8764723083440913e-06
5472,8.058552339207381e-05,1.2870407772425096e-05,5.3365838539320976e-05,2.8698552796413423e-06
5473,5.56244449398946e-05,8.044939932005946e-06,3.3875490771606565e-05,2.740803211054299e-06
5474,3.651469887699932e-05,5.31960495209205e-06,1.7422682503820397e-05,2.754482011368964e-06
5475,2.6786899979924783e-05,3.6501062368188286e-06,9.243156455340795e-06,2.778727548502502e-06
5476,2.6662994059734046e-05,3.3565609101060545e-06,9.328817213827278e-06,2.7955231871601427e-06
5477,3.350037877680734e-05,5.0447192734282e-06,1.3997887435834855e-05,2.8915542316099163e-06
5478,4.3204985558986664e-05,5.794715434603859e-06,2.31716112466529e-05,2.8477320483943913e-06
5479,5.173683894099668e-05,8.219927622121759e-06,2.8909464163007215e-05,2.9214888854767196e-06
5480,5.613355097011663e-05,7.839840691303834e-06,3.4214783227071166e-05,2.8157855922472663e-06
5481,5.527583562070504e-05,8.781438737059943e-06,3.226666012778878e-05,2.8455467599997064e-06
5482,4.977532080374658e-05,6.960413884371519e-06,2.9083636036375538e-05,2.746253812802024e-06
5483,4.176346556050703e-05,6.353847311402205e-06,2.15979616768891e-05,2.762330723271589e-06
5484,3.381079659448005e-05,4.623767381417565e-06,1.550677370687481e-05,2.736051328611211e-06
5485,2.8095873858546838e-05,3.832817128568422e-06,1.0502561963221524e-05,2.752099135250319e-06
5486,2.5665300199761987e-05,3.531917172949761e-06,8.16349893284496e-06,2.793976591419778e-06
5487,2.6330744731239974e-05,3.324677891214378e-06,9.082220458367374e-06,2.784769549180055e-06
5488,2.899331957451068e-05,4.220207301841583e-06,1.0558154826867394e-05,2.8429913072614e-06
5489,3.219447535229847e-05,4.181676558800973e-06,1.4057750377105549e-05,2.791009592328919e-06
5490,3.4648608561838046e-05,5.193161996430717e-06,1.530865665699821e-05,2.8293577543081483e-06
5491,3.556974479579367e-05,4.746457761939382e-06,1.7037898942362517e-05,2.757077709247824e-06
5492,3.482385727693327e-05,5.178253104531905e-06,1.5765906937303953e-05,2.7759392651205417e-06
5493,3.2796324376249686e-05,4.3953064050583635e-06,1.4772111171623692e-05,2.7257815418124665e-06
5494,3.0207447707653046e-05,4.303532932681264e-06,1.2216867617098615e-05,2.7374096589483088e-06
5495,2.7795977075584233e-05,3.7250631521601463e-06,1.0406117326056119e-05,2.732959501372534e-06
5496,2.6109210011782125e-05,3.478527105471585e-06,8.945622539613396e-06,2.7370119823899586e-06
5497,2.5374352844664827e-05,3.4707202303252416e-06,8.06509797257604e-06,2.767706973827444e-06
5498,2.550915814936161e-05,3.246553433200461e-06,8.498489478370175e-06,2.75282309303293e-06
5499,2.621621752041392e-05,3.703624543049955e-06,8.54820609674789e-06,2.79287723969901e-06
5500,2.711776687647216e-05,3.439487045397982e-06,9.899490578391124e-06,2.7557580324355513e-06
5501,2.787645826174412e-05,4.004944457847159e-06,9.934373338182922e-06,2.7874280021933373e-06
5502,2.8272075724089518e-05,3.6329067825136008e-06,1.093690843845252e-05,2.7404521460994147e-06
5503,2.823385875672102e-05,4.032744072901551e-06,1.0399124221294187e-05,2.760397819656646e-06
5504,2.7816191504825838e-05,3.6198321140545886e-06,1.0579127774690278e-05,2.723446186791989e-06
5505,2.7161859179614112e-05,3.785018179769395e-06,9.70139262790326e-06,2.735089537964086e-06
5506,2.6439391149324365e-05,3.482964530121535e-06,9.351006156066433e-06,2.7210840016778093e-06
5507,2.5800425646593794e-05,3.4733070606307592e-06,8.70027179189492e-06,2.725369313338888e-06
5508,2.534402665332891e-05,3.3917526707227807e-06,8.279391295218375e-06,2.734576582952286e-06
5509,2.510769263608381e-05,3.2762932278274093e-06,8.187140338122845e-06,2.728851995925652e-06
5510,2.507339377189055e-05,3.4180857255705632e-06,7.893770998634864e-06,2.752307409537025e-06
5511,2.5185872800648212e-05,3.2268442282656906e-06,8.28701195132453e-06,2.734403096837923e-06
5512,2.537339969421737e-05,3.5116318031214178e-06,8.052756129472982e-06,2.7618023068498587e-06
5513,2.5567635020706803e-05,3.257466914874385e-06,8.640165106044151e-06,2.734000418058713e-06
5514,2.571646837168373e-05,3.5825673876388464e-06,8.340847671206575e-06,2.758610662567662e-06
5515,2.5789588107727468e-05,3.293248482805211e-06,8.861450623953715e-06,2.7269777547189733e-06
5516,2.5779474526643753e-05,3.5810951430903515e-06,8.467643965559546e-06,2.7461471745482413e-06
5517,2.5695520889712498e-05,3.302582854303182e-06,8.803061064099893e-06,2.7179753487871494e-06
5518,2.5558754714438692e-05,3.5130638025293592e-06,8.388509741052985e-06,2.731436552494415e-06
5519,2.5394716431037523e-05,3.2936004572547972e-06,8.540828275727108e-06,2.7120574941363884e-06
5520,2.5228113372577354e-05,3.4164811495429603e-06,8.211965905502439e-06,2.719933263506391e-06
5521,2.5078550606849603e-05,3.287397248641355e-06,8.233574590121862e-06,2.7115158900414826e-06
5522,2.4958733774838038e-05,3.3280898605880793e-06,8.061903827183414e-06,2.713748017413309e-06
5523,2.4874607333913445e-05,3.297305056548794e-06,7.999215085874312e-06,2.715617483772803e-06
5524,2.4826062144711614e-05,3.2661268960509915e-06,7.999534318514634e-06,2.7120800041302573e-06
5525,2.4808585294522345e-05,3.3230214739887742e-06,7.875750270613935e-06,2.721962573559722e-06
5526,2.4815151846269146e-05,3.231602477171691e-06,8.018976586754434e-06,2.7129146928928094e-06
5527,2.4838271201588213e-05,3.3558867471583653e-06,7.841181286494248e-06,2.728240588112385e-06
5528,2.4870456400094554e-05,3.2162913612410193e-06,8.082352906058077e-06,2.7143623810843565e-06
5529,2.4905628379201517e-05,3.3869494018290425e-06,7.854378054616973e-06,2.732860139076365e-06
5530,2.4939521608757786e-05,3.211010380255175e-06,8.151900146913249e-06,2.7153223527420778e-06
5531,2.49692311626859e-05,3.410031240491662e-06,7.881066267145798e-06,2.735626594585483e-06
5532,2.499283800716512e-05,3.20977414958179e-06,8.205167432606686e-06,2.7155792849953286e-06
5533,2.50102693826193e-05,3.424174337851582e-06,7.902414836280514e-06,2.736736178121646e-06
5534,2.5021854526130483e-05,3.2093789741338696e-06,8.236401299654972e-06,2.715214804993593e-06
5535,2.5028479285538197e-05,3.431073082538205e-06,7.912940418464132e-06,2.7368930659577018e-06
5536,2.5031698896782473e-05,3.208354655725998e-06,8.2500100688776e-06,2.7146666070620995e-06
5537,2.5033468773472123e-05,3.434314976402675e-06,7.914315574453212e-06,2.736967644523247e-06
5538,2.5035338694578968e-05,3.2067878237285186e-06,8.25658662506612e-06,2.714392849156866e-06
5539,2.5039265892701223e-05,3.438255816945457e-06,7.91224192653317e-06,2.737753447945579e-06
5540,2.5046852897503413e-05,3.2051714242697926e-06,8.267098564829212e-06,2.714916718105087e-06
5541,2.506022428860888e-05,3.4468819194444222e-06,7.912495675554965e-06,2.740169065873488e-06
5542,2.5081131752813235e-05,3.2042044040281326e-06,8.292610800708644e-06,2.7168632641405566e-06
5543,2.5112474759225734e-05,3.4646659514692146e-06,7.921461474325042e-06,2.745269284787355e-06
5544,2.5157049094559625e-05,3.2055418159870896e-06,8.345083188032731e-06,2.721285000006901e-06
5545,2.5219080271199346e-05,3.4964768929057755e-06,7.947877747938037e-06,2.754945398919517e-06
5546,2.5303892471129075e-05,3.2119228308147285e-06,8.441305908490904e-06,2.730133019213099e-06
5547,2.5418761651962996e-05,3.5511509395291796e-06,8.007135875232052e-06,2.772095058389823e-06
5548,2.5573546736268327e-05,3.229740286769811e-06,8.609833457740024e-06,2.746794507402228e-06
5549,2.5781711883610114e-05,3.64253264706349e-06,8.128195986500941e-06,2.8021966045344016e-06
5550,2.606224916235078e-05,3.271422201578389e-06,8.900196007743943e-06,2.7781261451309547e-06
5551,2.6441361114848405e-05,3.7961497127980692e-06,8.36772051115986e-06,2.855497996279155e-06
5552,2.6955822249874473e-05,3.362771849424462e-06,9.408723599335644e-06,2.8368654056976084e-06
5553,2.7656573365675285e-05,4.0606300899526104e-06,8.841208909871057e-06,2.950946964119794e-06
5554,2.861600660253316e-05,3.557395302777877e-06,1.0317600754206069e-05,2.948202109109843e-06
5555,2.993318958033342e-05,4.52536824013805e-06,9.778185813047457e-06,3.1259271509043174e-06
5556,3.174717494403012e-05,3.961189122492215e-06,1.1978445400018245e-05,3.161507947879727e-06
5557,3.424696114961989e-05,5.361725925467908e-06,1.1634059774223715e-05,3.4502349990361836e-06
5558,3.76876414520666e-05,4.7849798647803254e-06,1.5061504200275522e-05,3.568231250028475e-06
5559,4.2395564378239214e-05,6.880757609906141e-06,1.5268637071130797e-05,4.049234121339396e-06
5560,4.876965977018699e-05,6.403819043043768e-06,2.072750066872686e-05,4.327667738834862e-06
5561,5.723611684516072e-05,9.563733328832313e-06,2.208308615081478e-05,5.117859018355375e-06
5562,6.815769302193075e-05,9.346735168946907e-06,3.0578805308323354e-05,5.64643096367945e-06
5563,8.159509161487222e-05,1.3889959518564865e-05,3.358096000738442e-05,6.824833690188825e-06
5564,9.69629327300936e-05,1.3855664292350411e-05,4.5296103053260595e-05,7.562232440250227e-06
5565,0.00011253415868850425,1.934932697622571e-05,4.869403346674517e-05,8.898159649106674e-06
5566,0.00012513360707089305,1.8405416994937696e-05,6.015679537085816e-05,9.314278941019438e-06
5567,0.00013048580149188638,2.2558657292393036e-05,5.8475307014305145e-05,9.890368346532341e-06
5568,0.0001247806940227747,1.853392313933e-05,6.145630322862417e-05,8.958093530964106e-06
5569,0.00010732129157986492,1.8507713321014307e-05,4.940737198921852e-05,7.881240890128538e-06
5570,8.237023575929925e-05,1.200002952828072e-05,4.1778945160331205e-05,5.718252396036405e-06
5571,5.836084164911881e-05,9.537510777590796e-06,2.8300739359110594e-05,4.104518666281365e-06
5572,4.379846359370276e-05,6.363831744238269e-06,2.3048565708450042e-05,2.8772137738997117e-06
5573,4.308000279706903e-05,5.943384167039767e-06,2.3652628442505375e-05,2.6967979920300422e-06
5574,5.487663293024525e-05,9.011162546812557e-06,2.8592399758053944e-05,3.4546142160252202e-06
5575,7.347334758378565e-05,1.013405380945187e-05,4.16275070165284e-05,4.3423560782684945e-06
5576,9.167242387775332e-05,1.5605937733198516e-05,4.8457364755449817e-05,5.521823823073646e-06
5577,0.0001033930093399249,1.4702703083457891e-05,6.054625191609375e-05,5.628810413327301e-06
5578,0.00010602376278256997,1.800676363927778e-05,6.018145359121263e-05,5.567108473769622e-06
5579,0.00010109453432960436,1.4511640074488241e-05,6.443270831368864e-05,4.4300363697402645e-06
5580,9.357916133012623e-05,1.5501222151215188e-05,5.9976126067340374e-05,3.6203625768393977e-06
5581,8.843723480822518e-05,1.3136018424120266e-05,6.137878517620265e-05,2.784485786833102e-06
5582,8.813833846943453e-05,1.4043046576261986e-05,6.060825762688182e-05,2.69740735348023e-06
5583,9.068951476365328e-05,1.439761217625346e-05,6.107634544605389e-05,3.0431106097239535e-06
5584,9.154564031632617e-05,1.416163649992086e-05,5.996106119710021e-05,3.4845888876589015e-06
5585,8.6102110799402e-05,1.4088677744439337e-05,5.245829379418865e-05,3.911028670700034e-06
5586,7.29864405002445e-05,1.0919115084107034e-05,4.343516775406897e-05,3.7264303500705864e-06
5587,5.512475036084652e-05,8.821044502838049e-06,2.9069808078929782e-05,3.4467793739167973e-06
5588,3.826714964816347e-05,5.359963779483223e-06,1.8328879377804697e-05,2.915661070801434e-06
5589,2.765378485491965e-05,3.8339007915055845e-06,1.036841331369942e-05,2.6902939680439886e-06
5590,2.523179500713013e-05,3.5674763694260037e-06,8.003824405022897e-06,2.7320986646373058e-06
5591,2.9175635063438676e-05,3.7648912893928355e-06,1.0872476195800118e-05,2.9076534246996744e-06
5592,3.555056173354387e-05,5.5188743317557964e-06,1.39197309181327e-05,3.222391114832135e-06
5593,4.064371023559943e-05,5.636406513076508e-06,1.8976414139615372e-05,3.2061777801573044e-06
5594,4.259913839632645e-05,6.607438990613446e-06,2.0100111214560457e-05,3.1783172289578943e-06
5595,4.171296677668579e-05,6.032352757756598e-06,2.1247735276119784e-05,2.8865756576124113e-06
5596,3.957531225751154e-05,5.760728527093306e-06,2.018015402427409e-05,2.7268861231277697e-06
5597,3.7757585232611746e-05,5.684677944373107e-06,1.871510175988078e-05,2.671560878297896e-06
5598,3.68392575182952e-05,4.954353244102094e-06,1.830909968703054e-05,2.7151606900588376e-06
5599,3.6362554965307936e-05,5.682369646820007e-06,1.5944166079862043e-05,2.9472039386746474e-06
5600,3.5383312933845446e-05,4.558449745672988e-06,1.5926090782159008e-05,2.9797547540511005e-06
5601,3.3307733247056603e-05,5.21671972819604e-06,1.2583672287291847e-05,3.101468564636889e-06
5602,3.0305776817840524e-05,3.823340648523299e-06,1.1877556971739978e-05,2.9209757030912442e-06
5603,2.7220945412409492e-05,4.038244696857873e-06,8.907434676075354e-06,2.855053253369988e-06
5604,2.5047254894161597e-05,3.2287121030094568e-06,8.382247870031279e-06,2.687258756850497e-06
5605,2.4374676286242902e-05,3.275205472164089e-06,7.825974535080604e-06,2.6546995286480524e-06
5606,2.5124872991000302e-05,3.532535174599616e-06,8.12533835414797e-06,2.693399892450543e-06
5607,2.667199441930279e-05,3.3994160730799194e-06,9.656688234827016e-06,2.723178340602317e-06
5608,2.8215250495122746e-05,4.221322342345957e-06,9.781323569768574e-06,2.842520871126908e-06
5609,2.91574360744562e-05,3.6995866139477585e-06,1.1468411685200408e-05,2.797887646011077e-06
5610,2.9312002880033106e-05,4.421830908540869e-06,1.069418249244336e-05,2.839197804860305e-06
5611,2.8866681532235816e-05,3.706900542965741e-06,1.1547722351679113e-05,2.7224116365687223e-06
5612,2.8196807761560194e-05,4.127320153202163e-06,1.0512285371078178e-05,2.711440629354911e-06
5613,2.7627251256490126e-05,3.658896957858815e-06,1.0751618901849724e-05,2.6433472157805227e-06
5614,2.729644620558247e-05,3.824833584076259e-06,1.0223581739410292e-05,2.6496061309444485e-06
5615,2.7137884899275377e-05,3.7363126921263756e-06,1.0067242328659631e-05,2.6668662940210197e-06
5616,2.6981628252542578e-05,3.654281726994668e-06,9.957200745702721e-06,2.674029246918508e-06
5617,2.6675290428102016e-05,3.745970388990827e-06,9.377306923852302e-06,2.7104026685265126e-06
5618,2.6173256628680974e-05,3.4799027162080165e-06,9.27623659663368e-06,2.683423190319445e-06
5619,2.554967431933619e-05,3.5544405818654923e-06,8.525072189513594e-06,2.694032446015626e-06
5620,2.494726504664868e-05,3.310719876026269e-06,8.356118996744044e-06,2.656085371199879e-06
5621,2.450260399200488e-05,3.317346227049711e-06,7.919581548776478e-06,2.653135197761003e-06
5622,2.4285931431222707e-05,3.2708085200283676e-06,7.791938514856156e-06,2.6446368792676367e-06
5623,2.4281558580696583e-05,3.210897602912155e-06,7.858770914026536e-06,2.642377921802108e-06
5624,2.4410395781160332e-05,3.349139205965912e-06,7.744316462776624e-06,2.663387931534089e-06
5625,2.457303344272077e-05,3.222226496291114e-06,8.086666639428586e-06,2.652828015925479e-06
5626,2.469261016813107e-05,3.411465968383709e-06,7.902932338765822e-06,2.675642235772102e-06
5627,2.4737259082030505e-05,3.259640834585298e-06,8.215215530071873e-06,2.6524803615757264e-06
5628,2.4720520741539076e-05,3.3841768072306877e-06,8.026060640986543e-06,2.662056658664369e-06
5629,2.4682754883542657e-05,3.298518322480959e-06,8.177968084055465e-06,2.6412535589770414e-06
5630,2.4667799152666703e-05,3.314603645776515e-06,8.148391316353809e-06,2.6409607016830705e-06
5631,2.470356776029803e-05,3.36482025886653e-06,8.142342267092317e-06,2.639280864968896e-06
5632,2.4794360797386616e-05,3.2713619475543965e-06,8.354780220543034e-06,2.6336438168073073e-06
5633,2.4924356694100425e-05,3.4560887343104696e-06,8.212563443521503e-06,2.6511411306273658e-06
5634,2.5069261027965695e-05,3.2703540000511566e-06,8.609598808106966e-06,2.6378618258604547e-06
5635,2.5207542421412654e-05,3.5343664421816356e-06,8.360645551874768e-06,2.6625061764207203e-06
5636,2.5329189156764187e-05,3.2939585707936203e-06,8.834147593006492e-06,2.640216507643345e-06
5637,2.543951995903626e-05,3.5781367841991596e-06,8.552075087209232e-06,2.6618615720508387e-06
5638,2.5554512831149623e-05,3.3357282518409193e-06,9.040590157383122e-06,2.6356387934356462e-06
5639,2.5697474484331906e-05,3.608835413615452e-06,8.829751095618121e-06,2.651777776918607e-06
5640,2.589228461147286e-05,3.4086663163179765e-06,9.336969924333971e-06,2.629329856063123e-06
5641,2.6161340429098345e-05,3.6689298212877475e-06,9.28454210225027e-06,2.6415737011120655e-06
5642,2.652197508723475e-05,3.5284645036881557e-06,9.862152182904538e-06,2.626271907502087e-06
5643,2.6993762730853632e-05,3.798346824623877e-06,1.0014678991865367e-05,2.6361474283476127e-06
5644,2.759762719506398e-05,3.7086897464178037e-06,1.0760946679511108e-05,2.6255981993017485e-06
5645,2.8368793209665455e-05,4.034028279420454e-06,1.1161560905748047e-05,2.634640850374126e-06
5646,2.935273732873611e-05,3.9805718188290484e-06,1.2252967280801386e-05,2.623839918669546e-06
5647,3.0620496545452625e-05,4.435025857674191e-06,1.3009404938202351e-05,2.6352131499152165e-06
5648,3.2261013984680176e-05,4.41951760876691e-06,1.4741708582732826e-05,2.6199577405350283e-06
5649,3.4403594327159226e-05,5.109004177938914e-06,1.610144136066083e-05,2.6386301215097774e-06
5650,3.719799860846251e-05,5.170774784346577e-06,1.8945851479656994e-05,2.616274741740199e-06
5651,4.085538239451125e-05,6.240690254344372e-06,2.1376650693127885e-05,2.6476086532056797e-06
5652,4.559243461699225e-05,6.472633685916662e-06,2.603831308078952e-05,2.616297479107743e-06
5653,5.170524673303589e-05,8.111080205708276e-06,3.0272340154624544e-05,2.664365183591144e-06
5654,5.942119605606422e-05,8.65593392518349e-06,3.765484143514186e-05,2.622083911774098e-06
5655,6.90117958583869e-05,1.1050923603761476e-05,4.451673885341734e-05,2.6888262709690025e-06
5656,8.042357512749732e-05,1.201969280373305e-05,5.5238364438991994e-05,2.633104031701805e-06
5657,9.346364822704345e-05,1.515631447546184e-05,6.472123641287908e-05,2.7172188765689498e-06
5658,0.00010705870954552665,1.6337071429006755e-05,7.749569340376183e-05,2.6451891699252883e-06
5659,0.00011974202061537653,1.9518465705914423e-05,8.652740507386625e-05,2.7392291030992055e-06
5660,0.00012869779311586171,1.9900988263543695e-05,9.5551906269975e-05,2.6489797164686024e-06
5661,0.00013132330786902457,2.1383617422543466e-05,9.625339589547366e-05,2.7372586828278145e-06
5662,0.00012484514445532113,1.9364353647688404e-05,9.230725117959082e-05,2.6347074708610307e-06
5663,0.0001091427038772963,1.761437306413427e-05,7.802506297593936e-05,2.700653567444533e-06
5664,8.62882225192152e-05,1.3182073416828644e-05,6.005704926792532e-05,2.6098207399627427e-06
5665,6.148782995296642e-05,9.617273462936282e-06,3.862621451844461e-05,2.6488685307413107e-06
5666,4.042920045321807e-05,5.809222784591839e-06,2.1604844732792117e-05,2.6030261324194726e-06
5667,2.7525726181920618e-05,3.8529738048964646e-06,1.058345878846012e-05,2.617858854137012e-06
5668,2.4143853806890547e-05,3.3154719858430326e-06,7.697071850998327e-06,2.6262619030603673e-06
5669,2.8670374376815744e-05,3.838420525426045e-06,1.1765896488213912e-05,2.6132115635846276e-06
5670,3.75854542653542e-05,5.723551112168934e-06,1.8588918464956805e-05,2.654596755746752e-06
5671,4.686290048994124e-05,6.6635780058277305e-06,2.7133759431308135e-05,2.6131128834094852e-06
5672,5.320426498656161e-05,8.411553608311806e-06,3.1487783417105675e-05,2.6609857286530314e-06
5673,5.467757728183642e-05,7.918944902485237e-06,3.373400977579877e-05,2.604924929983099e-06
5674,5.120917558087967e-05,8.044394235184882e-06,2.9948503652121872e-05,2.6432558115629945e-06
5675,4.418686148710549e-05,6.313884568953654e-06,2.4886390747269616e-05,2.5973176889237948e-06
5676,3.602120705181733e-05,5.3893900258117355e-06,1.7527156160213053e-05,2.6209324914816534e-06
5677,2.9076636565150693e-05,4.003299636679003e-06,1.2051075827912427e-05,2.604452447485528e-06
5678,2.4966011551441625e-05,3.4022566524072317e-06,8.511555279255845e-06,2.6104398784809746e-06
5679,2.4117578504956327e-05,3.327312469991739e-06,7.672432730032597e-06,2.6235666155116633e-06
5680,2.5892441044561565e-05,3.435929556871997e-06,9.411803148395848e-06,2.6089414859598037e-06
5681,2.901552215917036e-05,4.2183310142718256e-06,1.1609377907007001e-05,2.637562829477247e-06
5682,3.209635178791359e-05,4.395149062474957e-06,1.4674164049210958e-05,2.6054074169223895e-06
5683,3.406843461561948e-05,5.085848897579126e-06,1.580701064085588e-05,2.635114924487425e-06
5684,3.439913416514173e-05,4.7698476919322275e-06,1.6642850823700428e-05,2.597286538730259e-06
5685,3.3162225008709356e-05,4.920153969578678e-06,1.5141846233746037e-05,2.620044824652723e-06
5686,3.085973730776459e-05,4.238953806634527e-06,1.3662773199030198e-05,2.591602651591529e-06
5687,2.822752867359668e-05,4.040379280922934e-06,1.1164436727995053e-05,2.6045424874610035e-06
5688,2.5947414542315528e-05,3.5187213143217377e-06,9.454071005166043e-06,2.5949245809897548e-06
5689,2.447912993375212e-05,3.329138735352899e-06,8.167299711203668e-06,2.5965380245907e-06
5690,2.39702858380042e-05,3.2850230127223767e-06,7.658539288968313e-06,2.605344661787967e-06
5691,2.428809239063412e-05,3.2117852697410854e-06,8.101917046587914e-06,2.594877969386289e-06
5692,2.5119210476987064e-05,3.5401924378675176e-06,8.504726793034934e-06,2.6148582037421875e-06
5693,2.6094216082128696e-05,3.4586039419082226e-06,9.663973287388217e-06,2.5943277250917163e-06
5694,2.6895131668425165e-05,3.859333446598612e-06,9.949574632628355e-06,2.6172447178396396e-06
5695,2.731698623392731e-05,3.6522585560305743e-06,1.0704105079639703e-05,2.592124246802996e-06
5696,2.7296073312754743e-05,3.9155011108960025e-06,1.0320683941245079e-05,2.611977606647997e-06
5697,2.6886016712523997e-05,3.607962753449101e-06,1.0331192243029363e-05,2.589372115835431e-06
5698,2.6223740860586986e-05,3.703680022226763e-06,9.504587069386616e-06,2.603094571895781e-06
5699,2.547210897319019e-05,3.4211725505883805e-06,9.106956895266194e-06,2.5887957235681824e-06
5700,2.478220449120272e-05,3.4175861856056144e-06,8.38889718579594e-06,2.595144223960233e-06
5701,2.426026367174927e-05,3.2736738830863032e-06,8.029322998481803e-06,2.5914534944604384e-06
5702,2.3956585209816694e-05,3.230535867260187e-06,7.775543963361997e-06,2.5901013032125775e-06
5703,2.386797859799117e-05,3.2569216728006722e-06,7.630956133652944e-06,2.5960200673580403e-06
5704,2.3951804905664176e-05,3.1853417112870375e-06,7.82878396421438e-06,2.587535618658876e-06
5705,2.4144344934029505e-05,3.339290287840413e-06,7.80487789597828e-06,2.6000352590926923e-06
5706,2.43773938564118e-05,3.2247321541944984e-06,8.222509677580092e-06,2.586030404927442e-06
5707,2.4593395210104063e-05,3.434406380620203e-06,8.150421308528166e-06,2.6017132768174633e-06
5708,2.4751490855123848e-05,3.272932417530683e-06,8.555578460800461e-06,2.5845959044090705e-06
5709,2.4831193513819017e-05,3.478282451396808e-06,8.350143616553396e-06,2.6005534436990274e-06
5710,2.482911804690957e-05,3.288090738351457e-06,8.62627257447457e-06,2.5829508558672387e-06
5711,2.475645305821672e-05,3.4573922675917856e-06,8.313004400406498e-06,2.597211050670012e-06
5712,2.4631332053104416e-05,3.26946064888034e-06,8.454828275716864e-06,2.5814085802267073e-06
5713,2.447612860123627e-05,3.394157602087944e-06,8.11805875855498e-06,2.592782493593404e-06
5714,2.4311866582138464e-05,3.2370069220633013e-06,8.173161404556595e-06,2.580339469204773e-06
5715,2.4155891878763214e-05,3.3206119951501023e-06,7.893914698797744e-06,2.588273218862014e-06
5716,2.4020053388085216e-05,3.211058583474369e-06,7.909344276413321e-06,2.5799299692153e-06
5717,2.3911479729576968e-05,3.2591256058367435e-06,7.730695870122872e-06,2.5843316961982055e-06
5718,2.3832508304622024e-05,3.2014825137594016e-06,7.730408469797112e-06,2.5801236915867776e-06
5719,2.378143835812807e-05,3.217657194909407e-06,7.657769856450614e-06,2.581202124929405e-06
5720,2.3754897483740933e-05,3.2078532967716455e-06,7.643761819053907e-06,2.580656428108341e-06
5721,2.3747967134113424e-05,3.194686541974079e-06,7.659528819203842e-06,2.5787503545871004e-06
5722,2.3755734218866564e-05,3.2241173357761e-06,7.625087164342403e-06,2.5813060346990824e-06
5723,2.377338933001738e-05,3.1842650969338138e-06,7.70495262258919e-06,2.5768342766241403e-06
5724,2.379697070864495e-05,3.244047547923401e-06,7.64379910833668e-06,2.581824901426444e-06
5725,2.3823453375371173e-05,3.180725570928189e-06,7.766453563817777e-06,2.5752549390745116e-06
5726,2.3850854631746188e-05,3.263374992457102e-06,7.676423592783976e-06,2.582211209301022e-06
5727,2.3877666535554454e-05,3.1802278499526437e-06,7.827846275176853e-06,2.573918209236581e-06
5728,2.3903445253381506e-05,3.2804798593133455e-06,7.709933015576098e-06,2.5826061573752668e-06
5729,2.392832720943261e-05,3.180430667271139e-06,7.883922080509365e-06,2.5727949832798913e-06
5730,2.3952465198817663e-05,3.2965565424092347e-06,7.74021555116633e-06,2.583138666523155e-06
5731,2.3976834199856967e-05,3.1802878766029608e-06,7.936961992527358e-06,2.5719168661453295e-06
5732,2.4002794816624373e-05,3.313130946480669e-06,7.769001058477443e-06,2.5841327442321926e-06
5733,2.403188409516588e-05,3.180060275553842e-06,7.994852239789907e-06,2.5713945888128364e-06
5734,2.40659574046731e-05,3.33372281602351e-06,7.802307663951069e-06,2.585985384939704e-06
5735,2.4107521312544122e-05,3.180510702804895e-06,8.069680916378275e-06,2.5714659841469256e-06
5736,2.415948074485641e-05,3.3628998608037364e-06,7.849866960896179e-06,2.589342784631299e-06
5737,2.4225679226219654e-05,3.1835661502555013e-06,8.178310963558033e-06,2.5727601951075485e-06
5738,2.4311080778716132e-05,3.4063446037180256e-06,7.926387297629844e-06,2.5956696845241822e-06
5739,2.4422761271125637e-05,3.1928370844980236e-06,8.346645699930377e-06,2.576655560915242e-06
5740,2.456967376929242e-05,3.4747934023471316e-06,8.058590537984855e-06,2.607258011266822e-06
5741,2.4764351110206917e-05,3.2159694001165917e-06,8.619755135441665e-06,2.5857254968286725e-06
5742,2.50241719186306e-05,3.586156481105718e-06,8.29405507829506e-06,2.628791889947024e-06
5743,2.537308682803996e-05,3.2684595225873636e-06,9.074907211470418e-06,2.6059440187964356e-06
5744,2.5846369680948555e-05,3.772174977711984e-06,8.72353029990336e-06,2.670133198989788e-06
5745,2.6492682081880048e-05,3.3828789582912577e-06,9.86210216069594e-06,2.6495404199522454e-06
5746,2.738317743933294e-05,4.097445071238326e-06,9.533206139167305e-06,2.7505052457854617e-06
5747,2.86177710222546e-05,3.6295259633334354e-06,1.127452287619235e-05,2.7427445274952333e-06
5748,3.034208930330351e-05,4.686300144385314e-06,1.1096019079559483e-05,2.9119539703970077e-06
5749,3.276012648711912e-05,4.156162049184786e-06,1.3883347492082976e-05,2.944123707493418e-06
5750,3.61633938155137e-05,5.7847951211442705e-06,1.4161449144012295e-05,3.2434297736472217e-06
5751,4.0952087147161365e-05,5.2717982725880574e-06,1.879844239738304e-05,3.3763694773369934e-06
5752,4.766858910443261e-05,7.868267857702449e-06,2.018197665165644e-05,3.923669282812625e-06
5753,5.699503526557237e-05,7.570703928649891e-06,2.8021266189171e-05,4.280612756701885e-06
5754,6.971307448111475e-05,1.1736110536730848e-05,3.1603252864442766e-05,5.274740942695644e-06
5755,8.651244570501149e-05,1.1956915841437876e-05,4.4370972318574786e-05,6.036912054696586e-06
5756,0.00010756330448202789,1.824215542001184e-05,5.097918619867414e-05,7.668392754567321e-06
5757,0.00013175404455978423,1.8883489246945828e-05,6.866725743748248e-05,8.840660484565888e-06
5758,0.00015560226165689528,2.6446670744917355e-05,7.523095700889826e-05,1.0784928235807456e-05
5759,0.00017267896328121424,2.536164720368106e-05,8.998700650408864e-05,1.1466060641396325e-05
5760,0.0001745654153637588,2.9799153708154336e-05,8.43104935484007e-05,1.2091153621440753e-05
5761,0.00015528101357631385,2.286125709360931e-05,8.006784628378227e-05,1.0470381312188692e-05
5762,0.00011680155876092613,2.0071023755008355e-05,5.437042273115367e-05,8.47202227305388e-06
5763,7.161118264775723e-05,9.959670023818035e-06,3.4870769013650715e-05,5.3561498134513386e-06
5764,3.6735626053996384e-05,5.947284989815671e-06,1.3811999451718293e-05,3.395268322492484e-06
5765,2.367833803873509e-05,3.1953393317962764e-06,7.75255830376409e-06,2.54608812610968e-06
5766,3.2251395168714225e-05,4.13684483646648e-06,1.2730703019769862e-05,3.0767698717681924e-06
5767,5.240831524133682e-05,8.87473925104132e-06,2.0806088286917657e-05,4.545497176877689e-06
5768,7.066655962262303e-05,9.795478035812266e-06,3.3444142900407314e-05,5.48538810107857e-06
5769,7.665978046134114e-05,1.3203142771089915e-05,3.295397982583381e-05,6.100532118580304e-06
5770,6.770278559997678e-05,9.37105778575642e-06,3.224614556529559e-05,5.217115358391311e-06
5771,4.947588240611367e-05,8.375623110623565e-06,1.991674434975721e-05,4.236702807247639e-06
5772,3.221257065888494e-05,4.1234329728467856e-06,1.316996531386394e-05,2.983834292535903e-06
5773,2.415632116026245e-05,3.386552180018043e-06,7.978505891514942e-06,2.5582523903722176e-06
5774,2.7053640224039555e-05,4.119943241676083e-06,8.834960681269877e-06,2.8197471237945138e-06
5775,3.6337325582280755e-05,4.730473847303074e-06,1.4746191482117865e-05,3.372132368895109e-06
5776,4.4875676394440234e-05,7.577667474834016e-06,1.668051481829025e-05,4.123498911212664e-06
5777,4.7326702770078555e-05,6.356079211400356e-06,2.041861807811074e-05,4.110400823265081e-06
5778,4.2730040149763227e-05,7.196723800007021e-06,1.5716495909146033e-05,3.963363724324154e-06
5779,3.437782288528979e-05,4.488877038966166e-06,1.3727485566050746e-05,3.2322921015293105e-06
5780,2.722563294810243e-05,4.14009218729916e-06,9.053923349711113e-06,2.8063234367436962e-06
5781,2.472159576427657e-05,3.392834287296864e-06,8.6239288066281e-06,2.5409665340703214e-06
5782,2.7067251721746288e-05,3.5360894798941445e-06,1.052556763170287e-05,2.6011189220298547e-06
5783,3.1746043532621115e-05,4.989456556359073e-06,1.217646240547765e-05,2.916024641308468e-06
5784,3.5491364542394876e-05,4.61572108179098e-06,1.5866689864196815e-05,3.001791128554032e-06
5785,3.626518082455732e-05,5.838083779963199e-06,1.480989703850355e-05,3.123439910268644e-06
5786,3.415312312426977e-05,4.4707185224979185e-06,1.5439891285495833e-05,2.848502390406793e-06
5787,3.094408384640701e-05,4.7500093387498055e-06,1.2637352483579889e-05,2.711344677663874e-06
5788,2.8811411539209075e-05,3.9289748201554175e-06,1.2241462172823958e-05,2.5281947273469996e-06
5789,2.906592817453202e-05,4.101458216609899e-06,1.2184774277557153e-05,2.555939090598258e-06
5790,3.162355278618634e-05,4.807690856978297e-06,1.3058244803687558e-05,2.751523652477772e-06
5791,3.538581950124353e-05,4.9062568905355874e-06,1.5983554476406425e-05,2.899201263062423e-06
5792,3.908399594365619e-05,6.274735369515838e-06,1.708039053482935e-05,3.1457741442864062e-06
5793,4.204699507681653e-05,5.981200956739485e-06,2.06154327315744e-05,3.090072596023674e-06
5794,4.454107693163678e-05,7.152398211474065e-06,2.1890524294576608e-05,3.0996302484709304e-06
5795,4.754115070682019e-05,7.024063052085694e-06,2.6149069526582025e-05,2.8736037620546995e-06
5796,5.2199575293343514e-05,8.184255420928821e-06,3.016718983417377e-05,2.769626007648185e-06
5797,5.930446059210226e-05,9.155152838502545e-06,3.7034827983006835e-05,2.6228963179164566e-06
5798,6.891049270052463e-05,1.0682616448320914e-05,4.5419452362693846e-05,2.5616857328714104e-06
5799,8.049119060160592e-05,1.2792456800525542e-05,5.493959179148078e-05,2.5518286292935954e-06
5800,9.285471605835482e-05,1.452462856832426e-05,6.573079008376226e-05,2.5198589810315752e-06
5801,0.00010475747694727033,1.6814527043607086e-05,7.515612378483638e-05,2.5573649509169627e-06
5802,0.00011438583896961063,1.821548539737705e-05,8.33379162941128e-05,2.5664883196441224e-06
5803,0.00012017058907076716,1.9257118765381165e-05,8.765941311139613e-05,2.6508112114242977e-06
5804,0.00012007326586171985,1.946945849340409e-05,8.666498615639284e-05,2.7877640604856424e-06
5805,0.00011303366773063317,1.7905447748489678e-05,8.060195250436664e-05,2.905253950302722e-06
5806,9.881814912660047e-05,1.6183106708922423e-05,6.724422564730048e-05,3.0781636723986594e-06
5807,7.938878115965053e-05,1.2201735444250517e-05,5.19792884006165e-05,3.0415510536840884e-06
5808,5.8282028476241976e-05,9.430267709831242e-06,3.371882121427916e-05,3.02658804685052e-06
5809,3.9911687053972855e-05,5.691470960300649e-06,2.025668254646007e-05,2.792706936816103e-06
5810,2.7844067517435178e-05,4.1594648791942745e-06,1.0337865205656271e-05,2.6693473955674563e-06
5811,2.3613347366335802e-05,3.156065076836967e-06,7.824301064829342e-06,2.5265962904086336e-06
5812,2.6389483537059277e-05,3.7038291793578537e-06,1.007201717584394e-05,2.5227272999472916e-06
5813,3.357380046509206e-05,5.003119895263808e-06,1.5530609744018875e-05,2.608014710858697e-06
5814,4.18560448451899e-05,6.1705632106168196e-06,2.2283180442173034e-05,2.6804600565810688e-06
5815,4.823127164854668e-05,7.5451648626767565e-06,2.6633393645170145e-05,2.81054212791787e-06
5816,5.078638787381351e-05,7.63690968597075e-06,2.9246304620755836e-05,2.780634304144769e-06
5817,4.9022972234524786e-05,7.662554708076641e-06,2.742279139056336e-05,2.7875255455001025e-06
5818,4.384847488836385e-05,6.520092028949875e-06,2.4024788217502646e-05,2.660718791958061e-06
5819,3.703951369971037e-05,5.565743322222261e-06,1.846411032602191e-05,2.601932237666915e-06
5820,3.0580791644752026e-05,4.399259069032269e-06,1.3533575838664547e-05,2.5295910290878965e-06
5821,2.5959539925679564e-05,3.6003666536998935e-06,9.810371011553798e-06,2.509760633984115e-06
5822,2.383279934292659e-05,3.3793110105762025e-06,7.756803825031966e-06,2.5393369469384197e-06
5823,2.402135760348756e-05,3.2029804515332216e-06,8.107529538392555e-06,2.5421695681870915e-06
5824,2.5785473553696647e-05,3.7551412788161542e-06,9.075046364159789e-06,2.591057182144141e-06
5825,2.817775384755805e-05,3.901301170117222e-06,1.1443305993452668e-05,2.566629291322897e-06
5826,3.033663051610347e-05,4.473685294215102e-06,1.2965776477358304e-05,2.5794336124818074e-06
5827,3.1665462302044034e-05,4.54851442555082e-06,1.4408873539650813e-05,2.5416150037926855e-06
5828,3.1892210245132446e-05,4.642020030587446e-06,1.4594992535421625e-05,2.5310391720267944e-06
5829,3.1067229429027066e-05,4.524720225163037e-06,1.396745938109234e-05,2.5150102374027483e-06
5830,2.9467719286913052e-05,4.167957285972079e-06,1.2788701496901922e-05,2.502212055333075e-06
5831,2.7517595299286768e-05,3.9748997551214416e-06,1.0990035661961883e-05,2.510532112864894e-06
5832,2.56505845754873e-05,3.5192008454032475e-06,9.640856660553254e-06,2.498105459380895e-06
5833,2.421907993266359e-05,3.419712356844684e-06,8.242630428867415e-06,2.511347247491358e-06
5834,2.3416792828356847e-05,3.1805341222934658e-06,7.734377504675649e-06,2.5003762402775465e-06
5835,2.3262695322046056e-05,3.2213142731052358e-06,7.507072950829752e-06,2.5068616196222138e-06
5836,2.3627415430382825e-05,3.261390247644158e-06,7.850956535548903e-06,2.503013774912688e-06
5837,2.4292097805300727e-05,3.3489877750980668e-06,8.434853953076527e-06,2.5016511244757567e-06
5838,2.5016914150910452e-05,3.5238961118011503e-06,8.963298569142353e-06,2.5059437120944494e-06
5839,2.5601497327443212e-05,3.5426842259767e-06,9.56204894464463e-06,2.4993528313643765e-06
5840,2.5924389774445444e-05,3.6820617879129713e-06,9.70929249888286e-06,2.506607188479393e-06
5841,2.5947545509552583e-05,3.603847972044605e-06,9.845674867392518e-06,2.499604534023092e-06
5842,2.570915239630267e-05,3.632057996583171e-06,9.553696145303547e-06,2.504679514458985e-06
5843,2.5289837140007876e-05,3.5186149034416303e-06,9.259101716452278e-06,2.5024241949722636e-06
5844,2.4787050278973766e-05,3.453599902059068e-06,8.820386938168667e-06,2.502612687749206e-06
5845,2.4287735868711025e-05,3.3804190024966374e-06,8.375109246117063e-06,2.50644166044367e-06
5846,2.385607876931317e-05,3.274971049904707e-06,8.077688107732683e-06,2.5006836494867457e-06
5847,2.3527576558990404e-05,3.2733835269027622e-06,7.716678737779148e-06,2.507503040760639e-06
5848,2.331317045900505e-05,3.1721820050734095e-06,7.653588909306563e-06,2.4974799543997506e-06
5849,2.320676503586583e-05,3.2236005154118175e-06,7.464262125722598e-06,2.503780706319958e-06
5850,2.319099075975828e-05,3.1547417620458873e-06,7.565456144220661e-06,2.4941587071225513e-06
5851,2.324338311154861e-05,3.2187649594561663e-06,7.533384632552043e-06,2.498246658433345e-06
5852,2.3340413463301957e-05,3.1945935461408226e-06,7.677045687159989e-06,2.4937546641012887e-06
5853,2.3459766453015618e-05,3.236468046452501e-06,7.748334610369056e-06,2.494992713764077e-06
5854,2.3581626010127366e-05,3.2539248877583304e-06,7.842329068807885e-06,2.49707431976276e-06
5855,2.3690328816883266e-05,3.25720270666352e-06,7.959018148540054e-06,2.4948215013864683e-06
5856,2.3774227884132415e-05,3.3010153401846765e-06,7.96745007392019e-06,2.5011524940055097e-06
5857,2.382774073339533e-05,3.269660055593704e-06,8.081233318080194e-06,2.4953694719442865e-06
5858,2.3849353965488262e-05,3.319131337775616e-06,8.017303116503172e-06,2.502583811292425e-06
5859,2.384209437877871e-05,3.2710086088627577e-06,8.097993486444466e-06,2.494618229320622e-06
5860,2.3812317522242665e-05,3.309373823867645e-06,8.001453352335375e-06,2.500298023733194e-06
5861,2.3767071979818866e-05,3.2651905712555163e-06,8.03870443633059e-06,2.492635530870757e-06
5862,2.3713037080597132e-05,3.2830664622451877e-06,7.949845894472674e-06,2.4960249902505893e-06
5863,2.3655928089283407e-05,3.2573466342000756e-06,7.94521656644065e-06,2.490673296051682e-06
5864,2.3600021449965425e-05,3.2528475912840804e-06,7.887909305281937e-06,2.4918529106798815e-06
5865,2.3547705495730042e-05,3.2494363040314056e-06,7.851265763747506e-06,2.4894004582165508e-06
5866,2.3500091629102826e-05,3.2274185741698602e-06,7.828858542779926e-06,2.488762902430608e-06
5867,2.3457603674614802e-05,3.2408538572781254e-06,7.774144251015969e-06,2.4885214315872872e-06
5868,2.3420338038704358e-05,3.2098344036057824e-06,7.776492566335946e-06,2.486802259227261e-06
5869,2.3388165573123842e-05,3.231057007724303e-06,7.719548193563242e-06,2.4875118924683193e-06
5870,2.336143734282814e-05,3.2005148113967152e-06,7.73297779232962e-06,2.4855887659214204e-06
5871,2.3340351617662236e-05,3.220771077394602e-06,7.688751793466508e-06,2.4861660676833708e-06
5872,2.3325254005612805e-05,3.198486410838086e-06,7.702190487179905e-06,2.4849152850947576e-06
5873,2.3316382794291712e-05,3.212015371900634e-06,7.680925591557752e-06,2.4846883661666652e-06
5874,2.331423274881672e-05,3.202168045390863e-06,7.688526238780469e-06,2.484707692929078e-06
5875,2.3319724277826026e-05,3.2071966415969655e-06,7.695720341871493e-06,2.483361640770454e-06
5876,2.3333795979851857e-05,3.210778686479898e-06,7.699111847614404e-06,2.4847809072525706e-06
5877,2.335756471438799e-05,3.208997441106476e-06,7.737033229204826e-06,2.482306854290073e-06
5878,2.3392840375890955e-05,3.2245900456473464e-06,7.743758033029735e-06,2.48489868681645e-06
5879,2.3442189558409154e-05,3.220526878067176e-06,7.81413746153703e-06,2.48150513471046e-06
5880,2.3509488528361544e-05,3.2458556233905256e-06,7.838943929527886e-06,2.4849377950886264e-06
5881,2.360031066928059e-05,3.2462655781273497e-06,7.949486644065473e-06,2.480911689417553e-06
5882,2.3722452169749886e-05,3.2814521091495408e-06,8.016564606805332e-06,2.4848870907590026e-06
5883,2.3886219423729926e-05,3.2950026707112556e-06,8.188300853362307e-06,2.4805831344565377e-06
5884,2.4106620912789367e-05,3.3438366244809004e-06,8.337215149367694e-06,2.4851137823134195e-06
5885,2.440470052533783e-05,3.3835699468909297e-06,8.617180355940945e-06,2.4807902718748664e-06
5886,2.4809120077406988e-05,3.4585330013214843e-06,8.91995478013996e-06,2.4861262772901682e-06
5887,2.5361121515743434e-05,3.5454106637189398e-06,9.405486707692035e-06,2.4820446924422868e-06
5888,2.611872878333088e-05,3.6742007978318725e-06,9.999574103858322e-06,2.4889909582270775e-06
5889,2.7163983759237453e-05,3.847922016575467e-06,1.0888239557971247e-05,2.4855646643118234e-06
5890,2.8611710149561986e-05,4.087263732799329e-06,1.2045831681462005e-05,2.4957228106359253e-06
5891,3.062829273403622e-05,4.4259550122660585e-06,1.3733835658058524e-05,2.4937007765402086e-06
5892,3.343866046634503e-05,4.890468972007511e-06,1.599844472366385e-05,2.509949354134733e-06
5893,3.7367066397564486e-05,5.547164619201794e-06,1.926279583130963e-05,2.5114213713095523e-06
5894,4.283517773728818e-05,6.4567516346869525e-06,2.3682398023083806e-05,2.5392050702066626e-06
5895,5.042692646384239e-05,7.71556642575888e-06,2.9968916351208463e-05,2.5484885100013344e-06
5896,6.08194968663156e-05,9.459954526391812e-06,3.837602707790211e-05,2.5967030978790717e-06
5897,7.48365928302519e-05,1.1759407243516762e-05,4.9970345571637154e-05,2.621367912070127e-06
5898,9.308793232776225e-05,1.4857773749099579e-05,6.471772212535143e-05,2.702486881389632e-06
5899,0.0001158632367150858,1.853327194112353e-05,8.358027116628364e-05,2.749938630586257e-06
5900,0.00014199230645317584,2.3059990780893713e-05,0.00010458999895490706,2.8684646622423315e-06
5901,0.00016860775940585881,2.7187121304450557e-05,0.00012679620704147965,2.924885166066815e-06
5902,0.0001894748565973714,3.107265001744963e-05,0.00014319535694085062,3.041371883227839e-06
5903,0.00019700727716553956,3.1727642635814846e-05,0.00015010513016022742,3.0349008284247248e-06
5904,0.00018363809795118868,3.021197881025728e-05,0.00013820848835166544,3.043526476176339e-06
5905,0.00014887275756336749,2.365048203500919e-05,0.00011076295049861073,2.8918648240505718e-06
5906,0.00010092037700815126,1.6429024981334805e-05,7.068114064168185e-05,2.7620421860774513e-06
5907,5.5815802625147626e-05,8.39437598187942e-06,3.45454755006358e-05,2.5751903649506858e-06
5908,2.8190494049340487e-05,4.126683961658273e-06,1.1625617844401859e-05,2.4876380848581903e-06
5909,2.400145967840217e-05,3.3682417779345997e-06,8.3150571299484e-06,2.463631972204894e-06
5910,3.8542526453966275e-05,5.684842108166777e-06,2.0342493371572345e-05,2.5030381038959604e-06
5911,6.0385733377188444e-05,9.458743988943752e-06,3.796931559918448e-05,2.591534439488896e-06
5912,7.730060315225273e-05,1.214806343341479e-05,5.20095054525882e-05,2.6286074898962397e-06
5913,8.106990571832284e-05,1.2829740626330022e-05,5.488769238581881e-05,2.6704949505074183e-06
5914,7.067378464853391e-05,1.1089889994764235e-05,4.652029019780457e-05,2.612720891193021e-06
5915,5.179678919375874e-05,7.971520972205326e-06,3.097618537140079e-05,2.5698166155052604e-06
5916,3.3683412766549736e-05,4.951012670062482e-06,1.62864616868319e-05,2.4891874090826605e-06
5917,2.379940269747749e-05,3.3429180348321097e-06,8.151588190230541e-06,2.460979430907173e-06
5918,2.4388835299760103e-05,3.4339043395448243e-06,8.654792509332765e-06,2.4600276447017677e-06
5919,3.228984496672638e-05,4.698756583820796e-06,1.5191165402939077e-05,2.479984686942771e-06
5920,4.1546813008608297e-05,6.345817382680252e-06,2.2590891603613272e-05,2.522020622564014e-06
5921,4.678479672293179e-05,7.042238848953275e-06,2.710759872570634e-05,2.526991920603905e-06
5922,4.5555152610177174e-05,7.040088348730933e-06,2.5816319976001978e-05,2.5397487206646474e-06
5923,3.90491186408326e-05,5.767346920038108e-06,2.0761755877174437e-05,2.5040037598955678e-06
5924,3.082749753957614e-05,4.561583864415297e-06,1.3833607226843014e-05,2.4864614260877715e-06
5925,2.4715784093132243e-05,3.456052581896074e-06,8.976724529929925e-06,2.456601578160189e-06
5926,2.282377317897044e-05,3.1748706987855257e-06,7.397011358989403e-06,2.450378360663308e-06
5927,2.486204721208196e-05,3.5303892218507826e-06,9.050199878402054e-06,2.45629166784056e-06
5928,2.877373481169343e-05,4.133116817683913e-06,1.233420698554255e-05,2.461282065269188e-06
5929,3.2067477150121704e-05,4.7331946007034276e-06,1.4941259905754123e-05,2.4786045287328307e-06
5930,3.3065105526475236e-05,4.848923254030524e-06,1.5860001440159976e-05,2.4712362574064173e-06
5931,3.1487055821344256e-05,4.626701866072835e-06,1.448630246159155e-05,2.4748107989580603e-06
5932,2.8324913728283718e-05,4.074142452736851e-06,1.1973113942076452e-05,2.4555317850172287e-06
5933,2.5113844458246604e-05,3.5635318909044145e-06,9.296875759901013e-06,2.4506871341145597e-06
5934,2.313334698555991e-05,3.22305800182221e-06,7.703440132900141e-06,2.4413695882685715e-06
5935,2.2869222448207438e-05,3.179385203111451e-06,7.483454282919411e-06,2.4412768198089907e-06
5936,2.3964767024153844e-05,3.3745457130862633e-06,8.351897122338414e-06,2.4476648832205683e-06
5937,2.5555576939950697e-05,3.6086821637582034e-06,9.702169336378574e-06,2.4489449970133137e-06
5938,2.6750756660476327e-05,3.8467055674118455e-06,1.0609339369693771e-05,2.4589421627752017e-06
5939,2.7020287234336138e-05,3.844592356472276e-06,1.0908825970545877e-05,2.453373781463597e-06
5940,2.6336285372963175e-05,3.7767788398923585e-06,1.0275899512635078e-05,2.4567211767134722e-06
5941,2.5084096705541015e-05,3.5311863939568866e-06,9.319133823737502e-06,2.4467553885187954e-06
5942,2.380919613642618e-05,3.346191988384817e-06,8.235801942646503e-06,2.445440486553707e-06
5943,2.2963115043239668e-05,3.1932822821545415e-06,7.570762136310805e-06,2.439813897581189e-06
5944,2.2738528059562668e-05,3.156327238684753e-06,7.389937763946364e-06,2.4384526113863103e-06
5945,2.304963163624052e-05,3.216405502826092e-06,7.63263142289361e-06,2.4401190330536338e-06
5946,2.3625922040082514e-05,3.298136107332539e-06,8.135273674270138e-06,2.4385024062212324e-06
5947,2.4156468498404138e-05,3.4014060474873986e-06,8.53787969390396e-06,2.4434364149783505e-06
5948,2.4416429369011894e-05,3.429014441280742e-06,8.790668289293535e-06,2.439349600535934e-06
5949,2.4329401639988646e-05,3.428808668104466e-06,8.685901775606908e-06,2.442938011881779e-06
5950,2.3964548745425418e-05,3.355351964273723e-06,8.423121471423656e-06,2.4372152438445482e-06
5951,2.3477272407035343e-05,3.285256525487057e-06,7.998856744961813e-06,2.4386317818425596e-06
5952,2.3036127458908595e-05,3.203417236363748e-06,7.66129778639879e-06,2.4342825781786814e-06
5953,2.2760821593692526e-05,3.1632364425604464e-06,7.424915111187147e-06,2.4345340534637216e-06
5954,2.2691401682095602e-05,3.1494021186517784e-06,7.373900643870002e-06,2.4336197839147644e-06
5955,2.279302862007171e-05,3.164142071909737e-06,7.463237579941051e-06,2.4331297936441842e-06
5956,2.2983673261478543e-05,3.201252866347204e-06,7.608345640619518e-06,2.434814859952894e-06
5957,2.317222060810309e-05,3.22356595461315e-06,7.78299909143243e-06,2.433131157886237e-06
5958,2.3288681404665112e-05,3.2532714158151066e-06,7.857790478738025e-06,2.4355240384466015e-06
5959,2.3300928660319187e-05,3.244146455472219e-06,7.893762813182548e-06,2.432603878332884e-06
5960,2.3215772671392187e-05,3.2401992484665243e-06,7.803315384080634e-06,2.4344512894458603e-06
5961,2.3067594156600535e-05,3.2067282518255524e-06,7.705114512646105e-06,2.4311502784257755e-06
5962,2.2902549972059205e-05,3.1865342862147372e-06,7.555478987342212e-06,2.4321075215993915e-06
5963,2.2762087610317394e-05,3.1576330457028234e-06,7.4563226917234715e-06,2.429626420052955e-06
5964,2.267222953378223e-05,3.146867129544262e-06,7.376011126325466e-06,2.4298703920067055e-06
5965,2.2640670067630708e-05,3.13844793708995e-06,7.3588334998930804e-06,2.4286778170790058e-06
5966,2.2658437956124544e-05,3.1435229175258428e-06,7.373241260211216e-06,2.4283349375764374e-06
5967,2.2706391973770224e-05,3.1496185783908004e-06,7.41560097594629e-06,2.4282344384118915e-06
5968,2.2762626031180844e-05,3.1603319712303346e-06,7.465860107913613e-06,2.4272869723063195e-06
5969,2.280837179569062e-05,3.1665815640735673e-06,7.503101187467109e-06,2.4277378543047234e-06
5970,2.2831300157122314e-05,3.1712509098724695e-06,7.528236892540008e-06,2.426362243568292e-06
5971,2.2828000510344282e-05,3.1698436941951513e-06,7.524323336838279e-06,2.42676651396323e-06
5972,2.280149783473462e-05,3.1663416848459747e-06,7.508469479944324e-06,2.425337243039394e-06
5973,2.275941733387299e-05,3.157674882459105e-06,7.4745266829268076e-06,2.425442971798475e-06
5974,2.2710697521688417e-05,3.1519757612841204e-06,7.437345175276278e-06,2.424275407975074e-06
5975,2.2664000425720587e-05,3.14081808028277e-06,7.403661129501415e-06,2.423904106763075e-06
5976,2.262581438117195e-05,3.1389188279717928e-06,7.370099865511293e-06,2.4233590920630377e-06
5977,2.259951361338608e-05,3.128863909296342e-06,7.3584965321060736e-06,2.422430725346203e-06
5978,2.258540735056158e-05,3.1336724077846156e-06,7.338640898524318e-06,2.4226187633757945e-06
5979,2.2582160454476252e-05,3.1244417186826468e-06,7.352162356255576e-06,2.4211110485339304e-06
5980,2.2586496925214306e-05,3.1354129532701336e-06,7.340839147218503e-06,2.4220491923188092e-06
5981,2.2594944312004372e-05,3.1249344374373322e-06,7.370618277491303e-06,2.4198784558393527e-06
5982,2.260456676594913e-05,3.1402273634739686e-06,7.356375135714188e-06,2.4215928533521947e-06
5983,2.2612755856243894e-05,3.1255681278707925e-06,7.393461601168383e-06,2.418744998067268e-06
5984,2.261802728753537e-05,3.145310756735853e-06,7.366536010522395e-06,2.4212361040554242e-06
5985,2.261975714645814e-05,3.1235726964951027e-06,7.4079107434954494e-06,2.417654741293518e-06
5986,2.261827830807306e-05,3.148973064526217e-06,7.363737040577689e-06,2.4211137770180358e-06
5987,2.2613978217123076e-05,3.1181077702058246e-06,7.412922059302218e-06,2.4165894956240663e-06
5988,2.2608510334976017e-05,3.1529802981822286e-06,7.348769941017963e-06,2.4213520646299003e-06
5989,2.2602962417295203e-05,3.1093525194592075e-06,7.41564690542873e-06,2.4155924620572478e-06
5990,2.2599440853809938e-05,3.1598788154951762e-06,7.327706953219604e-06,2.422371153443237e-06
5991,2.2599928342970088e-05,3.0984936074673897e-06,7.426679985655937e-06,2.4149510409188224e-06
5992,2.260729525005445e-05,3.173772938680486e-06,7.307952273549745e-06,2.425113734716433e-06
5993,2.2625432393397205e-05,3.0865480766806286e-06,7.46169280319009e-06,2.4154383027052972e-06
5994,2.265976945636794e-05,3.2021539482229855e-06,7.300102879526094e-06,2.4315022528753616e-06
5995,2.2718959371559322e-05,3.076513166888617e-06,7.546077085862635e-06,2.419273869236349e-06
5996,2.2816337150288746e-05,3.258314791310113e-06,7.326823833864182e-06,2.4462399323965656e-06
5997,2.297300670761615e-05,3.077678684348939e-06,7.733474376436789e-06,2.43237104768923e-06
5998,2.3222995878313668e-05,3.372773790033534e-06,7.447910775226774e-06,2.4804623990348773e-06
5999,2.3621654690941796e-05,3.118448603345314e-06,8.152584996423684e-06,2.4701244001335e-06
6000,2.4258235498564318e-05,3.6175686091155512e-06,7.829109563317616e-06,2.56231146522623e-06
6001,2.251537262054626e-05,3.0903800052328734e-06,7.383930096693803e-06,2.4082123672997113e-06
6002,2.390353984083049e-05,3.142126615784946e-06,8.32805653772084e-06,2.486671519363881e-06
6003,2.2521999198943377e-05,3.1530239539279137e-06,7.289927452802658e-06,2.4158098312909715e-06
6004,2.361347469559405e-05,3.470676347205881e-06,7.589434972032905e-06,2.5106726297963178e-06
6005,2.2527749024447985e-05,3.0836501991871046e-06,7.406247277685907e-06,2.4075702640402596e-06
6006,2.3377020625048317e-05,3.0985509056336014e-06,8.010781129996758e-06,2.4535377178835915e-06
6007,2.2531949070980772e-05,3.161694621667266e-06,7.285739229700994e-06,2.416902816548827e-06
6008,2.318407132406719e-05,3.365711791047943e-06,7.442165951943025e-06,2.475238488841569e-06
6009,2.2534344680025242e-05,3.07955929201853e-06,7.420097063004505e-06,2.4069377104751766e-06
6010,2.3027130737318657e-05,3.0763462746108416e-06,7.79010952101089e-06,2.43213503381412e-06
6011,2.2534857635037042e-05,3.1661932098359102e-06,7.283299510163488e-06,2.4170728920580586e-06
6012,2.289975600433536e-05,3.2901214126468403e-06,7.35531421014457e-06,2.45086425820773e-06
6013,2.2533597075380385e-05,3.0770747798669618e-06,7.426277079503052e-06,2.406048906777869e-06
6014,2.279681029904168e-05,3.0674498248117743e-06,7.63674597692443e-06,2.41852285398636e-06
6015,2.2530415662913583e-05,3.166922624586732e-06,7.28171016817214e-06,2.4163566649804125e-06
6016,2.271378252771683e-05,3.23546214531234e-06,7.308034582820255e-06,2.434057250866317e-06
6017,2.2525819076690823e-05,3.0756868909520563e-06,7.425630883517442e-06,2.4048999875958543e-06
6018,2.264713475597091e-05,3.0664912173961056e-06,7.5304892561689485e-06,2.4100311293295817e-06
6019,2.2519689082400873e-05,3.1648196454625577e-06,7.28008944861358e-06,2.4149562705133576e-06
6020,2.259367101942189e-05,3.195874796801945e-06,7.285418178071268e-06,2.42247529058659e-06
6021,2.251271143904887e-05,3.0751541544304928e-06,7.4195859269821085e-06,2.4035939532041084e-06
6022,2.2550906578544527e-05,3.0700327897648094e-06,7.456537787220441e-06,2.4048672457865905e-06
6023,2.2504551452584565e-05,3.1605545700585935e-06,7.2783986979629844e-06,2.4131197733368026e-06
6024,2.2516844182973728e-05,3.166968781442847e-06,7.2777056630002335e-06,2.414433765807189e-06
6025,2.2495933080790564e-05,3.075259428442223e-06,7.4096769822062925e-06,2.402199470452615e-06
6026,2.2489675757242367e-05,3.075664153584512e-06,7.4049467002623715e-06,2.4018129352043616e-06
6027,2.248674354632385e-05,3.154730848109466e-06,7.277083568624221e-06,2.4109856440190924e-06
6028,2.2468171664513648e-05,3.145666369164246e-06,7.278519206010969e-06,2.4087973997666268e-06
6029,2.2477275706478395e-05,3.075930862905807e-06,7.3975447776319925e-06,2.400759967713384e-06
6030,2.2451036784332246e-05,3.081892828049604e-06,7.36919037080952e-06,2.3999907625693595e-06
6031,2.2467707822215743e-05,3.1480519737669965e-06,7.27638052921975e-06,2.4086550638457993e-06
6032,2.2437130610342138e-05,3.1299387046601623e-06,7.283395007107174e-06,2.404759243290755e-06
6033,2.245808718726039e-05,3.077029305131873e-06,7.384258424281143e-06,2.399359573246329e-06
6034,2.2426153009291738e-05,3.0878488814778393e-06,7.344045116042253e-06,2.398851620455389e-06
6035,2.2448657546192408e-05,3.141088427582872e-06,7.276209544215817e-06,2.4062717329798033e-06
6036,2.2417054424295202e-05,3.118320364592364e-06,7.289952009159606e-06,2.401756319159176e-06
6037,2.2439551685238257e-05,3.07855384562572e-06,7.371000720013399e-06,2.3979994239198277e-06
6038,2.2409562006941997e-05,3.092955012107268e-06,7.326440481847385e-06,2.3980333025974687e-06
6039,2.2430738681578077e-05,3.1341264730144758e-06,7.277010809048079e-06,2.403920461802045e-06
6040,2.2403122784453444e-05,3.1096783459361177e-06,7.29627936379984e-06,2.3994330149434973e-06
6041,2.2422151232603937e-05,3.080229816987412e-06,7.358165021287277e-06,2.3967515971889952e-06
6042,2.239755485788919e-05,3.096957470916095e-06,7.313824426091742e-06,2.3973545921762707e-06
6043,2.2414013074012473e-05,3.1273193599190563e-06,7.278224074980244e-06,2.4016937913984293e-06
6044,2.2392710889107548e-05,3.1033391678647604e-06,7.30152214600821e-06,2.3975699150469154e-06
6045,2.2406267817132175e-05,3.0822016015008558e-06,7.346058737311978e-06,2.395601313764928e-06
6046,2.2388132492778823e-05,3.0997723570180824e-06,7.305116923816968e-06,2.396648369540344e-06
6047,2.2398839064408094e-05,3.1208910513669252e-06,7.280006684595719e-06,2.3995880837901495e-06
6048,2.238377055618912e-05,3.0985872854216723e-06,7.305271537916269e-06,2.3959821646712953e-06
6049,2.239202513010241e-05,3.084137233599904e-06,7.335190730373142e-06,2.394539478700608e-06
6050,2.23795032070484e-05,3.101498350588372e-06,7.298807759070769e-06,2.395839374003117e-06
6051,2.2385393094737083e-05,3.1151287203101674e-06,7.282097612915095e-06,2.397633352302364e-06
6052,2.237533772131428e-05,3.0950820928410394e-06,7.307445685000857e-06,2.3945622160681523e-06
6053,2.237917396996636e-05,3.0859514481562655e-06,7.325586921069771e-06,2.3935269837238593e-06
6054,2.237123771919869e-05,3.102333039350924e-06,7.2942516453622375e-06,2.394930788796046e-06
6055,2.2373196770786308e-05,3.1099368698050966e-06,7.284228104253998e-06,2.3958064048201777e-06
6056,2.2367054043570533e-05,3.092457973252749e-06,7.30831925466191e-06,2.39325549955538e-06
6057,2.2367521523847245e-05,3.0876021810399834e-06,7.317181371035986e-06,2.3925476853037253e-06
6058,2.2362772142514586e-05,3.1022361781651853e-06,7.290941994142486e-06,2.393918748566648e-06
6059,2.236213185824454e-05,3.1052809390530456e-06,7.2863372224674094e-06,2.3941026938700816e-06
6060,2.2358524802257307e-05,3.090633754254668e-06,7.307772648346145e-06,2.3920235889818287e-06
6061,2.2356924091582187e-05,3.088963921982213e-06,7.30994543118868e-06,2.3916029476822587e-06
6062,2.2354128304868937e-05,3.1013955776870716e-06,7.288696451723808e-06,2.392807118667406e-06
6063,2.235202191513963e-05,3.101242327829823e-06,7.288143933692481e-06,2.39252699429926e-06
6064,2.2349755454342812e-05,3.08931635117915e-06,7.306243787752464e-06,2.390839199506445e-06
6065,2.234714338555932e-05,3.0900594083504984e-06,7.303798156499397e-06,2.390657073192415e-06
6066,2.234528074041009e-05,3.1001109164208174e-06,7.286986601684475e-06,2.3916368263598997e-06
6067,2.234243402199354e-05,3.0976977996033384e-06,7.28952818462858e-06,2.3910415620775893e-06
6068,2.2340749637805857e-05,3.088378207394271e-06,7.303886377485469e-06,2.389696874161018e-06
6069,2.233771010651253e-05,3.0908108783478383e-06,7.298484433704289e-06,2.389683004366816e-06
6070,2.233628765679896e-05,3.098451770711108e-06,7.285879291885067e-06,2.3903910459921462e-06
6071,2.23332826863043e-05,3.0946744118409697e-06,7.290404482773738e-06,2.389640940236859e-06
6072,2.2331672880682163e-05,3.087719960603863e-06,7.301025107153691e-06,2.3885854716354515e-06
6073,2.232869519502856e-05,3.0911510293663014e-06,7.2941111284308136e-06,2.3886868802946992e-06
6074,2.23272290895693e-05,3.0966273243393516e-06,7.284978437382961e-06,2.389124801993603e-06
6075,2.232422775705345e-05,3.0921066809241893e-06,7.290636858670041e-06,2.3882967070676386e-06
6076,2.232270344393328e-05,3.0872538445692044e-06,7.2979446485987864e-06,2.3875011265772628e-06
6077,2.2319942218018696e-05,3.0910453006072203e-06,7.290571375051513e-06,2.3876650629972573e-06
6078,2.231816506537143e-05,3.094539579251432e-06,7.284335879376158e-06,2.387857875874033e-06
6079,2.2315478418022394e-05,3.0900389447197085e-06,7.290307166840648e-06,2.3870263703429373e-06
6080,2.2313610315904953e-05,3.086859123868635e-06,7.294686838577036e-06,2.3864129161665915e-06
6081,2.2311047359835356e-05,3.0906164738553343e-06,7.287488642759854e-06,2.386588676017709e-06
6082,2.2309061023406684e-05,3.0924716156732757e-06,7.28371105651604e-06,2.3865754883445334e-06
6083,2.230661630164832e-05,3.0882515602570493e-06,7.289479071914684e-06,2.385777179370052e-06
6084,2.23045553866541e-05,3.0865721782902256e-06,7.291386737051653e-06,2.385319476161385e-06
6085,2.2302221623249352e-05,3.089888423346565e-06,7.2850634751375765e-06,2.3854540813772473e-06
6086,2.230007703474257e-05,3.0905007406545337e-06,7.283215381903574e-06,2.3852721824368928e-06
6087,2.2297719624475576e-05,3.086676997554605e-06,7.288265351235168e-06,2.3845555006118957e-06
6088,2.22955259232549e-05,3.086119477302418e-06,7.288349934242433e-06,2.3842112568672746e-06
6089,2.2293334041023627e-05,3.0889862046024064e-06,7.282847491296707e-06,2.3842999326006975e-06
6090,2.2291113054961897e-05,3.088562834818731e-06,7.282554179255385e-06,2.383999117228086e-06
6091,2.228887751698494e-05,3.085415073655895e-06,7.286603249667678e-06,2.3833715658838628e-06
6092,2.2286747480393387e-05,3.085604475927539e-06,7.285502761078533e-06,2.383128048677463e-06
6093,2.2284570150077343e-05,3.0878100005793385e-06,7.281059879460372e-06,2.383139872108586e-06
6094,2.2282143618213013e-05,3.086828883169801e-06,7.281517810042715e-06,2.382759248575894e-06
6095,2.2279935365077108e-05,3.084337777181645e-06,7.284523235284723e-06,2.3822146886232076e-06
6096,2.2277743482845835e-05,3.08498420054093e-06,7.282630122062983e-06,2.3820259684725897e-06
6097,2.2275571609498e-05,3.086494416493224e-06,7.27926317267702e-06,2.3819627585908165e-06
6098,2.2273321519605815e-05,3.0851886094751535e-06,7.280455065483693e-06,2.3815355234546587e-06
6099,2.2271167836152017e-05,3.0833280106890015e-06,7.282537808350753e-06,2.3810605398466578e-06
6100,2.226881406386383e-05,3.084229547312134e-06,7.280080353666563e-06,2.380900696152821e-06
6101,2.2266682208282873e-05,3.085128355451161e-06,7.277752047230024e-06,2.3807604065950727e-06
6102,2.2264364815782756e-05,3.0836470159556484e-06,7.279185865627369e-06,2.3803063413652126e-06
6103,2.2262167476583272e-05,3.08246285385394e-06,7.280206773430109e-06,2.3798995698598446e-06
6104,2.2259951947489753e-05,3.083368255829555e-06,7.277832992258482e-06,2.379750412728754e-06
6105,2.225777461717371e-05,3.0837516078463523e-06,7.276327323779697e-06,2.379539182584267e-06
6106,2.225549178547226e-05,3.082280272792559e-06,7.277770237124059e-06,2.379088300585863e-06
6107,2.2253252609516494e-05,3.0814894671493676e-06,7.278051270986907e-06,2.3787422378518386e-06
6108,2.2251089831115678e-05,3.0823969154880615e-06,7.2757429734338075e-06,2.3785898974892916e-06
6109,2.2248863388085738e-05,3.0823405268165516e-06,7.274926701938966e-06,2.3783190954418387e-06
6110,2.224657146143727e-05,3.0809860618319362e-06,7.276074938999955e-06,2.3779023194947513e-06
6111,2.2244297724682838e-05,3.0806224913249025e-06,7.275632469827542e-06,2.377608780079754e-06
6112,2.2242018530960195e-05,3.0812898330623284e-06,7.2736042966425885e-06,2.377425062149996e-06
6113,2.2239910322241485e-05,3.080910119024338e-06,7.273422852449585e-06,2.3771156065777177e-06
6114,2.2237658413359895e-05,3.0798262287135003e-06,7.2742568590911105e-06,2.376715201535262e-06
6115,2.2235341020859778e-05,3.0797605177212972e-06,7.27335373085225e-06,2.376445308982511e-06
6116,2.223317642346956e-05,3.0801013508607866e-06,7.271866707014851e-06,2.3762418095429894e-06
6117,2.2230979084270075e-05,3.079558837271179e-06,7.27185579307843e-06,2.3759125724609476e-06
6118,2.222869807155803e-05,3.078690269830986e-06,7.272289622051176e-06,2.375543544985703e-06
6119,2.222649345640093e-05,3.0788091862632427e-06,7.271202775882557e-06,2.375296617174172e-06
6120,2.222433249698952e-05,3.0789892662141938e-06,7.270075002452359e-06,2.3750537820887985e-06
6121,2.222204602730926e-05,3.0782468911638716e-06,7.270238711498678e-06,2.3747120394546073e-06
6122,2.2219812308321707e-05,3.077592509725946e-06,7.270418336702278e-06,2.3743602923786966e-06
6123,2.2217533114599064e-05,3.0777528081671335e-06,7.269207799254218e-06,2.374114274061867e-06
6124,2.2215306671569124e-05,3.077811015828047e-06,7.268241461133584e-06,2.3738509753457038e-06
6125,2.221310387540143e-05,3.0769679142395034e-06,7.268666195159312e-06,2.373493998675258e-06
6126,2.221081558673177e-05,3.0765313567826524e-06,7.268302397278603e-06,2.3731963665341027e-06
6127,2.2208640075405128e-05,3.076745088037569e-06,7.267165528901387e-06,2.3729458007437643e-06
6128,2.2206299036042765e-05,3.0765602332394337e-06,7.266480679390952e-06,2.372651806581416e-06
6129,2.220415808551479e-05,3.0757835247641196e-06,7.266890861501452e-06,2.372296648900374e-06
6130,2.2201969841262326e-05,3.075510221606237e-06,7.266401553351898e-06,2.372011522311368e-06
6131,2.219971429440193e-05,3.0756471005588537e-06,7.265250133059453e-06,2.371763230257784e-06
6132,2.219741145381704e-05,3.075283984799171e-06,7.264826763275778e-06,2.3714603685220936e-06
6133,2.2195168639882468e-05,3.074686901527457e-06,7.264868145284709e-06,2.3711227186140604e-06
6134,2.2192880351212807e-05,3.0744836294616107e-06,7.264202395163011e-06,2.370838728893432e-06
6135,2.2190690287970938e-05,3.0744697596674087e-06,7.2633147283340804e-06,2.3705811145191547e-06
6136,2.2188502043718472e-05,3.073971356570837e-06,7.263212410180131e-06,2.370263700868236e-06
6137,2.2186237401911058e-05,3.073523430430214e-06,7.2629982241778634e-06,2.369943103985861e-06
6138,2.2183994587976485e-05,3.0735648124391446e-06,7.262112376338337e-06,2.3696634343650658e-06
6139,2.21817444980843e-05,3.073381321883062e-06,7.2614961936778855e-06,2.3693733055552e-06
6140,2.2179450752446428e-05,3.0727669582120143e-06,7.261381142598111e-06,2.3690606667514658e-06
6141,2.2177278879098594e-05,3.0724565931450343e-06,7.2610355346114375e-06,2.3687575776421e-06
6142,2.217498331447132e-05,3.0724193038622616e-06,7.2602024374646135e-06,2.3684722236794187e-06
6143,2.2172764147398993e-05,3.0721882922080113e-06,7.259712219820358e-06,2.36817277254886e-06
6144,2.2170472220750526e-05,3.0715837056050077e-06,7.259586709551513e-06,2.367860361118801e-06
6145,2.2168274881551042e-05,3.0713870273757493e-06,7.25905647414038e-06,2.367566366956453e-06
6146,2.2165946575114504e-05,3.0712951684108702e-06,7.258241566887591e-06,2.3672819224884734e-06
6147,2.2163683752296492e-05,3.0709352358826436e-06,7.2578950494062155e-06,2.366970875300467e-06
6148,2.21615846385248e-05,3.070521870540688e-06,7.257762263179757e-06,2.3666602828598116e-06
6149,2.2159254513098858e-05,3.07032814816921e-06,7.2570383053971455e-06,2.36637743000756e-06
6150,2.2157037165015936e-05,3.0701678497280227e-06,7.256462595250923e-06,2.366081389482133e-06
6151,2.2154777980176732e-05,3.0697619877173565e-06,7.256159733515233e-06,2.3657712517888285e-06
6152,2.215249878645409e-05,3.069457079618587e-06,7.2556813393021e-06,2.3654720280319452e-06
6153,2.215032873209566e-05,3.0692654036101885e-06,7.255118362081703e-06,2.365189175179694e-06
6154,2.214801133959554e-05,3.0689689083374105e-06,7.254566298797727e-06,2.3648949536436703e-06
6155,2.214574851677753e-05,3.068632167924079e-06,7.254148840729613e-06,2.364593228776357e-06
6156,2.2143452952150255e-05,3.0683681870868895e-06,7.253626790770795e-06,2.364291503909044e-06
6157,2.214125925092958e-05,3.068134446948534e-06,7.253074727486819e-06,2.36400978792517e-06
6158,2.2138952772365883e-05,3.0678666007588618e-06,7.2525599534856156e-06,2.363705107200076e-06
6159,2.213664265582338e-05,3.067510306209442e-06,7.252154318848625e-06,2.363395424254122e-06
6160,2.213455445598811e-05,3.067294301217771e-06,7.251771421579178e-06,2.363097792112967e-06
6161,2.2132260710350238e-05,3.067008492507739e-06,7.251232091221027e-06,2.3628040253242943e-06
6162,2.2129872377263382e-05,3.0667313239973737e-06,7.250629096233752e-06,2.362502300456981e-06
6163,2.2127589545561932e-05,3.066384124394972e-06,7.250241651490796e-06,2.362192844884703e-06
6164,2.2125368559500203e-05,3.0661535674880724e-06,7.249770533235278e-06,2.3618888462806353e-06
6165,2.212325307482388e-05,3.0659391541121295e-06,7.249337159009883e-06,2.361595306865638e-06
6166,2.2120901121525094e-05,3.065654254896799e-06,7.2487673605792224e-06,2.3612958557350794e-06
6167,2.2118674678495154e-05,3.065289547521388e-06,7.248440851981286e-06,2.360988901273231e-06
6168,2.2116346372058615e-05,3.065008286284865e-06,7.247869234561222e-06,2.3606935428688303e-06
6169,2.2114170860731974e-05,3.0647483981738333e-06,7.247424946399406e-06,2.360399548706482e-06
6170,2.2111955331638455e-05,3.0645494462078204e-06,7.246903351187939e-06,2.3601005523232743e-06
6171,2.210961247328669e-05,3.0641626835858915e-06,7.2464799814042635e-06,2.359794052608777e-06
6172,2.2107369659352116e-05,3.0639314445579657e-06,7.245953383971937e-06,2.359497102588648e-06
6173,2.210513957834337e-05,3.0637111194664612e-06,7.245399956445908e-06,2.3592056095367298e-06
6174,2.2102751245256513e-05,3.0633402730018133e-06,7.244904736580793e-06,2.3589013835589867e-06
6175,2.210052844020538e-05,3.0630940273113083e-06,7.244434527819976e-06,2.3586001134390244e-06
6176,2.2098252884461544e-05,3.0628411877842154e-06,7.2439288487657905e-06,2.3582965695823077e-06
6177,2.209606464020908e-05,3.062504447370884e-06,7.243545496748993e-06,2.358002802793635e-06
6178,2.2093729057814926e-05,3.0622281883552205e-06,7.242970696097473e-06,2.357705852773506e-06
6179,2.2091426217230037e-05,3.061995585085242e-06,7.242452738864813e-06,2.357395487706526e-06
6180,2.2089167032390833e-05,3.061676579818595e-06,7.242037099786103e-06,2.357090579607757e-06
6181,2.2086951503297314e-05,3.0614260140282568e-06,7.241536877700128e-06,2.356797722313786e-06
6182,2.208469231845811e-05,3.061169536522357e-06,7.240991180879064e-06,2.3565060018881923e-06
6183,2.208236765000038e-05,3.0608625820605084e-06,7.240486866066931e-06,2.3562033675261773e-06
6184,2.2080148482928053e-05,3.0605449410359142e-06,7.240090781124309e-06,2.355902552153566e-06
6185,2.2077903850004077e-05,3.0603425784647698e-06,7.2394987000734545e-06,2.3556124233437004e-06
6186,2.2075619199313223e-05,3.060057906623115e-06,7.239017122628866e-06,2.355308652113308e-06
6187,2.207328907388728e-05,3.0597298064094502e-06,7.23850098438561e-06,2.3550117020931793e-06
6188,2.207108809670899e-05,3.059541995753534e-06,7.2380089477519505e-06,2.3547074761154363e-06
6189,2.206879435107112e-05,3.059227537960396e-06,7.237514182634186e-06,2.3544105260953074e-06
6190,2.206645513069816e-05,3.058940137634636e-06,7.236974397528684e-06,2.3541078917332925e-06
6191,2.2064206859795377e-05,3.058632501051761e-06,7.236548299260903e-06,2.353805029997602e-06
6192,2.206194585596677e-05,3.0583853458665544e-06,7.236058991111349e-06,2.353500349272508e-06
6193,2.2059695766074583e-05,3.0581252303818474e-06,7.235575594677357e-06,2.3531988517788704e-06
6194,2.2057425667298958e-05,3.057886942769983e-06,7.235062184918206e-06,2.3528953079221537e-06
6195,2.2055059162084945e-05,3.0575081382266944e-06,7.2345760600001086e-06,2.3525949472968932e-06
6196,2.205285636591725e-05,3.057266212636023e-06,7.234081294882344e-06,2.3523016352555715e-06
6197,2.205053169745952e-05,3.0570417948183604e-06,7.233457836264279e-06,2.352006504224846e-06
6198,2.2048281607567333e-05,3.0567098292522132e-06,7.233067208289867e-06,2.3517009140050504e-06
6199,2.2046056983526796e-05,3.056454715988366e-06,7.232627922348911e-06,2.3513950964115793e-06
6200,2.2043743229005486e-05,3.0562155188817997e-06,7.2320090112043545e-06,2.351104058107012e-06
6201,2.2041458578314632e-05,3.0558785510947928e-06,7.231561539811082e-06,2.350803470108076e-06
6202,2.203919575549662e-05,3.0556084311683662e-06,7.231116796901915e-06,2.350494241909473e-06
6203,2.203689655289054e-05,3.0554049317288445e-06,7.230537448776886e-06,2.3501911528001074e-06
6204,2.2034671928850003e-05,3.0551279905921547e-06,7.2300745159736834e-06,2.3498937480326276e-06
6205,2.203226540586911e-05,3.0547796541213756e-06,7.2295015343115665e-06,2.349597025386174e-06
6206,2.2030071704648435e-05,3.0545534173143096e-06,7.229042239487171e-06,2.349295300518861e-06
6207,2.2027761588105932e-05,3.0542860258719884e-06,7.228569302242249e-06,2.3489810700993985e-06
6208,2.2025566067895852e-05,3.0540240913978778e-06,7.22816457709996e-06,2.348675479879603e-06
6209,2.202323594246991e-05,3.05368416775309e-06,7.227662536024582e-06,2.3483778477384476e-06
6210,2.2020940377842635e-05,3.053480440939893e-06,7.227062724268762e-06,2.348079533476266e-06
6211,2.201860843342729e-05,3.0531791708199307e-06,7.226576599350665e-06,2.347770760025014e-06
6212,2.2016236471245065e-05,3.05285038848524e-06,7.226042725960724e-06,2.3474688077840256e-06
6213,2.201414099545218e-05,3.0526962291332893e-06,7.225562512758188e-06,2.3471764052374056e-06
6214,2.2011787223163992e-05,3.052332885999931e-06,7.225049102999037e-06,2.3468808194593294e-06
6215,2.2009495296515524e-05,3.052020019822521e-06,7.224622095236555e-06,2.346570681766025e-06
6216,2.200726157752797e-05,3.0519283882313175e-06,7.223959073598962e-06,2.3462746412405977e-06
6217,2.200482958869543e-05,3.051540261367336e-06,7.2234252002090216e-06,2.3459729163732845e-06
6218,2.200261951657012e-05,3.051225348826847e-06,7.223040483950172e-06,2.3456707367586205e-06
6219,2.2000302124070004e-05,3.0509900170727633e-06,7.222402928164229e-06,2.3453819721908076e-06
6220,2.1998024749336764e-05,3.0507439987559337e-06,7.221888608910376e-06,2.345078428334091e-06
6221,2.1995712813804857e-05,3.050467057619244e-06,7.221388386824401e-06,2.3447714738722425e-06
6222,2.1993475456838496e-05,3.050147597605246e-06,7.220952738862252e-06,2.3444749785994645e-06
6223,2.1991187168168835e-05,3.0498811156576267e-06,7.22043387213489e-06,2.3441743906005286e-06
6224,2.198886613768991e-05,3.0496871659124736e-06,7.219836334115826e-06,2.3438685730070574e-06
6225,2.1986632418702357e-05,3.0493135909637203e-06,7.2195125540019944e-06,2.343561163797858e-06
6226,2.198421861976385e-05,3.0490566587104695e-06,7.218864993774332e-06,2.3432592115568696e-06
6227,2.1982035832479596e-05,3.0488749871437903e-06,7.218327482405584e-06,2.3429668090102496e-06
6228,2.1979736629873514e-05,3.048480266443221e-06,7.2180023380497005e-06,2.342650986975059e-06
6229,2.1977399228489958e-05,3.0482804049825063e-06,7.217349775601178e-06,2.3423538095812546e-06
6230,2.1975116396788508e-05,3.048064854738186e-06,7.2167167672887444e-06,2.3420668640028453e-06
6231,2.1972837203065865e-05,3.0477597192657413e-06,7.2163438744610175e-06,2.341746721867821e-06
6232,2.1970601665088907e-05,3.047434347536182e-06,7.2159673436544836e-06,2.3414399947796483e-06
6233,2.1968231521896087e-05,3.0472108392132213e-06,7.215269306470873e-06,2.3411503207171336e-06
6234,2.1965988707961515e-05,3.0469652756437426e-06,7.2147859100368805e-06,2.3408476863551186e-06
6235,2.196368222939782e-05,3.0466292173514375e-06,7.214423021650873e-06,2.3405259526043665e-06
6236,2.1961386664770544e-05,3.0463979783235118e-06,7.213853677967563e-06,2.3402269562211586e-06
6237,2.1959069272270426e-05,3.046165147679858e-06,7.213240678538568e-06,2.3399325073114596e-06
6238,2.1956759155727923e-05,3.045793846467859e-06,7.2128832471207716e-06,2.3396164579025935e-06
6239,2.1954430849291384e-05,3.0455817068286706e-06,7.212295713543426e-06,2.3393106403091224e-06
6240,2.1952148017589934e-05,3.045395715162158e-06,7.211705451481976e-06,2.33900937018916e-06
6241,2.1949823349132203e-05,3.04502486869751e-06,7.211262982309563e-06,2.3387069632008206e-06
6242,2.1947613277006894e-05,3.044713366762153e-06,7.210918738564942e-06,2.3383961433864897e-06
6243,2.194519038312137e-05,3.0445701213466236e-06,7.2100956458598375e-06,2.3381051050819224e-06
6244,2.1942914827377535e-05,3.044274308194872e-06,7.20965590517153e-06,2.3377967863780214e-06
6245,2.19405883399304e-05,3.0438832254731096e-06,7.2092989285010844e-06,2.3374814190901816e-06
6246,2.1938227291684598e-05,3.0436763154284563e-06,7.208628176158527e-06,2.3371844690700527e-06
6247,2.1936029952485114e-05,3.0434821383096278e-06,7.208125680335797e-06,2.336884563192143e-06
6248,2.193374530179426e-05,3.043184733542148e-06,7.207728231151123e-06,2.336566467420198e-06
6249,2.193136970163323e-05,3.042894377358607e-06,7.207137969089672e-06,2.33626747103699e-06
6250,2.192906686104834e-05,3.0426328976318473e-06,7.206583632068941e-06,2.335969838895835e-06
6251,2.192675856349524e-05,3.042360958716017e-06,7.206088866951177e-06,2.3356617475656094e-06
6252,2.1924468455836177e-05,3.0420876555581344e-06,7.20562366041122e-06,2.3353513824986294e-06
6253,2.1922160158283077e-05,3.041823674720945e-06,7.205080692074262e-06,2.3350512492470443e-06
6254,2.191985913668759e-05,3.0415897072089138e-06,7.204519533843268e-06,2.334749979127082e-06
6255,2.191753992519807e-05,3.041266609216109e-06,7.204081157397013e-06,2.334438477191725e-06
6256,2.1915229808655567e-05,3.0410230920097092e-06,7.203510449471651e-06,2.3341392534348415e-06
6257,2.1912890588282607e-05,3.040753199456958e-06,7.202939286798937e-06,2.3338395749306073e-06
6258,2.1910591385676526e-05,3.0404655717575224e-06,7.202451342891436e-06,2.3335348942055134e-06
6259,2.190833220083732e-05,3.0402552511077374e-06,7.201897460618056e-06,2.3332358978223056e-06
6260,2.190602754126303e-05,3.0399412480619503e-06,7.201463631645311e-06,2.3329246232606238e-06
6261,2.190375016652979e-05,3.039701596208033e-06,7.200937943707686e-06,2.332621988898609e-06
6262,2.1901418222114444e-05,3.0394007808354218e-06,7.200361324066762e-06,2.332331177967717e-06
6263,2.1899115381529555e-05,3.0391743166546803e-06,7.1998260864347685e-06,2.3320230866374914e-06
6264,2.189673250541091e-05,3.038860313608893e-06,7.199298124760389e-06,2.3317147679335903e-06
6265,2.1894433302804828e-05,3.0386245271074586e-06,7.198682396847289e-06,2.3314250938710757e-06
6266,2.1892097720410675e-05,3.0383762350538746e-06,7.198113053163979e-06,2.331121550014359e-06
6267,2.1889774870942347e-05,3.0380642783711664e-06,7.197674676717725e-06,2.330807092221221e-06
6268,2.1887455659452826e-05,3.037803026018082e-06,7.197169907158241e-06,2.330496727154241e-06
6269,2.18851855606772e-05,3.037627948287991e-06,7.196571459644474e-06,2.3301970486500068e-06
6270,2.1882842702325433e-05,3.037294618479791e-06,7.196111255325377e-06,2.329887365704053e-06
6271,2.188054713769816e-05,3.0370213153219083e-06,7.19564104656456e-06,2.329577000637073e-06
6272,2.187820427934639e-05,3.036744146811543e-06,7.195110356406076e-06,2.3292700461752247e-06
6273,2.1875863239984028e-05,3.03655269817682e-06,7.194488262030063e-06,2.328964455955429e-06
6274,2.187352583860047e-05,3.036230054931366e-06,7.194028512458317e-06,2.328653636141098e-06
6275,2.1871228454983793e-05,3.0359231004695175e-06,7.193617420853116e-06,2.328337586732232e-06
6276,2.186887650168501e-05,3.0357225568877766e-06,7.192989869508892e-06,2.3280326786334626e-06
6277,2.1866608221898787e-05,3.0354958653333597e-06,7.192485099949408e-06,2.327725496797939e-06
6278,2.1864299924345687e-05,3.035127292605466e-06,7.192107204900822e-06,2.32741308536788e-06
6279,2.186197161790915e-05,3.0348776363098295e-06,7.191544682427775e-06,2.327109996258514e-06
6280,2.1859686967218295e-05,3.0346734547492815e-06,7.1909416874405e-06,2.3268141831067624e-06
6281,2.1857282263226807e-05,3.0344524475367507e-06,7.19034687790554e-06,2.3264967694558436e-06
6282,2.1854999431525357e-05,3.0340797820826992e-06,7.189996722445358e-06,2.32618458539946e-06
6283,2.1852658392162994e-05,3.033876510016853e-06,7.18933097232366e-06,2.3258899091160856e-06
6284,2.1850320990779437e-05,3.0336309464473743e-06,7.188717063399963e-06,2.3255947780853603e-06
6285,2.1847979951417074e-05,3.0332926144183148e-06,7.188304152805358e-06,2.3252766823134152e-06
6286,2.184567529184278e-05,3.0330322715599323e-06,7.1878021117299795e-06,2.3249681362358388e-06
6287,2.184330514864996e-05,3.0328051252581645e-06,7.187147730292054e-06,2.324670731468359e-06
6288,2.1840995032107458e-05,3.032597078345134e-06,7.186586117313709e-06,2.3243621853907825e-06
6289,2.183865217375569e-05,3.0321982649184065e-06,7.1862241384224035e-06,2.324045908608241e-06
6290,2.1836438463651575e-05,3.032049789908342e-06,7.185638423834462e-06,2.3237500954564894e-06
6291,2.1834053768543527e-05,3.031800360986381e-06,7.185023605416063e-06,2.323445642105071e-06
6292,2.1831699996255338e-05,3.0314868126879446e-06,7.18453975423472e-06,2.3231345949170645e-06
6293,2.1829368051839992e-05,3.031223741345457e-06,7.1840131568023935e-06,2.3228262762131635e-06
6294,2.182699608965777e-05,3.0309381600091e-06,7.183442903624382e-06,2.3225229597301222e-06
6295,2.1824722352903336e-05,3.0307012366392883e-06,7.1829153966973536e-06,2.3222210074891336e-06
6296,2.1822397684445605e-05,3.0304870506370207e-06,7.18236969987629e-06,2.3219079139380483e-06
6297,2.1820042093168013e-05,3.030118250535452e-06,7.181935416156193e-06,2.3215975488710683e-06
6298,2.1817777451360598e-05,3.0299324862426147e-06,7.181342880357988e-06,2.3213005988509394e-06
6299,2.1815394575241953e-05,3.029672598131583e-06,7.180749889812432e-06,2.3209943265101174e-06
6300,2.181306990678422e-05,3.029374511243077e-06,7.180339707701933e-06,2.3206712285173126e-06
6301,2.1810628823004663e-05,3.029124627573765e-06,7.179694875958376e-06,2.3203617729450343e-06
6302,2.1808495148434304e-05,3.02887838188326e-06,7.179299245763104e-06,2.320063458682853e-06
6303,2.1806001313962042e-05,3.0286048513517017e-06,7.178667146945372e-06,2.3197458176582586e-06
6304,2.1803705749334767e-05,3.0283317755674943e-06,7.178206033131573e-06,2.3194334062281996e-06
6305,2.1801391994813457e-05,3.0280850751296384e-06,7.177651241363492e-06,2.3191312266135355e-06
6306,2.1798976376885548e-05,3.0277972200565273e-06,7.177038241934497e-06,2.318828364877845e-06
6307,2.1796686269226484e-05,3.027551883860724e-06,7.176525741670048e-06,2.3185216377896722e-06
6308,2.179437069571577e-05,3.0272972253442276e-06,7.175996870500967e-06,2.31821536544885e-06
6309,2.1792022380395792e-05,3.0270628030848457e-06,7.175440259743482e-06,2.317903863513493e-06
6310,2.1789670427097008e-05,3.026791091542691e-06,7.174914571805857e-06,2.317593043699162e-06
6311,2.1787345758639276e-05,3.02651869787951e-06,7.17438251740532e-06,2.3172890450950945e-06
6312,2.1785086573800072e-05,3.0262804102676455e-06,7.173897756729275e-06,2.3169816358858952e-06
6313,2.17826891457662e-05,3.0259752747952007e-06,7.173390258685686e-06,2.316664449608652e-06
6314,2.1780328097520396e-05,3.025724026883836e-06,7.172829100454692e-06,2.3163549940363737e-06
6315,2.177796523028519e-05,3.0254975627030944e-06,7.172234290919732e-06,2.3160466753324727e-06
6316,2.1775607820018195e-05,3.025250634891563e-06,7.171652214310598e-06,2.315741085112677e-06
6317,2.1773412299808115e-05,3.0249593692133203e-06,7.171270226535853e-06,2.3154366317612585e-06
6318,2.177091664634645e-05,3.0246710593928583e-06,7.170582193793962e-06,2.315132633157191e-06
6319,2.1768584701931104e-05,3.0244598292483715e-06,7.17000148142688e-06,2.3148245418269653e-06
6320,2.176621819671709e-05,3.024171746801585e-06,7.16948852641508e-06,2.3145116756495554e-06
6321,2.176387351937592e-05,3.023890712938737e-06,7.168986485339701e-06,2.314199036845821e-06
6322,2.176153429900296e-05,3.0236799375416012e-06,7.168383490352426e-06,2.3138941287470516e-06
6323,2.175923509639688e-05,3.02341004498885e-06,7.167906005633995e-06,2.3135837636800716e-06
6324,2.1756868591182865e-05,3.0231551590986783e-06,7.167321655288106e-06,2.3132784008339513e-06
6325,2.1754574845544994e-05,3.022910277650226e-06,7.1668382588541135e-06,2.3129650799091905e-06
6326,2.1752210159320384e-05,3.0226274247979745e-06,7.16627710062312e-06,2.3126608539314475e-06
6327,2.174984365410637e-05,3.0224023248592857e-06,7.165725946833845e-06,2.312342985533178e-06
6328,2.174749351979699e-05,3.0221660836105e-06,7.165167517086957e-06,2.3120319383451715e-06
6329,2.1745170670328662e-05,3.0218723168218276e-06,7.164680937421508e-06,2.311723392267595e-06
6330,2.174275869037956e-05,3.0216012874006992e-06,7.164089765865356e-06,2.3114132545742905e-06
6331,2.1740415832027793e-05,3.0213209356588777e-06,7.163603186199907e-06,2.311098569407477e-06
6332,2.1738011128036305e-05,3.0210792374418816e-06,7.16301474312786e-06,2.3107832021196373e-06
6333,2.173573011532426e-05,3.020786607521586e-06,7.162578185671009e-06,2.310473291800008e-06
6334,2.1733336325269192e-05,3.0205837902030908e-06,7.161910616559908e-06,2.3101683837012388e-06
6335,2.1731029846705496e-05,3.0203250389604364e-06,7.161421763157705e-06,2.3098568817658816e-06
6336,2.1728608771809377e-05,3.0200521905499045e-06,7.160822860896587e-06,2.309546744072577e-06
6337,2.172627137042582e-05,3.019768200829276e-06,7.1603135438635945e-06,2.309237970621325e-06
6338,2.1723961253883317e-05,3.0195524232112803e-06,7.159771485021338e-06,2.308927605554345e-06
6339,2.172160384361632e-05,3.019302994289319e-06,7.15919304639101e-06,2.3086215605871985e-06
6340,2.1719100914197043e-05,3.0189917197276372e-06,7.158573680499103e-06,2.3083071027940605e-06
6341,2.1716998162446544e-05,3.018784354935633e-06,7.158202151913429e-06,2.308002194695291e-06
6342,2.1714440663345158e-05,3.018496045115171e-06,7.157499567256309e-06,2.3076891011442058e-06
6343,2.1712152374675497e-05,3.0182366117514903e-06,7.15703845344251e-06,2.3073755528457696e-06
6344,2.170979860238731e-05,3.0179996883816784e-06,7.156450010370463e-06,2.307069507878623e-06
6345,2.1707361156586558e-05,3.017770268343156e-06,7.1557874434802216e-06,2.3067605070536956e-06
6346,2.1705132894567214e-05,3.0174801395332906e-06,7.155438652262092e-06,2.3064428660291014e-06
6347,2.1702802769141272e-05,3.0171845537552144e-06,7.154948889365187e-06,2.3061336378304986e-06
6348,2.1700347133446485e-05,3.01696672977414e-06,7.154263585107401e-06,2.305823500137194e-06
6349,2.1698033378925174e-05,3.016712298631319e-06,7.153751539590303e-06,2.3055138171912404e-06
6350,2.1695592295145616e-05,3.0163710107444786e-06,7.153204933274537e-06,2.3052034521242604e-06
6351,2.169331128243357e-05,3.0161786526150536e-06,7.152641046559438e-06,2.30489808927814e-06
6352,2.169089566450566e-05,3.0159078505676007e-06,7.152055331971496e-06,2.3045863599691074e-06
6353,2.1688589185941964e-05,3.0156613775034202e-06,7.151576028263662e-06,2.3042705379339168e-06
6354,2.1686159016098827e-05,3.01540990221838e-06,7.1509612098452635e-06,2.303957671756507e-06
6355,2.168379069189541e-05,3.015126821992453e-06,7.150420060497709e-06,2.303648898305255e-06
6356,2.1681495127268136e-05,3.014922640431905e-06,7.149883458623663e-06,2.303338078490924e-06
6357,2.1679165001842193e-05,3.014643425558461e-06,7.149409611884039e-06,2.303022483829409e-06
6358,2.1676678443327546e-05,3.014455160155194e-06,7.148683380364673e-06,2.3027082534099463e-06
6359,2.1674339222954586e-05,3.014118192368187e-06,7.1482018029200844e-06,2.3024040274322033e-06
6360,2.1671885406249203e-05,3.0137978228594875e-06,7.147645192162599e-06,2.302088432770688e-06
6361,2.1669588022632524e-05,3.013653895322932e-06,7.147066753532272e-06,2.301773520230199e-06
6362,2.166726153518539e-05,3.013441528310068e-06,7.146525604184717e-06,2.3014588350633858e-06
6363,2.1664873202098534e-05,3.013067498613964e-06,7.146074040065287e-06,2.3011464236333268e-06
6364,2.1662417566403747e-05,3.0128364869597135e-06,7.14539328328101e-06,2.3008374228083994e-06
6365,2.1660185666405596e-05,3.0126134333841037e-06,7.144948085624492e-06,2.300524784004665e-06
6366,2.1657837351085618e-05,3.012391516676871e-06,7.144421942939516e-06,2.300205096616992e-06
6367,2.1655348973581567e-05,3.0120731935312506e-06,7.143797120079398e-06,2.299895868418389e-06
6368,2.165303703804966e-05,3.0118567337922286e-06,7.143212769733509e-06,2.2995934614300495e-06
6369,2.1650628696079366e-05,3.011545004483196e-06,7.1427102739107795e-06,2.299274683537078e-06
6370,2.1648289475706406e-05,3.011346962011885e-06,7.142139111238066e-06,2.298960680491291e-06
6371,2.1645930246450007e-05,3.011086846527178e-06,7.1415665843233e-06,2.298655545018846e-06
6372,2.1643503714585677e-05,3.0107742077234434e-06,7.140969501051586e-06,2.298352228535805e-06
6373,2.1641131752403453e-05,3.010563204952632e-06,7.140393336158013e-06,2.298034814884886e-06
6374,2.1638743419316597e-05,3.010334467035136e-06,7.1398026193492115e-06,2.29772126658645e-06
6375,2.1636418750858866e-05,3.010022510352428e-06,7.139339686546009e-06,2.297411356266821e-06
6376,2.1634095901390538e-05,3.0098174192971783e-06,7.138758519431576e-06,2.2971039470576216e-06
6377,2.1631698473356664e-05,3.0095031888777157e-06,7.138219643820776e-06,2.2967951736063696e-06
6378,2.1629266484524123e-05,3.0093190162006067e-06,7.1375675361196045e-06,2.2964759409660473e-06
6379,2.1626876332447864e-05,3.0089825031609507e-06,7.137102329579648e-06,2.296158299941453e-06
6380,2.162452437914908e-05,3.008767635037657e-06,7.136525255191373e-06,2.2958461158850696e-06
6381,2.1622174244839698e-05,3.008518433489371e-06,7.135979558370309e-06,2.2955350686970633e-06
6382,2.1619813196593896e-05,3.008246949320892e-06,7.135478881536983e-06,2.2952176550461445e-06
6383,2.161737938877195e-05,3.008003432114492e-06,7.13486679160269e-06,2.294901833010954e-06
6384,2.1614981960738078e-05,3.007761733897496e-06,7.134219686122378e-06,2.2946001081436407e-06
6385,2.1612555428873748e-05,3.0074475034780335e-06,7.133665803848999e-06,2.2942886062082835e-06
6386,2.161020711355377e-05,3.0072146728343796e-06,7.133136932679918e-06,2.2939711925573647e-06
6387,2.1607866074191406e-05,3.0069595595705323e-06,7.132583050406538e-06,2.2936646928428672e-06
6388,2.160546137019992e-05,3.0067915304243797e-06,7.131898200896103e-06,2.2933543277758872e-06
6389,2.1603134882752784e-05,3.006426823048969e-06,7.131525762815727e-06,2.2930364593776176e-06
6390,2.1600775653496385e-05,3.0061908091738587e-06,7.130944140953943e-06,2.2927281406737166e-06
6391,2.15982690860983e-05,3.006002089023241e-06,7.130171525204787e-06,2.2924189124751138e-06
6392,2.159602809115313e-05,3.0057269668759545e-06,7.129789537430042e-06,2.2921024083188968e-06
6393,2.1593492419924587e-05,3.005455937454826e-06,7.129141067707678e-06,2.2917790829524165e-06
6394,2.159118594136089e-05,3.0051805879338644e-06,7.12862401996972e-06,2.2914764485904016e-06
6395,2.158876850444358e-05,3.0049466204218334e-06,7.127980097720865e-06,2.291168357260176e-06
6396,2.158638380933553e-05,3.0046423944440903e-06,7.1275180744123645e-06,2.290844577146345e-06
6397,2.158402458007913e-05,3.004460722877411e-06,7.126922355382703e-06,2.2905283003638033e-06
6398,2.1581632609013468e-05,3.0042222078918712e-06,7.126285709091462e-06,2.2902252112544375e-06
6399,2.15792388189584e-05,3.0039088869671104e-06,7.125736374291591e-06,2.2899184841662645e-06
6400,2.1576874132733792e-05,3.003630126841017e-06,7.125246156647336e-06,2.2895994788996177e-06
6401,2.1574403945123777e-05,3.003389565492398e-06,7.124592229956761e-06,2.289284566359129e-06
6402,2.1572110199485905e-05,3.0031819733267184e-06,7.124104740796611e-06,2.28896465159778e-06
6403,2.1569641830865294e-05,3.0028963919903617e-06,7.123491286620265e-06,2.288651103299344e-06
6404,2.1567268049693666e-05,3.0025980777281802e-06,7.122966053429991e-06,2.288340738232364e-06
6405,2.1564850612776354e-05,3.0023961699043866e-06,7.122304850781802e-06,2.2880301457917085e-06
6406,2.1562434994848445e-05,3.002119910888723e-06,7.121783710317686e-06,2.2877063656778773e-06
6407,2.1560106688411906e-05,3.0018329653103137e-06,7.1213098635780625e-06,2.2873930447531166e-06
6408,2.1557683794526383e-05,3.0016142318345373e-06,7.1206368374987505e-06,2.2870863176649436e-06
6409,2.1555277271545492e-05,3.0013613923074445e-06,7.120050213416107e-06,2.286772996740183e-06
6410,2.1552868929575197e-05,3.001049208251061e-06,7.119548627088079e-06,2.2864542188472115e-06
6411,2.1550549718085676e-05,3.000877995873452e-06,7.118951998563716e-06,2.286143626406556e-06
6412,2.1548097720369697e-05,3.0006062843312975e-06,7.11830762156751e-06,2.285836444571032e-06
6413,2.1545707568293437e-05,3.0003000119904755e-06,7.117832865333185e-06,2.285515165567631e-06
6414,2.1543222828768194e-05,3.000041715495172e-06,7.117186669347575e-06,2.2851988887850894e-06
6415,2.1540930902119726e-05,2.9999143862369237e-06,7.116580491128843e-06,2.284887386849732e-06
6416,2.1538482542382553e-05,2.9995971999596804e-06,7.116032520571025e-06,2.2845706553198397e-06
6417,2.153615787392482e-05,2.999266598635586e-06,7.1156300691654906e-06,2.284252332174219e-06
6418,2.1533687686314806e-05,2.9990217171871336e-06,7.114975687727565e-06,2.283937874381081e-06
6419,2.1531323000090197e-05,2.9989107588335173e-06,7.114274467312498e-06,2.2836277366877766e-06
6420,2.1528907382162288e-05,2.9985324090375798e-06,7.11387019691756e-06,2.2833010007161647e-06
6421,2.152649176423438e-05,2.9982891192048555e-06,7.113263563951477e-06,2.282987679791404e-06
6422,2.1524156181840226e-05,2.9980760700709652e-06,7.1126905822893605e-06,2.282677769471775e-06
6423,2.1521689632209018e-05,2.997788214997854e-06,7.112121238606051e-06,2.2823560357210226e-06
6424,2.1519339497899637e-05,2.9975494726386387e-06,7.111610102583654e-06,2.282036120959674e-06
6425,2.1516829292522743e-05,2.9973225537105463e-06,7.1108638621808495e-06,2.2817287117504748e-06
6426,2.151448825316038e-05,2.997002184201847e-06,7.110412298061419e-06,2.2814147087046877e-06
6427,2.151212902390398e-05,2.9967957289045444e-06,7.109819307515863e-06,2.281102524648304e-06
6428,2.1509657017304562e-05,2.996547664224636e-06,7.109211765055079e-06,2.2807794266554993e-06
6429,2.1507266865228303e-05,2.996240937136463e-06,7.108631507435348e-06,2.2804788386565633e-06
6430,2.1504927644855343e-05,2.9960310712340288e-06,7.108038516889792e-06,2.2801716568210395e-06
6431,2.1502382878679782e-05,2.9957816423120676e-06,7.107352757884655e-06,2.279849695696612e-06
6432,2.150005275325384e-05,2.9954944693599828e-06,7.106911652954295e-06,2.2795293261879124e-06
6433,2.149762622138951e-05,2.9953353077871725e-06,7.106195880624e-06,2.2792189611209324e-06
6434,2.1495248802239075e-05,2.995002205352648e-06,7.10574431650457e-06,2.2789004106016364e-06
6435,2.1492818632395938e-05,2.994747774209827e-06,7.105149052222259e-06,2.278584133819095e-06
6436,2.14904393942561e-05,2.99456451102742e-06,7.104546057234984e-06,2.2782658106734743e-06
6437,2.148798193957191e-05,2.9942721084808e-06,7.103953066689428e-06,2.2779513528803363e-06
6438,2.148559178749565e-05,2.994023361679865e-06,7.103379175532609e-06,2.2776378045819e-06
6439,2.1483174350578338e-05,2.9937398267065873e-06,7.1028334787115455e-06,2.2773203909309814e-06
6440,2.148080056940671e-05,2.9935119982837932e-06,7.102279596438166e-06,2.2770018404116854e-06
6441,2.1478366761584766e-05,2.9932289180578664e-06,7.1017238951753825e-06,2.2766828351450386e-06
6442,2.1475985704455525e-05,2.9930149594292743e-06,7.101105438778177e-06,2.276373152199085e-06
6443,2.1473537344718352e-05,2.9928119147371035e-06,7.10045560481376e-06,2.276054146932438e-06
6444,2.147112536476925e-05,2.9924569844297366e-06,7.100006769178435e-06,2.275732413181686e-06
6445,2.14687406696612e-05,2.992301233462058e-06,7.099350568751106e-06,2.275417955388548e-06
6446,2.1466265025082976e-05,2.9920136057626223e-06,7.098741662048269e-06,2.2751016786060063e-06
6447,2.1463880329974927e-05,2.991713245137362e-06,7.09823416400468e-06,2.2747867660655174e-06
6448,2.1461513824760914e-05,2.991500423377147e-06,7.097679372236598e-06,2.274466851304169e-06
6449,2.1459027266246267e-05,2.9912498575868085e-06,7.097012257872848e-06,2.2741528482583817e-06
6450,2.145665894204285e-05,2.991100927829393e-06,7.096386980265379e-06,2.2738342977390857e-06
6451,2.145412508980371e-05,2.990682787640253e-06,7.095881301211193e-06,2.2735121092409827e-06
6452,2.1451705833896995e-05,2.990472012243117e-06,7.095224191289162e-06,2.273201971547678e-06
6453,2.144932841474656e-05,2.9902771530032624e-06,7.094608918123413e-06,2.272888423249242e-06
6454,2.144692734873388e-05,2.9900093068135902e-06,7.094114153005648e-06,2.272560777782928e-06
6455,2.1444478988996707e-05,2.989725089719286e-06,7.093551175785251e-06,2.2722404082742287e-06
6456,2.1442097931867465e-05,2.9894954423070885e-06,7.092903615557589e-06,2.2719395929016173e-06
6457,2.1439736883621663e-05,2.9892680686316453e-06,7.092338819347788e-06,2.2716258172295056e-06
6458,2.1437244868138805e-05,2.9889588404330425e-06,7.091821316862479e-06,2.271293169542332e-06
6459,2.1434787413454615e-05,2.988785126945004e-06,7.091106454026885e-06,2.270979166496545e-06
6460,2.143237907148432e-05,2.9884749892516993e-06,7.090542112564435e-06,2.270672439408372e-06
6461,2.1430001652333885e-05,2.9882273793191416e-06,7.090006420185091e-06,2.270353888889076e-06
6462,2.1427553292596713e-05,2.9879763587814523e-06,7.089444807206746e-06,2.2700262434227625e-06
6463,2.1425159502541646e-05,2.987839707202511e-06,7.088749953254592e-06,2.2697138319927035e-06
6464,2.1422711142804474e-05,2.987449306601775e-06,7.0882779255043715e-06,2.2693968730891356e-06
6465,2.1420248231152073e-05,2.9871814604121028e-06,7.08762036083499e-06,2.2690890091325855e-06
6466,2.141786171705462e-05,2.9870459457015386e-06,7.086974619596731e-06,2.2687684122502105e-06
6467,2.1415420633275062e-05,2.9867749162804103e-06,7.086463028826984e-06,2.268436674057739e-06
6468,2.141298864444252e-05,2.9864763746445533e-06,7.085882316459902e-06,2.268125854243408e-06
6469,2.141064396710135e-05,2.9862558221793734e-06,7.085308425303083e-06,2.267815943923779e-06
6470,2.1408108295872808e-05,2.9859470487281214e-06,7.084780918376055e-06,2.2674762476526666e-06
6471,2.1405774532468058e-05,2.985786750286934e-06,7.08417337591527e-06,2.267162926727906e-06
6472,2.140329343092162e-05,2.985494347740314e-06,7.083559012244223e-06,2.266848014187417e-06
6473,2.1400859623099677e-05,2.9852074021619046e-06,7.082991942297667e-06,2.2665321921522263e-06
6474,2.1398442186182365e-05,2.9849816201021895e-06,7.082443516992498e-06,2.2662034098175354e-06
6475,2.1396006559371017e-05,2.9847856239939574e-06,7.081760031724116e-06,2.2658921352558536e-06
6476,2.1393578208517283e-05,2.984503225889057e-06,7.081199328240473e-06,2.2655751763522858e-06
6477,2.1391177142504603e-05,2.9841955893061822e-06,7.080725026753498e-06,2.2652513962384546e-06
6478,2.138872878276743e-05,2.983995500471792e-06,7.080022442096379e-06,2.264942168039852e-06
6479,2.1386329535744153e-05,2.983758349728305e-06,7.079465831338894e-06,2.264621116410126e-06
6480,2.1383853891165927e-05,2.9834905035386328e-06,7.078871476551285e-06,2.2642982457909966e-06
6481,2.1381432816269808e-05,2.9831619485776173e-06,7.078313501551747e-06,2.2639915187028237e-06
6482,2.1379019017331302e-05,2.9830077892256668e-06,7.077630925778067e-06,2.2636759240413085e-06
6483,2.1376603399403393e-05,2.982734486067784e-06,7.077153895806987e-06,2.2633430489804596e-06
6484,2.1374064090196043e-05,2.9824618650309276e-06,7.076487236190587e-06,2.26302267947176e-06
6485,2.1371755792642944e-05,2.9822720080119325e-06,7.075902431097347e-06,2.2627161797572626e-06
6486,2.1369167370721698e-05,2.98186296276981e-06,7.075319899740862e-06,2.262396719743265e-06
6487,2.1366800865507685e-05,2.981709485538886e-06,7.074699169606902e-06,2.2620783965976443e-06
6488,2.1364339772844687e-05,2.9815153084200574e-06,7.0740434239269234e-06,2.2617562080995413e-06
6489,2.1361913240980357e-05,2.9812551929353504e-06,7.073466804285999e-06,2.261438112327596e-06
6490,2.1359473976190202e-05,2.9809289117110893e-06,7.072922016959637e-06,2.26112456402916e-06
6491,2.1357074729166925e-05,2.980720410050708e-06,7.072321295709116e-06,2.2608066956308903e-06
6492,2.1354580894694664e-05,2.980532826768467e-06,7.071634172461927e-06,2.260482915517059e-06
6493,2.1352167095756158e-05,2.9802276912960224e-06,7.071124855428934e-06,2.2601630007557105e-06
6494,2.1349647795432247e-05,2.979984856210649e-06,7.070390893204603e-06,2.259854454678134e-06
6495,2.1347219444578514e-05,2.979689270432573e-06,7.06982473275275e-06,2.2595411337533733e-06
6496,2.134479655069299e-05,2.9794803140248405e-06,7.069222192512825e-06,2.2592189452552702e-06
6497,2.1342439140425995e-05,2.979225200760993e-06,7.068733339110622e-06,2.258896074636141e-06
6498,2.1339965314837173e-05,2.979002374559059e-06,7.068040758895222e-06,2.2585845727007836e-06
6499,2.1337487851269543e-05,2.9786979212076403e-06,7.067463229759596e-06,2.258265112686786e-06
6500,2.1334970369935036e-05,2.978426437039161e-06,7.066814305289881e-06,2.257946107420139e-06
6501,2.133262751158327e-05,2.978232487294008e-06,7.066282705636695e-06,2.2576225546799833e-06
6502,2.1330215531634167e-05,2.978027850986109e-06,7.065621048241155e-06,2.2573133264813805e-06
6503,2.1327705326257274e-05,2.97763062917511e-06,7.06518221704755e-06,2.256978632431128e-06
6504,2.1325216948753223e-05,2.977470103360247e-06,7.0644182414980605e-06,2.2566655388800427e-06
6505,2.132291228917893e-05,2.977267058668076e-06,7.063880730129313e-06,2.2563529000763083e-06
6506,2.1320376617950387e-05,2.976922360176104e-06,7.063325938361231e-06,2.2560257093573455e-06
6507,2.1317933715181425e-05,2.9767136311420472e-06,7.0626720116706565e-06,2.255709887322155e-06
6508,2.131542714778334e-05,2.976574933200027e-06,7.061859832901973e-06,2.2553983853867976e-06
6509,2.131300607288722e-05,2.9761474706901936e-06,7.061536052788142e-06,2.2550643734575715e-06
6510,2.1310619558789767e-05,2.9760026336589362e-06,7.060876214382006e-06,2.25474809667503e-06
6511,2.130813300027512e-05,2.975806637550704e-06,7.060168172756676e-06,2.2544318198924884e-06
6512,2.130564462277107e-05,2.975392590087722e-06,7.0597402554994915e-06,2.2541021280630957e-06
6513,2.1303159883245826e-05,2.9752595764875878e-06,7.058948540361598e-06,2.253790398754063e-06
6514,2.1300773369148374e-05,2.975071993205347e-06,7.058351002342533e-06,2.2534700292453635e-06
6515,2.129830318153836e-05,2.974698418256594e-06,7.057884431560524e-06,2.253143975394778e-06
6516,2.1295883925631642e-05,2.974511289721704e-06,7.057223683659686e-06,2.2528297449753154e-06
6517,2.129335916833952e-05,2.9743489449174376e-06,7.056511094560847e-06,2.2525000531459227e-06
6518,2.1290852600941435e-05,2.97395013149071e-06,7.056061804178171e-06,2.2521680875797756e-06
6519,2.1288491552695632e-05,2.9737302611465566e-06,7.055461537675001e-06,2.2518602236232255e-06
6520,2.128593587258365e-05,2.9735849693679484e-06,7.054642537696054e-06,2.2515416731039295e-06
6521,2.1283593014231883e-05,2.973191385535756e-06,7.0543446781812236e-06,2.251211526527186e-06
6522,2.1281131921568885e-05,2.9730140340689104e-06,7.0535998020204715e-06,2.2509038899443112e-06
6523,2.1278647182043642e-05,2.972851234517293e-06,7.052811270114034e-06,2.250596935482463e-06
6524,2.127624065906275e-05,2.9724344585702056e-06,7.0525102273677476e-06,2.2502592855744297e-06
6525,2.1273735910654068e-05,2.9722928047704045e-06,7.0517253334401175e-06,2.2499436909129145e-06
6526,2.1271309378789738e-05,2.9721020382567076e-06,7.051047305139946e-06,2.2496321889775572e-06
6527,2.1268788259476423e-05,2.9717689358221833e-06,7.050515250739409e-06,2.249300678158761e-06
6528,2.1266336261760443e-05,2.9715008622588357e-06,7.049957275739871e-06,2.2489757611765526e-06
6529,2.1263838789309375e-05,2.971294179587858e-06,7.049220130284084e-06,2.2486649413622217e-06
6530,2.126143590430729e-05,2.971111143779126e-06,7.048640327411704e-06,2.2483370685222326e-06
6531,2.1259020286379382e-05,2.9707675821555313e-06,7.048258339636959e-06,2.2479989638668485e-06
6532,2.1256451873341575e-05,2.970596142404247e-06,7.047387043712661e-06,2.2476936010207282e-06
6533,2.1254025341477245e-05,2.970301693494548e-06,7.046859536785632e-06,2.247372776764678e-06
6534,2.1251613361528143e-05,2.9700490813411307e-06,7.04641206539236e-06,2.2470305793831358e-06
6535,2.124919046764262e-05,2.9699192509724526e-06,7.045646270853467e-06,2.24672498916334e-06
6536,2.1246592950774357e-05,2.969634351757122e-06,7.044918220344698e-06,2.2464082576334476e-06
6537,2.1244200979708694e-05,2.9692585030716145e-06,7.0445639721583575e-06,2.2460758373199496e-06
6538,2.1241788999759592e-05,2.969147999465349e-06,7.043808182061184e-06,2.245766609121347e-06
6539,2.123926424246747e-05,2.968881744891405e-06,7.043191089906031e-06,2.245438281534007e-06
6540,2.1236803149804473e-05,2.9685368190257577e-06,7.042719516903162e-06,2.245109499199316e-06
6541,2.1234307496342808e-05,2.9683617412956664e-06,7.041962362563936e-06,2.2447968603955815e-06
6542,2.123199010384269e-05,2.9681525575142587e-06,7.041429398668697e-06,2.244481720481417e-06
6543,2.1229423509794287e-05,2.96784810416284e-06,7.04086141922744e-06,2.2441429337050067e-06
6544,2.1226933313300833e-05,2.9676637041120557e-06,7.040084256004775e-06,2.243837343485211e-06
6545,2.122445948771201e-05,2.9674004053958924e-06,7.039453976176446e-06,2.2435210667026695e-06
6546,2.122201658494305e-05,2.9670438834727975e-06,7.0390565269917715e-06,2.243183189420961e-06
6547,2.121947363775689e-05,2.9669038212887244e-06,7.038196145003894e-06,2.2428746433433844e-06
6548,2.1217052562860772e-05,2.9667053240700625e-06,7.037601335468935e-06,2.242549271613825e-06
6549,2.121457873727195e-05,2.966286047012545e-06,7.0372343543567695e-06,2.242211621705792e-06
6550,2.1212077626842074e-05,2.96618600259535e-06,7.03633668308612e-06,2.241911033706856e-06
6551,2.1209682017797604e-05,2.96593702842074e-06,7.03580326444353e-06,2.241588390461402e-06
6552,2.1207153622526675e-05,2.965599151139031e-06,7.035354428808205e-06,2.2412398266169475e-06
6553,2.1204661607043818e-05,2.965477051475318e-06,7.034475856926292e-06,2.2409417397284415e-06
6554,2.120220597134903e-05,2.9651725981238997e-06,7.0339701778721064e-06,2.2406125026463997e-06
6555,2.119976306858007e-05,2.964862460430595e-06,7.0335372583940625e-06,2.240272579001612e-06
6556,2.1197232854319736e-05,2.9647042083524866e-06,7.032706434983993e-06,2.239964715045062e-06
6557,2.1194809960434213e-05,2.964459099530359e-06,7.0321311795851216e-06,2.239644118162687e-06
6558,2.1192312487983145e-05,2.9640668799402192e-06,7.031724635453429e-06,2.2393041945178993e-06
6559,2.1189784092712216e-05,2.9640157208632445e-06,7.030778760963585e-06,2.2389979221770773e-06
6560,2.1187373931752518e-05,2.963691258628387e-06,7.030339475022629e-06,2.2386686850950355e-06
6561,2.1184911020100117e-05,2.9633888516400475e-06,7.029817425063811e-06,2.2383408122550463e-06
6562,2.11823880817974e-05,2.9632328732986934e-06,7.028995696600759e-06,2.238031811430119e-06
6563,2.1179881514399312e-05,2.9629954951815307e-06,7.028323125268798e-06,2.2377125787897967e-06
6564,2.1177416783757508e-05,2.9626676223415416e-06,7.0278738348861225e-06,2.2373753836291144e-06
6565,2.1174942958168685e-05,2.9624854960275115e-06,7.02710303812637e-06,2.237070930277696e-06
6566,2.11724873224739e-05,2.9622083275171462e-06,7.0265323302010074e-06,2.2367491965269437e-06
6567,2.1170006220927462e-05,2.9619432098115794e-06,7.026013918220997e-06,2.236409727629507e-06
6568,2.1167448721826077e-05,2.9617569907713914e-06,7.025185823295033e-06,2.2361011815519305e-06
6569,2.1165040379855782e-05,2.9614834602398332e-06,7.024647857178934e-06,2.235781948911608e-06
6570,2.116250470862724e-05,2.961162181236432e-06,7.024131264188327e-06,2.2354424800141715e-06
6571,2.1160081814741716e-05,2.9610680485347984e-06,7.023375019343803e-06,2.235127794847358e-06
6572,2.115757524734363e-05,2.9607920168928104e-06,7.0227351898211055e-06,2.234809699075413e-06
6573,2.1155141439521685e-05,2.960428673759452e-06,7.022281351964921e-06,2.2344863737089327e-06
6574,2.115269671776332e-05,2.9602556423924398e-06,7.02157285559224e-06,2.2341735075315228e-06
6575,2.1150133761693723e-05,2.9599980280181626e-06,7.0209207478910685e-06,2.2338431335811038e-06
6576,2.1147570805624127e-05,2.9597347293019993e-06,7.020239991106791e-06,2.2335193534672726e-06
6577,2.1145122445886955e-05,2.959505764010828e-06,7.019631539151305e-06,2.233196937595494e-06
6578,2.11426831810968e-05,2.9592622468044283e-06,7.019026725174626e-06,2.232878841823549e-06
6579,2.1140238459338434e-05,2.9590041776828002e-06,7.018518772383686e-06,2.232543238278595e-06
6580,2.1137706426088698e-05,2.958771574412822e-06,7.01784347256762e-06,2.2322183212963864e-06
6581,2.1135168935870752e-05,2.9585553420474753e-06,7.017104508122429e-06,2.2319018171401694e-06
6582,2.113276786985807e-05,2.9582590741483727e-06,7.016626113909297e-06,2.2315766727842856e-06
6583,2.1130239474587142e-05,2.9580105547211133e-06,7.015983101155143e-06,2.2312492546916474e-06
6584,2.1127743821125478e-05,2.9578429803223116e-06,7.0152691478142515e-06,2.230926384072518e-06
6585,2.1125233615748584e-05,2.9575321605079807e-06,7.014705261099152e-06,2.230599193353555e-06
6586,2.112273796228692e-05,2.957262495328905e-06,7.014096354396315e-06,2.2302756406133994e-06
6587,2.1120231394888833e-05,2.957076731036068e-06,7.013417416601442e-06,2.2299473130260594e-06
6588,2.111781941493973e-05,2.95681616080401e-06,7.012899914116133e-06,2.229620804428123e-06
6589,2.1115254639880732e-05,2.95650829684746e-06,7.012266905803699e-06,2.2292958874459146e-06
6590,2.1112871763762087e-05,2.9563266252807807e-06,7.0116320785018615e-06,2.2289825665211538e-06
6591,2.111027242790442e-05,2.956069238280179e-06,7.0109554144437425e-06,2.2286494640866295e-06
6592,2.1107811335241422e-05,2.9558159440057352e-06,7.010384251771029e-06,2.228322045993991e-06
6593,2.1105259293108247e-05,2.9555769742728444e-06,7.009623459452996e-06,2.228011680927011e-06
6594,2.110279820044525e-05,2.9553559670603136e-06,7.008999091340229e-06,2.2276885829342064e-06
6595,2.110026434820611e-05,2.955036052298965e-06,7.0085079642012715e-06,2.22734411181591e-06
6596,2.109776141878683e-05,2.9548605198215228e-06,7.007713520579273e-06,2.227037384727737e-06
6597,2.109534398186952e-05,2.954569708890631e-06,7.007181466178736e-06,2.2267186068347655e-06
6598,2.109280103468336e-05,2.954273213617853e-06,7.0065898398752324e-06,2.22638755076332e-06
6599,2.109033812303096e-05,2.9541647563746665e-06,7.005826319073094e-06,2.226069454991375e-06
6600,2.1087842469569296e-05,2.9539339720940916e-06,7.005179213592783e-06,2.225745674877544e-06
6601,2.1085337721160613e-05,2.9535538033087505e-06,7.00472128301044e-06,2.2254125724430196e-06
6602,2.1082774765091017e-05,2.9534198802139144e-06,7.003871360211633e-06,2.2250965230341535e-06
6603,2.1080351871205494e-05,2.953181137854699e-06,7.00333112035878e-06,2.2247681954468135e-06
6604,2.107776526827365e-05,2.952853719762061e-06,7.0027363108238205e-06,2.224435093012289e-06
6605,2.107531690853648e-05,2.9526709113270044e-06,7.002081474638544e-06,2.2241131318878615e-06
6606,2.1072815798106603e-05,2.9523969260480953e-06,7.001472113188356e-06,2.2237893517740304e-06
6607,2.107031650666613e-05,2.9521747819671873e-06,7.000880032137502e-06,2.223452156613348e-06
6608,2.1067784473416395e-05,2.951925353045226e-06,7.000197456363821e-06,2.2231322418519994e-06
6609,2.1065297914901748e-05,2.9516727408918086e-06,6.999591732892441e-06,2.2228066427487647e-06
6610,2.1062804080429487e-05,2.9514362722693477e-06,6.99895008438034e-06,2.22248354475596e-06
6611,2.106024112435989e-05,2.9512395940400893e-06,6.99821657690336e-06,2.222156808784348e-06
6612,2.1057812773506157e-05,2.950975840576575e-06,6.99768315826077e-06,2.2218307549337624e-06
6613,2.1055286197224632e-05,2.950682755908929e-06,6.99706242812681e-06,2.2215081116883084e-06
6614,2.1052770534879528e-05,2.9504706162697403e-06,6.996391221036902e-06,2.2211818304640474e-06
6615,2.105027851939667e-05,2.9502855340979295e-06,6.995718649704941e-06,2.22085486711876e-06
6616,2.1047731934231706e-05,2.949996996903792e-06,6.99509746482363e-06,2.2205274490261218e-06
6617,2.1045249013695866e-05,2.949746203739778e-06,6.994479008426424e-06,2.2202045784069924e-06
6618,2.10427533602342e-05,2.9495149647118524e-06,6.993835086177569e-06,2.2198805709194858e-06
6619,2.104021950799506e-05,2.9493130568880588e-06,6.993170700297924e-06,2.219547241111286e-06
6620,2.1037774786236696e-05,2.94905453301908e-06,6.99258907843614e-06,2.21922618948156e-06
6621,2.103517545037903e-05,2.948746214315179e-06,6.991946520429337e-06,2.218896725025843e-06
6622,2.1032690710853785e-05,2.9485502182069467e-06,6.9912653088977095e-06,2.2185747639014153e-06
6623,2.1030247808084823e-05,2.9483007892849855e-06,6.99071142662433e-06,2.2182471184351016e-06
6624,2.10276703001e-05,2.9480436296580592e-06,6.990058864175808e-06,2.217913333879551e-06
6625,2.1025200112489983e-05,2.9478494525392307e-06,6.989389476075303e-06,2.217592282249825e-06
6626,2.1022708097007126e-05,2.947659822893911e-06,6.988716449995991e-06,2.217266455772915e-06
6627,2.1020152416895144e-05,2.9472726055246312e-06,6.988190762058366e-06,2.216937673438224e-06
6628,2.101765312545467e-05,2.947099574157619e-06,6.98745907357079e-06,2.2166188955452526e-06
6629,2.1015090169385076e-05,2.94687947643979e-06,6.986708285694476e-06,2.216300572399632e-06
6630,2.10126399906585e-05,2.9465411444107303e-06,6.986248990870081e-06,2.2159699710755376e-06
6631,2.101009522448294e-05,2.9463647024385864e-06,6.985440450080205e-06,2.2156580143928295e-06
6632,2.1007548639317974e-05,2.946100721601397e-06,6.984791070863139e-06,2.215331505794893e-06
6633,2.1005093003623188e-05,2.9458456083375495e-06,6.984276296861935e-06,2.2149940832605353e-06
6634,2.1002579160267487e-05,2.945698724943213e-06,6.983484126976691e-06,2.214679398093722e-06
6635,2.100006167893298e-05,2.9453440220095217e-06,6.982961167523172e-06,2.214351070506382e-06
6636,2.0997618776164018e-05,2.9451068712660344e-06,6.982424565649126e-06,2.2140175133245066e-06
6637,2.099496850860305e-05,2.9449468001985224e-06,6.981586921028793e-06,2.213686912000412e-06
6638,2.099251105391886e-05,2.944640755231376e-06,6.981105798331555e-06,2.213352900071186e-06
6639,2.098998083965853e-05,2.944402922366862e-06,6.98043140801019e-06,2.2130293473310303e-06
6640,2.0987456082366407e-05,2.9442205686791567e-06,6.9796897150808945e-06,2.2127089778223308e-06
6641,2.0984858565498143e-05,2.9438674573611934e-06,6.9791371970495675e-06,2.2123708731669467e-06
6642,2.098234836012125e-05,2.943723529824638e-06,6.9783600338269025e-06,2.2120527773950016e-06
6643,2.097990727634169e-05,2.9434872885758523e-06,6.977798420848558e-06,2.2117244498076616e-06
6644,2.0977384338038974e-05,2.9431089387799148e-06,6.9773468567291275e-06,2.2113858904049266e-06
6645,2.0974892322556116e-05,2.9430730137391947e-06,6.976446456974372e-06,2.211074615843245e-06
6646,2.0972322090528905e-05,2.9427158096950734e-06,6.975944415898994e-06,2.2107321910880273e-06
6647,2.0969833713024855e-05,2.9423686100926716e-06,6.975425094424281e-06,2.21040772885317e-06
6648,2.0967372620361857e-05,2.942315404652618e-06,6.974577445362229e-06,2.210095999544137e-06
6649,2.0964744180673733e-05,2.9419975362543482e-06,6.973953077249462e-06,2.2097585770097794e-06
6650,2.0962237613275647e-05,2.94172400572279e-06,6.9733050622744486e-06,2.2094416181062115e-06
6651,2.095963827741798e-05,2.9415391509246547e-06,6.97250061421073e-06,2.209119656981784e-06
6652,2.0957184460712597e-05,2.9412415187834995e-06,6.972005394345615e-06,2.208787691415637e-06
6653,2.0954583305865526e-05,2.9410707611532416e-06,6.971172297198791e-06,2.208468231401639e-06
6654,2.0952064005541615e-05,2.940750391644542e-06,6.970631147851236e-06,2.2081364932091674e-06
6655,2.094955198117532e-05,2.9404975521174492e-06,6.97003815730568e-06,2.2078031634009676e-06
6656,2.0947067241650075e-05,2.940276317531243e-06,6.969353307795245e-06,2.2074875687394524e-06
6657,2.0944506104569882e-05,2.94007986667566e-06,6.968664365558652e-06,2.207152419941849e-06
6658,2.0941952243447304e-05,2.9398306651273742e-06,6.968002708163112e-06,2.2068238649808336e-06
6659,2.0939483874826692e-05,2.939579644589685e-06,6.967381068534451e-06,2.2065046323405113e-06
6660,2.0936940927640535e-05,2.9393281693046447e-06,6.966726687096525e-06,2.206177214247873e-06
6661,2.0934345229761675e-05,2.939108753707842e-06,6.966052751522511e-06,2.2058368358557345e-06
6662,2.0931896870024502e-05,2.9388734219537582e-06,6.965442480577622e-06,2.2055162389733596e-06
6663,2.0929306629113853e-05,2.9386242204054724e-06,6.964728072489379e-06,2.2051908672438003e-06
6664,2.092678187182173e-05,2.9383379569480894e-06,6.96416964274249e-06,2.2048550363251707e-06
6665,2.0924249838571995e-05,2.938138095487375e-06,6.9634361352655105e-06,2.2045348941901466e-06
6666,2.0921685063512996e-05,2.937954604931292e-06,6.962681254663039e-06,2.2042097498342628e-06
6667,2.0919225789839402e-05,2.9376228667388204e-06,6.9622465161955915e-06,2.2038714178052032e-06
6668,2.0916631910949945e-05,2.9374120913416846e-06,6.961443432373926e-06,2.2035551410226617e-06
6669,2.091412534355186e-05,2.9372247354331193e-06,6.960775863262825e-06,2.2032247670722427e-06
6670,2.091160240524914e-05,2.93691982733435e-06,6.96029655955499e-06,2.2028773400961654e-06
6671,2.0909075828967616e-05,2.9366824492171872e-06,6.9595835157088e-06,2.2025617454346502e-06
6672,2.0906511053908616e-05,2.936485316240578e-06,6.958829544601031e-06,2.2022391021891963e-06
6673,2.090402995236218e-05,2.9361888209678e-06,6.958335688977968e-06,2.201900997533812e-06
6674,2.0901425159536302e-05,2.9360155622271122e-06,6.957522600714583e-06,2.201577217419981e-06
6675,2.0898878574371338e-05,2.9357515813899226e-06,6.956817287573358e-06,2.2012620775058167e-06
6676,2.0896306523354724e-05,2.93544235319132e-06,6.9562825046887156e-06,2.200916469519143e-06
6677,2.089385816361755e-05,2.935281372629106e-06,6.9556017479044385e-06,2.200594735768391e-06
6678,2.0891227904940024e-05,2.9350337626965484e-06,6.954873242648318e-06,2.200263907070621e-06
6679,2.0888746803393587e-05,2.934774556706543e-06,6.9543202698696405e-06,2.199930577262421e-06
6680,2.08862911676988e-05,2.9345951588766184e-06,6.953686806809856e-06,2.1996017949277302e-06
6681,2.088369001285173e-05,2.934315489255823e-06,6.953009688004386e-06,2.1992732399667148e-06
6682,2.0881177988485433e-05,2.9340849323489238e-06,6.9523734964604955e-06,2.198944002884673e-06
6683,2.0878582290606573e-05,2.9338441436266294e-06,6.951679097255692e-06,2.1986118099448504e-06
6684,2.0876032067462802e-05,2.9336110856093e-06,6.951008799660485e-06,2.198282345489133e-06
6685,2.08734654734144e-05,2.9333557449717773e-06,6.950358510948718e-06,2.1979501525493106e-06
6686,2.08709516300587e-05,2.933114046754781e-06,6.949702765268739e-06,2.1976270545565058e-06
6687,2.0868395949946716e-05,2.932898951257812e-06,6.949001544853672e-06,2.197299409090192e-06
6688,2.086585845972877e-05,2.9326258754736045e-06,6.94844129611738e-06,2.196958348577027e-06
6689,2.0863291865680367e-05,2.9324123715923633e-06,6.94765094522154e-06,2.196645937146968e-06
6690,2.086078529828228e-05,2.932138158939779e-06,6.947059773665387e-06,2.196317609559628e-06
6691,2.085827145492658e-05,2.93187713396037e-06,6.946495886950288e-06,2.195979504904244e-06
6692,2.0855612092418596e-05,2.931724338850472e-06,6.945615496078972e-06,2.1956545879220357e-06
6693,2.0853152818745002e-05,2.931470817202353e-06,6.945022505533416e-06,2.1953319446765818e-06
6694,2.085058076772839e-05,2.9311170237633632e-06,6.944513643247774e-06,2.194989974668715e-06
6695,2.0847999621764757e-05,2.9309514957276406e-06,6.943668267922476e-06,2.194675971622928e-06
6696,2.084551306325011e-05,2.930791197286453e-06,6.9429888753802516e-06,2.194346507167211e-06
6697,2.0842915546381846e-05,2.930419213953428e-06,6.942481377336662e-06,2.194002945543616e-06
6698,2.0840427168877795e-05,2.930286427726969e-06,6.941666470083874e-06,2.193694626839715e-06
6699,2.0837826014030725e-05,2.9299681045813486e-06,6.941071205801563e-06,2.1933572043053573e-06
6700,2.083531580865383e-05,2.9297027595021063e-06,6.940506409591762e-06,2.193021146013052e-06
6701,2.083272920572199e-05,2.929595893874648e-06,6.939630111446604e-06,2.1927007765043527e-06
6702,2.0830211724387482e-05,2.9292800718394574e-06,6.9390716816997156e-06,2.1923717667959863e-06
6703,2.0827632397413254e-05,2.928961293946486e-06,6.938523711141897e-06,2.192029342040769e-06
6704,2.0825076717301272e-05,2.9288758014445193e-06,6.9376701503642835e-06,2.191706244047964e-06
6705,2.0822570149903186e-05,2.928659569079173e-06,6.937022590136621e-06,2.1913776890869485e-06
6706,2.081997081404552e-05,2.9282202831382165e-06,6.936594672879437e-06,2.191031171605573e-06
6707,2.0817413314944133e-05,2.9281259230629075e-06,6.935681994946208e-06,2.190720806538593e-06
6708,2.0814899471588433e-05,2.927892182924552e-06,6.935078999958932e-06,2.1903856577409897e-06
6709,2.0812316506635398e-05,2.927528612417518e-06,6.934596513019642e-06,2.190038458138588e-06
6710,2.080979902530089e-05,2.9273815016495064e-06,6.933771601325134e-06,2.189729229939985e-06
6711,2.0807083274121396e-05,2.9271291168697644e-06,6.932958058314398e-06,2.189399310736917e-06
6712,2.0804636733373627e-05,2.926799652414047e-06,6.932576070539653e-06,2.1890523385081906e-06
6713,2.08020574063994e-05,2.926673460024176e-06,6.931693405931583e-06,2.188738108088728e-06
6714,2.0799474441446364e-05,2.9264699605846545e-06,6.9309653554228134e-06,2.1884075067646336e-06
6715,2.079702608170919e-05,2.926086608567857e-06,6.93060428602621e-06,2.188067128372495e-06
6716,2.079443402180914e-05,2.926013166870689e-06,6.929683877388015e-06,2.1877472136111464e-06
6717,2.0791845599887893e-05,2.925692115240963e-06,6.929076334927231e-06,2.18741570279235e-06
6718,2.0789293557754718e-05,2.9254097171360627e-06,6.928488801349886e-06,2.1870789623790188e-06
6719,2.078676516248379e-05,2.925215540017234e-06,6.927760296093766e-06,2.1867576833756175e-06
6720,2.0784153093700297e-05,2.925004537246423e-06,6.927014510438312e-06,2.186426627304172e-06
6721,2.0781633793376386e-05,2.924669161075144e-06,6.926527930772863e-06,2.1860871584067354e-06
6722,2.0779094484169036e-05,2.9245811674627475e-06,6.925653451617109e-06,2.1857717911188956e-06
6723,2.0776540623046458e-05,2.9241855372674763e-06,6.925170964677818e-06,2.1854366423212923e-06
6724,2.077391036436893e-05,2.9239877221698407e-06,6.9244447331584524e-06,2.185095809181803e-06
6725,2.077134558930993e-05,2.923831516454811e-06,6.923621185705997e-06,2.1847786229045596e-06
6726,2.0768778995261528e-05,2.9235511647129897e-06,6.923043656570371e-06,2.184436652896693e-06
6727,2.076619421131909e-05,2.9231787266326137e-06,6.922467036929447e-06,2.184109916925081e-06
6728,2.0763740394613706e-05,2.923135298260604e-06,6.921655767655466e-06,2.1837900021637324e-06
6729,2.0761037376360036e-05,2.9227385311969556e-06,6.921063231857261e-06,2.183447122661164e-06
6730,2.0758599930559285e-05,2.9225757316453382e-06,6.9204152168822475e-06,2.1831217509316048e-06
6731,2.0756026060553268e-05,2.922437715824344e-06,6.919603947608266e-06,2.1827968339493964e-06
6732,2.0753428543685004e-05,2.922084604506381e-06,6.919046427356079e-06,2.182459638788714e-06
6733,2.075085649266839e-05,2.9218629151728237e-06,6.918368853803258e-06,2.1821249447384616e-06
6734,2.074828080367297e-05,2.9216637358331354e-06,6.917610789969331e-06,2.181800937250955e-06
6735,2.074573603749741e-05,2.9213581456133397e-06,6.917081464052899e-06,2.181459194616764e-06
6736,2.0743138520629145e-05,2.9211819310148712e-06,6.91627155902097e-06,2.181137006118661e-06
6737,2.074057556455955e-05,2.920925908256322e-06,6.9156085373833776e-06,2.18080822378397e-06
6738,2.0738039893331006e-05,2.9206039471318945e-06,6.9150801209616475e-06,2.180471255996963e-06
6739,2.073538962577004e-05,2.9204550173744792e-06,6.914211553521454e-06,2.1801447473990265e-06
6740,2.0732808479806408e-05,2.9202187761256937e-06,6.9135339799686335e-06,2.179810962843476e-06
6741,2.0730283722514287e-05,2.919949110946618e-06,6.912912795087323e-06,2.1794844542455394e-06
6742,2.072770075756125e-05,2.919706048487569e-06,6.912221579113975e-06,2.179154307668796e-06
6743,2.072510505968239e-05,2.9194654871389503e-06,6.911537639098242e-06,2.178820523113245e-06
6744,2.0722576664411463e-05,2.9192844976932975e-06,6.910801857884508e-06,2.1784981072414666e-06
6745,2.0720048269140534e-05,2.9189618544478435e-06,6.91029526933562e-06,2.1781584109703545e-06
6746,2.0717412553494796e-05,2.9187453947088216e-06,6.90952583681792e-06,2.1778284917672863e-06
6747,2.0714827769552357e-05,2.9185223411332117e-06,6.9087973315618e-06,2.1775017557956744e-06
6748,2.071224298560992e-05,2.9182672278693644e-06,6.908152045070892e-06,2.177165015382343e-06
6749,2.0709665477625094e-05,2.918056679845904e-06,6.907416263857158e-06,2.1768385067844065e-06
6750,2.0707084331661463e-05,2.917796109613846e-06,6.9067091317265294e-06,2.176515636165277e-06
6751,2.070453410851769e-05,2.9175516829127446e-06,6.9060843088664114e-06,2.176179577872972e-06
6752,2.0701929315691814e-05,2.917330220952863e-06,6.905344434926519e-06,2.175850795538281e-06
6753,2.069940273941029e-05,2.917144684033701e-06,6.9046300268382765e-06,2.175525423808722e-06
6754,2.0696825231425464e-05,2.9167995307943784e-06,6.9041298047523014e-06,2.1751793610746972e-06
6755,2.0694220438599586e-05,2.9166017156967428e-06,6.903361281729303e-06,2.174851488234708e-06
6756,2.0691557438112795e-05,2.9163895760575542e-06,6.902579116285779e-06,2.1745177036791574e-06
6757,2.068908725050278e-05,2.9161415113776457e-06,6.9020707087474875e-06,2.17417527892394e-06
6758,2.0686427887994796e-05,2.91582045974792e-06,6.901346750964876e-06,2.173852180931135e-06
6759,2.0683903130702674e-05,2.9156585696910042e-06,6.900643256813055e-06,2.1735204427386634e-06
6760,2.0681338355643675e-05,2.915438471973175e-06,6.899971594975796e-06,2.1731855213147355e-06
6761,2.0678675355156884e-05,2.915109462264809e-06,6.89928128849715e-06,2.17285696635372e-06
6762,2.0676112399087287e-05,2.914899141615024e-06,6.898576430103276e-06,2.172527501898003e-06
6763,2.0673585822805762e-05,2.9147342957003275e-06,6.897891580592841e-06,2.172192125726724e-06
6764,2.067094828817062e-05,2.9143961910449434e-06,6.897315870446619e-06,2.1718469724874012e-06
6765,2.0668299839599058e-05,2.9142131552362116e-06,6.896422291902127e-06,2.171532969441614e-06
6766,2.0665882402681746e-05,2.914028073064401e-06,6.895852038724115e-06,2.171200549128116e-06
6767,2.066324850602541e-05,2.913633124990156e-06,6.895322258060332e-06,2.170858806493925e-06
6768,2.066063098027371e-05,2.9134887427062495e-06,6.894478701724438e-06,2.170532525269664e-06
6769,2.0657993445638567e-05,2.913252046710113e-06,6.893784302519634e-06,2.1701916921301745e-06
6770,2.0655570551753044e-05,2.912935542553896e-06,6.893345016578678e-06,2.169857907574624e-06
6771,2.0652802049880847e-05,2.9127311336196726e-06,6.892386409163009e-06,2.1695366285712225e-06
6772,2.0650302758440375e-05,2.9125505989213707e-06,6.8917934186174534e-06,2.1691919300792506e-06
6773,2.0647701603593305e-05,2.912243417085847e-06,6.891183147672564e-06,2.1688549622922437e-06
6774,2.06450822588522e-05,2.912076752181747e-06,6.890269105497282e-06,2.1685470983356936e-06
6775,2.0642557501560077e-05,2.9117670692357933e-06,6.889785254315939e-06,2.168201035601669e-06
6776,2.0639898139052093e-05,2.911587898779544e-06,6.888963980600238e-06,2.167869070035522e-06
6777,2.0637335182982497e-05,2.9113386972312583e-06,6.888286861794768e-06,2.167541879316559e-06
6778,2.0634717657230794e-05,2.9110278774169274e-06,6.887670224386966e-06,2.167203774661175e-06
6779,2.0632156520150602e-05,2.9109237402735744e-06,6.8868671405653e-06,2.166873400710756e-06
6780,2.0629528080462478e-05,2.910616331064375e-06,6.886226401547901e-06,2.1665371150447754e-06
6781,2.062696876237169e-05,2.910315060944413e-06,6.885622497065924e-06,2.166206513720681e-06
6782,2.0624400349333882e-05,2.910210014306358e-06,6.8847439251840115e-06,2.165889100069762e-06
6783,2.0621799194486812e-05,2.9098532650095876e-06,6.884240065119229e-06,2.1655409909726586e-06
6784,2.0619201677618548e-05,2.909667728090426e-06,6.883471542096231e-06,2.165212436011643e-06
6785,2.0616702386178076e-05,2.9094294404785614e-06,6.882798516016919e-06,2.164894794987049e-06
6786,2.0614017557818443e-05,2.90914408651588e-06,6.882153229526011e-06,2.1645441847795155e-06
6787,2.0611401851056144e-05,2.9089940198900877e-06,6.8813469624728896e-06,2.1642122192133684e-06
6788,2.0608846170944162e-05,2.908719807237503e-06,6.880685759824701e-06,2.1638882117258618e-06
6789,2.0606263205991127e-05,2.9083553272357676e-06,6.880170076328795e-06,2.1635473785863724e-06
6790,2.0603631128324196e-05,2.908309852500679e-06,6.879196007503197e-06,2.163224962714594e-06
6791,2.0601133655873127e-05,2.9080008516757516e-06,6.8787076088483445e-06,2.1628850390698062e-06
6792,2.0598408809746616e-05,2.9077125418552896e-06,6.877899068058468e-06,2.1625594399665715e-06
6793,2.0595867681549862e-05,2.907456291723065e-06,6.877263331261929e-06,2.162229748137179e-06
6794,2.0593246517819352e-05,2.907272119045956e-06,6.876544375700178e-06,2.1618859591399087e-06
6795,2.05906544579193e-05,2.90706884698011e-06,6.875782219140092e-06,2.161560814784025e-06
6796,2.058807513094507e-05,2.9067218747513834e-06,6.875237886561081e-06,2.1612231648759916e-06
6797,2.058549944194965e-05,2.90655589196831e-06,6.874483915453311e-06,2.160891881430871e-06
6798,2.0582843717420474e-05,2.9063971851428505e-06,6.873691745568067e-06,2.1605510482913814e-06
6799,2.0580248019541614e-05,2.906034751504194e-06,6.873173333588056e-06,2.1602079414151376e-06
6800,2.0577641407726333e-05,2.90583784590126e-06,6.872373887745198e-06,2.1598857529170346e-06
6801,2.0575011149048805e-05,2.9055902359687025e-06,6.871699042676482e-06,2.1595444650301943e-06
6802,2.0572420908138156e-05,2.9053692287561717e-06,6.871028745081276e-06,2.159204768759082e-06
6803,2.0569810658344068e-05,2.905161636590492e-06,6.870238394185435e-06,2.158882125513628e-06
6804,2.056728772004135e-05,2.904769189626677e-06,6.8698200266226195e-06,2.158539928132086e-06
6805,2.0564631995512173e-05,2.9047141651972197e-06,6.868831405881792e-06,2.1582175122603076e-06
6806,2.0562023564707488e-05,2.9044479106232757e-06,6.868192031106446e-06,2.1578769064944936e-06
6807,2.055936784017831e-05,2.9041077596048126e-06,6.867562660772819e-06,2.157539483960136e-06
6808,2.055682853097096e-05,2.9039347282378003e-06,6.866778676339891e-06,2.1572227524302434e-06
6809,2.055415461654775e-05,2.903678023358225e-06,6.866097919555614e-06,2.1568760075751925e-06
6810,2.0551571651594713e-05,2.9034865747235017e-06,6.8653980633825995e-06,2.156537675546133e-06
6811,2.0548995962599292e-05,2.90317530016182e-06,6.864700026198989e-06,2.1562241272476967e-06
6812,2.054640935966745e-05,2.902953156080912e-06,6.864051101729274e-06,2.1558812477451283e-06
6813,2.0543739083223045e-05,2.902729647757951e-06,6.863306225568522e-06,2.155540414605639e-06
6814,2.054116157523822e-05,2.902521373471245e-06,6.862557256681612e-06,2.1552164071181323e-06
6815,2.0538644093903713e-05,2.9021864520473173e-06,6.862081136205234e-06,2.1548753466049675e-06
6816,2.0535966541501693e-05,2.9019752219028305e-06,6.861285328341182e-06,2.1545413346757414e-06
6817,2.0533305360004306e-05,2.9018526674917666e-06,6.8603876570705324e-06,2.154213234462077e-06
6818,2.0530726033030078e-05,2.90143884740246e-06,6.859975655970629e-06,2.153862396880868e-06
6819,2.05280703085009e-05,2.9013099265284836e-06,6.859062068542698e-06,2.153539753635414e-06
6820,2.052544368780218e-05,2.9010691378061892e-06,6.85840132064186e-06,2.153194600396091e-06
6821,2.0522877093753777e-05,2.900798563132412e-06,6.857767402834725e-06,2.152862180082593e-06
6822,2.0520274119917303e-05,2.900588242482627e-06,6.8569706854759715e-06,2.1525431748159463e-06
6823,2.0517643861239776e-05,2.9002899282204453e-06,6.856372692709556e-06,2.15219620258722e-06
6824,2.0515033611445688e-05,2.9000998438277747e-06,6.855601441202452e-06,2.151866510757827e-06
6825,2.051247065537609e-05,2.8999161258980166e-06,6.85478971718112e-06,2.1515531898330664e-06
6826,2.0509778551058844e-05,2.899519358834368e-06,6.8542753979272675e-06,2.151196895283647e-06
6827,2.0507228327915072e-05,2.899397713918006e-06,6.8534704951161984e-06,2.150872205675114e-06
6828,2.050463081104681e-05,2.8991692033741856e-06,6.852726528450148e-06,2.1505468339455547e-06
6829,2.0501918697846122e-05,2.8988229132664856e-06,6.85210670781089e-06,2.1501978153537493e-06
6830,2.0499341189861298e-05,2.8986760298721492e-06,6.851324542367365e-06,2.149867896150681e-06
6831,2.0496740035014227e-05,2.898400907724863e-06,6.850712452433072e-06,2.1495252440217882e-06
6832,2.049412978522014e-05,2.898136699513998e-06,6.8500335146381985e-06,2.1491919142135885e-06
6833,2.0491546820267104e-05,2.8979713988519507e-06,6.849258170404937e-06,2.1488635866262484e-06
6834,2.048881651717238e-05,2.897651938837953e-06,6.848584234830923e-06,2.1485159322764957e-06
6835,2.0486295397859067e-05,2.8974470751563786e-06,6.847940312582068e-06,2.148181692973594e-06
6836,2.0483559637796134e-05,2.8972367545065936e-06,6.847048098279629e-06,2.1478549570019823e-06
6837,2.0481045794440433e-05,2.8969036520720692e-06,6.8465888034552336e-06,2.147510713257361e-06
6838,2.0478488295339048e-05,2.8968340757273836e-06,6.845728421467356e-06,2.1471851141541265e-06
6839,2.0475748897297308e-05,2.8964502689632354e-06,6.845056759630097e-06,2.1468486011144705e-06
6840,2.0473176846280694e-05,2.896256546591758e-06,6.844336439826293e-06,2.1465170902956743e-06
6841,2.047057932941243e-05,2.896037130994955e-06,6.8436211222433485e-06,2.1461842152348254e-06
6842,2.046795816568192e-05,2.8957413178432034e-06,6.842994025646476e-06,2.145844518963713e-06
6843,2.0465276975301094e-05,2.8955419111298397e-06,6.842164111731108e-06,2.145514145013294e-06
6844,2.0462739485083148e-05,2.895314310080721e-06,6.841540198365692e-06,2.1451771772262873e-06
6845,2.0460060113691725e-05,2.8950498744961806e-06,6.840804871899309e-06,2.1448408915603068e-06
6846,2.0457424398045987e-05,2.89491617877502e-06,6.839971320005134e-06,2.1445073343784316e-06
6847,2.0454772311495617e-05,2.8944782570761163e-06,6.839489287813194e-06,2.144160816897056e-06
6848,2.045220389845781e-05,2.8944323275936767e-06,6.838600711489562e-06,2.1438343082991196e-06
6849,2.044958819169551e-05,2.894150838983478e-06,6.837983619334409e-06,2.143490746675525e-06
6850,2.0446972484933212e-05,2.893809778470313e-06,6.83743519402924e-06,2.143145593436202e-06
6851,2.0444389519980177e-05,2.8937818115082337e-06,6.83645021126722e-06,2.1428318177640904e-06
6852,2.0441719243535772e-05,2.893342298193602e-06,6.836041848146124e-06,2.1424671103886794e-06
6853,2.043907079496421e-05,2.8932379336765734e-06,6.835119165771175e-06,2.142142648153822e-06
6854,2.0436451450223103e-05,2.892951897592866e-06,6.834430678281933e-06,2.1418136384454556e-06
6855,2.0433855752344243e-05,2.8926951927132905e-06,6.833797669969499e-06,2.1414725779322907e-06
6856,2.043125277850777e-05,2.8925167043780675e-06,6.83302368997829e-06,2.141142431355547e-06
6857,2.042852429440245e-05,2.8922333967784652e-06,6.832231065345695e-06,2.140812057405128e-06
6858,2.0425910406629555e-05,2.891994199671899e-06,6.8315571297716815e-06,2.1404716790129896e-06
6859,2.042330743279308e-05,2.8917784220539033e-06,6.830806341895368e-06,2.140144488294027e-06
6860,2.0420549844857305e-05,2.8914880658703623e-06,6.830028723925352e-06,2.1398068383859936e-06
6861,2.041793595708441e-05,2.8912184006912867e-06,6.829345693404321e-06,2.1394744180724956e-06
6862,2.0415471226442605e-05,2.891071289923275e-06,6.8287013164081145e-06,2.1391394966485677e-06
6863,2.041277548414655e-05,2.8907970772706904e-06,6.8280005507403985e-06,2.1387957076512976e-06
6864,2.041014340647962e-05,2.8905119506816845e-06,6.827333436376648e-06,2.1384596493589925e-06
6865,2.040747131104581e-05,2.8904225928272353e-06,6.826393473602366e-06,2.1381308670243016e-06
6866,2.040481922449544e-05,2.889989900722867e-06,6.825971468060743e-06,2.1377718439907767e-06
6867,2.0402239897521213e-05,2.889896677515935e-06,6.825086074968567e-06,2.1374517018557526e-06
6868,2.0399573259055614e-05,2.8896017738588853e-06,6.824412139394553e-06,2.1371120055846404e-06
6869,2.039699575107079e-05,2.8893530270579504e-06,6.823777312092716e-06,2.1367729914345546e-06
6870,2.0394327293615788e-05,2.8891565762023674e-06,6.822928298788611e-06,2.136448529199697e-06
6871,2.0391760699567385e-05,2.888848030124791e-06,6.82239442539867e-06,2.1361036033340497e-06
6872,2.038913589785807e-05,2.8886820473417174e-06,6.821586339356145e-06,2.1357736841309816e-06
6873,2.0386421965667978e-05,2.8884508083137916e-06,6.82079371472355e-06,2.135435806849273e-06
6874,2.0383835362736136e-05,2.888149310820154e-06,6.820239377702819e-06,2.1350892893678974e-06
6875,2.0381105059641413e-05,2.888017434088397e-06,6.819274858571589e-06,2.1347625533962855e-06
6876,2.03785330086248e-05,2.8876770556962583e-06,6.8187641772965435e-06,2.1344183096516645e-06
6877,2.0375784515636042e-05,2.8874446797999553e-06,6.8179388108546846e-06,2.134080432369956e-06
6878,2.037325975834392e-05,2.8872816528746625e-06,6.817213488830021e-06,2.133752786903642e-06
6879,2.0370549464132637e-05,2.8869674224552e-06,6.816605946369236e-06,2.13339512811217e-06
6880,2.0367942852317356e-05,2.8867839318991173e-06,6.815824690420413e-06,2.13306680052483e-06
6881,2.0365350792417303e-05,2.886539050450665e-06,6.815096185164293e-06,2.1327430204109987e-06
6882,2.0362684153951705e-05,2.886246193156694e-06,6.81447909300914e-06,2.1323919554561144e-06
6883,2.036005025729537e-05,2.8861300052085426e-06,6.813602340116631e-06,2.13206385524245e-06
6884,2.035738179984037e-05,2.8857662073278334e-06,6.812971150793601e-06,2.131728933818522e-06
6885,2.0354753360152245e-05,2.885535650420934e-06,6.812205356254708e-06,2.1314024252205854e-06
6886,2.035208308370784e-05,2.8853344247181667e-06,6.811433195252903e-06,2.131063183696824e-06
6887,2.0349474652903154e-05,2.885058620449854e-06,6.810816557845101e-06,2.130719849446905e-06
6888,2.0346775272628292e-05,2.8848814963566838e-06,6.809918886574451e-06,2.130395159838372e-06
6889,2.034406497841701e-05,2.8846197892562486e-06,6.80916946294019e-06,2.130055008819909e-06
6890,2.0341558411018923e-05,2.884340347009129e-06,6.808636953792302e-06,2.129716449417174e-06
6891,2.033880809904076e-05,2.884183913920424e-06,6.80772291161702e-06,2.1293801637511933e-06
6892,2.03362633328652e-05,2.8838562684541102e-06,6.8072768044658005e-06,2.1290259155648528e-06
6893,2.0333505744929425e-05,2.8836700494139222e-06,6.8063718572375365e-06,2.1286928131303284e-06
6894,2.033101554843597e-05,2.8833767373726005e-06,6.805842531321105e-06,2.1283590285747778e-06
6895,2.0328308892203495e-05,2.883260549424449e-06,6.804948498029262e-06,2.1280202417983674e-06
6896,2.0325636796769686e-05,2.8829397251683986e-06,6.804265922255581e-06,2.1276862298691412e-06
6897,2.0322990167187527e-05,2.8826673315052176e-06,6.803525593568338e-06,2.127359266523854e-06
6898,2.032037627941463e-05,2.882529543057899e-06,6.802737516409252e-06,2.127021843989496e-06
6899,2.031775875366293e-05,2.882257149394718e-06,6.802071766287554e-06,2.1266860130708665e-06
6900,2.031505027844105e-05,2.881959517253563e-06,6.801350536989048e-06,2.126348135789158e-06
6901,2.031236726907082e-05,2.881801037801779e-06,6.800516530347522e-06,2.1260100311337737e-06
6902,2.03098443307681e-05,2.8814997676818166e-06,6.800023584219161e-06,2.1256641957734246e-06
6903,2.030709947575815e-05,2.881280352085014e-06,6.799115908506792e-06,2.1253408704069443e-06
6904,2.0304489225964062e-05,2.881054115277948e-06,6.7984774432261474e-06,2.124991397067788e-06
6905,2.03017898456892e-05,2.8808431125071365e-06,6.7977161961607635e-06,2.1246462438284652e-06
6906,2.0299125026213005e-05,2.880575038943789e-06,6.796968591515906e-06,2.1243160972517217e-06
6907,2.0296471120673232e-05,2.880364718294004e-06,6.796282832510769e-06,2.123964804923162e-06
6908,2.0293877241783775e-05,2.8801109692722093e-06,6.795591616537422e-06,2.1236348857200937e-06
6909,2.0291205146349967e-05,2.879890644180705e-06,6.794827186240582e-06,2.1232976905594114e-06
6910,2.0288525774958543e-05,2.8796057449653745e-06,6.794157343392726e-06,2.1229525373200886e-06
6911,2.028592280112207e-05,2.8794113404728705e-06,6.793385182390921e-06,2.1226251192274503e-06
6912,2.02831688511651e-05,2.8791271233785665e-06,6.792618478357326e-06,2.1222845134616364e-06
6913,2.0280611352063715e-05,2.878996610888862e-06,6.791859050281346e-06,2.121950956279761e-06
6914,2.0277962903492153e-05,2.8786828352167504e-06,6.79126605973579e-06,2.121602619808982e-06
6915,2.0275154383853078e-05,2.8784038477169815e-06,6.790355655539315e-06,2.1212790670688264e-06
6916,2.0272567780921236e-05,2.8782139906979864e-06,6.789699000364635e-06,2.1209307305980474e-06
6917,2.0269972083042376e-05,2.8779754757124465e-06,6.789067811041605e-06,2.1205858047324e-06
6918,2.0267343643354252e-05,2.877747419915977e-06,6.788289283576887e-06,2.120261569871218e-06
6919,2.0264591512386687e-05,2.8774916245311033e-06,6.7875425884267315e-06,2.1199114144110354e-06
6920,2.0262032194295898e-05,2.8772951736755203e-06,6.786836365790805e-06,2.11958035833959e-06
6921,2.0259307348169386e-05,2.8771039524144726e-06,6.785930054320488e-06,2.11925453186268e-06
6922,2.0256531570339575e-05,2.8767269668605877e-06,6.785267032682896e-06,2.1189075596339535e-06
6923,2.0253930415492505e-05,2.876539383578347e-06,6.784491688449634e-06,2.11857991416764e-06
6924,2.0251354726497084e-05,2.876356802516966e-06,6.783777280361392e-06,2.1182443106226856e-06
6925,2.0248666260158643e-05,2.8760778150171973e-06,6.783118806197308e-06,2.1178939277888276e-06
6926,2.0246003259671852e-05,2.8758101962012006e-06,6.78240166962496e-06,2.1175583242438734e-06
6927,2.0243320250301622e-05,2.8756035135302227e-06,6.781549018342048e-06,2.117233407261665e-06
6928,2.0240633602952585e-05,2.875398877222324e-06,6.7808318817697e-06,2.1168807506910525e-06
6929,2.0238063370925374e-05,2.8750935143762035e-06,6.780271633033408e-06,2.1165396901778877e-06
6930,2.0235318515915424e-05,2.8749343528033933e-06,6.779317573091248e-06,2.1162134089536266e-06
6931,2.023260822170414e-05,2.8745769213855965e-06,6.778752322134096e-06,2.115855522788479e-06
6932,2.0230076188454404e-05,2.874475512726349e-06,6.778003807994537e-06,2.115519464496174e-06
6933,2.022739136009477e-05,2.8742829272232484e-06,6.777113412681501e-06,2.11519932236115e-06
6934,2.022471744567156e-05,2.8738463697663974e-06,6.776647751394194e-06,2.1148446194274584e-06
6935,2.0221996237523854e-05,2.8738422770402394e-06,6.775575457140803e-06,2.1145158370927675e-06
6936,2.021934778895229e-05,2.8735005344060482e-06,6.775027031835634e-06,2.1141638626431813e-06
6937,2.0216688426444307e-05,2.8731958536809543e-06,6.774339453841094e-06,2.113830760208657e-06
6938,2.0213967218296602e-05,2.8730491976602934e-06,6.7734276854025666e-06,2.113497885147808e-06
6939,2.02113496925449e-05,2.8727415610774187e-06,6.772908818675205e-06,2.113139771608985e-06
6940,2.020870306296274e-05,2.8725480660796165e-06,6.772103006369434e-06,2.1128105345269432e-06
6941,2.0206027329550125e-05,2.8722859042318305e-06,6.771348580514314e-06,2.112478568960796e-06
6942,2.0203391613904387e-05,2.8720448881358607e-06,6.770675554435002e-06,2.1121340978424996e-06
6943,2.020071588049177e-05,2.8719061901938403e-06,6.769825631636195e-06,2.1117969026818173e-06
6944,2.019805833697319e-05,2.871613105526194e-06,6.769153515051585e-06,2.111458115905407e-06
6945,2.0195311662973836e-05,2.8713077426800737e-06,6.768398634449113e-06,2.1111211481184e-06
6946,2.019259409280494e-05,2.871117658287403e-06,6.767569175281096e-06,2.1107816792209633e-06
6947,2.0189992937957868e-05,2.870922116926522e-06,6.7668952397070825e-06,2.1104353891132632e-06
6948,2.0187253539916128e-05,2.8705981094390154e-06,6.766133083146997e-06,2.1101045604154933e-06
6949,2.01846232812386e-05,2.870425987566705e-06,6.765306352463085e-06,2.1097782791912323e-06
6950,2.018192390096374e-05,2.870141770472401e-06,6.764667887182441e-06,2.10942312151019e-06
6951,2.017929728026502e-05,2.8699814720312133e-06,6.763846158719389e-06,2.1090936570544727e-06
6952,2.0176619727863e-05,2.8696154004137497e-06,6.763239525753306e-06,2.1087528239149833e-06
6953,2.0173964003333822e-05,2.8694803404505365e-06,6.762442353647202e-06,2.1084081254230114e-06
6954,2.017130100284703e-05,2.8692450086964527e-06,6.761739768990083e-06,2.108063199557364e-06
6955,2.0168590708635747e-05,2.8689792088698596e-06,6.76096897223033e-06,2.107728732880787e-06
6956,2.0165887690382078e-05,2.868741830752697e-06,6.760208634659648e-06,2.1073872176202713e-06
6957,2.016321559494827e-05,2.8685528832284035e-06,6.759427378710825e-06,2.107047066601808e-06
6958,2.0160545318503864e-05,2.8682795800705208e-06,6.7587525336421095e-06,2.1067025954835117e-06
6959,2.015788595599588e-05,2.8680208288278664e-06,6.758013114449568e-06,2.106370402543689e-06
6960,2.015514110098593e-05,2.867812781914836e-06,6.7571982071967795e-06,2.1060259314253926e-06
6961,2.0152572687948123e-05,2.867581997634261e-06,6.756571565347258e-06,2.1056837340438506e-06
6962,2.014985693676863e-05,2.8673007363977376e-06,6.755783033440821e-06,2.105354724335484e-06
6963,2.014723577303812e-05,2.867070179490838e-06,6.755127287760843e-06,2.105007752106758e-06
6964,2.014447090914473e-05,2.8668666800513165e-06,6.754280548193492e-06,2.1046648726041894e-06
6965,2.0141833374509588e-05,2.8666199796134606e-06,6.7535493144532666e-06,2.104332679664367e-06
6966,2.013914127019234e-05,2.8663489501923323e-06,6.75282262818655e-06,2.103993665514281e-06
6967,2.01364528038539e-05,2.866183649530285e-06,6.7519995354814455e-06,2.103653969243169e-06
6968,2.0133771613473073e-05,2.865929218387464e-06,6.751271939720027e-06,2.1033142729720566e-06
6969,2.013117955357302e-05,2.86564750240359e-06,6.750631655449979e-06,2.102980033669155e-06
6970,2.0128418327658437e-05,2.8654153538809624e-06,6.74978582537733e-06,2.1026432932558237e-06
6971,2.01257316803094e-05,2.8652107175730634e-06,6.7490318542695604e-06,2.1022979126428254e-06
6972,2.0123050489928573e-05,2.8649387786572333e-06,6.748308805981651e-06,2.101960262734792e-06
6973,2.0120380213484168e-05,2.8646757073147455e-06,6.747579391230829e-06,2.1016248865635134e-06
6974,2.011769902310334e-05,2.8645172278629616e-06,6.74675902700983e-06,2.1012847355450504e-06
6975,2.011503602261655e-05,2.8642252800636925e-06,6.74614329909673e-06,2.1009334432164906e-06
6976,2.0112362108193338e-05,2.8641272820095764e-06,6.745215614500921e-06,2.1006039787607733e-06
6977,2.0109606339246966e-05,2.8636579827434616e-06,6.744694474036805e-06,2.10025086744281e-06
6978,2.010686876019463e-05,2.863586360035697e-06,6.743733138137031e-06,2.099909806929645e-06
6979,2.01043403649237e-05,2.8633551210077712e-06,6.743122412444791e-06,2.0995723843952874e-06
6980,2.0101591871934943e-05,2.8629976895899745e-06,6.742469849996269e-06,2.09922495741921e-06
6981,2.00989015866071e-05,2.862901055777911e-06,6.741558536305092e-06,2.0988886717532296e-06
6982,2.00961840164382e-05,2.862575229301001e-06,6.740910521330079e-06,2.0985398805350997e-06
6983,2.0093451894354075e-05,2.8623205707845045e-06,6.740120625181589e-06,2.0982022306270665e-06
6984,2.009085801546462e-05,2.8621327601285884e-06,6.739364835084416e-06,2.0978723114239983e-06
6985,2.0088153178221546e-05,2.86182330455631e-06,6.73871045364649e-06,2.0975239749532193e-06
6986,2.008541559916921e-05,2.861612983906525e-06,6.7378605308476835e-06,2.0971885987819405e-06
6987,2.0082803530385718e-05,2.8614838356588734e-06,6.737022886227351e-06,2.0968591343262233e-06
6988,2.00800241145771e-05,2.8610561457753647e-06,6.736429895681795e-06,2.0965073872503126e-06
6989,2.0077373847016133e-05,2.8610338631551713e-06,6.7354176280787215e-06,2.0961845166311832e-06
6990,2.007473449339159e-05,2.86069712274184e-06,6.734871021762956e-06,2.095833451676299e-06
6991,2.0071925973752514e-05,2.8603747068700613e-06,6.734099315508502e-06,2.0954905721737305e-06
6992,2.0069295715074986e-05,2.8602860311366385e-06,6.733213012921624e-06,2.0951590613549342e-06
6993,2.0066519937245175e-05,2.8599017696251394e-06,6.732602741976734e-06,2.09480299417919e-06
6994,2.006388604058884e-05,2.8598171866178745e-06,6.73167733111768e-06,2.0944780771969818e-06
6995,2.0061261238879524e-05,2.859471578631201e-06,6.731110261171125e-06,2.0941358798154397e-06
6996,2.005850910791196e-05,2.859253754650126e-06,6.730276254529599e-06,2.0937957287969766e-06
6997,2.0055813365615904e-05,2.8590432066266658e-06,6.72952774039004e-06,2.0934487565682502e-06
6998,2.005310307140462e-05,2.8588117402250646e-06,6.728740117978305e-06,2.09310996979184e-06
6999,2.0050467355758883e-05,2.8584604478965048e-06,6.7281757765158545e-06,2.0927661807945697e-06
7000,2.0047809812240303e-05,2.85840928881953e-06,6.727172149112448e-06,2.0924455839121947e-06
7001,2.004507405217737e-05,2.8580334401340224e-06,6.7266259975440335e-06,2.092083150273538e-06
7002,2.0042398318764754e-05,2.8578554065461503e-06,6.725746061420068e-06,2.091759370159707e-06
7003,2.003970803343691e-05,2.857593017324689e-06,6.724980266881175e-06,2.091426949846209e-06
7004,2.0036961359437555e-05,2.8574052066687727e-06,6.724193553964142e-06,2.0910727016598685e-06
7005,2.003428016905673e-05,2.857115532606258e-06,6.7234814196126536e-06,2.090736415993888e-06
7006,2.003154077101499e-05,2.856874971257639e-06,6.722657417412847e-06,2.090401949317311e-06
7007,2.0028921426273882e-05,2.8566207674884936e-06,6.722058969899081e-06,2.0900481558783213e-06
7008,2.00262111320626e-05,2.8563970317918574e-06,6.7212704379926436e-06,2.08970891435456e-06
7009,2.0023529941681772e-05,2.856202854673029e-06,6.72044279781403e-06,2.0893771761620883e-06
7010,2.002075780183077e-05,2.8558929443534e-06,6.719763405271806e-06,2.089019972117967e-06
7011,2.0018069335492328e-05,2.8556855795613956e-06,6.718953954987228e-06,2.0886857328150654e-06
7012,2.0015389964100905e-05,2.8555198241519975e-06,6.718127224303316e-06,2.088348537654383e-06
7013,2.0012616005260497e-05,2.8551849027280696e-06,6.717448286508443e-06,2.0879963358311215e-06
7014,2.000997119466774e-05,2.854952754205442e-06,6.716696134390077e-06,2.0876643702649744e-06
7015,2.0007310013170354e-05,2.854778358596377e-06,6.71590260026278e-06,2.0873258108622395e-06
7016,2.000453241635114e-05,2.8544902761495905e-06,6.71517409500666e-06,2.0869733816653024e-06
7017,2.0001802113256417e-05,2.854282683983911e-06,6.7142973421141505e-06,2.086644371956936e-06
7018,1.9999175492557697e-05,2.853996420526528e-06,6.7136843426851556e-06,2.086298991343938e-06
7019,1.9996496121166274e-05,2.853826117643621e-06,6.712902631988982e-06,2.0859536107309395e-06
7020,1.9993758542113937e-05,2.8535730507428525e-06,6.7120904532202985e-06,2.0856191440543626e-06
7021,1.9991024601040408e-05,2.853252681234153e-06,6.711380592605565e-06,2.085278310914873e-06
7022,1.9988350686617196e-05,2.8530789677461144e-06,6.7106084316037595e-06,2.084932475554524e-06
7023,1.9985545804956928e-05,2.8528979783004615e-06,6.709698936901987e-06,2.0845900507993065e-06
7024,1.9982988305855542e-05,2.852556008292595e-06,6.709191893605748e-06,2.0842478534177644e-06
7025,1.9980187062174082e-05,2.8523613764264155e-06,6.708240107400343e-06,2.08391725209367e-06
7026,1.9977593183284625e-05,2.8521931199065875e-06,6.707569809805136e-06,2.0835661871387856e-06
7027,1.9974864699179307e-05,2.851856834240607e-06,6.706909516651649e-06,2.08321966965741e-06
7028,1.997213803406339e-05,2.8516703878267435e-06,6.705970918119419e-06,2.0828993001487106e-06
7029,1.9969462300650775e-05,2.851384806490387e-06,6.705372015858302e-06,2.082541413983563e-06
7030,1.9966726540587842e-05,2.8512595235952176e-06,6.704410679958528e-06,2.082211494780495e-06
7031,1.996387800318189e-05,2.8509218736871844e-06,6.703588042000774e-06,2.0818733901251107e-06
7032,1.996131322812289e-05,2.8505694444902474e-06,6.7031105572823435e-06,2.08152664527006e-06
7033,1.9958521079388447e-05,2.850596501957625e-06,6.7019409470958635e-06,2.0811967260669917e-06
7034,1.995582351810299e-05,2.850166083590011e-06,6.701473466819152e-06,2.080836793538765e-06
7035,1.995318780245725e-05,2.8499857762653846e-06,6.700601261400152e-06,2.0805200620088726e-06
7036,1.995041748159565e-05,2.8497790935944067e-06,6.699772711726837e-06,2.0801733171538217e-06
7037,1.9947696273447946e-05,2.8495223887148313e-06,6.699120604025666e-06,2.0798106561414897e-06
7038,1.9944996893173084e-05,2.8493382160377223e-06,6.698205197608331e-06,2.0794905140064657e-06
7039,1.9942295693908818e-05,2.8489448595792055e-06,6.69766086502932e-06,2.0791380848095287e-06
7040,1.993948535528034e-05,2.84881889456301e-06,6.696688160445774e-06,2.078795660054311e-06
7041,1.993691512325313e-05,2.848667008947814e-06,6.696015589113813e-06,2.0784464140888304e-06
7042,1.9934197553084232e-05,2.8482625111792004e-06,6.695410775137134e-06,2.0781048988283146e-06
7043,1.993143087020144e-05,2.848123358489829e-06,6.694457624689676e-06,2.0777697500307113e-06
7044,1.992870238609612e-05,2.847885752998991e-06,6.693773684673943e-06,2.0774086806341074e-06
7045,1.9926032109651715e-05,2.847672931238776e-06,6.692966053378768e-06,2.0770783066836884e-06
7046,1.992325996980071e-05,2.8473607471823925e-06,6.692175702482928e-06,2.076744749501813e-06
7047,1.9920615159207955e-05,2.847142468453967e-06,6.6915154093294404e-06,2.0763914108101744e-06
7048,1.991786302824039e-05,2.8469826247601304e-06,6.690603186143562e-06,2.0760555798915448e-06
7049,1.991516546695493e-05,2.846600182238035e-06,6.689984729746357e-06,2.0757158836204326e-06
7050,1.991242606891319e-05,2.846467850758927e-06,6.6890679590869695e-06,2.075378006338724e-06
7051,1.990969030885026e-05,2.8462438876886154e-06,6.688291250611655e-06,2.075031261483673e-06
7052,1.9906949091819115e-05,2.8460181056289002e-06,6.6874617914436385e-06,2.0746938389493152e-06
7053,1.9904291548300534e-05,2.8457684493332636e-06,6.686742381134536e-06,2.074356189041282e-06
7054,1.990150849451311e-05,2.8454867333493894e-06,6.6859838625532575e-06,2.074007397823152e-06
7055,1.9898776372428983e-05,2.8453000595618505e-06,6.685115749860415e-06,2.073672249025549e-06
7056,1.989613701880444e-05,2.8450183435779763e-06,6.684508207399631e-06,2.0733220935653662e-06
7057,1.9893366697942838e-05,2.8448009743442526e-06,6.683653737127315e-06,2.0729821699205786e-06
7058,1.98906800505938e-05,2.8446163469197927e-06,6.682836101390421e-06,2.072645429507247e-06
7059,1.988792428164743e-05,2.8443273549783044e-06,6.6821144173445646e-06,2.0722966382891173e-06
7060,1.9885208530467935e-05,2.8441356789699057e-06,6.681308150291443e-06,2.0719530766655225e-06
7061,1.9882583728758618e-05,2.8438005301723024e-06,6.680732440145221e-06,2.071610197162954e-06
7062,1.9879795218002982e-05,2.8437527817004593e-06,6.679712896584533e-06,2.071265953418333e-06
7063,1.9877061276929453e-05,2.8433705665520392e-06,6.679111720586661e-06,2.0709157979581505e-06
7064,1.987433643080294e-05,2.8431250029825605e-06,6.678324098174926e-06,2.0705776933027664e-06
7065,1.9871516997227445e-05,2.842954927473329e-06,6.677401870547328e-06,2.0702318579424173e-06
7066,1.9868859453708865e-05,2.8426309199858224e-06,6.676826160401106e-06,2.069880338240182e-06
7067,1.986619463423267e-05,2.8425013169908198e-06,6.675897566310596e-06,2.069559286610456e-06
7068,1.9863426132360473e-05,2.8421204660844523e-06,6.675312306470005e-06,2.0691984445875278e-06
7069,1.9860650354530662e-05,2.8420092803571606e-06,6.6743441493599676e-06,2.068859430437442e-06
7070,1.9857907318510115e-05,2.8417603061825503e-06,6.673545613011811e-06,2.0685201889136806e-06
7071,1.9855327991535887e-05,2.8414383450581226e-06,6.673040843452327e-06,2.068170033453498e-06
7072,1.9852563127642497e-05,2.8413135169103043e-06,6.6720413087750785e-06,2.0678414784924826e-06
7073,1.9849805539706722e-05,2.841024524968816e-06,6.671317350992467e-06,2.0674926872743526e-06
7074,1.9847087969537824e-05,2.8407348509063013e-06,6.670597940683365e-06,2.0671509446401615e-06
7075,1.984436130442191e-05,2.8406129786162637e-06,6.669604317721678e-06,2.066828983515734e-06
7076,1.9841605535475537e-05,2.840285787897301e-06,6.668990863545332e-06,2.0664656403823756e-06
7077,1.983888796530664e-05,2.8400977498677094e-06,6.668131391052157e-06,2.0661320832005003e-06
7078,1.9836083083646372e-05,2.8398644644767046e-06,6.667238267255016e-06,2.0657960249081952e-06
7079,1.983346010092646e-05,2.8395509161782684e-06,6.666692570433952e-06,2.0654431409639074e-06
7080,1.9830740711768158e-05,2.8394072160153883e-06,6.6657767092692666e-06,2.0651114027714357e-06
7081,1.9827948563033715e-05,2.8391286832629703e-06,6.664999546046602e-06,2.064763748421683e-06
7082,1.9825296476483345e-05,2.8388465125317452e-06,6.664347893092781e-06,2.0644201867980883e-06
7083,1.98224515770562e-05,2.8387198653945234e-06,6.663302883680444e-06,2.0640857201215113e-06
7084,1.9819786757580005e-05,2.838382670233841e-06,6.662790838163346e-06,2.0637226043618284e-06
7085,1.9817061911453493e-05,2.8382296477502678e-06,6.661872248514555e-06,2.063392003037734e-06
7086,1.981432069442235e-05,2.8379474770190427e-06,6.661155566689558e-06,2.0630434391932795e-06
7087,1.981156674446538e-05,2.837645070030703e-06,6.6604497988009825e-06,2.0626941932277987e-06
7088,1.980881097551901e-05,2.837507963704411e-06,6.659523023699876e-06,2.0623560885724146e-06
7089,1.9806033378699794e-05,2.8371875941957114e-06,6.658808160864282e-06,2.06200752472796e-06
7090,1.980338493012823e-05,2.8369686333462596e-06,6.6580105340108275e-06,2.0616810161300236e-06
7091,1.980066008400172e-05,2.8367967388476245e-06,6.657168796664337e-06,2.0613388187484816e-06
7092,1.9797840650426224e-05,2.8365227535687154e-06,6.656377991021145e-06,2.0609879811672727e-06
7093,1.97951612790348e-05,2.8362792363623157e-06,6.655628112639533e-06,2.0606507860065904e-06
7094,1.9792449165834114e-05,2.836013663909398e-06,6.654865501332097e-06,2.0603138182195835e-06
7095,1.978966611204669e-05,2.8357985684124287e-06,6.654048775089905e-06,2.059963662759401e-06
7096,1.9786959455814213e-05,2.8355404992908007e-06,6.653327545791399e-06,2.059618054772727e-06
7097,1.9784238247666508e-05,2.8353379093459807e-06,6.652460797340609e-06,2.0592879081959836e-06
7098,1.9781451555900276e-05,2.835074838003493e-06,6.651687726844102e-06,2.0589375253621256e-06
7099,1.9778701243922114e-05,2.834879524016287e-06,6.6508691816125065e-06,2.0585905531333992e-06
7100,1.9775983673753217e-05,2.8346698854875285e-06,6.650030172750121e-06,2.058256541204173e-06
7101,1.9773298845393583e-05,2.834315182553837e-06,6.649450824625092e-06,2.0579063857439905e-06
7102,1.977057399926707e-05,2.8341917186480714e-06,6.648540875175968e-06,2.057568508462282e-06
7103,1.9767830963246524e-05,2.83387544186553e-06,6.647906502621481e-06,2.0572097128024325e-06
7104,1.9765018805628642e-05,2.8336485229374375e-06,6.647021109529305e-06,2.056869789157645e-06
7105,1.97623303392902e-05,2.8334909529803554e-06,6.64618755763513e-06,2.056530320260208e-06
7106,1.975956365640741e-05,2.8331314751994796e-06,6.6456141212256625e-06,2.056163566521718e-06
7107,1.9756800611503422e-05,2.8330309760349337e-06,6.644549557677237e-06,2.055843879134045e-06
7108,1.9754088498302735e-05,2.8326749088591896e-06,6.644017958024051e-06,2.055479171758634e-06
7109,1.9751292711589485e-05,2.8324855065875454e-06,6.643103915848769e-06,2.055140612355899e-06
7110,1.974861697817687e-05,2.832279051290243e-06,6.64228355162777e-06,2.0548109205265064e-06
7111,1.9745824829442427e-05,2.8319034299784107e-06,6.6416832851246e-06,2.0544478047668235e-06
7112,1.97431436390616e-05,2.8318904696789104e-06,6.640646461164579e-06,2.0541215235425625e-06
7113,1.974036786123179e-05,2.8314907467574812e-06,6.640083483944181e-06,2.053758635156555e-06
7114,1.973766484297812e-05,2.8313297661952674e-06,6.639204457314918e-06,2.053426214843057e-06
7115,1.973483813344501e-05,2.8311133064562455e-06,6.6382763179717585e-06,2.053089701803401e-06
7116,1.9732182408915833e-05,2.8307485990808345e-06,6.637818842136767e-06,2.0527231754385866e-06
7117,1.9729399355128407e-05,2.8306758395046927e-06,6.636735633946955e-06,2.052397576335352e-06
7118,1.9726601749425754e-05,2.8302731607254827e-06,6.636188118136488e-06,2.0520280941127567e-06
7119,1.9723915102076717e-05,2.830136281772866e-06,6.635271347477101e-06,2.0517013581411447e-06
7120,1.972119207493961e-05,2.829906406986993e-06,6.634445526287891e-06,2.0513678009592695e-06
7121,1.9718445400940254e-05,2.8296035452513024e-06,6.63377795717679e-06,2.0510128706519026e-06
7122,1.9715629605343565e-05,2.8294380172155797e-06,6.6327329477644525e-06,2.0506918190221768e-06
7123,1.9712915673153475e-05,2.829180630214978e-06,6.632089935010299e-06,2.050329158009845e-06
7124,1.9710167180164717e-05,2.8288998237258056e-06,6.631393716816092e-06,2.049974682449829e-06
7125,1.970741323020775e-05,2.828717924785451e-06,6.630472853430547e-06,2.0496445358730853e-06
7126,1.970470475498587e-05,2.8284227937547257e-06,6.62985894450685e-06,2.049284830718534e-06
7127,1.9701885321410373e-05,2.8282508992560906e-06,6.628854862356093e-06,2.0489558210101677e-06
7128,1.9699145923368633e-05,2.8279523576202337e-06,6.6281190811423585e-06,2.048614760497003e-06
7129,1.9696350136655383e-05,2.827687239914667e-06,6.627315997320693e-06,2.0482693798840046e-06
7130,1.969359436770901e-05,2.8275367185415234e-06,6.626413778576534e-06,2.0479287741181906e-06
7131,1.9690909539349377e-05,2.8271715564187616e-06,6.625850801356137e-06,2.047577481789631e-06
7132,1.9688122847583145e-05,2.8270155780774076e-06,6.624889465456363e-06,2.0472432424867293e-06
7133,1.968542164831888e-05,2.8267611469345866e-06,6.624244178965455e-06,2.0468833099585027e-06
7134,1.96826622413937e-05,2.8265692435525125e-06,6.6233246798219625e-06,2.04655361812911e-06
7135,1.9679906472447328e-05,2.826295030899928e-06,6.622613909712527e-06,2.046199597316445e-06
7136,1.9677161617437378e-05,2.8260856197448447e-06,6.621727152378298e-06,2.045869905487052e-06
7137,1.9674371287692338e-05,2.8258702968742e-06,6.620861768169561e-06,2.0455279354791855e-06
7138,1.9671660993481055e-05,2.8255997222004225e-06,6.620211024710443e-06,2.045170049314038e-06
7139,1.9668859749799594e-05,2.8254205517441733e-06,6.619225132453721e-06,2.0448426312213996e-06
7140,1.966612398973666e-05,2.8250317427591654e-06,6.6186785261379555e-06,2.044482698693173e-06
7141,1.966340460057836e-05,2.824949433488655e-06,6.617694452870637e-06,2.0441520973690785e-06
7142,1.9660648831631988e-05,2.8246233796380693e-06,6.617054168600589e-06,2.0437944385776063e-06
7143,1.965786941582337e-05,2.8244132863619598e-06,6.616165137529606e-06,2.0434579255379504e-06
7144,1.965508454304654e-05,2.8242063763173064e-06,6.61532067169901e-06,2.043111408056575e-06
7145,1.9652386981761083e-05,2.823860995704308e-06,6.614771336899139e-06,2.0427510207809974e-06
7146,1.9649603927973658e-05,2.8238150662218686e-06,6.613657205889467e-06,2.0424263311724644e-06
7147,1.9646857253974304e-05,2.8234107958269306e-06,6.613167897739913e-06,2.0420559394551674e-06
7148,1.964411057997495e-05,2.823230943249655e-06,6.612263860006351e-06,2.0417230643943185e-06
7149,1.9641272956505418e-05,2.82301812148944e-06,6.611362550756894e-06,2.041378593276022e-06
7150,1.9638568119262345e-05,2.8226870654179947e-06,6.610773198190145e-06,2.041021616605576e-06
7151,1.9635845092125237e-05,2.8225467758602463e-06,6.609825504710898e-06,2.0406946532602888e-06
7152,1.9633089323178865e-05,2.8222505079611437e-06,6.609090632991865e-06,2.0403497273946414e-06
7153,1.9630380847956985e-05,2.8220717922522454e-06,6.608326657442376e-06,2.039996616076678e-06
7154,1.9627517758635804e-05,2.8218257739354158e-06,6.6074235292035155e-06,2.0396537365741096e-06
7155,1.9624692868092097e-05,2.8214819849381456e-06,6.606664101127535e-06,2.0393094928294886e-06
7156,1.9621926185209304e-05,2.821353973558871e-06,6.605754606425762e-06,2.0389636574691394e-06
7157,1.9619244994828478e-05,2.821053840307286e-06,6.6051043177139945e-06,2.038617594735115e-06
7158,1.9616423742263578e-05,2.8208360163262114e-06,6.604166628676467e-06,2.038284264926915e-06
7159,1.961368980119005e-05,2.8205729449837236e-06,6.60342948322068e-06,2.0379377474455396e-06
7160,1.961093585123308e-05,2.8203880901855882e-06,6.60258319840068e-06,2.0375930489535676e-06
7161,1.9608218281064183e-05,2.820118652380188e-06,6.601845598197542e-06,2.0372508515720256e-06
7162,1.9605413399403915e-05,2.819876499415841e-06,6.601011591556016e-06,2.0369050162116764e-06
7163,1.9602701286203228e-05,2.819678002197179e-06,6.600283995794598e-06,2.036547812167555e-06
7164,1.9599923689384013e-05,2.8193965135869803e-06,6.599469998036511e-06,2.03621175387525e-06
7165,1.959717701538466e-05,2.8192473564558895e-06,6.59854595141951e-06,2.0358770598249976e-06
7166,1.959431938303169e-05,2.8188601390866097e-06,6.597932497243164e-06,2.035505303865648e-06
7167,1.9591578166000545e-05,2.8188148917251965e-06,6.596841103601037e-06,2.035184252235922e-06
7168,1.9588782379287295e-05,2.818370830937056e-06,6.596294952032622e-06,2.0348234102129936e-06
7169,1.9586077542044222e-05,2.818248276525992e-06,6.595354534510989e-06,2.034494855251978e-06
7170,1.9583323592087254e-05,2.818058419506997e-06,6.594555998162832e-06,2.034141743934015e-06
7171,1.9580493244575337e-05,2.817643917296664e-06,6.593881153094117e-06,2.0337938622105867e-06
7172,1.9577732018660754e-05,2.817620952555444e-06,6.592747013201006e-06,2.0334730379545363e-06
7173,1.9574927137000486e-05,2.817141876221285e-06,6.592336376343155e-06,2.0330899133114144e-06
7174,1.9572202290873975e-05,2.8171516532893293e-06,6.591188139282167e-06,2.0327722722868202e-06
7175,1.956941923708655e-05,2.8166689389763633e-06,6.590659722860437e-06,2.0324180241004797e-06
7176,1.9566661649150774e-05,2.8166034553578356e-06,6.589670192624908e-06,2.0320774183346657e-06
7177,1.9563831301638857e-05,2.816299002006417e-06,6.58888620819198e-06,2.0317290818638867e-06
7178,1.95611355593428e-05,2.8160391138953855e-06,6.5881740738404915e-06,2.03138461074559e-06
7179,1.9558316125767305e-05,2.815837660818943e-06,6.5872850427695084e-06,2.0310385480115656e-06
7180,1.955566040123813e-05,2.815670086420141e-06,6.586537892872002e-06,2.0306906662881374e-06
7181,1.9552795492927544e-05,2.8152926461189054e-06,6.585789833479794e-06,2.030342557191034e-06
7182,1.955011612153612e-05,2.8152285267424304e-06,6.584835318790283e-06,2.0300105916248867e-06
7183,1.9547262127161957e-05,2.8148294859420275e-06,6.584206857951358e-06,2.0296452021284495e-06
7184,1.954449908225797e-05,2.814688741636928e-06,6.583201411558548e-06,2.0293216493882937e-06
7185,1.954173785634339e-05,2.814398840200738e-06,6.582508831343148e-06,2.0289660369599005e-06
7186,1.9538943888619542e-05,2.8141676011728123e-06,6.581687102880096e-06,2.028617927862797e-06
7187,1.9536251784302294e-05,2.8139988899056334e-06,6.580852641491219e-06,2.0282802779547637e-06
7188,1.953351602423936e-05,2.8136607852502493e-06,6.5802114477264695e-06,2.027928530878853e-06
7189,1.953065293491818e-05,2.8134788863098947e-06,6.5792460191005375e-06,2.0275854240026092e-06
7190,1.952790262294002e-05,2.8132915304013295e-06,6.578419288416626e-06,2.027238451773883e-06
7191,1.9525059542502277e-05,2.812890215864172e-06,6.577747171832016e-06,2.0268844309612177e-06
7192,1.9522227376000956e-05,2.812792217810056e-06,6.576640771527309e-06,2.0265590592316585e-06
7193,1.951956801349297e-05,2.812482762237778e-06,6.576163741556229e-06,2.026184347414528e-06
7194,1.951677586475853e-05,2.8122692583565367e-06,6.575255156349158e-06,2.025850335485302e-06
7195,1.951391459442675e-05,2.8120946353737963e-06,6.57426608086098e-06,2.025510866587865e-06
7196,1.951121521415189e-05,2.811668082358665e-06,6.573838618351147e-06,2.025141839112621e-06
7197,1.9508490368025377e-05,2.8117556212237105e-06,6.572530310222646e-06,2.0248405689926585e-06
7198,1.9505689124343917e-05,2.8111837764299707e-06,6.572198344656499e-06,2.024461309702019e-06
7199,1.950297701114323e-05,2.8111899155192077e-06,6.570971891051158e-06,2.0241629954398377e-06
7200,1.9500072085065767e-05,2.810807472997112e-06,6.570299774466548e-06,2.023793285843567e-06
7201,1.9497376342769712e-05,2.8105798719479935e-06,6.569586730620358e-06,2.0234422208886826e-06
7202,1.9494556909194216e-05,2.8104459488531575e-06,6.568589014932513e-06,2.0231045709806494e-06
7203,1.9491832063067704e-05,2.810000523822964e-06,6.568194294231944e-06,2.0227275854267646e-06
7204,1.9488939869916067e-05,2.810037813105737e-06,6.566780939465389e-06,2.0224242689437233e-06
7205,1.9486204109853134e-05,2.809548504956183e-06,6.566444426425733e-06,2.0220420537953032e-06
7206,1.9483471987769008e-05,2.80944686892326e-06,6.565419425896835e-06,2.021721229539253e-06
7207,1.948065619217232e-05,2.80921085504815e-06,6.5646067923808005e-06,2.0213676634739386e-06
7208,1.947786586242728e-05,2.8087883947591763e-06,6.564080649695825e-06,2.020999545493396e-06
7209,1.947512646438554e-05,2.8088659291825024e-06,6.562726412084885e-06,2.0207069155731006e-06
7210,1.9472267013043165e-05,2.808269528031815e-06,6.562465841852827e-06,2.0203062831569696e-06
7211,1.9469516701065004e-05,2.8083643428544747e-06,6.5610938690952025e-06,2.020011606873595e-06
7212,1.9466653611743823e-05,2.8078595732949907e-06,6.560596830240684e-06,2.01963962354057e-06
7213,1.9464074284769595e-05,2.807765440593357e-06,6.559809207828948e-06,2.019299927269458e-06
7214,1.9461145711829886e-05,2.8076317448721966e-06,6.558756467711646e-06,2.0189513634250034e-06
7215,1.945837175298948e-05,2.8070967346138787e-06,6.558327186212409e-06,2.018589611907373e-06
7216,1.9455605070106685e-05,2.8071679025742924e-06,6.556995231221663e-06,2.018288341787411e-06
7217,1.94528420252027e-05,2.8066715458408e-06,6.556677362823393e-06,2.017898623307701e-06
7218,1.945005169545766e-05,2.80656126960821e-06,6.555548225151142e-06,2.0175884856143966e-06
7219,1.9447310478426516e-05,2.80635617855296e-06,6.554691026394721e-06,2.0172528820694424e-06
7220,1.9444500139798038e-05,2.8059484975528903e-06,6.554227184096817e-06,2.0168649825791363e-06
7221,1.944173709489405e-05,2.806035126923234e-06,6.552826562256087e-06,2.016575081142946e-06
7222,1.9438892195466906e-05,2.8053966616425896e-06,6.552611921506468e-06,2.016176949837245e-06
7223,1.943611459864769e-05,2.805489657475846e-06,6.551271781063406e-06,2.015870677496423e-06
7224,1.943330789799802e-05,2.8050835680915043e-06,6.550735633936711e-06,2.0154975572950207e-06
7225,1.9430493921390735e-05,2.8048425519955344e-06,6.549933914357098e-06,2.01514330910868e-06
7226,1.942773087648675e-05,2.8047456908097956e-06,6.548895726155024e-06,2.014817937379121e-06
7227,1.9424998754402623e-05,2.804298446790199e-06,6.54846780889784e-06,2.014446636167122e-06
7228,1.9422162949922495e-05,2.8042618396284524e-06,6.547244993271306e-06,2.0141312688792823e-06
7229,1.9419432646827772e-05,2.803798452077899e-06,6.546830718434649e-06,2.01376064978831e-06
7230,1.9416529539739713e-05,2.803707502607722e-06,6.54568248137366e-06,2.0134280021011364e-06
7231,1.9413730115047656e-05,2.8033809940097854e-06,6.545017185999313e-06,2.0130664779571816e-06
7232,1.941103982971981e-05,2.8032293357682647e-06,6.544128609675681e-06,2.012736331380438e-06
7233,1.9408242224017158e-05,2.802941708068829e-06,6.543404197145719e-06,2.0123791273363167e-06
7234,1.9405379134695977e-05,2.8028443921357393e-06,6.542360097228084e-06,2.0120348835916957e-06
7235,1.9402570615056902e-05,2.8023375762131764e-06,6.5418403210060205e-06,2.0116788164159516e-06
7236,1.939980938914232e-05,2.8023673621646594e-06,6.540612048411276e-06,2.011366177612217e-06
7237,1.9397082724026404e-05,2.8019132969347993e-06,6.5402746258769184e-06,2.0109789602429373e-06
7238,1.9394250557525083e-05,2.8017993827234022e-06,6.5390340751037e-06,2.0106836018385366e-06
7239,1.93914383999072e-05,2.8014039799018065e-06,6.538518391607795e-06,2.01030320567952e-06
7240,1.9388680811971426e-05,2.801371920213569e-06,6.5374706537113525e-06,2.0099678295082413e-06
7241,1.9385870473342948e-05,2.800963102345122e-06,6.536798991874093e-06,2.0096217667742167e-06
7242,1.9383118342375383e-05,2.8008721528749447e-06,6.53586357657332e-06,2.0092763861612184e-06
7243,1.9380251615075395e-05,2.8005360945826396e-06,6.535166903631762e-06,2.0089096324227285e-06
7244,1.9377514036023058e-05,2.8004308205709094e-06,6.534075509989634e-06,2.008601541092503e-06
7245,1.9374625480850227e-05,2.7999456051475136e-06,6.533544365083799e-06,2.008227056649048e-06
7246,1.9371847884031013e-05,2.7999901703879004e-06,6.532278803206282e-06,2.0079160094610415e-06
7247,1.9369115761946887e-05,2.7994612992188195e-06,6.531940016429871e-06,2.0075431166333146e-06
7248,1.936631088028662e-05,2.799459934976767e-06,6.530696282425197e-06,2.0072311599506065e-06
7249,1.9363549654372036e-05,2.799068624881329e-06,6.530227437906433e-06,2.0068505364179146e-06
7250,1.9360621081432328e-05,2.7989124191662995e-06,6.5291073951811995e-06,2.0065201624674955e-06
7251,1.935795444296673e-05,2.798597279252135e-06,6.528540325234644e-06,2.0061631857970497e-06
7252,1.9355120457476005e-05,2.7984126518276753e-06,6.527690857183188e-06,2.0058034806424985e-06
7253,1.9352264644112438e-05,2.7982459869235754e-06,6.52673770673573e-06,2.0054562810400967e-06
7254,1.9349481590325013e-05,2.797866727632936e-06,6.52608605378191e-06,2.005105670832563e-06
7255,1.9346711269463412e-05,2.7977494028164074e-06,6.525120170408627e-06,2.0047682482982054e-06
7256,1.9343875464983284e-05,2.79742494058155e-06,6.524405762320384e-06,2.0044087705173297e-06
7257,1.934112879098393e-05,2.797236675178283e-06,6.523524461954366e-06,2.0040736217197264e-06
7258,1.9338329366291873e-05,2.7969369966740487e-06,6.522746389237e-06,2.00372915060143e-06
7259,1.933548082888592e-05,2.7967398636974394e-06,6.521847353724297e-06,2.003378767767572e-06
7260,1.9332717783981934e-05,2.796521584969014e-06,6.5209769672947004e-06,2.0030436189699685e-06
7261,1.932990926434286e-05,2.796223043333157e-06,6.520177976199193e-06,2.002701648962102e-06
7262,1.9327100744703785e-05,2.7960616080235923e-06,6.519235284940805e-06,2.0023608158226125e-06
7263,1.9324339518789202e-05,2.7957621568930335e-06,6.518527698062826e-06,2.0020099782414036e-06
7264,1.9321530999150127e-05,2.7955493351328187e-06,6.517597284982912e-06,2.0016768758068793e-06
7265,1.931868973770179e-05,2.795284217427252e-06,6.51679602015065e-06,2.0013219454995124e-06
7266,1.931583392433822e-05,2.7950654839514755e-06,6.515845598187298e-06,2.000984295591479e-06
7267,1.9313101802254096e-05,2.7948212846240494e-06,6.515105724247405e-06,2.000634822252323e-06
7268,1.9310284187668003e-05,2.7946077807428082e-06,6.514244887512177e-06,2.0002862584078684e-06
7269,1.9307533875689842e-05,2.7943272016273113e-06,6.513486368930899e-06,1.9999440610263264e-06
7270,1.9304643501527607e-05,2.7941073312831577e-06,6.5125618675665464e-06,1.9995948150608456e-06
7271,1.9301836800877936e-05,2.7938513085246086e-06,6.511821993626654e-06,1.9992326087958645e-06
7272,1.929906284203753e-05,2.79365713140578e-06,6.510908860946074e-06,1.9988992789876647e-06
7273,1.929628888319712e-05,2.793334942907677e-06,6.510285402328009e-06,1.998533662117552e-06
7274,1.929343670781236e-05,2.7931757813348668e-06,6.509344984806376e-06,1.9981830519100185e-06
7275,1.929063000716269e-05,2.792909754134598e-06,6.508548722194973e-06,1.997834488065564e-06
7276,1.92878651432693e-05,2.7926555503654527e-06,6.507735633931588e-06,1.997494791794452e-06
7277,1.9285020243842155e-05,2.792388386296807e-06,6.506890713353641e-06,1.9971482743130764e-06
7278,1.92822735698428e-05,2.7922353638132336e-06,6.5060166889452375e-06,1.9968044853158062e-06
7279,1.927946141222492e-05,2.7919081730942708e-06,6.505249984911643e-06,1.996460696318536e-06
7280,1.9276598322903737e-05,2.7917310490011005e-06,6.504271823359886e-06,1.9961191810580203e-06
7281,1.927382982103154e-05,2.791468659779639e-06,6.503516488010064e-06,1.9957690255978378e-06
7282,1.927107950905338e-05,2.79128448710253e-06,6.50266292723245e-06,1.9954266008426202e-06
7283,1.9268180039944127e-05,2.7909522941627074e-06,6.501873940578662e-06,1.9950707610405516e-06
7284,1.926536060636863e-05,2.7907988169317832e-06,6.500878953374922e-06,1.9947362943639746e-06
7285,1.9262473870185204e-05,2.790421604004223e-06,6.50018000669661e-06,1.9943745428463444e-06
7286,1.925980905070901e-05,2.7903445243282476e-06,6.499199116660748e-06,1.9940530364692677e-06
7287,1.925695687532425e-05,2.789955260595889e-06,6.498570655821823e-06,1.9936862827307777e-06
7288,1.9254117432865314e-05,2.7898463486053515e-06,6.497431968455203e-06,1.9933679595851572e-06
7289,1.925136530189775e-05,2.7895271159650292e-06,6.496859896287788e-06,1.9929957488784567e-06
7290,1.924849311762955e-05,2.7893559035874205e-06,6.495842626463855e-06,1.9926587810914498e-06
7291,1.924567186506465e-05,2.7890705496247392e-06,6.4951063905027695e-06,1.992298848563223e-06
7292,1.924288153531961e-05,2.7887956548511283e-06,6.4943415054585785e-06,1.9919491478503915e-06
7293,1.924003299791366e-05,2.7886499083251692e-06,6.4933265093714e-06,1.991611270568683e-06
7294,1.9237260858062655e-05,2.788257916108705e-06,6.492764441645704e-06,1.9912474726879736e-06
7295,1.9234397768741474e-05,2.7881908408744493e-06,6.491495696536731e-06,1.9909425645892043e-06
7296,1.9231618352932855e-05,2.787752464428195e-06,6.491132808150724e-06,1.990546479646582e-06
7297,1.9228837118134834e-05,2.7877713364432566e-06,6.489882252935786e-06,1.9902367967006285e-06
7298,1.922603405546397e-05,2.787239054669044e-06,6.489496627182234e-06,1.989859583773068e-06
7299,1.922314550029114e-05,2.7872588361788075e-06,6.488204689958366e-06,1.9895364857802633e-06
7300,1.922042247315403e-05,2.786837285384536e-06,6.487744030891918e-06,1.9891681404260453e-06
7301,1.9217510271118954e-05,2.786710183499963e-06,6.48658078716835e-06,1.988843678191188e-06
7302,1.9214781787013635e-05,2.7864045932801673e-06,6.485966878244653e-06,1.9884819266735576e-06
7303,1.9211958715459332e-05,2.786193135762005e-06,6.485080120910425e-06,1.9881372281815857e-06
7304,1.9209051970392466e-05,2.7859243800776312e-06,6.484189270850038e-06,1.987787527468754e-06
7305,1.9206279830541462e-05,2.7856638098455733e-06,6.4834712247829884e-06,1.9874287318089046e-06
7306,1.9203482224838808e-05,2.785516016956535e-06,6.482478056568652e-06,1.9870979031111347e-06
7307,1.9200644601369277e-05,2.785151764328475e-06,6.481846867245622e-06,1.9867288756358903e-06
7308,1.9197761503164656e-05,2.78503875961178e-06,6.480649972218089e-06,1.9864146452164277e-06
7309,1.919502392411232e-05,2.7846799639519304e-06,6.480105184891727e-06,1.9860476641042624e-06
7310,1.919224814628251e-05,2.78457969216106e-06,6.479079274868127e-06,1.9857177449011942e-06
7311,1.9189272279618308e-05,2.784208845696412e-06,6.478266186604742e-06,1.9853591766150203e-06
7312,1.9186541976523586e-05,2.783993977573118e-06,6.477469469245989e-06,1.9850156149914255e-06
7313,1.918369707709644e-05,2.7837529614771483e-06,6.476618182205129e-06,1.9846652321575675e-06
7314,1.9180944946128875e-05,2.7835642413265305e-06,6.475790996773867e-06,1.9843178051814903e-06
7315,1.9178109141648747e-05,2.7832909381686477e-06,6.475009286077693e-06,1.983961738005746e-06
7316,1.9175349734723568e-05,2.7830794806504855e-06,6.474119800259359e-06,1.9836299998132745e-06
7317,1.917239569593221e-05,2.7827984467876377e-06,6.473236680903938e-06,1.983272113648127e-06
7318,1.9169665392837487e-05,2.7825988127005985e-06,6.472384939115727e-06,1.982936282729497e-06
7319,1.9166811398463324e-05,2.782371893772506e-06,6.471505912486464e-06,1.9825865820166655e-06
7320,1.9164022887707688e-05,2.78203538073285e-06,6.470825610449538e-06,1.982232333830325e-06
7321,1.916115070343949e-05,2.7818930448120227e-06,6.469751497206744e-06,1.9819012777588796e-06
7322,1.9158302166033536e-05,2.781556077025016e-06,6.469090294558555e-06,1.981531113415258e-06
7323,1.915541542985011e-05,2.781417606456671e-06,6.46791795588797e-06,1.9812159735010937e-06
7324,1.9152683307765983e-05,2.781009243335575e-06,6.467498678830452e-06,1.9808351225947263e-06
7325,1.9149923900840804e-05,2.7810147003037855e-06,6.4663563534850255e-06,1.9805104329861933e-06
7326,1.9147051716572605e-05,2.7805590434581973e-06,6.465777005359996e-06,1.9801432245003525e-06
7327,1.9144190446240827e-05,2.7804580895463005e-06,6.464688340201974e-06,1.979808985197451e-06
7328,1.9141347365803085e-05,2.7801283977169078e-06,6.464007128670346e-06,1.9794424588326365e-06
7329,1.913855885504745e-05,2.779961278065457e-06,6.463004865508992e-06,1.9791182239714544e-06
7330,1.913568121381104e-05,2.7795988444268005e-06,6.462317287514452e-06,1.978752834475017e-06
7331,1.9132943634758703e-05,2.7795356345450273e-06,6.461296834459063e-06,1.9784222331509227e-06
7332,1.913011510623619e-05,2.77910089607758e-06,6.460759777837666e-06,1.9780511593125993e-06
7333,1.91272483789362e-05,2.778995394692174e-06,6.459542419179343e-06,1.977742158487672e-06
7334,1.912435982376337e-05,2.778613179543754e-06,6.458972166001331e-06,1.9773551684920676e-06
7335,1.9121611330774613e-05,2.7785779366240604e-06,6.457775270973798e-06,1.977051624635351e-06
7336,1.911875187943224e-05,2.778084763122024e-06,6.4572959672659636e-06,1.9766744117077906e-06
7337,1.9115934264846146e-05,2.7780915843322873e-06,6.456058144976851e-06,1.976356998056872e-06
7338,1.9113153030048124e-05,2.777690724542481e-06,6.4555706558167e-06,1.975978420887259e-06
7339,1.9110309949610382e-05,2.777607733150944e-06,6.454411959566642e-06,1.9756582787522348e-06
7340,1.9107450498268008e-05,2.777091140160337e-06,6.4539799495832995e-06,1.9752760636038147e-06
7341,1.9104612874798477e-05,2.7772036901296815e-06,6.452642992371693e-06,1.9749534203583607e-06
7342,1.9101771613350138e-05,2.776584324237774e-06,6.452332399931038e-06,1.9745707504625898e-06
7343,1.9098974007647485e-05,2.7766957373387413e-06,6.450878572650254e-06,1.9742797121580224e-06
7344,1.9096096366411075e-05,2.776114797597984e-06,6.4505511545576155e-06,1.9738863556995057e-06
7345,1.909326783788856e-05,2.776146629912546e-06,6.4492132878513075e-06,1.9735816749744117e-06
7346,1.9090439309366047e-05,2.775736220428371e-06,6.448701242334209e-06,1.973200596694369e-06
7347,1.908756348711904e-05,2.775569555524271e-06,6.4476475927222054e-06,1.972869313249248e-06
7348,1.9084887753706425e-05,2.775388566078618e-06,6.446928637160454e-06,1.9725141555682058e-06
7349,1.9082035578321666e-05,2.775071379801375e-06,6.446153747674543e-06,1.9721621811186196e-06
7350,1.9079117919318378e-05,2.7748794764193008e-06,6.445099643315189e-06,1.971827941815718e-06
7351,1.907638397824485e-05,2.7745691113523208e-06,6.444520295190159e-06,1.9714589143404737e-06
7352,1.9073428120464087e-05,2.774489757939591e-06,6.443228812713642e-06,1.971141955436906e-06
7353,1.907057230710052e-05,2.773918822640553e-06,6.442819540097844e-06,1.970766561498749e-06
7354,1.9067862012889236e-05,2.7741068606701447e-06,6.441466211981606e-06,1.970457788047497e-06
7355,1.9064984371652827e-05,2.77335811915691e-06,6.441317054850515e-06,1.970062157852226e-06
7356,1.9062203136854805e-05,2.7736446099879686e-06,6.43959083390655e-06,1.969793402167852e-06
7357,1.9059269106946886e-05,2.772827656372101e-06,6.439661319745937e-06,1.9693561625899747e-06
7358,1.9056507881032303e-05,2.7733212846214883e-06,6.437652700697072e-06,1.969106506294338e-06
7359,1.9053630239795893e-05,2.7722364848159486e-06,6.4381429183413275e-06,1.968649939954048e-06
7360,1.905080716824159e-05,2.772819925667136e-06,6.435921932279598e-06,1.9684132439579116e-06
7361,1.904796044982504e-05,2.7718035653379047e-06,6.43650764686754e-06,1.9679298475239193e-06
7362,1.904510281747207e-05,2.772338802969898e-06,6.4341575125581585e-06,1.967721345863538e-06
7363,1.904232703964226e-05,2.771204435703112e-06,6.434947863453999e-06,1.967234993571765e-06
7364,1.9039447579416446e-05,2.771932486211881e-06,6.432413101720158e-06,1.9670203528221464e-06
7365,1.9036688172491267e-05,2.770658738882048e-06,6.433338512579212e-06,1.9665380932565313e-06
7366,1.9033797798329033e-05,2.7714909265341703e-06,6.430583198380191e-06,1.966344598258729e-06
7367,1.9030909243156202e-05,2.770158062048722e-06,6.431633210013388e-06,1.9658236851682886e-06
7368,1.9028089809580706e-05,2.7711355414794525e-06,6.428668712032959e-06,1.9656570202641888e-06
7369,1.902528492792044e-05,2.769487082332489e-06,6.430163011827972e-06,1.9651270122267306e-06
7370,1.9022492779185995e-05,2.770838364085648e-06,6.426753770938376e-06,1.9649801288323943e-06
7371,1.901958057715092e-05,2.7688715817930643e-06,6.428758752008434e-06,1.9643898667709436e-06
7372,1.9016881196876056e-05,2.770411356323166e-06,6.424790171877248e-06,1.9643359792098636e-06
7373,1.9013896235264838e-05,2.768159447441576e-06,6.427411790355109e-06,1.9636649994936306e-06
7374,1.9011089534615166e-05,2.7703779323928757e-06,6.422360911528813e-06,1.963670229088166e-06
7375,1.9008350136573426e-05,2.767241767287487e-06,6.4263954300258774e-06,1.9629426333267475e-06
7376,1.9005547073902562e-05,2.770303126453655e-06,6.420019872166449e-06,1.963044951480697e-06
7377,1.9002758563146926e-05,2.7663052151183365e-06,6.42563736619195e-06,1.962163196367328e-06
7378,1.899991912068799e-05,2.7705282263923436e-06,6.417035365302581e-06,1.9624712876975536e-06
7379,1.8997316146851517e-05,2.764912096608896e-06,6.42559643893037e-06,1.9613614767877152e-06
7380,1.8994724086951464e-05,2.7713715553545626e-06,6.413604751287494e-06,1.961949692486087e-06
7381,1.8992086552316323e-05,2.762937128863996e-06,6.426615072996356e-06,1.9605070065153996e-06
7382,1.898980190162547e-05,2.772750121948775e-06,6.409159595932579e-06,1.961578391274088e-06
7383,1.8987633666256443e-05,2.7605044579104288e-06,6.429228051274549e-06,1.9595800040406175e-06
7384,1.898596019600518e-05,2.7753123958973447e-06,6.403642146324273e-06,1.9614012671809178e-06
7385,1.898487244034186e-05,2.756985395535594e-06,6.434825536416611e-06,1.9586120743042557e-06
7386,1.8984745111083612e-05,2.7800092539109755e-06,6.396656317519955e-06,1.9616161353042116e-06
7387,1.89860729733482e-05,2.752193722699303e-06,6.445687631639885e-06,1.9576382328523323e-06
7388,1.8989938325830735e-05,2.788042820611736e-06,6.38836354482919e-06,1.962706392077962e-06
7389,1.899769267765805e-05,2.7457783744466724e-06,6.467098501161672e-06,1.9569633877836168e-06
7390,1.9011826225323603e-05,2.8033327907905914e-06,6.380836566677317e-06,1.9655312826216687e-06
7391,1.9036300727748312e-05,2.738179773587035e-06,6.510909770440776e-06,1.9574422367441002e-06
7392,1.9077731849392876e-05,2.8327704058028758e-06,6.382225365086924e-06,1.9725473521248205e-06
7393,1.9147108105244115e-05,2.733305336732883e-06,6.604395821341313e-06,1.961881480383454e-06
7394,1.926273398566991e-05,2.893258169933688e-06,6.4199784901575185e-06,1.9898993741662707e-06
7395,1.9455164874671027e-05,2.7449877961771563e-06,6.818590009061154e-06,1.9783174138865434e-06
7396,1.9775869077420793e-05,3.027856109838467e-06,6.5803878896986134e-06,2.0335251065262128e-06
7397,2.0311057596700266e-05,2.8197430310683558e-06,7.3393193815718405e-06,2.0303989458625438e-06
7398,2.120519638992846e-05,3.3454541608080035e-06,7.11991833668435e-06,2.1479650058608968e-06
7399,2.26981719606556e-05,3.09963525069179e-06,8.666028406878468e-06,2.186501433243393e-06
7400,2.5179178919643164e-05,4.134799382882193e-06,8.779961717664264e-06,2.4528835638193414e-06
7401,2.925460648839362e-05,3.990718596469378e-06,1.21120046969736e-05,2.630376457091188e-06
7402,3.578665928216651e-05,6.099966867623152e-06,1.3477998436428607e-05,3.241738568249275e-06
7403,4.57998612546362e-05,6.428903361666016e-06,2.0541014237096533e-05,3.7659888221242e-06
7404,5.992440492263995e-05,1.0412193660158664e-05,2.4587374355178326e-05,4.984967290511122e-06
7405,7.70396291045472e-05,1.1296796401438769e-05,3.635498433141038e-05,5.8775704019353725e-06
7406,9.20884485822171e-05,1.6176321878447197e-05,4.0051127143669873e-05,7.172199275373714e-06
7407,9.583221253706142e-05,1.4492562513623852e-05,4.651567360269837e-05,6.96479537509731e-06
7408,8.073016215348616e-05,1.4377488696482033e-05,3.578780160751194e-05,6.112974006100558e-06
7409,5.1979041018057615e-05,7.646170161024202e-06,2.5273333449149504e-05,3.8119073906273115e-06
7410,2.794651300064288e-05,4.590772732626647e-06,1.1689930943248328e-05,2.333161774004111e-06
7411,2.376783777435776e-05,3.7732977489213226e-06,9.745690476847813e-06,2.0497698187682545e-06
7412,3.700109664350748e-05,5.340249572327593e-06,1.7089319953811355e-05,2.9143059236957924e-06
7413,5.1484232244547457e-05,9.202197361446451e-06,2.151933040295262e-05,4.152541350777028e-06
7414,5.2046740165678784e-05,7.63296520744916e-06,2.418614531052299e-05,4.045526111440267e-06
7415,3.778042082558386e-05,6.654479420831194e-06,1.4784325685468502e-05,3.2683230983820977e-06
7416,2.2556767362402752e-05,3.1511331144429278e-06,8.740591511013918e-06,2.1330085928639164e-06
7417,1.9735882233362645e-05,2.780920567602152e-06,7.031905624899082e-06,1.9846113445964875e-06
7418,2.8300979465711862e-05,4.85879627376562e-06,1.0228252904198598e-05,2.6427862849232042e-06
7419,3.6217126762494445e-05,5.202170086704427e-06,1.5881838407949544e-05,3.0266235171438893e-06
7420,3.437424311414361e-05,6.049039711797377e-06,1.3060979654255789e-05,3.0528444767696783e-06
7421,2.552176192693878e-05,3.5459615901345387e-06,1.0335841579944827e-05,2.327991751371883e-06
7422,1.962318128789775e-05,2.9597579214168945e-06,6.832169219705975e-06,1.9662509203044465e-06
7423,2.1806234144605696e-05,3.489270739009953e-06,7.62761465011863e-06,2.1378696146712173e-06
7424,2.754302477114834e-05,3.835341431113193e-06,1.1478717169666197e-05,2.4457931431243196e-06
7425,2.9289121812325902e-05,5.030697593610967e-06,1.0864861906156875e-05,2.678712462511612e-06
7426,2.520627822377719e-05,3.5199313970224466e-06,1.0234669389319606e-05,2.2903354874870274e-06
7427,2.022948319790885e-05,3.15422767016571e-06,6.915351150382776e-06,2.0319807845226023e-06
7428,1.943758616107516e-05,2.9607965643663192e-06,6.601692803087644e-06,1.9750195860979147e-06
7429,2.2359587092068978e-05,3.1130291517911246e-06,8.584122042520903e-06,2.132487225026125e-06
7430,2.4557373762945645e-05,4.120166522625368e-06,8.590018296672497e-06,2.369437879679026e-06
7431,2.3292872356250882e-05,3.2262007607641863e-06,9.041767043527216e-06,2.2049812287150417e-06
7432,2.0256464267731644e-05,3.1875233617029153e-06,6.769932952011004e-06,2.05980154532881e-06
7433,1.887021971924696e-05,2.77637195722491e-06,6.391995157173369e-06,1.9403705664444715e-06
7434,2.0122794012422673e-05,2.8291547096159775e-06,7.2793754952726886e-06,2.0028528524562716e-06
7435,2.1920464860158972e-05,3.5650052723212866e-06,7.49902301322436e-06,2.17128717849846e-06
7436,2.1990381355863065e-05,3.069033709834912e-06,8.384822649531998e-06,2.1073051357234363e-06
7437,2.041826883214526e-05,3.2249035939457826e-06,6.916316579008708e-06,2.055409822787624e-06
7438,1.9103539671050385e-05,2.7672233500197763e-06,6.6328693719697185e-06,1.940689344337443e-06
7439,1.930485450429842e-05,2.7675112050928874e-06,6.797728929086588e-06,1.9479227830743184e-06
7440,2.0370665879454464e-05,3.207592953913263e-06,6.873337952129077e-06,2.0579468582582194e-06
7441,2.082861465169117e-05,2.9129280392226065e-06,7.71215491113253e-06,2.0407062493177364e-06
7442,2.0157831386313774e-05,3.1613071769243106e-06,6.772977030777838e-06,2.04470939024759e-06
7443,1.9177088688593358e-05,2.752462478383677e-06,6.6943071033165324e-06,1.946063548530219e-06
7444,1.8894716049544513e-05,2.758035634542466e-06,6.451198714785278e-06,1.9370966128917644e-06
7445,1.9377450371393934e-05,2.9748007364105433e-06,6.471846063504927e-06,1.9861606688209577e-06
7446,1.9864059140672907e-05,2.8028234737575985e-06,7.125313914002618e-06,1.9871845324814785e-06
7447,1.9747636542888358e-05,3.0740320653421804e-06,6.5844210439536255e-06,2.017836550294305e-06
7448,1.919539863592945e-05,2.7429780402599135e-06,6.69442397338571e-06,1.9515994154062355e-06
7449,1.8818005628418177e-05,2.786794766507228e-06,6.331122676783707e-06,1.9400176825001836e-06
7450,1.8930886653834023e-05,2.8415176984708523e-06,6.330141332000494e-06,1.951845433723065e-06
7451,1.9276951206848025e-05,2.7480739390739473e-06,6.752852186764358e-06,1.9552051071514143e-06
7452,1.9409528249525465e-05,2.98787517749588e-06,6.467547791544348e-06,1.990820919672842e-06
7453,1.9197468645870686e-05,2.7443554699857486e-06,6.706039584969403e-06,1.9494150365062524e-06
7454,1.8898554117185995e-05,2.8294075491430704e-06,6.339068931993097e-06,1.946015800058376e-06
7455,1.881409843917936e-05,2.7807202513940865e-06,6.3506186052109115e-06,1.9365518255654024e-06
7456,1.8967684809467755e-05,2.73769501291099e-06,6.54667246635654e-06,1.936663466040045e-06
7457,1.9135553884552792e-05,2.9087450457154773e-06,6.390628641383955e-06,1.9672359030664666e-06
7458,1.9124936443404295e-05,2.7413425414124504e-06,6.664147804258391e-06,1.9438891740719555e-06
7459,1.896364483400248e-05,2.8519036732177483e-06,6.3533461798215285e-06,1.951678768818965e-06
7460,1.882846663647797e-05,2.754079787337105e-06,6.418752491299529e-06,1.9311269170430023e-06
7461,1.8836759409168735e-05,2.751663714661845e-06,6.425655556085985e-06,1.9318881641083863e-06
7462,1.894065826490987e-05,2.844857135642087e-06,6.361307441693498e-06,1.946898692040122e-06
7463,1.9008179151569493e-05,2.7397923076932784e-06,6.582889000128489e-06,1.937099568749545e-06
7464,1.8970258679473773e-05,2.855839738913346e-06,6.371120434778277e-06,1.9486594737827545e-06
7465,1.8877210095524788e-05,2.7464136564958608e-06,6.473316716437694e-06,1.9314957171445712e-06
7466,1.8825196093530394e-05,2.777630243144813e-06,6.390724593074992e-06,1.9313681605126476e-06
7467,1.8854017980629578e-05,2.800246420520125e-06,6.370998107740888e-06,1.936554781423183e-06
7468,1.891967622213997e-05,2.746746758930385e-06,6.521860996144824e-06,1.9302137843624223e-06
7469,1.8954091501655057e-05,2.842388084900449e-06,6.3865982156130485e-06,1.9450208128546365e-06
7470,1.8936134438263252e-05,2.751731017269776e-06,6.53869528832729e-06,1.929141490109032e-06
7471,1.8902846932178363e-05,2.808464614645345e-06,6.4176956584560685e-06,1.93533742276486e-06
7472,1.8904484022641554e-05,2.7864268759003608e-06,6.476723228843184e-06,1.9282670109532773e-06
7473,1.8955310224555433e-05,2.775473603833234e-06,6.535150077979779e-06,1.928937308548484e-06
7474,1.9030214389204048e-05,2.8413680865924107e-06,6.515652330563171e-06,1.934638703460223e-06
7475,1.909865932248067e-05,2.7843927909998456e-06,6.6684806370176375e-06,1.9291571788926376e-06
7476,1.915852408274077e-05,2.859195774362888e-06,6.6362299548927695e-06,1.9326198525959626e-06
7477,1.9238083041273057e-05,2.8266897516004974e-06,6.768927960365545e-06,1.9284932477603434e-06
7478,1.9371695088921115e-05,2.8653878416662337e-06,6.879850843688473e-06,1.9252913716627518e-06
7479,1.9579085346776992e-05,2.912830268542166e-06,7.002578058745712e-06,1.9327351310494123e-06
7480,1.9865237845806405e-05,2.9239895411592443e-06,7.3257333497167565e-06,1.9231029000366107e-06
7481,2.0241208403604105e-05,3.0338926535478095e-06,7.526638910348993e-06,1.9361352769919904e-06
7482,2.0741634216392413e-05,3.0724520456715254e-06,8.061488188104704e-06,1.9215385691495612e-06
7483,2.1431864297483116e-05,3.216769300706801e-06,8.549552148906514e-06,1.9331087059981655e-06
7484,2.2397764041670598e-05,3.3700741823849967e-06,9.426016731595155e-06,1.9203346255380893e-06
7485,2.374372888880316e-05,3.5786522403213894e-06,1.051247090799734e-05,1.9305211935716216e-06
7486,2.558643973316066e-05,3.919909431715496e-06,1.2064547263435088e-05,1.9203966985514853e-06
7487,2.8072972781956196e-05,4.286388957552845e-06,1.4129414012131747e-05,1.931434098878526e-06
7488,3.135529550490901e-05,4.881140284851426e-06,1.688926204224117e-05,1.9169788174622227e-06
7489,3.55759693775326e-05,5.534514457394835e-06,2.036837031482719e-05,1.934616648213705e-06
7490,4.072643059771508e-05,6.427910648199031e-06,2.4741379093029536e-05,1.911427943923627e-06
7491,4.656363671529107e-05,7.360958534263773e-06,2.9499306037905626e-05,1.9406747924222145e-06
7492,5.2318348025437444e-05,8.351486030733213e-06,3.4427786886226386e-05,1.907814976220834e-06
7493,5.6740369473118335e-05,9.036381015903316e-06,3.7978781620040536e-05,1.9450405943644e-06
7494,5.8068802900379524e-05,9.327574844064657e-06,3.921136521967128e-05,1.9059725673287176e-06
7495,5.4956795793259516e-05,8.716979209566489e-06,3.6533616366796196e-05,1.941239816005691e-06
7496,4.720564538729377e-05,7.55042992750532e-06,3.0116058042040095e-05,1.907831801872817e-06
7497,3.670234582386911e-05,5.685248197551118e-06,2.1357034711400047e-05,1.9320123101351783e-06
7498,2.6677756977733225e-05,4.134871232963633e-06,1.2964359484612942e-05,1.9157048427587142e-06
7499,2.024424247792922e-05,2.986532081195037e-06,7.645467121619731e-06,1.922448518598685e-06
7500,1.8766284483717754e-05,2.7833107196784113e-06,6.36544336884981e-06,1.9235060335631715e-06
7501,2.146054248441942e-05,3.226556145818904e-06,8.661123501951806e-06,1.914572521855007e-06
7502,2.6096913643414155e-05,3.9731135075271595e-06,1.2489153959904797e-05,1.9269291442469694e-06
7503,3.0122053431114182e-05,4.683177849074127e-06,1.5883448213571683e-05,1.911085746542085e-06
7504,3.167429531458765e-05,4.892927790933754e-06,1.714552490739152e-05,1.92716811397986e-06
7505,3.0174749554134905e-05,4.695831194112543e-06,1.5921261365292594e-05,1.911531626319629e-06
7506,2.6482077373657376e-05,4.035327037854586e-06,1.2825377780245617e-05,1.924274783959845e-06
7507,2.2331110812956467e-05,3.385293211977114e-06,9.377072274219245e-06,1.9137489744025515e-06
7508,1.9437931769061834e-05,2.8821923478972167e-06,6.9575485213135835e-06,1.9196379525965312e-06
7509,1.8661587091628462e-05,2.755961531875073e-06,6.319323802017607e-06,1.9172603060724214e-06
7510,1.9759372662520036e-05,2.958841378131183e-06,7.2227403506985866e-06,1.9155581867380533e-06
7511,2.171633423131425e-05,3.2439816095575225e-06,8.868550139595754e-06,1.9207604964321945e-06
7512,2.33519785979297e-05,3.5687314721144503e-06,1.0221161574008875e-05,1.9124172467854805e-06
7513,2.3867243726272136e-05,3.59778459824156e-06,1.065888318407815e-05,1.9221154161641607e-06
7514,2.3110238544177264e-05,3.522782208165154e-06,1.0032429599959869e-05,1.9110054836346535e-06
7515,2.154031244572252e-05,3.224810825486202e-06,8.711946065886877e-06,1.9207113837182987e-06
7516,1.9903265638276935e-05,2.9745294796157395e-06,7.369455033767736e-06,1.9118560885544866e-06
7517,1.8847946194000542e-05,2.7949042760155862e-06,6.468573701567948e-06,1.916893779707607e-06
7518,1.864675505203195e-05,2.754185516096186e-06,6.323006346065085e-06,1.9139126834488707e-06
7519,1.915060420287773e-05,2.8536478566820733e-06,6.737006515322719e-06,1.9119900116493227e-06
7520,1.994283593376167e-05,2.967223736050073e-06,7.3969235927506816e-06,1.915737584567978e-06
7521,2.0573590518324636e-05,3.0890910238667857e-06,7.94225707068108e-06,1.908448439280619e-06
7522,2.0755933292093687e-05,3.1054491955728736e-06,8.069791874731891e-06,1.9161384443577845e-06
7523,2.045062319666613e-05,3.0658623018098297e-06,7.847272172512021e-06,1.9074977899435908e-06
7524,1.983453330467455e-05,2.9552215892181266e-06,7.306161933229305e-06,1.9146302747685695e-06
7525,1.918184534588363e-05,2.8540644052554853e-06,6.78392507325043e-06,1.908771082526073e-06
7526,1.8731207092059776e-05,2.7741314170270925e-06,6.3974744080042e-06,1.9119202079309616e-06
7527,1.859373332990799e-05,2.754715524133644e-06,6.283762559178285e-06,1.911050958369742e-06
7528,1.873588189482689e-05,2.777900590444915e-06,6.4110708990483545e-06,1.9093818082183134e-06
7529,1.902325493574608e-05,2.8227782422618475e-06,6.636969374085311e-06,1.9127014638797846e-06
7530,1.9295788661111146e-05,2.8747820124408463e-06,6.881787157908548e-06,1.907844080051291e-06
7531,1.94339136214694e-05,2.8876725082227495e-06,6.982412742218003e-06,1.9127655832562596e-06
7532,1.9394672563066706e-05,2.894301132982946e-06,6.963332452869508e-06,1.9074079773417907e-06
7533,1.921085458889138e-05,2.84957036456035e-06,6.804315489716828e-06,1.911393610498635e-06
7534,1.896264984679874e-05,2.822760052367812e-06,6.601246695936425e-06,1.9077285742241656e-06
7535,1.873849942057859e-05,2.7732448870665394e-06,6.4183923313976265e-06,1.90937248589762e-06
7536,1.8600441762828268e-05,2.759795734164072e-06,6.3000152294989675e-06,1.9081260234088404e-06
7537,1.8569087842479348e-05,2.7494411369843874e-06,6.282346475927625e-06,1.907460045913467e-06
7538,1.862499448179733e-05,2.759654535111622e-06,6.324224159470759e-06,1.9082231119682547e-06
7539,1.8724262190517038e-05,2.77990375252557e-06,6.4138544075831305e-06,1.9061008060816675e-06
7540,1.8818651369656436e-05,2.7883231723535573e-06,6.490350642707199e-06,1.907995510919136e-06
7541,1.8872520740842447e-05,2.80747190117836e-06,6.5383396758988965e-06,1.9053417190662003e-06
7542,1.8870816347771324e-05,2.795899945340352e-06,6.537406989082228e-06,1.9075018826697487e-06
7543,1.8819317119778134e-05,2.7986950499325758e-06,6.495801244454924e-06,1.9049641650781268e-06
7544,1.8738732251222245e-05,2.775585471681552e-06,6.4293108152924106e-06,1.9067672383243917e-06
7545,1.8653863662621006e-05,2.7689034141076263e-06,6.361087343975669e-06,1.9047743080591317e-06
7546,1.8585962607176043e-05,2.7533542379387654e-06,6.303309419308789e-06,1.9058597899856977e-06
7547,1.8547072613728233e-05,2.7482499262987403e-06,6.275253326748498e-06,1.9047138266614638e-06
7548,1.8538963558967225e-05,2.7486705675983103e-06,6.266157470236067e-06,1.9048271724386723e-06
7549,1.8554565031081438e-05,2.7475111892272253e-06,6.283700713538565e-06,1.9046707393499673e-06
7550,1.8582428310764953e-05,2.7575704280025093e-06,6.305973784037633e-06,1.9037768197449623e-06
7551,1.8610520783113316e-05,2.7564885840547504e-06,6.3314009821624495e-06,1.9045262433792232e-06
7552,1.8629696569405496e-05,2.765582166830427e-06,6.34992511550081e-06,1.902837652778544e-06
7553,1.8635149899637327e-05,2.7614214559434913e-06,6.352783657348482e-06,1.9041890482185408e-06
7554,1.86264151125215e-05,2.7644173314911313e-06,6.351286174322013e-06,1.9021422303922009e-06
7555,1.860667543951422e-05,2.7578810204431647e-06,6.33083163847914e-06,1.9035925333810155e-06
7556,1.858110226748977e-05,2.7563769435801078e-06,6.316263352346141e-06,1.9016923715753364e-06
7557,1.855472510214895e-05,2.750217163338675e-06,6.2906910898163915e-06,1.902763301586674e-06
7558,1.853215326264035e-05,2.747938879110734e-06,6.2771127886662725e-06,1.9014204326595063e-06
7559,1.8515787814976647e-05,2.74441777037282e-06,6.262360329856165e-06,1.9018017383132246e-06
7560,1.8506758351577446e-05,2.743639925029129e-06,6.257177119550761e-06,1.9011880567632033e-06
7561,1.8503917090129107e-05,2.7429359761299565e-06,6.256744200072717e-06,1.9008471099368762e-06
7562,1.850597618613392e-05,2.743437335084309e-06,6.258058419916779e-06,1.9008961089639342e-06
7563,1.8510527297621593e-05,2.7447354113974143e-06,6.265802767302375e-06,1.8999979829459335e-06
7564,1.8515618648962118e-05,2.7447197226138087e-06,6.268467132031219e-06,1.9004863816007855e-06
7565,1.851957495091483e-05,2.74708781944355e-06,6.276066869759234e-06,1.899283915918204e-06
7566,1.8521384845371358e-05,2.745375013546436e-06,6.276471140154172e-06,1.8999077155967825e-06
7567,1.8520717276260257e-05,2.7480821245262632e-06,6.279281024035299e-06,1.8986705754286959e-06
7568,1.851767774496693e-05,2.7446112653706223e-06,6.276817657635547e-06,1.8992496961800498e-06
7569,1.851240267569665e-05,2.747259259194834e-06,6.27461849944666e-06,1.8981048697241931e-06
7570,1.8505761545384303e-05,2.742862307059113e-06,6.270180165302008e-06,1.8985437009177986e-06
7571,1.8498294593882747e-05,2.744978019109112e-06,6.265435331442859e-06,1.8975763396156253e-06
7572,1.84906784852501e-05,2.740955096669495e-06,6.260476766328793e-06,1.8978494153998327e-06
7573,1.848334795795381e-05,2.742398692134884e-06,6.255754669837188e-06,1.8970389419337153e-06
7574,1.847670500865206e-05,2.7393721211410593e-06,6.251449576666346e-06,1.8971763893205207e-06
7575,1.8470993381924927e-05,2.7400462840887485e-06,6.248456429602811e-06,1.896497906272998e-06
7576,1.8465989342075773e-05,2.738530156420893e-06,6.245041731745005e-06,1.8964834680446074e-06
7577,1.846185296017211e-05,2.7382106964068953e-06,6.2439171415462624e-06,1.8959449334943201e-06
7578,1.8458502381690778e-05,2.7380326628190232e-06,6.241490609681932e-06,1.8957957763632294e-06
7579,1.8455833924235776e-05,2.737195927693392e-06,6.241752998903394e-06,1.8953768403662252e-06
7580,1.8453487427905202e-05,2.7376438538340153e-06,6.2403078118222766e-06,1.8951071751871496e-06
7581,1.845137740019709e-05,2.736575652306783e-06,6.240522452571895e-06,1.8948556999021093e-06
7582,1.84495365829207e-05,2.737376462391694e-06,6.240148650249466e-06,1.8944024304801133e-06
7583,1.8447661204845645e-05,2.7362548280507326e-06,6.239877620828338e-06,1.8943057966680499e-06
7584,1.8445975001668558e-05,2.7369769668439403e-06,6.240376933419611e-06,1.8937244021799415e-06
7585,1.8444075976731256e-05,2.7360670173948165e-06,6.239361027837731e-06,1.8937296317744767e-06
7586,1.8442417058395222e-05,2.73671003014897e-06,6.2405524658970535e-06,1.8930312535303528e-06
7587,1.8440525309415534e-05,2.735676844167756e-06,6.23910909780534e-06,1.8931477825390175e-06
7588,1.843875361373648e-05,2.736459691732307e-06,6.240493348741438e-06,1.8923599327536067e-06
7589,1.8436956452205777e-05,2.735296220635064e-06,6.23904770691297e-06,1.8925221638710354e-06
7590,1.8435322999721393e-05,2.7363548724679276e-06,6.24030963081168e-06,1.8917314719146816e-06
7591,1.843357676989399e-05,2.734785311986343e-06,6.239275535335764e-06,1.8919030253528035e-06
7592,1.8432114302413538e-05,2.736418764470727e-06,6.240285983949434e-06,1.8910817516371026e-06
7593,1.843083737185225e-05,2.7344078716851072e-06,6.2400076785706915e-06,1.8912842278950848e-06
7594,1.842989877332002e-05,2.7364696961740265e-06,6.241252322070068e-06,1.890435555651493e-06
7595,1.8429418560117483e-05,2.7342694011167623e-06,6.241654318728251e-06,1.890699309115007e-06
7596,1.842938036134001e-05,2.7368866994947894e-06,6.2436724874714855e-06,1.8897643485615845e-06
7597,1.843005884438753e-05,2.734529743975145e-06,6.2448179960483685e-06,1.8901424709838466e-06
7598,1.8431590433465317e-05,2.737673867159174e-06,6.248586487345165e-06,1.8890658566306229e-06
7599,1.84344025910832e-05,2.7354124085832154e-06,6.250939804886002e-06,1.8896098481491208e-06
7600,1.8438808183418587e-05,2.7393778054829454e-06,6.257701897993684e-06,1.888345423139981e-06
7601,1.844559119490441e-05,2.7373578177503077e-06,6.262679562496487e-06,1.889110762931523e-06
7602,1.8455313693266362e-05,2.7427856821304886e-06,6.27456211077515e-06,1.8875932710216148e-06
7603,1.8469272617949173e-05,2.7410594611865235e-06,6.285033123276662e-06,1.8886360066971974e-06
7604,1.8488941350369714e-05,2.749288114500814e-06,6.30566955805989e-06,1.8867967810365371e-06
7605,1.8516713680583052e-05,2.7485173177410616e-06,6.32718956694589e-06,1.8882013819165877e-06
7606,1.855559276009444e-05,2.7616517854767153e-06,6.364298315020278e-06,1.8859285546568572e-06
7607,1.8609971448313445e-05,2.763082875389955e-06,6.407633918570355e-06,1.887850885395892e-06
7608,1.8686325347516686e-05,2.78516199614387e-06,6.476368525909493e-06,1.8849592606784427e-06
7609,1.879437877505552e-05,2.7923763354920084e-06,6.56384736430482e-06,1.8876310150517384e-06
7610,1.894741944852285e-05,2.830640596584999e-06,6.697551725665107e-06,1.883845470729284e-06
7611,1.9165621779393405e-05,2.8521101285150507e-06,6.875482540635858e-06,1.8876058902606019e-06
7612,1.9477309251669794e-05,2.9216862458270043e-06,7.143212314986158e-06,1.8824821381713264e-06
7613,1.992553734453395e-05,2.9751674901490333e-06,7.510906470997725e-06,1.887892494778498e-06
7614,2.057208985206671e-05,3.1080314784048824e-06,8.060093932726886e-06,1.8807928654496209e-06
7615,2.1507086785277352e-05,3.2329201076208847e-06,8.831186278257519e-06,1.8885958752434817e-06
7616,2.2856540454085916e-05,3.494076963761472e-06,9.969298844225705e-06,1.8786329292197479e-06
7617,2.479999966453761e-05,3.7716627048212104e-06,1.1578847988857888e-05,1.8898979305959074e-06
7618,2.756850517471321e-05,4.287164756533457e-06,1.3902184946346097e-05,1.8758311171040987e-06
7619,3.145745358779095e-05,4.864214133704081e-06,1.713309029582888e-05,1.8920296724900254e-06
7620,3.675533662317321e-05,5.829750534758205e-06,2.1563964764936827e-05,1.8723244465945754e-06
7621,4.3676962377503514e-05,6.871604000480147e-06,2.7330250304657966e-05,1.8950219100588583e-06
7622,5.203782711760141e-05,8.395579243369866e-06,3.4300333936698735e-05,1.8683831513044424e-06
7623,6.1002050642855465e-05,9.714067346067168e-06,4.179693496553227e-05,1.8982096889885725e-06
7624,6.850934005342424e-05,1.117188367061317e-05,4.801057366421446e-05,1.8653769302545697e-06
7625,7.165176793932915e-05,1.1442235518188681e-05,5.071280611446127e-05,1.8993442836290342e-06
7626,6.747555744368583e-05,1.1034632734663319e-05,4.711045403382741e-05,1.8660944078874309e-06
7627,5.562963633565232e-05,8.775283276918344e-06,3.737898441613652e-05,1.8950738649436971e-06
7628,3.953313716920093e-05,6.370943538058782e-06,2.3799051632522605e-05,1.872628445198643e-06
7629,2.5484132493147627e-05,3.83641736334539e-06,1.2222911209391896e-05,1.8849610796678462e-06
7630,1.8680872017284855e-05,2.8206889055581996e-06,6.450021373893833e-06,1.8820320519807865e-06
7631,2.0236726413713768e-05,3.054400167457061e-06,7.8141738413251e-06,1.8736303672994836e-06
7632,2.709375439735595e-05,4.148255356994923e-06,1.3504071830539033e-05,1.8882852828028263e-06
7633,3.424975147936493e-05,5.424423306976678e-06,1.9490104023134336e-05,1.8670452845981345e-06
7634,3.742925764527172e-05,5.848362434335286e-06,2.213819789176341e-05,1.8885397139456472e-06
7635,3.498368459986523e-05,5.554696599574527e-06,2.008497904171236e-05,1.8688017462409334e-06
7636,2.8599628421943635e-05,4.388323304738151e-06,1.4793033187743276e-05,1.8836544768419117e-06
7637,2.200116250605788e-05,3.3911230730154784e-06,9.223030247085262e-06,1.8774018144540605e-06
7638,1.8543963960837573e-05,2.7382056941860355e-06,6.424875664379215e-06,1.8761766114039347e-06
7639,1.921768307511229e-05,2.8980332444916712e-06,6.894090802234132e-06,1.8851119421015028e-06
7640,2.249324825243093e-05,3.4306278848816874e-06,9.716091881273314e-06,1.8693057199925533e-06
7641,2.5690544134704396e-05,3.932931576855481e-06,1.2326507203397341e-05,1.8862210708903149e-06
7642,2.6692065148381516e-05,4.1639227674750146e-06,1.3190924619266298e-05,1.8674434159038356e-06
7643,2.505116572137922e-05,3.8055561617511557e-06,1.183590302389348e-05,1.881941216197447e-06
7644,2.1956795535515994e-05,3.3870796869450714e-06,9.205374226439744e-06,1.8728684381130734e-06
7645,1.9279315893072635e-05,2.856977062037913e-06,7.0415239861176815e-06,1.8761631963570835e-06
7646,1.8316750356461853e-05,2.7621156277746195e-06,6.149633009044919e-06,1.8810004576153005e-06
7647,1.9129236534354277e-05,2.857303343262174e-06,6.919134648342151e-06,1.8705596858126228e-06
7648,2.074901931337081e-05,3.1403048978972947e-06,8.18956959847128e-06,1.883829099824652e-06
7649,2.1946445485809818e-05,3.3461080874985782e-06,9.269189831684344e-06,1.8662294678506441e-06
7650,2.1985491912346333e-05,3.3315382097498514e-06,9.256369594368152e-06,1.8795169580698712e-06
7651,2.094290903187357e-05,3.1911663427308667e-06,8.420924132224172e-06,1.866163756858441e-06
7652,1.9517287000780925e-05,2.917880692621111e-06,7.2358029683528e-06,1.8727206452240353e-06
7653,1.8500775695429184e-05,2.7881606001756154e-06,6.356269295793027e-06,1.8712690916800057e-06
7654,1.8308703147340566e-05,2.7193436835659668e-06,6.250086698855739e-06,1.8678547348827124e-06
7655,1.8816337615135126e-05,2.8349340936983936e-06,6.59679653836065e-06,1.8769212601910112e-06
7656,1.954110302904155e-05,2.931311883003218e-06,7.283466402441263e-06,1.865264948719414e-06
7657,1.9981700461357832e-05,3.0188891742000123e-06,7.57304769649636e-06,1.8779527408696595e-06
7658,1.9896191588486545e-05,3.000313654411002e-06,7.572754839202389e-06,1.8646246644493658e-06
7659,1.9382381651666947e-05,2.9117650228727143e-06,7.099624781403691e-06,1.8741983467407408e-06
7660,1.875378075055778e-05,2.817593667714391e-06,6.603000201721443e-06,1.8666373762243893e-06
7661,1.8328981241211295e-05,2.734106601565145e-06,6.248482350201812e-06,1.8692783214646624e-06
7662,1.825851359171793e-05,2.7368785140424734e-06,6.168481831991812e-06,1.8706309674598742e-06
7663,1.8479913705959916e-05,2.7592732294579037e-06,6.391453098331112e-06,1.8658377030078555e-06
7664,1.879449700936675e-05,2.824842340487521e-06,6.601883796975017e-06,1.8735543108050479e-06
7665,1.8998165614902973e-05,2.846475126716541e-06,6.831703103671316e-06,1.8639975678524934e-06
7666,1.8986767827300355e-05,2.8556366942211753e-06,6.765841135347728e-06,1.873058067758393e-06
7667,1.878605326055549e-05,2.8130502869316842e-06,6.655471679550828e-06,1.8635063270266983e-06
7668,1.851292108767666e-05,2.776034762064228e-06,6.388465408235788e-06,1.8696841834753286e-06
7669,1.82979474629974e-05,2.7344090085534845e-06,6.241090886760503e-06,1.8644896044861525e-06
7670,1.821854675654322e-05,2.7253988719166955e-06,6.163902980915736e-06,1.8658490716916276e-06
7671,1.827261075959541e-05,2.732883558564936e-06,6.207676051417366e-06,1.8664103436094592e-06
7672,1.8396571249468252e-05,2.752639829850523e-06,6.3277843764808495e-06,1.8632296132636839e-06
7673,1.850840635597706e-05,2.774219410639489e-06,6.394459433067823e-06,1.8679456843528897e-06
7674,1.854913352872245e-05,2.776136852844502e-06,6.46264470560709e-06,1.8620702348925988e-06
7675,1.850548869697377e-05,2.7753806079999777e-06,6.390489033947233e-06,1.8679240838537225e-06
7676,1.8404933143756352e-05,2.7509688607096905e-06,6.343992936308496e-06,1.8619942920850008e-06
7677,1.829542452469468e-05,2.7418170702731004e-06,6.221818694029935e-06,1.8663575929167564e-06
7678,1.8219616322312504e-05,2.7197484087082557e-06,6.18698413745733e-06,1.8625768234414863e-06
7679,1.8197146346210502e-05,2.726036200328963e-06,6.150203262222931e-06,1.8641813994690892e-06
7680,1.8221482605440542e-05,2.7204880552744726e-06,6.1842974901082925e-06,1.863339434748923e-06
7681,1.8268285202793777e-05,2.7373182547307806e-06,6.219529950612923e-06,1.8622872630658094e-06
7682,1.8309590814169496e-05,2.7366072572476696e-06,6.253907940845238e-06,1.8638149867911125e-06
7683,1.8325466953683645e-05,2.7451546884549316e-06,6.274808583839331e-06,1.8611005998536712e-06
7684,1.8310722225578502e-05,2.7391981802793453e-06,6.253290848690085e-06,1.8636466165844467e-06
7685,1.827356572903227e-05,2.7344433419784764e-06,6.236220542632509e-06,1.8605804825710948e-06
7686,1.8229413399240002e-05,2.7281603252049536e-06,6.186967766552698e-06,1.8628570614964701e-06
7687,1.8193279174738564e-05,2.71920680461335e-06,6.171573659230489e-06,1.8604997649163124e-06
7688,1.8174334400100634e-05,2.721210648815031e-06,6.144740837044083e-06,1.8616767647472443e-06
7689,1.81733430508757e-05,2.714556558203185e-06,6.1561363509099465e-06,1.8605300056151464e-06
7690,1.8185153749072924e-05,2.7243056592851644e-06,6.158396899991203e-06,1.860490101535106e-06
7691,1.820088436943479e-05,2.7186388251720928e-06,6.18015110376291e-06,1.8604189335746923e-06
7692,1.8212307622889057e-05,2.729336756601697e-06,6.185319762153085e-06,1.8595301298773848e-06
7693,1.821462319639977e-05,2.721041255426826e-06,6.193323315528687e-06,1.8600517250888515e-06
7694,1.8207105313194916e-05,2.728270828811219e-06,6.184470294101629e-06,1.858872906268516e-06
7695,1.8192442439612933e-05,2.718247060329304e-06,6.1771843320457265e-06,1.8594023458717857e-06
7696,1.8175331206293777e-05,2.7221979053138057e-06,6.160654720588354e-06,1.8584958070277935e-06
7697,1.815986615838483e-05,2.7142029921378708e-06,6.152833520900458e-06,1.8585657244329923e-06
7698,1.8149192328564823e-05,2.7169242002855754e-06,6.141190169728361e-06,1.8582155689728097e-06
7699,1.8144375644624233e-05,2.7130490707349963e-06,6.142961865407415e-06,1.8576729416963644e-06
7700,1.8144412024412304e-05,2.715139316933346e-06,6.1396422097459435e-06,1.857926349657646e-06
7701,1.8147271475754678e-05,2.7147939363203477e-06,6.148254215077031e-06,1.8568447330835625e-06
7702,1.8150512914871797e-05,2.7155303996551083e-06,6.147498424979858e-06,1.857497068158409e-06
7703,1.8152102711610496e-05,2.7165701794729102e-06,6.154736183816567e-06,1.8561594288257766e-06
7704,1.815109499148093e-05,2.7152600523550063e-06,6.151306479296181e-06,1.8569058966022567e-06
7705,1.8147329683415592e-05,2.716481731113163e-06,6.152809874038212e-06,1.8556077066023136e-06
7706,1.8141443433705717e-05,2.713515186769655e-06,6.146959549369058e-06,1.8561936485639308e-06
7707,1.813454946386628e-05,2.714858737817849e-06,6.143680366221815e-06,1.8552018445916474e-06
7708,1.812760456232354e-05,2.71127851192432e-06,6.1394916883728e-06,1.8553668041931815e-06
7709,1.8121629182132892e-05,2.7130815851705847e-06,6.134210707386956e-06,1.8548672642282327e-06
7710,1.811693437048234e-05,2.709558430069592e-06,6.134732757345773e-06,1.8545284774518223e-06
7711,1.811369656934403e-05,2.7121836865262594e-06,6.1288319557206705e-06,1.854536321843625e-06
7712,1.8111637473339215e-05,2.70872124019661e-06,6.134336672403151e-06,1.8537159576226259e-06
7713,1.8110422388417646e-05,2.712012701522326e-06,6.127484994067345e-06,1.8541849158282275e-06
7714,1.8109527445631102e-05,2.7084347493655514e-06,6.136468982731458e-06,1.8529250382925966e-06
7715,1.8108441508957185e-05,2.712162540774443e-06,6.127524102339521e-06,1.8537510868554818e-06
7716,1.81069099198794e-05,2.7078740458819084e-06,6.138041499070823e-06,1.852198806773231e-06
7717,1.810487447073683e-05,2.7122703158966033e-06,6.126335392764304e-06,1.853253593253612e-06
7718,1.810213507269509e-05,2.706849500100361e-06,6.137760465207975e-06,1.8515047486289404e-06
7719,1.8099151930073276e-05,2.712120931391837e-06,6.123462299001403e-06,1.8527139218349475e-06
7720,1.8095715859089978e-05,2.7053172289015492e-06,6.1361315601971e-06,1.8508533230487956e-06
7721,1.809230525395833e-05,2.7121363928017672e-06,6.119297722761985e-06,1.8521744777899585e-06
7722,1.8088958313455805e-05,2.7034136564907385e-06,6.134432624094188e-06,1.8502221337257652e-06
7723,1.8085742340190336e-05,2.7125147425977048e-06,6.1148257373133674e-06,1.8516800537327072e-06
7724,1.8082906535710208e-05,2.7012677037419053e-06,6.133805072749965e-06,1.8495667291063e-06
7725,1.8080430891131982e-05,2.71350245384383e-06,6.110393769631628e-06,1.8513069335313048e-06
7726,1.807835178624373e-05,2.698887783481041e-06,6.135044714028481e-06,1.8488838122721063e-06
7727,1.80768493009964e-05,2.7153657811140874e-06,6.10606002737768e-06,1.851084675763559e-06
7728,1.8075748812407255e-05,2.6960044579027453e-06,6.138853677839506e-06,1.848178271757206e-06
7729,1.807541775633581e-05,2.7185453745914856e-06,6.101298822613899e-06,1.8511150301492307e-06
7730,1.8075857951771468e-05,2.6925188194582006e-06,6.146146006358322e-06,1.8474387388778268e-06
7731,1.807754597393796e-05,2.72357237918186e-06,6.09594371780986e-06,1.8516060436013504e-06
7732,1.8080818335874937e-05,2.6881834855885245e-06,6.158697033242788e-06,1.8467876543581951e-06
7733,1.8086633644998074e-05,2.731869017225108e-06,6.090346687415149e-06,1.8528837699705036e-06
7734,1.8095961422659457e-05,2.6829616217582952e-06,6.180519449117128e-06,1.8464960476194392e-06
7735,1.8110415112460032e-05,2.74557191914937e-06,6.08622258368996e-06,1.855724349297816e-06
7736,1.813272319850512e-05,2.67745963355992e-06,6.218876478669699e-06,1.8472773035682621e-06
7737,1.816678195609711e-05,2.7692753974406514e-06,6.089104317652527e-06,1.8616805164128891e-06
7738,1.8218779587186873e-05,2.6739173790701898e-06,6.29075202596141e-06,1.8508218317947467e-06
7739,1.8298022041562945e-05,2.8128858957643388e-06,6.114105417509563e-06,1.8742060774457059e-06
7740,1.841910125222057e-05,2.6794784844241804e-06,6.43231169306091e-06,1.861462123997626e-06
7741,1.860452539403923e-05,2.89637318928726e-06,6.200594725669362e-06,1.9015117231901968e-06
7742,1.8889186321757734e-05,2.713752110139467e-06,6.725575985910837e-06,1.8899713722930755e-06
7743,1.9327264453750104e-05,3.066199951717863e-06,6.449853572121356e-06,1.9622418676590314e-06
7744,2.0002842575195245e-05,2.828930746545666e-06,7.360827112279367e-06,1.9626170342235127e-06
7745,2.104456871165894e-05,3.42680755238689e-06,7.114826985343825e-06,2.100586925735115e-06
7746,2.2644439013674855e-05,3.1559914077661233e-06,8.773350600677077e-06,2.1430196284200065e-06
7747,2.507894896552898e-05,4.207427991786972e-06,8.790357242105529e-06,2.4162329737009713e-06
7748,2.8717913664877415e-05,3.990403456555214e-06,1.1884756531799212e-05,2.5685505988803925e-06
7749,3.398407352506183e-05,5.843635790370172e-06,1.2659091225941665e-05,3.0962692108005285e-06
7750,4.1198800317943096e-05,5.823110768687911e-06,1.812327900552191e-05,3.450482381595066e-06
7751,5.018525189370848e-05,8.748772415856365e-06,1.992044417420402e-05,4.30320733357803e-06
7752,5.96235113334842e-05,8.666925168654416e-06,2.726559432630893e-05,4.738198185805231e-06
7753,6.643355300184339e-05,1.1697249647113495e-05,2.742254946497269e-05,5.462751232698793e-06
7754,6.637180922552943e-05,9.83054269454442e-06,3.076922075706534e-05,5.154408427188173e-06
7755,5.678818706655875e-05,1.011923814075999e-05,2.3188993509393185e-05,4.695991265180055e-06
7756,4.0343609725823626e-05,5.8396763051860034e-06,1.7936672520590946e-05,3.3134522254840704e-06
7757,2.4920955183915794e-05,4.24700419898727e-06,8.80100742506329e-06,2.3745890302961925e-06
7758,1.8097103748004884e-05,2.6768941552290926e-06,6.222003321454395e-06,1.8396412997390144e-06
7759,2.1410010958788916e-05,3.027907268915442e-06,8.196410817618016e-06,2.037138756350032e-06
7760,3.0012812203494832e-05,5.225347649684409e-06,1.1087082384619862e-05,2.740076297413907e-06
7761,3.667298733489588e-05,5.258616965875262e-06,1.609528044355102e-05,3.063817757720244e-06
7762,3.6469034967012703e-05,6.43433804725646e-06,1.3993651919008698e-05,3.2082093639473896e-06
7763,2.9815644666086882e-05,4.2459278120077215e-06,1.2634856830118224e-05,2.586971731943777e-06
7764,2.1840030967723578e-05,3.648249503385159e-06,7.521631232521031e-06,2.1340299554140074e-06
7765,1.8032820662483573e-05,2.6797713417181512e-06,6.177436262078118e-06,1.8351228163737687e-06
7766,1.9898547179764137e-05,2.8404826935002347e-06,7.351783551712288e-06,1.941256186910323e-06
7767,2.447191218379885e-05,4.179540155746508e-06,8.630360753159039e-06,2.3324021185544552e-06
7768,2.7354028134141117e-05,3.87470663554268e-06,1.1325510058668442e-05,2.4307623789354693e-06
7769,2.6224428438581526e-05,4.5051683628116734e-06,9.376211892231368e-06,2.4686094093340216e-06
7770,2.228327502962202e-05,3.149102212773869e-06,8.65550282469485e-06,2.0957338620064547e-06
7771,1.8780232494464144e-05,2.9737932436546544e-06,6.270608992053894e-06,1.9071659380642814e-06
7772,1.808163506211713e-05,2.770533455986879e-06,6.060267878638115e-06,1.850166654548957e-06
7773,1.99294609046774e-05,2.843611582648009e-06,7.369928425760008e-06,1.943184088304406e-06
7774,2.2144464310258627e-05,3.7161680666031316e-06,7.632820597791579e-06,2.1590951746475184e-06
7775,2.269404285470955e-05,3.210383511031978e-06,8.889663149602711e-06,2.1187993297644425e-06
7776,2.1247498807497323e-05,3.518083758535795e-06,7.240515515150037e-06,2.0977799977117684e-06
7777,1.9133232854073867e-05,2.7508258426678367e-06,6.907518582011107e-06,1.8949776858789846e-06
7778,1.7981652490561828e-05,2.7358767056284705e-06,6.053241122572217e-06,1.8385067050985526e-06
7779,1.83692536666058e-05,2.86445742858632e-06,6.132886483101174e-06,1.8743819509836612e-06
7780,1.9565686670830473e-05,2.8008032586512854e-06,7.1665981522528455e-06,1.919656824611593e-06
7781,2.036380101344548e-05,3.3402293411199935e-06,6.893085810588673e-06,2.026097035923158e-06
7782,2.0108953322051093e-05,2.869331865440472e-06,7.4835588748101145e-06,1.951212425410631e-06
7783,1.909876118588727e-05,3.0527451144735096e-06,6.389760983438464e-06,1.9312510630697943e-06
7784,1.8171518604503945e-05,2.6727764179668156e-06,6.308064257609658e-06,1.8381355175733916e-06
7785,1.7948506865650415e-05,2.6838517896976555e-06,6.1198843468446285e-06,1.8289540548721561e-06
7786,1.839636570366565e-05,2.8759095584973693e-06,6.137196578492876e-06,1.8766519360724487e-06
7787,1.8982191249961033e-05,2.737018803600222e-06,6.822633622505236e-06,1.8845079239326878e-06
7788,1.9178343791281804e-05,3.072776962653734e-06,6.412762559193652e-06,1.9385606719879434e-06
7789,1.8858965631807223e-05,2.7263711217528908e-06,6.753256457159296e-06,1.875867724265845e-06
7790,1.831472764024511e-05,2.8565093543875264e-06,6.1121500039007515e-06,1.8692138610276743e-06
7791,1.7952857888303697e-05,2.6789152798301075e-06,6.133424449217273e-06,1.828103449952323e-06
7792,1.7969137843465433e-05,2.6746945422928547e-06,6.152322839625413e-06,1.8284241605215357e-06
7793,1.8245380488224328e-05,2.8378540264384355e-06,6.09769813308958e-06,1.8619655293150572e-06
7794,1.8500006262911484e-05,2.6916113711195067e-06,6.5357485254935455e-06,1.8545290458860109e-06
7795,1.8525384803069755e-05,2.9144409836590057e-06,6.187139206303982e-06,1.8847607634597807e-06
7796,1.8322789401281625e-05,2.67927043751115e-06,6.4244832174154e-06,1.843807353907323e-06
7797,1.8059328795061447e-05,2.7807832339021843e-06,6.057277460058685e-06,1.844253688432218e-06
7798,1.7915492207976058e-05,2.6875798084802227e-06,6.095316166465636e-06,1.8265192238686723e-06
7799,1.7953370843315497e-05,2.6784039164340356e-06,6.146372470539063e-06,1.8257190959047875e-06
7800,1.8098380678566173e-05,2.791245606204029e-06,6.063246473786421e-06,1.848777742452512e-06
7801,1.8218968762084842e-05,2.6768443603941705e-06,6.356463927659206e-06,1.8371322312304983e-06
7802,1.822950434871018e-05,2.8290776299400022e-06,6.101568942540325e-06,1.85977137334703e-06
7803,1.8139984604204074e-05,2.6775462629302638e-06,6.304622274910798e-06,1.8315631677978672e-06
7804,1.8030750652542338e-05,2.756844423856819e-06,6.084369488235097e-06,1.837907461776922e-06
7805,1.7984755686484277e-05,2.704907728912076e-06,6.162635145301465e-06,1.8234424032925745e-06
7806,1.8034397726296447e-05,2.69933093477448e-06,6.210741503309691e-06,1.8248650803798228e-06
7807,1.815278119465802e-05,2.7846435841638595e-06,6.203565135365352e-06,1.8329144495510263e-06
7808,1.8288443243363872e-05,2.7075141133536818e-06,6.4444348026881926e-06,1.8272987745149294e-06
7809,1.8410941265756264e-05,2.8430420115910238e-06,6.381555976986419e-06,1.837268769122602e-06
7810,1.8535212802817114e-05,2.753257604126702e-06,6.652267984463833e-06,1.825937374633213e-06
7811,1.8718572391662747e-05,2.8723638934025075e-06,6.715921244904166e-06,1.8260575416206848e-06
7812,1.9037601305171847e-05,2.86805607174756e-06,7.038391231617425e-06,1.8262309140482103e-06
7813,1.9569375581340864e-05,2.977377334900666e-06,7.498311788367573e-06,1.8187371324529522e-06
7814,2.0393254089867696e-05,3.125217517663259e-06,8.076514859567396e-06,1.8383042288405704e-06
7815,2.1613286662613973e-05,3.29414820043894e-06,9.213299563270994e-06,1.821167870730278e-06
7816,2.3397809854941443e-05,3.6320468552730745e-06,1.050966966431588e-05,1.8512185988583951e-06
7817,2.600311563583091e-05,4.028969669889193e-06,1.2865687494922895e-05,1.8216915123048238e-06
7818,2.9801405617035925e-05,4.672669547289843e-06,1.5859093764447607e-05,1.853928665696003e-06
7819,3.5229564673500136e-05,5.59476256967173e-06,2.0555424271151423e-05,1.8158756347474991e-06
7820,4.2730316636152565e-05,6.7734681579167955e-06,2.669717650860548e-05,1.851934143815015e-06
7821,5.2407034672796726e-05,8.498855095240287e-06,3.486277273623273e-05,1.8090809135173913e-06
7822,6.366230809362605e-05,1.018948751152493e-05,4.420357436174527e-05,1.8538489712227602e-06
7823,7.431495760101825e-05,1.2194595910841599e-05,5.309625339577906e-05,1.8048212950816378e-06
7824,8.063928544288501e-05,1.295198035222711e-05,5.839281584485434e-05,1.8588976899991394e-06
7825,7.8045399277471e-05,1.2851827705162577e-05,5.616897396976128e-05,1.8049199752567802e-06
7826,6.482492608483881e-05,1.0321882655262016e-05,4.522263043327257e-05,1.85608291758399e-06
7827,4.473365697776899e-05,7.28036638975027e-06,2.8412559913704172e-05,1.8081461803376442e-06
7828,2.655546813912224e-05,4.071597231813939e-06,1.3307437257026322e-05,1.835286866480601e-06
7829,1.807867010938935e-05,2.735092493821867e-06,6.265289812290575e-06,1.8156576970795868e-06
7830,2.0986368326703086e-05,3.271415607741801e-06,8.649646588310134e-06,1.8130612033928628e-06
7831,3.054511034861207e-05,4.725028702523559e-06,1.6665004295646213e-05,1.8310158793610753e-06
7832,3.927953002857976e-05,6.337736067507649e-06,2.3915043129818514e-05,1.8053502799375565e-06
7833,4.1392078856006265e-05,6.5362896748411e-06,2.5649664166849107e-05,1.8412250710753142e-06
7834,3.575741720851511e-05,5.7207462305086665e-06,2.1003947040298954e-05,1.8065446738546598e-06
7835,2.6398936824989505e-05,4.09181438953965e-06,1.3145383491064422e-05,1.8323476069781464e-06
7836,1.929972495418042e-05,2.9494749469449744e-06,7.29319117453997e-06,1.811412062124873e-06
7837,1.8090691810357384e-05,2.7587889235292096e-06,6.25845405011205e-06,1.814689767343225e-06
7838,2.1904887034907006e-05,3.343938033140148e-06,9.44693420024123e-06,1.8228029148303904e-06
7839,2.6789952244143933e-05,4.233981599099934e-06,1.3522571862267796e-05,1.8066800748783862e-06
7840,2.8866101274616085e-05,4.4793819142796565e-06,1.5230588360282127e-05,1.8312262000108603e-06
7841,2.681781552382745e-05,4.241952865413623e-06,1.3540922736865468e-05,1.8069882798954495e-06
7842,2.2398649889510125e-05,3.423258021939546e-06,9.844520718615968e-06,1.8261739569425117e-06
7843,1.8718796127359383e-05,2.864505177058163e-06,6.7966866481583565e-06,1.8115208604285726e-06
7844,1.7859569197753444e-05,2.7171161036676494e-06,6.070653853385011e-06,1.8143600755138323e-06
7845,1.9600201994762756e-05,2.9671157335542375e-06,7.53507083572913e-06,1.8196030850958778e-06
7846,2.2019466996425763e-05,3.4388317544653546e-06,9.54349889070727e-06,1.8074269974022172e-06
7847,2.3129297915147617e-05,3.540667194101843e-06,1.0469890185049735e-05,1.8237482208860456e-06
7848,2.2217272999114357e-05,3.4668123589653987e-06,9.721201422507875e-06,1.805851979952422e-06
7849,2.010031312238425e-05,3.0576020435546525e-06,7.949796781758778e-06,1.8185830867878394e-06
7850,1.8278738934895955e-05,2.7890328055946156e-06,6.448669410019647e-06,1.8082073438563384e-06
7851,1.7785687305149622e-05,2.7007804419554304e-06,6.0356642279657535e-06,1.8098485270456877e-06
7852,1.856918061093893e-05,2.8147037482995074e-06,6.687719633191591e-06,1.813351445889566e-06
7853,1.9745317331398837e-05,3.0426549528783653e-06,7.679398549953476e-06,1.8046528111881344e-06
7854,2.0354280422907323e-05,3.102044729530462e-06,8.171109584509395e-06,1.8162251080866554e-06
7855,2.000520544243045e-05,3.0872081424604403e-06,7.897747309471015e-06,1.8040499298876966e-06
7856,1.9024228095076978e-05,2.8875736006739317e-06,7.068171726132277e-06,1.8136964854420512e-06
7857,1.809643072192557e-05,2.7593828235694673e-06,6.302505425992422e-06,1.8069085854222067e-06
7858,1.7746959201758727e-05,2.691417648748029e-06,6.010872311890125e-06,1.808933575375704e-06
7859,1.802897168090567e-05,2.7314188173477305e-06,6.241206392587628e-06,1.8112694988303701e-06
7860,1.8585069483378902e-05,2.8454871880967403e-06,6.711484729748918e-06,1.805619604056119e-06
7861,1.896013054647483e-05,2.8758959160768427e-06,7.0168912316148635e-06,1.8134689980797702e-06
7862,1.890706698759459e-05,2.9024051855230937e-06,6.9808593252673745e-06,1.8047605863102945e-06
7863,1.8500670194043778e-05,2.8029828627040843e-06,6.639661478402559e-06,1.811605216062162e-06
7864,1.8024196833721362e-05,2.748280621744925e-06,6.24610129307257e-06,1.8059628246192005e-06
7865,1.775193595676683e-05,2.689641632969142e-06,6.023637070029508e-06,1.8077316781273112e-06
7866,1.778153091436252e-05,2.6968264137394726e-06,6.044097517587943e-06,1.8081210555465077e-06
7867,1.801077087293379e-05,2.7429912279330892e-06,6.2453705140796956e-06,1.8044820535578765e-06
7868,1.824033461161889e-05,2.765446652119863e-06,6.42837676423369e-06,1.809302375477273e-06
7869,1.8312615793547593e-05,2.797395154630067e-06,6.499574283225229e-06,1.803129293875827e-06
7870,1.8196096789324656e-05,2.7575176773098065e-06,6.397317520168144e-06,1.8082523638440762e-06
7871,1.797721597540658e-05,2.739699766607373e-06,6.219109309313353e-06,1.8036813571598032e-06
7872,1.778567093424499e-05,2.693955821087002e-06,6.062146894691978e-06,1.8059134845316294e-06
7873,1.771145616658032e-05,2.689544771783403e-06,5.995617812004639e-06,1.805258989406866e-06
7874,1.776060526026413e-05,2.6967186386173125e-06,6.045223017281387e-06,1.8037327436104533e-06
7875,1.787018118193373e-05,2.7090256935480284e-06,6.128756922407774e-06,1.8064797586703207e-06
7876,1.7957605450646952e-05,2.7349287847755477e-06,6.2099916249280795e-06,1.8025369854512974e-06
7877,1.7969920008908957e-05,2.7222388325753855e-06,6.216326255525928e-06,1.8062708022625884e-06
7878,1.7906055290950462e-05,2.7273463274468668e-06,6.166198545543011e-06,1.8025020835921168e-06
7879,1.7807014955906197e-05,2.6966713448928203e-06,6.086138000682695e-06,1.8048413039650768e-06
7880,1.7724574718158692e-05,2.6942541353491833e-06,6.014266546117142e-06,1.8032108073384734e-06
7881,1.769231676007621e-05,2.6820521270565223e-06,5.994795174046885e-06,1.8030939372692956e-06
7882,1.771125607774593e-05,2.6873221941059455e-06,6.004116585245356e-06,1.8039634142041905e-06
7883,1.7756206943886355e-05,2.6974087177222827e-06,6.050257979950402e-06,1.801708094717469e-06
7884,1.779457670636475e-05,2.697433956200257e-06,6.07695301368949e-06,1.8040379927697359e-06
7885,1.7804175513447262e-05,2.7080091058451217e-06,6.0908096202183515e-06,1.8010713347393903e-06
7886,1.7781416318030097e-05,2.6943341708829394e-06,6.070932613511104e-06,1.8032299067272106e-06
7887,1.7739883332978934e-05,2.6972984414896928e-06,6.037012553861132e-06,1.8011145357377245e-06
7888,1.769944719853811e-05,2.6820280254469253e-06,6.007555384712759e-06,1.8019725303020095e-06
7889,1.7675682101980783e-05,2.684576884348644e-06,5.983885785099119e-06,1.8014437728197663e-06
7890,1.7673355614533648e-05,2.680600800886168e-06,5.98929818806937e-06,1.8006910522672115e-06
7891,1.7686439605313353e-05,2.683372485989821e-06,5.995028004690539e-06,1.8016079366134363e-06
7892,1.7703414414427243e-05,2.688499762371066e-06,6.016136921971338e-06,1.799755636966438e-06
7893,1.7713573470246047e-05,2.685648041733657e-06,6.021562512614764e-06,1.8012729015026707e-06
7894,1.7711547116050497e-05,2.691514055186417e-06,6.0236802710278425e-06,1.7992706489167176e-06
7895,1.769841037457809e-05,2.6824575343198376e-06,6.013535312376916e-06,1.8004834601015318e-06
7896,1.767998946888838e-05,2.6864261144510238e-06,5.997944754199125e-06,1.7991236518355436e-06
7897,1.766304558259435e-05,2.6774994239531225e-06,5.988275916024577e-06,1.7994540257859626e-06
7898,1.765266279107891e-05,2.680517127373605e-06,5.97656617173925e-06,1.7991158074437408e-06
7899,1.764999979059212e-05,2.677228394531994e-06,5.9806034187204204e-06,1.7984338001042488e-06
7900,1.7653244867688045e-05,2.678910504982923e-06,5.979512479825644e-06,1.7989641492022201e-06
7901,1.7658148863120005e-05,2.68040162154648e-06,5.989526016492164e-06,1.7976442450162722e-06
7902,1.7661410311120562e-05,2.6789634830493014e-06,5.989794772176538e-06,1.79853054760315e-06
7903,1.7660579032963142e-05,2.682258127606474e-06,5.992827027512249e-06,1.7970987755688839e-06
7904,1.7655482224654406e-05,2.677216571100871e-06,5.988996235828381e-06,1.7978537698581931e-06
7905,1.764779517543502e-05,2.680606939975405e-06,5.9832705119333696e-06,1.7967836356547195e-06
7906,1.763946784194559e-05,2.674905090316315e-06,5.979391971777659e-06,1.797034201445058e-06
7907,1.763238469720818e-05,2.677563315955922e-06,5.971969130769139e-06,1.7965704728339915e-06
7908,1.7627855413593352e-05,2.6739130589703564e-06,5.9727890402427875e-06,1.7962303218155284e-06
7909,1.7625759937800467e-05,2.6755506041808985e-06,5.968722689431161e-06,1.7962971696761088e-06
7910,1.7625317923375405e-05,2.674775714694988e-06,5.972992767055985e-06,1.7955098883248866e-06
7911,1.76255198311992e-05,2.6744887691165786e-06,5.9716157920775e-06,1.7958832358999643e-06
7912,1.762510510161519e-05,2.675967834875337e-06,5.974638042971492e-06,1.7948998447536724e-06
7913,1.7623413441469893e-05,2.6734719540399965e-06,5.973347469989676e-06,1.7953186670638388e-06
7914,1.7620437574805692e-05,2.6759380489238538e-06,5.972366125206463e-06,1.7944265664482373e-06
7915,1.7616715922486037e-05,2.6721597805590136e-06,5.971408427285496e-06,1.7946293837667326e-06
7916,1.7612284864299e-05,2.6747943593363743e-06,5.967414836050011e-06,1.7940152474693605e-06
7917,1.760810482664965e-05,2.6710677047958598e-06,5.967526703898329e-06,1.7939021290658275e-06
7918,1.7604499589651823e-05,2.6732845981314313e-06,5.963192961644381e-06,1.7936042695509968e-06
7919,1.760137456585653e-05,2.670712319741142e-06,5.964669071545359e-06,1.7931988622876815e-06
7920,1.7599124475964345e-05,2.6718212211562786e-06,5.96153040532954e-06,1.7931546381078078e-06
7921,1.75973054865608e-05,2.670996991582797e-06,5.9635003708535805e-06,1.7925617612490896e-06
7922,1.7595630197320133e-05,2.6706452445068862e-06,5.961738679616246e-06,1.792649413800973e-06
7923,1.7593851225683466e-05,2.6712498311098898e-06,5.962598152109422e-06,1.7920009440786089e-06
7924,1.7591915820958093e-05,2.669592049642233e-06,5.961901024420513e-06,1.7920847312780097e-06
7925,1.7589649360161275e-05,2.671196170922485e-06,5.9609774325508624e-06,1.7914951513375854e-06
7926,1.7587024558451958e-05,2.668616161827231e-06,5.96089921600651e-06,1.7915019725478487e-06
7927,1.7584223314770497e-05,2.670688218131545e-06,5.958340807410423e-06,1.7910388123709708e-06
7928,1.7581256543053314e-05,2.6677219011617126e-06,5.95908841205528e-06,1.7908890868056915e-06
7929,1.7578311599208973e-05,2.6698328383645276e-06,5.9555941334110685e-06,1.790576902749308e-06
7930,1.7575475794728845e-05,2.667108674359042e-06,5.957022949587554e-06,1.79026892510592e-06
7931,1.7572747310623527e-05,2.6687935132940765e-06,5.953513209533412e-06,1.790088049347105e-06
7932,1.7570288036949933e-05,2.6668035388865974e-06,5.955199412710499e-06,1.7896570625453023e-06
7933,1.756790697982069e-05,2.6677371351979673e-06,5.952317224000581e-06,1.7895705468617962e-06
7934,1.756548590492457e-05,2.6666405119613046e-06,5.953445906925481e-06,1.789079760783352e-06
7935,1.756332494551316e-05,2.6667164547689026e-06,5.951540970272617e-06,1.789013595043798e-06
7936,1.7561029380885884e-05,2.666510454218951e-06,5.951872481091414e-06,1.7885294028019416e-06
7937,1.7558864783495665e-05,2.665705096660531e-06,5.95091114519164e-06,1.7884498220155365e-06
7938,1.7556547390995547e-05,2.666398586370633e-06,5.9501626310520805e-06,1.7879973484014045e-06
7939,1.7554248188389465e-05,2.664725116119371e-06,5.950179911451414e-06,1.7878686549011036e-06
7940,1.7551818018546328e-05,2.6660777621145826e-06,5.948329999228008e-06,1.78748211965285e-06
7941,1.7549420590512455e-05,2.663849045347888e-06,5.949286787654273e-06,1.7872570197141613e-06
7942,1.7546954040881246e-05,2.665685087777092e-06,5.946356395725161e-06,1.7869822386273881e-06
7943,1.7544403817737475e-05,2.6630132197169587e-06,5.9480180425453e-06,1.7866742609840003e-06
7944,1.754191907821223e-05,2.665080728547764e-06,5.9445073929964565e-06,1.7864662140709697e-06
7945,1.7539485270390287e-05,2.6624456950230524e-06,5.946522378508234e-06,1.7861036667454755e-06
7946,1.7536869563627988e-05,2.664336989255389e-06,5.9428448366816156e-06,1.7859375702755642e-06
7947,1.7534537619212642e-05,2.661989356056438e-06,5.944857548456639e-06,1.7855381884146482e-06
7948,1.7531910998513922e-05,2.663484337972477e-06,5.941492418060079e-06,1.785386757546803e-06
7949,1.752946809574496e-05,2.661588268892956e-06,5.94297034695046e-06,1.784982032404514e-06
7950,1.752702155499719e-05,2.662583938217722e-06,5.940248229308054e-06,1.7848379911811207e-06
7951,1.752462048898451e-05,2.6612540295900544e-06,5.9411986512714066e-06,1.7844333797256695e-06
7952,1.7522195776109584e-05,2.6616771720000543e-06,5.939211405348033e-06,1.7842613715401967e-06
7953,1.7519840184831992e-05,2.6609163796820212e-06,5.939422408118844e-06,1.7839005295172683e-06
7954,1.7517415471957065e-05,2.6608677217154764e-06,5.938089998380747e-06,1.783691573109536e-06
7955,1.7515016224933788e-05,2.660560312506277e-06,5.937677087786142e-06,1.7833556285040686e-06
7956,1.7512655176687986e-05,2.6599709599395283e-06,5.937030437053181e-06,1.7831305285653798e-06
7957,1.751023046381306e-05,2.6601962872518925e-06,5.935925400990527e-06,1.7828217551141279e-06
7958,1.7507911252323538e-05,2.6591999358061003e-06,5.93595268583158e-06,1.7825519762482145e-06
7959,1.750550654833205e-05,2.6597883788781473e-06,5.934271939622704e-06,1.7822893596530776e-06
7960,1.7503065464552492e-05,2.6583627459331183e-06,5.934787168371258e-06,1.7819829736254178e-06
7961,1.7500742615084164e-05,2.659462552401237e-06,5.932493422733387e-06,1.7817573052525404e-06
7962,1.74983506440185e-05,2.6574969069770304e-06,5.933832653681748e-06,1.781404193934577e-06
7963,1.7495978681836277e-05,2.659113079062081e-06,5.930736278969562e-06,1.7812259329730296e-06
7964,1.7493654013378546e-05,2.6566945052763913e-06,5.93285403738264e-06,1.7808209804570652e-06
7965,1.7491225662524812e-05,2.658790435816627e-06,5.9289263845130336e-06,1.780701836651133e-06
7966,1.7488953744759783e-05,2.655832076925435e-06,5.931849500484532e-06,1.780254592631536e-06
7967,1.7486552678747103e-05,2.6585228170006303e-06,5.927135134697892e-06,1.7801788771976135e-06
7968,1.7484302588854916e-05,2.6549596441327594e-06,5.931050509389024e-06,1.7796585325413616e-06
7969,1.7481946997577325e-05,2.6582695227261866e-06,5.925402547291014e-06,1.7796547808757168e-06
7970,1.7479742382420227e-05,2.6539480586507125e-06,5.930466613790486e-06,1.7790653146221302e-06
7971,1.747748137859162e-05,2.658317953319056e-06,5.923433491261676e-06,1.7791459185900749e-06
7972,1.7475233107688837e-05,2.652820285220514e-06,5.930074621574022e-06,1.77846754922939e-06
7973,1.7473154002800584e-05,2.658433459146181e-06,5.921343017689651e-06,1.7786755961424205e-06
7974,1.7471111277700402e-05,2.651635668371455e-06,5.9302324189047795e-06,1.7778485243979958e-06
7975,1.7469297745265067e-05,2.658888433870743e-06,5.919379873375874e-06,1.7782058421289548e-06
7976,1.7467547877458856e-05,2.6501031697989674e-06,5.9313015299267136e-06,1.7772285900718998e-06
7977,1.7466194549342617e-05,2.659912752278615e-06,5.9174071793677285e-06,1.7777751963876653e-06
7978,1.7465157725382596e-05,2.648481313372031e-06,5.933743068453623e-06,1.7765866004992859e-06
7979,1.746470297803171e-05,2.6615248316375073e-06,5.916016107221367e-06,1.7774324305719347e-06
7980,1.7465023120166734e-05,2.646530447236728e-06,5.9387757573858835e-06,1.7759432466846192e-06
7981,1.7466489225625992e-05,2.6647398954082746e-06,5.915871952311136e-06,1.777175384631846e-06
7982,1.7469716112827882e-05,2.6443494789418764e-06,5.9489252635103185e-06,1.775288296812505e-06
7983,1.747544956742786e-05,2.6701873139245436e-06,5.919599061599001e-06,1.7771327520677005e-06
7984,1.7484731870354153e-05,2.642502977323602e-06,5.9690801208489574e-06,1.7746297089615837e-06
7985,1.7499598470749334e-05,2.6801074000104563e-06,5.932397925789701e-06,1.7774185607777326e-06
7986,1.7522797861602157e-05,2.6421148504596204e-06,6.010055585647933e-06,1.774125621523126e-06
7987,1.7558686522534117e-05,2.6987604542227928e-06,5.967866854916792e-06,1.7784115016183932e-06
7988,1.761374187481124e-05,2.64705226982187e-06,6.096327979321359e-06,1.7740724160830723e-06
7989,1.7698424926493317e-05,2.735290081545827e-06,6.058881808712613e-06,1.7808506527217105e-06
7990,1.782906474545598e-05,2.667038870640681e-06,6.285757535806624e-06,1.775253622327e-06
7991,1.8030455976258963e-05,2.8112319796491647e-06,6.28726866125362e-06,1.7863908396975603e-06
7992,1.8342278053751215e-05,2.727654646150768e-06,6.7162841332901735e-06,1.779667741175217e-06
7993,1.882690776255913e-05,2.9760483357677003e-06,6.856418622191995e-06,1.7988883200814598e-06
7994,1.958315260708332e-05,2.895513262046734e-06,7.725317118456587e-06,1.792464445316e-06
7995,2.076433338515926e-05,3.3494472972961375e-06,8.27794247015845e-06,1.827388814490405e-06
7996,2.2609448933508247e-05,3.3386190807505045e-06,1.0139426194655243e-05,1.8262805951962946e-06
7997,2.547886106185615e-05,4.214612999930978e-06,1.1799269486800767e-05,1.8929957832369837e-06
7998,2.9897493732278235e-05,4.457522209122544e-06,1.588546729180962e-05,1.910900664370274e-06
7999,3.656056651379913e-05,6.181579919939395e-06,2.0178204067633487e-05,2.040156232396839e-06
8000,4.625543442671187e-05,7.037758223304991e-06,2.8705895601888187e-05,2.102356120303739e-06
8001,5.948138641542755e-05,1.01616160463891e-05,3.767027010326274e-05,2.329899643882527e-06
8002,7.565256964880973e-05,1.17302379294415e-05,5.173273530090228e-05,2.4379180558753433e-06
8003,9.167693497147411e-05,1.566082391946111e-05,6.249768193811178e-05,2.703686732274946e-06
8004,0.00010123046376975253,1.5784959032316692e-05,7.203142013167962e-05,2.6828174668480642e-06
8005,9.655426401877776e-05,1.643570612941403e-05,6.680921069346368e-05,2.6618697575031547e-06
8006,7.519169594161212e-05,1.157169299403904e-05,5.229094313108362e-05,2.2658125544694485e-06
8007,4.55526533187367e-05,7.676089808228426e-06,2.8114944143453613e-05,1.9523242826835485e-06
8008,2.3447242710972205e-05,3.5598470731201814e-06,1.101924863178283e-05,1.7736296058501466e-06
8009,1.943802271853201e-05,2.779727310553426e-06,7.197259037639014e-06,1.8922072513305466e-06
8010,3.1059738830663264e-05,5.280991445033578e-06,1.4133922377368435e-05,2.3289651380764553e-06
8011,4.615462967194617e-05,6.76555009704316e-06,2.6593846996547654e-05,2.5590463792468654e-06
8012,5.207645517657511e-05,8.918142157199327e-06,2.9379511033766903e-05,2.7557603061723057e-06
8013,4.424365033628419e-05,6.51822711006389e-06,2.5588413336663507e-05,2.4274024781334447e-06
8014,2.918725112976972e-05,4.902285581920296e-06,1.3616432624985464e-05,2.133706630047527e-06
8015,1.8611857740324922e-05,2.733861947490368e-06,6.882751222292427e-06,1.7990489595831605e-06
8016,1.8981892935698852e-05,2.827917569447891e-06,7.265632575581549e-06,1.777668330760207e-06
8017,2.6914398404187523e-05,4.464949142857222e-06,1.254551716556307e-05,1.980786237254506e-06
8018,3.3666263334453106e-05,4.951735263603041e-06,1.828528183978051e-05,2.0858490188402357e-06
8019,3.306558937765658e-05,5.5829509619798046e-06,1.6681065972079523e-05,2.1603145796689205e-06
8020,2.6151268684770912e-05,3.7990801047271816e-06,1.2562855772557668e-05,1.9578665160224773e-06
8021,1.923617128340993e-05,3.1120077892410336e-06,6.90340584696969e-06,1.8441514839651063e-06
8022,1.7621958249947056e-05,2.715250730034313e-06,6.0973743529757485e-06,1.7618667698116042e-06
8023,2.114779817929957e-05,3.12708016281249e-06,9.041175871971063e-06,1.7959084743779385e-06
8024,2.5346113034174778e-05,4.20014248447842e-06,1.166269248642493e-05,1.8966554762300802e-06
8025,2.605184999993071e-05,3.827499313047156e-06,1.2842175237892661e-05,1.8764350215860759e-06
8026,2.288209361722693e-05,3.7564577723969705e-06,9.841371138463728e-06,1.8568529185358784e-06
8027,1.8910250219050795e-05,2.81925781564496e-06,7.231725248857401e-06,1.7718535900712595e-06
8028,1.73750777321402e-05,2.6403820356790675e-06,5.9346339185140096e-06,1.7600123101146892e-06
8029,1.882939977804199e-05,3.022302962563117e-06,6.7343080445425585e-06,1.8145577769246302e-06
8030,2.1180436306167394e-05,3.0983233045844827e-06,8.924485882744193e-06,1.8315254237677436e-06
8031,2.1998162992531434e-05,3.612381078710314e-06,8.996658834803384e-06,1.8778245021167095e-06
8032,2.065024273179006e-05,3.037778242287459e-06,8.55597772897454e-06,1.8112972384187742e-06
8033,1.8500781152397394e-05,2.934144049504539e-06,6.6352085923426785e-06,1.7862856793726678e-06
8034,1.736386911943555e-05,2.6599227567203343e-06,5.909155333938543e-06,1.7589580920684966e-06
8035,1.7860034859040752e-05,2.6639872885425575e-06,6.352232048811857e-06,1.7687630133877974e-06
8036,1.912143125082366e-05,3.080326678173151e-06,6.909787771292031e-06,1.8262634284837986e-06
8037,1.9817412976408377e-05,2.9006941986153834e-06,7.848182576708496e-06,1.8137075130653102e-06
8038,1.9357725250301883e-05,3.1321585538535146e-06,7.061902579152957e-06,1.8327330053580226e-06
8039,1.8241415091324598e-05,2.702333631532383e-06,6.647398549830541e-06,1.7783365819923347e-06
8040,1.7427679267711937e-05,2.7133214643981773e-06,5.864296326762997e-06,1.770012431734358e-06
8041,1.744665132719092e-05,2.6966097266267752e-06,5.953165782557335e-06,1.759375322762935e-06
8042,1.8046153854811564e-05,2.705998895180528e-06,6.525176104332786e-06,1.7629959074838553e-06
8043,1.855517621152103e-05,2.949773261207156e-06,6.673128609691048e-06,1.7864549590740353e-06
8044,1.8514094335841946e-05,2.756169806161779e-06,6.904629117343575e-06,1.7706590824673185e-06
8045,1.8003593140747398e-05,2.838797627191525e-06,6.288675649557263e-06,1.77522417743603e-06
8046,1.747209535096772e-05,2.6462028017704142e-06,6.04313663643552e-06,1.7565510006534168e-06
8047,1.7302230844506994e-05,2.645821041369345e-06,5.878159754502121e-06,1.755650032464473e-06
8048,1.7519145330879837e-05,2.731348331508343e-06,5.964292540738825e-06,1.7647008689891663e-06
8049,1.784209962352179e-05,2.6756085844681365e-06,6.362472049659118e-06,1.7608036841920693e-06
8050,1.7966123778023757e-05,2.8318484055489535e-06,6.2583521867054515e-06,1.7751847281033406e-06
8051,1.78037844307255e-05,2.6741490728454664e-06,6.332837074296549e-06,1.7593595202924917e-06
8052,1.7508918972453102e-05,2.723884335864568e-06,5.977159162284806e-06,1.761575276759686e-06
8053,1.730920484988019e-05,2.6464138045412255e-06,5.888515261176508e-06,1.754854906721448e-06
8054,1.731732118059881e-05,2.6335037546232343e-06,5.9144877013750374e-06,1.7538661722937832e-06
8055,1.7468359146732837e-05,2.7251812753092963e-06,5.913502718613017e-06,1.76593516698631e-06
8056,1.7604957974981517e-05,2.64319965026516e-06,6.169052994664526e-06,1.7585413161214092e-06
8057,1.761277781042736e-05,2.7632027013169136e-06,5.9934764067293145e-06,1.7712198996377992e-06
8058,1.7496655345894396e-05,2.6339635041949805e-06,6.0803558881161734e-06,1.756467213454016e-06
8059,1.735242949507665e-05,2.693472197279334e-06,5.8515279306448065e-06,1.7614859189052368e-06
8060,1.7278285667998716e-05,2.636607177919359e-06,5.879269792785635e-06,1.7524814666103339e-06
8061,1.730347503325902e-05,2.646864459165954e-06,5.8880445976683404e-06,1.7537130361233721e-06
8062,1.738137871143408e-05,2.686670995899476e-06,5.91879279454588e-06,1.7551831206219504e-06
8063,1.743804750731215e-05,2.6479831376491347e-06,6.026029495842522e-06,1.7528067246530554e-06
8064,1.7429894796805456e-05,2.7007815788238076e-06,5.950652848696336e-06,1.75569209659443e-06
8065,1.736802005325444e-05,2.6456186787982006e-06,5.96095060245716e-06,1.7522902453492861e-06
8066,1.729896030155942e-05,2.658354333107127e-06,5.880952812731266e-06,1.7519307675684104e-06
8067,1.7265938367927447e-05,2.656279775692383e-06,5.837563548993785e-06,1.7544191450724611e-06
8068,1.727933886286337e-05,2.6268755846103886e-06,5.8986661315429956e-06,1.7507594520793646e-06
8069,1.7317164747510105e-05,2.688121639948804e-06,5.828990651934873e-06,1.760010718498961e-06
8070,1.7346184904454276e-05,2.621251951495651e-06,5.964942829450592e-06,1.7519978428026661e-06
8071,1.734630495775491e-05,2.6999939564120723e-06,5.835823685629293e-06,1.7620973267185036e-06
8072,1.7321483028354123e-05,2.619434326334158e-06,5.946371857135091e-06,1.7511350733911968e-06
8073,1.729165160213597e-05,2.6815837372851092e-06,5.814838004880585e-06,1.7590460856808932e-06
8074,1.7277565348194912e-05,2.6264276584697654e-06,5.9053231780126225e-06,1.74916294781724e-06
8075,1.728704410197679e-05,2.6665102268452756e-06,5.8430805438547395e-06,1.7554906435179873e-06
8076,1.731365773594007e-05,2.6441878162586363e-06,5.929557119088713e-06,1.7479825373811764e-06
8077,1.7344034858979285e-05,2.670618869160535e-06,5.900934411329217e-06,1.7544965658089495e-06
8078,1.736853300826624e-05,2.6519539915170753e-06,5.980004971206654e-06,1.7473147408963996e-06
8079,1.7387981642968953e-05,2.687022742975387e-06,5.912754204473458e-06,1.757640916366654e-06
8080,1.7412145098205656e-05,2.6428081127960468e-06,6.026694791216869e-06,1.7485282342022401e-06
8081,1.745550071063917e-05,2.719859367061872e-06,5.898376912227832e-06,1.7674528862698935e-06
8082,1.7530574041302316e-05,2.6358379727753345e-06,6.118082183093065e-06,1.7553307998241507e-06
8083,1.764644548529759e-05,2.7789299110736465e-06,5.933899956289679e-06,1.7867229189505451e-06
8084,1.7811818906920962e-05,2.6518530376051785e-06,6.305621354840696e-06,1.7708689483697526e-06
8085,1.80409915628843e-05,2.872304094125866e-06,6.080070306779817e-06,1.8177233869209886e-06
8086,1.8360597096034326e-05,2.7102764761366416e-06,6.65921743348008e-06,1.798220523596683e-06
8087,1.881433854578063e-05,3.031748065041029e-06,6.44857846054947e-06,1.866802449512761e-06
8088,1.9467792299110442e-05,2.854634203686146e-06,7.37224809199688e-06,1.848181909736013e-06
8089,2.041282641584985e-05,3.3367373362125363e-06,7.298758646356873e-06,1.9554659047571477e-06
8090,2.1775018467451446e-05,3.1800061606190866e-06,8.840532245812938e-06,1.950895921254414e-06
8091,2.371859227423556e-05,3.942527200706536e-06,9.119927199208178e-06,2.1312275748641696e-06
8092,2.6448882636032067e-05,3.8673374547215644e-06,1.1741602065740153e-05,2.167988668588805e-06
8093,3.0192342819646e-05,5.09800884174183e-06,1.270936627406627e-05,2.4769935862423154e-06
8094,3.51309499819763e-05,5.181120286579244e-06,1.6992340533761308e-05,2.5914976049534744e-06
8095,4.125608757021837e-05,7.029651442280738e-06,1.887420512503013e-05,3.0704459277330898e-06
8096,4.811048347619362e-05,7.194405043264851e-06,2.4746461349423043e-05,3.2339239623979665e-06
8097,5.4495554650202394e-05,9.311574103776366e-06,2.640561251610052e-05,3.755673560590367e-06
8098,5.838175638928078e-05,8.835925655148458e-06,3.103840572293848e-05,3.701484956764034e-06
8099,5.7474546338198707e-05,9.81696939561516e-06,2.8516089514596388e-05,3.8282973946479615e-06
8100,5.061432966613211e-05,7.666661076655146e-06,2.6877325581153855e-05,3.214068328816211e-06
8101,3.9267135434783995e-05,6.645112080150284e-06,1.8701764929573983e-05,2.7840515031130053e-06
8102,2.7439957193564624e-05,4.1130151657853276e-06,1.2954374142282177e-05,2.074513758998364e-06
8103,1.9517508917488158e-05,3.0813387184025487e-06,7.40161658541183e-06,1.806910859158961e-06
8104,1.765460183378309e-05,2.809733132380643e-06,5.931613486609422e-06,1.7826511111707077e-06
8105,2.0902560208924115e-05,3.040130422959919e-06,8.150015673891176e-06,1.9424826405156637e-06
8106,2.624900844239164e-05,4.41707607024e-06,1.040741062752204e-05,2.284904212501715e-06
8107,3.0373867048183456e-05,4.503659965848783e-06,1.4360742170538288e-05,2.3018926640361315e-06
8108,3.113753700745292e-05,5.232841886027018e-06,1.4041051144886296e-05,2.3727288862573914e-06
8109,2.837597276084125e-05,4.267986696504522e-06,1.3759006833424792e-05,2.069796209980268e-06
8110,2.3750215405016206e-05,3.858267064060783e-06,1.0212684173893649e-05,1.93585287888709e-06
8111,1.9630682800197974e-05,3.0183189210220007e-06,7.868544344091788e-06,1.7487641343905125e-06
8112,1.772393807186745e-05,2.66889264821657e-06,6.339529136312194e-06,1.7431032119930023e-06
8113,1.828215317800641e-05,2.957635388156632e-06,6.1147293308749795e-06,1.84195778274443e-06
8114,2.0285149730625562e-05,2.983267449963023e-06,7.91632555774413e-06,1.8771114582705195e-06
8115,2.2229254682315513e-05,3.648742904260871e-06,8.649575647723395e-06,1.986187044167309e-06
8116,2.296432103321422e-05,3.4519723612902453e-06,1.0070676580653526e-05,1.8883342818298843e-06
8117,2.2182615794008598e-05,3.5737300549953943e-06,9.186448551190551e-06,1.8844873466150602e-06
8118,2.04085936275078e-05,3.129285914837965e-06,8.454078852082603e-06,1.7650457948548137e-06
8119,1.858924952102825e-05,2.8720201044052374e-06,6.958351150387898e-06,1.7517758124085958e-06
8120,1.7528003809275106e-05,2.7519131435838062e-06,6.054189725546166e-06,1.7443800288674538e-06
8121,1.7506223230157048e-05,2.618788585095899e-06,6.12395297139301e-06,1.7526963347336277e-06
8122,1.824229912017472e-05,2.910709099523956e-06,6.288711574597983e-06,1.8085756892105564e-06
8123,1.914159111038316e-05,2.88050114249927e-06,7.3621695264591835e-06,1.7797839291233686e-06
8124,1.9648367015179247e-05,3.126711817458272e-06,7.457331321347738e-06,1.812865093597793e-06
8125,1.9505579984979704e-05,2.981164698212524e-06,7.747769814159255e-06,1.7553292082084226e-06
8126,1.8829206965165213e-05,2.94139317702502e-06,7.067530987114878e-06,1.7640564919929602e-06
8127,1.7983893485506997e-05,2.78097604677896e-06,6.543203198816627e-06,1.7319428025075467e-06
8128,1.7361158825224265e-05,2.6544898901192937e-06,6.029755695635686e-06,1.7353828525301651e-06
8129,1.7178437701659277e-05,2.6800121304404456e-06,5.77657147005084e-06,1.744370933920436e-06
8130,1.7404798200004734e-05,2.6430871002958156e-06,6.0739589571312536e-06,1.7375504057781654e-06
8131,1.7820766515797004e-05,2.791199904095265e-06,6.221648618520703e-06,1.7615836895856773e-06
8132,1.8158243619836867e-05,2.7755718292610254e-06,6.684965228487272e-06,1.7395416307408595e-06
8133,1.823804632294923e-05,2.8458941869757837e-06,6.598321306228172e-06,1.758765961312747e-06
8134,1.8038033886114135e-05,2.773674623313127e-06,6.594661044800887e-06,1.7339394844384515e-06
8135,1.767530557117425e-05,2.7353487439540913e-06,6.218116141099017e-06,1.7443678643758176e-06
8136,1.732383680064231e-05,2.6707152755989227e-06,5.996590061840834e-06,1.7313061562163057e-06
8137,1.712244193186052e-05,2.6322479698137613e-06,5.820583282911684e-06,1.7339222040391178e-06
8138,1.711619734123815e-05,2.6448542485013604e-06,5.790796421933919e-06,1.736109425110044e-06
8139,1.7254820704692975e-05,2.648551571837743e-06,5.95200890529668e-06,1.7308519772996078e-06
8140,1.743419124977663e-05,2.701108087421744e-06,6.02265299676219e-06,1.7420858284822316e-06
8141,1.755442463036161e-05,2.6965349206875544e-06,6.2053095462033525e-06,1.7305159190073027e-06
8142,1.7562457287567668e-05,2.723173793128808e-06,6.121981641626917e-06,1.7434604160371237e-06
8143,1.746548878145404e-05,2.6816028366738465e-06,6.134858267614618e-06,1.729805603645218e-06
8144,1.7314958313363604e-05,2.68189705820987e-06,5.9360118029871956e-06,1.7394098676959402e-06
8145,1.7174646927742288e-05,2.635214514157269e-06,5.893163688597269e-06,1.7292536540480796e-06
8146,1.7091459085349925e-05,2.641506853251485e-06,5.781717845820822e-06,1.733646854518156e-06
8147,1.7079310055123642e-05,2.6244056243740488e-06,5.802271516586188e-06,1.7305264918832108e-06
8148,1.7121814380516298e-05,2.6401501145301154e-06,5.834303010487929e-06,1.7294721601501806e-06
8149,1.7185038814204745e-05,2.6494590201764368e-06,5.867266736458987e-06,1.7336626569885993e-06
8150,1.723568311717827e-05,2.650735041243024e-06,5.9452963796502445e-06,1.727930339257e-06
8151,1.7253101759706624e-05,2.6691193397709867e-06,5.901127224205993e-06,1.7365709936711937e-06
8152,1.7234015103895217e-05,2.6430761863593943e-06,5.952032552158926e-06,1.7277814094995847e-06
8153,1.7189107893500477e-05,2.6641441763786133e-06,5.841203801537631e-06,1.7367519831168465e-06
8154,1.7135802409029566e-05,2.624055468913866e-06,5.873578629689291e-06,1.7276336166105466e-06
8155,1.7090686014853418e-05,2.647670953592751e-06,5.773739303549519e-06,1.7338554698653752e-06
8156,1.706376497168094e-05,2.615445282572182e-06,5.810363290947862e-06,1.7275915524805896e-06
8157,1.7056805518222973e-05,2.636194722072105e-06,5.7717579693417065e-06,1.729770474412362e-06
8158,1.7065352949430235e-05,2.6240434181090677e-06,5.797755420644535e-06,1.7287106857111212e-06
8159,1.7081409168895334e-05,2.63070569417323e-06,5.81600534133031e-06,1.7269397858399316e-06
8160,1.7096903320634738e-05,2.639339982124511e-06,5.803156000183662e-06,1.7308816495642532e-06
8161,1.710571268631611e-05,2.625635943331872e-06,5.850863999512512e-06,1.7258425941690803e-06
8162,1.710525066300761e-05,2.6482653083803598e-06,5.794052412966266e-06,1.732586724756402e-06
8163,1.7096012015827e-05,2.6188406536675757e-06,5.849604349350557e-06,1.7255134707738762e-06
8164,1.7080654288292862e-05,2.64692403106892e-06,5.7729112086235546e-06,1.7321636960332398e-06
8165,1.706320108496584e-05,2.6135758162126876e-06,5.823792889714241e-06,1.7251662711714744e-06
8166,1.704695932858158e-05,2.6386223908048123e-06,5.75937110625091e-06,1.729792984406231e-06
8167,1.703466841718182e-05,2.614018740132451e-06,5.795179276901763e-06,1.7250939663426834e-06
8168,1.7027672583935782e-05,2.628749143696041e-06,5.764267370977905e-06,1.726931031953427e-06
8169,1.7025689885485917e-05,2.62028697761707e-06,5.776470970886294e-06,1.7257864328712458e-06
8170,1.7027334251906723e-05,2.6210259420622606e-06,5.782361768069677e-06,1.724789512991265e-06
8171,1.7030793969752267e-05,2.6285956664651167e-06,5.7672000366437715e-06,1.7269999261770863e-06
8172,1.703428824839648e-05,2.6158420496358303e-06,5.800337021355517e-06,1.7236218354810262e-06
8173,1.7035985365509987e-05,2.634620386743336e-06,5.762152795796283e-06,1.7278423456446035e-06
8174,1.7035285054589622e-05,2.6128411718673306e-06,5.807429715787293e-06,1.7230026969627943e-06
8175,1.7032070900313556e-05,2.635443252074765e-06,5.758180577686289e-06,1.7276892094741925e-06
8176,1.702667577774264e-05,2.611792297102511e-06,5.802029590995517e-06,1.7225706869794521e-06
8177,1.7020040104398504e-05,2.631808229125454e-06,5.755907750426559e-06,1.726465029605606e-06
8178,1.701309156487696e-05,2.6125840122404043e-06,5.7888764786184765e-06,1.7223262602783507e-06
8179,1.7006641428451985e-05,2.625852857818245e-06,5.756801328971051e-06,1.72479724369623e-06
8180,1.7001219021040015e-05,2.6151174097321928e-06,5.7743491197470576e-06,1.722350589261623e-06
8181,1.6997168131638318e-05,2.6198192699666834e-06,5.761257853009738e-06,1.7232183608939522e-06
8182,1.6994441466522403e-05,2.6184086436842335e-06,5.762984073953703e-06,1.7226096815647907e-06
8183,1.6992502423818223e-05,2.6152938517043367e-06,5.767419224866899e-06,1.7219580286109704e-06
8184,1.699124368315097e-05,2.621296516736038e-06,5.755560778197832e-06,1.7228773003807873e-06
8185,1.6990390577120706e-05,2.6124534997507e-06,5.772702479589498e-06,1.7210468286066316e-06
8186,1.69894119608216e-05,2.6229538434563437e-06,5.7519955589668825e-06,1.722892534417042e-06
8187,1.6988175048027188e-05,2.6110390081157675e-06,5.775339559477288e-06,1.7203594779857667e-06
8188,1.698673440841958e-05,2.623007276270073e-06,5.7508623285684735e-06,1.7225727333425311e-06
8189,1.698476989986375e-05,2.610851424833527e-06,5.774906639999244e-06,1.7198024124809308e-06
8190,1.6982494344119914e-05,2.6216789592581335e-06,5.750918717239983e-06,1.721979401736462e-06
8191,1.6980047803372145e-05,2.6112484192708507e-06,5.772028544015484e-06,1.7193540315929567e-06
8192,1.6977373888948932e-05,2.6197901661362266e-06,5.751446224167012e-06,1.721227590678609e-06
8193,1.6974687241599895e-05,2.6118468667846173e-06,5.767902621300891e-06,1.7189875052281423e-06
8194,1.6971769582596608e-05,2.6175648599746637e-06,5.75198919250397e-06,1.720443037811492e-06
8195,1.6968926502158865e-05,2.6123193492821883e-06,5.763276021752972e-06,1.718666226224741e-06
8196,1.6966187104117125e-05,2.6155719297094038e-06,5.752126071456587e-06,1.719697820590227e-06
8197,1.6963433154160157e-05,2.612517164379824e-06,5.759187843068503e-06,1.7183458567160415e-06
8198,1.6960641005425714e-05,2.613991455291398e-06,5.751557182520628e-06,1.7190185417348403e-06
8199,1.6957928892225027e-05,2.612272055557696e-06,5.755669008067343e-06,1.7179976339321001e-06
8200,1.695531864243094e-05,2.6128298031835584e-06,5.7505976656102575e-06,1.7183782574647921e-06
8201,1.6952762962318957e-05,2.6118952973774867e-06,5.752884135290515e-06,1.7175968878291314e-06
8202,1.695030186965596e-05,2.611956460896181e-06,5.749417596234707e-06,1.7177854942929116e-06
8203,1.6947840776992962e-05,2.6112497835129034e-06,5.750796390202595e-06,1.7171590798170655e-06
8204,1.6945494280662388e-05,2.6112984414794482e-06,5.748087460233364e-06,1.7172217212646501e-06
8205,1.6943184164119884e-05,2.6104983135155635e-06,5.7491920415486675e-06,1.7166985344374552e-06
8206,1.6940859495662153e-05,2.6108054953510873e-06,5.746559509134386e-06,1.7166988754979684e-06
8207,1.6938531189225614e-05,2.6096872716152575e-06,5.747817340306938e-06,1.7162052472485811e-06
8208,1.693633385002613e-05,2.610366664157482e-06,5.745008820667863e-06,1.7161917185148923e-06
8209,1.693405647529289e-05,2.608922613944742e-06,5.746634087699931e-06,1.7157000229417463e-06
8210,1.6931826394284144e-05,2.6098723537870683e-06,5.743493602494709e-06,1.7156918374894303e-06
8211,1.692959267529659e-05,2.608272779980325e-06,5.745319867855869e-06,1.7152001419162843e-06
8212,1.6927302567637525e-05,2.609301191114355e-06,5.74211935600033e-06,1.7151764950540382e-06
8213,1.6925127056310885e-05,2.6076236281369347e-06,5.743967449234333e-06,1.7147070821010857e-06
8214,1.6922880604397506e-05,2.608682052596123e-06,5.7408210523135494e-06,1.7146755908470368e-06
8215,1.6920606867643073e-05,2.6070258627441945e-06,5.742576831835322e-06,1.7142006072390359e-06
8216,1.6918464098125696e-05,2.608099748613313e-06,5.739466359955259e-06,1.7141798025477328e-06
8217,1.691609577392228e-05,2.6064092253363924e-06,5.741220775234979e-06,1.7136931091954466e-06
8218,1.691393663350027e-05,2.6075301775563275e-06,5.738039362768177e-06,1.713673327685683e-06
8219,1.6911661077756435e-05,2.605852841952583e-06,5.739917469327338e-06,1.7131782215074054e-06
8220,1.6909449186641723e-05,2.6068682927871123e-06,5.736685579904588e-06,1.7131791310021072e-06
8221,1.690720091573894e-05,2.605337385830353e-06,5.738527761423029e-06,1.712667085485009e-06
8222,1.6905014490475878e-05,2.6061943572130986e-06,5.735407285101246e-06,1.7126827742686146e-06
8223,1.6902693459996954e-05,2.6047021037811646e-06,5.73715351492865e-06,1.7121677728937357e-06
8224,1.690065982984379e-05,2.605666622912395e-06,5.733964826504234e-06,1.7122057442975347e-06
8225,1.68984079209622e-05,2.6041586806968553e-06,5.736012553825276e-06,1.7116473145506461e-06
8226,1.689614146016538e-05,2.605029067126452e-06,5.732365934818517e-06,1.711749064270407e-06
8227,1.6893900465220213e-05,2.6034713300759904e-06,5.734977548854658e-06,1.711090362732648e-06
8228,1.6891848645173013e-05,2.6046952825709013e-06,5.730625616706675e-06,1.7113057992901304e-06
8229,1.688978045422118e-05,2.602636413939763e-06,5.73454235563986e-06,1.7105203369283117e-06
8230,1.6887734091142192e-05,2.6045220238302136e-06,5.728703399654478e-06,1.7109015288951923e-06
8231,1.6885842342162505e-05,2.60176534538914e-06,5.734559636039194e-06,1.7099036995205097e-06
8232,1.6884150682017207e-05,2.6045536287711e-06,5.726702511310577e-06,1.7105788856497384e-06
8233,1.688258271315135e-05,2.6006623556895647e-06,5.735704689868726e-06,1.709243178993347e-06
8234,1.688130942056887e-05,2.6050990982184885e-06,5.724456514144549e-06,1.7103509435401065e-06
8235,1.6880654584383592e-05,2.5993904273491353e-06,5.7387437664147e-06,1.7085039871744812e-06
8236,1.6880763723747805e-05,2.6065504243888427e-06,5.722642526961863e-06,1.7103141090046847e-06
8237,1.6882195268408395e-05,2.5981230464822147e-06,5.745688213210087e-06,1.7076768017432187e-06
8238,1.6885733202798292e-05,2.609648618090432e-06,5.723035428673029e-06,1.710610035843274e-06
8239,1.6892352505237795e-05,2.597280854388373e-06,5.761092779721366e-06,1.7067957287508762e-06
8240,1.6904014046303928e-05,2.6161956157011446e-06,5.7299021136714146e-06,1.7115834225478466e-06
8241,1.6923757357290015e-05,2.598280161691946e-06,5.795523520646384e-06,1.7059908259398071e-06
8242,1.6956651961663738e-05,2.630522658364498e-06,5.756115569965914e-06,1.7140026784545626e-06
8243,1.7010697774821892e-05,2.6057459763251245e-06,5.875730494153686e-06,1.7058445109796594e-06
8244,1.709970092633739e-05,2.6634363621269586e-06,5.8378655012347735e-06,1.7196800854435423e-06
8245,1.724580033624079e-05,2.6329710181016708e-06,6.071696589060593e-06,1.7082265912904404e-06
8246,1.7485861462773755e-05,2.742408923950279e-06,6.077447324059904e-06,1.733201315801125e-06
8247,1.788138433767017e-05,2.718546056712512e-06,6.568872777279466e-06,1.7187931007356383e-06
8248,1.8535612980485894e-05,2.9408490718196845e-06,6.762559678463731e-06,1.766440732353658e-06
8249,1.9619663362391293e-05,2.97331143883639e-06,7.87564022175502e-06,1.7541422039357712e-06
8250,2.1417583411675878e-05,3.4582062653498724e-06,8.702464583620895e-06,1.8513825352783897e-06
8251,2.438824958517216e-05,3.70713360098307e-06,1.1371719665476121e-05,1.861879468378902e-06
8252,2.9257076676003635e-05,4.817390163225355e-06,1.4080905202717986e-05,2.0717561710625887e-06
8253,3.707797441165894e-05,5.716097803087905e-06,2.053799653367605e-05,2.1647756511811167e-06
8254,4.921086292597465e-05,8.1994294305332e-06,2.794276224449277e-05,2.6137342956644716e-06
8255,6.678222416667268e-05,1.0492971341591328e-05,4.1833332943497226e-05,2.891183612518944e-06
8256,8.937421080190688e-05,1.4875209672027268e-05,5.6143340771086514e-05,3.671132390081766e-06
8257,0.00011213116522412747,1.7822345398599282e-05,7.43988566682674e-05,3.981991994805867e-06
8258,0.00012421351857483387,2.0461358872125857e-05,8.129220805130899e-05,4.491988875088282e-06
8259,0.0001126329370890744,1.790178612282034e-05,7.560893573099747e-05,3.824442501354497e-06
8260,7.688848563702777e-05,1.2446025721146725e-05,4.9263107939623296e-05,3.0358701224031392e-06
8261,3.685910633066669e-05,5.866358605999267e-06,2.1431151253636926e-05,1.9123187939840136e-06
8262,1.8519012883189134e-05,2.734651843638858e-06,7.142488811950898e-06,1.7283744000451406e-06
8263,2.8885824576718733e-05,4.811316102859564e-06,1.191652972920565e-05,2.4315961582033196e-06
8264,5.1540526328608394e-05,7.834043572074734e-06,2.8193351681693457e-05,3.1026265787659213e-06
8265,6.278110231505707e-05,1.0401605322840624e-05,3.4619475627550855e-05,3.552004727680469e-06
8266,5.1701405027415603e-05,7.977484528964851e-06,2.970251443912275e-05,2.8042809390171897e-06
8267,2.9565639124484733e-05,4.809705387742724e-06,1.4237323739507701e-05,2.103722181345802e-06
8268,1.7382026271661744e-05,2.7530234092409955e-06,6.125530489953235e-06,1.7006942698571947e-06
8269,2.3443230020347983e-05,3.4614304240676574e-06,9.886167390504852e-06,2.01912666852877e-06
8270,3.6789937439607456e-05,6.191944521560799e-06,1.6863828932400793e-05,2.746832478806027e-06
8271,4.122492828173563e-05,6.151623438199749e-06,2.12856539292261e-05,2.7575299554882804e-06
8272,3.2266267226077616e-05,5.399957444751635e-06,1.448445618734695e-05,2.476371037118952e-06
8273,2.022006628976669e-05,3.030338348253281e-06,8.0536883615423e-06,1.8272079387315898e-06
8274,1.7140951968031004e-05,2.637090346979676e-06,5.990401859889971e-06,1.7026922023433144e-06
8275,2.354372918489389e-05,3.865513463097159e-06,9.57225711317733e-06,2.02119144887547e-06
8276,2.9912862373748794e-05,4.507148787524784e-06,1.4390771866601426e-05,2.2029880710761063e-06
8277,2.860496169887483e-05,4.7635148803237826e-06,1.2397718819556758e-05,2.288745463374653e-06
8278,2.1678679331671447e-05,3.2250491130980663e-06,8.928673196351156e-06,1.9049912225455046e-06
8279,1.702437293715775e-05,2.707224894038518e-06,5.6877543102018535e-06,1.7258789739571512e-06
8280,1.866829006758053e-05,2.9593602448585443e-06,6.880006822029827e-06,1.7657847593000042e-06
8281,2.3064229026203975e-05,3.494690872685169e-06,1.018883085635025e-05,1.8761414821710787e-06
8282,2.4387747544096783e-05,3.98413294533384e-06,1.0326052688469645e-05,2.015512109210249e-06
8283,2.128904452547431e-05,3.220553026039852e-06,8.918099410948344e-06,1.8300783040103852e-06
8284,1.755922130541876e-05,2.794691681629047e-06,6.0734955695807e-06,1.7382067198923323e-06
8285,1.7021829989971593e-05,2.6754173632070888e-06,5.806558874610346e-06,1.7079709095924045e-06
8286,1.9329918359289877e-05,2.9344901122385636e-06,7.610809916513972e-06,1.7569236661074683e-06
8287,2.1141737306606956e-05,3.434691507209209e-06,8.32376281323377e-06,1.876656710919633e-06
8288,2.0318952010711655e-05,3.0804721973254345e-06,8.312886166095268e-06,1.7851189113571309e-06
8289,1.8014019588008523e-05,2.857459776350879e-06,6.433221642510034e-06,1.7446676565668895e-06
8290,1.678852095210459e-05,2.6290158530173358e-06,5.694215360563248e-06,1.6930579249674338e-06
8291,1.756249912432395e-05,2.6660741241357755e-06,6.303851478151046e-06,1.7185147953568958e-06
8292,1.8938793800771236e-05,3.0644694106740644e-06,6.795141416660044e-06,1.8158367538489983e-06
8293,1.9158434952259995e-05,2.8952863431186415e-06,7.417022970912512e-06,1.7692251503831358e-06
8294,1.8056925910059363e-05,2.891859367082361e-06,6.351964657369535e-06,1.7626205135456985e-06
8295,1.693119338597171e-05,2.616068513816572e-06,5.854517439729534e-06,1.6921212591114454e-06
8296,1.6870397303136997e-05,2.5954534521588357e-06,5.810728453070624e-06,1.69284305684414e-06
8297,1.763463114912156e-05,2.82300266007951e-06,6.054860932636075e-06,1.7513535794932977e-06
8298,1.8169626855524257e-05,2.748735596469487e-06,6.7196242525824346e-06,1.7402531966581591e-06
8299,1.7873342585517094e-05,2.8690124054264743e-06,6.178844614623813e-06,1.7650969539317884e-06
8300,1.7137203030870296e-05,2.6184400212514447e-06,6.015156486682827e-06,1.7007213273245725e-06
8301,1.674228406045586e-05,2.620509121697978e-06,5.658610916725593e-06,1.6926328498811927e-06
8302,1.696954495855607e-05,2.6671114028431475e-06,5.777470505563542e-06,1.7049926555046113e-06
8303,1.7407182895112783e-05,2.6651866846805206e-06,6.228554411791265e-06,1.7026884506776696e-06
8304,1.7512917111162096e-05,2.7884757400897797e-06,6.049590410839301e-06,1.734970396682911e-06
8305,1.7195354303112254e-05,2.6339480427850503e-06,6.0693409977830015e-06,1.6984130297714728e-06
8306,1.6817517462186515e-05,2.6419302230351605e-06,5.6787662288115826e-06,1.699364474916365e-06
8307,1.6737854821258225e-05,2.607821897981921e-06,5.6761468840704765e-06,1.6907771396290627e-06
8308,1.694706588750705e-05,2.6157467800658196e-06,5.884059646632522e-06,1.6894516647880664e-06
8309,1.71510564541677e-05,2.7060150387114845e-06,5.8768414419319015e-06,1.7136400174422306e-06
8310,1.7120786651503295e-05,2.634254087752197e-06,6.021546141710132e-06,1.6929974435697659e-06
8311,1.690607678028755e-05,2.6534085009188857e-06,5.7487832236802205e-06,1.7007771475618938e-06
8312,1.6731304640416056e-05,2.6021541543741478e-06,5.692852028005291e-06,1.6872595551831182e-06
8313,1.6739546481403522e-05,2.5890390134009067e-06,5.715702172892634e-06,1.6869610135472612e-06
8314,1.6868687453097664e-05,2.6568095563561656e-06,5.699220309907105e-06,1.702531449154776e-06
8315,1.695279024716001e-05,2.6052898647321854e-06,5.893260095035657e-06,1.690848080215801e-06
8316,1.690331191639416e-05,2.6617449293553364e-06,5.722218702430837e-06,1.7038695432347595e-06
8317,1.677920954534784e-05,2.593823865026934e-06,5.75325611862354e-06,1.6864258896021056e-06
8318,1.6700514606782235e-05,2.60141905528144e-06,5.6575181588414125e-06,1.6883153648450389e-06
8319,1.6721884094295092e-05,2.615518269521999e-06,5.648584647133248e-06,1.6915563492148067e-06
8320,1.67938087543007e-05,2.590449867057032e-06,5.770542884420138e-06,1.6865632233020733e-06
8321,1.682969377725385e-05,2.6485463422432076e-06,5.682622031599749e-06,1.6997049669953412e-06
8322,1.6794365365058184e-05,2.5891486075124703e-06,5.773646535089938e-06,1.6863140217537875e-06
8323,1.6726226022001356e-05,2.6204354526271345e-06,5.644858447340084e-06,1.6921865153562976e-06
8324,1.6686859453329816e-05,2.5908352654369082e-06,5.66815106139984e-06,1.6855743751875707e-06
8325,1.6699648767826147e-05,2.5947160793293733e-06,5.680733920598868e-06,1.6848397308422136e-06
8326,1.6736690668039955e-05,2.6163500024267705e-06,5.664521268045064e-06,1.6911640159378294e-06
8327,1.6753750969655812e-05,2.593125600469648e-06,5.7395673138671555e-06,1.6842113836901262e-06
8328,1.673372753430158e-05,2.617315658426378e-06,5.661182058247505e-06,1.691046122687112e-06
8329,1.6696165403118357e-05,2.5906224436766934e-06,5.686592430720339e-06,1.68379006026953e-06
8330,1.6673042409820482e-05,2.595182650111383e-06,5.65108894079458e-06,1.6853542774697416e-06
8331,1.667724245635327e-05,2.601566393423127e-06,5.643168151436839e-06,1.6865014913491905e-06
8332,1.6695721569703892e-05,2.5872670903481776e-06,5.6934459280455485e-06,1.683001869423606e-06
8333,1.670589881541673e-05,2.6124753276235424e-06,5.64810852665687e-06,1.6890629694898962e-06
8334,1.6696743841748685e-05,2.587605422377237e-06,5.6964991017594e-06,1.6825276816234691e-06
8335,1.6676522136549465e-05,2.6017196432803757e-06,5.643691110890359e-06,1.6862222764757462e-06
8336,1.666110438236501e-05,2.591733391454909e-06,5.6533444876549765e-06,1.68320525517629e-06
8337,1.6659776520100422e-05,2.587738208603696e-06,5.658785994455684e-06,1.6826505770950462e-06
8338,1.6667821910232306e-05,2.60307365351764e-06,5.635813977278303e-06,1.6857867422004347e-06
8339,1.667399556026794e-05,2.5831882339844014e-06,5.683241397491656e-06,1.681512912909966e-06
8340,1.6670817785779946e-05,2.6058326056954684e-06,5.6341791605518665e-06,1.686161112957052e-06
8341,1.6660240362398326e-05,2.5833353447524132e-06,5.670717655448243e-06,1.6812377907626797e-06
8342,1.664976662141271e-05,2.5966182874981314e-06,5.635598427033983e-06,1.6835099359013839e-06
8343,1.6645510186208412e-05,2.588328698038822e-06,5.646952558890916e-06,1.6820455357446917e-06
8344,1.664737646933645e-05,2.589050382084679e-06,5.6524331739638e-06,1.681178446233389e-06
8345,1.66504796652589e-05,2.5944775643438334e-06,5.639996288664406e-06,1.6832012761369697e-06
8346,1.6650046745780855e-05,2.5868669126793975e-06,5.661742761731148e-06,1.6802872551124892e-06
8347,1.6644877177895978e-05,2.593152885310701e-06,5.639042228722246e-06,1.6825365491968114e-06
8348,1.663791772443801e-05,2.588140432635555e-06,5.647958460031077e-06,1.6803639937279513e-06
8349,1.6632999177090824e-05,2.5862452730507357e-06,5.643450094794389e-06,1.6806608300612425e-06
8350,1.6631538528599776e-05,2.5927677143045003e-06,5.632422471535392e-06,1.6812697367640794e-06
8351,1.663205330260098e-05,2.5813003503571963e-06,5.654324013448786e-06,1.6792859014458372e-06
8352,1.663225339143537e-05,2.5961237497540424e-06,5.626922757073771e-06,1.6818416952446569e-06
8353,1.663001603446901e-05,2.5798149181355257e-06,5.656895154970698e-06,1.6786610785857192e-06
8354,1.6625852367724292e-05,2.59429111792997e-06,5.626601705444045e-06,1.6809918861326878e-06
8355,1.6621612303424627e-05,2.5807685233303346e-06,5.647987563861534e-06,1.6785711522970814e-06
8356,1.6618692825431935e-05,2.590051735751331e-06,5.631479325529654e-06,1.6794323300928227e-06
8357,1.6617512301309034e-05,2.5832021037786035e-06,5.640112249238882e-06,1.6788397942946176e-06
8358,1.6617015717201866e-05,2.5876267955027288e-06,5.6378521549049765e-06,1.6783073988335673e-06
8359,1.6616057109786198e-05,2.5838583042059327e-06,5.6384446907031815e-06,1.6787505501270061e-06
8360,1.6614056221442297e-05,2.5879303393594455e-06,5.6366907301708125e-06,1.677887325968186e-06
8361,1.6611551473033614e-05,2.5808797090576263e-06,5.640966264763847e-06,1.6779410998424282e-06
8362,1.66092358995229e-05,2.590660642454168e-06,5.628076905850321e-06,1.6780995792942122e-06
8363,1.6607755242148414e-05,2.5761466986296e-06,5.647243597195484e-06,1.6768731256888714e-06
8364,1.660756242927164e-05,2.5949725568352733e-06,5.618977411359083e-06,1.6787222421044135e-06
8365,1.6608079022262245e-05,2.571820232333266e-06,5.655978384311311e-06,1.6760561720730038e-06
8366,1.660913767409511e-05,2.5995793748734286e-06,5.613802386505995e-06,1.6791509551694617e-06
8367,1.661074929870665e-05,2.5684880711196456e-06,5.664726813847665e-06,1.6755067235862953e-06
8368,1.661365240579471e-05,2.6042187073471723e-06,5.613453140540514e-06,1.6791960888440371e-06
8369,1.6618912923149765e-05,2.5659580842329888e-06,5.677433819073485e-06,1.6751043858675985e-06
8370,1.6627762306598015e-05,2.6116376830032095e-06,5.620127467409475e-06,1.6791992720754934e-06
8371,1.6641657566651702e-05,2.563751877460163e-06,5.703972419723868e-06,1.6747867448430043e-06
8372,1.6662836060277186e-05,2.6259356218361063e-06,5.636791684082709e-06,1.6800216826595715e-06
8373,1.6694426449248567e-05,2.5622994144214317e-06,5.758030511060497e-06,1.6748192592785927e-06
8374,1.67414837051183e-05,2.6534764856478432e-06,5.673230589309242e-06,1.6829554851938155e-06
8375,1.6812286048661917e-05,2.5651218038547086e-06,5.865840648766607e-06,1.6762649011070607e-06
8376,1.6918633264140226e-05,2.7065727863373468e-06,5.7609959185356274e-06,1.6902129118534504e-06
8377,1.707983756205067e-05,2.5839981390163302e-06,6.086898793000728e-06,1.6817880350572523e-06
8378,1.7324442524113692e-05,2.8111442134104436e-06,5.9824574236699846e-06,1.7061681774066528e-06
8379,1.769717528077308e-05,2.6490238269616384e-06,6.562424459843896e-06,1.6971455352177145e-06
8380,1.8267182895215228e-05,3.0265312034316594e-06,6.5400417952332646e-06,1.7401220020474284e-06
8381,1.914107269840315e-05,2.8355229915177915e-06,7.628380444657523e-06,1.7354337842334644e-06
8382,2.048111127805896e-05,3.4892252642748645e-06,7.921052201709244e-06,1.8141664668291924e-06
8383,2.2528211047756486e-05,3.323895498397178e-06,1.0063752597488929e-05,1.8281125448993407e-06
8384,2.5630211894167587e-05,4.500689101405442e-06,1.1240736057516187e-05,1.9777571651502512e-06
8385,3.0249979317886755e-05,4.5116125875210855e-06,1.5524583432124928e-05,2.0427567051228834e-06
8386,3.692984319059178e-05,6.628496066696243e-06,1.8680257198866457e-05,2.324218257854227e-06
8387,4.6094177378108725e-05,7.0352152761188336e-06,2.663057057361584e-05,2.485677896402194e-06
8388,5.761616921517998e-05,1.0404786735307425e-05,3.2528096198802814e-05,2.936657665486564e-06
8389,6.998792377999052e-05,1.0886166819545906e-05,4.343401815276593e-05,3.133548034384148e-06
8390,7.960512448335066e-05,1.4306121556728613e-05,4.768808139488101e-05,3.5221848975197645e-06
8391,8.11488353065215e-05,1.2621931091416627e-05,5.186112321098335e-05,3.333155063955928e-06
8392,7.07974104443565e-05,1.2632673133339267e-05,4.26763690484222e-05,3.097673925367417e-06
8393,5.069401231594384e-05,7.670084414712619e-06,3.123379792668857e-05,2.3580255401611794e-06
8394,2.9849781640223227e-05,5.1942629397672135e-06,1.5222317415464204e-05,1.8866402342609945e-06
8395,1.8194907170254737e-05,2.790086682580295e-06,7.040296168270288e-06,1.6729048866181984e-06
8396,1.9284718291601166e-05,2.8157496672065463e-06,7.4476392910582945e-06,1.8042657075056923e-06
8397,2.8727128665195778e-05,5.07274398842128e-06,1.2860178685514256e-05,2.1588414256257238e-06
8398,3.8219706766540185e-05,5.708613116439665e-06,2.1392323105828837e-05,2.223754336228012e-06
8399,4.096009797649458e-05,7.239934802782955e-06,2.257321830256842e-05,2.2293893380265217e-06
8400,3.546427615219727e-05,5.340219559002435e-06,2.0533454517135397e-05,1.9181206880602986e-06
8401,2.5984352760133334e-05,4.401575097290333e-06,1.2889166100649163e-05,1.7387221760145621e-06
8402,1.8905837350757793e-05,2.942384753623628e-06,7.580580586363794e-06,1.676574356679339e-06
8403,1.7849983123596758e-05,2.656954393387423e-06,6.4914543145278e-06,1.7403150422978797e-06
8404,2.1640245904563926e-05,3.7148579394852277e-06,8.37454899738077e-06,1.910167611640645e-06
8405,2.612383832456544e-05,3.859832759189885e-06,1.2874902495241258e-05,1.8778205230773892e-06
8406,2.7599882741924375e-05,4.775173238158459e-06,1.356357734039193e-05,1.8522263189879595e-06
8407,2.5211862521246076e-05,3.7926311051705852e-06,1.2847543985117227e-05,1.714337372504815e-06
8408,2.0986008166801184e-05,3.4505233088566456e-06,9.20261754799867e-06,1.6665734392518061e-06
8409,1.7872454918688163e-05,2.8232143449713476e-06,6.5767130763561e-06,1.6945053857853054e-06
8410,1.747160786180757e-05,2.6162729227507953e-06,6.277063675952377e-06,1.7156540934593068e-06
8411,1.9200688257114962e-05,3.233111101508257e-06,7.041982826194726e-06,1.7851191387308063e-06
8412,2.116597897838801e-05,3.139534555884893e-06,9.363448043586686e-06,1.7325992303085513e-06
8413,2.1732146706199273e-05,3.656887656688923e-06,9.510700692771934e-06,1.7129118532466237e-06
8414,2.0571409550029784e-05,3.1295103326556273e-06,9.09506889001932e-06,1.6693661564204376e-06
8415,1.8619319234858267e-05,2.982756541314302e-06,7.341983291553333e-06,1.6589158349233912e-06
8416,1.7194068277603947e-05,2.7339312964613782e-06,5.997525022394257e-06,1.6925223462749273e-06
8417,1.7012516764225438e-05,2.573682195361471e-06,6.015959115757141e-06,1.6845754089445109e-06
8418,1.7821997971623205e-05,2.9330640245461836e-06,6.338968887575902e-06,1.7099930573749589e-06
8419,1.8761071260087192e-05,2.830624680427718e-06,7.543175343016628e-06,1.6774542928033043e-06
8420,1.9054989024880342e-05,3.1180579753709026e-06,7.584377271996345e-06,1.6705107555026188e-06
8421,1.8516448108130135e-05,2.8520880732685328e-06,7.339434887398966e-06,1.6649851204419974e-06
8422,1.755987250362523e-05,2.7781613880506484e-06,6.488471626653336e-06,1.6586481024205568e-06
8423,1.6818965377751738e-05,2.6639820589480223e-06,5.756200152973179e-06,1.6797565649540047e-06
8424,1.667880133027211e-05,2.5538622594467597e-06,5.791887815576047e-06,1.666610273787228e-06
8425,1.7061833204934373e-05,2.7557048269954976e-06,5.920346211496508e-06,1.6771565469753114e-06
8426,1.7561691493028775e-05,2.6833495212486014e-06,6.558328550454462e-06,1.6640029798509204e-06
8427,1.7769427358871326e-05,2.859617779904511e-06,6.602672328881454e-06,1.6614276319160126e-06
8428,1.7545538867125288e-05,2.716028348004329e-06,6.50279616820626e-06,1.6653428929203073e-06
8429,1.7064056009985507e-05,2.692138878046535e-06,6.080601906433003e-06,1.6582633861617069e-06
8430,1.6644045899738558e-05,2.618584858282702e-06,5.678170964529272e-06,1.6694580153853167e-06
8431,1.6513446098542772e-05,2.556356548666372e-06,5.657422661897726e-06,1.6599333321209997e-06
8432,1.6675578081049025e-05,2.654446461747284e-06,5.699219400412403e-06,1.6643823528283974e-06
8433,1.6945929019129835e-05,2.6162165340792853e-06,6.026661139912903e-06,1.6606104509264696e-06
8434,1.7105052393162623e-05,2.72192824013473e-06,6.092226612963714e-06,1.6581797126491438e-06
8435,1.7045242202584632e-05,2.647604787853197e-06,6.08411437497125e-06,1.6627045624773018e-06
8436,1.681973117229063e-05,2.6523700853431365e-06,5.883497578906827e-06,1.6567726106586633e-06
8437,1.6579593648202717e-05,2.5947776975954184e-06,5.670925929734949e-06,1.6627782315481454e-06
8438,1.6459502148791216e-05,2.5690512757137185e-06,5.601647444564151e-06,1.6577606629653019e-06
8439,1.6496853277203627e-05,2.600255129436846e-06,5.599260020971997e-06,1.659467670833692e-06
8440,1.6625632270006463e-05,2.5843851290119346e-06,5.743802830693312e-06,1.6594885892118327e-06
8441,1.6737227269914e-05,2.6454940780240577e-06,5.806859917356633e-06,1.656974518482457e-06
8442,1.6755438991822302e-05,2.6063937639264623e-06,5.846193744218908e-06,1.660570319472754e-06
8443,1.6675439837854356e-05,2.6300001536583295e-06,5.7633787946542725e-06,1.6564118823225726e-06
8444,1.6553130990359932e-05,2.581381750133005e-06,5.673856321664061e-06,1.6595786291873083e-06
8445,1.6459163816762157e-05,2.5827762328844983e-06,5.590210093942005e-06,1.6572353160881903e-06
8446,1.6434471035609022e-05,2.573912524894695e-06,5.573690032179002e-06,1.6573735592828598e-06
8447,1.647244243940804e-05,2.5734577775438083e-06,5.606603735941462e-06,1.6584762079219217e-06
8448,1.6532576410099864e-05,2.5995936994149815e-06,5.653422249451978e-06,1.6559123423576239e-06
8449,1.6570753359701484e-05,2.583027480795863e-06,5.6948038036352955e-06,1.658584324104595e-06
8450,1.656483073020354e-05,2.609094963190728e-06,5.677648005075753e-06,1.6556177797610871e-06
8451,1.65219244081527e-05,2.5738158910826314e-06,5.661081559082959e-06,1.6574055052842596e-06
8452,1.6467874957015738e-05,2.591042402855237e-06,5.595270977210021e-06,1.6563121789658908e-06
8453,1.6429487004643306e-05,2.5634612939029466e-06,5.5868686104076914e-06,1.6558316247028415e-06
8454,1.6419842722825706e-05,2.575507551227929e-06,5.558483280765358e-06,1.657170514590689e-06
8455,1.643406540097203e-05,2.5729659682838246e-06,5.587333362200297e-06,1.654753305047052e-06
8456,1.6456906450912356e-05,2.572561470515211e-06,5.5996174523897935e-06,1.656945528338838e-06
8457,1.647198587306775e-05,2.587672497611493e-06,5.611859251075657e-06,1.654490688451915e-06
8458,1.647114368097391e-05,2.567955334598082e-06,5.624304776574718e-06,1.6557768276470597e-06
8459,1.6455454897368327e-05,2.589544465081417e-06,5.590956789092161e-06,1.6549910242247279e-06
8460,1.6433365090051666e-05,2.5601784727768973e-06,5.600702024821658e-06,1.6544969412279897e-06
8461,1.6414373021689244e-05,2.580760110504343e-06,5.555451934924349e-06,1.65563210430264e-06
8462,1.6404343114118092e-05,2.560201437518117e-06,5.576373496296583e-06,1.6535535678485758e-06
8463,1.6403861081926152e-05,2.5719978111737873e-06,5.5546297517139465e-06,1.6554466810703161e-06
8464,1.640905611566268e-05,2.56911357610079e-06,5.574276201514294e-06,1.6531331539226812e-06
8465,1.641499693505466e-05,2.565591330494499e-06,5.5774080465198494e-06,1.6543996252949e-06
8466,1.6417297956650145e-05,2.5780229861993575e-06,5.572754162130877e-06,1.6533041389266145e-06
8467,1.6414625861216336e-05,2.5597000785637647e-06,5.588721705862554e-06,1.6532411564185168e-06
8468,1.6407539078500122e-05,2.579918145784177e-06,5.5588352552149445e-06,1.6537570672880975e-06
8469,1.6398744264733978e-05,2.5563829240127234e-06,5.580726337939268e-06,1.652327114243235e-06
8470,1.6390577002312057e-05,2.5750671284185955e-06,5.5463624448748305e-06,1.6538294858037261e-06
8471,1.638503817957826e-05,2.558338792368886e-06,5.567901098402217e-06,1.6517597032361664e-06
8472,1.6382404282921925e-05,2.567997398728039e-06,5.54874259250937e-06,1.6531326991753303e-06
8473,1.638209323573392e-05,2.564515625635977e-06,5.559632882068399e-06,1.6515889456059085e-06
8474,1.638284811633639e-05,2.5612471290514804e-06,5.561188118008431e-06,1.652082460168458e-06
8475,1.6383153706556186e-05,2.5708138764457544e-06,5.553553819481749e-06,1.651756974752061e-06
8476,1.638205321796704e-05,2.556459776315023e-06,5.569911991187837e-06,1.651136244618101e-06
8477,1.637948298593983e-05,2.5730239485710626e-06,5.546758075070102e-06,1.651940351621306e-06
8478,1.6375488485209644e-05,2.554593493186985e-06,5.56865688849939e-06,1.650447757128859e-06
8479,1.6370973753510043e-05,2.570550577729591e-06,5.542012331716251e-06,1.6516819414391648e-06
8480,1.6366588170058094e-05,2.5558192646712996e-06,5.5606733440072276e-06,1.6500191577506484e-06
8481,1.6363012036890723e-05,2.5653346256149234e-06,5.542990493268007e-06,1.650937406338926e-06
8482,1.6360540030291304e-05,2.559565928095253e-06,5.551864887820557e-06,1.649821683713526e-06
8483,1.635906119190622e-05,2.55974123319902e-06,5.549195066123502e-06,1.6500249557793722e-06
8484,1.635800435906276e-05,2.563853968240437e-06,5.5452173910452984e-06,1.6497867818543455e-06
8485,1.6357014828827232e-05,2.5556366836099187e-06,5.555407369683962e-06,1.6491944734298158e-06
8486,1.635572698432952e-05,2.5662036478024675e-06,5.540854999708245e-06,1.6497338037879672e-06
8487,1.6353857063222677e-05,2.553612603151123e-06,5.557306394621264e-06,1.6485873857163824e-06
8488,1.6351408703485504e-05,2.5658980575826718e-06,5.538478944799863e-06,1.6494062720084912e-06
8489,1.6348460121662356e-05,2.5535173335811123e-06,5.554121344175655e-06,1.6481642433063826e-06
8490,1.6345489711966366e-05,2.5631488824728876e-06,5.538242021430051e-06,1.6488196479258477e-06
8491,1.6342553863069043e-05,2.5551319140504347e-06,5.548110948438989e-06,1.6478620636917185e-06
8492,1.63400691235438e-05,2.5593978989491006e-06,5.540084657695843e-06,1.6481172906424035e-06
8493,1.6337837223545648e-05,2.5572846880095312e-06,5.542146482184762e-06,1.6476811879329034e-06
8494,1.6335885447915643e-05,2.5559972982591717e-06,5.542758572119055e-06,1.6474258472953807e-06
8495,1.6334253814420663e-05,2.559185759309912e-06,5.53756444787723e-06,1.6475007669214392e-06
8496,1.633249848964624e-05,2.5535030090395594e-06,5.544779924093746e-06,1.6468430885652197e-06
8497,1.633075953577645e-05,2.560076836743974e-06,5.534705451282207e-06,1.6471956314489944e-06
8498,1.6328838682966307e-05,2.552231535446481e-06,5.544887244468555e-06,1.646343889660784e-06
8499,1.63268850883469e-05,2.559582298999885e-06,5.533552212000359e-06,1.6467499790451257e-06
8500,1.632469502510503e-05,2.551994612076669e-06,5.5430700740544125e-06,1.645926090532157e-06
8501,1.6322477677022107e-05,2.5581070985936094e-06,5.533448529604357e-06,1.646184273340623e-06
8502,1.632007842999883e-05,2.552396836108528e-06,5.539781341212802e-06,1.645580255171808e-06
8503,1.6317786503350362e-05,2.5560561880411115e-06,5.533785042644013e-06,1.6455891227451502e-06
8504,1.6315621905960143e-05,2.5531537630740786e-06,5.536145636142464e-06,1.6452646605102927e-06
8505,1.6313413652824238e-05,2.5539472972013755e-06,5.534316187549848e-06,1.6450298971903976e-06
8506,1.6311369108734652e-05,2.5537822239130037e-06,5.532901923288591e-06,1.6449371287308168e-06
8507,1.6309350030496716e-05,2.552317710069474e-06,5.534499450732255e-06,1.6445064829895273e-06
8508,1.630737097002566e-05,2.554020511524868e-06,5.530550879484508e-06,1.6445600294900942e-06
8509,1.6305435565300286e-05,2.5510739760647994e-06,5.534145202545915e-06,1.6440433228126494e-06
8510,1.6303351003443822e-05,2.5537851797707845e-06,5.528893780137878e-06,1.6441343859696644e-06
8511,1.6301408322760835e-05,2.5502415610390017e-06,5.533119292522315e-06,1.6436097212135792e-06
8512,1.629927646717988e-05,2.5532394829497207e-06,5.527718258235836e-06,1.6436636087746592e-06
8513,1.6297293768730015e-05,2.5497356546111405e-06,5.5315190365945455e-06,1.6432077245553955e-06
8514,1.629528014746029e-05,2.552425485191634e-06,5.5270129450946115e-06,1.6431685025963816e-06
8515,1.6293226508423686e-05,2.5493586690572556e-06,5.52986966795288e-06,1.6427994751211372e-06
8516,1.6291178326355293e-05,2.551568741182564e-06,5.5262080422835425e-06,1.642680331315205e-06
8517,1.6289091945509426e-05,2.5491021915513556e-06,5.528024303202983e-06,1.6423932720499579e-06
8518,1.628701647859998e-05,2.5505912617518334e-06,5.525395863514859e-06,1.6422056887677172e-06
8519,1.628495374461636e-05,2.548824795667315e-06,5.526217591977911e-06,1.641982407818432e-06
8520,1.6282894648611546e-05,2.5496992748230696e-06,5.524449079530314e-06,1.641749236114265e-06
8521,1.628081372473389e-05,2.548387783463113e-06,5.524609150597826e-06,1.6415632444477524e-06
8522,1.62787673616549e-05,2.548885277064983e-06,5.52342135051731e-06,1.641292215026624e-06
8523,1.6276590031338856e-05,2.547984649936552e-06,5.523013896890916e-06,1.6411185015385854e-06
8524,1.6274574591079727e-05,2.5480571821390186e-06,5.522211267816601e-06,1.6408614555984968e-06
8525,1.627260098757688e-05,2.547520807638648e-06,5.521817001863383e-06,1.6406526128776022e-06
8526,1.627052915864624e-05,2.547400299590663e-06,5.520997547137085e-06,1.6404262623836985e-06
8527,1.6268431863863952e-05,2.546944187997724e-06,5.5205082389875315e-06,1.6401959328504745e-06
8528,1.6266423699562438e-05,2.546740461184527e-06,5.5196751418407075e-06,1.6400016420448082e-06
8529,1.6264348232652992e-05,2.5464078134973533e-06,5.519349087990122e-06,1.6397182207583683e-06
8530,1.6262363715213723e-05,2.5460781216679607e-06,5.518420039152261e-06,1.63957292897976e-06
8531,1.6260306438198313e-05,2.5458989512117114e-06,5.518042598851025e-06,1.6392726820413372e-06
8532,1.6258287359960377e-05,2.5454210117459297e-06,5.517226782103535e-06,1.6391280723837554e-06
8533,1.6256310118478723e-05,2.5454235128563596e-06,5.516705641639419e-06,1.6388361245844862e-06
8534,1.625429285923019e-05,2.5446970539633185e-06,5.5161667660286184e-06,1.6386856032113428e-06
8535,1.6252186469500884e-05,2.5450290195294656e-06,5.515143584489124e-06,1.638402522985416e-06
8536,1.6250236512860283e-05,2.5438325792492833e-06,5.5151895139715634e-06,1.6382427929784171e-06
8537,1.6248159226961434e-05,2.5447354801144684e-06,5.513516953215003e-06,1.6379816543121706e-06
8538,1.6246194718405604e-05,2.5429476409044582e-06,5.514436907105846e-06,1.637761783968017e-06
8539,1.6244126527453773e-05,2.5445235678489553e-06,5.511674316949211e-06,1.637585796743224e-06
8540,1.6242178389802575e-05,2.541948788348236e-06,5.513837095350027e-06,1.6372787285945378e-06
8541,1.6240186596405692e-05,2.5444221591897076e-06,5.5098898883443326e-06,1.6371748188248603e-06
8542,1.6238223906839266e-05,2.5409019599464955e-06,5.51327957509784e-06,1.6368087472073967e-06
8543,1.6236333976848982e-05,2.5443475806241622e-06,5.508165486389771e-06,1.636764068280172e-06
8544,1.6234458598773926e-05,2.5398483103344915e-06,5.51294579054229e-06,1.6363330814783694e-06
8545,1.6232610505539924e-05,2.544440803831094e-06,5.506366505869664e-06,1.6363609347536112e-06
8546,1.6230860637733713e-05,2.538556827857974e-06,5.51302309759194e-06,1.635856278880965e-06
8547,1.6229285392910242e-05,2.544881454014103e-06,5.504621185536962e-06,1.6359564369849977e-06
8548,1.6227784726652317e-05,2.537235332056298e-06,5.513737960427534e-06,1.6353621958842268e-06
8549,1.622656054678373e-05,2.5455649392824853e-06,5.503117790794931e-06,1.6355754723917926e-06
8550,1.6225527360802516e-05,2.5356705464218976e-06,5.515523753274465e-06,1.6348666349585983e-06
8551,1.6224837963818572e-05,2.5469566935498733e-06,5.501836767507484e-06,1.6352088323401404e-06
8552,1.6224868886638433e-05,2.5337192255392438e-06,5.519254955288488e-06,1.634379145798448e-06
8553,1.6225745639530942e-05,2.5494207420706516e-06,5.501816303876694e-06,1.6349014231309411e-06
8554,1.6227819287450984e-05,2.531737209210405e-06,5.526753739104606e-06,1.633865849726135e-06
8555,1.6231912013608962e-05,2.553774720581714e-06,5.504752607521368e-06,1.6346767779396032e-06
8556,1.623876960366033e-05,2.529612856960739e-06,5.542399776459206e-06,1.6333513030986069e-06
8557,1.6249920008704066e-05,2.5619201551307924e-06,5.5152131608338095e-06,1.6345575204468332e-06
8558,1.6267551472992636e-05,2.5284989533247426e-06,5.574645001615863e-06,1.6328814353983034e-06
8559,1.6294867236865684e-05,2.576955239419476e-06,5.544182386074681e-06,1.6347461269106134e-06
8560,1.6337118722731248e-05,2.5309170723630814e-06,5.643631084240042e-06,1.6325138858519495e-06
8561,1.640279333514627e-05,2.606745965749724e-06,5.618630893877707e-06,1.6354832723664003e-06
8562,1.650454942137003e-05,2.5445217488595517e-06,5.797344329039333e-06,1.6325368505931692e-06
8563,1.666273601585999e-05,2.6685283955885097e-06,5.8071527746506035e-06,1.6374108326999703e-06
8564,1.6909469195525162e-05,2.5895312774082413e-06,6.151499292172957e-06,1.6336877024514251e-06
8565,1.7296297301072627e-05,2.8032861791871255e-06,6.282552931224927e-06,1.6420915471826447e-06
8566,1.7904854757944122e-05,2.7198698262509424e-06,6.995423973421566e-06,1.6379121916543227e-06
8567,1.8864799130824395e-05,3.111484147666488e-06,7.487580660381354e-06,1.6531467963432078e-06
8568,2.0381532522151247e-05,3.0760779736738186e-06,9.054161637322977e-06,1.6502583548572147e-06
8569,2.277021121699363e-05,3.837658368865959e-06,1.0534979082876816e-05,1.6795148667370086e-06
8570,2.650857641128823e-05,4.008049472759012e-06,1.4083439964451827e-05,1.6834172811286408e-06
8571,3.226755507057533e-05,5.540428901440464e-06,1.8019492927123792e-05,1.7415264892406412e-06
8572,4.0907354559749365e-05,6.269965979299741e-06,2.5811323212110437e-05,1.7652123460720759e-06
8573,5.322420838638209e-05,9.20999445952475e-06,3.463156463112682e-05,1.8765300637824112e-06
8574,6.936507998034358e-05,1.0813279914145824e-05,4.888371768174693e-05,1.9336155219207285e-06
8575,8.739497570786625e-05,1.5108254046936054e-05,6.178996409289539e-05,2.0993502403143793e-06
8576,0.00010197271330980584,1.601795884198509e-05,7.52639098209329e-05,2.1381697479228023e-06
8577,0.000104364356957376,1.8012995496974327e-05,7.52392879803665e-05,2.2224155600270024e-06
8578,8.82149615790695e-05,1.3702440810448024e-05,6.418913835659623e-05,2.0646766643039882e-06
8579,5.749241972807795e-05,9.967445294023491e-06,3.796175587922335e-05,1.9126439383398974e-06
8580,2.8212813049321994e-05,4.209598046145402e-06,1.5566087313345633e-05,1.6874255379661918e-06
8581,1.6200046957237646e-05,2.5492684017081046e-06,5.520925697055645e-06,1.6259704125332064e-06
8582,2.4203538487199694e-05,4.133564743824536e-06,1.1513668141560629e-05,1.7112611203629058e-06
8583,4.125431223656051e-05,6.235080036276486e-06,2.5996443582698703e-05,1.8045573142444482e-06
8584,5.2110248361714184e-05,9.014293937070761e-06,3.350756014697254e-05,1.917678673635237e-06
8585,4.8096881073433906e-05,7.355235084105516e-06,3.1540344934910536e-05,1.8402602108835708e-06
8586,3.2978256058413535e-05,5.652224444929743e-06,1.8490030925022438e-05,1.7672000467428006e-06
8587,1.928511483129114e-05,2.920179440479842e-06,8.153074304573238e-06,1.6423721262981417e-06
8588,1.6688833056832664e-05,2.5733127131388756e-06,5.987371878291015e-06,1.6256298067673924e-06
8589,2.4129813027684577e-05,4.082468421984231e-06,1.155061909230426e-05,1.6993449207802769e-06
8590,3.255593037465587e-05,4.925620487483684e-06,1.8933276805910282e-05,1.7394063434039708e-06
8591,3.377289976924658e-05,5.799259270133916e-06,1.9079012417932972e-05,1.7789260482459213e-06
8592,2.7158403099747375e-05,4.084102783963317e-06,1.4587212717742659e-05,1.69741770150722e-06
8593,1.9065933884121478e-05,3.180982048434089e-06,7.60509919928154e-06,1.6559703226448619e-06
8594,1.615994915482588e-05,2.559766471676994e-06,5.478979801409878e-06,1.624240667297272e-06
8595,1.9389048247830942e-05,2.9268869639054174e-06,8.265413271146826e-06,1.6393494206567993e-06
8596,2.420807686576154e-05,4.1279154174844734e-06,1.1623318641795777e-05,1.691368765932566e-06
8597,2.558680353104137e-05,3.834374183497857e-06,1.3336624760995619e-05,1.6831610309964162e-06
8598,2.2478670871350914e-05,3.810702082773787e-06,1.026223981170915e-05,1.6811455907372874e-06
8599,1.8056194676319137e-05,2.7420053356763674e-06,7.152108082664199e-06,1.6324162288583466e-06
8600,1.6122194210765883e-05,2.549464625190012e-06,5.460438387672184e-06,1.6224582850554725e-06
8601,1.7587844922672957e-05,2.8870447295048507e-06,6.521756859001471e-06,1.6358087577827973e-06
8602,2.021442196564749e-05,3.0551391319022514e-06,8.95079574547708e-06,1.6416972812294262e-06
8603,2.119740383932367e-05,3.5682267025549663e-06,9.31640352064278e-06,1.6625547232251847e-06
8604,1.973606958927121e-05,2.99045291285438e-06,8.554676242056303e-06,1.638188109609473e-06
8605,1.7355821910314262e-05,2.836504108927329e-06,6.359981853165664e-06,1.6318674624926643e-06
8606,1.612697815289721e-05,2.5391859708179254e-06,5.4916581575525925e-06,1.6192268503800733e-06
8607,1.6729980416130275e-05,2.5807269139477285e-06,6.042218046786729e-06,1.621406909180223e-06
8608,1.8131835531676188e-05,2.994462420247146e-06,6.9302404881455e-06,1.6414263654951355e-06
8609,1.8822553101927042e-05,2.8543297503347276e-06,7.796739737386815e-06,1.6342966091542621e-06
8610,1.821092882892117e-05,3.013498599102604e-06,6.99381507729413e-06,1.6407232124038273e-06
8611,1.6954454622464254e-05,2.6062568849738454e-06,6.234694410522934e-06,1.6227008927671704e-06
8612,1.6149291695910506e-05,2.5693666430015583e-06,5.474801582749933e-06,1.6210248077186407e-06
8613,1.6303773008985445e-05,2.616408664835035e-06,5.571650945057627e-06,1.6231426798185566e-06
8614,1.701953078736551e-05,2.6123757379536983e-06,6.2916565184423234e-06,1.6230994788202224e-06
8615,1.751069794408977e-05,2.8757526706613135e-06,6.458115421992261e-06,1.6353662886103848e-06
8616,1.7340116755804047e-05,2.653005367392325e-06,6.5636095314403065e-06,1.6247004168690182e-06
8617,1.6714195226086304e-05,2.7108355880045565e-06,5.868927473784424e-06,1.6268867284452426e-06
8618,1.6184605556190945e-05,2.529785206206725e-06,5.566114850807935e-06,1.6177411907847272e-06
8619,1.6120262444019318e-05,2.532476855776622e-06,5.49983906239504e-06,1.6175895325432066e-06
8620,1.6440619219793007e-05,2.647047040227335e-06,5.683454673999222e-06,1.6220236602748628e-06
8621,1.6771435184637085e-05,2.587446942925453e-06,6.087604106141953e-06,1.6192766452149954e-06
8622,1.6806739949970506e-05,2.7281782877253136e-06,5.951597358944127e-06,1.6253928833975806e-06
8623,1.654180232435465e-05,2.5613881007302552e-06,5.890322427148931e-06,1.6180184729819302e-06
8624,1.6216046788031235e-05,2.592051941974205e-06,5.5267446441575885e-06,1.6194502450161963e-06
8625,1.6072983271442354e-05,2.5370998173457338e-06,5.451708602777217e-06,1.6168347656275728e-06
8626,1.6166446584975347e-05,2.529134690121282e-06,5.555250936595257e-06,1.616411964278086e-06
8627,1.635648004594259e-05,2.6282637008989695e-06,5.624289769912139e-06,1.6207854969252367e-06
8628,1.6457717720186338e-05,2.5511376406939235e-06,5.820598289574264e-06,1.6171961760846898e-06
8629,1.63914191944059e-05,2.63735660155362e-06,5.650659659295343e-06,1.6206804502871819e-06
8630,1.622428317205049e-05,2.5309279862995027e-06,5.6129392760340124e-06,1.6160831819433952e-06
8631,1.608801176189445e-05,2.5531701339787105e-06,5.450659955386072e-06,1.6168363572433009e-06
8632,1.6066162061179057e-05,2.5449041913816473e-06,5.438461812445894e-06,1.6165590750460979e-06
8633,1.6141120795509778e-05,2.5250499220419442e-06,5.539055564440787e-06,1.6154031072801445e-06
8634,1.622795025468804e-05,2.598038008727599e-06,5.535368472919799e-06,1.6189089819818037e-06
8635,1.6250658518401906e-05,2.530875917727826e-06,5.6427888921462e-06,1.6153989008671488e-06
8636,1.619613976799883e-05,2.5900783384713577e-06,5.515483280760236e-06,1.6181154478545068e-06
8637,1.6110385331558064e-05,2.523564717193949e-06,5.5135751608759165e-06,1.6146491361723747e-06
8638,1.605350371391978e-05,2.5420479232707294e-06,5.433989826997276e-06,1.61549314725562e-06
8639,1.6053598301368766e-05,2.541486082918709e-06,5.437195795821026e-06,1.6149832617884385e-06
8640,1.6093379599624313e-05,2.524204319342971e-06,5.497939127963036e-06,1.6142472532010288e-06
8641,1.6131909433170222e-05,2.5711549369589193e-06,5.480792879097862e-06,1.6159923461600556e-06
8642,1.6137229977175593e-05,2.524241381252068e-06,5.543681254494004e-06,1.613861627447477e-06
8643,1.610741855984088e-05,2.5642259515734622e-06,5.466375569085358e-06,1.6153634305737796e-06
8644,1.6064965166151524e-05,2.5233314318029443e-06,5.474055797094479e-06,1.613515792087128e-06
8645,1.6036883607739583e-05,2.535857447583112e-06,5.432289526652312e-06,1.6137475995492423e-06
8646,1.6035381122492254e-05,2.5369411105202744e-06,5.429184056993108e-06,1.6138512819452444e-06
8647,1.6052905266406015e-05,2.521577471270575e-06,5.467104529088829e-06,1.612844357623544e-06
8648,1.6070964193204418e-05,2.554764705564594e-06,5.444468115456402e-06,1.6143461607498466e-06
8649,1.6074623999884352e-05,2.5196800379490014e-06,5.492804120876826e-06,1.6124276953632943e-06
8650,1.6061600035754964e-05,2.5518816073599737e-06,5.440257154987194e-06,1.6138922092068242e-06
8651,1.6040419723140076e-05,2.5208994429704035e-06,5.459089607029455e-06,1.6120859527291032e-06
8652,1.602367774466984e-05,2.5350220766995335e-06,5.425211384135764e-06,1.6126887203427032e-06
8653,1.6018704627640545e-05,2.5296301373600727e-06,5.428797521744855e-06,1.6120551435960806e-06
8654,1.6023921489249915e-05,2.52337804340641e-06,5.441780103865312e-06,1.6117525092340657e-06
8655,1.6032256098696962e-05,2.5409460704395315e-06,5.430810233519878e-06,1.6120997088364675e-06
8656,1.6035877706599422e-05,2.5201916287187487e-06,5.459572093968745e-06,1.6112228422571206e-06
8657,1.6031717677833512e-05,2.541539288358763e-06,5.431526460597524e-06,1.61173034030071e-06
8658,1.6021900592022575e-05,2.5211743377440143e-06,5.446031991596101e-06,1.610938852536492e-06
8659,1.601146868779324e-05,2.5317749532405287e-06,5.425014933280181e-06,1.6109356693050358e-06
8660,1.6005120414774865e-05,2.526484649933991e-06,5.423961283668177e-06,1.610934759810334e-06
8661,1.6004063581931405e-05,2.5220485895260936e-06,5.43125224794494e-06,1.6101524806799716e-06
8662,1.600632276677061e-05,2.534208306315122e-06,5.41672943654703e-06,1.6110770957311615e-06
8663,1.60086783580482e-05,2.517085704312194e-06,5.443749159894651e-06,1.6095689261419466e-06
8664,1.600836549187079e-05,2.537763293730677e-06,5.415522537077777e-06,1.6110161595861427e-06
8665,1.6004863937268965e-05,2.5158228709187824e-06,5.443699592433404e-06,1.6090681356217829e-06
8666,1.5999426977941766e-05,2.5346218990307534e-06,5.411533493315801e-06,1.6106542943816748e-06
8667,1.59944174811244e-05,2.517236907806364e-06,5.434460035758093e-06,1.608544152986724e-06
8668,1.5991367035894655e-05,2.5295546492998255e-06,5.4108750191517174e-06,1.6101874962259899e-06
8669,1.5990819520084187e-05,2.520156385799055e-06,5.43073929293314e-06,1.607985041118809e-06
8670,1.599214010639116e-05,2.5273138817283325e-06,5.415018677012995e-06,1.6099614867925993e-06
8671,1.5994108252925798e-05,2.5214892502845032e-06,5.436051651486196e-06,1.6073133792815497e-06
8672,1.599608367541805e-05,2.5292756618000567e-06,5.41531881026458e-06,1.6102976587717421e-06
8673,1.599822826392483e-05,2.5184617697959766e-06,5.4468064263346605e-06,1.606592036296206e-06
8674,1.600192626938224e-05,2.536289002819103e-06,5.407470780482981e-06,1.6116332517412957e-06
8675,1.600927862455137e-05,2.5118256417044904e-06,5.466265974973794e-06,1.6062374470493523e-06
8676,1.6023055650293827e-05,2.550144699853263e-06,5.398396297096042e-06,1.6149032262546825e-06
8677,1.6046862583607435e-05,2.5051895136130042e-06,5.50566164747579e-06,1.607202193554258e-06
8678,1.6085876268334687e-05,2.574699010438053e-06,5.400957888923585e-06,1.622043555471464e-06
8679,1.6147983842529356e-05,2.5042236302397214e-06,5.585477993008681e-06,1.6116566712298663e-06
8680,1.624637661734596e-05,2.6202749268122716e-06,5.439751475933008e-06,1.6372699747080333e-06
8681,1.6402716937591322e-05,2.5208189526892966e-06,5.756378413934726e-06,1.6251038914560922e-06
8682,1.6652938938932493e-05,2.7147405035066186e-06,5.580925062531605e-06,1.671454469942546e-06
8683,1.705561953713186e-05,2.5884178285195958e-06,6.152992682473268e-06,1.662842123550945e-06
8684,1.7705364371067844e-05,2.930046775873052e-06,6.010412107571028e-06,1.7529811202621204e-06
8685,1.875470479717478e-05,2.800921038215165e-06,7.11853863322176e-06,1.7670492979959818e-06
8686,2.0445790141820908e-05,3.4454435535735684e-06,7.22413233233965e-06,1.9552430785552133e-06
8687,2.3153212168836035e-05,3.4092988698830595e-06,9.505734851700254e-06,2.0476356894505443e-06
8688,2.742130891419947e-05,4.688801254815189e-06,1.046197758114431e-05,2.4541061520721996e-06
8689,3.3964905014727265e-05,5.000974852009676e-06,1.5207160686259158e-05,2.7513542590895668e-06
8690,4.349375740275718e-05,7.465373073500814e-06,1.816421718103811e-05,3.5728335205931216e-06
8691,5.6182783737313e-05,8.419034202233888e-06,2.6810466806637123e-05,4.190656454738928e-06
8692,7.048139377729967e-05,1.2097193575755227e-05,3.1559058697894216e-05,5.365028755477397e-06
8693,8.18316257209517e-05,1.2574592801684048e-05,4.05776227125898e-05,5.7358820413355716e-06
8694,8.300808258354664e-05,1.4368119082064368e-05,3.8746235077269375e-05,5.9787462305394e-06
8695,6.923421460669488e-05,1.080308993550716e-05,3.5149932955391705e-05,4.656237706512911e-06
8696,4.510090730036609e-05,7.824152817192953e-06,2.0936267901561223e-05,3.2680973163223825e-06
8697,2.419968950562179e-05,3.7712986795668257e-06,1.1143714800709859e-05,1.8569348867458757e-06
8698,1.7812102669267915e-05,2.6791590244101826e-06,6.9869474828010425e-06,1.629199232411338e-06
8699,2.55030481639551e-05,4.52306494480581e-06,9.299084013036918e-06,2.336179704798269e-06
8700,3.715276034199633e-05,5.566696017922368e-06,1.6606994904577732e-05,2.9958134746266296e-06
8701,4.188227103441022e-05,7.336854650930036e-06,1.760099439707119e-05,3.3888843518070644e-06
8702,3.619315248215571e-05,5.553000846703071e-06,1.732649252517149e-05,2.6627324132277863e-06
8703,2.5886418370646425e-05,4.359564172773389e-06,1.1501417247927748e-05,2.0050872535648523e-06
8704,1.9769628124777228e-05,3.2435204957437236e-06,8.556589818908833e-06,1.5939034483380965e-06
8705,2.110389687004499e-05,3.114630999334622e-06,9.018024684337433e-06,1.794248191799852e-06
8706,2.5762188670341857e-05,4.621457719622413e-06,9.575020158081315e-06,2.313142204002361e-06
8707,2.7627662348095328e-05,4.093645202374319e-06,1.1719292160705663e-05,2.3629452243767446e-06
8708,2.4708428099984303e-05,4.290172000764869e-06,9.263735591957811e-06,2.2309041014523245e-06
8709,2.0277015210012905e-05,3.1368831514555495e-06,8.444945706287399e-06,1.739037088555051e-06
8710,1.8612223357195035e-05,2.8834419936174527e-06,7.716293112025596e-06,1.6024977185224998e-06
8711,2.0400577341206372e-05,3.5284269870317075e-06,8.039882231969386e-06,1.7664536926531582e-06
8712,2.263322312501259e-05,3.3196929507539608e-06,9.686065823188983e-06,1.92549305211287e-06
8713,2.2293465008260682e-05,3.9578985706612e-06,8.071406227827538e-06,2.0528323148027994e-06
8714,1.948047793121077e-05,2.894532599384547e-06,7.5204279710305855e-06,1.8131037222701707e-06
8715,1.6932584912865423e-05,2.7746521027438575e-06,5.797422545583686e-06,1.6721019164833706e-06
8716,1.687444637354929e-05,2.7723779112420743e-06,6.082307208998827e-06,1.6039522279243101e-06
8717,1.8803151760948822e-05,2.799615913318121e-06,7.600875960633857e-06,1.6805317955004284e-06
8718,2.034578938037157e-05,3.5447687878331635e-06,7.607146471855231e-06,1.8387746649750625e-06
8719,1.9823466573143378e-05,2.926319893958862e-06,8.030572644202039e-06,1.77331457962282e-06
8720,1.7772816136130132e-05,3.0270382467278978e-06,6.150547051220201e-06,1.7190461676364066e-06
8721,1.6110001524793915e-05,2.4971609491331037e-06,5.61143497179728e-06,1.600280938873766e-06
8722,1.6100962966447696e-05,2.4968139769043773e-06,5.607698767562397e-06,1.5992900443961844e-06
8723,1.7294665667577647e-05,2.9223012916190783e-06,5.942006282566581e-06,1.686071641415765e-06
8724,1.825948311307002e-05,2.7227831651543966e-06,7.070134415698703e-06,1.693313038231281e-06
8725,1.8076456399285235e-05,3.083245701418491e-06,6.395079253707081e-06,1.7196263115693e-06
8726,1.705822432995774e-05,2.5847718916338636e-06,6.34463140158914e-06,1.6257641846095794e-06
8727,1.6199175661313348e-05,2.6254826934746234e-06,5.578380296356045e-06,1.5990624433470657e-06
8728,1.6120113286888227e-05,2.597457296360517e-06,5.441153916763142e-06,1.616300551177119e-06
8729,1.6595957276877016e-05,2.5384431410202524e-06,5.906092610530322e-06,1.6302846006510663e-06
8730,1.6967675037449226e-05,2.8460556222853484e-06,5.69889471080387e-06,1.6845450545588392e-06
8731,1.6851554391905665e-05,2.556008666942944e-06,6.1242421907081734e-06,1.6342609114872175e-06
8732,1.642534334678203e-05,2.707329485929222e-06,5.59722502657678e-06,1.6241580169662484e-06
8733,1.6125221009133384e-05,2.5257368179154582e-06,5.6273461268574465e-06,1.5944275446599931e-06
8734,1.6169124137377366e-05,2.549704049670254e-06,5.642279575113207e-06,1.5954283298924565e-06
8735,1.6394627891713753e-05,2.6731083835329628e-06,5.526933819055557e-06,1.6389172969866195e-06
8736,1.6491327187395655e-05,2.538250100769801e-06,5.842330210725777e-06,1.6221492842305452e-06
8737,1.6329151549143717e-05,2.68167400463426e-06,5.4509637266164646e-06,1.6393026953664958e-06
8738,1.6053789295256138e-05,2.4933308395702625e-06,5.569755558099132e-06,1.5981404430931434e-06
8739,1.5905650798231363e-05,2.5479482701484812e-06,5.385295480664354e-06,1.594481545907911e-06
8740,1.5980631360434927e-05,2.5548392841301393e-06,5.415425221144687e-06,1.6020734392441227e-06
8741,1.616292865946889e-05,2.5255728814954637e-06,5.640301424136851e-06,1.5994110071915202e-06
8742,1.626020275580231e-05,2.6431582682562293e-06,5.475450961966999e-06,1.628318727853184e-06
8743,1.6183046682272106e-05,2.5191825443471316e-06,5.652298568747938e-06,1.6023133184717153e-06
8744,1.6003315977286547e-05,2.577805616965634e-06,5.38137419425766e-06,1.6088270058389753e-06
8745,1.5866216926951893e-05,2.508868647055351e-06,5.404784587881295e-06,1.5905126247162116e-06
8746,1.5856327081564814e-05,2.5016499876073794e-06,5.401487214840017e-06,1.5906380212982185e-06
8747,1.5940448065521196e-05,2.56733869719028e-06,5.3498574743571226e-06,1.6046504924815963e-06
8748,1.6020618204493076e-05,2.5009258024510927e-06,5.541691280086525e-06,1.5956003380779293e-06
8749,1.6025551303755492e-05,2.5877050120470813e-06,5.38267204319709e-06,1.6110346905406914e-06
8750,1.5962123143253848e-05,2.5072611151699675e-06,5.495746336237062e-06,1.5918232065814664e-06
8751,1.589034218341112e-05,2.5310762339358917e-06,5.379175490816124e-06,1.5960177961460431e-06
8752,1.5861605788813904e-05,2.5303240818175254e-06,5.376807621360058e-06,1.5908949535514694e-06
8753,1.5879588318057358e-05,2.4924866011133417e-06,5.437477284431225e-06,1.5899248637651908e-06
8754,1.590835745446384e-05,2.5638353235990508e-06,5.342674739949871e-06,1.6003696146071889e-06
8755,1.5911737136775628e-05,2.488867039573961e-06,5.467899427458178e-06,1.5909942021608003e-06
8756,1.5883966625551693e-05,2.5518697839288507e-06,5.336815320333699e-06,1.5990563042578287e-06
8757,1.5848028851905838e-05,2.5004578674270306e-06,5.404443982115481e-06,1.5886254232100327e-06
8758,1.583080302225426e-05,2.5117496988968924e-06,5.364829121390358e-06,1.5908449313428719e-06
8759,1.5840378182474524e-05,2.5308320346084656e-06,5.35423714609351e-06,1.5910619595160824e-06
8760,1.5861802239669487e-05,2.4911887521739118e-06,5.427693395176902e-06,1.588584041201102e-06
8761,1.587293081684038e-05,2.5513932087051217e-06,5.344362762116361e-06,1.5954350374158821e-06
8762,1.586282451171428e-05,2.48868695962301e-06,5.432358648249647e-06,1.5883555306572816e-06
8763,1.5837931641726755e-05,2.5363276563439285e-06,5.338260052667465e-06,1.5926688092804397e-06
8764,1.5814863218110986e-05,2.4989649318740703e-06,5.376493390940595e-06,1.5878808881097939e-06
8765,1.580578100401908e-05,2.50779589805461e-06,5.356947895052144e-06,1.5882077377682435e-06
8766,1.5810875993338414e-05,2.520871930755675e-06,5.338639311958104e-06,1.5902729728622944e-06
8767,1.5821173292351887e-05,2.4927905997174093e-06,5.39352686246275e-06,1.5869711660343455e-06
8768,1.5826157323317602e-05,2.5332747100037523e-06,5.3331832532421686e-06,1.591939735590131e-06
8769,1.5821678971406072e-05,2.4913690594985383e-06,5.397017048380803e-06,1.5866587546042865e-06
8770,1.5811365301487967e-05,2.5247704797948245e-06,5.339222298061941e-06,1.5894743228273e-06
8771,1.5801990230102092e-05,2.499480842743651e-06,5.367612629925134e-06,1.586979124112986e-06
8772,1.5797799278516322e-05,2.5082065349124605e-06,5.356886049412424e-06,1.5865415434745955e-06
8773,1.5798519598320127e-05,2.5130116227956023e-06,5.3418552852235734e-06,1.588730242474412e-06
8774,1.580019306857139e-05,2.49747199632111e-06,5.375276487029623e-06,1.5854888033572934e-06
8775,1.5799114407855086e-05,2.5194883619406028e-06,5.332139153324533e-06,1.5894974012553575e-06
8776,1.5794194041518494e-05,2.4953690171969356e-06,5.3728240345662925e-06,1.5852003798499936e-06
8777,1.5787412849022076e-05,2.5138683668046724e-06,5.334626621333882e-06,1.587783231116191e-06
8778,1.578190131112933e-05,2.5001243102451554e-06,5.354040240490576e-06,1.5855475794523954e-06
8779,1.577971488586627e-05,2.504164513084106e-06,5.3478070185519755e-06,1.5855488300076104e-06
8780,1.5780122339492664e-05,2.508060561012826e-06,5.338628398021683e-06,1.5866863805058529e-06
8781,1.5781219190103002e-05,2.4978139663289767e-06,5.361477633414324e-06,1.5843855862840428e-06
8782,1.5781006368342787e-05,2.511955244699493e-06,5.333121862349799e-06,1.5871855794102885e-06
8783,1.5778481611050665e-05,2.497064087947365e-06,5.36178822585498e-06,1.5839256093386211e-06
8784,1.5774581697769463e-05,2.50809080171166e-06,5.335403784556547e-06,1.586217081239738e-06
8785,1.5770365280332044e-05,2.500599748600507e-06,5.349905222828966e-06,1.5839721072552493e-06
8786,1.5767240256536752e-05,2.500917616998777e-06,5.343194061424583e-06,1.5846254655116354e-06
8787,1.5765373973408714e-05,2.5056124286493286e-06,5.337219590728637e-06,1.5845084817556199e-06
8788,1.576421709614806e-05,2.495619582987274e-06,5.351120307750534e-06,1.5834954183446825e-06
8789,1.5762985640321858e-05,2.5082592856051633e-06,5.330624844646081e-06,1.5848203247514903e-06
8790,1.576100112288259e-05,2.4942871732491767e-06,5.35208255314501e-06,1.5829260746613727e-06
8791,1.5758367226226255e-05,2.5060555799427675e-06,5.330527073965641e-06,1.5843570508877747e-06
8792,1.575548230903223e-05,2.4965140710264677e-06,5.3451954045158345e-06,1.5827542938495753e-06
8793,1.5752917533973232e-05,2.5009157980093732e-06,5.335341029422125e-06,1.5833320503588766e-06
8794,1.5751036698929965e-05,2.500356004020432e-06,5.336161848390475e-06,1.5829036783543415e-06
8795,1.574960333527997e-05,2.496026809239993e-06,5.341500582289882e-06,1.582415052325814e-06
8796,1.5748282748972997e-05,2.5033730253198883e-06,5.330009116732981e-06,1.5829801895961282e-06
8797,1.574682755745016e-05,2.4934920475061517e-06,5.34420814801706e-06,1.581825813445903e-06
8798,1.57449503603857e-05,2.5034198642970296e-06,5.328133283910574e-06,1.5826793742235168e-06
8799,1.5742829418741167e-05,2.4935529836511705e-06,5.3416588343679905e-06,1.5815236338312388e-06
8800,1.57404865603894e-05,2.500941263861023e-06,5.329752639227081e-06,1.5819585996723617e-06
8801,1.573828558321111e-05,2.495235776223126e-06,5.33573347638594e-06,1.5814633798072464e-06
8802,1.5736415662104264e-05,2.4975111045932863e-06,5.333221452019643e-06,1.5811363027751213e-06
8803,1.5734625776531175e-05,2.497310788385221e-06,5.330041403794894e-06,1.581454512233904e-06
8804,1.5732895917608403e-05,2.4948499230958987e-06,5.335639343684306e-06,1.5804812392161693e-06
8805,1.5731126040918753e-05,2.498007461326779e-06,5.326765858626459e-06,1.581270794304146e-06
8806,1.5729192455182783e-05,2.493802639946807e-06,5.335160949471174e-06,1.5800458186276956e-06
8807,1.5727157006040215e-05,2.497124114597682e-06,5.326131940819323e-06,1.5807800082257017e-06
8808,1.5724959666840732e-05,2.494035470590461e-06,5.33195270691067e-06,1.5797945707163308e-06
8809,1.572287510498427e-05,2.4950256829470163e-06,5.3272074183041696e-06,1.5801282415850437e-06
8810,1.5720961528131738e-05,2.4950215902208583e-06,5.327738108462654e-06,1.5796402976775425e-06
8811,1.571910979691893e-05,2.4928210677899187e-06,5.32884405402001e-06,1.5794890941833728e-06
8812,1.5717254427727312e-05,2.495749868103303e-06,5.3241956265992485e-06,1.5794616956554819e-06
8813,1.5715373592684045e-05,2.4912051230785437e-06,5.3294147619453724e-06,1.5789510143804364e-06
8814,1.571350912854541e-05,2.4956423203548184e-06,5.3220046538626775e-06,1.579172476340318e-06
8815,1.5711648302385584e-05,2.490663973730989e-06,5.328278348315507e-06,1.5785412870172877e-06
8816,1.5709611034253612e-05,2.4946164103312185e-06,5.321396656654542e-06,1.578719661665673e-06
8817,1.570771746628452e-05,2.4906901217036648e-06,5.325816346157808e-06,1.5782420632604044e-06
8818,1.5705774785601534e-05,2.4931364350777585e-06,5.321769549482269e-06,1.5781738511577714e-06
8819,1.5703844837844372e-05,2.4910762022045674e-06,5.322879587765783e-06,1.577977627675864e-06
8820,1.5701974916737527e-05,2.4915980247897096e-06,5.322176548361313e-06,1.5776402051415062e-06
8821,1.5700101357651874e-05,2.49124423135072e-06,5.3203302741167136e-06,1.577705234012683e-06
8822,1.569826235936489e-05,2.490451606718125e-06,5.321975550032221e-06,1.5771670405229088e-06
8823,1.569633968756534e-05,2.4909825242502848e-06,5.3184839998721145e-06,1.5773747463754262e-06
8824,1.5694575267843902e-05,2.489864300514455e-06,5.320976924849674e-06,1.5767466265970143e-06
8825,1.5692658053012565e-05,2.4901673896238208e-06,5.317649083735887e-06,1.5769683159305714e-06
8826,1.5690780855948105e-05,2.48970536631532e-06,5.319156116456725e-06,1.5763837382110069e-06
8827,1.5689009160269052e-05,2.4889754968171474e-06,5.317473551258445e-06,1.5765120906507946e-06
8828,1.5687168342992663e-05,2.4898347419366473e-06,5.31706064066384e-06,1.5760547285026405e-06
8829,1.568550396768842e-05,2.487635811121436e-06,5.317523573467042e-06,1.576068825670518e-06
8830,1.5683805031585507e-05,2.490124870746513e-06,5.3152039072301704e-06,1.575695137034927e-06
8831,1.5682224329793826e-05,2.486377979948884e-06,5.317613613442518e-06,1.5756462516947067e-06
8832,1.5680659998906776e-05,2.4903088160499465e-06,5.3138101065997034e-06,1.575308374412998e-06
8833,1.5679426724091172e-05,2.485293634890695e-06,5.317833711160347e-06,1.5752600575069664e-06
8834,1.5678375348215923e-05,2.4906869384722086e-06,5.313389920047484e-06,1.574859993525024e-06
8835,1.567765139043331e-05,2.4843520805006847e-06,5.3185276556178e-06,1.574954353600333e-06
8836,1.5677385817980394e-05,2.4912865228543524e-06,5.314411282597575e-06,1.5743374888188555e-06
8837,1.567801518831402e-05,2.4835867407091428e-06,5.320951004250674e-06,1.5746952612971654e-06
8838,1.567962135595735e-05,2.4927207959990483e-06,5.318022431310965e-06,1.5737756484668353e-06
8839,1.5683095625718124e-05,2.483193384250626e-06,5.3273561206879094e-06,1.5745091559438151e-06
8840,1.5689052816014737e-05,2.4960311293398263e-06,5.327344752004137e-06,1.5731355915704626e-06
8841,1.5698959032306448e-05,2.4836051579768537e-06,5.343245902622584e-06,1.574421389705094e-06
8842,1.5715038898633793e-05,2.5033125439222204e-06,5.3496091823035385e-06,1.572423570905812e-06
8843,1.5740275557618588e-05,2.486849552951753e-06,5.381083610700443e-06,1.574468342369073e-06
8844,1.5779980458319187e-05,2.5188301151501946e-06,5.403225259215105e-06,1.5715850167907774e-06
8845,1.5842262655496597e-05,2.497972673154436e-06,5.4704019021301065e-06,1.5747775705676759e-06
8846,1.5940287994453683e-05,2.55310828833899e-06,5.534419415198499e-06,1.5705521718700766e-06
8847,1.6094872989924625e-05,2.5304530026915018e-06,5.686804342985852e-06,1.5755229014757788e-06
8848,1.6339421563316137e-05,2.631749111969839e-06,5.861483259650413e-06,1.569237838339177e-06
8849,1.6727568436181173e-05,2.6203745164821157e-06,6.221856892807409e-06,1.5770672234793892e-06
8850,1.734577199385967e-05,2.8190365810587537e-06,6.688830580969807e-06,1.5675809663662221e-06
8851,1.833341593737714e-05,2.8625734103115974e-06,7.569976332888473e-06,1.5801733752596192e-06
8852,1.991142562474124e-05,3.2780251331132604e-06,8.804580829746556e-06,1.5657637959520798e-06
8853,2.242947812192142e-05,3.503511834423989e-06,1.0994262993335724e-05,1.5863405451455037e-06
8854,2.6410805730847642e-05,4.41206930190674e-06,1.4175734577293042e-05,1.5646005522285122e-06
8855,3.261941310483962e-05,5.132612841407536e-06,1.949364013853483e-05,1.5986317976057762e-06
8856,4.199380418867804e-05,7.09004189047846e-06,2.7070816940977238e-05,1.5665891623939388e-06
8857,5.545408566831611e-05,8.826057637634221e-06,3.852015288430266e-05,1.6215753930737264e-06
8858,7.29469902580604e-05,1.2369293472147547e-05,5.269949906505644e-05,1.575639998918632e-06
8859,9.213758312398568e-05,1.477883051848039e-05,6.90911547280848e-05,1.6535198028577724e-06
8860,0.00010624439164530486,1.805652937036939e-05,8.025507850106806e-05,1.5865580280660652e-06
8861,0.00010577135981293395,1.6927862816373818e-05,8.05428862804547e-05,1.660121483837429e-06
8862,8.465305290883407e-05,1.4476573596766684e-05,6.231502629816532e-05,1.5722907846793532e-06
8863,5.0654347433010116e-05,7.909768100944348e-06,3.472751996014267e-05,1.6034123291319702e-06
8864,2.281792876601685e-05,3.8810671867395286e-06,1.1129125596198719e-05,1.5615470374541474e-06
8865,1.6253212379524484e-05,2.6080892894242425e-06,5.805779437650926e-06,1.5678687077524955e-06
8866,2.9393937438726425e-05,4.573400474328082e-06,1.6751924704294652e-05,1.6137224747581058e-06
8867,4.72600368084386e-05,8.037844963837415e-06,3.132114579784684e-05,1.580208959239826e-06
8868,5.391299782786518e-05,8.540241651644465e-06,3.721483517438173e-05,1.6315843822667375e-06
8869,4.396370059112087e-05,7.4635440796555486e-06,2.8676444344455376e-05,1.5647428881493397e-06
8870,2.652031253091991e-05,4.1328976294607855e-06,1.4477747754426673e-05,1.5819338159417384e-06
8871,1.6117654013214633e-05,2.634089014463825e-06,5.638719812850468e-06,1.56896874159429e-06
8872,1.9089569832431152e-05,3.115496383543359e-06,8.127619366860017e-06,1.5692907027187175e-06
8873,2.9152488423278555e-05,4.605088179232553e-06,1.6441073967143893e-05,1.6212650280067464e-06
8874,3.5085973649984226e-05,5.896442871744512e-06,2.1290623408276588e-05,1.5797816104168305e-06
8875,3.133217978756875e-05,4.9318423407385126e-06,1.834711292758584e-05,1.6106449720609817e-06
8876,2.205536475230474e-05,3.6867263588646892e-06,1.0560478585830424e-05,1.5616319615219254e-06
8877,1.5957721188897267e-05,2.511567345209187e-06,5.607332241197582e-06,1.5677645706091425e-06
8878,1.7332247807644308e-05,2.729513880694867e-06,6.6918037191499025e-06,1.582185973347805e-06
8879,2.2838292352389544e-05,3.812886916421121e-06,1.1174552128068171e-05,1.570170525155845e-06
8880,2.601874621177558e-05,4.068774615006987e-06,1.3893808500142768e-05,1.6112328466988401e-06
8881,2.3793032596586272e-05,3.983972419518977e-06,1.1959928087890148e-05,1.5698266224717372e-06
8882,1.874701410997659e-05,2.9350537715799874e-06,7.890686902101152e-06,1.5842547327338252e-06
8883,1.5692705346737057e-05,2.5195517991960514e-06,5.360438535717549e-06,1.562542820465751e-06
8884,1.6721325664548203e-05,2.733902874751948e-06,6.187845428939909e-06,1.5599155176460044e-06
8885,1.973978942260146e-05,3.0896378575562267e-06,8.746033927309327e-06,1.5808236639713868e-06
8886,2.1232037397567183e-05,3.5306911740917712e-06,9.899474207486492e-06,1.5603742440362112e-06
8887,1.9802915630862117e-05,3.1105319067137316e-06,8.777635230217129e-06,1.5829499488972942e-06
8888,1.7072356058633886e-05,2.782958745228825e-06,6.498778930108529e-06,1.558123699396674e-06
8889,1.5602407074766234e-05,2.4996877527883044e-06,5.284225153445732e-06,1.5636990156053798e-06
8890,1.631135819479823e-05,2.5683848434709944e-06,5.9248891375318635e-06,1.5636165926480317e-06
8891,1.7938702512765303e-05,2.9594987154268892e-06,7.199815627245698e-06,1.555877588543808e-06
8892,1.863775833044201e-05,2.9181196623540018e-06,7.857755917939357e-06,1.572376618241833e-06
8893,1.77847014128929e-05,2.928136836999329e-06,7.073753749864409e-06,1.5565622106805677e-06
8894,1.6317952031386085e-05,2.577057784947101e-06,5.907215381739661e-06,1.5667358184145996e-06
8895,1.5570880350423977e-05,2.492485236871289e-06,5.276995580061339e-06,1.5602801113345777e-06
8896,1.5975223504938185e-05,2.5938420549209695e-06,5.587258328887401e-06,1.55882446506439e-06
8897,1.6845784557517618e-05,2.644795586093096e-06,6.3672446231066715e-06,1.5667487787141e-06
8898,1.7219659639522433e-05,2.8322244816081366e-06,6.604215741390362e-06,1.5566436104563763e-06
8899,1.6774896721472032e-05,2.63450442616886e-06,6.309796845016535e-06,1.5661190673199599e-06
8900,1.5990455722203478e-05,2.597204456833424e-06,5.60370426683221e-06,1.557909286020731e-06
8901,1.556248935230542e-05,2.482155196048552e-06,5.281729954731418e-06,1.5597207720929873e-06
8902,1.5741708921268582e-05,2.5034937607415486e-06,5.424680239229929e-06,1.5627067568857456e-06
8903,1.620150578673929e-05,2.630735025377362e-06,5.790229806734715e-06,1.5561080317638698e-06
8904,1.6439156752312556e-05,2.595161276985891e-06,6.019413831381826e-06,1.5649161468900274e-06
8905,1.624710057512857e-05,2.6418631478009047e-06,5.8273199101677164e-06,1.5555833670077845e-06
8906,1.58344155352097e-05,2.5098752303165384e-06,5.519027581613045e-06,1.5611026356054936e-06
8907,1.556210008857306e-05,2.500042000974645e-06,5.270963811199181e-06,1.558218855279847e-06
8908,1.5604058717144653e-05,2.504313215467846e-06,5.315566795616178e-06,1.5568357412121259e-06
8909,1.583606717758812e-05,2.5155479761451716e-06,5.507736204890534e-06,1.5625565765731153e-06
8910,1.6000925825210288e-05,2.589103360151057e-06,5.634544777421979e-06,1.5554552419416723e-06
8911,1.59502997121308e-05,2.529078756197123e-06,5.606445029116003e-06,1.5629553899998427e-06
8912,1.5746280041639693e-05,2.538340822866303e-06,5.42830775884795e-06,1.555926246510353e-06
8913,1.5567637092317455e-05,2.4841606318659615e-06,5.286723080644151e-06,1.5593507214362035e-06
8914,1.5538402294623666e-05,2.4806640794849955e-06,5.26670555700548e-06,1.5582064634145354e-06
8915,1.563833939144388e-05,2.5174563234031666e-06,5.339451490726788e-06,1.556286406412255e-06
8916,1.574798079673201e-05,2.50023435910407e-06,5.445384886115789e-06,1.5604720147166518e-06
8917,1.5764475392643362e-05,2.5438230295549147e-06,5.4439824452856556e-06,1.555334051772661e-06
8918,1.568121660966426e-05,2.493535248504486e-06,5.3875955927651376e-06,1.5600170399920898e-06
8919,1.557260111439973e-05,2.4994128580146935e-06,5.293353751767427e-06,1.555967060085095e-06
8920,1.5519304724875838e-05,2.483671551090083e-06,5.2478180805337615e-06,1.5575627685393556e-06
8921,1.5543624613201246e-05,2.4774219582468504e-06,5.2789837354794145e-06,1.5574438521070988e-06
8922,1.560398959554732e-05,2.511423190298956e-06,5.314275767887011e-06,1.5556584003206808e-06
8923,1.5640047422493808e-05,2.4854057301126886e-06,5.3636076700058766e-06,1.5582066907882108e-06
8924,1.562232500873506e-05,2.5155234197882237e-06,5.331210104486672e-06,1.5551183878415031e-06
8925,1.556836832605768e-05,2.4785322239040397e-06,5.3030917115393095e-06,1.5573488099107635e-06
8926,1.5520037777605467e-05,2.488316113158362e-06,5.253056770015974e-06,1.5557329788862262e-06
8927,1.5506921045016497e-05,2.4806759029161185e-06,5.247803528618533e-06,1.555688527332677e-06
8928,1.5527235518675297e-05,2.4772095912339864e-06,5.2664672693936154e-06,1.556711936245847e-06
8929,1.5555306163150817e-05,2.4978789952001534e-06,5.284754024614813e-06,1.5545346059298026e-06
8930,1.5565252397209406e-05,2.4784674224065384e-06,5.302668796502985e-06,1.5568233493468142e-06
8931,1.5549590898444876e-05,2.497117520761094e-06,5.281051926431246e-06,1.554284494886815e-06
8932,1.5520987290074117e-05,2.474763505233568e-06,5.267096184979891e-06,1.5558254062852939e-06
8933,1.5498993889195845e-05,2.4820815269777086e-06,5.243140549282543e-06,1.5547540215266054e-06
8934,1.5494726540055126e-05,2.478213218637393e-06,5.244294698059093e-06,1.5544436564596253e-06
8935,1.5505032934015617e-05,2.475617975505884e-06,5.252437404124066e-06,1.5553956700387062e-06
8936,1.5517343854298815e-05,2.487389565430931e-06,5.262720605969662e-06,1.55344696395332e-06
8937,1.5520519809797406e-05,2.475570454407716e-06,5.267891538096592e-06,1.555411699882825e-06
8938,1.5511668607359752e-05,2.4859264158294536e-06,5.260198122414295e-06,1.5531089729847736e-06
8939,1.5496942069148645e-05,2.4745661448832834e-06,5.249160494713578e-06,1.554643063172989e-06
8940,1.548505861137528e-05,2.4767909962974954e-06,5.241949111223221e-06,1.5532638144577504e-06
8941,1.5481353329960257e-05,2.477183215887635e-06,5.236185643298086e-06,1.5535966895185993e-06
8942,1.5484605683013797e-05,2.4716739517316455e-06,5.245253305474762e-06,1.5535358670604182e-06
8943,1.5489677025470883e-05,2.4823641524562845e-06,5.243593022896675e-06,1.5527440382356872e-06
8944,1.549119406263344e-05,2.4706382646400016e-06,5.253043127595447e-06,1.553502443130128e-06
8945,1.5487119526369497e-05,2.4818948531901697e-06,5.2434925237321295e-06,1.5523462479904993e-06
8946,1.5479694411624223e-05,2.470470235493849e-06,5.244366548140533e-06,1.5529714119111304e-06
8947,1.547249121358618e-05,2.476281906638178e-06,5.234689524513669e-06,1.5523040701737045e-06
8948,1.5468434867216274e-05,2.4722444322833326e-06,5.23528478879598e-06,1.5521810610152897e-06
8949,1.5468011042685248e-05,2.4717633095860947e-06,5.234581294644158e-06,1.552333287690999e-06
8950,1.5469307982129976e-05,2.4754947389737936e-06,5.236484867054969e-06,1.5514659708060208e-06
8951,1.5470122889382765e-05,2.469953187755891e-06,5.239382517174818e-06,1.552157641526719e-06
8952,1.546859130030498e-05,2.4762030079727992e-06,5.23743437952362e-06,1.5509906461375067e-06
8953,1.5464902389794588e-05,2.469403170834994e-06,5.237133336777333e-06,1.5516731082243496e-06
8954,1.5460267604794353e-05,2.4734574708418222e-06,5.232902822172036e-06,1.5507812349824235e-06
8955,1.5456431356142275e-05,2.469983428454725e-06,5.231366685620742e-06,1.5510163393628318e-06
8956,1.5454170352313668e-05,2.4700950689293677e-06,5.230480383033864e-06,1.5507191619690275e-06
8957,1.5453275409527123e-05,2.4715754989301786e-06,5.229909675108502e-06,1.550358319946099e-06
8958,1.545299710414838e-05,2.468158072588267e-06,5.231771410763031e-06,1.5506134332099464e-06
8959,1.545221130072605e-05,2.472321057211957e-06,5.230588612903375e-06,1.5498602579100407e-06
8960,1.5450223145307973e-05,2.4674668566149194e-06,5.231064278632402e-06,1.5503384247494978e-06
8961,1.5447545592905954e-05,2.4709358967811568e-06,5.228880581853446e-06,1.5495459138037404e-06
8962,1.5444475138792768e-05,2.467719014020986e-06,5.227337624091888e-06,1.5498839047722868e-06
8963,1.5441863070009276e-05,2.468403863531421e-06,5.2268906074459665e-06,1.5493137652811129e-06
8964,1.543979306006804e-05,2.46860349761846e-06,5.224436335993232e-06,1.5493503724428592e-06
8965,1.5438396076206118e-05,2.4661510451551294e-06,5.226824214332737e-06,1.5490838904952398e-06
8966,1.543729922559578e-05,2.4695732463442255e-06,5.223449079494458e-06,1.5488552662645816e-06
8967,1.543596590636298e-05,2.4646792553539854e-06,5.227371730143204e-06,1.5487827340621152e-06
8968,1.5434230590471998e-05,2.4695727915968746e-06,5.22224490850931e-06,1.5484823734368547e-06
8969,1.543219514132943e-05,2.4639216462674085e-06,5.226570465310942e-06,1.5483406059502158e-06
8970,1.5429868653882295e-05,2.468588490955881e-06,5.2202058213879354e-06,1.5482149819945334e-06
8971,1.542756763228681e-05,2.4636303805891657e-06,5.22481468578917e-06,1.5478244677069597e-06
8972,1.5425674064317718e-05,2.467270178385661e-06,5.218241312832106e-06,1.548032628306828e-06
8973,1.542396239528898e-05,2.4635239697090583e-06,5.224021151661873e-06,1.5472835457330802e-06
8974,1.5422490832861513e-05,2.4663322619744577e-06,5.216741556068882e-06,1.5478833574888995e-06
8975,1.5421115676872432e-05,2.4630680854897946e-06,5.2242548918002285e-06,1.5467583125428064e-06
8976,1.5419676856254227e-05,2.466292926328606e-06,5.214789780438878e-06,1.5477188526347163e-06
8977,1.5418130715261213e-05,2.4616060727566946e-06,5.225205313763581e-06,1.5462640021723928e-06
8978,1.5416479072882794e-05,2.46719787355687e-06,5.211437382968143e-06,1.5475687860089238e-06
8979,1.5415043890243396e-05,2.459095185258775e-06,5.227121164352866e-06,1.5457654853889835e-06
8980,1.5413945220643654e-05,2.469291985107702e-06,5.207010872254614e-06,1.5475285408683703e-06
8981,1.5413392247864977e-05,2.455725962136057e-06,5.2314735512482e-06,1.5452386605829815e-06
8982,1.541356323286891e-05,2.4728251446504146e-06,5.201869953452842e-06,1.5477736496904981e-06
8983,1.5414872905239463e-05,2.4516302801202983e-06,5.239762685960159e-06,1.5446959196196985e-06
8984,1.5417772374348715e-05,2.478611349943094e-06,5.1961096687591635e-06,1.5486103848161292e-06
8985,1.5423296645167284e-05,2.446759708618629e-06,5.255060386843979e-06,1.5442952872035676e-06
8986,1.5432782674906775e-05,2.4885878247005166e-06,5.190635420149192e-06,1.550711999698251e-06
8987,1.5448740668944083e-05,2.441453034407459e-06,5.284247436065925e-06,1.544607926007302e-06
8988,1.5474955944227986e-05,2.507097178749973e-06,5.189822331885807e-06,1.5556074686173815e-06
8989,1.551819332235027e-05,2.437604962324258e-06,5.344072633306496e-06,1.5473030998691684e-06
8990,1.5588500900776125e-05,2.5444949187658494e-06,5.2091190809733234e-06,1.566977402944758e-06
8991,1.570338281453587e-05,2.442791810608469e-06,5.474753379530739e-06,1.557167252030922e-06
8992,1.5891117072897032e-05,2.6245261324220337e-06,5.29459157405654e-06,1.5943996913847513e-06
8993,1.6198900993913412e-05,2.481609271853813e-06,5.778775630460586e-06,1.5877035366429482e-06
8994,1.6704459994798526e-05,2.80761810245167e-06,5.582256562775001e-06,1.662916815803328e-06
8995,1.7536734958412126e-05,2.6290044843335636e-06,6.524747732328251e-06,1.6765965256126947e-06
8996,1.8905298929894343e-05,3.2486852887814166e-06,6.458601092163008e-06,1.8396024188405136e-06
8997,2.1146313883946277e-05,3.097689386777347e-06,8.412712304561865e-06,1.927182438521413e-06
8998,2.4772600227151997e-05,4.336550773587078e-06,8.958124453783967e-06,2.2955850909056608e-06
8999,3.0507002520607784e-05,4.4303110371402e-06,1.3124761608196422e-05,2.5903859750542324e-06
9000,3.918843503925018e-05,6.894803846080322e-06,1.5361907571787015e-05,3.386344815226039e-06
9001,1.5686588085372932e-05,2.4404430405411404e-06,5.472590601129923e-06,1.5547110479019466e-06
9002,3.458361607044935e-05,5.039494681113865e-06,1.516746669949498e-05,2.8753311198670417e-06
9003,1.5695284673711285e-05,2.581581838967395e-06,5.23954804521054e-06,1.5748307760077296e-06
9004,3.089176243520342e-05,5.451457127492176e-06,1.1679660019581206e-05,2.7521293759491527e-06
9005,1.5668501873733476e-05,2.4399860194534995e-06,5.465627054945799e-06,1.5525777143921005e-06
9006,2.7925651011173613e-05,4.077313860761933e-06,1.1882856597367208e-05,2.39309633798257e-06
9007,1.5624524166923948e-05,2.5648723749327473e-06,5.2217874326743186e-06,1.5675728946007439e-06
9008,2.553926969994791e-05,4.5112319639883935e-06,9.344606041850056e-06,2.336686520720832e-06
9009,1.557642826810479e-05,2.435411943224608e-06,5.403981049312279e-06,1.5474067822651705e-06
9010,2.3613803932676092e-05,3.4687657262111316e-06,9.728371878736652e-06,2.0833331291214563e-06
9011,1.5531557437498122e-05,2.5361871394125046e-06,5.197767222853145e-06,1.559520796945435e-06
9012,2.2055326553527266e-05,3.87810814572731e-06,7.838056262698956e-06,2.0678321561717894e-06
9013,1.549251828691922e-05,2.433298959658714e-06,5.341674295777921e-06,1.5435086879733717e-06
9014,2.0793358999071643e-05,3.073231482630945e-06,8.281378541141748e-06,1.8877499314839952e-06
9015,1.5460780559806153e-05,2.5112592538789613e-06,5.182955646887422e-06,1.5533129271716462e-06
9016,1.9768636775552295e-05,3.440229875195655e-06,6.853565537312534e-06,1.894968136184616e-06
9017,1.5435420209541917e-05,2.434628186165355e-06,5.295853043207899e-06,1.5409879097205703e-06
9018,1.8937254935735837e-05,2.8170538826088887e-06,7.3009646257560235e-06,1.7638474218983902e-06
9019,1.5415627785841934e-05,2.4947421479737386e-06,5.1776610234810505e-06,1.5486450593016343e-06
9020,1.8261918739881366e-05,3.1394176858157152e-06,6.2165927374735475e-06,1.7811817087931558e-06
9021,1.54004774230998e-05,2.436992417642614e-06,5.265991148917237e-06,1.5394988395200926e-06
9022,1.7712613043840975e-05,2.6567356599116465e-06,6.640836545557249e-06,1.683008008512843e-06
9023,1.5388810425065458e-05,2.4848532120813616e-06,5.177056664251722e-06,1.5453800870091072e-06
9024,1.72657091752626e-05,2.9361956421780633e-06,5.811565188196255e-06,1.7035897599271266e-06
9025,1.53797009261325e-05,2.439012178001576e-06,5.246964065008797e-06,1.538745209472836e-06
9026,1.6902544302865863e-05,2.559501126597752e-06,6.197000857355306e-06,1.6292084410451935e-06
9027,1.537261596240569e-05,2.478213900758419e-06,5.177779712539632e-06,1.5433245152962627e-06
9028,1.6607220459263772e-05,2.798560217343038e-06,5.557150871027261e-06,1.6503020106028998e-06
9029,1.5366924344561994e-05,2.4407822820649017e-06,5.234429863776313e-06,1.5383426443804638e-06
9030,1.6367295756936073e-05,2.501038352420437e-06,5.8958667068509385e-06,1.5940778439471615e-06
9031,1.536230593046639e-05,2.4732134988880716e-06,5.1784863899229094e-06,1.542121253805817e-06
9032,1.617201996850781e-05,2.702454139580368e-06,5.3973290050635114e-06,1.6144473420354188e-06
9033,1.535843694000505e-05,2.4422038222837728e-06,5.226310349826235e-06,1.5379846445284784e-06
9034,1.6013178537832573e-05,2.4661571842443664e-06,5.687739758286625e-06,1.5718562735855812e-06
9035,1.5355008144979365e-05,2.469551418471383e-06,5.17886110174004e-06,1.5413193068525288e-06
9036,1.5884084859862924e-05,2.63340416495339e-06,5.297232746670488e-06,1.5906897488093819e-06
9037,1.5352105037891306e-05,2.4431276415270986e-06,5.220796992944088e-06,1.537636080684024e-06
9038,1.5779092791490257e-05,2.446028247504728e-06,5.543031875276938e-06,1.5580063745801453e-06
9039,1.5349396562669426e-05,2.4672467588970903e-06,5.178827450436074e-06,1.5406641296067392e-06
9040,1.5693396562710404e-05,2.584076582934358e-06,5.236137440078892e-06,1.5746364852020633e-06
9041,1.5346930013038218e-05,2.443273615426733e-06,5.217131729295943e-06,1.5373051382994163e-06
9042,1.5623398212483153e-05,2.4356563699257094e-06,5.441886969492771e-06,1.5491710882997722e-06
9043,1.5344608982559294e-05,2.465881607349729e-06,5.178263563720975e-06,1.540092853247188e-06
9044,1.556651113787666e-05,2.549043983890442e-06,5.200287432671757e-06,1.5634361716365675e-06
9045,1.534232433186844e-05,2.4431208203168353e-06,5.214138582232408e-06,1.5370127357527963e-06
9046,1.5519968656008132e-05,2.431220309517812e-06,5.371205588744488e-06,1.543508574286534e-06
9047,1.534017428639345e-05,2.464800672896672e-06,5.177269940759288e-06,1.5396205981232924e-06
9048,1.5481951777474023e-05,2.5241231469408376e-06,5.180357220524456e-06,1.5554942365270108e-06
9049,1.5338118828367442e-05,2.442885261189076e-06,5.211645657254849e-06,1.5367173773483955e-06
9050,1.545084705867339e-05,2.430075937809306e-06,5.321146090864204e-06,1.5399249377878732e-06
9051,1.5336026990553364e-05,2.4635880890855333e-06,5.176261311135022e-06,1.5392353134302539e-06
9052,1.5425186575157568e-05,2.505709517208743e-06,5.169944415683858e-06,1.549906642139831e-06
9053,1.5333918781834655e-05,2.4427470179944066e-06,5.209169103181921e-06,1.5364004184448277e-06
9054,1.5404215446324088e-05,2.4307280455104774e-06,5.284776307235006e-06,1.5377421505036182e-06
9055,1.5331923350458965e-05,2.4623088847874897e-06,5.17537273481139e-06,1.5388483234346495e-06
9056,1.5386827726615593e-05,2.4917851533245994e-06,5.1652486945386045e-06,1.5459585256394348e-06
9057,1.5329769667005166e-05,2.4425319224974373e-06,5.206969035498332e-06,1.536053559902939e-06
9058,1.5372428606497124e-05,2.432311021038913e-06,5.258201781543903e-06,1.5363832517323317e-06
9059,1.532781243440695e-05,2.4611613298475277e-06,5.1745828386629e-06,1.5384136986540398e-06
9060,1.536051058792509e-05,2.481157935108058e-06,5.163948117115069e-06,1.5430807707161875e-06
9061,1.5325709682656452e-05,2.442374352540355e-06,5.204764420341235e-06,1.5357140910055023e-06
9062,1.535055707790889e-05,2.434316684229998e-06,5.238483026914764e-06,1.5355517462012358e-06
9063,1.5323628758778796e-05,2.460042651364347e-06,5.173829777049832e-06,1.5379509932245128e-06
9064,1.5342204278567806e-05,2.4730024961172603e-06,5.164532922208309e-06,1.5409335674121394e-06
9065,1.5321536920964718e-05,2.4421801754215267e-06,5.2024943215656094e-06,1.5353724620581488e-06
9066,1.5335159332607873e-05,2.4363669126614695e-06,5.223720563662937e-06,1.5350143485193257e-06
9067,1.5319379599532112e-05,2.458813469274901e-06,5.173171757633099e-06,1.5374787381006172e-06
9068,1.532907845103182e-05,2.46677973336773e-06,5.165978564036777e-06,1.5392641898870352e-06
9069,1.5317338693421334e-05,2.4420271529379534e-06,5.200108716962859e-06,1.5350408375525149e-06
9070,1.5323921616072766e-05,2.438163164697471e-06,5.212447831581812e-06,1.5346620330092264e-06
9071,1.5315170458052307e-05,2.457559730828507e-06,5.172572855371982e-06,1.5370072787845857e-06
9072,1.5319483281928115e-05,2.4618871066195425e-06,5.167798008187674e-06,1.5379596334241796e-06
9073,1.5313138646888547e-05,2.4419312012469163e-06,5.197633981879335e-06,1.5347146700150915e-06
9074,1.5315512428060174e-05,2.439812305965461e-06,5.203686669119634e-06,1.534402485958708e-06
9075,1.5310972230508924e-05,2.45621981775912e-06,5.172126293473411e-06,1.5365251329058083e-06
9076,1.5312100003939122e-05,2.4579837827332085e-06,5.169579253561096e-06,1.5369075754279038e-06
9077,1.5308978618122637e-05,2.4419539386144606e-06,5.195063749852125e-06,1.5343919130827999e-06
9078,1.5308956790249795e-05,2.441185188217787e-06,5.1967981562484056e-06,1.5341944390456774e-06
9079,1.5306870409403928e-05,2.4548139663238544e-06,5.171781594981439e-06,1.5360551515186671e-06
9080,1.5306144632631913e-05,2.4547559860366164e-06,5.171064913156442e-06,1.5360649285867112e-06
9081,1.530468034616206e-05,2.4419323381152935e-06,5.192337994230911e-06,1.5340820027631707e-06
9082,1.5303601685445756e-05,2.4423525246675126e-06,5.191228410694748e-06,1.5340043546530069e-06
9083,1.530270674265921e-05,2.4535156626370735e-06,5.171352313482203e-06,1.53556800341903e-06
9084,1.5301149687729776e-05,2.452082071613404e-06,5.1723777687584516e-06,1.5353379012594814e-06
9085,1.5300507584470324e-05,2.4419430246780394e-06,5.189706826058682e-06,1.533771524009353e-06
9086,1.5298865037038922e-05,2.4432322334178025e-06,5.186727776163025e-06,1.5337810737037216e-06
9087,1.5298559446819127e-05,2.4521793875464937e-06,5.171109478396829e-06,1.5350541389125283e-06
9088,1.529668406874407e-05,2.4499247501807986e-06,5.173309091333067e-06,1.5346901136581437e-06
9089,1.5296456695068628e-05,2.4419196051894687e-06,5.187259375816211e-06,1.5334557019741624e-06
9090,1.5294619515771046e-05,2.443733137624804e-06,5.183099347050302e-06,1.5335572243202478e-06
9091,1.5294501281459816e-05,2.4508608476025984e-06,5.170793428987963e-06,1.5345693782364833e-06
9092,1.52926968439715e-05,2.4482394564984133e-06,5.173817044124007e-06,1.534128045932448e-06
9093,1.5292540410882793e-05,2.441936658215127e-06,5.184803740121424e-06,1.5331600025092484e-06
9094,1.5290643204934895e-05,2.4440662400593283e-06,5.179972504265606e-06,1.5333209830714623e-06
9095,1.5290470400941558e-05,2.4496021069353446e-06,5.170372332941042e-06,1.5340992831625044e-06
9096,1.5288744179997593e-05,2.4467419734719442e-06,5.1739721129706595e-06,1.533606109660468e-06
9097,1.528855864307843e-05,2.4418886823696084e-06,5.1824113143084105e-06,1.5328517974921851e-06
9098,1.528683424112387e-05,2.4442283574899193e-06,5.177346338314237e-06,1.5330517726397375e-06
9099,1.52865923155332e-05,2.4483504148520296e-06,5.170124495634809e-06,1.5336235037466395e-06
9100,1.5285015251720324e-05,2.44547527472605e-06,5.173934823687887e-06,1.5331207805502345e-06
9101,1.5284622350009158e-05,2.4418282009719405e-06,5.180120751901995e-06,1.5325347249017796e-06
9102,1.5283210814232007e-05,2.444229266984621e-06,5.175171281734947e-06,1.5327618712035473e-06
9103,1.5282681488315575e-05,2.447177848807769e-06,5.169703854335239e-06,1.5331600025092484e-06
9104,1.52812572196126e-05,2.444338406348834e-06,5.1735437409661245e-06,1.5326747870858526e-06
9105,1.528072971268557e-05,2.4417527129116934e-06,5.177883849682985e-06,1.5322186754929135e-06
9106,1.5279521903721616e-05,2.44406965066446e-06,5.173194495000644e-06,1.5324517335102428e-06
9107,1.5278863429557532e-05,2.4460803160764044e-06,5.1693259592866525e-06,1.5326916127378354e-06
9108,1.5277644706657156e-05,2.443413677610806e-06,5.173025783733465e-06,1.532240958113107e-06
9109,1.527698987047188e-05,2.4416081032541115e-06,5.1758624977082945e-06,1.5319039903261e-06
9110,1.527574931969866e-05,2.4437601950921817e-06,5.171389602764975e-06,1.5321197679440957e-06
9111,1.5275116311386228e-05,2.4449939246551367e-06,5.1688452913367655e-06,1.5322555100283353e-06
9112,1.5273964891093783e-05,2.4426560685242293e-06,5.1721299314522184e-06,1.5318356645366293e-06
9113,1.527318818261847e-05,2.4414648578385822e-06,5.173794306756463e-06,1.5315856671804795e-06
9114,1.5272124073817395e-05,2.4433595626760507e-06,5.169918040337507e-06,1.5317693851102376e-06
9115,1.5271329175448045e-05,2.4440082597720902e-06,5.168227744434262e-06,1.531818611510971e-06
9116,1.5270243238774128e-05,2.4418845896434505e-06,5.171121756575303e-06,1.5314473102989723e-06
9117,1.5269468349288218e-05,2.4412649963778676e-06,5.1718693612201605e-06,1.5312666619138326e-06
9118,1.5268429706338793e-05,2.4428777578577865e-06,5.168505595065653e-06,1.531409452582011e-06
9119,1.526760752312839e-05,2.4430896701232996e-06,5.167602012079442e-06,1.5313831909224973e-06
9120,1.5266567061189562e-05,2.441297510813456e-06,5.1700026233447716e-06,1.531053385406267e-06
9121,1.5265737602021545e-05,2.440937805658905e-06,5.170208623894723e-06,1.5309180980693782e-06
9122,1.526478081359528e-05,2.442321829221328e-06,5.1673232519533485e-06,1.531027237433591e-06
9123,1.5263838577084243e-05,2.442236336719361e-06,5.166845767234918e-06,1.5309514083128306e-06
9124,1.5262907254509628e-05,2.440668140479829e-06,5.168902134755626e-06,1.5306676459658775e-06
9125,1.526202686363831e-05,2.4406519969488727e-06,5.1684651225514244e-06,1.5305818124033976e-06
9126,1.526105734228622e-05,2.4417472559434827e-06,5.166014943824848e-06,1.5306590057662106e-06
9127,1.526015876152087e-05,2.4413479877694044e-06,5.166148184798658e-06,1.5305323586289887e-06
9128,1.5259283827617764e-05,2.4401672362728277e-06,5.167686595086707e-06,1.530285999251646e-06
9129,1.525825518911006e-05,2.4403013867413392e-06,5.166797564015724e-06,1.5302312021958642e-06
9130,1.5257445738825481e-05,2.441135848130216e-06,5.164939011592651e-06,1.530274175820523e-06
9131,1.5256422557285987e-05,2.440523985569598e-06,5.165215952729341e-06,1.530136501060042e-06
9132,1.5255489415721968e-05,2.439648824292817e-06,5.1662136684171855e-06,1.529925384602393e-06
9133,1.5254550817189738e-05,2.439961235722876e-06,5.165171842236305e-06,1.5298836615329492e-06
9134,1.5253686797223054e-05,2.440451680740807e-06,5.163801233720733e-06,1.5298869584512431e-06
9135,1.5252755474648438e-05,2.4398725599894533e-06,5.164188223716337e-06,1.5297390518753673e-06
9136,1.525177685834933e-05,2.439156332911807e-06,5.164808499102946e-06,1.5295622688427102e-06
9137,1.5250866454152856e-05,2.4394560114160413e-06,5.163808054930996e-06,1.5295204320864286e-06
9138,1.5249964235408697e-05,2.439798436171259e-06,5.162714842299465e-06,1.5294901913875947e-06
9139,1.5248971976689063e-05,2.4392195427935803e-06,5.16308136866428e-06,1.5293342130462406e-06
9140,1.5248063391481992e-05,2.438688852635096e-06,5.1634460760396905e-06,1.5291856243493385e-06
9141,1.5247142073349096e-05,2.4389555619563907e-06,5.162417437531985e-06,1.5291537920347764e-06
9142,1.5246258953993674e-05,2.4391119950450957e-06,5.161612534720916e-06,1.5291068393707974e-06
9143,1.5245360373228323e-05,2.438579258523532e-06,5.1620522754092235e-06,1.5289457451217459e-06
9144,1.5244429960148409e-05,2.4382306946790777e-06,5.162110937817488e-06,1.5288177337424713e-06
9145,1.524339404568309e-05,2.4384173684666166e-06,5.161072749615414e-06,1.528780671833374e-06
9146,1.5242493645928334e-05,2.4384828520851443e-06,5.160446562513243e-06,1.5287128007912543e-06
9147,1.5241586879710667e-05,2.437924649711931e-06,5.160832188266795e-06,1.5285661447705934e-06
9148,1.5240665561577771e-05,2.4377179670409532e-06,5.160720320418477e-06,1.528445409348933e-06
9149,1.5239732420013752e-05,2.4379062324442202e-06,5.159788543096511e-06,1.5284075516319717e-06
9150,1.5238800187944435e-05,2.4377877707593143e-06,5.159399734111503e-06,1.5283226275641937e-06
9151,1.5237883417285047e-05,2.437296188873006e-06,5.159701686352491e-06,1.5281772220987477e-06
9152,1.5236977560562082e-05,2.4372266125283204e-06,5.159381544217467e-06,1.5280738807632588e-06
9153,1.5236018953146413e-05,2.4373816813749727e-06,5.158586645848118e-06,1.528010102447297e-06
9154,1.5235092178045306e-05,2.4371349809371168e-06,5.15836200065678e-06,1.527919039290282e-06
9155,1.5234099919325672e-05,2.436728891552775e-06,5.158427029527957e-06,1.5277888678610907e-06
9156,1.5233197700581513e-05,2.436726845189696e-06,5.158014573680703e-06,1.52769109718065e-06
9157,1.5232287296385039e-05,2.4367802780034253e-06,5.157416126166936e-06,1.5276182239176705e-06
9158,1.5231353245326318e-05,2.436528120597359e-06,5.157203759154072e-06,1.5275243185897125e-06
9159,1.5230401004373562e-05,2.4361540909012547e-06,5.157212399353739e-06,1.5274067663995083e-06
9160,1.522946695331484e-05,2.4361720534216147e-06,5.156715815246571e-06,1.5273159306161688e-06
9161,1.5228586562443525e-05,2.4362236672459403e-06,5.156189672561595e-06,1.5272346445271978e-06
9162,1.5227540643536486e-05,2.435901251374162e-06,5.155995495442767e-06,1.527128802081279e-06
9163,1.522660932096187e-05,2.435653641441604e-06,5.155860890226904e-06,1.5270190942828776e-06
9164,1.5225699826260097e-05,2.435654096188955e-06,5.155382496013772e-06,1.5269326922862092e-06
9165,1.52247775986325e-05,2.435576107018278e-06,5.15499186803936e-06,1.5268418565028696e-06
9166,1.522384900454199e-05,2.435322130622808e-06,5.154814061825164e-06,1.526742494206701e-06
9167,1.5222880392684601e-05,2.435072929074522e-06,5.154613972990774e-06,1.526638698123861e-06
9168,1.5221982721413951e-05,2.4351063530048123e-06,5.154107384441886e-06,1.526553774056083e-06
9169,1.5221038665913511e-05,2.4349658360733883e-06,5.1537372200982645e-06,1.5264671446857392e-06
9170,1.5220055502140895e-05,2.4346761620108737e-06,5.153579877514858e-06,1.52635982431093e-06
9171,1.5219215129036456e-05,2.4346113605133723e-06,5.153293386683799e-06,1.5262621673173271e-06
9172,1.5218187400023453e-05,2.4345329165953444e-06,5.152810444997158e-06,1.5261689441103954e-06
9173,1.5217257896438241e-05,2.4343687528016744e-06,5.152540325070731e-06,1.5260696955010644e-06
9174,1.5216357496683486e-05,2.4341400148841785e-06,5.152382072992623e-06,1.5259671499734395e-06
9175,1.5215417988656554e-05,2.4340342861250974e-06,5.152003723196685e-06,1.5258759731295868e-06
9176,1.5214383893180639e-05,2.4339251467608847e-06,5.151563527761027e-06,1.5257789982570102e-06
9177,1.5213525330182165e-05,2.4337937247764785e-06,5.151323421159759e-06,1.5256815686370828e-06
9178,1.5212621292448603e-05,2.433622739772545e-06,5.151092409505509e-06,1.5255811831593746e-06
9179,1.5211609934340231e-05,2.43347381001513e-06,5.150712240720168e-06,1.5254847767209867e-06
9180,1.52107222675113e-05,2.4333751298399875e-06,5.150361630512634e-06,1.5253970104822656e-06
9181,1.520976729807444e-05,2.433224608466844e-06,5.1500601330189966e-06,1.525296397630882e-06
9182,1.5208823242573999e-05,2.433022473269375e-06,5.149840944795869e-06,1.5251919194270158e-06
9183,1.520794648968149e-05,2.4329474399564788e-06,5.149490789335687e-06,1.5251016520778649e-06
9184,1.5207035175990313e-05,2.4328232939296868e-06,5.1491751946741715e-06,1.525007292002556e-06
9185,1.5206051102722995e-05,2.432606834190665e-06,5.148909167473903e-06,1.5249069065248477e-06
9186,1.5205149793473538e-05,2.432474047964206e-06,5.148627678863704e-06,1.524809590591758e-06
9187,1.5204097508103587e-05,2.432377186778467e-06,5.148164746060502e-06,1.524711137790291e-06
9188,1.520313981018262e-05,2.432213477732148e-06,5.147858246346004e-06,1.524613594483526e-06
9189,1.5202200302155688e-05,2.4320543161593378e-06,5.1475653890520334e-06,1.5245161648635985e-06
9190,1.5201296264422126e-05,2.4319053864019224e-06,5.147273896000115e-06,1.52442328271718e-06
9191,1.5200376765278634e-05,2.4318239866261138e-06,5.146906005393248e-06,1.5243292637023842e-06
9192,1.5199363588180859e-05,2.4316500457643997e-06,5.146572675585048e-06,1.5242281961036497e-06
9193,1.519845136499498e-05,2.4314535949088167e-06,5.146352577867219e-06,1.5241290611811564e-06
9194,1.5197570974123664e-05,2.4313699213962536e-06,5.146021521795774e-06,1.5240358379742247e-06
9195,1.5196626009128522e-05,2.4312391815328738e-06,5.1456863729981706e-06,1.5239399999700254e-06
9196,1.5195683772617485e-05,2.4310588742082473e-06,5.1454380809445865e-06,1.5238373407555628e-06
9197,1.519477336842101e-05,2.4309224500029813e-06,5.145151590113528e-06,1.5237399111356353e-06
9198,1.519381385151064e-05,2.4308505999215413e-06,5.144731403561309e-06,1.5236463468681904e-06
9199,1.5192857972579077e-05,2.4306764316861518e-06,5.144447641214356e-06,1.523546870885184e-06
9200,1.5191872080322355e-05,2.4304943053721217e-06,5.144149781699525e-06,1.5234456895996118e-06
9201,1.5190898011496756e-05,2.4303701593453297e-06,5.143809175933711e-06,1.5233438261930132e-06
9202,1.5189954865491018e-05,2.4302141810039757e-06,5.143514044902986e-06,1.523245487078384e-06
9203,1.518897624919191e-05,2.4300688892253675e-06,5.143160251463996e-06,1.5231493080136715e-06
9204,1.5188067663984839e-05,2.4299238248204347e-06,5.142879217601148e-06,1.5230529015752836e-06
9205,1.5187143617367838e-05,2.4297878553625196e-06,5.142595000506844e-06,1.5229521750370623e-06
9206,1.5186222299234942e-05,2.429658707114868e-06,5.142261215951294e-06,1.5228605434458586e-06
9207,1.5185238225967623e-05,2.429552068861085e-06,5.141891051607672e-06,1.5227589074129355e-06
9208,1.5184322364802938e-05,2.429409960313933e-06,5.141616384207737e-06,1.5226592040562537e-06
9209,1.5183344657998532e-05,2.4292223770316923e-06,5.1412898756098e-06,1.5225664355966728e-06
9210,1.5182458810159005e-05,2.429093910905067e-06,5.14101293447311e-06,1.522470370218798e-06
9211,1.5181467460934073e-05,2.4289661268994678e-06,5.140637767908629e-06,1.5223725995383575e-06
9212,1.5180425180005841e-05,2.4288167423947016e-06,5.140252596902428e-06,1.522271077192272e-06
9213,1.5179567526502069e-05,2.42865166910633e-06,5.140032499184599e-06,1.5221767171169631e-06
9214,1.5178596186160576e-05,2.4285043309646426e-06,5.139669156051241e-06,1.5220845170915709e-06
9215,1.5177661225607153e-05,2.428355173833552e-06,5.139385393704288e-06,1.5219841316138627e-06
9216,1.5176707165664993e-05,2.428244442853611e-06,5.139046152180526e-06,1.5218832913888036e-06
9217,1.5175736734818202e-05,2.4280991510750027e-06,5.138691449246835e-06,1.5217892723740079e-06
9218,1.5174793588812463e-05,2.427958179396228e-06,5.1383658501436e-06,1.5216938891171594e-06
9219,1.5173873180174269e-05,2.4278288037749007e-06,5.138070264365524e-06,1.5215947541946662e-06
9220,1.5172885468928143e-05,2.4276660042232834e-06,5.137737844052026e-06,1.5214961877063615e-06
9221,1.517194505140651e-05,2.4275439045595704e-06,5.137414518685546e-06,1.521397166470706e-06
9222,1.5170957340160385e-05,2.427419531159103e-06,5.137043899594573e-06,1.521298713669239e-06
9223,1.5170028746069875e-05,2.4272560494864592e-06,5.136756954016164e-06,1.521203216725553e-06
9224,1.5169116522883996e-05,2.427144636385492e-06,5.136440449859947e-06,1.5211061281661387e-06
9225,1.5168134268606082e-05,2.4269700134027516e-06,5.136112577019958e-06,1.521010403848777e-06
9226,1.516710744908778e-05,2.4268099423352396e-06,5.135775609232951e-06,1.5209043340291828e-06
9227,1.5166282537393272e-05,2.42665873884107e-06,5.135575520398561e-06,1.520809519206523e-06
9228,1.5165242984949145e-05,2.4265559659397695e-06,5.13511849931092e-06,1.5207136812023236e-06
9229,1.5164361684583127e-05,2.4264231797133107e-06,5.134874299983494e-06,1.5206129546641023e-06
9230,1.5163337593548931e-05,2.4262512852146756e-06,5.134530510986224e-06,1.5205110912575037e-06
9231,1.5162401723500807e-05,2.4261373710032785e-06,5.134173079568427e-06,1.5204183227979229e-06
9232,1.5161365809035487e-05,2.4259866222564597e-06,5.133784270583419e-06,1.5203189605017542e-06
9233,1.5160458133323118e-05,2.425813363515772e-06,5.133564627612941e-06,1.5202160739136161e-06
9234,1.5159426766331308e-05,2.4256730739580235e-06,5.133157173986547e-06,1.5201192127278773e-06
9235,1.5158628229983151e-05,2.425614411549759e-06,5.132903879712103e-06,1.5200220104816253e-06
9236,1.5157553207245655e-05,2.4254072741314303e-06,5.1325332606211305e-06,1.519922534498619e-06
9237,1.5156753761402797e-05,2.4252990442619193e-06,5.132326805323828e-06,1.5198255596260424e-06
9238,1.5155672372202389e-05,2.4251421564258635e-06,5.131882062414661e-06,1.519729721621843e-06
9239,1.5154687389440369e-05,2.4250073238363257e-06,5.131526449986268e-06,1.5196307003861875e-06
9240,1.5153729691519402e-05,2.4248358840850415e-06,5.131241323397262e-06,1.5195305422821548e-06
9241,1.5152822015807033e-05,2.4247399323940044e-06,5.130920726514887e-06,1.5194322031675256e-06
9242,1.5151817933656275e-05,2.4245880467788083e-06,5.130580575496424e-06,1.5193297713267384e-06
9243,1.5150922081375029e-05,2.4244347969215596e-06,5.13030681759119e-06,1.5192360933724558e-06
9244,1.5149981663853396e-05,2.4243438474513823e-06,5.129959390615113e-06,1.5191357078947476e-06
9245,1.5149000319070183e-05,2.424158992653247e-06,5.129651981405914e-06,1.5190378235274693e-06
9246,1.5148045349633321e-05,2.423998012091033e-06,5.129359124111943e-06,1.5189375517365988e-06
9247,1.5147104932111688e-05,2.4239100184786366e-06,5.12898805027362e-06,1.518841486358724e-06
9248,1.5146121768339071e-05,2.423762907710625e-06,5.128632437845226e-06,1.5187453072940116e-06
9249,1.5145167708396912e-05,2.4235980617959285e-06,5.128345037519466e-06,1.5186449218163034e-06
9250,1.5144223652896471e-05,2.4234432203229517e-06,5.128046268509934e-06,1.518546696388512e-06
9251,1.514330506324768e-05,2.4233390831795987e-06,5.127704753249418e-06,1.5184522226263653e-06
9252,1.5142246411414817e-05,2.423191517664236e-06,5.127272743266076e-06,1.5183564983090037e-06
9253,1.5141244148253463e-05,2.423035539322882e-06,5.126948963152245e-06,1.5182519064182998e-06
9254,1.5140310097194742e-05,2.4228834263340104e-06,5.126672931510257e-06,1.5181507251327275e-06
9255,1.5139408787945285e-05,2.4228004349424737e-06,5.126349606143776e-06,1.518051703897072e-06
9256,1.5138474736886565e-05,2.422648321953602e-06,5.126054929860402e-06,1.5179542742771446e-06
9257,1.5137510672502685e-05,2.422420038783457e-06,5.125827556184959e-06,1.5178526382442215e-06
9258,1.5136465663090348e-05,2.422338866381324e-06,5.125380994286388e-06,1.5177491832218948e-06
9259,1.513557435828261e-05,2.4222715637733927e-06,5.125045390741434e-06,1.5176514125414542e-06
9260,1.5134552086237818e-05,2.4220576051448006e-06,5.124734343553428e-06,1.5175520502452855e-06
9261,1.5133638953557238e-05,2.4219107217504643e-06,5.124440122017404e-06,1.5174576901699766e-06
9262,1.5132693079067394e-05,2.4218113594542956e-06,5.12408905706252e-06,1.5173585552474833e-06
9263,1.513166535005439e-05,2.421657654849696e-06,5.1237052502983715e-06,1.5172605571933673e-06
9264,1.5130683095776476e-05,2.4215096345869824e-06,5.123387836647453e-06,1.5171571021710406e-06
9265,1.5129688108572736e-05,2.4213413780671544e-06,5.123055871081306e-06,1.5170583083090605e-06
9266,1.512876679043984e-05,2.4212445168814156e-06,5.122697984916158e-06,1.5169648577284534e-06
9267,1.5127823644434102e-05,2.4211049094446935e-06,5.122398761159275e-06,1.5168640175033943e-06
9268,1.512687867943896e-05,2.4209577986766817e-06,5.1220995374023914e-06,1.5167643141467124e-06
9269,1.512585276941536e-05,2.4207995465985732e-06,5.1217307373008225e-06,1.5166644971031928e-06
9270,1.5124891433515586e-05,2.420688588244957e-06,5.121381491335342e-06,1.51656433899916e-06
9271,1.5123936464078724e-05,2.4205185127357254e-06,5.121067260915879e-06,1.5164702062975266e-06
9272,1.5122999684535898e-05,2.4204143755923724e-06,5.120747573528206e-06,1.516367547083064e-06
9273,1.5122062904993072e-05,2.4202815893659135e-06,5.120443802297814e-06,1.5162676163527067e-06
9274,1.5121045180421788e-05,2.4201333417295245e-06,5.120065452501876e-06,1.5161692772380775e-06
9275,1.5120103853405453e-05,2.420008968329057e-06,5.119741672388045e-06,1.5160707107497728e-06
9276,1.5119189811230171e-05,2.419840711809229e-06,5.119490651850356e-06,1.5159716895141173e-06
9277,1.511811206000857e-05,2.419744760118192e-06,5.119006345921662e-06,1.5158720998442732e-06
9278,1.5117173461476341e-05,2.419614475002163e-06,5.118693479744252e-06,1.5157731922954554e-06
9279,1.5116232134460006e-05,2.4194546313083265e-06,5.118387889524456e-06,1.5156779227254447e-06
9280,1.5115222595341038e-05,2.419280463072937e-06,5.118049557495397e-06,1.515578560429276e-06
9281,1.511426398792537e-05,2.4191713237087242e-06,5.117703949508723e-06,1.5154777202042169e-06
9282,1.5113291738089174e-05,2.4190471776819322e-06,5.117358341522049e-06,1.5153771073528333e-06
9283,1.511237132945098e-05,2.4188693714677356e-06,5.117117325426079e-06,1.5152768355619628e-06
9284,1.511133996245917e-05,2.4187534108932596e-06,5.116675311001018e-06,1.5151822481129784e-06
9285,1.5110386812011711e-05,2.4186122118408093e-06,5.1163797252229415e-06,1.515079134151165e-06
9286,1.5109424566617236e-05,2.41844850279449e-06,5.116088686918374e-06,1.5149776118050795e-06
9287,1.5108438674360514e-05,2.41832776737283e-06,5.115732164995279e-06,1.5148758620853187e-06
9288,1.5107469153008424e-05,2.41819952861988e-06,5.115382009535097e-06,1.5147774092838517e-06
9289,1.5106567843758967e-05,2.4180599211831577e-06,5.115129624755355e-06,1.5146756595640909e-06
9290,1.5105505553947296e-05,2.417892801531707e-06,5.11475809616968e-06,1.5145709539865493e-06
9291,1.51045333041111e-05,2.417786618025275e-06,5.114382020110497e-06,1.5144728422455955e-06
9292,1.51036092574941e-05,2.4176617898774566e-06,5.114086889079772e-06,1.5143721157073742e-06
9293,1.5102617908269167e-05,2.417473297100514e-06,5.11378311784938e-06,1.5142721849770169e-06
9294,1.510168112872634e-05,2.4173452857212396e-06,5.1134275054209866e-06,1.5141818039410282e-06
9295,1.5100653399713337e-05,2.4172281882783864e-06,5.113025508762803e-06,1.514079826847592e-06
9296,1.5099722986633424e-05,2.417089945083717e-06,5.1127467486367095e-06,1.513977281319967e-06
9297,1.50986852531787e-05,2.4169260086637223e-06,5.112393409945071e-06,1.5138732578634517e-06
9298,1.5097678442543838e-05,2.416776624158956e-06,5.112035978527274e-06,1.5137732134462567e-06
9299,1.5096777133294381e-05,2.4166497496480588e-06,5.1117613111273386e-06,1.5136732827158994e-06
9300,1.5095804883458186e-05,2.416536517557688e-06,5.111427526571788e-06,1.513568122391007e-06
9301,1.5094819900696166e-05,2.4163782654795796e-06,5.1111046559526585e-06,1.5134672821659478e-06
9302,1.509380126663018e-05,2.4162500267266296e-06,5.110691290610703e-06,1.5133720125959371e-06
9303,1.509283174527809e-05,2.4161120109056355e-06,5.110317943035625e-06,1.5132804946915712e-06
9304,1.5091834939084947e-05,2.415955805190606e-06,5.110000529384706e-06,1.5131757891140296e-06
9305,1.5090898159542121e-05,2.4157966436177958e-06,5.109744051878806e-06,1.5130715382838389e-06
9306,1.5089895896380767e-05,2.4156743165804073e-06,5.1093425099679735e-06,1.512975927653315e-06
9307,1.5088936379470397e-05,2.415584276604932e-06,5.1089700718875974e-06,1.5128764516703086e-06
9308,1.5087970496097114e-05,2.415383733023191e-06,5.1087336032651365e-06,1.5127706092243898e-06
9309,1.5086995517776813e-05,2.415245262454846e-06,5.108408004161902e-06,1.5126685184441158e-06
9310,1.5085950508364476e-05,2.4151142952177906e-06,5.107986908114981e-06,1.5125699519558111e-06
9311,1.508495188318193e-05,2.4150056106009288e-06,5.107639481138904e-06,1.512461381025787e-06
9312,1.5083993275766261e-05,2.4148334887286182e-06,5.10739664605353e-06,1.5123526964089251e-06
9313,1.5083051948749926e-05,2.4147464046109235e-06,5.107032848172821e-06,1.5122544709811336e-06
9314,1.5082037862157449e-05,2.414587697785464e-06,5.106684056954691e-06,1.5121531760087237e-06
9315,1.508111017756164e-05,2.414405116724083e-06,5.1064307626802474e-06,1.5120548368940945e-06
9316,1.5080131561262533e-05,2.4142755137290806e-06,5.10608333570417e-06,1.511954565103224e-06
9317,1.5079116565175354e-05,2.414173650322482e-06,5.105664513394004e-06,1.511855771241244e-06
9318,1.5078157957759686e-05,2.4140031200658996e-06,5.105382115289103e-06,1.5117545899556717e-06
9319,1.507710294390563e-05,2.4138385015248787e-06,5.1049846661044285e-06,1.511656023467367e-06
9320,1.5076250747370068e-05,2.413789388810983e-06,5.104669071442913e-06,1.511558480160602e-06
9321,1.5075218470883556e-05,2.4136315914802253e-06,5.104311185277766e-06,1.511455138825113e-06
9322,1.5074231669132132e-05,2.4134428713296074e-06,5.104024694446707e-06,1.5113528206711635e-06
9323,1.5073215763550252e-05,2.4133414626703598e-06,5.103594048705418e-06,1.5112560731722624e-06
9324,1.5072264432092197e-05,2.4132095859386027e-06,5.103269359096885e-06,1.5111570519366069e-06
9325,1.5071232155605685e-05,2.412999492662493e-06,5.1029696805926505e-06,1.5110525737327407e-06
9326,1.5070241715875454e-05,2.4129037683451315e-06,5.102584964333801e-06,1.5109505966393044e-06
9327,1.5069248547661118e-05,2.4127923552441644e-06,5.102203431306407e-06,1.5108506659089471e-06
9328,1.5068368156789802e-05,2.412647063465556e-06,5.101977876620367e-06,1.5107486888155108e-06
9329,1.5067278582137078e-05,2.4124626634147717e-06,5.101579517940991e-06,1.5106472801562632e-06
9330,1.5066310879774392e-05,2.4123553430399625e-06,5.101225724502001e-06,1.5105458714970155e-06
9331,1.506530497863423e-05,2.4122266495396616e-06,5.100848284200765e-06,1.5104460544534959e-06
9332,1.5064296349009965e-05,2.41203861151007e-06,5.100540874991566e-06,1.5103433952390333e-06
9333,1.5063341379573103e-05,2.4119351564877434e-06,5.100191174278734e-06,1.510243009761325e-06
9334,1.5062396414577961e-05,2.411860123174847e-06,5.099808731756639e-06,1.5101455801413977e-06
9335,1.5061375961522572e-05,2.411663672319264e-06,5.099544978293125e-06,1.5100334849194041e-06
9336,1.5060398254718166e-05,2.4115049654938048e-06,5.09917845192831e-06,1.50994287650974e-06
9337,1.505944601376541e-05,2.41142038248654e-06,5.098815108794952e-06,1.5098422636583564e-06
9338,1.5058412827784196e-05,2.4112525807140628e-06,5.098474503029138e-06,1.5097371033334639e-06
9339,1.5057412383612245e-05,2.4110959202516824e-06,5.098174369777553e-06,1.509628418716602e-06
9340,1.5056459233164787e-05,2.410998149571242e-06,5.097805114928633e-06,1.5095313301571878e-06
9341,1.505547606939217e-05,2.4108287561830366e-06,5.0974867917830124e-06,1.5094321952346945e-06
9342,1.505442378402222e-05,2.4106855107675074e-06,5.097107532492373e-06,1.5093261254151003e-06
9343,1.505343425378669e-05,2.4105456759571098e-06,5.096751010569278e-06,1.5092274452399579e-06
9344,1.5052472008392215e-05,2.4103994746837998e-06,5.096424047223991e-06,1.5091295608726796e-06
9345,1.5051547961775213e-05,2.4102962470351486e-06,5.096084350952879e-06,1.5090334954948048e-06
9346,1.5050482033984736e-05,2.4101284452626714e-06,5.095714186609257e-06,1.5089279941093992e-06
9347,1.5049528883537278e-05,2.409978378636879e-06,5.095438154967269e-06,1.5088224927239935e-06
9348,1.5048511158965994e-05,2.409877424724982e-06,5.095030246593524e-06,1.5087207430042326e-06
9349,1.5047566193970852e-05,2.4097371351672336e-06,5.0947110139532015e-06,1.5086236544448184e-06
9350,1.5046577573230024e-05,2.4095847948046867e-06,5.094389962323476e-06,1.5085205404830049e-06
9351,1.5045514373923652e-05,2.4094083528325427e-06,5.09403844262124e-06,1.5084135611687088e-06
9352,1.5044595784274861e-05,2.4092989860946545e-06,5.093712388770655e-06,1.5083170410434832e-06
9353,1.5043571693240665e-05,2.40918643612531e-06,5.093309482617769e-06,1.508215063950047e-06
9354,1.5042549421195872e-05,2.409004764558631e-06,5.0929843382618856e-06,1.5081121773619088e-06
9355,1.5041540791571606e-05,2.4088694772217423e-06,5.092654646432493e-06,1.5080033790582092e-06
9356,1.5040593098092359e-05,2.408752379778889e-06,5.092324045108398e-06,1.5079033346410142e-06
9357,1.5039580830489285e-05,2.408606178505579e-06,5.091926141176373e-06,1.5078097703735693e-06
9358,1.5038602214190178e-05,2.408447699053795e-06,5.091641469334718e-06,1.5077026773724356e-06
9359,1.5037599951028824e-05,2.408331283731968e-06,5.091316779726185e-06,1.5075904684636043e-06
9360,1.5036577678984031e-05,2.4081991796265356e-06,5.090939339424949e-06,1.5074879229359794e-06
9361,1.5035604519653134e-05,2.408045929769287e-06,5.090612830827013e-06,1.507389242760837e-06
9362,1.5034582247608341e-05,2.40789358940674e-06,5.090281774755567e-06,1.507281467638677e-06
9363,1.5033585441415198e-05,2.407775582469185e-06,5.089903879706981e-06,1.5071810821609688e-06
9364,1.5032635928946547e-05,2.407641204626998e-06,5.08960602019215e-06,1.5070778545123176e-06
9365,1.5031590010039508e-05,2.407461124676047e-06,5.089232217869721e-06,1.5069794017108507e-06
9366,1.5030593203846365e-05,2.407354486422264e-06,5.088843863632064e-06,1.5068790162331425e-06
9367,1.5029624591988977e-05,2.4072182895906735e-06,5.088522357254988e-06,1.5067768117660307e-06
9368,1.5028612324385904e-05,2.4070859581115656e-06,5.0881544666481204e-06,1.5066744936120813e-06
9369,1.5027630070107989e-05,2.406940438959282e-06,5.087831596028991e-06,1.5065714933371055e-06
9370,1.5026627806946635e-05,2.4068128823273582e-06,5.087475983600598e-06,1.5064676972542657e-06
9371,1.5025628272269387e-05,2.4066550849966006e-06,5.087145837023854e-06,1.506365492787154e-06
9372,1.5024641470517963e-05,2.4065179786703084e-06,5.086792043584865e-06,1.506266244177823e-06
9373,1.5023645573819522e-05,2.4063733690127265e-06,5.086472356197191e-06,1.5061599469845532e-06
9374,1.502262421126943e-05,2.4062558168225223e-06,5.086080363980727e-06,1.5060576288306038e-06
9375,1.5021647413959727e-05,2.406113480901695e-06,5.085763405077159e-06,1.5059540601214394e-06
9376,1.5020666069176514e-05,2.4059988845692715e-06,5.0854187065851875e-06,1.505849695604411e-06
9377,1.5019626516732387e-05,2.405825171081233e-06,5.0850658226408996e-06,1.5057470363899483e-06
9378,1.5018629710539244e-05,2.405676013950142e-06,5.084742497274419e-06,1.505642217125569e-06
9379,1.5017600162536837e-05,2.4055411813606042e-06,5.084343683847692e-06,1.5055430822030758e-06
9380,1.501662154623773e-05,2.4054299956333125e-06,5.083970336272614e-06,1.505444174654258e-06
9381,1.50155801748042e-05,2.4052674234553706e-06,5.0836160880862735e-06,1.5053393553898786e-06
9382,1.5014628843346145e-05,2.4050698357314104e-06,5.083381893200567e-06,1.5052353319333633e-06
9383,1.5013642041594721e-05,2.4050314095802605e-06,5.0829371502914e-06,1.5051347190819797e-06
9384,1.5012570656836033e-05,2.4048754312389065e-06,5.082532879896462e-06,1.505032514614868e-06
9385,1.5011628420324996e-05,2.4046764792728936e-06,5.082340067019686e-06,1.5049223520691157e-06
9386,1.5010569768492132e-05,2.4045434656727593e-06,5.081933522887994e-06,1.504818555986276e-06
9387,1.5009564776846673e-05,2.4044788915489335e-06,5.081482413515914e-06,1.5047206716189976e-06
9388,1.5008577065600548e-05,2.404303813818842e-06,5.081207746115979e-06,1.504613123870513e-06
9389,1.5007569345470984e-05,2.404109409326338e-06,5.0809285312425345e-06,1.5045063719298923e-06
9390,1.500663347542286e-05,2.404027782176854e-06,5.080565642856527e-06,1.5044079191284254e-06
9391,1.500559756095754e-05,2.403937969575054e-06,5.080118171463255e-06,1.5043082157717436e-06
9392,1.5004603483248502e-05,2.403720372967655e-06,5.0799035307136364e-06,1.5041958931760746e-06
9393,1.5003640328359324e-05,2.4035898604779504e-06,5.079576112620998e-06,1.50409482557734e-06
9394,1.500257621955825e-05,2.4035273327172035e-06,5.07904860569397e-06,1.504000124441518e-06
9395,1.5001583960838616e-05,2.4033586214500247e-06,5.078759386378806e-06,1.5038930314403842e-06
9396,1.5000567145762034e-05,2.4031794509937754e-06,5.078471986053046e-06,1.5037830962683074e-06
9397,1.4999543054727837e-05,2.403026883257553e-06,5.0780727178789675e-06,1.5036887361929985e-06
9398,1.4998565347923432e-05,2.402952986813034e-06,5.077645255369134e-06,1.50359335293615e-06
9399,1.4997593098087236e-05,2.4028329335124e-06,5.0773678594850935e-06,1.5034784155432135e-06
9400,1.4996510799392127e-05,2.402630798314931e-06,5.0770036068570334e-06,1.5033753015814e-06
9401,1.4995466699474491e-05,2.4025002858252265e-06,5.076529305370059e-06,1.5032873079690035e-06
9402,1.499446079833433e-05,2.402348627583706e-06,5.076189154351596e-06,1.5031845350677031e-06
9403,1.4993445802247152e-05,2.4022028810577467e-06,5.075875378679484e-06,1.503073463027249e-06
9404,1.4992519936640747e-05,2.402089194220025e-06,5.0755934353219345e-06,1.5029673932076548e-06
9405,1.4991550415288657e-05,2.4018995645747054e-06,5.0752528295561206e-06,1.502879513282096e-06
9406,1.4990431736805476e-05,2.4018302156036953e-06,5.074720775155583e-06,1.502776171946607e-06
9407,1.4989436749601737e-05,2.4016985662456136e-06,5.074450200481806e-06,1.5026574828880257e-06
9408,1.4988462680776138e-05,2.401515530436882e-06,5.074185992270941e-06,1.5025522088762955e-06
9409,1.4987366739660501e-05,2.401362280579633e-06,5.07370350533165e-06,1.502460122537741e-06
9410,1.4986444512032904e-05,2.401275651209289e-06,5.07341610500589e-06,1.5023505284261773e-06
9411,1.498549318057485e-05,2.401136953267269e-06,5.0731659939629026e-06,1.502237978456833e-06
9412,1.4984399967943318e-05,2.4009602839214494e-06,5.07276945427293e-06,1.5021340686871554e-06
9413,1.4983423170633614e-05,2.400853418293991e-06,5.072378371551167e-06,1.5020383443697938e-06
9414,1.498234360042261e-05,2.400719040451804e-06,5.071986379334703e-06,1.501927613389853e-06
9415,1.4981353160692379e-05,2.4005441900953883e-06,5.071731266070856e-06,1.5018155181678594e-06
9416,1.4980305422795936e-05,2.4004170882108156e-06,5.071300620329566e-06,1.5017174064269057e-06
9417,1.4979365005274303e-05,2.4002954432944534e-06,5.071010491519701e-06,1.5016117913546623e-06
9418,1.497836819908116e-05,2.4001262772799237e-06,5.070740371593274e-06,1.5015002645668574e-06
9419,1.4977231330703944e-05,2.399959157628473e-06,5.070289262221195e-06,1.5013965821708553e-06
9420,1.4976293641666416e-05,2.3998707092687255e-06,5.06992273585638e-06,1.5012999483587919e-06
9421,1.4975319572840817e-05,2.399754521320574e-06,5.069614417152479e-06,1.5011901268735528e-06
9422,1.497425364505034e-05,2.399563754806877e-06,5.069256076239981e-06,1.5010868992249016e-06
9423,1.497329503763467e-05,2.399450750090182e-06,5.068878635938745e-06,1.500993221270619e-06
9424,1.4972272765589878e-05,2.399322511337232e-06,5.068511200079229e-06,1.5008877198852133e-06
9425,1.4971197742852382e-05,2.3991592570382636e-06,5.068159225629643e-06,1.5007757383500575e-06
9426,1.4970179108786397e-05,2.3990446607058402e-06,5.067753590992652e-06,1.5006761486802134e-06
9427,1.4969147741794586e-05,2.3988786779227667e-06,5.067392066848697e-06,1.5005755358288297e-06
9428,1.4968120012781583e-05,2.3986856376723154e-06,5.067101483291481e-06,1.5004665101514547e-06
9429,1.4967125935072545e-05,2.398643800916034e-06,5.066634003014769e-06,1.5003695352788782e-06
9430,1.4966166418162175e-05,2.398511469436926e-06,5.066316589363851e-06,1.5002677855591173e-06
9431,1.4965156879043207e-05,2.3983029677765444e-06,5.0660446504480205e-06,1.5001619431131985e-06
9432,1.4964046386012342e-05,2.3981613139767433e-06,5.065570803708397e-06,1.500062921877543e-06
9433,1.4963067769713234e-05,2.398061724306899e-06,5.065237019152846e-06,1.4999537825133302e-06
9434,1.4962079148972407e-05,2.397927801212063e-06,5.064935976406559e-06,1.499843165220227e-06
9435,1.496104414400179e-05,2.3977565888344543e-06,5.06457217852585e-06,1.4997430071161943e-06
9436,1.4960107364458963e-05,2.397630169070908e-06,5.0642702262848616e-06,1.4996413710832712e-06
9437,1.4959047803131398e-05,2.3974978375918e-06,5.063926437287591e-06,1.4995246147009311e-06
9438,1.4958046449464746e-05,2.397358912276104e-06,5.063603111921111e-06,1.4994169532656088e-06
9439,1.4957031453377567e-05,2.3972299914021278e-06,5.063173375674523e-06,1.499325776421756e-06
9440,1.4956011000322178e-05,2.397078333160607e-06,5.0628523240447976e-06,1.499215954936517e-06
9441,1.4954961443436332e-05,2.396941226834315e-06,5.062475793238264e-06,1.4991088619353832e-06
9442,1.4953865502320696e-05,2.3968466393853305e-06,5.061956471763551e-06,1.4990124554969952e-06
9443,1.4952909623389132e-05,2.3966526896401774e-06,5.061748197476845e-06,1.4989016108302167e-06
9444,1.4951878256397322e-05,2.396503759882762e-06,5.061388037574943e-06,1.498797360000026e-06
9445,1.4950839613447897e-05,2.396375975877163e-06,5.0609542086021975e-06,1.4987018630563398e-06
9446,1.4949809155950788e-05,2.3962593331816606e-06,5.0605935939529445e-06,1.4985912457632367e-06
9447,1.4948817806725856e-05,2.396077888988657e-06,5.0603052841324825e-06,1.4984868812462082e-06
9448,1.494778916821815e-05,2.395952151346137e-06,5.059881004854105e-06,1.4983912706156843e-06
9449,1.4946725059417076e-05,2.395811179667362e-06,5.0594799176906236e-06,1.4982867924118182e-06
9450,1.4945759176043794e-05,2.395650199105148e-06,5.05925254401518e-06,1.498171286584693e-06
9451,1.4944680515327491e-05,2.395515139141935e-06,5.058789611211978e-06,1.4980752212068182e-06
9452,1.4943718269933015e-05,2.3954180505825207e-06,5.058424449089216e-06,1.4979750631027855e-06
9453,1.4942659618100151e-05,2.395202727711876e-06,5.058167062088614e-06,1.4978578519730945e-06
9454,1.4941629160603043e-05,2.395118144704611e-06,5.057732778368518e-06,1.4977556475059828e-06
9455,1.4940602341084741e-05,2.3949830847413978e-06,5.057314410805702e-06,1.4976609463701607e-06
9456,1.4939574612071738e-05,2.3948182388267014e-06,5.057066573499469e-06,1.4975380508985836e-06
9457,1.4938536878617015e-05,2.394665671090479e-06,5.056681402493268e-06,1.4974378927945509e-06
9458,1.4937540981918573e-05,2.3945704015204683e-06,5.0562875912874006e-06,1.4973364841353032e-06
9459,1.4936493244022131e-05,2.394367584201973e-06,5.055980182078201e-06,1.497229163760494e-06
9460,1.4935462786525022e-05,2.3942754978634184e-06,5.0555909183458425e-06,1.4971192285884172e-06
9461,1.4934426872059703e-05,2.3941440758790122e-06,5.05516391058336e-06,1.4970236179578933e-06
9462,1.493337367719505e-05,2.393988097537658e-06,5.054800567450002e-06,1.4969169797041104e-06
9463,1.493239869887475e-05,2.393832573943655e-06,5.054530902270926e-06,1.4968070445320336e-06
9464,1.4931375517335255e-05,2.3937193418532843e-06,5.0541211749077775e-06,1.4967070001148386e-06
9465,1.4930343240848742e-05,2.393607474004966e-06,5.053720087744296e-06,1.496603090345161e-06
9466,1.4929291864973493e-05,2.3934326236485504e-06,5.053394488641061e-06,1.4964929277994088e-06
9467,1.4928235032130033e-05,2.3932736894494155e-06,5.053003860666649e-06,1.4963914054533234e-06
9468,1.4927240044926293e-05,2.39318114836351e-06,5.0526032282505184e-06,1.496291133662453e-06
9469,1.492622777732322e-05,2.3929976578074275e-06,5.052344022260513e-06,1.4961772194510559e-06
9470,1.492518094892148e-05,2.3929146664158907e-06,5.051899279351346e-06,1.496073423368216e-06
9471,1.4924156857887283e-05,2.392763462921721e-06,5.051538209954742e-06,1.4959711052142666e-06
9472,1.4923136404831894e-05,2.3925699679239187e-06,5.051230800745543e-06,1.495867195444589e-06
9473,1.4922111404302996e-05,2.3925010737002594e-06,5.050810614193324e-06,1.4957598750697798e-06
9474,1.4921160982339643e-05,2.3923855678731343e-06,5.05050593346823e-06,1.4956538052501855e-06
9475,1.4920007743057795e-05,2.392136593698524e-06,5.050117579230573e-06,1.495550691288372e-06
9476,1.4918981833034195e-05,2.3920592866488732e-06,5.0496873882366344e-06,1.4954471225792076e-06
9477,1.491805596742779e-05,2.3919521936477395e-06,5.0494390961830504e-06,1.4953329809941351e-06
9478,1.4916940017428715e-05,2.3917773432913236e-06,5.049019819125533e-06,1.4952286164771067e-06
9479,1.4915943211235572e-05,2.3916222744446713e-06,5.048670118412701e-06,1.4951301636756398e-06
9480,1.4914912753738463e-05,2.3915345082059503e-06,5.048277671448886e-06,1.495020228503563e-06
9481,1.4913821360096335e-05,2.3913130462460686e-06,5.047952072345652e-06,1.4949113165130257e-06
9482,1.4912796359567437e-05,2.3912220967758913e-06,5.047490503784502e-06,1.4948167290640413e-06
9483,1.4911815014784224e-05,2.3911150037747575e-06,5.04714080307167e-06,1.4947116824259865e-06
9484,1.4910761819919571e-05,2.390890131209744e-06,5.046897058491595e-06,1.4945950397304841e-06
9485,1.4909778656146955e-05,2.3908123694127426e-06,5.0464986998122185e-06,1.4944935173843987e-06
9486,1.4908685443515424e-05,2.390703912169556e-06,5.04604804518749e-06,1.4943867654437781e-06
9487,1.4907681361364666e-05,2.390479721725569e-06,5.045824764238205e-06,1.4942754660296487e-06
9488,1.490660633862717e-05,2.390363306403742e-06,5.045361831435002e-06,1.4941763311071554e-06
9489,1.4905522220942657e-05,2.390275994912372e-06,5.044897534389747e-06,1.4940696928533725e-06
9490,1.4904571798979305e-05,2.390115469097509e-06,5.044635145168286e-06,1.4939641914679669e-06
9491,1.4903484043315984e-05,2.389912197031663e-06,5.0442840802134015e-06,1.493857553214184e-06
9492,1.4902519069437403e-05,2.3898464860394597e-06,5.043849341745954e-06,1.4937646710677654e-06
9493,1.4901428585289977e-05,2.389717792539159e-06,5.043465534981806e-06,1.4936491652406403e-06
9494,1.490034264861606e-05,2.3894799596746452e-06,5.043233613832854e-06,1.49352592870855e-06
9495,1.4899385860189795e-05,2.389444489381276e-06,5.042773409513757e-06,1.4934335013094824e-06
9496,1.489839814894367e-05,2.3892876015452202e-06,5.0424614528310485e-06,1.4933297052266425e-06
9497,1.4897246728651226e-05,2.389087967458181e-06,5.0421131163602695e-06,1.4932091971786576e-06
9498,1.4896288121235557e-05,2.3890049760666443e-06,5.0417047532391734e-06,1.493115519224375e-06
9499,1.4895242202328518e-05,2.388911525486037e-06,5.0412636483088136e-06,1.4930133147572633e-06
9500,1.4894175365043338e-05,2.3886655071692076e-06,5.04103627463337e-06,1.4928947393855196e-06
9501,1.4893139450578019e-05,2.388587290624855e-06,5.040587893745396e-06,1.4927929896657588e-06
9502,1.489208807470277e-05,2.3884363145043608e-06,5.040196356276283e-06,1.4926910125723225e-06
9503,1.4891033060848713e-05,2.3882971618149895e-06,5.039799361838959e-06,1.4925873301763204e-06
9504,1.489002625021385e-05,2.3881314064055914e-06,5.03949195262976e-06,1.4924805782356998e-06
9505,1.488892849010881e-05,2.3879872514953604e-06,5.039064035372576e-06,1.492375531597645e-06
9506,1.4887926226947457e-05,2.387896756772534e-06,5.038629296905128e-06,1.4922799209671211e-06
9507,1.4886880308040418e-05,2.3876805244071875e-06,5.038361450715456e-06,1.49216771205829e-06
9508,1.4885828022670466e-05,2.3875836632214487e-06,5.037914434069535e-06,1.492065962338529e-06
9509,1.4884738448017742e-05,2.3874692942627007e-06,5.037469236413017e-06,1.4919600062057725e-06
9510,1.48837934830226e-05,2.3873244572314434e-06,5.0372223086014856e-06,1.4918493889126694e-06
9511,1.4882717550790403e-05,2.3871459688962204e-06,5.036895345256198e-06,1.4917352473275969e-06
9512,1.4881608876748942e-05,2.3870777567935875e-06,5.036365109845065e-06,1.4916330428604851e-06
9513,1.488063298893394e-05,2.386901087447768e-06,5.036118636780884e-06,1.4915226529410575e-06
9514,1.4879575246595778e-05,2.3867298750701593e-06,5.035793947172351e-06,1.4914104440322262e-06
9515,1.4878502952342387e-05,2.3866505216574296e-06,5.035321919422131e-06,1.4913060795151978e-06
9516,1.4877454304951243e-05,2.3864786271587946e-06,5.0349913180980366e-06,1.4911968264641473e-06
9517,1.4876437489874661e-05,2.3863046862970805e-06,5.034630703448784e-06,1.4911004200257594e-06
9518,1.4875435226713307e-05,2.386223968642298e-06,5.03422370456974e-06,1.490997647124459e-06
9519,1.4874351109028794e-05,2.3860657165641896e-06,5.033876732341014e-06,1.4908818002368207e-06
9520,1.4873325199005194e-05,2.3859379325585905e-06,5.033482921135146e-06,1.490780846324924e-06
9521,1.4872270185151137e-05,2.385801735727e-06,5.033095476392191e-06,1.490674662818492e-06
9522,1.4871243365632836e-05,2.3856705411162693e-06,5.032752142142272e-06,1.4905641592122265e-06
9523,1.4870149243506603e-05,2.3855243398429593e-06,5.03233559356886e-06,1.4904579757057945e-06
9524,1.4869068763800897e-05,2.3853644961491227e-06,5.031942237110343e-06,1.4903523606335511e-06
9525,1.4867975551169366e-05,2.3852146568970056e-06,5.031577529734932e-06,1.4902367411195883e-06
9526,1.4867058780509979e-05,2.3850982415751787e-06,5.031303771829698e-06,1.4901313534210203e-06
9527,1.486601286160294e-05,2.3849308945500525e-06,5.030937245464884e-06,1.4900290352670709e-06
9528,1.4864929653413128e-05,2.3848238015489187e-06,5.030489319324261e-06,1.4899233065079898e-06
9529,1.486387918703258e-05,2.3846919248171616e-06,5.030095508118393e-06,1.489818259869935e-06
9530,1.4862814168736804e-05,2.384530034760246e-06,5.02975035487907e-06,1.48970673308213e-06
9531,1.4861764611850958e-05,2.3843815597501816e-06,5.029411113355309e-06,1.4895944104864611e-06
9532,1.4860746887279674e-05,2.3843044800742064e-06,5.029009116697125e-06,1.4894865216774633e-06
9533,1.4859659131616354e-05,2.3841193979023956e-06,5.028641680837609e-06,1.489379656050005e-06
9534,1.4858636859571561e-05,2.3840066205593757e-06,5.028271516493987e-06,1.4892717672410072e-06
9535,1.4857607311569154e-05,2.3838335891923634e-06,5.027945007896051e-06,1.4891655837345752e-06
9536,1.485651773691643e-05,2.3837342268961947e-06,5.0274734348931815e-06,1.489061901338573e-06
9537,1.4855482731945813e-05,2.3835386855353136e-06,5.027204679208808e-06,1.488947987127176e-06
9538,1.4854464097879827e-05,2.3834263629396446e-06,5.026827693654923e-06,1.4888421446812572e-06
9539,1.4853349057375453e-05,2.3833463274058886e-06,5.026321559853386e-06,1.4887361885485006e-06
9540,1.4852344975224696e-05,2.3831814814911922e-06,5.026077815273311e-06,1.4886170447425684e-06
9541,1.4851235391688533e-05,2.382965931246872e-06,5.02567218063632e-06,1.4885195014358032e-06
9542,1.4850203115202021e-05,2.3829511519579682e-06,5.025161044613924e-06,1.4884182064633933e-06
9543,1.484911990701221e-05,2.382722186666797e-06,5.024870915804058e-06,1.4883054291203734e-06
9544,1.4848125829303171e-05,2.382577122261864e-06,5.024581241741544e-06,1.4881934475852177e-06
9545,1.4847091733827256e-05,2.3825091375329066e-06,5.024079655413516e-06,1.4881004517519614e-06
9546,1.484601125412155e-05,2.3823176888981834e-06,5.023749963584123e-06,1.487988697590481e-06
9547,1.4844883480691351e-05,2.382153297730838e-06,5.023367066314677e-06,1.4878725096423295e-06
9548,1.4843937606201507e-05,2.382112370469258e-06,5.0229637054144405e-06,1.4877724652251345e-06
9549,1.4842904420220293e-05,2.381880449320306e-06,5.022716322855558e-06,1.4876615068715182e-06
9550,1.4841785741737112e-05,2.3817369765311014e-06,5.022259301767917e-06,1.487557824475516e-06
9551,1.4840705262031406e-05,2.3816810426069424e-06,5.0217499847349245e-06,1.487454937887378e-06
9552,1.4839695722912438e-05,2.3814861833670875e-06,5.021492597734323e-06,1.4873434110995731e-06
9553,1.4838599781796802e-05,2.3812640392861795e-06,5.0211574489367194e-06,1.487235635977413e-06
9554,1.4837565686320886e-05,2.381264721407206e-06,5.020614935347112e-06,1.4871370694891084e-06
9555,1.4836463378742337e-05,2.3810844140825793e-06,5.020256594434613e-06,1.4870244058329263e-06
9556,1.4835466572549194e-05,2.380881596764084e-06,5.020040134695591e-06,1.4869089000058011e-06
9557,1.4834409739705734e-05,2.3808397600078024e-06,5.0195149015053175e-06,1.486810901951685e-06
9558,1.483333562646294e-05,2.380649220867781e-06,5.0191947593702935e-06,1.4866983519823407e-06
9559,1.4832259694230743e-05,2.3804518605174962e-06,5.01888007420348e-06,1.4865854609524831e-06
9560,1.4831221051281318e-05,2.3803961539670127e-06,5.018446699978085e-06,1.486475639467244e-06
9561,1.4830166946921963e-05,2.3802683699614136e-06,5.01805425301427e-06,1.4863687738397857e-06
9562,1.482909829064738e-05,2.380041905780672e-06,5.017770490667317e-06,1.4862570196783054e-06
9563,1.482804691477213e-05,2.3799548216629773e-06,5.017307557864115e-06,1.4861568615742726e-06
9564,1.4826999176875688e-05,2.379825900789001e-06,5.0169519454357214e-06,1.4860441979180905e-06
9565,1.4825971447862685e-05,2.379635589022655e-06,5.016629074816592e-06,1.4859414250167902e-06
9566,1.4824878235231154e-05,2.37958693105611e-06,5.01609974890016e-06,1.485838197368139e-06
9567,1.4823801393504255e-05,2.379388888584799e-06,5.015790975448908e-06,1.4857243968435796e-06
9568,1.4822790035395883e-05,2.3792495085217524e-06,5.015443548472831e-06,1.4856193502055248e-06
9569,1.4821676813880913e-05,2.3791562853148207e-06,5.0149051276093815e-06,1.4855231711408123e-06
9570,1.4820609976595733e-05,2.378954832238378e-06,5.0146445573773235e-06,1.4854020946586388e-06
9571,1.4819595890003256e-05,2.3788782073097536e-06,5.01421709486749e-06,1.4853001175652025e-06
9572,1.4818552699580323e-05,2.378740418862435e-06,5.013827831135131e-06,1.4851968899165513e-06
9573,1.4817480405326933e-05,2.378579893047572e-06,5.013463578507071e-06,1.4850872958049877e-06
9574,1.4816389921179507e-05,2.3783852611813927e-06,5.013104328099871e-06,1.4849799754301785e-06
9575,1.4815330359851941e-05,2.3783106826158473e-06,5.012679139326792e-06,1.4848682212686981e-06
9576,1.4814255337114446e-05,2.3781667550792918e-06,5.012283509131521e-06,1.484760900893889e-06
9577,1.4813206689723302e-05,2.3780287392582977e-06,5.011899702367373e-06,1.4846557405689964e-06
9578,1.4812047083978541e-05,2.3778397917340044e-06,5.01151862408733e-06,1.484537847318279e-06
9579,1.4811106666456908e-05,2.3777743081154767e-06,5.011157554690726e-06,1.484434960730141e-06
9580,1.4809983440500218e-05,2.3776033231115434e-06,5.010766926716315e-06,1.484322638134472e-06
9581,1.4808942069066688e-05,2.3774618966854177e-06,5.010431777918711e-06,1.4842097471046145e-06
9582,1.4807823390583508e-05,2.3773206976329675e-06,5.009998858440667e-06,1.4841007214272395e-06
9583,1.4806817489443347e-05,2.377191776758991e-06,5.009655978938099e-06,1.4839938557997812e-06
9584,1.4805717910348903e-05,2.3770314783178037e-06,5.009280812373618e-06,1.483881192143599e-06
9585,1.4804637430643197e-05,2.3769123345118714e-06,5.008833795727696e-06,1.4837781918686233e-06
9586,1.4803599697188474e-05,2.376758629907272e-06,5.00850728712976e-06,1.483666778767656e-06
9587,1.4802519217482768e-05,2.37664994529041e-06,5.008067546441453e-06,1.4835603678875486e-06
9588,1.4801452380197588e-05,2.376493512201705e-06,5.007700565329287e-06,1.4834516832706868e-06
9589,1.4800408280279953e-05,2.3763479930494213e-06,5.007356776332017e-06,1.4833407249170705e-06
9590,1.4799237760598771e-05,2.376193833697471e-06,5.0069102144334465e-06,1.4832268107056734e-06
9591,1.4798305528529454e-05,2.3760796921123983e-06,5.0066337280441076e-06,1.4831184671493247e-06
9592,1.4797155017731711e-05,2.3759423584124306e-06,5.006176706956467e-06,1.4830071677351953e-06
9593,1.4796103641856462e-05,2.3757966118864715e-06,5.005810180591652e-06,1.4828995062998729e-06
9594,1.4795017705182545e-05,2.3756176688038977e-06,5.005436833016574e-06,1.4827926406724146e-06
9595,1.4793935406487435e-05,2.375520807618159e-06,5.004987087886548e-06,1.482685433984443e-06
9596,1.479292768635787e-05,2.3754046196700074e-06,5.0046510295942426e-06,1.4825744756308268e-06
9597,1.479191178077599e-05,2.3752420474920655e-06,5.004329523217166e-06,1.4824679510638816e-06
9598,1.4790766726946458e-05,2.3751199478283525e-06,5.0038383960782085e-06,1.4823617675574496e-06
9599,1.4789718989050016e-05,2.3749378215143224e-06,5.003518708690535e-06,1.4822525145063992e-06
9600,1.4788617590966169e-05,2.374812538619153e-06,5.003093974664807e-06,1.4821422382738092e-06
9601,1.4787558029638603e-05,2.3746742954244837e-06,5.002729267289396e-06,1.4820309388596797e-06
9602,1.478644844610244e-05,2.374521500314586e-06,5.002309990231879e-06,1.4819235047980328e-06
9603,1.4785396160732489e-05,2.374404175498057e-06,5.001897989131976e-06,1.4818187992204912e-06
9604,1.4784312043047976e-05,2.374277983108186e-06,5.001504177926108e-06,1.4817060218774714e-06
9605,1.4783309779886622e-05,2.374148607486859e-06,5.0011703933705576e-06,1.4815981330684735e-06
9606,1.4782130165258422e-05,2.3739894459140487e-06,5.000711098546162e-06,1.4814859241596423e-06
9607,1.4781170648348052e-05,2.3738527943351073e-06,5.000415058020735e-06,1.481380650147912e-06
9608,1.4780031960981432e-05,2.3736909042781917e-06,4.999962584406603e-06,1.4812756035098573e-06
9609,1.4778926924918778e-05,2.3735872218821896e-06,4.999526026949752e-06,1.4811627124799998e-06
9610,1.4777868273085915e-05,2.373403731326107e-06,4.9992040658253245e-06,1.4810522088737343e-06
9611,1.477676778449677e-05,2.3732804947940167e-06,4.99876568937907e-06,1.4809443200647365e-06
9612,1.4775760064367205e-05,2.373185679971357e-06,4.998389158572536e-06,1.480837113376765e-06
9613,1.4774625014979392e-05,2.3730060547677567e-06,4.9980062613030896e-06,1.4807225170443417e-06
9614,1.4773549992241897e-05,2.372857352384017e-06,4.997655196348205e-06,1.480607579651405e-06
9615,1.4772529539186507e-05,2.3727436655462952e-06,4.997252744942671e-06,1.4805066257395083e-06
9616,1.4771420865145046e-05,2.37260769608838e-06,4.9968330131378025e-06,1.4803960084464052e-06
9617,1.4770374946238007e-05,2.372426934016403e-06,4.996561074221972e-06,1.4802774330746615e-06
9618,1.4769291738048196e-05,2.372366907366086e-06,4.996075404051226e-06,1.4801698853261769e-06
9619,1.4768214896321297e-05,2.3722045625618193e-06,4.995678409613902e-06,1.4800663166170125e-06
9620,1.4767152606509626e-05,2.3720183435216313e-06,4.99539009979344e-06,1.4799489918004838e-06
9621,1.4766032109037042e-05,2.371887831031927e-06,4.994973096472677e-06,1.4798343954680604e-06
9622,1.4765002561034635e-05,2.3717752810625825e-06,4.994576556782704e-06,1.4797301446378697e-06
9623,1.47638565977104e-05,2.371625669184141e-06,4.994134087610291e-06,1.479619299971091e-06
9624,1.476284523960203e-05,2.37146105064312e-06,4.993839411326917e-06,1.4795090237385011e-06
9625,1.4761746570002288e-05,2.3713093924015993e-06,4.993411948817084e-06,1.4794051139688236e-06
9626,1.476069064665353e-05,2.3712550500931684e-06,4.992955382476794e-06,1.4792960882914485e-06
9627,1.4759560144739226e-05,2.3710426830803044e-06,4.992602953279857e-06,1.4791829698879155e-06
9628,1.4758509678358678e-05,2.3708919343334856e-06,4.992220965505112e-06,1.4790794011787511e-06
9629,1.4757406461285427e-05,2.3707873424427817e-06,4.991768946638331e-06,1.4789701481277007e-06
9630,1.4756318705622107e-05,2.370642278037849e-06,4.991396053810604e-06,1.4788560065426282e-06
9631,1.4755214579054154e-05,2.3704610612185206e-06,4.991034984414e-06,1.4787435702601215e-06
9632,1.4754146832274273e-05,2.37034532801772e-06,4.990600245946553e-06,1.4786403426114703e-06
9633,1.4753115465282463e-05,2.370224819969735e-06,4.990271918359213e-06,1.4785236999159679e-06
9634,1.4751992239325773e-05,2.3700420115346787e-06,4.989882199879503e-06,1.4784136510570534e-06
9635,1.4750974514754489e-05,2.3699383291386766e-06,4.989487933926284e-06,1.478309627600538e-06
9636,1.4749783986189868e-05,2.3697541564615676e-06,4.989036369806854e-06,1.4781986692469218e-06
9637,1.4748817193321884e-05,2.369640924371197e-06,4.9887303248397075e-06,1.4780890751353581e-06
9638,1.4747625755262561e-05,2.3695324671280105e-06,4.988195541955065e-06,1.4779794810237945e-06
9639,1.474656346545089e-05,2.3693889943388058e-06,4.987792181054829e-06,1.4778764807488187e-06
9640,1.474550117563922e-05,2.3692371087236097e-06,4.987418833479751e-06,1.477768933000334e-06
9641,1.4744396139576565e-05,2.3690770376560977e-06,4.9870359362103045e-06,1.4776566104046651e-06
9642,1.4743441170139704e-05,2.3689779027336044e-06,4.986717613064684e-06,1.4775490626561805e-06
9643,1.474221335229231e-05,2.3687455268373014e-06,4.986280146113131e-06,1.4774375358683756e-06
9644,1.4741218365088571e-05,2.3686814074608264e-06,4.985869964002632e-06,1.4773333987250226e-06
9645,1.474008422519546e-05,2.36852156376699e-06,4.9854579629027285e-06,1.4772209624425159e-06
9646,1.4739035577804316e-05,2.3683705876464956e-06,4.985142368241213e-06,1.477104547120689e-06
9647,1.4737899618921801e-05,2.3682914616074413e-06,4.9846166803035885e-06,1.4769982499274192e-06
9648,1.473683732911013e-05,2.3680554477323312e-06,4.9843483793665655e-06,1.4768866094527766e-06
9649,1.4735738659510389e-05,2.3679267542320304e-06,4.983906364941504e-06,1.476781108067371e-06
9650,1.4734658179804683e-05,2.3678328489040723e-06,4.983472535968758e-06,1.4766706044611055e-06
9651,1.4733580428583082e-05,2.3676600449107355e-06,4.98311419505626e-06,1.4765612377232173e-06
9652,1.473254360462306e-05,2.367521346968715e-06,4.982763130101375e-06,1.4764518709853292e-06
9653,1.4731401279277634e-05,2.3674051590205636e-06,4.982261998520698e-06,1.4763468243472744e-06
9654,1.4730316252098419e-05,2.3672307634114986e-06,4.98193458042806e-06,1.476230181651772e-06
9655,1.4729172107763588e-05,2.3670850168855395e-06,4.981477104593068e-06,1.476121951782261e-06
9656,1.4728077985637356e-05,2.3669988422625465e-06,4.9810237214842346e-06,1.4760111071154824e-06
9657,1.4727063899044879e-05,2.366810349485604e-06,4.980769062967738e-06,1.47589696553041e-06
9658,1.472590520279482e-05,2.3666207198402844e-06,4.980336598237045e-06,1.4757896451556007e-06
9659,1.4724811990163289e-05,2.3665807020734064e-06,4.979824552719947e-06,1.4756814152860898e-06
9660,1.4723814274475444e-05,2.3663890260650078e-06,4.979580808139872e-06,1.475568979003583e-06
9661,1.472269377700286e-05,2.3662114472244866e-06,4.9791815399657935e-06,1.4754601806998835e-06
9662,1.4721628758707084e-05,2.366170519962907e-06,4.978706783731468e-06,1.4753503592146444e-06
9663,1.472051917517092e-05,2.3659542875975603e-06,4.9783766371547244e-06,1.4752375818716246e-06
9664,1.4719427781528793e-05,2.3657582914893283e-06,4.9780201152316295e-06,1.4751298067494645e-06
9665,1.4718325473950244e-05,2.3657476049265824e-06,4.977464413968846e-06,1.4750227137483307e-06
9666,1.4717248632223345e-05,2.3655388758925255e-06,4.977187927579507e-06,1.4749042520634248e-06
9667,1.471608629799448e-05,2.365320142416749e-06,4.9767941163736396e-06,1.474794316891348e-06
9668,1.4715043107571546e-05,2.365336513321381e-06,4.976244781573769e-06,1.4746923397979117e-06
9669,1.4713965356349945e-05,2.365103000556701e-06,4.975946012564236e-06,1.4745833141205367e-06
9670,1.471283940190915e-05,2.3649083686905215e-06,4.975605406798422e-06,1.474465193496144e-06
9671,1.47117880260339e-05,2.364888132433407e-06,4.975081537850201e-06,1.4743635574632208e-06
9672,1.4710632967762649e-05,2.3646771296625957e-06,4.974705007043667e-06,1.4742502116860123e-06
9673,1.4709557945025153e-05,2.3644190605409676e-06,4.9744635362003464e-06,1.4741350469194003e-06
9674,1.4708495655213483e-05,2.364441343161161e-06,4.9739010137273e-06,1.4740305687155342e-06
9675,1.4707438822370023e-05,2.3642985524929827e-06,4.973532668373082e-06,1.4739214293513214e-06
9676,1.4706274669151753e-05,2.3640475319552934e-06,4.973208888259251e-06,1.4738036497874418e-06
9677,1.4705167814099696e-05,2.363940211580484e-06,4.972750048182206e-06,1.4736955336047686e-06
9678,1.4704115528729744e-05,2.3639040591660887e-06,4.972246642864775e-06,1.473592874390306e-06
9679,1.470297411287902e-05,2.363615976719302e-06,4.971994712832384e-06,1.4734727074028342e-06
9680,1.4701858162879944e-05,2.3635284378542565e-06,4.971495854988461e-06,1.47336663758324e-06
9681,1.470079951104708e-05,2.3634875105926767e-06,4.9710229177435394e-06,1.473257952966378e-06
9682,1.4699673556606285e-05,2.363250132475514e-06,4.970750978827709e-06,1.4731346027474501e-06
9683,1.4698515769850928e-05,2.363058911214466e-06,4.970348527422175e-06,1.4730215980307548e-06
9684,1.469745984650217e-05,2.3630575469724135e-06,4.969770998286549e-06,1.4729263284607441e-06
9685,1.4696365724375937e-05,2.3628615508641815e-06,4.96947905048728e-06,1.4728050246048952e-06
9686,1.469529524911195e-05,2.3626225811312906e-06,4.9692562242853455e-06,1.4726832660016953e-06
9687,1.4694192941533402e-05,2.3626112124475185e-06,4.9686314014252275e-06,1.4725900427947636e-06
9688,1.4693090633954853e-05,2.3624261302757077e-06,4.968308985553449e-06,1.4724711263625068e-06
9689,1.46919865073869e-05,2.36223490901466e-06,4.967997938365443e-06,1.4723507320013596e-06
9690,1.4690944226458669e-05,2.3621848868060624e-06,4.967516360920854e-06,1.4722486412210856e-06
9691,1.4689798263134435e-05,2.3620275442226557e-06,4.967086169926915e-06,1.4721368870596052e-06
9692,1.4688730516354553e-05,2.361835413466906e-06,4.966779670212418e-06,1.4720232002218836e-06
9693,1.4687539078295231e-05,2.3617135411768686e-06,4.9662321544019505e-06,1.4719187220180174e-06
9694,1.4686514077766333e-05,2.3615518784936285e-06,4.965942025592085e-06,1.4718040119987563e-06
9695,1.4685361747979186e-05,2.3614468318555737e-06,4.965445441484917e-06,1.471693849453004e-06
9696,1.4684344932902604e-05,2.3612599306943594e-06,4.965169409842929e-06,1.4715831184730632e-06
9697,1.4683143490401562e-05,2.361101678616251e-06,4.964686922903638e-06,1.471470909564232e-06
9698,1.4682114851893857e-05,2.3609979962202488e-06,4.964306299370946e-06,1.4713622249473701e-06
9699,1.4681025277241133e-05,2.3608629362570355e-06,4.9639129429124296e-06,1.4712499023517012e-06
9700,1.4679914784210268e-05,2.3607142338732956e-06,4.963510946254246e-06,1.4711379208165454e-06
9701,1.4678846127935685e-05,2.360596909056767e-06,4.9630771172815e-06,1.4710344657942187e-06
9702,1.4677677427243907e-05,2.3604161469847895e-06,4.962640559824649e-06,1.4709241895616287e-06
9703,1.4676592400064692e-05,2.3602669898536988e-06,4.9622831284068525e-06,1.4708083426739904e-06
9704,1.467545735067688e-05,2.360160351599916e-06,4.9617865442996845e-06,1.4707020454807207e-06
9705,1.4674418707727455e-05,2.3600086933583952e-06,4.961454578733537e-06,1.4705912008139421e-06
9706,1.467323636461515e-05,2.359819745834102e-06,4.9610612222750206e-06,1.4704710338264704e-06
9707,1.467214406147832e-05,2.3597604013048112e-06,4.9605632739258e-06,1.4703640545121743e-06
9708,1.4671049939352088e-05,2.3595732727699215e-06,4.960249498253688e-06,1.4702455928272684e-06
9709,1.4669960364699364e-05,2.3594132017024094e-06,4.9598716032051016e-06,1.4701349755341653e-06
9710,1.466882986278506e-05,2.3592758680024417e-06,4.959436409990303e-06,1.470023562433198e-06
9711,1.466774210712174e-05,2.3591514946019743e-06,4.959040779795032e-06,1.4699099892823142e-06
9712,1.4666636161564384e-05,2.3589973352500238e-06,4.958644240105059e-06,1.4697989172418602e-06
9713,1.4665565686300397e-05,2.3588772819493897e-06,4.958226782036945e-06,1.4696922789880773e-06
9714,1.4664406990050338e-05,2.3587369923916413e-06,4.957776582159568e-06,1.4695787058371934e-06
9715,1.4663291040051263e-05,2.358562369408901e-06,4.9573764044907875e-06,1.4694703622808447e-06
9716,1.4662207831861451e-05,2.3584298105561174e-06,4.956975317327306e-06,1.469360427108768e-06
9717,1.4661087334388867e-05,2.358282927161781e-06,4.95657241117442e-06,1.4692463992105331e-06
9718,1.4659952285001054e-05,2.358113533773576e-06,4.956148131896043e-06,1.4691380556541844e-06
9719,1.4658876352768857e-05,2.3579682419949677e-06,4.955783424520632e-06,1.4690249372506514e-06
9720,1.4657777683169115e-05,2.357880703129922e-06,4.955364147463115e-06,1.4689064755657455e-06
9721,1.4656662642664742e-05,2.357661060159444e-06,4.954998530593002e-06,1.4688006331198267e-06
9722,1.465548211854184e-05,2.3575448722112924e-06,4.954509222443448e-06,1.4686855820400524e-06
9723,1.4654487131338101e-05,2.357474841119256e-06,4.954182259098161e-06,1.4685659834867693e-06
9724,1.4653336620540358e-05,2.357296807531384e-06,4.9537557060830295e-06,1.4684568441225565e-06
9725,1.4652207028120756e-05,2.357067614866537e-06,4.953372808813583e-06,1.4683532754133921e-06
9726,1.4651108358521014e-05,2.356985078222351e-06,4.952925337420311e-06,1.4682395885756705e-06
9727,1.4649988770543132e-05,2.3568538836116204e-06,4.952492872689618e-06,1.4681284028483788e-06
9728,1.464893648517318e-05,2.356688582949573e-06,4.95213498652447e-06,1.4680226740892977e-06
9729,1.4647777788923122e-05,2.356563754801755e-06,4.95161657454446e-06,1.4679194464406464e-06
9730,1.4646688214270398e-05,2.3564393814012874e-06,4.951245955453487e-06,1.4678006436952273e-06
9731,1.464552951802034e-05,2.356315462748171e-06,4.9507757466926705e-06,1.467687638978532e-06
9732,1.4644404473074246e-05,2.3561412945127813e-06,4.9503632908454165e-06,1.4675799775432097e-06
9733,1.4643317626905628e-05,2.356011918891454e-06,4.949932190356776e-06,1.4674748172183172e-06
9734,1.4642197129433043e-05,2.3558270640933188e-06,4.949592039338313e-06,1.4673555597255472e-06
9735,1.4641109373769723e-05,2.3557115582661936e-06,4.949260073772166e-06,1.4672275483462727e-06
9736,1.4640031622548122e-05,2.3555751340609277e-06,4.9488612603454385e-06,1.4671189774162485e-06
9737,1.4638870197813958e-05,2.355391643504845e-06,4.9484310693515e-06,1.4670096106783603e-06
9738,1.4637806089012884e-05,2.355296146561159e-06,4.948062269249931e-06,1.4668894436908886e-06
9739,1.4636683772550896e-05,2.355151536903577e-06,4.947622983308975e-06,1.466781895942404e-06
9740,1.4635497791459784e-05,2.3549903289676877e-06,4.9471391321276315e-06,1.466673666072893e-06
9741,1.4634390026913024e-05,2.3548136596218683e-06,4.946761691826396e-06,1.4665630487797898e-06
9742,1.4633321370638441e-05,2.354705884499708e-06,4.94632286063279e-06,1.4664585705759237e-06
9743,1.4632169040851295e-05,2.3546040210931096e-06,4.945894033880904e-06,1.4663340834886185e-06
9744,1.4631117664976045e-05,2.3544068881165003e-06,4.9455970838607755e-06,1.4662226703876513e-06
9745,1.4629928045906126e-05,2.354265234316699e-06,4.9450682126916945e-06,1.4661188743048115e-06
9746,1.462881118641235e-05,2.3541670088889077e-06,4.944678494211985e-06,1.465993250349129e-06
9747,1.462769341742387e-05,2.3539657831861405e-06,4.944327884004451e-06,1.4658799045719206e-06
9748,1.4626575648435391e-05,2.353825948375743e-06,4.943864951201249e-06,1.4657769042969448e-06
9749,1.4625445146521088e-05,2.3537195374956354e-06,4.943425665260293e-06,1.465660034227767e-06
9750,1.4624308278143872e-05,2.3535226318927016e-06,4.943068233842496e-06,1.4655435052191024e-06
9751,1.4623203242081217e-05,2.3534071260655764e-06,4.942599844071083e-06,1.4654393680757494e-06
9752,1.4622064554714598e-05,2.3532404611614766e-06,4.942226951243356e-06,1.4653195421487908e-06
9753,1.4621013178839348e-05,2.353139734623255e-06,4.941816314385505e-06,1.4652113122792798e-06
9754,1.4619815374317113e-05,2.352973979213857e-06,4.941317456541583e-06,1.4651047877123347e-06
9755,1.4618750356021337e-05,2.3528593828814337e-06,4.9409504754294176e-06,1.4649881450168323e-06
9756,1.461762349208584e-05,2.3526970380771672e-06,4.94055166200269e-06,1.4648749129264615e-06
9757,1.4616437510994729e-05,2.352538331251708e-06,4.94006417284254e-06,1.4647670241174637e-06
9758,1.4615387954108883e-05,2.352420324314153e-06,4.939748578181025e-06,1.4646437875853735e-06
9759,1.4614159226766787e-05,2.3522509309259476e-06,4.9392447181162424e-06,1.4645327155449195e-06
9760,1.4613044186262414e-05,2.3520524337072857e-06,4.938887286698446e-06,1.4644209613834391e-06
9761,1.4612021914217621e-05,2.351973535041907e-06,4.938502115692245e-06,1.4643092072219588e-06
9762,1.4610888683819212e-05,2.3518439320469042e-06,4.938126039633062e-06,1.4641838106399518e-06
9763,1.460973362554796e-05,2.3516809051216114e-06,4.937655830872245e-06,1.4640793324360857e-06
9764,1.4608631317969412e-05,2.351559032831574e-06,4.937254743708763e-06,1.4639634855484474e-06
9765,1.4607503544539213e-05,2.351384637222509e-06,4.936908680974739e-06,1.4638421816925984e-06
9766,1.460645034967456e-05,2.3512639018008485e-06,4.936478944728151e-06,1.4637415688412148e-06
9767,1.4605257092625834e-05,2.3511370272899512e-06,4.936038749292493e-06,1.4636163996328833e-06
9768,1.4604096577386372e-05,2.3509699076385004e-06,4.9355958253727295e-06,1.463506237087131e-06
9769,1.4602970622945577e-05,2.3508159756602254e-06,4.9351192501490004e-06,1.4634071021646378e-06
9770,1.4601906514144503e-05,2.350713657506276e-06,4.934783646604046e-06,1.4632818192694685e-06
9771,1.4600677786802407e-05,2.3505481294705532e-06,4.934284334012773e-06,1.4631690419264487e-06
9772,1.4599626410927158e-05,2.3503662305301987e-06,4.933915988658555e-06,1.463068883822416e-06
9773,1.4598446796298958e-05,2.3502630028815474e-06,4.933482159685809e-06,1.4629404176957905e-06
9774,1.4597409972338937e-05,2.3501097530242987e-06,4.933197942591505e-06,1.462820591768832e-06
9775,1.4596218534279615e-05,2.3499476355937077e-06,4.9326636144542135e-06,1.462721343159501e-06
9776,1.4595170796383172e-05,2.3498475911765127e-06,4.932315732730785e-06,1.4626015172325424e-06
9777,1.4593970263376832e-05,2.3496663743571844e-06,4.931853709422285e-06,1.4624899904447375e-06
9778,1.4592884326702915e-05,2.3495572349929716e-06,4.9314103307551704e-06,1.4623834658777923e-06
9779,1.459165014239261e-05,2.34942558563489e-06,4.9308973757433705e-06,1.4622653452533996e-06
9780,1.4590566934202798e-05,2.349217766095535e-06,4.930581326334504e-06,1.4621534774050815e-06
9781,1.4589476450055372e-05,2.349127498746384e-06,4.930118848278653e-06,1.4620460433434346e-06
9782,1.4588379599445034e-05,2.349002897972241e-06,4.929715487378417e-06,1.4619322428188752e-06
9783,1.4587140867661219e-05,2.3488128135795705e-06,4.929261194774881e-06,1.4618133263866184e-06
9784,1.4586082215828355e-05,2.348662746953778e-06,4.928899215883575e-06,1.461704073335568e-06
9785,1.458496080886107e-05,2.348539055674337e-06,4.928491762257181e-06,1.461586066398013e-06
9786,1.4583851225324906e-05,2.3483978566218866e-06,4.928124781145016e-06,1.4614656720368657e-06
9787,1.4582676158170216e-05,2.3482439246436115e-06,4.927678219246445e-06,1.4613508483307669e-06
9788,1.4581561117665842e-05,2.3480849904444767e-06,4.9272607611783314e-06,1.4612430732086068e-06
9789,1.4580377865058836e-05,2.3479988158214837e-06,4.9267837312072515e-06,1.4611190408686525e-06
9790,1.4579305570805445e-05,2.347807139813085e-06,4.926484052703017e-06,1.461002852920501e-06
9791,1.4578153241018299e-05,2.347667987123714e-06,4.925986104353797e-06,1.4608998526455252e-06
9792,1.4577039110008627e-05,2.347522922718781e-06,4.925560006086016e-06,1.4607911680286634e-06
9793,1.4575918612536043e-05,2.347380814171629e-06,4.925183930026833e-06,1.4606707736675162e-06
9794,1.4574815395462792e-05,2.3473019155062502e-06,4.924747372569982e-06,1.460553221477312e-06
9795,1.4573631233361084e-05,2.3471261556551326e-06,4.9242885324929375e-06,1.4604432863052352e-06
9796,1.457253165426664e-05,2.346964720345568e-06,4.923919277644018e-06,1.460329485780676e-06
9797,1.4571348401659634e-05,2.346798055441468e-06,4.923508640786167e-06,1.4602082956116647e-06
9798,1.457023790862877e-05,2.3467193841497647e-06,4.923013420921052e-06,1.4601010889236932e-06
9799,1.456904828955885e-05,2.346507699257927e-06,4.922627340420149e-06,1.459982740925625e-06
9800,1.4567944162990898e-05,2.3463808247470297e-06,4.922202606394421e-06,1.4598722373193596e-06
9801,1.4566841855412349e-05,2.3463016987079754e-06,4.921756044495851e-06,1.4597567314922344e-06
9802,1.4565676792699378e-05,2.3460995635105064e-06,4.9213886086363345e-06,1.4596377013731399e-06
9803,1.4564569028152619e-05,2.3459610929421615e-06,4.920957962895045e-06,1.4595300399378175e-06
9804,1.456337486160919e-05,2.345874690945493e-06,4.92041181132663e-06,1.4594176036553108e-06
9805,1.4562289834429976e-05,2.34566277867998e-06,4.920130322716432e-06,1.4592993693440803e-06
9806,1.4561212083208375e-05,2.345532948311302e-06,4.919736056763213e-06,1.4591885246773018e-06
9807,1.4560057024937123e-05,2.345451548535493e-06,4.9192180995305534e-06,1.45907733895001e-06
9808,1.4558867405867204e-05,2.3452896584785776e-06,4.91876471642172e-06,1.4589627426175866e-06
9809,1.455769051972311e-05,2.3450586468243273e-06,4.918431841360871e-06,1.4588399608328473e-06
9810,1.4556565474777017e-05,2.344986569369212e-06,4.917926162306685e-06,1.458730594094959e-06
9811,1.4555420420947485e-05,2.3448167212336557e-06,4.917541446047835e-06,1.458612587157404e-06
9812,1.4554265362676233e-05,2.3446586965292227e-06,4.9171471800946165e-06,1.4584919654225814e-06
9813,1.455322762922151e-05,2.344587528568809e-06,4.9167388169735204e-06,1.458380211261101e-06
9814,1.4551989806932397e-05,2.3443903955921996e-06,4.9162581490236335e-06,1.4582682297259453e-06
9815,1.4550910236721393e-05,2.344220774830319e-06,4.915953013551189e-06,1.4581472669306095e-06
9816,1.4549763363902457e-05,2.344132553844247e-06,4.9154409680340905e-06,1.458038013879559e-06
9817,1.4548583749274258e-05,2.3439677079295507e-06,4.915002591587836e-06,1.4579227354261093e-06
9818,1.4547544196830131e-05,2.3438126390828984e-06,4.9146919991471805e-06,1.4578080254068482e-06
9819,1.4546341844834387e-05,2.3437028175976593e-06,4.9141672207042575e-06,1.4576944522559643e-06
9820,1.454514767829096e-05,2.343541154914419e-06,4.913695192954037e-06,1.457582243347133e-06
9821,1.4544064470101148e-05,2.343333335375064e-06,4.913411430607084e-06,1.4574640090359026e-06
9822,1.4542900316882879e-05,2.3432364741893252e-06,4.912948497803882e-06,1.457342932553729e-06
9823,1.4541776181431487e-05,2.3431166482623667e-06,4.912490567221539e-06,1.4572337931895163e-06
9824,1.4540565643983427e-05,2.3429240627592662e-06,4.912043550575618e-06,1.4571196516044438e-06
9825,1.4539480616804212e-05,2.3428026452165795e-06,4.911679297947558e-06,1.4569997119906475e-06
9826,1.4538341929437593e-05,2.3427235191775253e-06,4.911196811008267e-06,1.45688431985036e-06
9827,1.4537190509145148e-05,2.3424893242918188e-06,4.910819370707031e-06,1.4567764310413622e-06
9828,1.4536005437548738e-05,2.34232061302464e-06,4.9104219215223566e-06,1.4566525123882457e-06
9829,1.4534913134411909e-05,2.342229890928138e-06,4.909973995381733e-06,1.4565417814083048e-06
9830,1.4533838111674413e-05,2.342078460060293e-06,4.909618837700691e-06,1.456428208257421e-06
9831,1.4532643035636283e-05,2.341910885661491e-06,4.909164999844506e-06,1.456313384551322e-06
9832,1.4531484339386225e-05,2.341775370950927e-06,4.90868478664197e-06,1.4562049273081357e-06
9833,1.4530298358295113e-05,2.3416355361405294e-06,4.90820775667089e-06,1.4560908994099009e-06
9834,1.452913784305565e-05,2.341486606383114e-06,4.907793027086882e-06,1.455971641917131e-06
9835,1.452801370760426e-05,2.341330173294409e-06,4.907416041532997e-06,1.4558535212927382e-06
9836,1.4526829545502551e-05,2.341210119993775e-06,4.906880349153653e-06,1.455747792533657e-06
9837,1.4525770893669687e-05,2.341086428714334e-06,4.906582034891471e-06,1.4556203495885711e-06
9838,1.4524617654387839e-05,2.3408779270539526e-06,4.906214144284604e-06,1.4555051848219591e-06
9839,1.4523469872074202e-05,2.3407649223372573e-06,4.905693458567839e-06,1.4554024119206588e-06
9840,1.4522318451781757e-05,2.3406628315569833e-06,4.905234163743444e-06,1.455284291296266e-06
9841,1.4521125194733031e-05,2.340455012017628e-06,4.904865363641875e-06,1.4551610547641758e-06
9842,1.451993921364192e-05,2.340347691642819e-06,4.904331035504583e-06,1.4550521427736385e-06
9843,1.4518868738377932e-05,2.3401792077493155e-06,4.903972694592085e-06,1.4549434581567766e-06
9844,1.4517712770611979e-05,2.340025503144716e-06,4.903584340354428e-06,1.4548206763720373e-06
9845,1.4516468581859954e-05,2.339895218028687e-06,4.903050466964487e-06,1.4547044884238858e-06
9846,1.4515395378111862e-05,2.3397794848278863e-06,4.9026598389900755e-06,1.454591256333515e-06
9847,1.4514227586914785e-05,2.3395634798362153e-06,4.902252840111032e-06,1.4544823443429777e-06
9848,1.4513103451463394e-05,2.3394702566292835e-06,4.901778083876707e-06,1.4543710449288483e-06
9849,1.451193202228751e-05,2.339319053135114e-06,4.9013742682291195e-06,1.4542476947099203e-06
9850,1.45108497235924e-05,2.33915557146247e-06,4.901031388726551e-06,1.4541324162564706e-06
9851,1.4509662833006587e-05,2.3390209662466077e-06,4.900526619167067e-06,1.4540230495185824e-06
9852,1.4508517779177055e-05,2.338894319109386e-06,4.900107796856901e-06,1.4539031099047861e-06
9853,1.4507339983538259e-05,2.3387242436001543e-06,4.899714895145735e-06,1.453780214433209e-06
9854,1.4506200386676937e-05,2.338629201403819e-06,4.899247869616374e-06,1.4536645949192462e-06
9855,1.4504958016914316e-05,2.338445483474061e-06,4.8987026275426615e-06,1.4535620493916213e-06
9856,1.4503923011943698e-05,2.338284048164496e-06,4.898412953480147e-06,1.4534451793224434e-06
9857,1.4502747944789007e-05,2.338166950721643e-06,4.897967301076278e-06,1.4533226249113795e-06
9858,1.4501593796012457e-05,2.3380491711577633e-06,4.8975171011989005e-06,1.4532055274685263e-06
9859,1.4500305042020045e-05,2.3377813249680912e-06,4.897070084552979e-06,1.4530908174492652e-06
9860,1.4499250028165989e-05,2.3377619982056785e-06,4.8966121539706364e-06,1.4529751979353023e-06
9861,1.449815772502916e-05,2.33760124501714e-06,4.8963074732455425e-06,1.4528498013532953e-06
9862,1.4496953554044012e-05,2.3373740987153724e-06,4.8958791012410074e-06,1.452740093554894e-06
9863,1.4495846698991954e-05,2.3373004296445288e-06,4.89536751047126e-06,1.4526358427247033e-06
9864,1.4494599781755824e-05,2.3371396764559904e-06,4.894895027973689e-06,1.452513060939964e-06
9865,1.4493516573566012e-05,2.3369580048893113e-06,4.8945771595754195e-06,1.4523963045576238e-06
9866,1.449229421268683e-05,2.336838406336028e-06,4.893974619335495e-06,1.452296146453591e-06
9867,1.4491141882899683e-05,2.3366940240521217e-06,4.893560344498837e-06,1.4521774573950097e-06
9868,1.4489956811303273e-05,2.3365082597592846e-06,4.893210189038655e-06,1.4520476270263316e-06
9869,1.4488889064523391e-05,2.3364477783616167e-06,4.892717697657645e-06,1.4519446267513558e-06
9870,1.4487748558167368e-05,2.3362231331702787e-06,4.8923820941126905e-06,1.451828552490042e-06
9871,1.4486578038486186e-05,2.336100578759215e-06,4.891935077466769e-06,1.451708499189408e-06
9872,1.4485402971331496e-05,2.33598257182166e-06,4.891427124675829e-06,1.451598677704169e-06
9873,1.4484241546597332e-05,2.335809313080972e-06,4.891043317911681e-06,1.4514778285956709e-06
9874,1.4483041923085693e-05,2.3356803922069957e-06,4.890529453405179e-06,1.4513664154947037e-06
9875,1.4481867765425704e-05,2.335474391657044e-06,4.890133368462557e-06,1.4512520465359557e-06
9876,1.4480728168564383e-05,2.335401859454578e-06,4.8896586122282315e-06,1.4511335848510498e-06
9877,1.447956765332492e-05,2.3352733933279524e-06,4.889248884865083e-06,1.4510090977637446e-06
9878,1.4478457160294056e-05,2.335052158741746e-06,4.888922376267146e-06,1.4508964341075625e-06
9879,1.4477270269708242e-05,2.3349589355348144e-06,4.888371677225223e-06,1.450787976864376e-06
9880,1.4476074284175411e-05,2.3348127342615044e-06,4.8879401219892316e-06,1.450664285584935e-06
9881,1.4474929230345879e-05,2.3345705812971573e-06,4.8876117944018915e-06,1.4505493481919984e-06
9882,1.4473782357526943e-05,2.3345025965682e-06,4.887074283033144e-06,1.4504410046356497e-06
9883,1.4472577277047094e-05,2.3343320663116174e-06,4.886647730018012e-06,1.450319587092963e-06
9884,1.4471464055532124e-05,2.3341269752563676e-06,4.886356236966094e-06,1.450196236874035e-06
9885,1.4470311725744978e-05,2.334113787583192e-06,4.885783255303977e-06,1.4500828910968266e-06
9886,1.4469125744653866e-05,2.3338720893661957e-06,4.885386715614004e-06,1.4499734106721007e-06
9887,1.4467992514255457e-05,2.3337120182986837e-06,4.8849965423869435e-06,1.4498567679765983e-06
9888,1.446682472305838e-05,2.3336888261837885e-06,4.884472673438722e-06,1.4497326219498063e-06
9889,1.4465619642578531e-05,2.333412567168125e-06,4.884122972725891e-06,1.4496168887490057e-06
9890,1.446448550268542e-05,2.333290922251763e-06,4.8836427595233545e-06,1.4495102504952229e-06
9891,1.4463339539361186e-05,2.333162228751462e-06,4.883189376414521e-06,1.4493975868390407e-06
9892,1.4462207218457479e-05,2.3330064777837833e-06,4.882826033281162e-06,1.4492749187411391e-06
9893,1.4460987586062402e-05,2.3328336737904465e-06,4.882349912804784e-06,1.4491607771560666e-06
9894,1.4459823432844132e-05,2.3327449980570236e-06,4.881846052740002e-06,1.4490465218841564e-06
9895,1.4458646546700038e-05,2.3325110305449925e-06,4.881496806774521e-06,1.448927832825575e-06
9896,1.4457482393481769e-05,2.332403028049157e-06,4.881022050540196e-06,1.448811417503748e-06
9897,1.4456316421274096e-05,2.3322520519286627e-06,4.880581855104538e-06,1.4486963664239738e-06
9898,1.4455150449066423e-05,2.332096300960984e-06,4.880147571384441e-06,1.4485814290310373e-06
9899,1.4453965377470013e-05,2.3319307729252614e-06,4.879714651906397e-06,1.4484639905276708e-06
9900,1.4452813957177568e-05,2.3318400508287596e-06,4.879251719103195e-06,1.4483445056612254e-06
9901,1.4451539755100384e-05,2.3316215447266586e-06,4.878781965089729e-06,1.4482272945315344e-06
9902,1.4450489288719837e-05,2.3314655663853046e-06,4.878470008407021e-06,1.4481107655228698e-06
9903,1.4449333320953883e-05,2.3313989458983997e-06,4.877963874605484e-06,1.4479941228273674e-06
9904,1.4448147339862771e-05,2.3311838504014304e-06,4.877567789662862e-06,1.4478790717475931e-06
9905,1.4446928616962396e-05,2.331004679945181e-06,4.8771221372589935e-06,1.4477603826890117e-06
9906,1.4445835404330865e-05,2.3309521566261537e-06,4.876655111729633e-06,1.4476456726697506e-06
9907,1.4444638509303331e-05,2.3307857190957293e-06,4.876221282756887e-06,1.447526301490143e-06
9908,1.4443474356085062e-05,2.3306115508603398e-06,4.875790182268247e-06,1.4474145473286626e-06
9909,1.4442266547121108e-05,2.3304785372602055e-06,4.875261765846517e-06,1.4473052942776121e-06
9910,1.4441196981351823e-05,2.3303527996176854e-06,4.87490933664958e-06,1.4471868325927062e-06
9911,1.4439947335631587e-05,2.3301872715819627e-06,4.874409114563605e-06,1.4470703035840415e-06
9912,1.4438772268476896e-05,2.3300374323298456e-06,4.873935267823981e-06,1.4469597999777761e-06
9913,1.4437683603318874e-05,2.3299076019611675e-06,4.8735573727753945e-06,1.4468437257164624e-06
9914,1.4436462151934393e-05,2.3297789084608667e-06,4.873077614320209e-06,1.4467210576185607e-06
9915,1.4435234334087e-05,2.3296172457776265e-06,4.872602403338533e-06,1.4466030506810057e-06
9916,1.4434033801080659e-05,2.329444669157965e-06,4.872177214565454e-06,1.4464823152593453e-06
9917,1.4432882380788215e-05,2.3292698188015493e-06,4.8717647587182e-06,1.4463696516031632e-06
9918,1.443177734472556e-05,2.3291761408472667e-06,4.871340934187174e-06,1.446252099412959e-06
9919,1.4430584997171536e-05,2.329015842406079e-06,4.8708857320889365e-06,1.4461367072726716e-06
9920,1.44293353514513e-05,2.3288303054869175e-06,4.870410066359909e-06,1.446018927708792e-06
9921,1.4428213034989312e-05,2.3286934265343007e-06,4.870017164648743e-06,1.4459004660238861e-06
9922,1.442705251974985e-05,2.328602704437799e-06,4.86955377709819e-06,1.4457792758548749e-06
9923,1.4425822882913053e-05,2.328385335204075e-06,4.869157237408217e-06,1.4456560393227846e-06
9924,1.4424642358790152e-05,2.328253003724967e-06,4.868641553912312e-06,1.4455495147558395e-06
9925,1.4423505490412936e-05,2.3281038465938764e-06,4.868260020884918e-06,1.4454283245868282e-06
9926,1.4422259482671507e-05,2.327930815226864e-06,4.8678057282813825e-06,1.4453046333073871e-06
9927,1.4421156265598256e-05,2.3278350909095025e-06,4.867326424573548e-06,1.445198904548306e-06
9928,1.4419953913602512e-05,2.3276786578207975e-06,4.86690169054782e-06,1.4450746448346763e-06
9929,1.4418804312299471e-05,2.3275144940271275e-06,4.866514700552216e-06,1.4449549325945554e-06
9930,1.4417665624932852e-05,2.327393758605467e-06,4.866029030381469e-06,1.444848521714448e-06
9931,1.4416420526686125e-05,2.327238235011464e-06,4.8655947466613725e-06,1.444717440790555e-06
9932,1.441526364942547e-05,2.3270461042557145e-06,4.865236860496225e-06,1.444596136934706e-06
9933,1.4414119505090639e-05,2.326955154785537e-06,4.864696620643372e-06,1.4444934777202434e-06
9934,1.4412893506232649e-05,2.3267705273610773e-06,4.864282800554065e-06,1.4443680811382364e-06
9935,1.4411682059289888e-05,2.326625235582469e-06,4.86385442854953e-06,1.444240410819475e-06
9936,1.4410574294743128e-05,2.3264879018825013e-06,4.863385584030766e-06,1.4441401390286046e-06
9937,1.4409366485779174e-05,2.3263417006091913e-06,4.8629553930368274e-06,1.4440138329518959e-06
9938,1.4408162314794026e-05,2.3261525257112226e-06,4.8625383897160646e-06,1.4438942343986128e-06
9939,1.4407029084395617e-05,2.326049752809922e-06,4.862032710661879e-06,1.4437893014473957e-06
9940,1.4405826732399873e-05,2.3258553483174182e-06,4.861624347540783e-06,1.4436694755204371e-06
9941,1.4404640751308762e-05,2.3257118755282136e-06,4.861200523009757e-06,1.4435456705541583e-06
9942,1.4403466593648773e-05,2.3255886389961233e-06,4.860674835072132e-06,1.4434406239161035e-06
9943,1.4402306987904012e-05,2.325432433281094e-06,4.8602678361930884e-06,1.4433213664233335e-06
9944,1.4401139196706936e-05,2.3252871415024856e-06,4.859849923377624e-06,1.4432004036279977e-06
9945,1.4399909559870139e-05,2.325164814465097e-06,4.8593142309982795e-06,1.4430861483560875e-06
9946,1.4398774510482326e-05,2.3249699552252423e-06,4.858952252106974e-06,1.4429705288421246e-06
9947,1.4397551240108442e-05,2.3248248908203095e-06,4.858519787376281e-06,1.4428412669076351e-06
9948,1.4396358892554417e-05,2.324685510757263e-06,4.858025022258516e-06,1.4427297401198302e-06
9949,1.4395260222954676e-05,2.3245524971571285e-06,4.857657131651649e-06,1.4426100278797094e-06
9950,1.4393996934813913e-05,2.3243442228704225e-06,4.8572478590358514e-06,1.4424809933188953e-06
9951,1.4392773664440028e-05,2.324270099052228e-06,4.856597570324084e-06,1.4423811762753758e-06
9952,1.4391625882126391e-05,2.32410434364283e-06,4.856226951233111e-06,1.442258962924825e-06
9953,1.4390495380212087e-05,2.323898570466554e-06,4.855961378780194e-06,1.442127086193068e-06
9954,1.438929666619515e-05,2.3238333142217016e-06,4.855327006225707e-06,1.4420272691495484e-06
9955,1.4388037016033195e-05,2.3235813841893105e-06,4.854940925724804e-06,1.4419027820622432e-06
9956,1.4386923794518225e-05,2.3234915715875104e-06,4.8545539357292e-06,1.4417755664908327e-06
9957,1.4385756003321148e-05,2.32335287364549e-06,4.8540714487899095e-06,1.44166642712662e-06
9958,1.4384497262653895e-05,2.3231857539940393e-06,4.853583050135057e-06,1.4415455780181219e-06
9959,1.4383389498107135e-05,2.323049784536124e-06,4.853212431044085e-06,1.4414252973438124e-06
9960,1.4382148947333917e-05,2.3228774352901382e-06,4.852695383306127e-06,1.4413151347980602e-06
9961,1.4380973880179226e-05,2.3227805741043994e-06,4.852231541008223e-06,1.4411924667001585e-06
9962,1.4379781532625202e-05,2.3225391032610787e-06,4.851862740906654e-06,1.4410759376914939e-06
9963,1.437866740161553e-05,2.322503860341385e-06,4.851315225096187e-06,1.4409696404982242e-06
9964,1.4377372281160206e-05,2.3222803520184243e-06,4.8508991312701255e-06,1.4408385595743312e-06
9965,1.4376169929164462e-05,2.3220773073262535e-06,4.850461664318573e-06,1.4407262369786622e-06
9966,1.4375036698766053e-05,2.322015916433884e-06,4.849935521633597e-06,1.4406170976144494e-06
9967,1.437385071767494e-05,2.3217894522531424e-06,4.849626748182345e-06,1.4404869261852582e-06
9968,1.4372715668287128e-05,2.3217182842927286e-06,4.8491328925592825e-06,1.4403728982870234e-06
9969,1.4371467841556296e-05,2.321579358977033e-06,4.848593562201131e-06,1.4402589840756264e-06
9970,1.4370287317433394e-05,2.32132651944994e-06,4.848285698244581e-06,1.440134951735672e-06
9971,1.4369024938787334e-05,2.321276269867667e-06,4.847662239626516e-06,1.4400172858586302e-06
9972,1.436785350961145e-05,2.3210955077956896e-06,4.847247055295156e-06,1.4399021210920182e-06
9973,1.436671482224483e-05,2.3209081518871244e-06,4.8468846216565e-06,1.4397843415281386e-06
9974,1.4365459719556384e-05,2.320795147170429e-06,4.84631527797319e-06,1.439669858882553e-06
9975,1.4364284652401693e-05,2.320596649951767e-06,4.845929652219638e-06,1.4395516245713225e-06
9976,1.4363084119395353e-05,2.320481144124642e-06,4.845434432354523e-06,1.4394338450074429e-06
9977,1.4361909961735364e-05,2.320339490324841e-06,4.844986960961251e-06,1.4393166338777519e-06
9978,1.4360755812958814e-05,2.3201496333058458e-06,4.844603154197102e-06,1.4392006733032758e-06
9979,1.4359566193888895e-05,2.320061412319774e-06,4.84408883494325e-06,1.4390832347999094e-06
9980,1.4358329281094484e-05,2.319888153579086e-06,4.84364272779203e-06,1.438959657207306e-06
9981,1.4357128748088144e-05,2.3196569145511603e-06,4.843257556785829e-06,1.438842900824966e-06
9982,1.4355881830852013e-05,2.319602344869054e-06,4.842658654524712e-06,1.4387242117663845e-06
9983,1.4354814993566833e-05,2.3194272671389626e-06,4.842438102059532e-06,1.4385899476110353e-06
9984,1.4353544429468457e-05,2.3192517346615205e-06,4.841881036554696e-06,1.438482286175713e-06
9985,1.4352372090797871e-05,2.319138047823799e-06,4.84143174617202e-06,1.4383603001988376e-06
9986,1.435112972103525e-05,2.3189859348349273e-06,4.840971541852923e-06,1.4382345625563175e-06
9987,1.4349967386806384e-05,2.3188295017462224e-06,4.840463134314632e-06,1.4381350865733111e-06
9988,1.4348824151966255e-05,2.318660108358017e-06,4.840137989958748e-06,1.4380051425177953e-06
9989,1.4347519027069211e-05,2.3185207282949705e-06,4.839555458602263e-06,1.437888499822293e-06
9990,1.4346393982123118e-05,2.318362476216862e-06,4.83914891447057e-06,1.4377765182871372e-06
9991,1.4345197996590286e-05,2.3182155928225257e-06,4.838733730139211e-06,1.4376496437762398e-06
9992,1.4343949260364752e-05,2.318077804375207e-06,4.838176209887024e-06,1.4375390264831367e-06
9993,1.4342834219860379e-05,2.317889084224589e-06,4.83783560412121e-06,1.4374219290402834e-06
9994,1.4341601854539476e-05,2.317802909601596e-06,4.837278538616374e-06,1.4373040357895661e-06
9995,1.4340441339300014e-05,2.3176144168246537e-06,4.83688654639991e-06,1.43718807521509e-06
9996,1.4339148037834093e-05,2.3174152374849655e-06,4.836434527533129e-06,1.4370597227753024e-06
9997,1.4337994798552245e-05,2.3173090539785335e-06,4.8359752327087335e-06,1.4369421705850982e-06
9998,1.4336800632008817e-05,2.3171517113951268e-06,4.835531854041619e-06,1.4368233678396791e-06
9999,1.433558645658195e-05,2.3169925498223165e-06,4.835097570321523e-06,1.4366993354997248e-06
