epoch,total,ic,bc,pde
0,0.5489391684532166,0.5168856978416443,0.026976238936185837,0.0010154431220144033
1,0.5134924054145813,0.4601510167121887,0.04660554975271225,0.0013471759157255292
2,0.5011909008026123,0.4117567539215088,0.08130280673503876,0.001626269076950848
3,0.5055946111679077,0.37623918056488037,0.12011606991291046,0.0018478694837540388
4,0.5132354497909546,0.3574140965938568,0.1458294540643692,0.0019983802922070026
5,0.515098512172699,0.3532525897026062,0.15181995928287506,0.0020051950123161077
6,0.5112255811691284,0.35918256640434265,0.14262770116329193,0.0018830675398930907
7,0.5051873922348022,0.37154802680015564,0.1251382827758789,0.0017002206295728683
8,0.5002285242080688,0.3875694274902344,0.10509930551052094,0.0015119564486667514
9,0.4980402886867523,0.404694139957428,0.0866120457649231,0.0013468194520100951
10,0.49853548407554626,0.42034122347831726,0.0721372440457344,0.0012114060809835792
11,0.5002647042274475,0.43215733766555786,0.0626116544008255,0.00109914131462574
12,0.5014732480049133,0.43857383728027344,0.057847775518894196,0.0010103327222168446
13,0.5011496543884277,0.43916699290275574,0.057206012308597565,0.0009553256677463651
14,0.4993392825126648,0.43455296754837036,0.0600949302315712,0.0009382784483022988
15,0.49681803584098816,0.42602092027664185,0.06603438407182693,0.0009525461937300861
16,0.4945399761199951,0.4151781499385834,0.07443439215421677,0.0009854849195107818
17,0.4931538701057434,0.4036976993083954,0.08434347063302994,0.0010225404985249043
18,0.49274998903274536,0.39312633872032166,0.09436307102441788,0.0010521181393414736
19,0.4928988814353943,0.38471168279647827,0.10284163057804108,0.001069114077836275
20,0.4929429888725281,0.37926775217056274,0.10831177234649658,0.0010726950131356716
21,0.4923824667930603,0.3771204948425293,0.10994898527860641,0.0010625969152897596
22,0.4911172688007355,0.37814244627952576,0.10778522491455078,0.0010379183804616332
23,0.4894232153892517,0.381833016872406,0.10260126739740372,0.0009977882727980614
24,0.4877418279647827,0.3873988091945648,0.09562172740697861,0.0009442593436688185
25,0.48642727732658386,0.3938286304473877,0.08817514777183533,0.0008846985292620957
26,0.48556849360466003,0.3999955356121063,0.08142631500959396,0.000829326338134706
27,0.4849669933319092,0.4048135280609131,0.07622450590133667,0.0007857925957068801
28,0.484279066324234,0.40743398666381836,0.07306528836488724,0.0007559588411822915
29,0.48322758078575134,0.40741226077079773,0.07212889939546585,0.0007372827385552227
30,0.48175251483917236,0.40477725863456726,0.07333879172801971,0.0007272944785654545
31,0.48001450300216675,0.39999014139175415,0.07639383524656296,0.0007261052378453314
32,0.4782659411430359,0.3938280940055847,0.0807669535279274,0.000734180212020874
33,0.47668465971946716,0.3872315585613251,0.08570779860019684,0.0007490566349588335
34,0.4752734303474426,0.3811393678188324,0.09030935168266296,0.0007649401668459177
35,0.47387662529945374,0.3763294816017151,0.09367136657238007,0.0007751517696306109
36,0.4722972810268402,0.37329232692718506,0.09512697160243988,0.0007755910628475249
37,0.4704322814941406,0.37216559052467346,0.09443418681621552,0.0007665029843337834
38,0.4683283269405365,0.372735857963562,0.09183690696954727,0.0007511149160563946
39,0.4661315381526947,0.37449023127555847,0.08797536790370941,0.000733188062440604
40,0.463975191116333,0.3767019808292389,0.08369481563568115,0.0007156819337978959
41,0.46188560128211975,0.37854960560798645,0.07983043789863586,0.0007011115667410195
42,0.4597720503807068,0.37927326560020447,0.07703447341918945,0.0006928645307198167
43,0.45750463008880615,0.3783462345600128,0.07568250596523285,0.0006951783434487879
44,0.45501577854156494,0.37560680508613586,0.07585420459508896,0.0007109527941793203
45,0.4523467421531677,0.37129613757133484,0.07735167443752289,0.0007397898007184267
46,0.4496040344238281,0.3659863770008087,0.07972677052021027,0.0007781765889376402
47,0.44686833024024963,0.3604300618171692,0.08233097195625305,0.0008214596309699118
48,0.44413578510284424,0.3553756773471832,0.08443154394626617,0.0008657083380967379
49,0.4413365423679352,0.3513942360877991,0.08540292084217072,0.0009078793227672577
50,0.4384099543094635,0.34875404834747314,0.08492961525917053,0.000945255917031318
51,0.43536177277565,0.3473680913448334,0.08311440795660019,0.0009758523083291948
52,0.43225279450416565,0.34682121872901917,0.08043311536312103,0.000999694922938943
53,0.4291340112686157,0.34647056460380554,0.07756594568490982,0.0010195036884397268
54,0.4259934723377228,0.3456098735332489,0.07518681138753891,0.0010393561096861959
55,0.4227682948112488,0.3436709940433502,0.0737861841917038,0.0010622252011671662
56,0.4194093346595764,0.34040337800979614,0.0735635831952095,0.001088476274162531
57,0.41592779755592346,0.33595746755599976,0.07439030706882477,0.0011160095455124974
58,0.41237494349479675,0.3308315873146057,0.07583628594875336,0.0011414099717512727
59,0.40878087282180786,0.3257020115852356,0.07727476209402084,0.0011608179192990065
60,0.40512511134147644,0.32119688391685486,0.07807613164186478,0.001170421252027154
61,0.40137073397636414,0.31768998503685,0.07784240692853928,0.0011676648864522576
62,0.39751651883125305,0.3151833117008209,0.07656777650117874,0.001153085962869227
63,0.39360159635543823,0.3133113980293274,0.07463526725769043,0.0011309876572340727
64,0.3896569609642029,0.3114655911922455,0.07265304028987885,0.0011076675727963448
65,0.3856699764728546,0.30901429057121277,0.07121250033378601,0.001088638324290514
66,0.38160768151283264,0.3055552542209625,0.07066791504621506,0.0010768984211608768
67,0.37746545672416687,0.3010910153388977,0.07101114094257355,0.0010726617183536291
68,0.3732718229293823,0.29602885246276855,0.07187424600124359,0.0010737442644312978
69,0.3690439462661743,0.29099583625793457,0.07266739010810852,0.001076145563274622
70,0.3647640347480774,0.28655537962913513,0.07283136248588562,0.0010754575487226248
71,0.3604089319705963,0.28295665979385376,0.07210685312747955,0.0010690867202356458
72,0.3559834659099579,0.2800280451774597,0.07066677510738373,0.0010577283101156354
73,0.3515024781227112,0.27725836634635925,0.06902149319648743,0.0010445223888382316
74,0.34695664048194885,0.27404069900512695,0.06775196641683578,0.0010327947093173862
75,0.3423220217227936,0.2699832022190094,0.06721703708171844,0.0010243590222671628
76,0.33759772777557373,0.2651238441467285,0.06737934052944183,0.00101890426594764
77,0.3328043222427368,0.25990763306617737,0.06782662868499756,0.0010140137746930122
78,0.3279469609260559,0.2549246847629547,0.06799119710922241,0.0010062140645459294
79,0.3230118155479431,0.25056883692741394,0.0674772635102272,0.0009931429522112012
80,0.31799644231796265,0.24681659042835236,0.06630409508943558,0.0009751525358296931
81,0.31290990114212036,0.24324850738048553,0.06488741934299469,0.0009547951049171388
82,0.3077447712421417,0.2393035888671875,0.06376664340496063,0.0009349024039693177
83,0.3024818003177643,0.23463673889636993,0.06326047331094742,0.0009169185650534928
84,0.2971203029155731,0.229350283741951,0.06326834112405777,0.0009003339218907058
85,0.29167085886001587,0.22391319274902344,0.06334050744771957,0.0008834321633912623
86,0.2861311733722687,0.21881766617298126,0.06298819184303284,0.0008650622912682593
87,0.2804977595806122,0.21422865986824036,0.062038324773311615,0.0008461562683805823
88,0.27477970719337463,0.20987530052661896,0.06075679883360863,0.0008295252919197083
89,0.2689797580242157,0.2052583545446396,0.059630684554576874,0.0008181465091183782
90,0.2630895674228668,0.2000422477722168,0.058979928493499756,0.0008134804666042328
91,0.2571130394935608,0.1943323314189911,0.05870652198791504,0.000814837752841413
92,0.25106123089790344,0.1885807365179062,0.05837935209274292,0.0008202259778045118
93,0.2449360340833664,0.18319213390350342,0.05760391056537628,0.0008279982139356434
94,0.23874397575855255,0.17818234860897064,0.05637286975979805,0.0008377529447898269
95,0.23249852657318115,0.1731829047203064,0.05506571754813194,0.0008499798132106662
96,0.22620534896850586,0.16779187321662903,0.054088108241558075,0.0008650723029859364
97,0.21987366676330566,0.16196945309638977,0.053492315113544464,0.0008823804091662169
98,0.2135210931301117,0.15608008205890656,0.05293995514512062,0.0009002132574096322
99,0.20715801417827606,0.15051697194576263,0.05205529183149338,0.0009171506389975548
100,0.2007959485054016,0.1453072875738144,0.05082343518733978,0.0009330466273240745
101,0.1944512277841568,0.1401083916425705,0.04959896206855774,0.0009487739880569279
102,0.1881350725889206,0.1346023976802826,0.04870515316724777,0.0009655029862187803
103,0.18186481297016144,0.1288725584745407,0.04807300865650177,0.0009838505648076534
104,0.17565955221652985,0.12330770492553711,0.04733315110206604,0.0010037398897111416
105,0.16953177750110626,0.11813485622406006,0.04627053439617157,0.0010252771899104118
106,0.1634969860315323,0.11316388100385666,0.045088738203048706,0.0010488710831850767
107,0.15756750106811523,0.1080598458647728,0.044133253395557404,0.0010748790809884667
108,0.15175765752792358,0.10280487686395645,0.04343444108963013,0.0011036695213988423
109,0.14608532190322876,0.09772761911153793,0.04268099367618561,0.0011353421723470092
110,0.14056256413459778,0.09303980320692062,0.04167213290929794,0.0011701268376782537
111,0.13520167768001556,0.08854856342077255,0.04061097279191017,0.0012084267800673842
112,0.13001079857349396,0.0839664563536644,0.03979220613837242,0.0012504293117672205
113,0.12500061094760895,0.07936324924230576,0.03915515914559364,0.0012964385095983744
114,0.12018172442913055,0.07505493611097336,0.03839461877942085,0.001346432720310986
115,0.11556079238653183,0.07109452039003372,0.03746356815099716,0.0014005406992509961
116,0.11114268004894257,0.0672171339392662,0.036635495722293854,0.001458009472116828
117,0.10692950338125229,0.06331616640090942,0.0360199511051178,0.0015186765231192112
118,0.10292614251375198,0.059639837592840195,0.03537892550230026,0.0015814763028174639
119,0.09913379698991776,0.05631163343787193,0.03458350524306297,0.0016477315220981836
120,0.09555318206548691,0.05313856154680252,0.03384588658809662,0.0017137466929852962
121,0.09218662977218628,0.04993234574794769,0.0333186537027359,0.00178712687920779
122,0.08906985074281693,0.04701966419816017,0.032766375690698624,0.0018567624501883984
123,0.08625709265470505,0.044233597815036774,0.03217413276433945,0.001969872508198023
124,0.08358720690011978,0.041897665709257126,0.031535618007183075,0.002030785661190748
125,0.08076886087656021,0.03924008458852768,0.031210239976644516,0.0020637079142034054
126,0.0784461572766304,0.03713429719209671,0.03061617724597454,0.002139136428013444
127,0.07636071741580963,0.03533123806118965,0.03000878542661667,0.0022041380871087313
128,0.07412169873714447,0.03311796113848686,0.029836438596248627,0.0022334600798785686
129,0.0723351538181305,0.031412672251462936,0.029385875910520554,0.0023073211777955294
130,0.07061697542667389,0.03011404350399971,0.02879728376865387,0.002341130282729864
131,0.06887869536876678,0.028394019231200218,0.028671469539403915,0.0023626419715583324
132,0.06751848757266998,0.027010787278413773,0.028381627053022385,0.002425214508548379
133,0.06609570980072021,0.026126030832529068,0.027836238965392113,0.0024266878608614206
134,0.0647817999124527,0.02487475983798504,0.027718722820281982,0.0024376632645726204
135,0.06370872259140015,0.023771459236741066,0.02756023406982422,0.002475406974554062
136,0.06254836916923523,0.02318592369556427,0.02709915116429329,0.0024526589550077915
137,0.06154771149158478,0.02231123298406601,0.02699221856892109,0.002448851941153407
138,0.060671642422676086,0.021469051018357277,0.02690809592604637,0.0024588985834270716
139,0.05973169952630997,0.02110528014600277,0.026526663452386856,0.002419951604679227
140,0.05893893912434578,0.020489497110247612,0.026458606123924255,0.0023981668055057526
141,0.058212876319885254,0.019870705902576447,0.026415500789880753,0.0023853343445807695
142,0.05744396895170212,0.019677622243762016,0.02609971910715103,0.0023333251010626554
143,0.05678702890872955,0.019237197935581207,0.026072699576616287,0.002295426093041897
144,0.05618375539779663,0.01881205476820469,0.026037275791168213,0.002266885479912162
145,0.05554793402552605,0.018725821748375893,0.025788361206650734,0.0022067504469305277
146,0.054984815418720245,0.018373919650912285,0.02581680938601494,0.002158818067982793
147,0.054483480751514435,0.01811458170413971,0.025758467614650726,0.0021220860071480274
148,0.05396175757050514,0.018081266433000565,0.025579003617167473,0.002060297876596451
149,0.05347052961587906,0.017778411507606506,0.025647995993494987,0.0020088243763893843
150,0.05304533988237381,0.017658358439803123,0.02555452659726143,0.0019664913415908813
151,0.052627746015787125,0.017614221200346947,0.025467172265052795,0.0019092699512839317
152,0.05220681428909302,0.017367301508784294,0.025534532964229584,0.0018609953112900257
153,0.051827702671289444,0.017351826652884483,0.025414234027266502,0.0018123284680768847
154,0.05148699879646301,0.0172465518116951,0.025424623861908913,0.0017631653463467956
155,0.05114712938666344,0.01708126626908779,0.025447042658925056,0.0017237638821825385
156,0.05080917477607727,0.017095107585191727,0.02535405568778515,0.0016720028361305594
157,0.050499241799116135,0.01693853735923767,0.025414688512682915,0.0016292027430608869
158,0.050216302275657654,0.016874704509973526,0.025374997407197952,0.0015933201648294926
159,0.04993877559900284,0.01683530956506729,0.02536240965127945,0.0015482112066820264
160,0.04965895414352417,0.016695139929652214,0.025398029014468193,0.001513156807050109
161,0.049388062208890915,0.016683336347341537,0.025347251445055008,0.0014714947901666164
162,0.049135301262140274,0.016577692702412605,0.025381699204444885,0.0014351819409057498
163,0.04889556020498276,0.01650087907910347,0.025369426235556602,0.0014050510944798589
164,0.0486583337187767,0.016456348821520805,0.025364108383655548,0.0013675747904926538
165,0.04841983690857887,0.016345327720046043,0.02537613734602928,0.0013396748108789325
166,0.04818335920572281,0.01629878394305706,0.0253622867166996,0.001304458361119032
167,0.047954291105270386,0.016214197501540184,0.025360219180583954,0.0012759745586663485
168,0.047734085470438004,0.016124168410897255,0.025367487221956253,0.0012484857579693198
169,0.04752057045698166,0.016078045591711998,0.02534160576760769,0.0012201835634186864
170,0.04731084406375885,0.015963077545166016,0.025355204939842224,0.0011985119199380279
171,0.047102801501750946,0.015913579612970352,0.025335190817713737,0.001170806703157723
172,0.04689645767211914,0.015820523723959923,0.025317803025245667,0.0011516261147335172
173,0.04669230431318283,0.01572578214108944,0.02533653751015663,0.0011259972816333175
174,0.046491507440805435,0.015689803287386894,0.02526158094406128,0.0011080243857577443
175,0.04629486799240112,0.015525028109550476,0.025341821834445,0.0010856036096811295
176,0.04610282555222511,0.015563622117042542,0.02519553154706955,0.001068734098225832
177,0.04591565206646919,0.015318688936531544,0.02534988336265087,0.0010494159068912268
178,0.04573346674442291,0.015447077341377735,0.02511756308376789,0.0010337646817788482
179,0.04555705189704895,0.01509737130254507,0.02537570893764496,0.0010167942382395267
180,0.04538724198937416,0.01535808201879263,0.025015652179718018,0.0010027013486251235
181,0.0452270582318306,0.01484137773513794,0.025448916479945183,0.0009873522212728858
182,0.04508041590452194,0.01533020194619894,0.02487119473516941,0.000975803763139993
183,0.04495569318532944,0.014524958096444607,0.025619743391871452,0.0009621981298550963
184,0.04486110433936119,0.015385945327579975,0.02469044178724289,0.0009569434332661331
185,0.04479895904660225,0.014188813976943493,0.025869598612189293,0.0009481097804382443
186,0.044737447053194046,0.015377434901893139,0.024586038663983345,0.0009547948720864952
187,0.0446031391620636,0.014092238619923592,0.0257938951253891,0.0009434014791622758
188,0.04433665797114372,0.014884330332279205,0.024785175919532776,0.0009334304486401379
189,0.04404372721910477,0.014501707628369331,0.02506447210907936,0.0008955087978392839
190,0.04389340803027153,0.014075820334255695,0.025431230664253235,0.0008772718720138073
191,0.043876759707927704,0.014954683370888233,0.024565458297729492,0.0008713239803910255
192,0.04381243512034416,0.013699687086045742,0.025782737880945206,0.0008660017629154027
193,0.04359494522213936,0.014685285277664661,0.02462959475815296,0.000856013095472008
194,0.04334854334592819,0.014027898199856281,0.02514064311981201,0.0008360007195733488
195,0.04323296248912811,0.01388681959360838,0.025217493996024132,0.0008257303270511329
196,0.043208394199609756,0.014497237280011177,0.024601664394140244,0.0008218981674872339
197,0.043124012649059296,0.013489392586052418,0.025573698803782463,0.0008121838909573853
198,0.042936354875564575,0.014302167110145092,0.02463296242058277,0.0008002454414963722
199,0.04275354743003845,0.013723540119826794,0.025086604058742523,0.0007886806852184236
200,0.042660195380449295,0.013667120598256588,0.02508390136063099,0.0007818350568413734
201,0.04260801896452904,0.014047137461602688,0.024663608521223068,0.000779454130679369
202,0.04250860586762428,0.013345382176339626,0.025321483612060547,0.0007683477597311139
203,0.0423535481095314,0.013886558823287487,0.024679986760020256,0.0007574005867354572
204,0.04221101850271225,0.013470292091369629,0.025003720074892044,0.0007474010344594717
205,0.04212237894535065,0.013440919108688831,0.024974679574370384,0.000741356227081269
206,0.04205804318189621,0.01363973505795002,0.02471831813454628,0.000739997427444905
207,0.041968245059251785,0.01319810189306736,0.02511409856379032,0.000731209060177207
208,0.04184196516871452,0.013501688838005066,0.02472423017024994,0.0007232089410535991
209,0.041712597012519836,0.013248941861093044,0.02490769699215889,0.0007111913873814046
210,0.041611190885305405,0.013167716562747955,0.02492455765604973,0.0007037833565846086
211,0.04153525084257126,0.01335773803293705,0.024683913215994835,0.0006987201049923897
212,0.04146023839712143,0.012929911725223064,0.0250653438270092,0.0006929966621100903
213,0.04136773943901062,0.013291883282363415,0.02463643252849579,0.0006878848653286695
214,0.04125995188951492,0.012890557758510113,0.024972673505544662,0.0006793442298658192
215,0.04115177318453789,0.013047493994235992,0.02474253810942173,0.0006723487749695778
216,0.041056133806705475,0.012966394424438477,0.024765580892562866,0.0006648317794315517
217,0.04097459092736244,0.0127712432295084,0.024908624589443207,0.0006589448894374073
218,0.040900349617004395,0.013025486841797829,0.024608949199318886,0.0006531826220452785
219,0.04082578420639038,0.012564784847199917,0.025023816153407097,0.0006474368856288493
220,0.040746767073869705,0.01300811767578125,0.024533260613679886,0.0006410775240510702
221,0.04066481441259384,0.012430141679942608,0.025058113038539886,0.0006353121134452522
222,0.04058554396033287,0.012942567467689514,0.024500247091054916,0.0006285457056947052
223,0.04051993787288666,0.012311245314776897,0.02507791295647621,0.0006261553498916328
224,0.040486227720975876,0.012911083176732063,0.02445836365222931,0.0006233564927242696
225,0.040518563240766525,0.012127690948545933,0.025214817374944687,0.0006352114723995328
226,0.04065314680337906,0.013008179143071175,0.024394940584897995,0.0006500050658360124
227,0.0408414825797081,0.011868772096931934,0.02556038461625576,0.0006824648007750511
228,0.040804293006658554,0.01309866365045309,0.024364784359931946,0.0006681691156700253
229,0.04036792740225792,0.011821462772786617,0.025438226759433746,0.0006216475740075111
230,0.03999347612261772,0.01265327911823988,0.024406254291534424,0.0005867885192856193
231,0.04005292430520058,0.012206155806779861,0.024791812524199486,0.0006109916139394045
232,0.04015205055475235,0.012047848664224148,0.02494470775127411,0.0006318989908322692
233,0.03992519527673721,0.01252320408821106,0.024434788152575493,0.0005934401415288448
234,0.039725132286548615,0.011804609559476376,0.025071797892451286,0.0005697450251318514
235,0.039811622351408005,0.012404217384755611,0.024442879483103752,0.0005929053295403719
236,0.0397934764623642,0.011883266270160675,0.024914510548114777,0.0005991397192701697
237,0.039518699049949646,0.012108365073800087,0.024578729644417763,0.0005663206684403121
238,0.03940791264176369,0.012009359896183014,0.024622060358524323,0.000555298465769738
239,0.03949667513370514,0.011838570237159729,0.02479683794081211,0.0005722536006942391
240,0.03942035138607025,0.012118403799831867,0.024479709565639496,0.0005644481861963868
241,0.03924219682812691,0.01164141483604908,0.02489880472421646,0.000540396140422672
242,0.039222534745931625,0.012090379372239113,0.02442540042102337,0.0005413512117229402
243,0.03921455889940262,0.011628670617938042,0.02483852580189705,0.0005494725774042308
244,0.039062924683094025,0.011857896111905575,0.024539325386285782,0.000533140089828521
245,0.03895669803023338,0.011759251356124878,0.024580862373113632,0.0005233168485574424
246,0.038970209658145905,0.01158162485808134,0.024738691747188568,0.000529978540726006
247,0.03892551362514496,0.011844918131828308,0.024453820660710335,0.0005253551644273102
248,0.038807306438684464,0.011446160264313221,0.024794403463602066,0.0005133487284183502
249,0.03875558823347092,0.011768466793000698,0.024432703852653503,0.0005108833429403603
250,0.0387410968542099,0.011418437585234642,0.024749789386987686,0.0005145745235495269
251,0.038657329976558685,0.011650734581053257,0.02446846105158329,0.0005076267989352345
252,0.038554709404706955,0.011390159837901592,0.02467574179172516,0.0004977610660716891
253,0.03851257264614105,0.011536809615790844,0.024493854492902756,0.0004963811952620745
254,0.03847939893603325,0.011379528790712357,0.024612704291939735,0.0004974325420334935
255,0.03840095177292824,0.011393594555556774,0.024554666131734848,0.0004905378445982933
256,0.03832489624619484,0.011399536393582821,0.024505194276571274,0.0004840326146222651
257,0.038289301097393036,0.011239828541874886,0.024632500484585762,0.000483394309412688
258,0.03825332224369049,0.011408849619328976,0.024436011910438538,0.00048169176443479955
259,0.03818758949637413,0.01112500112503767,0.024678032845258713,0.00047691090730950236
260,0.03812423720955849,0.011378088034689426,0.02438981644809246,0.00047126616118475795
261,0.03808893635869026,0.011026573367416859,0.024708636105060577,0.00047074558096937835
262,0.038060400635004044,0.011371462605893612,0.024342302232980728,0.00046932671102695167
263,0.03801954910159111,0.010880100540816784,0.024810075759887695,0.0004658744437620044
264,0.03798540681600571,0.011445398442447186,0.024241972714662552,0.00045960687566548586
265,0.03798520565032959,0.010667599737644196,0.025029946118593216,0.0004575320635922253
266,0.03801919147372246,0.011611727997660637,0.024140460416674614,0.0004534004256129265
267,0.03807007893919945,0.010423176921904087,0.02538367733359337,0.00045264497748576105
268,0.03811893239617348,0.011797021143138409,0.024088311940431595,0.00044671999057754874
269,0.03812674060463905,0.01026207860559225,0.025621971115469933,0.00044853813597001135
270,0.038033150136470795,0.011710891500115395,0.024092167615890503,0.0004460186464712024
271,0.03782094269990921,0.010391763411462307,0.02519601210951805,0.00044663288281299174
272,0.03758668527007103,0.011137458495795727,0.024250689893960953,0.0004397071897983551
273,0.03746362030506134,0.010853287763893604,0.024437204003334045,0.00043462557368911803
274,0.0374843031167984,0.010524495504796505,0.024795424193143845,0.00043287681182846427
275,0.03756103664636612,0.01126431580632925,0.024139463901519775,0.0004314508114475757
276,0.03757472336292267,0.01026599109172821,0.02514641545712948,0.00043246301356703043
277,0.037472888827323914,0.011207505129277706,0.024133069440722466,0.0004264634335413575
278,0.03731166943907738,0.010405211709439754,0.024791765958070755,0.00042293788283132017
279,0.03719554468989372,0.01073505450040102,0.024366162717342377,0.0004188656166661531
280,0.03717062622308731,0.010774388909339905,0.02430947683751583,0.000417351839132607
281,0.03719596564769745,0.010315720923244953,0.024794787168502808,0.0004170914471615106
282,0.03720007464289665,0.010988316498696804,0.02414568141102791,0.00041321536991745234
283,0.03714364767074585,0.01019892655313015,0.024887576699256897,0.00041142827831208706
284,0.037043213844299316,0.010818867944180965,0.024190735071897507,0.0004067217232659459
285,0.036948155611753464,0.010364903137087822,0.02455771714448929,0.00040510663529857993
286,0.036894358694553375,0.010443360544741154,0.024435361847281456,0.0004031273419968784
287,0.03687923029065132,0.010617862455546856,0.024257229641079903,0.0004008280811831355
288,0.036873959004879,0.010165832005441189,0.024710163474082947,0.00039959282730706036
289,0.03684971481561661,0.01071090716868639,0.024159478023648262,0.0003958657616749406
290,0.03679635003209114,0.010098169557750225,0.024725090712308884,0.0003946175565943122
291,0.03672466427087784,0.010562663897871971,0.024206027388572693,0.0003911944222636521
292,0.03665537387132645,0.010201702825725079,0.024505190551280975,0.00038969595334492624
293,0.0366036593914032,0.010298042558133602,0.024368567392230034,0.00038740981835871935
294,0.03657136484980583,0.010355516336858273,0.024289898574352264,0.00038518980727531016
295,0.03654969111084938,0.01007810514420271,0.02455277368426323,0.00038376246811822057
296,0.03652729466557503,0.010437270626425743,0.024185560643672943,0.00038089233567006886
297,0.036496251821517944,0.009965839795768261,0.024630997329950333,0.0003798828984145075
298,0.03645442798733711,0.010400022380053997,0.024170123040676117,0.0003768561000470072
299,0.03640461713075638,0.009950497187674046,0.024574920535087585,0.00037583999801427126
300,0.03635210916399956,0.01027294248342514,0.024214036762714386,0.0003730256576091051
301,0.03630167245864868,0.009991244412958622,0.024452025070786476,0.00037168062408454716
302,0.03625604510307312,0.010117107070982456,0.024292586371302605,0.00036927021574229
303,0.03621549531817436,0.010041702538728714,0.024336207658052444,0.00036751676816493273
304,0.03617893159389496,0.009977813810110092,0.024373693391680717,0.0003654850588645786
305,0.03614487498998642,0.010072663426399231,0.024255435913801193,0.00036335509503260255
306,0.036112066358327866,0.009867588989436626,0.02443636581301689,0.0003616222529672086
307,0.036079924553632736,0.010080547071993351,0.02420322224497795,0.00035923143150284886
308,0.03604847937822342,0.009776981547474861,0.024482563138008118,0.0003577869792934507
309,0.036018241196870804,0.01007866021245718,0.024163464084267616,0.0003552232519723475
310,0.0359903909265995,0.009689136408269405,0.024530544877052307,0.00035414184094406664
311,0.03596695512533188,0.010087084956467152,0.024122409522533417,0.0003514924319460988
312,0.03595123812556267,0.009585971012711525,0.02460913173854351,0.00035122729605063796
313,0.035948943346738815,0.010130831971764565,0.02407326176762581,0.00034896968281827867
314,0.035969872027635574,0.009450586512684822,0.024763034656643867,0.0003512499388307333
315,0.036029789596796036,0.010238493792712688,0.024031413719058037,0.00035197625402361155
316,0.036149702966213226,0.009281403385102749,0.0250525064766407,0.0003631587896961719
317,0.03634100779891014,0.010406178422272205,0.024057568982243538,0.00037545207305811346
318,0.03655948117375374,0.009140591137111187,0.025399530306458473,0.0004038722545374185
319,0.03663041070103645,0.010426498018205166,0.02412615343928337,0.00041555179632268846
320,0.03635160252451897,0.00920097716152668,0.025118187069892883,0.0004064881068188697
321,0.035830046981573105,0.009939889423549175,0.024096257984638214,0.00035877962363883853
322,0.035540103912353516,0.009616523049771786,0.024259863421320915,0.0003327437152620405
323,0.035686638206243515,0.009342491626739502,0.024605873972177505,0.00034765442251227796
324,0.03595095872879028,0.010053697042167187,0.02405855990946293,0.00036774022737517953
325,0.035928692668676376,0.00913547445088625,0.02496635541319847,0.0003653724561445415
326,0.03562667965888977,0.009936327114701271,0.024021198973059654,0.00033383077243342996
327,0.03543167561292648,0.009328923188149929,0.024471351876854897,0.00032628007465973496
328,0.03551001101732254,0.009493782185018063,0.024281200021505356,0.0003470054653007537
329,0.035608794540166855,0.00962322112172842,0.024188082665205002,0.00035949776065535843
330,0.03549559786915779,0.009271110408008099,0.024496380239725113,0.0003456213162280619
331,0.03530680015683174,0.00961046852171421,0.024097096174955368,0.00031984676024876535
332,0.03528883308172226,0.009304995648562908,0.024366602301597595,0.000323446758557111
333,0.035387951880693436,0.00945854652673006,0.024210534989833832,0.000343774096108973
334,0.03537517786026001,0.009342645294964314,0.024317793548107147,0.00034294789656996727
335,0.03522137179970741,0.009409966878592968,0.024190928786993027,0.0003240950172767043
336,0.035119134932756424,0.009259638376533985,0.024303633719682693,0.0003111730329692364
337,0.035149965435266495,0.009413366205990314,0.024151019752025604,0.00031711626797914505
338,0.03517991304397583,0.009228698909282684,0.024318888783454895,0.0003264649130869657
339,0.035106759518384933,0.009305755607783794,0.024210769683122635,0.00031804663012735546
340,0.035009175539016724,0.009308688342571259,0.024164536967873573,0.00030719031929038465
341,0.034991875290870667,0.009130994789302349,0.024331841617822647,0.0003058073634747416
342,0.03502098470926285,0.009389086626470089,0.024084176868200302,0.00030954391695559025
343,0.03500141575932503,0.009044351056218147,0.024403806775808334,0.00031065099756233394
344,0.03492612764239311,0.009341294877231121,0.024075493216514587,0.00030186737421900034
345,0.03486853465437889,0.00905800424516201,0.02431645430624485,0.00029881554655730724
346,0.03486189246177673,0.009229153394699097,0.024122847244143486,0.00030197814339771867
347,0.03486229106783867,0.009076746180653572,0.024263544008135796,0.0003044002805836499
348,0.03482493385672569,0.009172040037810802,0.024138979613780975,0.00030278274789452553
349,0.034764595329761505,0.00902228057384491,0.024263616651296616,0.0002957394171971828
350,0.03472451493144035,0.009177159518003464,0.024088159203529358,0.00029183959122747183
351,0.03471429646015167,0.008939297869801521,0.024310925975441933,0.00029281427850946784
352,0.034705474972724915,0.009183911606669426,0.02406025305390358,0.0002922624989878386
353,0.03467564284801483,0.008881660178303719,0.024336054921150208,0.0002915860677603632
354,0.03463426232337952,0.009157317690551281,0.02404186502099037,0.0002870156313292682
355,0.034605931490659714,0.008839684538543224,0.024335825815796852,0.000286084454273805
356,0.034600913524627686,0.009143073111772537,0.024022970348596573,0.0002869741292670369
357,0.03461126238107681,0.008760769851505756,0.02440757304430008,0.00028858441510237753
358,0.03462899476289749,0.009212339296936989,0.0239717960357666,0.00028897234005853534
359,0.0346640907227993,0.008601624518632889,0.024628331884741783,0.000286827445961535
360,0.03474297374486923,0.009414066560566425,0.023914452642202377,0.0002828912402037531
361,0.03489067032933235,0.0083817383274436,0.025103062391281128,0.00028117402689531446
362,0.0350959487259388,0.009732773527503014,0.023978304117918015,0.00027697437326423824
363,0.03527043014764786,0.008205602876842022,0.025673091411590576,0.00027834714273922145
364,0.03524557501077652,0.009833594784140587,0.024038586765527725,0.00027467921609058976
365,0.03492789342999458,0.008264551870524883,0.02528075873851776,0.0002765165700111538
366,0.03449463099241257,0.009214586578309536,0.02391033247113228,0.00027394224889576435
367,0.03427491709589958,0.008762340992689133,0.024151938036084175,0.0002721272758208215
368,0.03437206521630287,0.008481799624860287,0.02453533001244068,0.00027098748250864446
369,0.03458341583609581,0.009343083016574383,0.023902054876089096,0.0002676556177902967
370,0.03463897109031677,0.008252279832959175,0.025039607658982277,0.0002694164286367595
371,0.03445844352245331,0.00922107882797718,0.023895399644970894,0.0002683933707885444
372,0.03422284871339798,0.00851013045758009,0.024369968101382256,0.0002685501822270453
373,0.03414797782897949,0.008606857620179653,0.024204442277550697,0.00026733597042039037
374,0.03423652425408363,0.009004471823573112,0.023916443809866905,0.0002631216775625944
375,0.034317586570978165,0.008284017443656921,0.024718936532735825,0.00026292676921002567
376,0.0342634841799736,0.009069911204278469,0.02388952486217022,0.00026081001851707697
377,0.03411956876516342,0.008398513309657574,0.024411948397755623,0.00026182126021012664
378,0.03402454033493996,0.008641419000923634,0.024073248729109764,0.00026197434635832906
379,0.03403761237859726,0.008763078600168228,0.02397644892334938,0.00025961734354496
380,0.034088537096977234,0.008312316611409187,0.02447976917028427,0.0002592907112557441
381,0.034080445766448975,0.008906081318855286,0.023897510021924973,0.0002553705417085439
382,0.0339980348944664,0.00831762608140707,0.02440395951271057,0.00025528992409817874
383,0.033908870071172714,0.008646520785987377,0.02399120293557644,0.00025422972976230085
384,0.03387727960944176,0.00855741836130619,0.02405119314789772,0.00025373321841470897
385,0.03389787673950195,0.00834451150149107,0.024280590936541557,0.00025455496506765485
386,0.033915333449840546,0.008734730072319508,0.02392072230577469,0.0002519763947930187
387,0.03388777747750282,0.008258101530373096,0.02436840534210205,0.00025225404533557594
388,0.03382282704114914,0.008632133714854717,0.023945005610585213,0.0002491374034434557
389,0.033760879188776016,0.008374770171940327,0.024143606424331665,0.000248500524321571
390,0.033731866627931595,0.008389625698328018,0.024106735363602638,0.00024710092111490667
391,0.033731862902641296,0.00854044035077095,0.023962195962667465,0.000245845498284325
392,0.033734798431396484,0.00823402963578701,0.024270018562674522,0.0002461501571815461
393,0.03371897712349892,0.00857177097350359,0.0239255391061306,0.00024433364160358906
394,0.03368258476257324,0.008229459635913372,0.024228647351264954,0.0002448955492582172
395,0.033639878034591675,0.00844227522611618,0.023982886224985123,0.0002429433516226709
396,0.03360661119222641,0.008325163275003433,0.02406679466366768,0.00024293085152748972
397,0.0335882194340229,0.00827290304005146,0.024108581244945526,0.00024134732666425407
398,0.03357890993356705,0.008419416844844818,0.02395585924386978,0.00024072645464912057
399,0.033568527549505234,0.008166803978383541,0.024203956127166748,0.00023955348297022283
400,0.03354998305439949,0.008430271409451962,0.023926006630063057,0.0002387409913353622
401,0.033522941172122955,0.008145968429744244,0.024188373237848282,0.0002377200435148552
402,0.033492036163806915,0.008352935314178467,0.02395281009376049,0.00023725772916805
403,0.03346334397792816,0.008183988742530346,0.024098806083202362,0.0002361099177505821
404,0.03344130516052246,0.00823998637497425,0.02401896007359028,0.0002364717802265659
405,0.03342743217945099,0.008236582390964031,0.024014584720134735,0.00023525298456661403
406,0.03342141956090927,0.00814297329634428,0.02409261465072632,0.00023716581927146763
407,0.0334232933819294,0.008266201242804527,0.02397359162569046,0.00023669983784202486
408,0.033435359597206116,0.00808397214859724,0.024141306057572365,0.00024201662745326757
409,0.033463191241025925,0.008258290588855743,0.023981750011444092,0.0002446304715704173
410,0.03351571783423424,0.008065047673881054,0.024163540452718735,0.00025742597063072026
411,0.033598609268665314,0.008217678405344486,0.02404649183154106,0.00026688832440413535
412,0.03370329365134239,0.008082184009253979,0.0241756159812212,0.0002890987670980394
413,0.03378032520413399,0.00814886949956417,0.024147193878889084,0.00029685255140066147
414,0.03374871984124184,0.008118114434182644,0.024124760180711746,0.00030116894049569964
415,0.03356271609663963,0.008046403527259827,0.02415703795850277,0.0002718547766562551
416,0.03331618383526802,0.008143315091729164,0.023961495608091354,0.00024227413814514875
417,0.03317801281809807,0.007947705686092377,0.02411903254687786,0.00022225444263312966
418,0.03321537747979164,0.008165177889168262,0.0239157322794199,0.0002268932876177132
419,0.0333380401134491,0.007897312752902508,0.02420198917388916,0.0002477474045008421
420,0.03339895233511925,0.008172260597348213,0.023963389918208122,0.0002526605094317347
421,0.03332309052348137,0.007866141386330128,0.02421308495104313,0.0002487724705133587
422,0.033169981092214584,0.008130968548357487,0.023905839771032333,0.0002266346855321899
423,0.03307074308395386,0.007846097461879253,0.02413826249539852,0.00021727714920416474
424,0.03308288753032684,0.008082875981926918,0.02389209158718586,0.00022158394858706743
425,0.03314666077494621,0.007840621285140514,0.024151133373379707,0.0002309815026819706
426,0.03316507488489151,0.008053652010858059,0.02392011508345604,0.0002382617094554007
427,0.03310130909085274,0.007814834825694561,0.024146638810634613,0.00022796718985773623
428,0.03300637751817703,0.008032719604671001,0.023884069174528122,0.00021791784092783928
429,0.0329560786485672,0.00777018815279007,0.02412678301334381,0.00021182138880249113
430,0.03297143429517746,0.008031687699258327,0.023872800171375275,0.0002133890229742974
431,0.033010177314281464,0.00772143853828311,0.0241820327937603,0.00022134147002361715
432,0.03302090987563133,0.008054140023887157,0.0238694678992033,0.00021946059132460505
433,0.032993756234645844,0.0076520442962646484,0.024252386763691902,0.00021786514844279736
434,0.03296380490064621,0.008100791834294796,0.023819372057914734,0.00020872786990366876
435,0.03297584503889084,0.007559708785265684,0.02437976747751236,0.00020727331866510212
436,0.033046796917915344,0.00820287223905325,0.02379981242120266,0.0002088229957735166
437,0.03316188231110573,0.007447194308042526,0.024653004482388496,0.00021233627921901643
438,0.033290669322013855,0.008372754789888859,0.023849163204431534,0.00021375073993112892
439,0.03340344503521919,0.0073341610841453075,0.025017576292157173,0.00021034147357568145
440,0.033463217318058014,0.008515026420354843,0.023925580084323883,0.00020452210446819663
441,0.03342915326356888,0.0072850510478019714,0.025127680972218513,0.00020328490063548088
442,0.033272262662649155,0.008385100401937962,0.023878587409853935,0.00020171508367639035
443,0.033030811697244644,0.007392281200736761,0.024595504626631737,0.0002086048771161586
444,0.032804932445287704,0.007934375666081905,0.023835022002458572,0.00020710701937787235
445,0.03269025310873985,0.007702480535954237,0.02395023964345455,0.0002075068186968565
446,0.032707180827856064,0.007519449573010206,0.024181781336665154,0.00020119061809964478
447,0.03280119225382805,0.008030824363231659,0.0237833634018898,0.00019740079005714506
448,0.03288540989160538,0.007342629134654999,0.024548908695578575,0.00019877440354321152
449,0.03288853168487549,0.008089831098914146,0.023805677890777588,0.0001986043935175985
450,0.03279690071940422,0.007375913206487894,0.024402204900979996,0.00020375601889099926
451,0.03266039490699768,0.007836839184165001,0.023823531344532967,0.00020000511722173542
452,0.0325547531247139,0.0075727286748588085,0.02398614212870598,0.00019917619647458196
453,0.03252409026026726,0.0075270445086061954,0.024025507271289825,0.00019430728571023792
454,0.03255719318985939,0.007800356950610876,0.023795541375875473,0.00019225935102440417
455,0.03260640427470207,0.007361255586147308,0.024276800453662872,0.00019366997003089637
456,0.03262382000684738,0.007872087880969048,0.023786552250385284,0.00019303585577290505
457,0.03258929029107094,0.007351419422775507,0.024255288764834404,0.0001965166738955304
458,0.03251689299941063,0.0077405632473528385,0.02381017617881298,0.00019323069136589766
459,0.03244156762957573,0.0074564251117408276,0.024019133299589157,0.00019320205319672823
460,0.03239346295595169,0.007531112525612116,0.02391546592116356,0.00018937689310405403
461,0.032381538301706314,0.007600695826113224,0.02384040877223015,0.00018808699678629637
462,0.032394010573625565,0.007377283181995153,0.024077869951725006,0.00018777206423692405
463,0.03240976855158806,0.0076865339651703835,0.02378917671740055,0.0001868116232799366
464,0.03241141512989998,0.007315765600651503,0.024150725454092026,0.00018898445705417544
465,0.03239169344305992,0.007664435543119907,0.023791754618287086,0.00018710014410316944
466,0.03235474228858948,0.007330410182476044,0.024081476032733917,0.00018857154645957053
467,0.03231082484126091,0.007560634519904852,0.02382252924144268,0.00018553223344497383
468,0.03227107599377632,0.007391198072582483,0.02395227551460266,0.0001855204754974693
469,0.032242078334093094,0.0074369097128510475,0.02388969250023365,0.0001830951514421031
470,0.03222515806555748,0.007460275199264288,0.023852840065956116,0.0001824085775297135
471,0.032217223197221756,0.007337828166782856,0.0239713154733181,0.00018161606567446142
472,0.03221379593014717,0.0075064064003527164,0.023804284632205963,0.00018062037997879088
473,0.032210495322942734,0.00727479625493288,0.024029528722167015,0.00018123359768651426
474,0.03220449760556221,0.007517567370086908,0.02378782443702221,0.00017982131976168603
475,0.03219471499323845,0.0072413901798427105,0.024048032239079475,0.00018105859635397792
476,0.03218105435371399,0.007498750928789377,0.02378641627728939,0.0001791775575838983
477,0.032164450734853745,0.0072271148674190044,0.02403445541858673,0.00018057636043522507
478,0.03214604780077934,0.007462040986865759,0.023791898041963577,0.0001784220803529024
479,0.03212698549032211,0.007222052197903395,0.024005571380257607,0.00017987230967264622
480,0.03210817277431488,0.007419467903673649,0.02380075864493847,0.00017758876492734998
481,0.03209035471081734,0.007218679878860712,0.023976102471351624,0.0001791149115888402
482,0.03207407146692276,0.007379584014415741,0.023810196667909622,0.00017685836064629257
483,0.03205987811088562,0.007211723364889622,0.02395438961684704,0.00017875283083412796
484,0.03204827755689621,0.0073470245115458965,0.023817742243409157,0.00017670185479801148
485,0.03204012289643288,0.007198214530944824,0.023944493383169174,0.00017948274035006762
486,0.03203646093606949,0.007324323058128357,0.02382303588092327,0.00017782076611183584
487,0.03203907981514931,0.007177031133323908,0.023950450122356415,0.00018231988360639662
488,0.032050296664237976,0.007313830312341452,0.023828629404306412,0.00018156725855078548
489,0.032073013484478,0.007147461175918579,0.02397909387946129,0.00018929174984805286
490,0.03210962563753128,0.007318870630115271,0.023839058354496956,0.0001903390366351232
491,0.03216109424829483,0.007108083460479975,0.02403998374938965,0.00020260585006326437
492,0.03222142904996872,0.0073436531238257885,0.02385536953806877,0.00020448090799618512
493,0.032276660203933716,0.007055414374917746,0.02413434349000454,0.00021738020586781204
494,0.03230096772313118,0.0073887198232114315,0.023853875696659088,0.00021167467639315873
495,0.03227539360523224,0.006981844548135996,0.024234453216195107,0.0002118192205671221
496,0.03220456466078758,0.007453092373907566,0.02379763498902321,0.00019076767785008997
497,0.03213787451386452,0.006887327414005995,0.024356529116630554,0.00017880315135698766
498,0.032144058495759964,0.007563839200884104,0.02375759184360504,0.000164525379659608
499,0.03227644041180611,0.00678832596167922,0.02465665340423584,0.00016629249148536474
500,0.03253607451915741,0.00776270404458046,0.023879118263721466,0.0001788507797755301
501,0.03285021334886551,0.006710875313729048,0.02517719753086567,0.0001924282405525446
502,0.03303736820816994,0.007938078604638577,0.02407582849264145,0.0002046917797997594
503,0.03289666026830673,0.006691737566143274,0.025237778201699257,0.00019342885934747756
504,0.03240868076682091,0.007677510380744934,0.023849111050367355,0.00017641168960835785
505,0.031895220279693604,0.006833694875240326,0.02425498142838478,0.0001613091299077496
506,0.03171340748667717,0.007090594619512558,0.023808090016245842,0.00016294437227770686
507,0.03189238905906677,0.0072599658742547035,0.023739151656627655,0.0001786545617505908
508,0.03215118870139122,0.006775727961212397,0.02446131408214569,0.00018282918608747423
509,0.03219818323850632,0.007515209261327982,0.023786360397934914,0.0001793231349438429
510,0.03199395164847374,0.006741079967468977,0.02443874068558216,0.00016282586148008704
511,0.03175169229507446,0.007262565195560455,0.023705238476395607,0.00015677756164222956
512,0.0316847488284111,0.00694782380014658,0.023897835984826088,0.00016781741578597575
513,0.03177928179502487,0.0069179474376142025,0.023979345336556435,0.00017639738507568836
514,0.03185770660638809,0.007210572250187397,0.023739855736494064,0.00018145600915886462
515,0.03180183470249176,0.0067830472253263,0.024187657982110977,0.00016622600378468633
516,0.03167020529508591,0.007192067801952362,0.02369755692780018,0.0001561159297125414
517,0.0315992496907711,0.006841439288109541,0.023971471935510635,0.00015726775745861232
518,0.031631678342819214,0.0069971769116818905,0.023810086771845818,0.0001648824691073969
519,0.03168494626879692,0.006990052759647369,0.023808980360627174,0.000177182795596309
520,0.031663283705711365,0.006862841546535492,0.023951906710863113,0.0001697072439128533
521,0.03156910464167595,0.007028150837868452,0.023733695968985558,0.00016145165136549622
522,0.03148982673883438,0.006840649526566267,0.023889832198619843,0.00015186856035143137
523,0.031488049775362015,0.006957751698791981,0.023763565346598625,0.0001533465983811766
524,0.031536608934402466,0.00688643753528595,0.023828715085983276,0.00016429096285719424
525,0.03156088665127754,0.006895401515066624,0.023841116577386856,0.00016487363609485328
526,0.031521089375019073,0.0068941861391067505,0.023803919553756714,0.00016459674225188792
527,0.03144637122750282,0.006877206265926361,0.023802781477570534,0.0001532767782919109
528,0.03139562904834747,0.006847921293228865,0.023800894618034363,0.00014936260413378477
529,0.03139409422874451,0.006885554641485214,0.02375658228993416,0.0001503915700595826
530,0.03141674026846886,0.006818446796387434,0.0238355603069067,0.0001525466504972428
531,0.03142326697707176,0.0068664527498185635,0.023769989609718323,0.00015736512432340533
532,0.03139782324433327,0.006829665508121252,0.0238046832382679,0.0001526947453385219
533,0.03135744109749794,0.006800106260925531,0.023803550750017166,0.00015075720148161054
534,0.031328752636909485,0.006865392904728651,0.023733511567115784,0.00014596940309274942
535,0.031322166323661804,0.006735173519700766,0.023859364911913872,0.0001455253950553015
536,0.03132607042789459,0.0068861641921103,0.023704711347818375,0.00014703895431011915
537,0.03132231533527374,0.006708413362503052,0.02388187125325203,0.00014640597510151565
538,0.03130245953798294,0.006857495289295912,0.023709844797849655,0.00014702414046041667
539,0.03127274289727211,0.00671946257352829,0.023832421749830246,0.00014417165948543698
540,0.031245706602931023,0.006791430991142988,0.023737655952572823,0.00014332382124848664
541,0.031229745596647263,0.006750190164893866,0.02376626431941986,0.00014265796926338226
542,0.031223826110363007,0.006727395113557577,0.023785030469298363,0.00014228005602490157
543,0.031220652163028717,0.006772920023649931,0.023729413747787476,0.00014366373943630606
544,0.031213223934173584,0.006686776410788298,0.023815175518393517,0.0001422541681677103
545,0.0311988964676857,0.006768977735191584,0.023716649040579796,0.00014265392383094877
546,0.03118012845516205,0.006668783258646727,0.023809270933270454,0.0001404145878041163
547,0.031161513179540634,0.00674396101385355,0.023718304932117462,0.0001398495805915445
548,0.03114665113389492,0.006662034895271063,0.023788727819919586,0.00013917751493863761
549,0.031136738136410713,0.006716770585626364,0.023726999759674072,0.00013859363389201462
550,0.03113061934709549,0.006651298608630896,0.023779969662427902,0.0001398700987920165
551,0.031126411631703377,0.006703657563775778,0.023728448897600174,0.00013886080705560744
552,0.031123068183660507,0.006623384542763233,0.023794976994395256,0.00014094097423367202
553,0.03112132102251053,0.006714727263897657,0.02371133677661419,0.00013905117521062493
554,0.031124450266361237,0.006571122910827398,0.023847073316574097,0.00014125052257440984
555,0.03113844431936741,0.006762038450688124,0.023682739585638046,0.0001387330994475633
556,0.031173817813396454,0.00649174302816391,0.023974522948265076,0.00014151025970932096
557,0.0312476959079504,0.00687167514115572,0.02368057332932949,0.00013908938854001462
558,0.031388070434331894,0.006387644913047552,0.024279344826936722,0.00014421623200178146
559,0.03163479268550873,0.00709889829158783,0.023820340633392334,0.0001431109121767804
560,0.03203168883919716,0.0062884436920285225,0.02497166022658348,0.00015431742940563709
561,0.032567448914051056,0.007483568042516708,0.024301499128341675,0.00015647643886040896
562,0.033079974353313446,0.006258001085370779,0.025946518406271935,0.00017509110330138355
563,0.03316305950284004,0.007667706813663244,0.02463334985077381,0.00017240068700630218
564,0.03252555802464485,0.006251906510442495,0.025393979623913765,0.0001759345323080197
565,0.031510110944509506,0.006970069836825132,0.02378552407026291,0.00015090365195646882
566,0.03097074292600155,0.006554942112416029,0.02372950315475464,0.00013725945609621704
567,0.031240146607160568,0.006314742844551802,0.024267174303531647,0.00013164572010282427
568,0.031800806522369385,0.007177539169788361,0.023941101506352425,0.0001364333147648722
569,0.03192966803908348,0.00622765114530921,0.024944916367530823,0.00015142025949899107
570,0.03147071972489357,0.0069534191861748695,0.02378767356276512,0.00014592547086067498
571,0.030993279069662094,0.00644530076533556,0.023839186877012253,0.00014175832620821893
572,0.03100348636507988,0.006355454213917255,0.023996982723474503,0.0001302102318732068
573,0.03132312744855881,0.006947536952793598,0.023737356066703796,0.00012764688290189952
574,0.031433407217264175,0.006226944271475077,0.024539589881896973,0.00013337463315110654
575,0.031175103038549423,0.006814468186348677,0.02369505725800991,0.00013311541988514364
576,0.03090192750096321,0.006426361855119467,0.02379699982702732,0.00013571311137638986
577,0.030927054584026337,0.00634666858240962,0.02393210120499134,0.00012965701171196997
578,0.03111669234931469,0.006812364794313908,0.02366860955953598,0.0001271436340175569
579,0.031147414818406105,0.006232523825019598,0.024281810969114304,0.00012661598157137632
580,0.030961252748966217,0.006691682618111372,0.023640185594558716,0.0001258767006220296
581,0.030803300440311432,0.006411218084394932,0.023750651627779007,0.000128286425024271
582,0.03084423579275608,0.00633167615160346,0.023879582062363625,0.00012659525964409113
583,0.030967939645051956,0.006700208876281977,0.023634620010852814,0.00012662239896599203
584,0.03097221627831459,0.006238198839128017,0.024109337478876114,0.00012493591930251569
585,0.030840693041682243,0.006599958520382643,0.02362007275223732,0.00012413236254360527
586,0.030733924359083176,0.0063830092549324036,0.023732267320156097,0.00012372955097816885
587,0.030754802748560905,0.006323281209915876,0.023814432322978973,0.0001234175724675879
588,0.030831806361675262,0.006595991086214781,0.023616785183548927,0.00012380594853311777
589,0.030841199681162834,0.006240054965019226,0.0239845160394907,0.00012332589540164918
590,0.030764903873205185,0.0065317945554852486,0.023614894598722458,0.0001236430834978819
591,0.030690722167491913,0.006343574728816748,0.02373567968606949,0.00012229355343151838
592,0.030685758218169212,0.006321649998426437,0.02375189960002899,0.00012244167737662792
593,0.03072264976799488,0.00650072330608964,0.02361695095896721,0.00012099533341825008
594,0.030732523649930954,0.006237788125872612,0.02388940192759037,0.00012106657959520817
595,0.030692705884575844,0.006475883070379496,0.023613594472408295,0.00012064581096637994
596,0.030642608180642128,0.006298742722719908,0.023742739111185074,0.0001202250350615941
597,0.03062591701745987,0.006321664433926344,0.023699946701526642,0.00012086115020792931
598,0.03064108081161976,0.006414592266082764,0.023628924041986465,0.00011951289343414828
599,0.03065246343612671,0.006233978550881147,0.023817207664251328,0.00012025532487314194
600,0.030635152012109756,0.006425026338547468,0.023617496713995934,0.00011852580064442009
601,0.030598971992731094,0.006254937499761581,0.02375005930662155,0.00011879503290401772
602,0.03057088516652584,0.0063204034231603146,0.023661954328417778,0.00011770542187150568
603,0.030564745888113976,0.006335095502436161,0.023642616346478462,0.00011740664194803685
604,0.030570633709430695,0.006229930557310581,0.023754460737109184,0.00011724844807758927
605,0.030569905415177345,0.0063722096383571625,0.0236152783036232,0.00011648355575744063
606,0.030554313212633133,0.00621480168774724,0.023755304515361786,0.0001168416638392955
607,0.03053128905594349,0.00631815055385232,0.023633889853954315,0.00011584968160605058
608,0.030513448640704155,0.0062588113360106945,0.023673519492149353,0.00011622349120443687
609,0.030506273731589317,0.006235141772776842,0.023694857954978943,0.00011525485751917586
610,0.030505074188113213,0.006306068506091833,0.02362154610455036,0.00011549180635483935
611,0.03050120361149311,0.006189039908349514,0.023739125579595566,0.00011460747919045389
612,0.030490050092339516,0.006301801186054945,0.02361411228775978,0.00011482727859402075
613,0.030473768711090088,0.006191996391862631,0.02371225506067276,0.00011390327563276514
614,0.0304579995572567,0.006249424070119858,0.02363726496696472,0.00011426200217101723
615,0.030446898192167282,0.006222577299922705,0.023658350110054016,0.00011319405166432261
616,0.030440574511885643,0.006192709784954786,0.023678842931985855,0.00011380434443708509
617,0.03043605014681816,0.006244997959583998,0.02362813614308834,0.00011258316226303577
618,0.030430100858211517,0.006161998957395554,0.023700404912233353,0.00011353938316460699
619,0.030421728268265724,0.00623513525351882,0.023625526577234268,0.0001122131579904817
620,0.030412308871746063,0.006160800810903311,0.02368299476802349,0.00011370248830644414
621,0.030404677614569664,0.006198287941515446,0.02364443987607956,0.00011239012383157387
622,0.03040178306400776,0.006177133414894342,0.023649724200367928,0.00011498534877318889
623,0.030406175181269646,0.006156284362077713,0.023679539561271667,0.00011407008423702791
624,0.030420681461691856,0.0061945077031850815,0.02362944930791855,0.00011934483336517587
625,0.030449949204921722,0.0061265770345926285,0.023722609505057335,0.00012015240645268932
626,0.03050232119858265,0.006203030701726675,0.023639364168047905,0.0001319852308370173
627,0.030590958893299103,0.006117156241089106,0.023782189935445786,0.0001383226626785472
628,0.03073071502149105,0.006206762511283159,0.023702826350927353,0.00016422540647909045
629,0.030925504863262177,0.00613133329898119,0.02389015071094036,0.00018080415611620992
630,0.031138718128204346,0.006211657542735338,0.02382785454392433,0.00021984128397889435
631,0.03125930204987526,0.006152970250695944,0.023985035717487335,0.00022425880888476968
632,0.031143417581915855,0.006181422155350447,0.02384459599852562,0.00022347990307025611
633,0.03077731840312481,0.006132456008344889,0.023808617144823074,0.00016724917804822326
634,0.030393073335289955,0.00610017217695713,0.023665200918912888,0.0001255400275113061
635,0.030263399705290794,0.006115596275776625,0.02361137792468071,0.00010728487541200593
636,0.03041577711701393,0.006072645075619221,0.023719048127532005,0.0001248165499418974
637,0.03063386306166649,0.0061383373104035854,0.023693464696407318,0.00016041207709349692
638,0.030677305534482002,0.006077046971768141,0.02380983531475067,0.00015808464377187192
639,0.030496537685394287,0.006111662834882736,0.023669183254241943,0.0001431381533620879
640,0.03027423471212387,0.006059076637029648,0.023660950362682343,0.00011084147990914062
641,0.030215386301279068,0.00606188690289855,0.023627106100320816,0.00010527839185670018
642,0.03032342530786991,0.006072665099054575,0.023638250306248665,0.0001225020969286561
643,0.030432723462581635,0.0060493904165923595,0.02372509054839611,0.000131648252136074
644,0.030406951904296875,0.006076057907193899,0.023653244599699974,0.00013552991731557995
645,0.030273931100964546,0.006028293166309595,0.023673897609114647,0.0001143482222687453
646,0.030172938480973244,0.006045571994036436,0.023603910580277443,0.00010469113476574421
647,0.030185453593730927,0.006021291017532349,0.02362583391368389,0.00010766583727672696
648,0.030258912593126297,0.006032209377735853,0.02365337684750557,0.00011466533760540187
649,0.03028850629925728,0.006022196263074875,0.023647038266062737,0.00012385431909933686
650,0.030234869569540024,0.006020355504006147,0.023649293929338455,0.00011304380313958973
651,0.030153170228004456,0.006000392604619265,0.023620005697011948,0.00010655464575393125
652,0.03011806681752205,0.006008864846080542,0.023599401116371155,0.00010196026414632797
653,0.030142422765493393,0.005983579903841019,0.02363647148013115,0.00010447432578075677
654,0.030177362263202667,0.00600676704198122,0.023607945069670677,0.00011252974218223244
655,0.030173689126968384,0.0059747351333498955,0.02365293726325035,0.00010920328350039199
656,0.030130021274089813,0.005990841891616583,0.023600436747074127,0.00010774853581096977
657,0.030084718018770218,0.0059640491381287575,0.023616546764969826,0.0001008241597446613
658,0.030070362612605095,0.00597062474116683,0.0235995352268219,0.00010004045907407999
659,0.03008408471941948,0.0059595005586743355,0.02360532246530056,0.00010385197674622759
660,0.030097970739006996,0.0059588090516626835,0.023619480431079865,0.00010393639240646735
661,0.030089957639575005,0.005950338672846556,0.023607319220900536,0.00010646002920111641
662,0.030062207952141762,0.005949224811047316,0.023607103154063225,0.00010117587953573093
663,0.03003387711942196,0.0059317308478057384,0.02360273338854313,9.988246893044561e-05
664,0.030020976439118385,0.005943582393229008,0.02358435094356537,9.860895079327747e-05
665,0.03002338856458664,0.005913482513278723,0.023615946993231773,9.8791642813012e-05
666,0.03002885915338993,0.005942515563219786,0.023577764630317688,0.00010171566100325435
667,0.03002566285431385,0.0058958628214895725,0.023630332201719284,9.989373938878998e-05
668,0.030011847615242004,0.005940719973295927,0.02356785163283348,0.00010065501555800438
669,0.02999470941722393,0.005873865447938442,0.02363336831331253,9.74951108219102e-05
670,0.02998393215239048,0.005944066680967808,0.023554950952529907,9.698313806438819e-05
671,0.029985079541802406,0.005844882223755121,0.023654917255043983,9.705628326628357e-05
672,0.02999899350106716,0.005967376288026571,0.023548314347863197,9.66603183769621e-05
673,0.030026597902178764,0.005801205988973379,0.023731252178549767,9.882796439342201e-05
674,0.03007640317082405,0.006034558173269033,0.023557055741548538,9.69579050433822e-05
675,0.0301725622266531,0.005736998748034239,0.02394399233162403,9.831417264649644e-05
676,0.030362902209162712,0.006205550394952297,0.023679658770561218,9.553832205710933e-05
677,0.030728178098797798,0.005680157337337732,0.024566834792494774,9.623733785701916e-05
678,0.03136451914906502,0.006613222416490316,0.024279844015836716,9.429017518414184e-05
679,0.032298021018505096,0.0057420264929533005,0.026080043986439705,9.519047307549044e-05
680,0.0331864133477211,0.007208427879959345,0.025509126484394073,9.377163951285183e-05
681,0.03321791812777519,0.0058138929307460785,0.026929425075650215,9.491989476373419e-05
682,0.03184722363948822,0.006772320251911879,0.024608545005321503,9.32717157411389e-05
683,0.030235713347792625,0.005679056514054537,0.024076830595731735,9.596522431820631e-05
684,0.030016493052244186,0.005719128530472517,0.02382069267332554,9.533442789688706e-05
685,0.031013507395982742,0.006468276027590036,0.024061191827058792,9.680799121269956e-05
686,0.031587764620780945,0.005659114103764296,0.025459028780460358,9.392399078933522e-05
687,0.030867761000990868,0.0064110117964446545,0.023996343836188316,9.20809106901288e-05
688,0.02996097505092621,0.00571645749732852,0.023763425648212433,9.621839853934944e-05
689,0.030114348977804184,0.0056722210720181465,0.02395060658454895,9.830446651903912e-05
690,0.030777890235185623,0.00635248888283968,0.023917188867926598,0.00010164250124944374
691,0.03072221949696541,0.005615719128400087,0.02463311329483986,9.467737982049584e-05
692,0.030048443004488945,0.0060239010490477085,0.023567579686641693,9.139250323642045e-05
693,0.029859011992812157,0.005859601777046919,0.023526562377810478,9.456941916141659e-05
694,0.03029433637857437,0.0056251101195812225,0.0241831224411726,9.722063259687275e-05
695,0.030460773035883904,0.0062034945003688335,0.02375614084303379,0.00010022736387327313
696,0.0300633255392313,0.005641484633088112,0.023955266922712326,9.331495675724e-05
697,0.02978934533894062,0.005767476744949818,0.023567579686641693,9.085780766326934e-05
698,0.030006015673279762,0.005987351760268211,0.023558951914310455,9.1942296421621e-05
699,0.030208609998226166,0.0056107840500772,0.024133430793881416,9.287882858188823e-05
700,0.030016187578439713,0.005981591995805502,0.023561932146549225,9.453240636503324e-05
701,0.02978002466261387,0.005728326737880707,0.023598190397024155,9.070140367839485e-05
702,0.029859481379389763,0.005655732937157154,0.023752914741635323,9.016662079375237e-05
703,0.030022911727428436,0.005991690792143345,0.023581646382808685,8.991514914669096e-05
704,0.029945481568574905,0.0056220307014882565,0.023874852806329727,8.971952047431841e-05
705,0.029763121157884598,0.0058001684956252575,0.02351370081305504,8.985039312392473e-05
706,0.029764285311102867,0.005806175526231527,0.023512862622737885,8.904944115784019e-05
707,0.02988554537296295,0.005620231386274099,0.023819932714104652,8.907603478292003e-05
708,0.02988213114440441,0.005901945289224386,0.023536521941423416,8.873253682395443e-05
709,0.029758457094430923,0.005655744578689337,0.023658374324440956,8.88675422174856e-05
710,0.029711734503507614,0.005697323940694332,0.023572279140353203,8.842665556585416e-05
711,0.02977847121655941,0.005824507679790258,0.023507462814450264,8.929997420636937e-05
712,0.029809003695845604,0.00561423460021615,0.023754004389047623,8.815301407594234e-05
713,0.029741380363702774,0.005796839017421007,0.023505043238401413,8.789986168267205e-05
714,0.029681792482733727,0.005689192097634077,0.02355373278260231,8.777341281529516e-05
715,0.029704689979553223,0.005644917953759432,0.02362239919602871,8.747457468416542e-05
716,0.0297433752566576,0.005796563811600208,0.023503536358475685,8.865478594088927e-05
717,0.029720239341259003,0.005618862807750702,0.023665452376008034,8.718468598090112e-05
718,0.02966662123799324,0.005717808380723,0.023512594401836395,8.724369399715215e-05
719,0.029653823003172874,0.005703784059733152,0.02351892553269863,8.622247696621343e-05
720,0.029678694903850555,0.005616332869976759,0.023632023483514786,8.606768096797168e-05
721,0.029683420434594154,0.005753404926508665,0.02349919080734253,8.616497507318854e-05
722,0.029651865363121033,0.00562008423730731,0.0236037764698267,8.560091373510659e-05
723,0.029624268412590027,0.005668417550623417,0.023527849465608597,8.560044079786167e-05
724,0.029627911746501923,0.005694052670150995,0.023508090525865555,8.515392983099446e-05
725,0.029640713706612587,0.005600610747933388,0.023614894598722458,8.504172728862613e-05
726,0.02963224984705448,0.005709792487323284,0.023498740047216415,8.474314381601289e-05
727,0.02960791066288948,0.0056148129515349865,0.023569360375404358,8.47474075271748e-05
728,0.029593883082270622,0.005637687630951405,0.023534661158919334,8.430684101767838e-05
729,0.029597226530313492,0.005669257137924433,0.02350422739982605,8.4748535300605e-05
730,0.02960033528506756,0.005590903572738171,0.023589342832565308,8.401771628996357e-05
731,0.0295894555747509,0.005669077858328819,0.023498691618442535,8.433712355326861e-05
732,0.0295721422880888,0.0056056673638522625,0.023548847064375877,8.352545410161838e-05
733,0.02956286072731018,0.0056123086251318455,0.023532908409833908,8.352888835361227e-05
734,0.029563037678599358,0.005644042044878006,0.023503027856349945,8.31935612950474e-05
735,0.02956211194396019,0.005577261559665203,0.02356981858611107,8.300624904222786e-05
736,0.02955305576324463,0.005639803595840931,0.0234989020973444,8.286977390525863e-05
737,0.029540367424488068,0.005587371997535229,0.023539679124951363,8.266326040029526e-05
738,0.029532192274928093,0.005595476366579533,0.023524582386016846,8.242703916039318e-05
739,0.029529709368944168,0.005614337977021933,0.023503240197896957,8.242610783781856e-05
740,0.029527176171541214,0.0055651129223406315,0.02355176955461502,8.205875928979367e-05
741,0.029520263895392418,0.005612398497760296,0.023497434332966805,8.208639337681234e-05
742,0.029510457068681717,0.0055679320357739925,0.023533886298537254,8.172752859536558e-05
743,0.0295023862272501,0.005579556338489056,0.023514676839113235,8.163026359397918e-05
744,0.029497746378183365,0.005585997831076384,0.023504480719566345,8.145347965182737e-05
745,0.02949429303407669,0.0055517228320240974,0.02353639341890812,8.123534644255415e-05
746,0.029488950967788696,0.005587659310549498,0.02349555492401123,8.114712545648217e-05
747,0.02948134019970894,0.005547098349779844,0.02352970838546753,8.090667688520625e-05
748,0.02947354130446911,0.0055651357397437096,0.023504676297307014,8.074596553342417e-05
749,0.02946743741631508,0.0055573321878910065,0.0235068928450346,8.064234862104058e-05
750,0.029462892562150955,0.005539739038795233,0.02352140285074711,8.035022619878873e-05
751,0.029458284378051758,0.005561582278460264,0.02349466271698475,8.040791726671159e-05
752,0.02945246733725071,0.005528747569769621,0.023523766547441483,7.999072840902954e-05
753,0.029445823282003403,0.005548342131078243,0.02349681779742241,8.013239857973531e-05
754,0.029439451172947884,0.005531856324523687,0.023509420454502106,7.963494135765359e-05
755,0.02943434938788414,0.005526361521333456,0.02350849099457264,7.989937148522586e-05
756,0.029430566355586052,0.005537658929824829,0.023496370762586594,7.930743595352396e-05
757,0.02942807599902153,0.0055095902644097805,0.023518256843090057,8.004550909390673e-05
758,0.029427606612443924,0.005535704083740711,0.02349507249891758,7.936581096146256e-05
759,0.029432112351059914,0.005502975545823574,0.02352035604417324,8.175631955964491e-05
760,0.02944837510585785,0.005528503563255072,0.02351083792746067,8.180656004697084e-05
761,0.029490100219845772,0.005504252854734659,0.023536553606390953,8.985870954347774e-05
762,0.029585152864456177,0.005535420961678028,0.023570962250232697,9.575398871675134e-05
763,0.029788799583911896,0.005518874619156122,0.02364777773618698,0.0001244293962372467
764,0.030194662511348724,0.005602227058261633,0.023800361901521683,0.0001584147976245731
765,0.030898690223693848,0.0055834888480603695,0.024070890620350838,0.0002488620229996741
766,0.03178334981203079,0.005766501184552908,0.02435256540775299,0.00033285660902038217
767,0.032178886234760284,0.0056076147593557835,0.024526074528694153,0.00040903969784267247
768,0.031298521906137466,0.005733582656830549,0.024092793464660645,0.00029442901723086834
769,0.029868345707654953,0.005404427647590637,0.02380950003862381,0.0001308837963733822
770,0.029563819989562035,0.00560756167396903,0.02350608818233013,9.003387822303921e-05
771,0.030355967581272125,0.005483995657414198,0.023884788155555725,0.0001974368205992505
772,0.030651820823550224,0.005530320107936859,0.023829663172364235,0.0002583675377536565
773,0.02992226742208004,0.005582185462117195,0.0236502718180418,0.00013796190614812076
774,0.0294999610632658,0.0053777131251990795,0.023738380521535873,7.677356916246936e-05
775,0.02998100221157074,0.00565473735332489,0.023604732006788254,0.00014430661394726485
776,0.030215825885534286,0.005434614140540361,0.02394964173436165,0.00016631394100841135
777,0.029655665159225464,0.0055319215171039104,0.023557601496577263,0.000113228517875541
778,0.029332011938095093,0.005481272470206022,0.02346179634332657,7.7788696216885e-05
779,0.029723260551691055,0.005407925229519606,0.02375478297472,0.00011211048695258796
780,0.029922451823949814,0.005624018143862486,0.023631559684872627,0.00013337470591068268
781,0.029545599594712257,0.0053866407833993435,0.023716356605291367,8.8520348072052e-05
782,0.029357004910707474,0.005500852596014738,0.023470574989914894,7.711533544352278e-05
783,0.02959216944873333,0.005457146558910608,0.02358137257397175,0.00011073004134232178
784,0.02962247096002102,0.005433403421193361,0.02364381030201912,0.00010905168164754286
785,0.0293708685785532,0.005485697649419308,0.023460334166884422,8.49673742777668e-05
786,0.029358314350247383,0.005389372818171978,0.023566264659166336,8.053513010963798e-05
787,0.02954568713903427,0.005489324685186148,0.023551851511001587,0.00010090199793921784
788,0.029494334012269974,0.0054013426415622234,0.023566801100969315,0.0001052378720487468
789,0.029297063127160072,0.005443972535431385,0.023468535393476486,7.691106293350458e-05
790,0.02931489609181881,0.005407181102782488,0.02351120114326477,7.93027866166085e-05
791,0.029430530965328217,0.005417045671492815,0.023513179272413254,0.0001000614429358393
792,0.029373031109571457,0.005439196713268757,0.02350112423300743,8.654207340441644e-05
793,0.029274584725499153,0.005371652077883482,0.023528151214122772,7.495625322917476e-05
794,0.029321277514100075,0.005457303021103144,0.023452432826161385,8.230852108681574e-05
795,0.02937086671590805,0.005370356608182192,0.02357426844537258,8.524837176082656e-05
796,0.029295749962329865,0.0054288143292069435,0.02346360683441162,8.066599548328668e-05
797,0.02923346869647503,0.005390231963247061,0.023473413661122322,7.396465662168339e-05
798,0.029276831075549126,0.005378329195082188,0.023509783670306206,7.774330879328772e-05
799,0.029306765645742416,0.005425409879535437,0.023466628044843674,8.294550207210705e-05
800,0.02925746515393257,0.005358581431210041,0.023524954915046692,7.478606858057901e-05
801,0.02922738343477249,0.005411115009337664,0.023450754582881927,7.310268847504631e-05
802,0.029256736859679222,0.005363392643630505,0.023500677198171616,7.8533252235502e-05
803,0.02926134504377842,0.005392977502197027,0.023482270538806915,7.721931615378708e-05
804,0.029218103736639023,0.0053666564635932446,0.02347373776137829,7.554189505754039e-05
805,0.029198957607150078,0.005371707957237959,0.02346285805106163,7.287837797775865e-05
806,0.029220160096883774,0.005371267441660166,0.02347688004374504,7.440280023729429e-05
807,0.029224129393696785,0.005356974899768829,0.023477818816900253,7.786702190060169e-05
808,0.029197970405220985,0.005376207176595926,0.0234571173787117,7.29291932657361e-05
809,0.029186448082327843,0.005338004324585199,0.02348862588405609,7.196356455096975e-05
810,0.029198359698057175,0.005378989037126303,0.023445317521691322,7.481059583369642e-05
811,0.02919705957174301,0.005333164241164923,0.023496510460972786,7.347672362811863e-05
812,0.02917536348104477,0.005363360978662968,0.023447446525096893,7.291150541277602e-05
813,0.029163610190153122,0.0053383163176476955,0.02346586436033249,7.188565359683707e-05
814,0.02916913852095604,0.005342145450413227,0.02346598543226719,7.220132101792842e-05
815,0.02916880138218403,0.00534551776945591,0.023453807458281517,7.389529491774738e-05
816,0.029155345633625984,0.005328773055225611,0.023470133543014526,7.128786091925576e-05
817,0.02914631925523281,0.0053419978357851505,0.023449253290891647,7.101369556039572e-05
818,0.029148798435926437,0.005321613512933254,0.023465534672141075,7.233017822727561e-05
819,0.02914920076727867,0.005338161718100309,0.023454025387763977,7.140280649764463e-05
820,0.029139794409275055,0.005314007867127657,0.02346678264439106,7.180092507041991e-05
821,0.02913040667772293,0.005333957727998495,0.02344360016286373,7.056956383166835e-05
822,0.029128683730959892,0.005306009203195572,0.023470383137464523,7.045826350804418e-05
823,0.02912791445851326,0.0053289663046598434,0.023441361263394356,7.151719910325482e-05
824,0.029121054336428642,0.005302393343299627,0.02346687577664852,7.035699672996998e-05
825,0.02911236695945263,0.005317573435604572,0.023442819714546204,7.039486081339419e-05
826,0.029108187183737755,0.005301813129335642,0.023454580456018448,7.035865564830601e-05
827,0.02910676971077919,0.005306500941514969,0.023450123146176338,7.002898200880736e-05
828,0.029102511703968048,0.005299984011799097,0.023448461666703224,7.081340299919248e-05
829,0.029095489531755447,0.0052984729409217834,0.023448627442121506,6.967792432988063e-05
830,0.02909022569656372,0.005294625647366047,0.023447535932064056,6.961307371966541e-05
831,0.029087748378515244,0.005292557645589113,0.023444868624210358,7.006456871749833e-05
832,0.029084861278533936,0.005289898719638586,0.02344771847128868,6.944880442460999e-05
833,0.02907964400947094,0.005285071674734354,0.023445511236786842,6.981213664403185e-05
834,0.02907412126660347,0.005286919418722391,0.023441260680556297,6.918816507095471e-05
835,0.029070410877466202,0.005276122596114874,0.023448992520570755,6.905906047904864e-05
836,0.029067685827612877,0.0052844989113509655,0.023436032235622406,6.943076004972681e-05
837,0.029063954949378967,0.005268392153084278,0.023451320827007294,6.884863978484645e-05
838,0.029059188440442085,0.00528069818392396,0.02343345619738102,6.90068700350821e-05
839,0.029054924845695496,0.005261204671114683,0.02344997227191925,6.874957762192935e-05
840,0.0290520079433918,0.005277217831462622,0.023432109504938126,6.853602826595306e-05
841,0.0290495865046978,0.005252999719232321,0.02345201000571251,6.891544762765989e-05
842,0.029046887531876564,0.005276842042803764,0.023428352549672127,6.833852967247367e-05
843,0.02904457598924637,0.005241458769887686,0.023460308089852333,6.856168329250067e-05
844,0.02904408425092697,0.005281552672386169,0.02342168055474758,6.817031680839136e-05
845,0.029046669602394104,0.005226575769484043,0.023479675874114037,6.808334728702903e-05
846,0.02905343845486641,0.005294241011142731,0.023418709635734558,6.809750630054623e-05
847,0.029066916555166245,0.005208172835409641,0.023519258946180344,6.789719918742776e-05
848,0.02909296564757824,0.005322616081684828,0.023431582376360893,6.775326619390398e-05
849,0.02914186753332615,0.005186878144741058,0.023614147678017616,6.816819950472564e-05
850,0.02923080511391163,0.005389072932302952,0.023503175005316734,6.771138578187674e-05
851,0.029389094561338425,0.005174083169549704,0.023870302364230156,6.894164107507095e-05
852,0.0296615082770586,0.005547036416828632,0.023774143308401108,6.806575402151793e-05
853,0.030110018327832222,0.005216875113546848,0.024543626233935356,6.990325346123427e-05
854,0.03077014721930027,0.005881448742002249,0.024544406682252884,6.885824404889718e-05
855,0.03156924620270729,0.005380913615226746,0.025829337537288666,7.17987131793052e-05
856,0.0321270227432251,0.006247884593904018,0.025526365265250206,7.055447349557653e-05
857,0.03189491853117943,0.0054162610322237015,0.026109112426638603,7.390911923721433e-05
858,0.030688056722283363,0.005850750487297773,0.024484608322381973,7.053943409118801e-05
859,0.02937418594956398,0.005154774524271488,0.023865308612585068,7.082062802510336e-05
860,0.02901371195912361,0.005182416643947363,0.02349690906703472,6.687717541353777e-05
861,0.029654551297426224,0.00554147781804204,0.023780319839715958,6.655095057794824e-05
862,0.030370885506272316,0.005219032056629658,0.024802684783935547,6.98338626534678e-05
863,0.030294110998511314,0.005729246884584427,0.024210751056671143,7.082265801727772e-05
864,0.029542919248342514,0.005149614065885544,0.024020016193389893,7.465769886039197e-05
865,0.029005952179431915,0.005234223324805498,0.023427419364452362,6.886208575451747e-05
866,0.02919198013842106,0.0053604948334395885,0.023497164249420166,6.68639549985528e-05
867,0.029664866626262665,0.005152142606675625,0.02417430281639099,6.768399907741696e-05
868,0.029736172407865524,0.005544533487409353,0.023842042312026024,6.991938425926492e-05
869,0.029338983818888664,0.005138804204761982,0.023824475705623627,7.514098979299888e-05
870,0.029000572860240936,0.005222341977059841,0.023430654779076576,6.951555405976251e-05
871,0.02907940186560154,0.005299631506204605,0.023443911224603653,6.717193173244596e-05
872,0.029344866052269936,0.005132909864187241,0.02387823536992073,6.674412725260481e-05
873,0.029387855902314186,0.005413992330431938,0.023629803210496902,6.881212175358087e-05
874,0.02916649915277958,0.005137044470757246,0.02365843951702118,7.42028933018446e-05
875,0.028978975489735603,0.005200135987251997,0.02343226596713066,6.931478856131434e-05
876,0.029019849374890327,0.005261837970465422,0.023421263322234154,6.73493486829102e-05
877,0.029159903526306152,0.005126182921230793,0.02370283752679825,6.617663893848658e-05
878,0.02918030321598053,0.0053260475397109985,0.02351507730782032,6.783563003409654e-05
879,0.02906131185591221,0.0051372419111430645,0.02355875074863434,7.306374027393758e-05
880,0.028958072885870934,0.0051835631020367146,0.02343032695353031,6.883677997393534e-05
881,0.028971565887331963,0.005228778813034296,0.023406298831105232,6.72977403155528e-05
882,0.029040571302175522,0.005123303737491369,0.023589110001921654,6.563157512573525e-05
883,0.029055047780275345,0.005266964435577393,0.023454204201698303,6.677572673652321e-05
884,0.028997456654906273,0.00513475714251399,0.023505814373493195,7.137677312130108e-05
885,0.02893822267651558,0.0051732114516198635,0.023425286635756493,6.794473301852122e-05
886,0.02893255650997162,0.005198650993406773,0.023398760706186295,6.702930113533512e-05
887,0.028961891308426857,0.0051217772997915745,0.023515596985816956,6.490345549536869e-05
888,0.02897501364350319,0.005225806962698698,0.02342185191810131,6.547095108544454e-05
889,0.028952818363904953,0.0051290798000991344,0.023477423936128616,6.92628527758643e-05
890,0.028919309377670288,0.005165911745280027,0.023418759927153587,6.692742317682132e-05
891,0.028904125094413757,0.005171803291887045,0.023398026823997498,6.685895641567186e-05
892,0.02891039103269577,0.005121003370732069,0.023468151688575745,6.424703315133229e-05
893,0.02891957387328148,0.00519412849098444,0.023403707891702652,6.434755050577223e-05
894,0.02891579642891884,0.005121504422277212,0.023458275943994522,6.720308010699227e-05
895,0.02890009433031082,0.005158993415534496,0.023411590605974197,6.590179691556841e-05
896,0.0288845244795084,0.005148506257683039,0.023402398452162743,6.672418385278434e-05
897,0.02887802943587303,0.005121100228279829,0.02343738079071045,6.390958151314408e-05
898,0.02887967973947525,0.005167178809642792,0.02339388243854046,6.372386997099966e-05
899,0.02888190746307373,0.0051141600124537945,0.023441363126039505,6.52767630526796e-05
900,0.0288783498108387,0.0051505062729120255,0.02340421825647354,6.472518725786358e-05
901,0.028868896886706352,0.00512896990403533,0.023408550769090652,6.627508992096409e-05
902,0.028858615085482597,0.005121496971696615,0.023418080061674118,6.38075071037747e-05
903,0.028852764517068863,0.005143168848007917,0.02339114621281624,6.36897239019163e-05
904,0.028852175921201706,0.005108653102070093,0.02342502772808075,6.369916081894189e-05
905,0.028853178024291992,0.005138665437698364,0.023396875709295273,6.352742639137432e-05
906,0.028851129114627838,0.005113437306135893,0.02341141551733017,6.525503704324365e-05
907,0.028844701126217842,0.005120226182043552,0.023406343534588814,6.362600834108889e-05
908,0.028836555778980255,0.005122248083353043,0.023394091054797173,6.404339364962652e-05
909,0.02883065491914749,0.005105368327349424,0.02341100014746189,6.285728886723518e-05
910,0.028828760609030724,0.005123336799442768,0.023391488939523697,6.278716318774968e-05
911,0.028829000890254974,0.0051021696999669075,0.023407911881804466,6.378369289450347e-05
912,0.028827909380197525,0.0051146745681762695,0.023397989571094513,6.304914859356359e-05
913,0.028823744505643845,0.005105241667479277,0.02339809015393257,6.408232729882002e-05
914,0.02881741151213646,0.005102769937366247,0.02340136468410492,6.265536649152637e-05
915,0.028811627998948097,0.0051067424938082695,0.023390673100948334,6.284232949838042e-05
916,0.0288082268089056,0.005095052067190409,0.023400388658046722,6.255734479054809e-05
917,0.02880709618330002,0.005103771574795246,0.023391565307974815,6.235165346879512e-05
918,0.028806278482079506,0.0050927638076245785,0.023397330194711685,6.323692650767043e-05
919,0.028803987428545952,0.005097286310046911,0.023394737392663956,6.239257345441729e-05
920,0.02879982814192772,0.005091994069516659,0.02339242771267891,6.308117735898122e-05
921,0.02879486232995987,0.005090051330626011,0.023394335061311722,6.209533603396267e-05
922,0.028790483251214027,0.005090051796287298,0.02338917925953865,6.22502775513567e-05
923,0.0287875235080719,0.005084645934402943,0.02339230477809906,6.211467552930117e-05
924,0.028785722330212593,0.005086818709969521,0.023389523848891258,6.18758422206156e-05
925,0.028784122318029404,0.0050810715183615685,0.023390719667077065,6.246624980121851e-05
926,0.028781842440366745,0.005082694347947836,0.023390159010887146,6.17975601926446e-05
927,0.028778597712516785,0.005077845882624388,0.023389000445604324,6.235034379642457e-05
928,0.028774796053767204,0.005078140180557966,0.02338862419128418,6.16061151959002e-05
929,0.028771014884114265,0.005074405111372471,0.023387527093291283,6.181652133818716e-05
930,0.028767786920070648,0.005073681008070707,0.023386403918266296,6.154028960736468e-05
931,0.02876519039273262,0.005071170162409544,0.0233868770301342,6.142862548585981e-05
932,0.028762992471456528,0.005069336388260126,0.0233853030949831,6.167068204376847e-05
933,0.02876076102256775,0.005068277474492788,0.023386141285300255,6.126840162323788e-05
934,0.028758244588971138,0.005064848344773054,0.023384960368275642,6.168723484734073e-05
935,0.028755422681570053,0.005065394099801779,0.023384319618344307,6.11417053733021e-05
936,0.028752358630299568,0.005060391966253519,0.023384708911180496,6.145158113213256e-05
937,0.02874927781522274,0.005062148440629244,0.02338200993835926,6.1023954913252965e-05
938,0.02874627150595188,0.00505644828081131,0.023384185507893562,6.112745177233592e-05
939,0.028743460774421692,0.0050582909025251865,0.023380260914564133,6.0981961723882705e-05
940,0.02874080277979374,0.005053311120718718,0.02338309772312641,6.087881774874404e-05
941,0.028738239780068398,0.005053819622844458,0.023379528895020485,6.09782146057114e-05
942,0.028735749423503876,0.005050810519605875,0.023381369188427925,6.071409734431654e-05
943,0.028733212500810623,0.005048986990004778,0.023379608988761902,6.0923244745936245e-05
944,0.02873065322637558,0.005048546940088272,0.023379184305667877,6.058457074686885e-05
945,0.02872801385819912,0.005044192541390657,0.023379869759082794,6.079052764107473e-05
946,0.0287253987044096,0.005046056117862463,0.02337699569761753,6.046938506187871e-05
947,0.028722727671265602,0.005039839539676905,0.023379825055599213,6.061281601432711e-05
948,0.02872009389102459,0.005043033044785261,0.023375220596790314,6.036812919774093e-05
949,0.02871744893491268,0.005036091431975365,0.02337919920682907,6.043181201675907e-05
950,0.02871481515467167,0.005039458628743887,0.023373974487185478,6.027622293913737e-05
951,0.028712177649140358,0.005032903514802456,0.023377925157546997,6.026957998983562e-05
952,0.02870955690741539,0.005035419017076492,0.023373223841190338,6.018279236741364e-05
953,0.028706977143883705,0.005030101630836725,0.023376239463686943,6.012746234773658e-05
954,0.028704414144158363,0.005031159613281488,0.023372849449515343,6.008119453326799e-05
955,0.028701823204755783,0.005027484148740768,0.023374345153570175,5.9998754295520484e-05
956,0.028699330985546112,0.005026876926422119,0.023372594267129898,5.99718805460725e-05
957,0.028696808964014053,0.005024881102144718,0.023372545838356018,5.987644544802606e-05
958,0.028694290667772293,0.0050227162428200245,0.023372279480099678,5.985889947623946e-05
959,0.028691815212368965,0.005022193770855665,0.023370839655399323,5.975610838504508e-05
960,0.02868938259780407,0.005018713418394327,0.02337193675339222,5.9746635088231415e-05
961,0.02868693508207798,0.005019408650696278,0.023369355127215385,5.9634054196067154e-05
962,0.028684504330158234,0.005014853086322546,0.02337145246565342,5.963954026810825e-05
963,0.028682077303528786,0.0050165727734565735,0.02336796559393406,5.950774357188493e-05
964,0.02867971919476986,0.005011066794395447,0.023370934650301933,5.954347216174938e-05
965,0.028677377849817276,0.005013805814087391,0.023366693407297134,5.937609967077151e-05
966,0.028675075620412827,0.005007224623113871,0.023370523005723953,5.9465557569637895e-05
967,0.0286728423088789,0.005011237226426601,0.023365400731563568,5.92407159274444e-05
968,0.02867073193192482,0.005003209225833416,0.023370418697595596,5.942048301221803e-05
969,0.02866874262690544,0.00500913243740797,0.023364074528217316,5.9106961998622864e-05
970,0.02866704761981964,0.0049987779930233955,0.02337104082107544,5.944587246631272e-05
971,0.028665799647569656,0.0050078993663191795,0.0233629010617733,5.899964889977127e-05
972,0.02866530232131481,0.004993706475943327,0.02337341196835041,5.963666990282945e-05
973,0.028666028752923012,0.005008360370993614,0.02336260862648487,5.9011828852817416e-05
974,0.02866900898516178,0.004987775813788176,0.023379961028695107,6.025425682310015e-05
975,0.028675811365246773,0.00501238601282239,0.0233660526573658,5.947454337729141e-05
976,0.028689483180642128,0.004981175996363163,0.023397892713546753,6.208301056176424e-05
977,0.028715481981635094,0.005024618934839964,0.023383107036352158,6.155128357931972e-05
978,0.028763771057128906,0.0049764234572649,0.023449327796697617,6.760384712833911e-05
979,0.028852000832557678,0.005057644564658403,0.0234480332583189,6.926451897015795e-05
980,0.029011335223913193,0.00498515460640192,0.023602938279509544,8.464842539979145e-05
981,0.029290655627846718,0.005145032424479723,0.023669270798563957,9.527059592073783e-05
982,0.029756823554635048,0.005043720360845327,0.024043872952461243,0.00013384580961428583
983,0.03045441210269928,0.005349555518478155,0.024280408397316933,0.00016488958499394357
984,0.03131306916475296,0.005190772004425526,0.024978335946798325,0.00022879205062054098
985,0.03197798505425453,0.0056234681978821754,0.025161180645227432,0.0002386674750596285
986,0.03195416182279587,0.005261706653982401,0.025593969970941544,0.0002196971036028117
987,0.031094972044229507,0.005597556475549936,0.024917857721447945,0.00011591154907364398
988,0.030087705701589584,0.00509898504242301,0.02469070628285408,5.9602829423965886e-05
989,0.029687348753213882,0.005272332113236189,0.02388756535947323,0.00010549020953476429
990,0.029872985556721687,0.005025858525186777,0.023894231766462326,0.00019057909958064556
991,0.02990362048149109,0.005042498465627432,0.023718630895018578,0.0002284981164848432
992,0.029414217919111252,0.0051090712659060955,0.02366376295685768,0.00012827652972191572
993,0.029025059193372726,0.004960305988788605,0.023759879171848297,6.097481673350558e-05
994,0.02930399775505066,0.005172977223992348,0.02365480363368988,9.524341294309124e-05
995,0.029774123802781105,0.005020223092287779,0.024002671241760254,0.00015024584718048573
996,0.02960389479994774,0.005140639375895262,0.023694103583693504,0.00015383037680294365
997,0.028911614790558815,0.004981061909347773,0.023531459271907806,7.981866656336933e-05
998,0.02862020954489708,0.004960642196238041,0.02336728945374489,5.845589839736931e-05
999,0.028997454792261124,0.005042270757257938,0.0234682559967041,9.738591325003654e-05
1000,0.029323125258088112,0.005005541257560253,0.023759115487337112,0.00011169350909767672
1001,0.029109006747603416,0.005094434134662151,0.02354506030678749,9.390217019245028e-05
1002,0.028774375095963478,0.004941872786730528,0.02353881672024727,5.8736859500641e-05
1003,0.028790269047021866,0.0050252522341907024,0.02343081310391426,6.684079562546685e-05
1004,0.02893536351621151,0.004978326614946127,0.023474425077438354,9.652215521782637e-05
1005,0.028853366151452065,0.0049678427167236805,0.02346855401992798,8.339381747646257e-05
1006,0.028696177527308464,0.005006319377571344,0.02337050251662731,6.38711208011955e-05
1007,0.028753863647580147,0.004939463920891285,0.023500356823205948,6.280886736931279e-05
1008,0.028895564377307892,0.005035285837948322,0.023476455360651016,7.676467066630721e-05
1009,0.0288341473788023,0.004944042302668095,0.023475827649235725,8.285540388897061e-05
1010,0.02864278107881546,0.004974045790731907,0.023362865671515465,6.117380689829588e-05
1011,0.028603021055459976,0.004956189077347517,0.02335406467318535,5.8553250710247084e-05
1012,0.028719399124383926,0.00494232727214694,0.02340727299451828,7.395983266178519e-05
1013,0.02876540832221508,0.004997229669243097,0.023414883762598038,7.065901445457712e-05
1014,0.028686080127954483,0.0049329535104334354,0.02343796193599701,6.303316331468523e-05
1015,0.02863243594765663,0.004983604419976473,0.023356210440397263,5.852431422681548e-05
1016,0.02866305410861969,0.004937946796417236,0.02340768277645111,6.348481110762805e-05
1017,0.028675174340605736,0.004959408659487963,0.023365870118141174,6.997903255978599e-05
1018,0.028621483594179153,0.0049538700841367245,0.023366574198007584,6.0207803471712396e-05
1019,0.028586728498339653,0.004932233598083258,0.02336835488677025,5.722775313188322e-05
1020,0.02862318605184555,0.004966021981090307,0.023349985480308533,6.143574137240648e-05
1021,0.028661439195275307,0.004934033844619989,0.023417826741933823,6.191590364323929e-05
1022,0.028635837137699127,0.0049661872908473015,0.02335594967007637,6.273992039496079e-05
1023,0.02858654595911503,0.004927416797727346,0.023374231532216072,5.697950109606609e-05
1024,0.028578385710716248,0.004946816712617874,0.02334647625684738,5.701865302398801e-05
1025,0.02859911322593689,0.004937462974339724,0.023354237899184227,6.148260581539944e-05
1026,0.028599638491868973,0.004932969808578491,0.02336987294256687,5.935928493272513e-05
1027,0.028579389676451683,0.00494613079354167,0.02333930693566799,5.879046148038469e-05
1028,0.02857387065887451,0.004920672625303268,0.023369241505861282,5.679141031578183e-05
1029,0.028588024899363518,0.004950267728418112,0.02335040271282196,5.7470733736408874e-05
1030,0.028591830283403397,0.004920033272355795,0.02336915209889412,6.052892786101438e-05
1031,0.02857295237481594,0.004940236918628216,0.02334590256214142,5.7362256484339014e-05
1032,0.028554480522871017,0.004922627005726099,0.023348091170191765,5.675238571711816e-05
1033,0.028555363416671753,0.004926299210637808,0.023340951651334763,5.76222846575547e-05
1034,0.028564641252160072,0.004930488299578428,0.023347070440649986,5.741627683164552e-05
1035,0.028563618659973145,0.004917853511869907,0.023352351039648056,5.868284642929211e-05
1036,0.028554456308484077,0.00493321567773819,0.023339606821537018,5.6326847698073834e-05
1037,0.028550725430250168,0.0049134064465761185,0.02335629239678383,5.6205346481874585e-05
1038,0.028554346412420273,0.004930499941110611,0.02333536557853222,5.7696193834999576e-05
1039,0.028554735705256462,0.004914023447781801,0.023357339203357697,5.667471486958675e-05
1040,0.028546834364533424,0.0049242726527154446,0.023335926234722137,5.732693898607977e-05
1041,0.028538038954138756,0.004913927521556616,0.02334381826221943,5.6058415793813765e-05
1042,0.0285359974950552,0.004916893783956766,0.023338982835412025,5.6024415243882686e-05
1043,0.02853843756020069,0.004915882367640734,0.023337088525295258,5.7093460782198235e-05
1044,0.028538202866911888,0.004911541473120451,0.023345831781625748,5.616569615085609e-05
1045,0.028534026816487312,0.004917067009955645,0.023333456367254257,5.670078826369718e-05
1046,0.02853054739534855,0.004906144924461842,0.023344717919826508,5.5937016441021115e-05
1047,0.02853049337863922,0.004916781093925238,0.023334302008152008,5.588197382166982e-05
1048,0.028531108051538467,0.004903546068817377,0.02334418147802353,5.667631558026187e-05
1049,0.02852882444858551,0.004914151970297098,0.02333517000079155,5.5900702136568725e-05
1050,0.02852434292435646,0.004902173299342394,0.023340817540884018,5.627044083666988e-05
1051,0.02852075733244419,0.0049094283021986485,0.023332126438617706,5.5840482673374936e-05
1052,0.028519406914711,0.004901987034827471,0.023338958621025085,5.569234781432897e-05
1053,0.028518661856651306,0.00490485318005085,0.023331839591264725,5.6393819249933586e-05
1054,0.028516598045825958,0.004901840817183256,0.02333652600646019,5.5645967222517356e-05
1055,0.028513561934232712,0.004900680389255285,0.023333126679062843,5.595097172772512e-05
1056,0.02851126156747341,0.004901002626866102,0.02333199977874756,5.565157698583789e-05
1057,0.02851029299199581,0.0048972791992127895,0.023335525766015053,5.5497348512290046e-05
1058,0.028509674593806267,0.004900045692920685,0.023329703137278557,5.598517236649059e-05
1059,0.028508231043815613,0.0048943813890218735,0.023336775600910187,5.5414628150174394e-05
1060,0.02850607968866825,0.004898787476122379,0.023328745737671852,5.570898065343499e-05
1061,0.02850407548248768,0.004891348071396351,0.02333565428853035,5.541486098081805e-05
1062,0.0285028126090765,0.004897379782050848,0.023328673094511032,5.5351782066281885e-05
1063,0.02850179187953472,0.004888748284429312,0.02333507128059864,5.559436613111757e-05
1064,0.028500491753220558,0.0048957690596580505,0.02332850731909275,5.5243242968572304e-05
1065,0.028498617932200432,0.004886395763605833,0.023334812372922897,5.548178523895331e-05
1066,0.028496718034148216,0.004893788602203131,0.023326784372329712,5.5228931159945205e-05
1067,0.02849530801177025,0.004884145688265562,0.023335233330726624,5.5185737437568605e-05
1068,0.028494201600551605,0.004892069846391678,0.02332528866827488,5.5368429457303137e-05
1069,0.028493138030171394,0.004881755448877811,0.023336146026849747,5.5047326895873994e-05
1070,0.0284919124096632,0.004890832584351301,0.02332431823015213,5.5352356866933405e-05
1071,0.0284907016903162,0.004878914915025234,0.023336809128522873,5.499519102158956e-05
1072,0.028489872813224792,0.004890249576419592,0.023324154317378998,5.509354014066048e-05
1073,0.028489647433161736,0.004875747952610254,0.023338671773672104,5.504573346115649e-05
1074,0.028490064665675163,0.004890735726803541,0.023324720561504364,5.492148920893669e-05
1075,0.028491215780377388,0.004872278776019812,0.02334376610815525,5.5034015531418845e-05
1076,0.028493452817201614,0.0048929317854344845,0.02332618646323681,5.486690133693628e-05
1077,0.028497658669948578,0.004868602380156517,0.023354806005954742,5.484988651005551e-05
1078,0.02850489877164364,0.004898439161479473,0.02333191968500614,5.490809053299017e-05
1079,0.028517143800854683,0.004865429829806089,0.02337835542857647,5.467164737638086e-05
1080,0.02853694185614586,0.004910928197205067,0.023351125419139862,5.49776668776758e-05
1081,0.02856874093413353,0.004865108989179134,0.023430870845913887,5.455238351714797e-05
1082,0.028619639575481415,0.0049383253790438175,0.02340645156800747,5.497269376064651e-05
1083,0.028701091185212135,0.00487529905512929,0.023553546518087387,5.4449221352115273e-05
1084,0.02882964350283146,0.004998734686523676,0.023556310683488846,5.4919884860282764e-05
1085,0.02902960032224655,0.0049164691008627415,0.02384144440293312,5.433737169369124e-05
1086,0.029326144605875015,0.00512711051851511,0.02392437681555748,5.493181379279122e-05
1087,0.0297399889677763,0.005024916958063841,0.024444054812192917,5.4203461331781e-05
1088,0.030237888917326927,0.005347428377717733,0.024615060538053513,5.5080010497476906e-05
1089,0.03070650063455105,0.005184847395867109,0.025251170620322227,5.409652294474654e-05
1090,0.030884215608239174,0.005499967839568853,0.025108423084020615,5.5164986406452954e-05
1091,0.0305480994284153,0.0051530818454921246,0.025124788284301758,5.404564581112936e-05
1092,0.02971569634974003,0.005224998574703932,0.02421722561120987,5.4694446589564905e-05
1093,0.02884814143180847,0.004882664419710636,0.023694254457950592,5.4244723287411034e-05
1094,0.028458766639232635,0.004868924617767334,0.023319069296121597,5.415436316980049e-05
1095,0.028675973415374756,0.004952522460371256,0.02344929799437523,5.4830805311212316e-05
1096,0.029174089431762695,0.004925553686916828,0.02397865429520607,5.397661152528599e-05
1097,0.02947724610567093,0.0051656076684594154,0.024038467556238174,5.463418710860424e-05
1098,0.02933008037507534,0.004947953391820192,0.024112055078148842,5.401462476584129e-05
1099,0.02887101285159588,0.0050056688487529755,0.023594718426465988,5.4125212045619264e-05
1100,0.028504246845841408,0.004847431089729071,0.023382849991321564,5.479292667587288e-05
1101,0.028492119163274765,0.00484789302572608,0.02337406575679779,5.4032032494433224e-05
1102,0.028743313625454903,0.0049666971899569035,0.023502640426158905,5.479544051922858e-05
1103,0.028958352282643318,0.004895663354545832,0.023793715983629227,5.3794774430571124e-05
1104,0.02892429754137993,0.0050140260718762875,0.023639913648366928,5.407150092651136e-05
1105,0.028691671788692474,0.0048608421348035336,0.023558447137475014,5.447633157018572e-05
1106,0.028483377769589424,0.004878403153270483,0.023334577679634094,5.407943172031082e-05
1107,0.02846308797597885,0.004868206102401018,0.02331886626780033,5.520340346265584e-05
1108,0.028593100607395172,0.004851154517382383,0.023472342640161514,5.392069215304218e-05
1109,0.02870962768793106,0.004949396941810846,0.02348800003528595,5.444635826279409e-05
1110,0.028695417568087578,0.004861790221184492,0.023563794791698456,5.3966596169630066e-05
1111,0.02857360616326332,0.004907052963972092,0.023396743461489677,5.3962092351866886e-05
1112,0.028462348505854607,0.004842300433665514,0.023344380781054497,5.513346695806831e-05
1113,0.028447354212403297,0.00484416913241148,0.023332461714744568,5.4144311434356496e-05
1114,0.028511861339211464,0.004884687718003988,0.023351488634943962,5.513681026059203e-05
1115,0.028573516756296158,0.004847061820328236,0.02345784567296505,5.3721581934951246e-05
1116,0.028570136055350304,0.004903240595012903,0.023397210985422134,5.393708488554694e-05
1117,0.028510015457868576,0.004840091802179813,0.023399081081151962,5.4168653150554746e-05
1118,0.028449395671486855,0.004858624655753374,0.023321781307458878,5.379789581638761e-05
1119,0.028433915227651596,0.004847140517085791,0.023311235010623932,5.510800110641867e-05
1120,0.028461456298828125,0.00483703101053834,0.02335573360323906,5.373831663746387e-05
1121,0.028494376689195633,0.0048758890479803085,0.023346325382590294,5.443261761683971e-05
1122,0.0284991767257452,0.004836386535316706,0.023396041244268417,5.334992238203995e-05
1123,0.028472937643527985,0.004868311807513237,0.023337487131357193,5.342778968042694e-05
1124,0.02843952365219593,0.004833477083593607,0.023336136713624,5.3981882956577465e-05
1125,0.028423672541975975,0.004841236863285303,0.023315297439694405,5.342781514627859e-05
1126,0.02843095175921917,0.004846880678087473,0.02331082709133625,5.464905552798882e-05
1127,0.02844751812517643,0.004831483121961355,0.023349368944764137,5.3333053074311465e-05
1128,0.02845543436706066,0.004859433509409428,0.023326165974140167,5.396702908910811e-05
1129,0.02844751439988613,0.004829141311347485,0.02335299551486969,5.307522587827407e-05
1130,0.028430292382836342,0.0048489863984286785,0.023315666243433952,5.312770736054517e-05
1131,0.028416411951184273,0.004830396734178066,0.02331787906587124,5.362724914448336e-05
1132,0.02841333858668804,0.004833243787288666,0.023314662277698517,5.308641630108468e-05
1133,0.02841918170452118,0.004840080160647631,0.023308224976062775,5.417553256847896e-05
1134,0.028426000848412514,0.004826823249459267,0.023334046825766563,5.3026167734060436e-05
1135,0.028426937758922577,0.004845160525292158,0.023313269019126892,5.370147118810564e-05
1136,0.028420623391866684,0.0048247575759887695,0.02333180233836174,5.281268386170268e-05
1137,0.02841125801205635,0.004837871994823217,0.02330859564244747,5.2958097512600943e-05
1138,0.028404157608747482,0.0048260316252708435,0.023312684148550034,5.3088489949004725e-05
1139,0.028402309864759445,0.004828109871596098,0.023310484364628792,5.274316936265677e-05
1140,0.02840466983616352,0.004831306636333466,0.023305505514144897,5.357151530915871e-05
1141,0.0284077450633049,0.004822988528758287,0.023321056738495827,5.2739964303327724e-05
1142,0.028408367186784744,0.004834047053009272,0.023306697607040405,5.3524665418080986e-05
1143,0.028405452147126198,0.004820920526981354,0.02332146465778351,5.261345359031111e-05
1144,0.02840033732354641,0.004830275196582079,0.02330504171550274,5.3004267101641744e-05
1145,0.028395280241966248,0.004820872563868761,0.02331133373081684,5.261495243757963e-05
1146,0.02839219570159912,0.004823876079171896,0.023305362090468407,5.259142926661298e-05
1147,0.028391556814312935,0.004822987597435713,0.023304125294089317,5.2888532081851736e-05
1148,0.028392452746629715,0.004819277673959732,0.02331083081662655,5.246884757070802e-05
1149,0.028393331915140152,0.004824851173907518,0.023302923887968063,5.311132554197684e-05
1150,0.02839309349656105,0.004816921427845955,0.02331407740712166,5.24188217241317e-05
1151,0.0283912755548954,0.004823693539947271,0.02330252341926098,5.301171768223867e-05
1152,0.02838844805955887,0.004815853666514158,0.023310884833335876,5.234164927969687e-05
1153,0.028385374695062637,0.004819971043616533,0.023301932960748672,5.2694118494400755e-05
1154,0.028382815420627594,0.004815927240997553,0.023305276408791542,5.232255352893844e-05
1155,0.028381209820508957,0.004815918393433094,0.023303324356675148,5.2393163059605286e-05
1156,0.02838042937219143,0.004816607106477022,0.023301823064684868,5.2399806008907035e-05
1157,0.0283801332116127,0.004812951199710369,0.02330613322556019,5.220998718868941e-05
1158,0.0283797699958086,0.00481669045984745,0.023300625383853912,5.249081732472405e-05
1159,0.028379108756780624,0.004811093211174011,0.02330746129155159,5.21109759574756e-05
1160,0.028377920389175415,0.004815381020307541,0.02330005168914795,5.2497500291792676e-05
1161,0.028376353904604912,0.004810023587197065,0.023306120187044144,5.204209082876332e-05
1162,0.028374584391713142,0.004812885541468859,0.0232996866106987,5.240237805992365e-05
1163,0.028372853994369507,0.004809497855603695,0.02330341935157776,5.1987033657496795e-05
1164,0.02837127447128296,0.004810028709471226,0.023299960419535637,5.2256917115300894e-05
1165,0.028370026499032974,0.004809248261153698,0.02330103889107704,5.194749610382132e-05
1166,0.028368927538394928,0.004807463381439447,0.0233008973300457,5.2113387937424704e-05
1167,0.028368007391691208,0.004808905068784952,0.02329951897263527,5.191677337279543e-05
1168,0.02836710214614868,0.004805396310985088,0.023301735520362854,5.199377847020514e-05
1169,0.028366170823574066,0.004808143712580204,0.02329862117767334,5.188144132262096e-05
1170,0.02836516872048378,0.004803763702511787,0.023301901295781136,5.1900857215514407e-05
1171,0.028364039957523346,0.004806875716894865,0.023298010230064392,5.183081884752028e-05
1172,0.028362875804305077,0.004802469164133072,0.023301254957914352,5.18303677381482e-05
1173,0.02836160734295845,0.004805218894034624,0.02329757809638977,5.176220292923972e-05
1174,0.028360305353999138,0.004801379982382059,0.023300036787986755,5.177793718758039e-05
1175,0.02835903689265251,0.004803379066288471,0.023297257721424103,5.168014467926696e-05
1176,0.028357792645692825,0.004800388123840094,0.023298703134059906,5.174034595256671e-05
1177,0.028356632217764854,0.004801537841558456,0.023297136649489403,5.159150168765336e-05
1178,0.028355462476611137,0.0047994451597332954,0.023297429084777832,5.171772500034422e-05
1179,0.028354376554489136,0.004799792543053627,0.023297080770134926,5.1500821427907795e-05
1180,0.02835342474281788,0.004798429552465677,0.0232964139431715,5.171636075829156e-05
1181,0.02835245430469513,0.004798227921128273,0.02329717017710209,5.1411243475740775e-05
1182,0.02835160866379738,0.00479733245447278,0.023295516148209572,5.17519329150673e-05
1183,0.028350893408060074,0.004796832799911499,0.02329741045832634,5.133000740897842e-05
1184,0.028350308537483215,0.004796169698238373,0.023294832557439804,5.186141061130911e-05
1185,0.028350044041872025,0.004795692395418882,0.02329794503748417,5.12811093358323e-05
1186,0.02835024520754814,0.004795014392584562,0.02329457737505436,5.21307774761226e-05
1187,0.028351113200187683,0.004794936161488295,0.023299463093280792,5.134281309437938e-05
1188,0.02835322543978691,0.004794022999703884,0.0232953280210495,5.277453601593152e-05
1189,0.02835734747350216,0.00479504931718111,0.023303482681512833,5.176317790756002e-05
1190,0.028364919126033783,0.004793740808963776,0.023299328982830048,5.436981882667169e-05
1191,0.028378359973430634,0.004797269590198994,0.023314477875828743,5.3322346502682194e-05
1192,0.028401914983987808,0.004795922432094812,0.02331329882144928,5.853896800545044e-05
1193,0.02844282239675522,0.004805244971066713,0.0233453419059515,5.844726547366008e-05
1194,0.02851339802145958,0.004805935546755791,0.023357851430773735,6.992236740188673e-05
1195,0.02863340824842453,0.004829131066799164,0.023432593792676926,7.433680730173364e-05
1196,0.028832009062170982,0.004838197026401758,0.023489652201533318,0.00010083217057399452
1197,0.029142651706933975,0.004891085904091597,0.02365964464843273,0.00011838418868137524
1198,0.0295807383954525,0.004914383869618177,0.02380404807627201,0.00017246103379875422
1199,0.030083609744906425,0.004998207092285156,0.02406979724764824,0.00020312092965468764
1200,0.030447566881775856,0.004988953471183777,0.024176858365535736,0.0002563508751336485
1201,0.03037872165441513,0.005028626415878534,0.024216512218117714,0.0002267167146783322
1202,0.029824187979102135,0.004917982500046492,0.024023007601499557,0.00017663947073742747
1203,0.029200436547398567,0.004955684766173363,0.023839836940169334,8.098307444015518e-05
1204,0.029071995988488197,0.004894871264696121,0.023924006149172783,5.062389755039476e-05
1205,0.029517926275730133,0.005040732678025961,0.024010442197322845,9.335010690847412e-05
1206,0.03005162626504898,0.004997128155082464,0.02435177005827427,0.00014054548228159547
1207,0.03005903586745262,0.005081688053905964,0.02416190505027771,0.000163088901899755
1208,0.029452437534928322,0.004923149477690458,0.02404571697115898,9.671416773926467e-05
1209,0.028794486075639725,0.004910902585834265,0.023607363924384117,5.524391963263042e-05
1210,0.02862842194736004,0.004802161827683449,0.023487044498324394,6.784323340980336e-05
1211,0.02882980741560459,0.00483340909704566,0.023494014516472816,0.00010047658724943176
1212,0.028905631974339485,0.004834847990423441,0.023472696542739868,0.00011961768905166537
1213,0.02867826446890831,0.004817444831132889,0.023475222289562225,7.71192935644649e-05
1214,0.02846446819603443,0.004825802985578775,0.02337135747075081,5.34615246579051e-05
1215,0.028565863147377968,0.004797508008778095,0.023462824523448944,6.110630056355149e-05
1216,0.028835061937570572,0.004871411714702845,0.023571588099002838,7.84124931669794e-05
1217,0.028905441984534264,0.0048353890888392925,0.023613598197698593,9.129069076152518e-05
1218,0.02868546172976494,0.004852687940001488,0.023501679301261902,6.621885404456407e-05
1219,0.028448782861232758,0.004786770325154066,0.023397374898195267,5.292759306030348e-05
1220,0.028423506766557693,0.004806318320333958,0.023336101323366165,5.6217479141196236e-05
1221,0.0285160131752491,0.0047986493445932865,0.023392874747514725,6.489779480034485e-05
1222,0.02851761318743229,0.004796446301043034,0.02334936149418354,7.43609489290975e-05
1223,0.028415650129318237,0.0047904448583722115,0.023334011435508728,5.82388965995051e-05
1224,0.028367862105369568,0.004776917863637209,0.02333412505686283,5.136393883731216e-05
1225,0.028443610295653343,0.004810858052223921,0.023353632539510727,5.582401354331523e-05
1226,0.028533002361655235,0.004795803222805262,0.02343611977994442,6.021590161253698e-05
1227,0.028515363112092018,0.004815927240997553,0.023373372852802277,6.521261093439534e-05
1228,0.028418639674782753,0.004781149793416262,0.02337300032377243,5.289786713547073e-05
1229,0.0283578559756279,0.004790289327502251,0.02331559732556343,5.0393748097121716e-05
1230,0.028372852131724358,0.004774287808686495,0.023312481120228767,5.7216562709072605e-05
1231,0.02839655987918377,0.004780882503837347,0.023324448615312576,5.824575055157766e-05
1232,0.02837151661515236,0.004776758141815662,0.023296406492590904,5.967035031062551e-05
1233,0.028326816856861115,0.00477147800847888,0.02330070361495018,5.092682840768248e-05
1234,0.02832183428108692,0.004777160938829184,0.02329332008957863,5.027069346397184e-05
1235,0.028358696028590202,0.004770846571773291,0.02330988273024559,5.559315832215361e-05
1236,0.028387289494276047,0.00478545343503356,0.023329153656959534,5.4536256357096136e-05
1237,0.028376471251249313,0.0047728451900184155,0.023326370865106583,5.5451055231969804e-05
1238,0.02834724821150303,0.004783271346241236,0.02331271395087242,5.0252772780368105e-05
1239,0.02833540551364422,0.004768391605466604,0.023317696526646614,4.986340718460269e-05
1240,0.028344109654426575,0.004780767951160669,0.023300480097532272,5.257250086287968e-05
1241,0.028347762301564217,0.004769968334585428,0.02332111820578575,5.133537342771888e-05
1242,0.028331277891993523,0.0047754221595823765,0.023292353376746178,5.2700685046147555e-05
1243,0.028308525681495667,0.004765515681356192,0.0232939925044775,4.980326411896385e-05
1244,0.028300466015934944,0.004767084028571844,0.023284658789634705,4.9744379793992266e-05
1245,0.028308408334851265,0.00476691871881485,0.023284493014216423,5.139917993801646e-05
1246,0.028316183015704155,0.004766068886965513,0.023297488689422607,5.052486449130811e-05
1247,0.028313085436820984,0.004768426064401865,0.023284489288926125,5.2033941756235436e-05
1248,0.028304757550358772,0.004762766417115927,0.02329345792531967,4.97066939715296e-05
1249,0.028302466496825218,0.004767809994518757,0.023286117240786552,4.9707705329637975e-05
1250,0.028308534994721413,0.004762035328894854,0.023292772471904755,5.074567161500454e-05
1251,0.02831510454416275,0.004768666811287403,0.02329566515982151,5.015449642087333e-05
1252,0.028314966708421707,0.004761400632560253,0.023294981569051743,5.1716575399041176e-05
1253,0.028309522196650505,0.0047679184935987,0.023293279111385345,4.966475898982026e-05
1254,0.028305556625127792,0.004760058131068945,0.02329687401652336,4.972487658960745e-05
1255,0.02830660715699196,0.004767639096826315,0.023289216682314873,4.99501584272366e-05
1256,0.02830979973077774,0.004759761970490217,0.023302709683775902,4.946537228533998e-05
1257,0.028310328722000122,0.00476743932813406,0.023289676755666733,5.064237484475598e-05
1258,0.02830735221505165,0.004758928902447224,0.023301824927330017,4.931984221911989e-05
1259,0.028304142877459526,0.0047659859992563725,0.023290220648050308,4.9587219109525904e-05
1260,0.02830381691455841,0.004757687449455261,0.0232978668063879,4.96526226925198e-05
1261,0.0283062644302845,0.004765275400131941,0.023294322192668915,4.93331826874055e-05
1262,0.028309108689427376,0.004757417365908623,0.023299993947148323,5.0339647714281455e-05
1263,0.02831084094941616,0.004765826743096113,0.02329840697348118,4.9321464757667854e-05
1264,0.028312282636761665,0.004757189657539129,0.023305971175432205,4.982440441381186e-05
1265,0.028315801173448563,0.004767464008182287,0.023302214220166206,4.922431253362447e-05
1266,0.028323117643594742,0.00475813914090395,0.02331903949379921,4.91881110065151e-05
1267,0.02833421528339386,0.004772018175572157,0.023314829915761948,4.947348134010099e-05
1268,0.028348997235298157,0.00476142717525363,0.023342512547969818,4.901157080894336e-05
1269,0.028368642553687096,0.004780081566423178,0.023341506719589233,4.941073348163627e-05
1270,0.0283962469547987,0.004768261220306158,0.023382777348160744,4.9041485908674076e-05
1271,0.02843603678047657,0.004795254673808813,0.023395398631691933,4.907644688501023e-05
1272,0.028493378311395645,0.004783745389431715,0.023461852222681046,4.955600161338225e-05
1273,0.028573473915457726,0.004825147334486246,0.02350260689854622,4.914403325528838e-05
1274,0.0286836177110672,0.004816477652639151,0.023616207763552666,5.01862341479864e-05
1275,0.028829211369156837,0.004880708176642656,0.023702040314674377,4.929284841637127e-05
1276,0.029016152024269104,0.004877182189375162,0.023888375610113144,5.0119051593355834e-05
1277,0.029235297814011574,0.004968736320734024,0.024020494893193245,4.9213213060284033e-05
1278,0.0294653233140707,0.004961148835718632,0.024255432188510895,4.974878174834885e-05
1279,0.029645700007677078,0.0050572594627738,0.024342624470591545,4.916322723147459e-05
1280,0.02970791980624199,0.00500539829954505,0.024453679099678993,4.976848867954686e-05
1281,0.02957495115697384,0.005042908247560263,0.024286020547151566,4.920420906273648e-05
1282,0.029253419488668442,0.0049169473350048065,0.02408580854535103,5.013261761632748e-05
1283,0.02882993221282959,0.004881871398538351,0.023702384904026985,4.91349637741223e-05
1284,0.028464673087000847,0.004773432854562998,0.023441335186362267,4.998095391783863e-05
1285,0.028281785547733307,0.0047532240860164165,0.023285124450922012,4.8687394155422226e-05
1286,0.028308816254138947,0.004761965479701757,0.023301616311073303,4.9046917411033064e-05
1287,0.02847546525299549,0.004775737412273884,0.0234562698751688,4.869150507147424e-05
1288,0.028665101155638695,0.00484458077698946,0.023577040061354637,4.8695863370085135e-05
1289,0.028773965314030647,0.004827599972486496,0.02369663119316101,4.9946738727157936e-05
1290,0.02874850109219551,0.0048596966080367565,0.023642731830477715,4.9214348109671846e-05
1291,0.02861020155251026,0.004797914065420628,0.023558735847473145,5.071039777249098e-05
1292,0.02843223698437214,0.004787548910826445,0.023399874567985535,4.896247628494166e-05
1293,0.028300559148192406,0.004747115541249514,0.023305820301175117,4.952472590957768e-05
1294,0.028262775391340256,0.004743568133562803,0.023277178406715393,4.840561086894013e-05
1295,0.028311319649219513,0.004758863709867001,0.023310082033276558,4.84747979498934e-05
1296,0.028398344293236732,0.0047627720050513744,0.023389380425214767,4.9238442443311214e-05
1297,0.02846742607653141,0.004792686086148024,0.02343105524778366,4.8736979806562886e-05
1298,0.028482437133789062,0.004777024500072002,0.023454520851373672,5.017807416152209e-05
1299,0.028439505025744438,0.00478500546887517,0.023410510271787643,4.879811604041606e-05
1300,0.02836490236222744,0.004756764974445105,0.023360123857855797,4.9602516810409725e-05
1301,0.028295189142227173,0.004752097185701132,0.02330123819410801,4.837049709749408e-05
1302,0.02825842797756195,0.004740573465824127,0.023275073617696762,4.8556048568570986e-05
1303,0.028261607512831688,0.004740494769066572,0.023278336971998215,4.855499719269574e-05
1304,0.028292061761021614,0.0047504655085504055,0.02330021560192108,4.8276036977767944e-05
1305,0.028327934443950653,0.0047499448992311954,0.02333221212029457,4.915561657981016e-05
1306,0.028349654749035835,0.0047627659514546394,0.023345254361629486,4.832708873436786e-05
1307,0.02834831178188324,0.004752983804792166,0.023349573835730553,4.915082536172122e-05
1308,0.02832642011344433,0.004757267888635397,0.023328395560383797,4.815122883883305e-05
1309,0.028295189142227173,0.004743761848658323,0.023308714851737022,4.854231156059541e-05
1310,0.028267227113246918,0.004743203520774841,0.02328386902809143,4.8030833568191156e-05
1311,0.028251424431800842,0.004737135022878647,0.02327408641576767,4.80407579743769e-05
1312,0.02824997529387474,0.004736779723316431,0.023272298276424408,4.817951048607938e-05
1313,0.0282592810690403,0.004740366246551275,0.023279577493667603,4.786749559571035e-05
1314,0.028272578492760658,0.004738843068480492,0.023292120546102524,4.832289778278209e-05
1315,0.028283361345529556,0.004745921585708857,0.023298397660255432,4.780869130627252e-05
1316,0.02828749269247055,0.004740671720355749,0.023305566981434822,4.825085125048645e-05
1317,0.028284011408686638,0.004745732992887497,0.02329953946173191,4.774782064487226e-05
1318,0.028274772688746452,0.00473819812759757,0.023296382278203964,4.803854608326219e-05
1319,0.028263069689273834,0.0047402577474713326,0.023284269496798515,4.770826853928156e-05
1320,0.028252286836504936,0.004734450485557318,0.023278705775737762,4.782597170560621e-05
1321,0.028244853019714355,0.0047348616644740105,0.0232714656740427,4.7705187171231955e-05
1322,0.028241565451025963,0.004733124282211065,0.023270076140761375,4.767279460793361e-05
1323,0.028241991996765137,0.00473259249702096,0.02327083982527256,4.771208841702901e-05
1324,0.028244871646165848,0.00473428750410676,0.023272735998034477,4.756971247843467e-05
1325,0.02824864163994789,0.004732655826956034,0.023277467116713524,4.7703648306196555e-05
1326,0.02825181558728218,0.004735670983791351,0.02327868901193142,4.7491284931311384e-05
1327,0.02825363352894783,0.004732869099825621,0.023282373324036598,4.767820064444095e-05
1328,0.028253598138689995,0.00473557785153389,0.023280907422304153,4.742239252664149e-05
1329,0.028251927345991135,0.004732158035039902,0.023281561210751534,4.764165714732371e-05
1330,0.028249112889170647,0.00473393639549613,0.023278377950191498,4.735964830615558e-05
1331,0.028245577588677406,0.004730728920549154,0.023276904597878456,4.758862633025274e-05
1332,0.02824193239212036,0.004731642082333565,0.023273762315511703,4.7305562475230545e-05
1333,0.028238559141755104,0.004729242529720068,0.02327176183462143,4.751071537612006e-05
1334,0.02823573164641857,0.004729564767330885,0.02326985076069832,4.7263230953831226e-05
1335,0.028233617544174194,0.004728171043097973,0.02326839417219162,4.741026714327745e-05
1336,0.028232041746377945,0.0047280448488891125,0.023267818614840508,4.7235473175533116e-05
1337,0.028231000527739525,0.004727487917989492,0.02326701208949089,4.729990178020671e-05
1338,0.028230460360646248,0.004727035295218229,0.023267319425940514,4.722103039966896e-05
1339,0.028230175375938416,0.004727053921669722,0.02326716110110283,4.719208664027974e-05
1340,0.028230145573616028,0.0047263409942388535,0.023267734795808792,4.721405275631696e-05
1341,0.028230182826519012,0.004726711194962263,0.02326800301671028,4.709349377662875e-05
1342,0.028230322524905205,0.004725797101855278,0.02326849102973938,4.720676224678755e-05
1343,0.028230471536517143,0.004726366139948368,0.02326907590031624,4.700608042185195e-05
1344,0.02823069877922535,0.004725345876067877,0.02326938696205616,4.7193068894557655e-05
1345,0.02823094092309475,0.004726058337837458,0.023270241916179657,4.69281840196345e-05
1346,0.028231317177414894,0.004724947270005941,0.023270511999726295,4.7171553887892514e-05
1347,0.028231825679540634,0.004725813865661621,0.023271728307008743,4.6856788685545325e-05
1348,0.02823261357843876,0.004724683705717325,0.02327219396829605,4.7147099394351244e-05
1349,0.02823374979197979,0.004725779872387648,0.023274021223187447,4.678959521697834e-05
1350,0.028235388919711113,0.004724704660475254,0.02327502705156803,4.713111775345169e-05
1351,0.02823777310550213,0.004726187326014042,0.02327795885503292,4.67250392830465e-05
1352,0.028241239488124847,0.004725301172584295,0.023280231282114983,4.714141323347576e-05
1353,0.02824622392654419,0.004727489314973354,0.023285403847694397,4.666612949222326e-05
1354,0.028253404423594475,0.004727100487798452,0.023290276527404785,4.720552169601433e-05
1355,0.028263665735721588,0.004730548709630966,0.023299984633922577,4.662660649046302e-05
1356,0.02827848307788372,0.00473135756328702,0.023310258984565735,4.737338895210996e-05
1357,0.028299903497099876,0.00473729707300663,0.02332937903702259,4.664530206355266e-05
1358,0.028331059962511063,0.004740868229418993,0.023351460695266724,4.774623812409118e-05
1359,0.028376204892992973,0.0047518424689769745,0.02339024469256401,4.682371945818886e-05
1360,0.028441939502954483,0.004761529620736837,0.023437725380063057,4.853695281781256e-05
1361,0.028536424040794373,0.004782638046890497,0.023516763001680374,4.740463919006288e-05
1362,0.02867145650088787,0.004804830998182297,0.02361569181084633,5.0186863518320024e-05
1363,0.028857775032520294,0.0048445905558764935,0.02376861870288849,4.8913017963059247e-05
1364,0.029106779024004936,0.004887040238827467,0.023952342569828033,5.347921251086518e-05
1365,0.02941078320145607,0.00495099974796176,0.024198811501264572,5.2194231102475896e-05
1366,0.02974407561123371,0.005005975719541311,0.02444218099117279,5.9183792473049834e-05
1367,0.030019987374544144,0.005067096557468176,0.02466532588005066,5.7513050705892965e-05
1368,0.030132681131362915,0.005073217209428549,0.024729806929826736,6.593119906028733e-05
1369,0.029957085847854614,0.00505078537389636,0.024597518146038055,6.175618909765035e-05
1370,0.0295026246458292,0.004945062566548586,0.02421950176358223,6.761211989214644e-05
1371,0.02891414798796177,0.004844828974455595,0.023774277418851852,5.9008241805713624e-05
1372,0.02844642847776413,0.0047485800459980965,0.023397693410515785,6.003094676998444e-05
1373,0.028273243457078934,0.0047220103442668915,0.023296887055039406,5.086931196274236e-05
1374,0.028393389657139778,0.004756221082061529,0.023385649546980858,5.030377360526472e-05
1375,0.028655214235186577,0.0047997902147471905,0.023624906316399574,4.610362884704955e-05
1376,0.02886100299656391,0.004854832775890827,0.023774757981300354,4.628269380191341e-05
1377,0.0288794357329607,0.00484263664111495,0.023800097405910492,4.7340425226138905e-05
1378,0.02870226465165615,0.004816723056137562,0.02365006133913994,4.709630593424663e-05
1379,0.028449365869164467,0.004756778012961149,0.02344159595668316,5.0198170356452465e-05
1380,0.028270933777093887,0.004724306520074606,0.023305976763367653,4.8129932110896334e-05
1381,0.028249528259038925,0.004720821511000395,0.023274363949894905,5.086844612378627e-05
1382,0.028355762362480164,0.00474098976701498,0.0233764685690403,4.7660516429459676e-05
1383,0.02848796173930168,0.004771326668560505,0.0234682634472847,4.9674417823553085e-05
1384,0.028547922149300575,0.004781449679285288,0.02353311888873577,4.6670891606481746e-05
1385,0.02849692851305008,0.004772431682795286,0.023484311997890472,4.803705451195128e-05
1386,0.028373345732688904,0.004747016821056604,0.0233963243663311,4.600099418894388e-05
1387,0.028254162520170212,0.004722469951957464,0.02329830825328827,4.667665416491218e-05
1388,0.02820213884115219,0.0047120023518800735,0.023260321468114853,4.596312282956205e-05
1389,0.028227871283888817,0.004717464558780193,0.023280706256628036,4.5939741539768875e-05
1390,0.02829425036907196,0.004729436244815588,0.023332415148615837,4.647959940484725e-05
1391,0.028348594903945923,0.0047423518262803555,0.023377273231744766,4.57938585896045e-05
1392,0.028356283903121948,0.004741046577692032,0.023379625752568245,4.712239024229348e-05
1393,0.02831774577498436,0.004735426511615515,0.023352820426225662,4.5899687393102795e-05
1394,0.028260227292776108,0.004721504170447588,0.023301346227526665,4.747561615658924e-05
1395,0.02821733057498932,0.004713265225291252,0.0232742540538311,4.596235157805495e-05
1396,0.028207402676343918,0.004711200948804617,0.023258991539478302,4.7441797505598515e-05
1397,0.028226478025317192,0.00471324659883976,0.023283744230866432,4.589751551975496e-05
1398,0.028255267068743706,0.004721242934465408,0.023298293352127075,4.714621900347993e-05
1399,0.02827322483062744,0.004721888341009617,0.023322682827711105,4.5730979763902724e-05
1400,0.028269903734326363,0.00472414493560791,0.023312149569392204,4.672177237807773e-05
1401,0.028248371556401253,0.0047172256745398045,0.023303544148802757,4.552030804916285e-05
1402,0.02822103723883629,0.004713803995400667,0.02327585592865944,4.627542512025684e-05
1403,0.028200671076774597,0.0047084190882742405,0.023265544325113297,4.5341785153141245e-05
1404,0.028194352984428406,0.00470765819773078,0.023257173597812653,4.590405660565011e-05
1405,0.028200579807162285,0.004709027707576752,0.023265358060598373,4.523883035290055e-05
1406,0.028212441131472588,0.0047105527482926846,0.023273682221770287,4.5641278120456263e-05
1407,0.028221840038895607,0.004713498521596193,0.023282360285520554,4.519623689702712e-05
1408,0.0282236710190773,0.004712243564426899,0.023284154012799263,4.545441333903e-05
1409,0.028217552229762077,0.004712343215942383,0.023279279470443726,4.518573041423224e-05
1410,0.028206801041960716,0.004708583001047373,0.023271705955266953,4.530262958724052e-05
1411,0.028196167200803757,0.0047073508612811565,0.02326285094022751,4.519310823525302e-05
1412,0.028189312666654587,0.004705124069005251,0.02325833961367607,4.516994522418827e-05
1413,0.028187653049826622,0.004704754799604416,0.023256858810782433,4.520773291005753e-05
1414,0.028190268203616142,0.004705514293164015,0.023259470239281654,4.505678589339368e-05
1415,0.028194647282361984,0.004705321975052357,0.023263225331902504,4.521971277426928e-05
1416,0.028198422864079475,0.004707217216491699,0.023266393691301346,4.496240944718011e-05
1417,0.028199782595038414,0.004705723375082016,0.023267904296517372,4.52311614935752e-05
1418,0.02819836139678955,0.004706936422735453,0.023267019540071487,4.488116974243894e-05
1419,0.028194930404424667,0.004704492632299662,0.023264117538928986,4.5264016080182046e-05
1420,0.028190698474645615,0.00470472639426589,0.023261919617652893,4.4810429244535044e-05
1421,0.0281869824975729,0.004702871199697256,0.02325732633471489,4.535707557806745e-05
1422,0.028184788301587105,0.0047025554813444614,0.023258429020643234,4.476089816307649e-05
1423,0.028184419497847557,0.004702408332377672,0.023254137486219406,4.5574703108286485e-05
1424,0.028185835108160973,0.004701598081737757,0.02326035685837269,4.477617403608747e-05
1425,0.028188718482851982,0.004703109618276358,0.02325534075498581,4.605359208653681e-05
1426,0.028192855417728424,0.004701598081737757,0.02326630800962448,4.498997441260144e-05
1427,0.028198547661304474,0.004704371094703674,0.023258505389094353,4.71340972580947e-05
1428,0.028206564486026764,0.004702312406152487,0.02327519655227661,4.581090252031572e-05
1429,0.028218816965818405,0.004706428851932287,0.023263877257704735,4.970214649802074e-05
1430,0.028238598257303238,0.004704753868281841,0.023291608318686485,4.844746217713691e-05
1431,0.02827148325741291,0.004711764398962259,0.023279186338186264,5.610661537502892e-05
1432,0.028326304629445076,0.004712895955890417,0.02333170734345913,5.634004992316477e-05
1433,0.028416814282536507,0.004727147053927183,0.023327311500906944,7.247105531860143e-05
1434,0.028562968596816063,0.0047365399077534676,0.023434074595570564,7.84704607212916e-05
1435,0.028789380565285683,0.004767033737152815,0.023459361866116524,0.00011259705934207886
1436,0.02911461517214775,0.004792392253875732,0.023663487285375595,0.0001317471032962203
1437,0.029521264135837555,0.004843498580157757,0.023723842576146126,0.00019078460172750056
1438,0.029904009774327278,0.0048688240349292755,0.023977920413017273,0.00021145321079529822
1439,0.030044803395867348,0.004891169723123312,0.02390153333544731,0.0002504199219401926
1440,0.029731305316090584,0.004841810092329979,0.02389199286699295,0.00019950035493820906
1441,0.029029948636889458,0.004780437797307968,0.023521656170487404,0.00014557108806911856
1442,0.02837078645825386,0.004711440298706293,0.02334240823984146,6.338753155432642e-05
1443,0.02817935310304165,0.004697798751294613,0.023259809240698814,4.434933725860901e-05
1444,0.028467761352658272,0.00472862645983696,0.023339295759797096,7.996799831744283e-05
1445,0.028867684304714203,0.004757808521389961,0.023544738069176674,0.0001130275777541101
1446,0.028976349160075188,0.004772890359163284,0.02350275218486786,0.00014014128828421235
1447,0.02869550697505474,0.004741230513900518,0.023474112153053284,9.603275975678116e-05
1448,0.028308847919106483,0.0047104498371481895,0.023286303505301476,6.241927621886134e-05
1449,0.02817203290760517,0.004696032498031855,0.023250048980116844,4.519054346019402e-05
1450,0.02834027260541916,0.004709416069090366,0.02333018183708191,6.01352185185533e-05
1451,0.028562014922499657,0.0047334642149508,0.023366758599877357,9.235837205778807e-05
1452,0.028579453006386757,0.00473299203440547,0.023432603105902672,8.277151937363669e-05
1453,0.02838590368628502,0.00471919821575284,0.023314988240599632,7.034368900349364e-05
1454,0.028196919709444046,0.004697697702795267,0.023270726203918457,4.5699292968492955e-05
1455,0.028188683092594147,0.004695562180131674,0.023265168070793152,4.5590662921313196e-05
1456,0.02831791155040264,0.004710442386567593,0.023289723321795464,6.354926154017448e-05
1457,0.028408076614141464,0.0047165146097540855,0.023365771397948265,6.515825225505978e-05
1458,0.02835707925260067,0.004716076888144016,0.02330581471323967,6.703755934722722e-05
1459,0.028231024742126465,0.004699439741671085,0.023288054391741753,4.870594057138078e-05
1460,0.028165189549326897,0.0046934145502746105,0.023250026628375053,4.434959191712551e-05
1461,0.0282068382948637,0.004698606673628092,0.023257752880454063,5.009579035686329e-05
1462,0.028282219544053078,0.0047036828473210335,0.023311955854296684,5.331594729796052e-05
1463,0.028297170996665955,0.004708209540694952,0.02328525297343731,6.0741589550161734e-05
1464,0.028239337727427483,0.004698597826063633,0.023291468620300293,4.9854472308652475e-05
1465,0.02817552722990513,0.004693773575127125,0.023249220103025436,4.650694245356135e-05
1466,0.028166664764285088,0.004692810587584972,0.023249123245477676,4.494585300562903e-05
1467,0.028205638751387596,0.004695531912147999,0.023276377469301224,4.6745957661187276e-05
1468,0.02823794074356556,0.00470027094706893,0.02326643466949463,5.424701885203831e-05
1469,0.028226982802152634,0.004696506541222334,0.023285936564207077,4.8907866585068405e-05
1470,0.02818760834634304,0.00469407020136714,0.023252055048942566,4.829634781344794e-05
1471,0.02816101163625717,0.004690851550549269,0.02325170673429966,4.369046655483544e-05
1472,0.028167851269245148,0.004690875764936209,0.023257216438651085,4.395176802063361e-05
1473,0.028191670775413513,0.004694275092333555,0.02325320616364479,4.883764268015511e-05
1474,0.028202656656503677,0.004693132825195789,0.023275485262274742,4.6807617763988674e-05
1475,0.028189776465296745,0.0046937414444983006,0.023252829909324646,4.864103175350465e-05
1476,0.028167521581053734,0.004690065979957581,0.023257846012711525,4.392206756165251e-05
1477,0.028156939893960953,0.004689596127718687,0.023249028250575066,4.366289431345649e-05
1478,0.028163734823465347,0.004690063185989857,0.023247836157679558,4.5166896597947925e-05
1479,0.028176266700029373,0.004690439905971289,0.023262856528162956,4.459386400412768e-05
1480,0.028179960325360298,0.004691795911639929,0.023251214995980263,4.738986535812728e-05
1481,0.028171423822641373,0.00468987924978137,0.02326078526675701,4.415177318151109e-05
1482,0.028159383684396744,0.004689023829996586,0.023247813805937767,4.4508848077384755e-05
1483,0.028154119849205017,0.004688287619501352,0.023248206824064255,4.352499672677368e-05
1484,0.02815782092511654,0.004687590058892965,0.023253343999385834,4.3377171095926315e-05
1485,0.02816433273255825,0.004689596593379974,0.023247523233294487,4.5442619011737406e-05
1486,0.02816646173596382,0.0046877688728272915,0.02325950190424919,4.3838153942488134e-05
1487,0.02816220559179783,0.00468920124694705,0.023247255012392998,4.5149849029257894e-05
1488,0.028155719861388206,0.00468640448525548,0.023253174498677254,4.322828317526728e-05
1489,0.02815239690244198,0.004687687382102013,0.02324763871729374,4.3414253013907e-05
1490,0.028154030442237854,0.004686292726546526,0.023249220103025436,4.3703730625566095e-05
1491,0.028158310800790787,0.00468830019235611,0.02325419709086418,4.316274862503633e-05
1492,0.028161607682704926,0.0046868580393493176,0.023251932114362717,4.4563435949385166e-05
1493,0.028162622824311256,0.00468954024836421,0.023257363587617874,4.314387115300633e-05
1494,0.028163237497210503,0.0046862345188856125,0.023257749155163765,4.3850799556821585e-05
1495,0.028167152777314186,0.004692036658525467,0.02325987070798874,4.3049134546890855e-05
1496,0.028177760541439056,0.004687075037509203,0.0232754684984684,4.304338654037565e-05
1497,0.028197741135954857,0.0046996078453958035,0.02327873930335045,4.387859007692896e-05
1498,0.028230411931872368,0.004693819675594568,0.023320812731981277,4.3156000174349174e-05
1499,0.02828328311443329,0.004719257820397615,0.023341365158557892,4.45321602455806e-05
1500,0.028370581567287445,0.004717300180345774,0.02343721315264702,4.321392407291569e-05
1501,0.02851799875497818,0.004772141110152006,0.023525236174464226,4.4124171836301684e-05
1502,0.02876376360654831,0.0047903205268085,0.02375803142786026,4.308212373871356e-05
1503,0.02916371077299118,0.004911951255053282,0.02403389848768711,4.3572224967647344e-05
1504,0.029770759865641594,0.004984675440937281,0.024570407345891,4.313557656132616e-05
1505,0.030608858913183212,0.005214821547269821,0.02517506666481495,4.379395613796078e-05
1506,0.031523868441581726,0.005329746287316084,0.025976242497563362,4.357628131401725e-05
1507,0.032136764377355576,0.0055232266895473,0.02638590894639492,4.5525881432695314e-05
1508,0.03183041885495186,0.005393000785261393,0.026213370263576508,4.480959614738822e-05
1509,0.030500268563628197,0.005172376520931721,0.025089537724852562,4.7670826461398974e-05
1510,0.028896048665046692,0.004820230882614851,0.023851653560996056,4.4832569983555004e-05
1511,0.02817106805741787,0.004689565859735012,0.023250535130500793,4.619321407517418e-05
1512,0.028632881119847298,0.004788275342434645,0.02363090217113495,4.274049570085481e-05
1513,0.029537245631217957,0.004959309007972479,0.024362504482269287,4.308618008508347e-05
1514,0.0298855472356081,0.00504252640530467,0.024622265249490738,4.4151089241495356e-05
1515,0.02932368405163288,0.004908087197691202,0.024192508310079575,4.461767093744129e-05
1516,0.028484176844358444,0.004750833380967379,0.023486705496907234,4.932762749376707e-05
1517,0.02820061519742012,0.004691344685852528,0.02328043431043625,4.5767577830702066e-05
1518,0.028582103550434113,0.0047654323279857635,0.023583894595503807,4.655526208807714e-05
1519,0.029016176238656044,0.004871282260864973,0.023933004587888718,4.2377636418677866e-05
1520,0.02895444817841053,0.004832621663808823,0.0239076130092144,4.284266469767317e-05
1521,0.02850937657058239,0.0047608367167413235,0.0235104002058506,4.762789831147529e-05
1522,0.028208410367369652,0.004686375614255667,0.023287298157811165,4.694708331953734e-05
1523,0.028318285942077637,0.004707695450633764,0.023358885198831558,5.0340797315584496e-05
1524,0.028582599014043808,0.00478290906175971,0.023580607026815414,4.3816373363370076e-05
1525,0.028622688725590706,0.004764143843203783,0.023642433807253838,4.322228051023558e-05
1526,0.02840302884578705,0.004744767211377621,0.023435305804014206,4.459108458831906e-05
1527,0.028203753754496574,0.0046836636029183865,0.02329334430396557,4.534892286756076e-05
1528,0.028230201452970505,0.004690570291131735,0.023285716772079468,5.07826371176634e-05
1529,0.028379913419485092,0.004737177863717079,0.023415524512529373,4.544204784906469e-05
1530,0.028425060212612152,0.004724695812910795,0.023473825305700302,4.5307562686502934e-05
1531,0.0283090528100729,0.00472646439447999,0.02336900308728218,4.271699071978219e-05
1532,0.02818092703819275,0.004680917598307133,0.023284075781702995,4.31864864367526e-05
1533,0.02818048745393753,0.004683859180659056,0.023256409913301468,4.804358832188882e-05
1534,0.02827087603509426,0.004710881505161524,0.023333370685577393,4.532490493147634e-05
1535,0.02831427939236164,0.004703868180513382,0.023375459015369415,4.699031342170201e-05
1536,0.028253521770238876,0.004711986985057592,0.023329079151153564,4.249119956512004e-05
1537,0.028165042400360107,0.004679693840444088,0.023273443803191185,4.23812962253578e-05
1538,0.02814694494009018,0.0046801879070699215,0.023244153708219528,4.452067878446542e-05
1539,0.02819979377090931,0.004694197326898575,0.023286959156394005,4.372751936898567e-05
1540,0.028243165463209152,0.004691916983574629,0.023316895589232445,4.687058390118182e-05
1541,0.028221609070897102,0.0047013708390295506,0.0233054980635643,4.2948035115841776e-05
1542,0.028163060545921326,0.004679922480136156,0.023267291486263275,4.3169522541575134e-05
1543,0.028132785111665726,0.004678627010434866,0.02324226126074791,4.2379251681268215e-05
1544,0.02815384976565838,0.004683956503868103,0.02325877733528614,4.222303323331289e-05
1545,0.02818928100168705,0.004683717619627714,0.023280126973986626,4.508717393036932e-05
1546,0.02819395251572132,0.004693282302469015,0.023286499083042145,4.283397356630303e-05
1547,0.02816443331539631,0.004680009093135595,0.023264070972800255,4.4070384319638833e-05
1548,0.028134802356362343,0.004678767174482346,0.023246727883815765,4.186144360573962e-05
1549,0.028132764622569084,0.004678783938288689,0.023244492709636688,4.189762330497615e-05
1550,0.02815181389451027,0.004677846562117338,0.023259010165929794,4.299115971662104e-05
1551,0.028165303170681,0.0046868715435266495,0.02326817438006401,4.205129516776651e-05
1552,0.02815808169543743,0.004678491037338972,0.023260947316884995,4.372853072709404e-05
1553,0.02813969925045967,0.004679445642977953,0.023251105099916458,4.182997508905828e-05
1554,0.02812909334897995,0.004676437471061945,0.023240886628627777,4.235398955643177e-05
1555,0.02813328243792057,0.004674621857702732,0.023249462246894836,4.183984128758311e-05
1556,0.028142953291535378,0.004681912716478109,0.02325296774506569,4.1614450310589746e-05
1557,0.028145529329776764,0.004675689619034529,0.023257052525877953,4.255743624526076e-05
1558,0.028138432651758194,0.0046796114183962345,0.023250799626111984,4.160440948908217e-05
1559,0.028129471465945244,0.004674699157476425,0.023242518305778503,4.245084710419178e-05
1560,0.028126688674092293,0.004673750139772892,0.023245161399245262,4.155516216997057e-05
1561,0.028130371123552322,0.004677940625697374,0.023243317380547523,4.18225972680375e-05
1562,0.02813442051410675,0.004673215094953775,0.023252449929714203,4.175135836703703e-05
1563,0.02813364565372467,0.004678850993514061,0.023247184231877327,4.1522111132508144e-05
1564,0.028128579258918762,0.004672955255955458,0.0232457984238863,4.1964951378759e-05
1565,0.028124017640948296,0.004674270749092102,0.0232424046844244,4.1468407289357856e-05
1566,0.028123321011662483,0.004674464929848909,0.023239538073539734,4.186375008430332e-05
1567,0.028125781565904617,0.004671898670494556,0.023246461525559425,4.148412335780449e-05
1568,0.02812778577208519,0.004676854703575373,0.023242777213454247,4.163085759500973e-05
1569,0.028126873075962067,0.004671578761190176,0.023247625678777695,4.1533592593623325e-05
1570,0.028123626485466957,0.004675023723393679,0.023241212591528893,4.1477953345747665e-05
1571,0.028120601549744606,0.004671855829656124,0.023241067305207253,4.153581176069565e-05
1572,0.028119821101427078,0.004671887960284948,0.023240886628627777,4.1409115510759875e-05
1573,0.028120920062065125,0.00467377295717597,0.023239756003022194,4.147812069277279e-05
1574,0.028122099116444588,0.004670682363212109,0.02324461005628109,4.136163988732733e-05
1575,0.02812197618186474,0.004674420226365328,0.023240437731146812,4.142371108173393e-05
1576,0.028120312839746475,0.004670396447181702,0.023243438452482224,4.129542503505945e-05
1577,0.028118373826146126,0.004672483541071415,0.023238904774188995,4.139740121900104e-05
1578,0.028117243200540543,0.004671052563935518,0.02324007824063301,4.122249811189249e-05
1579,0.028117144480347633,0.004670535679906607,0.023239823058247566,4.13571615354158e-05
1580,0.02811758778989315,0.004672209732234478,0.023239467293024063,4.118197102798149e-05
1581,0.02811761572957039,0.004669658374041319,0.023241668939590454,4.125773557461798e-05
1582,0.028116930276155472,0.004672071430832148,0.02323886938393116,4.119815639569424e-05
1583,0.028115833178162575,0.004669469781219959,0.023240728303790092,4.112691749469377e-05
1584,0.028114838525652885,0.004670655820518732,0.023237934336066246,4.124976112507284e-05
1585,0.028114350512623787,0.004669938702136278,0.023239294067025185,4.102379170944914e-05
1586,0.028114257380366325,0.004669393412768841,0.023238569498062134,4.1258746932726353e-05
1587,0.028114192187786102,0.004670456051826477,0.0232388935983181,4.096847987966612e-05
1588,0.028113843873143196,0.004668724723160267,0.02323925867676735,4.117221033084206e-05
1589,0.028113145381212234,0.004670088179409504,0.023238249123096466,4.096196062164381e-05
1590,0.028112323954701424,0.004668537527322769,0.023238642141222954,4.1028830310096964e-05
1591,0.028111694380640984,0.004669086076319218,0.023237640038132668,4.099346915609203e-05
1592,0.028111273422837257,0.004668733570724726,0.023238053545355797,4.0897397411754355e-05
1593,0.028111087158322334,0.004668185953050852,0.023237794637680054,4.1021259676199406e-05
1594,0.02811085246503353,0.004668875131756067,0.023237939924001694,4.080747385160066e-05
1595,0.028110506013035774,0.004667663015425205,0.023237846791744232,4.099952639080584e-05
1596,0.028110003098845482,0.004668493289500475,0.02323772944509983,4.075631295563653e-05
1597,0.028109408915042877,0.004667480941861868,0.023237325251102448,4.0920440369518474e-05
1598,0.028108837082982063,0.0046676937490701675,0.023237472400069237,4.073426316608675e-05
1599,0.028108349069952965,0.004667528904974461,0.023236749693751335,4.08139567298349e-05
1600,0.028107980266213417,0.004666926804929972,0.02323741652071476,4.072734009241685e-05
1601,0.02810768596827984,0.0046675438061356544,0.023236572742462158,4.071412331541069e-05
1602,0.028107333928346634,0.004666419234126806,0.02323734201490879,4.0714567148825154e-05
1603,0.028106899932026863,0.004667236935347319,0.023236481472849846,4.0636285120854154e-05
1604,0.028106465935707092,0.004666181746870279,0.02323688380420208,4.068034832016565e-05
1605,0.028105955570936203,0.004666625987738371,0.023236433044075966,4.0579343476565555e-05
1606,0.02810552343726158,0.00466613844037056,0.023236257955431938,4.062549123773351e-05
1607,0.028105080127716064,0.004665919579565525,0.02323649451136589,4.053354496136308e-05
1608,0.02810472808778286,0.004666117951273918,0.02323579601943493,4.056289617437869e-05
1609,0.02810433693230152,0.004665340296924114,0.023236559703946114,4.04877464461606e-05
1610,0.028103938326239586,0.0046659596264362335,0.02323545143008232,4.050527059007436e-05
1611,0.02810356393456459,0.004664939362555742,0.02323644980788231,4.043493026983924e-05
1612,0.02810312993824482,0.0046655889600515366,0.023235253989696503,4.0457354771206155e-05
1613,0.028102722018957138,0.0046646855771541595,0.023236162960529327,4.037485632579774e-05
1614,0.028102263808250427,0.00466507812961936,0.023235101252794266,4.041684587718919e-05
1615,0.028101854026317596,0.004664526786655188,0.023235764354467392,4.031232310808264e-05
1616,0.0281014833599329,0.0046645463444292545,0.02323504164814949,4.03789927077014e-05
1617,0.02810104936361313,0.004664365202188492,0.023235425353050232,4.025176167488098e-05
1618,0.02810066193342209,0.004664079286158085,0.023234888911247253,4.03389785788022e-05
1619,0.028100281953811646,0.004664128180593252,0.023235181346535683,4.0194565372075886e-05
1620,0.028099870309233665,0.0046637156046926975,0.02323467656970024,4.0295864891959354e-05
1621,0.028099503368139267,0.004663779865950346,0.023235023021697998,4.014006844954565e-05
1622,0.028099067509174347,0.004663464147597551,0.023234348744153976,4.025101225124672e-05
1623,0.028098691254854202,0.0046633342280983925,0.023234928026795387,4.008546602563001e-05
1624,0.028098339214920998,0.004663261119276285,0.023234033957123756,4.020876804133877e-05
1625,0.028097910806536674,0.004662852268666029,0.02323492057621479,4.002752757514827e-05
1626,0.028097542002797127,0.004663099069148302,0.023233570158481598,4.017459286842495e-05
1627,0.028097204864025116,0.004662375431507826,0.023235013708472252,3.996298255515285e-05
1628,0.02809687703847885,0.004662930965423584,0.023233160376548767,4.015697413706221e-05
1629,0.028096573427319527,0.004661910235881805,0.02323521487414837,3.988952448708005e-05
1630,0.028096264228224754,0.004662764258682728,0.023232661187648773,4.016783714178018e-05
1631,0.028096092864871025,0.004661480896174908,0.023235570639371872,3.980801557190716e-05
1632,0.028095968067646027,0.004662657622247934,0.02323216199874878,4.022980647278018e-05
1633,0.02809595875442028,0.004661048296838999,0.02323627844452858,3.9726564864395186e-05
1634,0.028096161782741547,0.004662678577005863,0.02323153242468834,4.039024133817293e-05
1635,0.02809678018093109,0.004660622216761112,0.02323777973651886,3.967572047258727e-05
1636,0.028097836300730705,0.004662994761019945,0.02323104813694954,4.075893230037764e-05
1637,0.028099898248910904,0.004660232458263636,0.02324089966714382,3.9753384044161066e-05
1638,0.028103429824113846,0.004664040636271238,0.023231370374560356,4.1603754652896896e-05
1639,0.02810940518975258,0.00466018496081233,0.023247914388775826,4.026124224765226e-05
1640,0.028119433671236038,0.0046667540445923805,0.023234590888023376,4.3617856135824695e-05
1641,0.02813628315925598,0.004661418031901121,0.02326430007815361,4.211276973364875e-05
1642,0.028164641931653023,0.004673568066209555,0.023247690871357918,4.8676462029106915e-05
1643,0.028212249279022217,0.00466699106618762,0.02330509014427662,4.8033536586444825e-05
1644,0.028292043134570122,0.004690968431532383,0.023291530087590218,6.190862040966749e-05
1645,0.02842394821345806,0.0046857125125825405,0.02340950071811676,6.57468190183863e-05
1646,0.028637485578656197,0.004734656307846308,0.023421427235007286,9.628068073652685e-05
1647,0.028966369107365608,0.004737588576972485,0.02366296760737896,0.00011316264135530218
1648,0.029431084170937538,0.004828839562833309,0.023733781650662422,0.0001736929261824116
1649,0.029983723536133766,0.00483481353148818,0.024124300107359886,0.00020492200565058738
1650,0.030444953590631485,0.004940416663885117,0.024143341928720474,0.0002722390927374363
1651,0.030500201508402824,0.004873083438724279,0.024374274536967278,0.00025056852609850466
1652,0.02997002936899662,0.004889407195150852,0.023995637893676758,0.0002169970393879339
1653,0.029115434736013412,0.004747924394905567,0.02384093403816223,0.00010531547741265967
1654,0.028544984757900238,0.004767210688441992,0.023534178733825684,4.871878627454862e-05
1655,0.02858378365635872,0.004738365765661001,0.02357814647257328,5.3454128646990284e-05
1656,0.028976239264011383,0.004799108952283859,0.023700779303908348,9.527032671030611e-05
1657,0.02917570248246193,0.004779494367539883,0.023655537515878677,0.00014813376765232533
1658,0.028885899111628532,0.004740721080452204,0.02357325330376625,0.0001143851040978916
1659,0.028355151414871216,0.004682914353907108,0.023299654945731163,7.451631972799078e-05
1660,0.028096163645386696,0.0046568443067371845,0.02324257232248783,3.9349357393803075e-05
1661,0.028290145099163055,0.004689933732151985,0.023337265476584435,5.258935925667174e-05
1662,0.028628429397940636,0.004715560935437679,0.02344667725265026,9.32384209590964e-05
1663,0.028711330145597458,0.004746714606881142,0.023538712412118912,8.518046524841338e-05
1664,0.02848033979535103,0.0047059813514351845,0.02343061938881874,6.874795508338138e-05
1665,0.028229989111423492,0.004700226243585348,0.023330315947532654,3.988928074249998e-05
1666,0.028212692588567734,0.00466200290247798,0.02333074063062668,4.398953024065122e-05
1667,0.028358332812786102,0.004694090690463781,0.023308947682380676,7.105870463419706e-05
1668,0.02841932140290737,0.004678589291870594,0.023394856601953506,6.917516293469816e-05
1669,0.02829456888139248,0.0046860408037900925,0.023289190605282784,6.386754830600694e-05
1670,0.028126906603574753,0.00466156704351306,0.02325914055109024,4.1239629354095086e-05
1671,0.028096545487642288,0.004654719959944487,0.023242436349391937,3.987761738244444e-05
1672,0.028201216831803322,0.004674952942878008,0.023254433646798134,5.436604988062754e-05
1673,0.02828962728381157,0.004667912144213915,0.023347698152065277,5.480346590047702e-05
1674,0.02826046757400036,0.004689985420554876,0.023286575451493263,5.6781100283842534e-05
1675,0.0281665176153183,0.004657438024878502,0.02329997345805168,4.1821174818323925e-05
1676,0.02812315709888935,0.004673961084336042,0.023253072053194046,3.922453470295295e-05
1677,0.028160717338323593,0.0046625640243291855,0.023274701088666916,4.469049963518046e-05
1678,0.028206052258610725,0.004680028185248375,0.023301061242818832,4.49927247245796e-05
1679,0.028188996016979218,0.004669145680963993,0.02327387034893036,4.919614366372116e-05
1680,0.028125274926424026,0.004664916545152664,0.023257095366716385,4.065250323037617e-05
1681,0.028083670884370804,0.004654298070818186,0.023232392966747284,3.939623275073245e-05
1682,0.02809755876660347,0.0046591064892709255,0.023230521008372307,4.1586081351852044e-05
1683,0.028133656829595566,0.004662088584154844,0.023262832313776016,4.1747221985133365e-05
1684,0.02814292535185814,0.004662962630391121,0.02324892207980156,4.620814070221968e-05
1685,0.028118189424276352,0.004663216881453991,0.02325304225087166,4.038575934828259e-05
1686,0.028093038126826286,0.004653197713196278,0.02324066311120987,3.98355296056252e-05
1687,0.028095301240682602,0.004663483705371618,0.02323245257139206,3.987296804552898e-05
1688,0.028116470202803612,0.004653088748455048,0.023262862116098404,4.010371048934758e-05
1689,0.028128258883953094,0.004667238797992468,0.023238131776452065,4.457754039322026e-05
1690,0.028117358684539795,0.004652469884604216,0.023262104019522667,4.055679164594039e-05
1691,0.028096990659832954,0.004662361927330494,0.023230310529470444,4.086370609002188e-05
1692,0.028087526559829712,0.00465196231380105,0.0232416819781065,3.8776532164774835e-05
1693,0.02809334546327591,0.004660571925342083,0.02323918789625168,3.871707303915173e-05
1694,0.028101695701479912,0.004654982592910528,0.02323838695883751,4.1665214666863903e-05
1695,0.028099840506911278,0.004659096710383892,0.02324347198009491,3.945429853047244e-05
1696,0.028088396415114403,0.004653384443372488,0.02323218435049057,4.056553734699264e-05
1697,0.02807840146124363,0.004655867349356413,0.023229915648698807,3.852345980703831e-05
1698,0.028077544644474983,0.004652014467865229,0.02323302999138832,3.850030407193117e-05
1699,0.028083033859729767,0.0046554687432944775,0.023225832730531693,4.0346214518649504e-05
1700,0.028086557984352112,0.004653015173971653,0.02323867380619049,3.8973976188572124e-05
1701,0.028083646669983864,0.0046545579098165035,0.023226629942655563,4.049148628837429e-05
1702,0.0280773863196373,0.004653133451938629,0.02323213219642639,3.842415753751993e-05
1703,0.028073864057660103,0.004652275238186121,0.023228568956255913,3.860397919197567e-05
1704,0.02807524986565113,0.00465387711301446,0.02322557009756565,3.916049172403291e-05
1705,0.02807876467704773,0.004651281982660294,0.023235104978084564,3.847559855785221e-05
1706,0.028080139309167862,0.004655132535845041,0.023225031793117523,3.999496402684599e-05
1707,0.02807816118001938,0.004650519695132971,0.023235727101564407,3.83828446501866e-05
1708,0.028075052425265312,0.004654976073652506,0.023225314915180206,3.8952559407334775e-05
1709,0.02807377278804779,0.004649897571653128,0.023231685161590576,3.843784361379221e-05
1710,0.02807515300810337,0.004655032884329557,0.02322886884212494,3.82500329578761e-05
1711,0.0280775036662817,0.004650217946618795,0.023231960833072662,3.9064827433321625e-05
1712,0.028078867122530937,0.0046560801565647125,0.023231860250234604,3.818540062638931e-05
1713,0.02807879075407982,0.004649666603654623,0.023234810680150986,3.886257400154136e-05
1714,0.028078649193048477,0.004657355137169361,0.023230265825986862,3.820568599621765e-05
1715,0.028079990297555923,0.004648114554584026,0.02324056625366211,3.826175816357136e-05
1716,0.02808370068669319,0.004659987520426512,0.02323026768863201,3.8688845961587504e-05
1717,0.02808941900730133,0.004647253081202507,0.023251572623848915,3.811849819612689e-05
1718,0.028096813708543777,0.004664634354412556,0.023236675187945366,3.910052328137681e-05
1719,0.028106488287448883,0.0046476698480546474,0.023268312215805054,3.810103589785285e-05
1720,0.028120432049036026,0.0046726069413125515,0.02325352653861046,3.885962360072881e-05
1721,0.028141828253865242,0.004651145543903112,0.023300427943468094,3.805075175478123e-05
1722,0.02817459963262081,0.004688671790063381,0.023293830454349518,3.841944271698594e-05
1723,0.028223762288689613,0.004661921411752701,0.023371467366814613,3.807478060480207e-05
1724,0.028296921402215958,0.0047212028875947,0.023384274914860725,3.8288457290036604e-05
1725,0.02840420790016651,0.00468878448009491,0.023525221273303032,3.804033258347772e-05
1726,0.028561465442180634,0.004785686731338501,0.02358200214803219,3.875520997098647e-05
1727,0.028784506022930145,0.00475069647654891,0.023842565715312958,3.824880695901811e-05
1728,0.029091479256749153,0.004906254354864359,0.02398349717259407,4.034549056086689e-05
1729,0.029476894065737724,0.0048708743415772915,0.02440902404487133,3.9399019442498684e-05
1730,0.029910244047641754,0.005083906929939985,0.024611353874206543,4.299669308238663e-05
1731,0.03027425892651081,0.0050157541409134865,0.025053121149539948,4.107699351152405e-05
1732,0.03041808493435383,0.005188864190131426,0.025005562230944633,4.47319689556025e-05
1733,0.030161842703819275,0.004998485092073679,0.024957679212093353,4.113564136787318e-05
1734,0.029528161510825157,0.004992462228983641,0.024320919066667557,4.295600228942931e-05
1735,0.028747592121362686,0.004748438484966755,0.023804591968655586,3.8912305171834305e-05
1736,0.028192630037665367,0.00469009717926383,0.023306213319301605,3.9263897633645684e-05
1737,0.028080418705940247,0.004658072255551815,0.02323335036635399,3.779884718824178e-05
1738,0.028349630534648895,0.004685553722083569,0.02347484417259693,3.7846886698389426e-05
1739,0.028737405315041542,0.004818143788725138,0.023721113801002502,3.9629758248338476e-05
1740,0.028956659138202667,0.00478567136451602,0.02397671714425087,3.8853886508150026e-05
1741,0.028869155794382095,0.004846602212637663,0.023814333602786064,4.164394340477884e-05
1742,0.02854389138519764,0.0047111790627241135,0.023637358099222183,3.907082646037452e-05
1743,0.028210151940584183,0.004693944007158279,0.02331429347395897,4.038278348161839e-05
1744,0.028067320585250854,0.0046480572782456875,0.02323075570166111,3.770127295865677e-05
1745,0.02815284952521324,0.004652990028262138,0.023310264572501183,3.791906783590093e-05
1746,0.02834498882293701,0.004731282126158476,0.023421237245202065,3.8493843021569774e-05
1747,0.028475232422351837,0.0046968222595751286,0.02358727715909481,3.822651706286706e-05
1748,0.02845105715095997,0.004755572881549597,0.02349003031849861,4.109053406864405e-05
1749,0.028300775215029716,0.004666950553655624,0.02343938499689102,3.888786523020826e-05
1750,0.028138691559433937,0.004675933159887791,0.023260412737727165,4.0469127270625904e-05
1751,0.028066176921129227,0.004646753892302513,0.023230629041790962,3.775875302380882e-05
1752,0.028104623779654503,0.004645482171326876,0.02326890639960766,3.804725201916881e-05
1753,0.028196170926094055,0.004695012699812651,0.02330934815108776,3.836175528704189e-05
1754,0.028259621933102608,0.0046606785617768764,0.023409008979797363,3.7986825191183016e-05
1755,0.028250200673937798,0.0047079818323254585,0.023340318351984024,4.038038969156332e-05
1756,0.028180580586194992,0.004649187438189983,0.023339491337537766,3.838000702671707e-05
1757,0.028102802112698555,0.004665629006922245,0.023237761110067368,3.988248863606714e-05
1758,0.02806413173675537,0.0046455408446490765,0.023230694234371185,3.757932790904306e-05
1759,0.028076937422156334,0.00464329170063138,0.023244008421897888,3.792744973907247e-05
1760,0.028118038550019264,0.004672493319958448,0.0232562106102705,3.786674278671853e-05
1761,0.028151197358965874,0.004646948538720608,0.02331678383052349,3.749306051759049e-05
1762,0.028153298422694206,0.004681786056607962,0.023275064304471016,3.9289501728489995e-05
1763,0.028125539422035217,0.004643873777240515,0.02329292893409729,3.774715878535062e-05
1764,0.02808821015059948,0.004660567734390497,0.023231331259012222,3.926230419892818e-05
1765,0.028063345700502396,0.004643778782337904,0.02323305234313011,3.730289245140739e-05
1766,0.02806115709245205,0.004643975291401148,0.023228038102388382,3.782884596148506e-05
1767,0.028076177462935448,0.004657816607505083,0.023231573402881622,3.735748759936541e-05
1768,0.028094053268432617,0.004642381798475981,0.023265864700078964,3.71613132301718e-05
1769,0.02810213528573513,0.00466620409861207,0.023243723437190056,3.844181264867075e-05
1770,0.028095969930291176,0.004641904961317778,0.023267416283488274,3.732956247404218e-05
1771,0.028080498799681664,0.004657959099858999,0.023228446021676064,3.8818750908831134e-05
1772,0.0280647911131382,0.004642082843929529,0.023236939683556557,3.715375351021066e-05
1773,0.028056347742676735,0.004646310117095709,0.023220602422952652,3.788696994888596e-05
1774,0.02805720642209053,0.0046487064100801945,0.02322324737906456,3.70505586033687e-05
1775,0.028064053505659103,0.004641429986804724,0.023237261921167374,3.707223368110135e-05
1776,0.028071323409676552,0.004655804019421339,0.0232271496206522,3.767400994547643e-05
1777,0.028074340894818306,0.004640466533601284,0.02324896864593029,3.698114596772939e-05
1778,0.028071708977222443,0.0046553476713597775,0.023225342854857445,3.8203470467124134e-05
1779,0.028065133839845657,0.00464057270437479,0.02323979139328003,3.6954046663595363e-05
1780,0.028058065101504326,0.004649014212191105,0.023219652473926544,3.787990499404259e-05
1781,0.02805327996611595,0.004643174819648266,0.023225951939821243,3.683028626255691e-05
1782,0.02805211767554283,0.004643143620342016,0.0232230257242918,3.7189565773587674e-05
1783,0.02805391140282154,0.004647798836231232,0.023221006616950035,3.70210109394975e-05
1784,0.028056906536221504,0.004640407394617796,0.02323240414261818,3.68187393178232e-05
1785,0.028059152886271477,0.004650730174034834,0.023221062496304512,3.747195296455175e-05
1786,0.028059447184205055,0.004639729391783476,0.023235924541950226,3.675838161143474e-05
1787,0.028057774528861046,0.004649707581847906,0.023219693452119827,3.767470479942858e-05
1788,0.028054863214492798,0.0046403552405536175,0.023230915889143944,3.6718498449772596e-05
1789,0.028051795437932014,0.004646135959774256,0.023218585178256035,3.7415102269733325e-05
1790,0.02804957702755928,0.00464226258918643,0.023223843425512314,3.6694258596980944e-05
1791,0.02804865874350071,0.004642676096409559,0.023221096023917198,3.697734427987598e-05
1792,0.028048865497112274,0.004644771572202444,0.023219890892505646,3.684066905407235e-05
1793,0.02804975025355816,0.00464059691876173,0.02322571910917759,3.668692079372704e-05
1794,0.02805059216916561,0.00464649498462677,0.02321860007941723,3.709950397023931e-05
1795,0.028051035478711128,0.004639778286218643,0.02322838082909584,3.657543129520491e-05
1796,0.028050778433680534,0.004646555054932833,0.023218076676130295,3.7229307054076344e-05
1797,0.02804996259510517,0.004639861173927784,0.02322748489677906,3.6523135349852964e-05
1798,0.028048669919371605,0.004645186476409435,0.02321792021393776,3.7112396967131644e-05
1799,0.02804730460047722,0.004640582483261824,0.0232242401689291,3.649633435998112e-05
1800,0.028046203777194023,0.004643246531486511,0.023218689486384392,3.685356205096468e-05
1801,0.028045419603586197,0.004641716834157705,0.02322101593017578,3.653714156826027e-05
1802,0.028045043349266052,0.004641504492610693,0.023220481351017952,3.661146547528915e-05
1803,0.028044961392879486,0.004642846994102001,0.023218894377350807,3.664431278593838e-05
1804,0.028045041486620903,0.004640290513634682,0.02322247438132763,3.64551815437153e-05
1805,0.02804514952003956,0.004643578082323074,0.023217812180519104,3.6751713196281344e-05
1806,0.02804514206945896,0.004639634396880865,0.02322365902364254,3.6369572626426816e-05
1807,0.028044983744621277,0.004643696825951338,0.023217327892780304,3.679179644677788e-05
1808,0.02804466523230076,0.004639386665076017,0.023223672062158585,3.632122388808057e-05
1809,0.02804419957101345,0.004643263295292854,0.023217227309942245,3.674186154967174e-05
1810,0.028043588623404503,0.004639446269720793,0.02322266809642315,3.6294757592258975e-05
1811,0.028042973950505257,0.004642467945814133,0.023217376321554184,3.6625759094022214e-05
1812,0.02804243005812168,0.0046397107653319836,0.023221267387270927,3.629011189332232e-05
1813,0.028041863813996315,0.0046415734104812145,0.023217856884002686,3.648651545518078e-05
1814,0.028041405603289604,0.0046400525607168674,0.023219825699925423,3.630550781963393e-05
1815,0.028040986508131027,0.004640727303922176,0.023218467831611633,3.6357942008180544e-05
1816,0.02804071642458439,0.004640386439859867,0.023218683898448944,3.632936204667203e-05
1817,0.028040429577231407,0.004639971535652876,0.023219184949994087,3.625437238952145e-05
1818,0.028040196746587753,0.004640653729438782,0.023217808455228806,3.6346831620903686e-05
1819,0.028039995580911636,0.004639368504285812,0.023219753056764603,3.617466427385807e-05
1820,0.028039785102009773,0.0046408218331635,0.02321721985936165,3.6348657886264846e-05
1821,0.028039533644914627,0.004638885147869587,0.023220086470246315,3.6112200177740306e-05
1822,0.028039293363690376,0.0046408772468566895,0.023216748610138893,3.633348751463927e-05
1823,0.02803909219801426,0.00463848328217864,0.023220306262373924,3.6060439015273005e-05
1824,0.028038833290338516,0.004640858620405197,0.023216448724269867,3.630515493568964e-05
1825,0.02803857810795307,0.004638162441551685,0.02322034351527691,3.601432763389312e-05
1826,0.028038265183568,0.0046407971531152725,0.023216120898723602,3.626951001933776e-05
1827,0.0280380267649889,0.004637833219021559,0.02322034351527691,3.5970097087556496e-05
1828,0.028037816286087036,0.0046407380141317844,0.023215917870402336,3.623231532401405e-05
1829,0.028037531301379204,0.004637500736862421,0.023220406845211983,3.592492066673003e-05
1830,0.02803732641041279,0.004640703089535236,0.023215627297759056,3.6199064197717234e-05
1831,0.02803710661828518,0.004637143108993769,0.02322058007121086,3.587677929317579e-05
1832,0.028036965057253838,0.0046407501213252544,0.023215338587760925,3.6175035347696394e-05
1833,0.028036801144480705,0.004636713303625584,0.023220965638756752,3.582409772207029e-05
1834,0.028036724776029587,0.004640951752662659,0.02321493811905384,3.616690082708374e-05
1835,0.02803669311106205,0.004636179655790329,0.023221682757139206,3.576629387680441e-05
1836,0.028036752715706825,0.004641338717192411,0.023214487358927727,3.618533446569927e-05
1837,0.028036992996931076,0.0046355160884559155,0.02322295308113098,3.5704768379218876e-05
1838,0.028037412092089653,0.004642083775252104,0.02321408875286579,3.6247809475753456e-05
1839,0.02803816646337509,0.004634690470993519,0.023225245997309685,3.564585858839564e-05
1840,0.028039289638400078,0.004643366206437349,0.02321399189531803,3.6386423744261265e-05
1841,0.02804105542600155,0.0046336776576936245,0.023229334503412247,3.560853292583488e-05
1842,0.02804368920624256,0.004645613953471184,0.02321474626660347,3.666566772153601e-05
1843,0.02804763801395893,0.004632546100765467,0.023236872628331184,3.564401777111925e-05
1844,0.028053617104887962,0.004649593960493803,0.02321789786219597,3.722514520632103e-05
1845,0.028062645345926285,0.004631625022739172,0.023251576349139214,3.5888515412807465e-05
1846,0.02807634137570858,0.0046569607220590115,0.023227497935295105,3.8376481825252995e-05
1847,0.02809712663292885,0.004631971940398216,0.023281659930944443,3.669898069347255e-05
1848,0.028129052370786667,0.004671179689466953,0.0232536643743515,4.084196189069189e-05
1849,0.028178025037050247,0.004636751487851143,0.02334628999233246,3.899683360941708e-05
1850,0.028253521770238876,0.0046999333426356316,0.023322023451328278,4.631277624866925e-05
1851,0.02836907096207142,0.004654292482882738,0.02348943054676056,4.506978439167142e-05
1852,0.028545526787638664,0.004759632982313633,0.023492978885769844,5.858272561454214e-05
1853,0.02880745939910412,0.00470409682020545,0.0238035898655653,5.995439278194681e-05
1854,0.029186595231294632,0.004879509098827839,0.02388431504368782,8.455433271592483e-05
1855,0.029693786054849625,0.004817487206310034,0.024421947076916695,9.087012585951015e-05
1856,0.030310548841953278,0.0050780694000422955,0.02459266595542431,0.0001279626158066094
1857,0.030897902324795723,0.0049844044260680676,0.025257533416152,0.00013119263167027384
1858,0.031235346570611,0.005239513237029314,0.02520815096795559,0.00015753657498862594
1859,0.03101121447980404,0.005014043301343918,0.025368796661496162,0.0001256747345905751
1860,0.030186189338564873,0.005068025551736355,0.024593424052000046,0.00010494790330994874
1861,0.02907189540565014,0.004762578289955854,0.0240425206720829,5.33593374711927e-05
1862,0.02826726622879505,0.004710353445261717,0.023373551666736603,3.667203418444842e-05
1863,0.02813560515642166,0.004652832169085741,0.02323809638619423,4.8935475206235424e-05
1864,0.028561746701598167,0.004671906586736441,0.02353867143392563,7.023370562819764e-05
1865,0.029088204726576805,0.004817537497729063,0.02373391017317772,0.00010735129762906581
1866,0.02926051616668701,0.00475595286116004,0.024038150906562805,9.328240412287414e-05
1867,0.028955595567822456,0.004820458125323057,0.023734260350465775,8.017525397008285e-05
1868,0.028434639796614647,0.004671847447752953,0.023548752069473267,4.2808074795175344e-05
1869,0.0281118955463171,0.004668803419917822,0.023266805335879326,3.5257286072010174e-05
1870,0.028170963749289513,0.004654634278267622,0.023244746029376984,5.4316449677571654e-05
1871,0.028451459482312202,0.004656962119042873,0.023449625819921494,6.897401181049645e-05
1872,0.028640560805797577,0.004735890310257673,0.023454073816537857,9.01192834135145e-05
1873,0.028555523604154587,0.00466633727774024,0.02355543151497841,6.675072654616088e-05
1874,0.028286999091506004,0.0046983263455331326,0.023326130583882332,5.250846879789606e-05
1875,0.028076425194740295,0.004630325827747583,0.023268645629286766,3.549088432919234e-05
1876,0.028077881783246994,0.004639825318008661,0.023242725059390068,3.906623533111997e-05
1877,0.02823205664753914,0.004667408764362335,0.023261813446879387,6.056693382561207e-05
1878,0.0283571258187294,0.004647071473300457,0.023402154445648193,6.157978350529447e-05
1879,0.02832891419529915,0.004689333960413933,0.02330583520233631,6.674900942016393e-05
1880,0.028180643916130066,0.004634620156139135,0.023320216685533524,4.516122135100886e-05
1881,0.02805020660161972,0.00464586028829217,0.023212559521198273,3.835736424662173e-05
1882,0.028036918491125107,0.004637967329472303,0.023209940642118454,3.780211045523174e-05
1883,0.028119882568717003,0.0046327728778123856,0.023277875036001205,4.184697172604501e-05
1884,0.028198832646012306,0.004667926114052534,0.023255379870533943,5.5105265346355736e-05
1885,0.02819669432938099,0.004636765457689762,0.0233212448656559,4.773706314153969e-05
1886,0.02812216244637966,0.004654852207750082,0.023230761289596558,4.730981891043484e-05
1887,0.02804635278880596,0.004633019678294659,0.023232150822877884,3.6236451705917716e-05
1888,0.028028475120663643,0.004630496725440025,0.02322215400636196,3.516474680509418e-05
1889,0.028066182509064674,0.004649681504815817,0.0232183039188385,3.963924973504618e-05
1890,0.02811025083065033,0.004630527924746275,0.02328127808868885,3.968879536841996e-05
1891,0.028116410598158836,0.004656932782381773,0.023232363164424896,4.5422995754051954e-05
1892,0.02808217890560627,0.0046308403834700584,0.023259121924638748,3.8443253288278356e-05
1893,0.028040701523423195,0.004638971760869026,0.02321111410856247,3.8122947444207966e-05
1894,0.028025103732943535,0.004636900033801794,0.023213408887386322,3.495873534120619e-05
1895,0.028040559962391853,0.004628530703485012,0.023236645385622978,3.5077056963928044e-05
1896,0.028065277263522148,0.004650319926440716,0.023219797760248184,3.903189644915983e-05
1897,0.02807433344423771,0.004628402180969715,0.023261621594429016,3.686203126562759e-05
1898,0.028060656040906906,0.004647961352020502,0.023216787725687027,3.91815192415379e-05
1899,0.028037160634994507,0.004629132337868214,0.023232128471136093,3.518032463034615e-05
1900,0.02802247367799282,0.004634958226233721,0.023211022838950157,3.529867535689846e-05
1901,0.028024688363075256,0.004636660218238831,0.02320997603237629,3.5610239137895405e-05
1902,0.02803727053105831,0.0046286797150969505,0.023232977837324142,3.512232069624588e-05
1903,0.028046978637576103,0.004644501022994518,0.02321283333003521,3.792904317378998e-05
1904,0.028045767918229103,0.004627653397619724,0.02324097976088524,3.542726699379273e-05
1905,0.02803552895784378,0.004641699139028788,0.023210683837532997,3.6629284295486286e-05
1906,0.028024625033140182,0.004629132803529501,0.023222249001264572,3.464855399215594e-05
1907,0.028020324185490608,0.004633998032659292,0.023212824016809464,3.470016235951334e-05
1908,0.028023611754179,0.004634465556591749,0.02320990152657032,3.5848963307216763e-05
1909,0.0280296690762043,0.004629763308912516,0.023225396871566772,3.490188828436658e-05
1910,0.028032738715410233,0.004638423211872578,0.023209044709801674,3.7053952837595716e-05
1911,0.02803046815097332,0.004628806374967098,0.02322724089026451,3.48840985679999e-05
1912,0.028024764731526375,0.004636463243514299,0.0232086218893528,3.593585643102415e-05
1913,0.028019612655043602,0.004630249924957752,0.023216664791107178,3.453968747635372e-05
1914,0.028017839416861534,0.004632084164768457,0.023212524130940437,3.464634210104123e-05
1915,0.028019532561302185,0.004633582197129726,0.023209404200315475,3.530891626724042e-05
1916,0.028022434562444687,0.00462961383163929,0.02322007529437542,3.4548986150184646e-05
1917,0.02802400477230549,0.0046355887316167355,0.023208100348711014,3.6063142033526674e-05
1918,0.02802315540611744,0.004629358183592558,0.02322099544107914,3.4560143831185997e-05
1919,0.02802048996090889,0.0046340087428689,0.023208528757095337,3.559065953595564e-05
1920,0.028017697855830193,0.004630823154002428,0.023214776068925858,3.441987428232096e-05
1921,0.028016196563839912,0.004630845505744219,0.02321167290210724,3.473562901490368e-05
1922,0.02801639772951603,0.0046333130449056625,0.0232095904648304,3.4698794479481876e-05
1923,0.02801745943725109,0.004628700669854879,0.0232168547809124,3.438061321503483e-05
1924,0.028018323704600334,0.004634957294911146,0.023207886144518852,3.509613452479243e-05
1925,0.028018280863761902,0.004628151189535856,0.023218534886837006,3.4318734833505005e-05
1926,0.028017282485961914,0.004634346347302198,0.023207876831293106,3.501190440147184e-05
1927,0.02801577001810074,0.004628884140402079,0.023215357214212418,3.430595461395569e-05
1928,0.028014514595270157,0.004632232710719109,0.02320931665599346,3.4593183954712003e-05
1929,0.028013842180371284,0.004630450624972582,0.023211028426885605,3.4472781408112496e-05
1930,0.028013860806822777,0.004630200564861298,0.023212183266878128,3.429532080190256e-05
1931,0.028014210984110832,0.004631902556866407,0.02320852130651474,3.475739504210651e-05
1932,0.02801443822681904,0.004629093687981367,0.023214347660541534,3.419932909309864e-05
1933,0.028014279901981354,0.004632329102605581,0.023207709193229675,3.484836997813545e-05
1934,0.028013747185468674,0.004628931637853384,0.023213952779769897,3.417245170567185e-05
1935,0.02801298163831234,0.004631550516933203,0.02320817857980728,3.46504311892204e-05
1936,0.028012234717607498,0.004629502538591623,0.023211689665913582,3.4208591387141496e-05
1937,0.028011703863739967,0.004630275070667267,0.023209605365991592,3.436472252360545e-05
1938,0.028011463582515717,0.004630382172763348,0.023209383711218834,3.4339725971221924e-05
1939,0.028011420741677284,0.004629164468497038,0.023211393505334854,3.417257539695129e-05
1940,0.02801138535141945,0.004631008021533489,0.0232080165296793,3.447232666076161e-05
1941,0.02801128290593624,0.004628559574484825,0.02321230247616768,3.4084252547472715e-05
1942,0.028011023998260498,0.004631027579307556,0.023207588121294975,3.448150891927071e-05
1943,0.02801063470542431,0.004628490190953016,0.023211870342493057,3.405471579753794e-05
1944,0.02801021933555603,0.004630477633327246,0.02320794388651848,3.43594110745471e-05
1945,0.02800973318517208,0.004628820810467005,0.023210547864437103,3.407296753721312e-05
1946,0.028009390458464622,0.004629628732800484,0.023208796977996826,3.419288987061009e-05
1947,0.02800905704498291,0.004629319068044424,0.023209087550640106,3.412999285501428e-05
1948,0.028008855879306793,0.004628830589354038,0.023209739476442337,3.405745519557968e-05
1949,0.02800867334008217,0.004629721865057945,0.023208022117614746,3.418570850044489e-05
1950,0.028008487075567245,0.004628267604857683,0.02321035973727703,3.3971897209994495e-05
1951,0.02800830453634262,0.004629867151379585,0.02320745959877968,3.4195447369711474e-05
1952,0.028008073568344116,0.004627985879778862,0.02321045659482479,3.392611688468605e-05
1953,0.028007762506604195,0.004629695322364569,0.023207340389490128,3.414519960642792e-05
1954,0.02800745889544487,0.004627950955182314,0.023209959268569946,3.390971687622368e-05
1955,0.028007090091705322,0.004629302304238081,0.023207519203424454,3.405347524676472e-05
1956,0.02800680138170719,0.004628034774214029,0.023209186270833015,3.3916217944351956e-05
1957,0.028006495907902718,0.004628875758498907,0.023207874968647957,3.394900340936147e-05
1958,0.028006259351968765,0.004628134425729513,0.023208433762192726,3.393828228581697e-05
1959,0.02800602652132511,0.004628513474017382,0.0232082549482584,3.38518075295724e-05
1960,0.028005806729197502,0.0046281092800199986,0.02320786938071251,3.396566535229795e-05
1961,0.028005605563521385,0.004628341645002365,0.023208418861031532,3.3768938010325655e-05
1962,0.028005436062812805,0.00462787551805377,0.02320759929716587,3.39921643899288e-05
1963,0.028005313128232956,0.00462845666334033,0.023208370432257652,3.3697109756758437e-05
1964,0.028005216270685196,0.004627339541912079,0.023207763209939003,3.402263973839581e-05
1965,0.02800530381500721,0.004628998227417469,0.023208163678646088,3.362857023603283e-05
1966,0.028005588799715042,0.004626471549272537,0.02320871502161026,3.40806036547292e-05
1967,0.028006283566355705,0.0046303109265863895,0.023208191618323326,3.35563272528816e-05
1968,0.028007742017507553,0.004625255707651377,0.023211369290947914,3.422337249503471e-05
1969,0.028010457754135132,0.0046331509947776794,0.02320984937250614,3.34913820552174e-05
1970,0.02801566570997238,0.0046239267103374004,0.02321876585483551,3.459465006017126e-05
1971,0.028025319799780846,0.00463972520083189,0.023217927664518356,3.3533029636600986e-05
1972,0.02804301492869854,0.004624112043529749,0.02324092574417591,3.559568722266704e-05
1973,0.028075773268938065,0.004656275734305382,0.02324882708489895,3.4134001907659695e-05
1974,0.0281362421810627,0.004632878117263317,0.02331102453172207,3.84681043215096e-05
1975,0.028248192742466927,0.004702199250459671,0.023360667750239372,3.706528514157981e-05
1976,0.028453784063458443,0.0046774400398135185,0.023540416732430458,4.718580385087989e-05
1977,0.028827905654907227,0.00483714509755373,0.023748092353343964,4.853370046475902e-05
1978,0.029483163729310036,0.0048476317897439,0.024268686771392822,7.336921407841146e-05
1979,0.030564915388822556,0.005210231523960829,0.024930084124207497,8.491981134284288e-05
1980,0.03210587799549103,0.005316980183124542,0.026110738515853882,0.00013563175161834806
1981,0.033777639269828796,0.005870381835848093,0.02715962566435337,0.00014952609490137547
1982,0.03446349874138832,0.005765113513916731,0.0277990885078907,0.0001798593148123473
1983,0.03307119756937027,0.005721758585423231,0.02675608918070793,0.00011866952991113067
1984,0.030107321217656136,0.004982349928468466,0.024785518646240234,6.78905998938717e-05
1985,0.02814849093556404,0.0046802363358438015,0.0233004130423069,3.356832530698739e-05
1986,0.028700876981019974,0.004768908489495516,0.02363571524620056,5.9250603953842074e-05
1987,0.03043321520090103,0.005038437899202108,0.024802956730127335,0.00011836393969133496
1988,0.030935054644942284,0.005243025254458189,0.025192726403474808,9.98606119537726e-05
1989,0.029556965455412865,0.004884706344455481,0.024343766272068024,6.569843390025198e-05
1990,0.028185604140162468,0.004688829183578491,0.02332882396876812,3.359021502546966e-05
1991,0.02843923680484295,0.004709354601800442,0.023445844650268555,5.680716276401654e-05
1992,0.02948770672082901,0.004850755911320448,0.024107780307531357,0.00010583386028883979
1993,0.029571473598480225,0.004961320664733648,0.024203795939683914,8.127129694912583e-05
1994,0.028598282486200333,0.004705674946308136,0.023647386580705643,4.904418165097013e-05
1995,0.02805858477950096,0.004647595342248678,0.023220453411340714,3.8107125874375924e-05
1996,0.028554676100611687,0.0047304704785346985,0.023503385484218597,6.41638835077174e-05
1997,0.029046697542071342,0.004765592515468597,0.02380223013460636,9.577493619872257e-05
1998,0.028691621497273445,0.004778443370014429,0.02361900731921196,5.883427002117969e-05
1999,0.028094708919525146,0.0046262843534350395,0.02328752726316452,3.617944094003178e-05
2000,0.028147488832473755,0.004644853062927723,0.023261304944753647,4.8266443627653643e-05
2001,0.02858409844338894,0.004734216257929802,0.023519573733210564,6.606178067158908e-05
2002,0.028592441231012344,0.004692892078310251,0.023520631715655327,7.57836751290597e-05
2003,0.02817647159099579,0.004669928457587957,0.023303328081965446,4.06429790018592e-05
2004,0.028012752532958984,0.004626675043255091,0.02321719005703926,3.377768734935671e-05
2005,0.02826797589659691,0.004652516916394234,0.023335030302405357,5.6085686082951725e-05
2006,0.028424814343452454,0.004707323387265205,0.02342892438173294,5.771342694060877e-05
2007,0.028217600658535957,0.0046419426798820496,0.023309260606765747,5.3279363783076406e-05
2008,0.028006717562675476,0.004627488553524017,0.02320988103747368,3.386962634976953e-05
2009,0.02809419296681881,0.004651981871575117,0.023257296532392502,3.698279761010781e-05
2010,0.028258081525564194,0.0046472991816699505,0.023339346051216125,5.42872330697719e-05
2011,0.02820177562534809,0.0046675908379256725,0.023310944437980652,4.4647935283137485e-05
2012,0.028034761548042297,0.004626243840903044,0.023215051740407944,3.869311694870703e-05
2013,0.02802243083715439,0.004621393978595734,0.023226162418723106,3.497470243019052e-05
2014,0.02813618816435337,0.004662693478167057,0.023282546550035477,3.818965706159361e-05
2015,0.028155682608485222,0.004635393153876066,0.023289967328310013,4.6064491471042857e-05
2016,0.028053464367985725,0.004639012739062309,0.023236088454723358,3.567259045667015e-05
2017,0.028001056984066963,0.004629641771316528,0.023203523829579353,3.357812238391489e-05
2018,0.028060168027877808,0.004624584224075079,0.02324874885380268,3.7367055483628064e-05
2019,0.028106406331062317,0.004656609147787094,0.023267053067684174,3.654894680948928e-05
2020,0.028059670701622963,0.004625737201422453,0.023241112008690834,3.856419789372012e-05
2021,0.02800140716135502,0.004626998212188482,0.023208346217870712,3.32123163389042e-05
2022,0.028016654774546623,0.004635024815797806,0.023214878514409065,3.335039582452737e-05
2023,0.028061281889677048,0.004624904133379459,0.023247050121426582,3.786520755966194e-05
2024,0.028054745867848396,0.004645109176635742,0.023237215355038643,3.448409916018136e-05
2025,0.02801094390451908,0.004621987696737051,0.023215606808662415,3.466988346190192e-05
2026,0.02799856662750244,0.004623753484338522,0.0232051033526659,3.3941887522814795e-05
2027,0.028025662526488304,0.0046360669657588005,0.0232207253575325,3.377367102075368e-05
2028,0.02803923934698105,0.004623161628842354,0.023232245817780495,3.6766548873856664e-05
2029,0.02801758237183094,0.004635122139006853,0.02321602776646614,3.32867493852973e-05
2030,0.027996746823191643,0.004622298292815685,0.023207927122712135,3.3304291719105095e-05
2031,0.02800470031797886,0.004623050801455975,0.02320754900574684,3.4820095606846735e-05
2032,0.028021013364195824,0.004633552860468626,0.023219192400574684,3.3653366699581966e-05
2033,0.028016969561576843,0.0046220035292208195,0.02321797050535679,3.5399210901232436e-05
2034,0.02800009399652481,0.004628389608114958,0.023206688463687897,3.3002925192704424e-05
2035,0.027995647862553596,0.0046238768845796585,0.023206671699881554,3.301978358649649e-05
2036,0.028005974367260933,0.004622527398169041,0.023208390921354294,3.501131504890509e-05
2037,0.028011279180645943,0.00463013956323266,0.023214388638734818,3.335013389005326e-05
2038,0.028003057464957237,0.004622084554284811,0.0232087355107069,3.4447290090611205e-05
2039,0.027994168922305107,0.004624399822205305,0.023204177618026733,3.3118296414613724e-05
2040,0.027996165677905083,0.004625303205102682,0.02320588007569313,3.2996471418300644e-05
2041,0.028002869337797165,0.0046219066716730595,0.023207686841487885,3.465520785539411e-05
2042,0.028002623468637466,0.004627421032637358,0.02320985123515129,3.3070060453610495e-05
2043,0.02799604833126068,0.004622650798410177,0.02320430986583233,3.381756687304005e-05
2044,0.027992593124508858,0.0046223234385252,0.02320435829460621,3.3182164770551026e-05
2045,0.02799551747739315,0.004626002162694931,0.023204948753118515,3.291349275968969e-05
2046,0.02799857221543789,0.004621292930096388,0.023206908255815506,3.407407348277047e-05
2047,0.02799665555357933,0.004625787492841482,0.023206539452075958,3.2865464163478464e-05
2048,0.02799263224005699,0.0046227979473769665,0.023203032091259956,3.3360469387844205e-05
2049,0.027991734445095062,0.004621534142643213,0.02320443093776703,3.315395224490203e-05
2050,0.027993980795145035,0.004625848960131407,0.023204030469059944,3.2820331398397684e-05
2051,0.027994992211461067,0.0046208384446799755,0.023206185549497604,3.3593485568417236e-05
2052,0.02799302339553833,0.004624918103218079,0.02320411428809166,3.279810698586516e-05
2053,0.027990709990262985,0.0046224165707826614,0.02320290170609951,3.307829319965094e-05
2054,0.027990639209747314,0.004621447063982487,0.02320353128015995,3.3131906093331054e-05
2055,0.027991993352770805,0.0046249860897660255,0.023203164339065552,3.276890129200183e-05
2056,0.0279922466725111,0.004620691295713186,0.0232049860060215,3.331364496261813e-05
2057,0.027990715578198433,0.004624180030077696,0.023202557116746902,3.27955094689969e-05
2058,0.027989383786916733,0.004621889907866716,0.023202892392873764,3.2920554076554254e-05
2059,0.02798943594098091,0.004621615167707205,0.02320234477519989,3.309528619865887e-05
2060,0.02799016423523426,0.004623773507773876,0.023202816024422646,3.2715128327254206e-05
2061,0.0279900673776865,0.004620844032615423,0.023203454911708832,3.315341018605977e-05
2062,0.027989070862531662,0.00462328502908349,0.023201994597911835,3.2758161978563294e-05
2063,0.027988223358988762,0.004621563479304314,0.023202529177069664,3.2826210372149944e-05
2064,0.02798822708427906,0.004621588625013828,0.02320162206888199,3.300345633761026e-05
2065,0.027988571673631668,0.004622727632522583,0.0232025608420372,3.265650593675673e-05
2066,0.027988359332084656,0.004621025174856186,0.02320214919745922,3.303689663880505e-05
2067,0.027987675741314888,0.004622324835509062,0.023201901465654373,3.26898334606085e-05
2068,0.027987118810415268,0.004621473141014576,0.02320176735520363,3.2775871659396216e-05
2069,0.02798699028789997,0.004621213302016258,0.023201419040560722,3.2871503208298236e-05
2070,0.027987077832221985,0.004622099455446005,0.023201899603009224,3.261561141698621e-05
2071,0.027986930683255196,0.0046208999119699,0.023201454430818558,3.2915071642491966e-05
2072,0.02798645757138729,0.0046216812916100025,0.02320166863501072,3.262172685936093e-05
2073,0.02798597514629364,0.004621331579983234,0.02320098876953125,3.27310262946412e-05
2074,0.027985787019133568,0.004620756953954697,0.02320135571062565,3.2735006243456155e-05
2075,0.02798575349152088,0.004621793515980244,0.023201048374176025,3.258261131122708e-05
2076,0.02798560820519924,0.004620494320988655,0.023201245814561844,3.277376890764572e-05
2077,0.02798524685204029,0.004621393512934446,0.02320104092359543,3.2562307751504704e-05
2078,0.027984853833913803,0.004620890598744154,0.023200681433081627,3.2656123948981985e-05
2079,0.027984624728560448,0.00462054880335927,0.023200953379273415,3.2624640880385414e-05
2080,0.02798449993133545,0.004621381405740976,0.023200437426567078,3.253634349675849e-05
2081,0.027984347194433212,0.0046201422810554504,0.02320096455514431,3.264808765379712e-05
2082,0.02798408456146717,0.004621217492967844,0.023200340569019318,3.250531881349161e-05
2083,0.027983734384179115,0.00462034996598959,0.023200545459985733,3.256768104620278e-05
2084,0.027983514592051506,0.004620521329343319,0.023200292140245438,3.25401451846119e-05
2085,0.02798331528902054,0.00462075462564826,0.023200206458568573,3.247069980716333e-05
2086,0.027983153238892555,0.004620040766894817,0.02320033311843872,3.2555701181991026e-05
2087,0.0279829278588295,0.00462078582495451,0.023199981078505516,3.2432511943625286e-05
2088,0.027982652187347412,0.004619993269443512,0.02320018783211708,3.249420115025714e-05
2089,0.02798241376876831,0.004620364401489496,0.02319980040192604,3.245003244956024e-05
2090,0.02798216976225376,0.0046202028170228004,0.023199941962957382,3.2405245292466134e-05
2091,0.02798197790980339,0.004619937855750322,0.02319970354437828,3.246722917538136e-05
2092,0.027981791645288467,0.004620267543941736,0.02319975569844246,3.2353946153307334e-05
2093,0.027981538325548172,0.004619801416993141,0.02319958806037903,3.242965249228291e-05
2094,0.027981314808130264,0.004619998391717672,0.02319955825805664,3.2351468689739704e-05
2095,0.027981046587228775,0.004619876388460398,0.023199399933218956,3.235410986235365e-05
2096,0.0279808659106493,0.004619655665010214,0.023199381306767464,3.236569682485424e-05
2097,0.02798064425587654,0.004619902465492487,0.023199275135993958,3.2293424737872556e-05
2098,0.02798042818903923,0.004619505722075701,0.02319916896522045,3.23507483699359e-05
2099,0.027980247512459755,0.004619691055268049,0.023199206218123436,3.226984335924499e-05
2100,0.02797996625304222,0.004619525279849768,0.023198949173092842,3.229839785490185e-05
2101,0.027979735285043716,0.004619361367076635,0.02319902740418911,3.226907574571669e-05
2102,0.027979550883173943,0.00461958535015583,0.023198764771223068,3.224031752324663e-05
2103,0.027979349717497826,0.004619128070771694,0.023198924958705902,3.225923501304351e-05
2104,0.02797909826040268,0.004619477316737175,0.023198600858449936,3.2204025046667084e-05
2105,0.027978889644145966,0.004619070794433355,0.023198707029223442,3.2222244044533e-05
2106,0.027978679165244102,0.004619207698851824,0.023198522627353668,3.218986603314988e-05
2107,0.027978450059890747,0.004619109909981489,0.023198483511805534,3.21710467687808e-05
2108,0.027978215366601944,0.004618942737579346,0.023198381066322327,3.217826088075526e-05
2109,0.027978036552667618,0.004619102459400892,0.023198287934064865,3.2129308237927034e-05
2110,0.027977820485830307,0.004618790931999683,0.02319827862083912,3.2149986509466544e-05
2111,0.027977555990219116,0.004618952050805092,0.023198071867227554,3.210654540453106e-05
2112,0.027977367863059044,0.004618738777935505,0.02319810353219509,3.2105028367368504e-05
2113,0.02797713503241539,0.004618732258677483,0.023197932168841362,3.209422357031144e-05
2114,0.02797689288854599,0.004618687089532614,0.02319790981709957,3.2059120712801814e-05
2115,0.02797669731080532,0.004618562292307615,0.023197755217552185,3.207588451914489e-05
2116,0.027976496145129204,0.004618580918759108,0.023197786882519722,3.202556763426401e-05
2117,0.02797628566622734,0.004618456121534109,0.023197613656520844,3.20430553983897e-05
2118,0.027976062148809433,0.0046184188686311245,0.02319762110710144,3.2004343665903434e-05
2119,0.027975870296359062,0.004618421662598848,0.023197442293167114,3.2001451472751796e-05
2120,0.02797561138868332,0.004618213512003422,0.023197468370199203,3.1986215617507696e-05
2121,0.02797541208565235,0.004618357867002487,0.023197239264845848,3.1962874345481396e-05
2122,0.027975203469395638,0.004618070553988218,0.02319732867181301,3.196085162926465e-05
2123,0.027974994853138924,0.004618233069777489,0.02319709211587906,3.193379961885512e-05
2124,0.02797478251159191,0.0046179816126823425,0.023197170346975327,3.19260434480384e-05
2125,0.027974547818303108,0.004618058446794748,0.023196928203105927,3.1912262784317136e-05
2126,0.02797437645494938,0.0046179164201021194,0.023197021335363388,3.1887822842691094e-05
2127,0.02797410637140274,0.0046179029159247875,0.0231967493891716,3.1890747777651995e-05
2128,0.027973920106887817,0.004617832135409117,0.02319682016968727,3.18533529934939e-05
2129,0.027973689138889313,0.004617780447006226,0.023196592926979065,3.186328831361607e-05
2130,0.027973446995019913,0.004617671947926283,0.023196648806333542,3.1825162295717746e-05
2131,0.027973290532827377,0.004617711994796991,0.023196427151560783,3.183049921062775e-05
2132,0.027973083779215813,0.004617512226104736,0.023196568712592125,3.180039129802026e-05
2133,0.027972841635346413,0.004617640282958746,0.02319621667265892,3.1796782423043624e-05
2134,0.027972619980573654,0.004617331083863974,0.023196417838335037,3.177409962518141e-05
2135,0.027972418814897537,0.004617571365088224,0.023196011781692505,3.176712561980821e-05
2136,0.027972156181931496,0.004617180675268173,0.023196261376142502,3.174277662765235e-05
2137,0.027971988543868065,0.004617463331669569,0.023195810616016388,3.1742980354465544e-05
2138,0.02797175571322441,0.004617046564817429,0.023196175694465637,3.1706727895652875e-05
2139,0.027971580624580383,0.004617373924702406,0.023195594549179077,3.172244760207832e-05
2140,0.027971399948000908,0.004616906866431236,0.023196149617433548,3.1668638257542625e-05
2141,0.02797115594148636,0.0046173143200576305,0.02319532446563244,3.1703450076747686e-05
2142,0.027970939874649048,0.004616705700755119,0.023196084424853325,3.1629886507289484e-05
2143,0.027970770373940468,0.0046173385344445705,0.02319500222802162,3.1685962312621996e-05
2144,0.027970552444458008,0.0046164351515471935,0.02319616824388504,3.158967228955589e-05
2145,0.027970362454652786,0.004617426544427872,0.02319457195699215,3.1672814657213166e-05
2146,0.02797018736600876,0.004616068210452795,0.023196395486593246,3.154480145894922e-05
2147,0.027970006689429283,0.004617637488991022,0.02319401688873768,3.167064642184414e-05
2148,0.027969883754849434,0.004615569952875376,0.023196859285235405,3.149111944367178e-05
2149,0.027969803661108017,0.004618062172085047,0.02319328859448433,3.169067713315599e-05
2150,0.02796972543001175,0.004614862147718668,0.02319774217903614,3.142446803394705e-05
2151,0.027969883754849434,0.004618832375854254,0.023192277178168297,3.17546546284575e-05
2152,0.027970144525170326,0.004613811615854502,0.02319960482418537,3.134583312203176e-05
2153,0.02797081507742405,0.004620254505425692,0.023191019892692566,3.190833012922667e-05
2154,0.0279720276594162,0.004612288903445005,0.02320335991680622,3.127555100945756e-05
2155,0.027974212542176247,0.004622996784746647,0.023189909756183624,3.22612831951119e-05
2156,0.02797805704176426,0.004610063973814249,0.023211495950818062,3.129943070234731e-05
2157,0.027984710410237312,0.004628458525985479,0.02319074049592018,3.310218016849831e-05
2158,0.027996426448225975,0.0046073561534285545,0.023230411112308502,3.1731808121548966e-05
2159,0.02801690064370632,0.004640049766749144,0.023200636729598045,3.524277781252749e-05
2160,0.02805282361805439,0.004606058355420828,0.023278478533029556,3.3657306630630046e-05
2161,0.028116188943386078,0.004666709806770086,0.023244084790349007,4.107887434656732e-05
2162,0.02822747826576233,0.004614482633769512,0.02340959757566452,4.06793478759937e-05
2163,0.028423279523849487,0.004732734989374876,0.02340186946094036,5.773500379291363e-05
2164,0.028761330991983414,0.004662180785089731,0.023779569193720818,6.391612259903923e-05
2165,0.02933281846344471,0.004900611937046051,0.023910274729132652,0.00010438637400511652
2166,0.030235905200242996,0.004828424192965031,0.024757741019129753,0.00012994780263397843
2167,0.03153085708618164,0.0052712177857756615,0.025205351412296295,0.00021085701882839203
2168,0.032983265817165375,0.005177329294383526,0.026566430926322937,0.00024790083989501
2169,0.03395228832960129,0.005671646445989609,0.026737120002508163,0.00030870435875840485
2170,0.033391956239938736,0.005263545550405979,0.02694627270102501,0.00023642783344257623
2171,0.031231120228767395,0.005256730131804943,0.025230253115296364,0.00014882770483382046
2172,0.028868980705738068,0.00471461983397603,0.023941904306411743,4.24912286689505e-05
2173,0.028111713007092476,0.004639310296624899,0.02327544055879116,3.93923583033029e-05
2174,0.029087280854582787,0.004816635046154261,0.023712115362286568,0.00011170619109179825
2175,0.030314546078443527,0.00486280582845211,0.024786820635199547,0.00013298404519446194
2176,0.03036586195230484,0.005090966820716858,0.02468612976372242,0.00011775294115068391
2177,0.029243100434541702,0.004778836853802204,0.02423563040792942,4.5726414100499824e-05
2178,0.028267787769436836,0.004709736444056034,0.023395780473947525,3.245435800636187e-05
2179,0.028340380638837814,0.004673523362725973,0.023297520354390144,7.386734068859369e-05
2180,0.029003728181123734,0.004694290459156036,0.02388254553079605,8.537832036381587e-05
2181,0.029258323833346367,0.004899268038570881,0.02397768571972847,7.627438026247546e-05
2182,0.02881333976984024,0.0047136335633695126,0.023923618718981743,3.5217293770983815e-05
2183,0.02827742137014866,0.004712376277893782,0.02339436300098896,3.413640661165118e-05
2184,0.0282144658267498,0.004645053297281265,0.023247284814715385,6.442557059926912e-05
2185,0.028498202562332153,0.004635083954781294,0.02355647087097168,6.132960697868839e-05
2186,0.028644464910030365,0.0047944034449756145,0.02359556034207344,5.090020567877218e-05
2187,0.028468385338783264,0.0046582757495343685,0.02365119382739067,3.178299812134355e-05
2188,0.028214609250426292,0.004690786357969046,0.023338468745350838,3.7070640246383846e-05
2189,0.028145575895905495,0.0046342224813997746,0.023225026205182076,5.72655007999856e-05
2190,0.02824552170932293,0.0046119592152535915,0.023404374718666077,4.583738336805254e-05
2191,0.02832389622926712,0.0047330353409051895,0.02340094745159149,3.798257966991514e-05
2192,0.028271811082959175,0.004629240836948156,0.02347544953227043,3.342408672324382e-05
2193,0.028151586651802063,0.004669308662414551,0.02329268492758274,3.7918525777058676e-05
2194,0.02808169089257717,0.004628071095794439,0.02320961095392704,4.8801852244650945e-05
2195,0.028104886412620544,0.004604374058544636,0.02331751026213169,3.660035508801229e-05
2196,0.0281604565680027,0.004693188238888979,0.023303324356675148,3.278893927927129e-05
2197,0.028162427246570587,0.004616721998900175,0.023369483649730682,3.524404382915236e-05
2198,0.028096631169319153,0.004653745796531439,0.023261498659849167,3.627737532951869e-05
2199,0.028030581772327423,0.004623121116310358,0.02320188097655773,4.11158507631626e-05
2200,0.02802966721355915,0.004603561945259571,0.02326408587396145,3.240367732360028e-05
2201,0.028076350688934326,0.004666289314627647,0.023253517225384712,3.130868208245374e-05
2202,0.028095215559005737,0.0046122255735099316,0.023305676877498627,3.546244988683611e-05
2203,0.028052788227796555,0.00464311009272933,0.0232399832457304,3.393894439795986e-05
2204,0.02799771912395954,0.004619343671947718,0.023198042064905167,3.606676182243973e-05
2205,0.027992334216833115,0.004605061840265989,0.023231305181980133,3.119344910373911e-05
2206,0.0280300285667181,0.004648295696824789,0.023226387798786163,3.1068917451193556e-05
2207,0.028050025925040245,0.004610966891050339,0.023265745490789413,3.466278940322809e-05
2208,0.02802162989974022,0.004635789897292852,0.023224670439958572,3.223367821192369e-05
2209,0.02798023819923401,0.004616414662450552,0.023196522146463394,3.346015728311613e-05
2210,0.02797449193894863,0.004607129376381636,0.023211738094687462,3.112493141088635e-05
2211,0.02800183743238449,0.00463633518666029,0.023210417479276657,3.101678521488793e-05
2212,0.028018655255436897,0.004610119387507439,0.02324039302766323,3.36284028890077e-05
2213,0.0280010923743248,0.0046309554018080235,0.02321344055235386,3.133943027933128e-05
2214,0.027972077950835228,0.004613615106791258,0.023197272792458534,3.223788007744588e-05
2215,0.027965953573584557,0.004609302617609501,0.023200664669275284,3.119740722468123e-05
2216,0.027983607724308968,0.004628034774214029,0.023201001808047295,3.0914368835510686e-05
2217,0.027996791526675224,0.0046091764234006405,0.023223919793963432,3.273896436439827e-05
2218,0.027987688779830933,0.004627582151442766,0.023205406963825226,3.094014391535893e-05
2219,0.02796865627169609,0.004611188545823097,0.023199178278446198,3.165785892633721e-05
2220,0.027962226420640945,0.0046116202138364315,0.023194724693894386,3.117606320302002e-05
2221,0.027971886098384857,0.004621834959834814,0.02319592796266079,3.082452531089075e-05
2222,0.027981601655483246,0.004608830437064171,0.023212097585201263,3.21347797580529e-05
2223,0.027978364378213882,0.004624680615961552,0.023199688643217087,3.0799248634139076e-05
2224,0.027966996654868126,0.004609558265656233,0.023200424388051033,3.14026401611045e-05
2225,0.027960898354649544,0.004613903816789389,0.023191357031464577,3.112722697551362e-05
2226,0.027964869514107704,0.004617105703800917,0.023193739354610443,3.080462192883715e-05
2227,0.027971215546131134,0.004609367810189724,0.02320295199751854,3.177887265337631e-05
2228,0.027971390634775162,0.004621867090463638,0.02319566160440445,3.077253859373741e-05
2229,0.02796558476984501,0.004608773160725832,0.023200342431664467,3.129377728328109e-05
2230,0.027960702776908875,0.004615725018084049,0.023189667612314224,3.1062278139870614e-05
2231,0.027961116284132004,0.004613688215613365,0.02319340966641903,3.080371971009299e-05
2232,0.02796441875398159,0.004610484000295401,0.023196272552013397,3.153249781462364e-05
2233,0.02796570584177971,0.0046190726570785046,0.023192917928099632,3.074301639571786e-05
2234,0.02796361967921257,0.004608658142387867,0.023198943585157394,3.120368273812346e-05
2235,0.027960555627942085,0.004616756923496723,0.02318902499973774,3.095463398494758e-05
2236,0.027959439903497696,0.004611445125192404,0.02319413423538208,3.077211295021698e-05
2237,0.02796039916574955,0.004611910320818424,0.023191900923848152,3.131734047201462e-05
2238,0.027961479499936104,0.004616384860128164,0.0231916680932045,3.068503792746924e-05
2239,0.027961207553744316,0.004609138239175081,0.0231965072453022,3.111252226517536e-05
2240,0.027959853410720825,0.004616829100996256,0.023188836872577667,3.0837589292787015e-05
2241,0.027958618476986885,0.004610139410942793,0.023194776847958565,3.0740218790015206e-05
2242,0.027958322316408157,0.004613285884261131,0.02318931743502617,3.1143710657488555e-05
2243,0.027958614751696587,0.004613921046257019,0.023191489279270172,3.064098200411536e-05
2244,0.027958758175373077,0.004610039759427309,0.023193474858999252,3.104895222350024e-05
2245,0.027958497405052185,0.004615954589098692,0.023188790306448936,3.0750416044611484e-05
2246,0.027957819402217865,0.004609578754752874,0.023194562643766403,3.073535117437132e-05
2247,0.027957256883382797,0.004614220000803471,0.023187996819615364,3.100791582255624e-05
2248,0.02795695699751377,0.0046119182370603085,0.02319195680320263,3.0616381991421804e-05
2249,0.027956871315836906,0.004611173179000616,0.023190725594758987,3.099434616160579e-05
2250,0.027956785634160042,0.0046144030056893826,0.0231890007853508,3.067642683163285e-05
2251,0.027956649661064148,0.004609697498381138,0.02319328859448433,3.073276093346067e-05
2252,0.02795632928609848,0.004614399746060371,0.023187564685940742,3.087283766944893e-05
2253,0.027955954894423485,0.004610584583133459,0.02319244295358658,3.058556103496812e-05
2254,0.027955593541264534,0.0046123056672513485,0.023188721388578415,3.091318649239838e-05
2255,0.0279553160071373,0.004612654447555542,0.02318968065083027,3.0596278520533815e-05
2256,0.027955228462815285,0.00461035780608654,0.0231913011521101,3.0714076274307445e-05
2257,0.02795513905584812,0.0046137613244354725,0.023187721148133278,3.073122934438288e-05
2258,0.027955029159784317,0.004610041622072458,0.023192230612039566,3.055141860386357e-05
2259,0.02795468084514141,0.004612980876117945,0.02318766713142395,3.0806542781647295e-05
2260,0.027954278513789177,0.004611185286194086,0.02319047972559929,3.052293322980404e-05
2261,0.027954040095210075,0.0046113021671772,0.02318931370973587,3.0684681405546144e-05
2262,0.027953939512372017,0.0046125720255076885,0.02318834699690342,3.0604009225498885e-05
2263,0.02795383892953396,0.00461020041257143,0.023190995678305626,3.052853935514577e-05
2264,0.027953684329986572,0.004612915217876434,0.02318732440471649,3.0688843253301457e-05
2265,0.027953457087278366,0.004610334988683462,0.023190785199403763,3.0467255783150904e-05
2266,0.02795313112437725,0.004612061660736799,0.023187872022390366,3.063927579205483e-05
2267,0.02795286662876606,0.004611281678080559,0.02318909391760826,3.049823317269329e-05
2268,0.027952691540122032,0.004610862582921982,0.023189278319478035,3.0510163924191147e-05
2269,0.027952605858445168,0.004612142685800791,0.02318764105439186,3.0564566259272397e-05
2270,0.027952438220381737,0.004610215779393911,0.023190105333924294,3.0423458156292327e-05
2271,0.027952274307608604,0.004612204618752003,0.023187246173620224,3.056505374843255e-05
2272,0.027952000498771667,0.004610410425812006,0.023189540952444077,3.040996307390742e-05
2273,0.027951788157224655,0.004611483309417963,0.023187903687357903,3.048030885111075e-05
2274,0.027951547876000404,0.00461111543700099,0.023188211023807526,3.0444198273471557e-05
2275,0.027951331809163094,0.004610601346939802,0.02318878471851349,3.038896102225408e-05
2276,0.027951207011938095,0.00461165327578783,0.023187221959233284,3.0466149837593548e-05
2277,0.027951018884778023,0.004610169213265181,0.023189129307866096,3.0343877369887196e-05
2278,0.027950862422585487,0.004611615557223558,0.023187095299363136,3.04303703160258e-05
2279,0.027950642630457878,0.004610321018844843,0.023188596591353416,3.034510518773459e-05
2280,0.027950450778007507,0.004611075855791569,0.023187581449747086,3.0358978619915433e-05
2281,0.027950242161750793,0.004610785748809576,0.02318764105439186,3.0362909456016496e-05
2282,0.027950072661042213,0.004610435105860233,0.023188138380646706,3.0299739592010155e-05
2283,0.02794986218214035,0.004611131269484758,0.02318694069981575,3.035830923181493e-05
2284,0.027949757874011993,0.004610089119523764,0.023188306018710136,3.027256389032118e-05
2285,0.027949530631303787,0.004611100535839796,0.023186836391687393,3.0318793506012298e-05
2286,0.02794933319091797,0.004610140807926655,0.023187842220067978,3.0270059141912498e-05
2287,0.02794911339879036,0.004610742907971144,0.023187046870589256,3.026458762178663e-05
2288,0.02794894203543663,0.004610407166182995,0.02318717911839485,3.02710868709255e-05
2289,0.027948753908276558,0.004610272590070963,0.02318738028407097,3.022013152076397e-05
2290,0.027948565781116486,0.004610626492649317,0.023186661303043365,3.0255792808020487e-05
2291,0.02794838324189186,0.004609973635524511,0.023187432438135147,3.01952150039142e-05
2292,0.027948223054409027,0.004610637202858925,0.023186486214399338,3.02200442092726e-05
2293,0.02794802561402321,0.004609926138073206,0.023187177255749702,3.0184552088030614e-05
2294,0.027947809547185898,0.004610427655279636,0.02318650484085083,3.0175688152667135e-05
2295,0.027947669848799706,0.004610041622072458,0.02318674884736538,3.0176117434166372e-05
2296,0.027947474271059036,0.004610125441104174,0.023186663165688515,3.0137260182527825e-05
2297,0.027947289869189262,0.004610167350620031,0.02318633534014225,3.0157365472405218e-05
2298,0.027947070077061653,0.004609863739460707,0.02318664826452732,3.01116488117259e-05
2299,0.027946922928094864,0.0046102083288133144,0.023186083883047104,3.012614070030395e-05
2300,0.027946727350354195,0.004609724041074514,0.023186523467302322,3.0096020054770634e-05
2301,0.027946561574935913,0.004610114265233278,0.023186003789305687,3.0088665880612098e-05
2302,0.027946358546614647,0.00460971100255847,0.023186232894659042,3.0082661396590993e-05
2303,0.027946166694164276,0.004609947558492422,0.02318594790995121,3.005403050337918e-05
2304,0.027946002781391144,0.004609722178429365,0.023185962811112404,3.006339284183923e-05
2305,0.02794579230248928,0.004609738476574421,0.023185916244983673,3.0027838874957524e-05
2306,0.027945632115006447,0.004609750583767891,0.02318570390343666,3.003564961545635e-05
2307,0.027945470064878464,0.004609563387930393,0.023185862228274345,3.000881042680703e-05
2308,0.027945274487137794,0.004609743133187294,0.023185519501566887,3.000251490448136e-05
2309,0.027945103123784065,0.004609457682818174,0.02318568341434002,2.999247044499498e-05
2310,0.02794489823281765,0.004609670955687761,0.023185377940535545,2.99699095194228e-05
2311,0.027944745495915413,0.004609391558915377,0.0231854896992445,2.9972841730341315e-05
2312,0.02794453129172325,0.0046095470897853374,0.02318526990711689,2.994278838741593e-05
2313,0.02794436737895012,0.00460935290902853,0.023185281082987785,2.994691203639377e-05
2314,0.027944201603531837,0.004609409719705582,0.023185184225440025,2.9921578970970586e-05
2315,0.027944011613726616,0.00460934080183506,0.023185089230537415,2.9916336643509567e-05
2316,0.02794380858540535,0.004609254188835621,0.023185040801763535,2.9902981623308733e-05
2317,0.027943648397922516,0.004609310068190098,0.02318491041660309,2.988564665429294e-05
2318,0.027943432331085205,0.004609122406691313,0.023184895515441895,2.9882910894230008e-05
2319,0.02794327773153782,0.004609254654496908,0.023184731602668762,2.9858301786589436e-05
2320,0.027943093329668045,0.004609038587659597,0.023184759542346,2.98588474834105e-05
2321,0.027942880988121033,0.004609174560755491,0.023184530436992645,2.9835176974302158e-05
2322,0.027942746877670288,0.004608975723385811,0.02318461425602436,2.983123340527527e-05
2323,0.027942592278122902,0.004609064199030399,0.023184454068541527,2.9814496883773245e-05
2324,0.02794238179922104,0.0046089100651443005,0.023184459656476974,2.9802484277752228e-05
2325,0.02794218622148037,0.004608958959579468,0.023184258490800858,2.9793722205795348e-05
2326,0.02794198878109455,0.004608850460499525,0.023184264078736305,2.977491749334149e-05
2327,0.02794184722006321,0.004608840681612492,0.023184148594737053,2.977127041958738e-05
2328,0.027941644191741943,0.004608808550983667,0.023184088990092278,2.9749584427918307e-05
2329,0.027941497042775154,0.004608748015016317,0.023184016346931458,2.9746293876087293e-05
2330,0.02794129028916359,0.0046087587252259254,0.023183900862932205,2.9726463253609836e-05
2331,0.027941107749938965,0.004608641844242811,0.02318386733531952,2.971958019770682e-05
2332,0.02794092893600464,0.004608689341694117,0.02318371646106243,2.9704626285820268e-05
2333,0.027940772473812103,0.00460854871198535,0.023183761164546013,2.969235174532514e-05
2334,0.027940578758716583,0.00460861437022686,0.02318355068564415,2.968264016089961e-05
2335,0.027940431609749794,0.004608470946550369,0.023183632642030716,2.9665770853171125e-05
2336,0.027940208092331886,0.00460852449759841,0.023183384910225868,2.9659813662874512e-05
2337,0.0279400572180748,0.004608395509421825,0.023183457553386688,2.9640761567861773e-05
2338,0.02793985791504383,0.00460843788459897,0.023183241486549377,2.963562474178616e-05
2339,0.027939697727560997,0.004608332645148039,0.023183278739452362,2.961713653348852e-05
2340,0.02793949656188488,0.004608351271599531,0.02318309247493744,2.9610429919557646e-05
2341,0.0279393307864666,0.004608260001987219,0.023183098062872887,2.959428820759058e-05
2342,0.027939198538661003,0.004608263727277517,0.023183010518550873,2.9584860385512002e-05
2343,0.0279389638453722,0.004608199931681156,0.023182906210422516,2.95715726679191e-05
2344,0.02793879434466362,0.004608151502907276,0.02318284660577774,2.9559509130194783e-05
2345,0.0279386043548584,0.004608140792697668,0.023182718083262444,2.9549089958891273e-05
2346,0.02793845906853676,0.004608069080859423,0.023182719945907593,2.95342779281782e-05
2347,0.027938267216086388,0.0046080732718110085,0.023182563483715057,2.952624527097214e-05
2348,0.02793809212744236,0.004607976879924536,0.023182567209005356,2.950951602542773e-05
2349,0.02793789468705654,0.004607992246747017,0.02318238839507103,2.950264752143994e-05
2350,0.02793772518634796,0.004607886075973511,0.02318241074681282,2.9485603590728715e-05
2351,0.02793756127357483,0.004607917740941048,0.023182250559329987,2.9478560463758186e-05
2352,0.027937402948737144,0.004607808776199818,0.023182284086942673,2.9462153179338202e-05
2353,0.02793719992041588,0.004607854411005974,0.02318207547068596,2.9454045943566598e-05
2354,0.027937043458223343,0.004607721697539091,0.023182125762104988,2.943918116216082e-05
2355,0.02793685905635357,0.0046077813021838665,0.02318193018436432,2.942951141449157e-05
2356,0.02793668769299984,0.0046076360158622265,0.023181971162557602,2.94161891361e-05
2357,0.027936499565839767,0.004607715643942356,0.02318175882101059,2.9405315217445605e-05
2358,0.02793632261455059,0.004607547074556351,0.023181810975074768,2.9392973374342546e-05
2359,0.0279361754655838,0.004607642535120249,0.023181626573204994,2.9381470085354522e-05
2360,0.02793598361313343,0.00460746930912137,0.023181667551398277,2.936953751486726e-05
2361,0.027935801073908806,0.00460758525878191,0.023181425407528877,2.9357879611779936e-05
2362,0.02793564833700657,0.004607373382896185,0.023181544616818428,2.934605799964629e-05
2363,0.027935465797781944,0.004607518203556538,0.02318127267062664,2.9334651117096655e-05
2364,0.027935270220041275,0.004607273731380701,0.023181386291980743,2.932194729510229e-05
2365,0.02793509140610695,0.004607462324202061,0.023181067779660225,2.9312126571312547e-05
2366,0.02793489769101143,0.004607171285897493,0.023181239143013954,2.9297510991455056e-05
2367,0.027934730052947998,0.004607427399605513,0.023180853575468063,2.9289825761225075e-05
2368,0.027934597805142403,0.004607050213962793,0.023181183263659477,2.927310561062768e-05
2369,0.027934391051530838,0.004607399459928274,0.023180652409791946,2.926782690337859e-05
2370,0.027934247627854347,0.004606905393302441,0.023181099444627762,2.9248429200379178e-05
2371,0.027934042736887932,0.004607412964105606,0.02318039909005165,2.9246011763461865e-05
2372,0.027933919802308083,0.004606736358255148,0.023181065917015076,2.9223454475868493e-05
2373,0.027933722361922264,0.004607455339282751,0.023180142045021057,2.9224880563560873e-05
2374,0.027933554723858833,0.004606518894433975,0.023181047290563583,2.919774124165997e-05
2375,0.027933398261666298,0.00460756104439497,0.023179810494184494,2.9205073587945662e-05
2376,0.027933219447731972,0.004606207832694054,0.023181159049272537,2.9170629204600118e-05
2377,0.02793310396373272,0.004607797600328922,0.023179370909929276,2.9187434847699478e-05
2378,0.02793295681476593,0.004605779889971018,0.023181471973657608,2.914119977504015e-05
2379,0.027932824566960335,0.004608204122632742,0.02317875251173973,2.917342681030277e-05
2380,0.02793278358876705,0.004605132155120373,0.023182108998298645,2.9108336093486287e-05
2381,0.027932755649089813,0.004608956165611744,0.023177972063422203,2.9165175874368288e-05
2382,0.02793286181986332,0.004604171495884657,0.023183340206742287,2.9069962693029083e-05
2383,0.02793317846953869,0.00461029727011919,0.023177042603492737,2.9167851607780904e-05
2384,0.027933722361922264,0.004602690227329731,0.023185918107628822,2.9022641683695838e-05
2385,0.02793474867939949,0.0046127126552164555,0.023176074028015137,2.9192582587711513e-05
2386,0.027936574071645737,0.004600496497005224,0.023191262036561966,2.8963198928977363e-05
2387,0.02793980948626995,0.004617296624928713,0.023176202550530434,2.9262171665322967e-05
2388,0.027945373207330704,0.004597475286573172,0.023203426972031593,2.8894053684780374e-05
2389,0.02795504219830036,0.004626469220966101,0.02318141795694828,2.9430759241222404e-05
2390,0.027971720322966576,0.004594419151544571,0.023233085870742798,2.8842923711636104e-05
2391,0.028000812977552414,0.004646272864192724,0.02320534735918045,2.9838602131349035e-05
2392,0.02805153653025627,0.004595629870891571,0.023311233147978783,2.8934733563801274e-05
2393,0.02814044989645481,0.004692625254392624,0.023293456062674522,3.08738999592606e-05
2394,0.02829509973526001,0.004617915954440832,0.023529013618826866,2.9633903977810405e-05
2395,0.028563661500811577,0.004808328580111265,0.02358713001012802,3.364041185704991e-05
2396,0.02901703491806984,0.0047158109955489635,0.02413894794881344,3.2455191103508696e-05
2397,0.02975945547223091,0.005094605963677168,0.024459803476929665,4.1009116102941334e-05
2398,0.030863378196954727,0.005011038389056921,0.025646694004535675,4.112919486942701e-05
2399,0.03229771554470062,0.005651107057929039,0.02635951153934002,5.741963104810566e-05
2400,0.03357507288455963,0.005474645644426346,0.027811571955680847,5.777087062597275e-05
2401,0.03386847674846649,0.005956834647804499,0.027533678337931633,7.559276127722114e-05
2402,0.03237498179078102,0.0052581243216991425,0.026798482984304428,6.367501919157803e-05
2403,0.029901159927248955,0.005074560176581144,0.02449578046798706,6.616371683776379e-05
2404,0.028330285102128983,0.004641593899577856,0.023464063182473183,4.492543303058483e-05
2405,0.028737559914588928,0.004758083261549473,0.023759355768561363,4.402385457069613e-05
2406,0.030171770602464676,0.005180370528250933,0.024825047701597214,3.3270480344071984e-05
2407,0.030776286497712135,0.005103186704218388,0.02548186667263508,3.824639497906901e-05
2408,0.02979443036019802,0.00507726613432169,0.024549098685383797,3.361274502822198e-05
2409,0.028350796550512314,0.0046428353525698185,0.023506470024585724,4.0298247768078e-05
2410,0.02804093435406685,0.004616547375917435,0.023255817592144012,3.3713909942889586e-05
2411,0.02885414846241474,0.0048695942386984825,0.023818418383598328,3.322699194541201e-05
2412,0.029443005099892616,0.004839431028813124,0.02445775642991066,2.9163373255869374e-05
2413,0.029010245576500893,0.004906988237053156,0.023952636867761612,3.0124085242277943e-05
2414,0.028208870440721512,0.0046133617870509624,0.023374365642666817,4.422839992912486e-05
2415,0.02807980217039585,0.0046027167700231075,0.02325506880879402,4.440333214006387e-05
2416,0.02858021669089794,0.0047849933616817,0.023541085422039032,5.0827573431888595e-05
2417,0.02883855812251568,0.00469482084736228,0.02396458014845848,3.5831460991175845e-05
2418,0.028478458523750305,0.0047852834686636925,0.02353498712182045,3.1637566280551255e-05
2419,0.02803015150129795,0.0045976764522492886,0.023280099034309387,3.0475002859020606e-05
2420,0.02805311605334282,0.0046214759349823,0.02327379211783409,3.1569743441650644e-05
2421,0.028359876945614815,0.004751003812998533,0.023426974192261696,3.63798244507052e-05
2422,0.02842521108686924,0.004635168705135584,0.023636067286133766,3.079528687521815e-05
2423,0.028175747022032738,0.004708028864115477,0.02331639640033245,3.0264434826676734e-05
2424,0.02799125947058201,0.004605121910572052,0.02323625050485134,2.9977438316564076e-05
2425,0.02808370627462864,0.004634472541511059,0.02330162189900875,2.9522636395995505e-05
2426,0.02823495678603649,0.00472083268687129,0.02336619421839714,2.958601908176206e-05
2427,0.028192320838570595,0.004612992983311415,0.0234263613820076,3.059315713471733e-05
2428,0.028028979897499084,0.004654623568058014,0.023221921175718307,3.04870045511052e-05
2429,0.027970412746071815,0.004607904702425003,0.023181002587080002,3.630117134889588e-05
2430,0.02804950252175331,0.004613873083144426,0.023279497399926186,3.1226471037371084e-05
2431,0.02810560166835785,0.004679537378251553,0.0232737734913826,3.045788616873324e-05
2432,0.028051825240254402,0.004596097394824028,0.023304495960474014,3.0246521419030614e-05
2433,0.027976974844932556,0.00463086785748601,0.02319033443927765,3.1154770113062114e-05
2434,0.02797813154757023,0.004613320808857679,0.0231719259172678,3.857683623209596e-05
2435,0.02802385576069355,0.00460290489718318,0.02325723133981228,3.2743701012805104e-05
2436,0.028029540553689003,0.004651290830224752,0.0232163667678833,3.2376610761275515e-05
2437,0.0279872864484787,0.004592047072947025,0.023250851780176163,2.8877744625788182e-05
2438,0.027957351878285408,0.004627866204828024,0.023184385150671005,2.9020065994700417e-05
2439,0.02796732448041439,0.004617966245859861,0.023188389837741852,3.219343125238083e-05
2440,0.027983760461211205,0.004605607129633427,0.02323158271610737,2.9313776394701563e-05
2441,0.027975644916296005,0.004633965902030468,0.023194478824734688,2.9440087018883787e-05
2442,0.027956081554293633,0.004593848716467619,0.02321469970047474,2.9506492865039036e-05
2443,0.02795073203742504,0.004622331354767084,0.023183492943644524,2.8981457944610156e-05
2444,0.027958517894148827,0.004615878686308861,0.023189669474959373,3.059378650505096e-05
2445,0.027960550040006638,0.00460501154884696,0.02321188524365425,2.8730481062666513e-05
2446,0.027952345088124275,0.004622956272214651,0.023186594247817993,2.8558866688399576e-05
2447,0.02794538252055645,0.004595725331455469,0.02319147437810898,3.163683504681103e-05
2448,0.02794569358229637,0.0046132891438901424,0.023182494565844536,2.9981920306454413e-05
2449,0.02794652432203293,0.0046105277724564075,0.023174602538347244,3.227891284041107e-05
2450,0.027942335233092308,0.0045992047525942326,0.023199494928121567,2.8727086828439496e-05
2451,0.027937529608607292,0.004617735277861357,0.02317611500620842,2.8735899832099676e-05
2452,0.02793729491531849,0.004597108345478773,0.023189522325992584,3.0132905521895736e-05
2453,0.02793913334608078,0.004612625576555729,0.023181237280368805,2.905413566622883e-05
2454,0.027937397360801697,0.004607647191733122,0.023175422102212906,3.0865398002788424e-05
2455,0.02793314680457115,0.004599464125931263,0.023190703243017197,2.8595928597496822e-05
2456,0.02793165110051632,0.004614006727933884,0.023173697292804718,2.8789434509235434e-05
2457,0.027933942154049873,0.004598282743245363,0.023188624531030655,2.940700142062269e-05
2458,0.027935229241847992,0.0046128155663609505,0.023179346695542336,2.8613047106773593e-05
2459,0.027932407334446907,0.004605363588780165,0.023180358111858368,2.9337163141462952e-05
2460,0.027928628027439117,0.00460223201662302,0.02318241260945797,2.879650128306821e-05
2461,0.027928156778216362,0.004609427880495787,0.0231761634349823,2.8512933567981236e-05
2462,0.02793041430413723,0.004599313717335463,0.02317952550947666,3.0314966352307238e-05
2463,0.027931075543165207,0.00460868189111352,0.02317863143980503,2.875249265343882e-05
2464,0.027928469702601433,0.004603744950145483,0.02317468635737896,3.0007600798853673e-05
2465,0.027925480157136917,0.00460188090801239,0.023181086406111717,2.8502397981355898e-05
2466,0.027925297617912292,0.004608261864632368,0.023173943161964417,2.8618378564715385e-05
2467,0.027927163988351822,0.004600028973072767,0.023180797696113586,2.926719025708735e-05
2468,0.027927789837121964,0.004608767572790384,0.023176683112978935,2.846788447641302e-05
2469,0.027925929054617882,0.004602621775120497,0.023176847025752068,2.9292006729519926e-05
2470,0.02792377956211567,0.0046033854596316814,0.023177895694971085,2.8499658583314158e-05
2471,0.02792353369295597,0.004606208298355341,0.023174619302153587,2.8541404390125535e-05
2472,0.027924858033657074,0.00460080336779356,0.023178808391094208,2.904895882238634e-05
2473,0.02792549878358841,0.00460780318826437,0.023175664246082306,2.840604429366067e-05
2474,0.027924442663788795,0.00460191210731864,0.02317757159471512,2.8991518775001168e-05
2475,0.027922943234443665,0.004604521207511425,0.023175759240984917,2.853261867130641e-05
2476,0.027922486886382103,0.004604318644851446,0.023175934329628944,2.8446720534702763e-05
2477,0.027923226356506348,0.004601792432367802,0.02317574992775917,2.913716343755368e-05
2478,0.027923794463276863,0.004605919122695923,0.023176081478595734,2.83587614831049e-05
2479,0.027923354879021645,0.0046018692664802074,0.02317509427666664,2.9278051442815922e-05
2480,0.027922313660383224,0.004604143090546131,0.023176413029432297,2.8351818400551565e-05
2481,0.027921762317419052,0.004603871144354343,0.023174060508608818,2.876601865864359e-05
2482,0.02792206034064293,0.004601930268108845,0.023177536204457283,2.8518643375718966e-05
2483,0.027922499924898148,0.004606066271662712,0.023173920810222626,2.8502621717052534e-05
2484,0.027922453358769417,0.004601284395903349,0.02317841723561287,2.8550144634209573e-05
2485,0.027921920642256737,0.004605647176504135,0.023173201829195023,2.861445136659313e-05
2486,0.02792159840464592,0.004601906985044479,0.0231781005859375,2.831832352967467e-05
2487,0.027921725064516068,0.004603757057338953,0.02317247912287712,2.909804243245162e-05
2488,0.027922185137867928,0.00460312282666564,0.02317778766155243,2.8254851713427342e-05
2489,0.0279226154088974,0.004602763801813126,0.02317214198410511,2.9541766707552597e-05
2490,0.02792290225625038,0.004603216424584389,0.02317838929593563,2.8259286409593187e-05
2491,0.027923401445150375,0.0046036564745008945,0.023171886801719666,2.9571836421382613e-05
2492,0.02792436070740223,0.0046022250317037106,0.023181039839982986,2.8219010346219875e-05
2493,0.027926135808229446,0.004606188740581274,0.0231718048453331,2.962835606012959e-05
2494,0.027928674593567848,0.004601276945322752,0.02318612113595009,2.825525552907493e-05
2495,0.027932344004511833,0.0046087526716291904,0.023171590641140938,3.0400095056393184e-05
2496,0.027937689796090126,0.00460074981674552,0.023193228989839554,2.8742188078467734e-05
2497,0.027945874258875847,0.00461063627153635,0.02317192405462265,3.2662854209775105e-05
2498,0.02795833721756935,0.004601124674081802,0.02320447564125061,3.0547256756108254e-05
2499,0.027977336198091507,0.004613888915628195,0.023176630958914757,3.73631228285376e-05
2500,0.02800625003874302,0.004603545181453228,0.02322816662490368,3.490766175673343e-05
2501,0.028050124645233154,0.0046232761815190315,0.023195484653115273,4.627239832188934e-05
2502,0.028116585686802864,0.004611531272530556,0.02328239008784294,4.453302244655788e-05
2503,0.028216257691383362,0.0046462127938866615,0.02324863150715828,6.428278720704839e-05
2504,0.02836233749985695,0.004632189869880676,0.02339855022728443,6.631939322687685e-05
2505,0.0285678431391716,0.004691456910222769,0.02336912974715233,0.00010145120177185163
2506,0.028837624937295914,0.004673242103308439,0.02360931597650051,0.0001110133744077757
2507,0.02915162220597267,0.004758913069963455,0.023571379482746124,0.00016426587535534054
2508,0.02944074384868145,0.0047231814824044704,0.023861654102802277,0.00017118148389272392
2509,0.029581215232610703,0.004803346004337072,0.02371487021446228,0.00021259959612507373
2510,0.029440145939588547,0.004717192146927118,0.02385617233812809,0.0001733562385197729
2511,0.028996966779232025,0.004738061223179102,0.0235037412494421,0.00015103290206752717
2512,0.028425415977835655,0.004629469942301512,0.02342803403735161,7.358242874033749e-05
2513,0.0280105322599411,0.004624152090400457,0.023183071985840797,4.0661390812601894e-05
2514,0.027931805700063705,0.004603783134371042,0.02317272685468197,3.105940777459182e-05
2515,0.02814139612019062,0.004614074248820543,0.023290984332561493,4.726771658170037e-05
2516,0.02842709608376026,0.0046703508123755455,0.023312104865908623,8.892823097994551e-05
2517,0.02856552042067051,0.004643666557967663,0.023486629128456116,8.704487845534459e-05
2518,0.028461270034313202,0.004681277554482222,0.023327436298131943,9.051129745785147e-05
2519,0.028200682252645493,0.004612557124346495,0.02333415299654007,5.079436959931627e-05
2520,0.027976159006357193,0.004622298292815685,0.02317550778388977,3.567031671991572e-05
2521,0.0279255211353302,0.004599942825734615,0.023175273090600967,3.006076985911932e-05
2522,0.02803506702184677,0.004608170595020056,0.02324061095714569,3.72568829334341e-05
2523,0.028177578002214432,0.004642865154892206,0.023235207423567772,5.990128556732088e-05
2524,0.02822650596499443,0.004615697544068098,0.023343082517385483,5.354521636036225e-05
2525,0.028149116784334183,0.004646351095288992,0.02322549559175968,5.545375097426586e-05
2526,0.02801554463803768,0.004596616607159376,0.023246929049491882,3.439957436057739e-05
2527,0.027928311377763748,0.004613347817212343,0.023165931925177574,2.9806544262100942e-05
2528,0.027935581281781197,0.004602795001119375,0.023175373673439026,3.1482391932513565e-05
2529,0.028004564344882965,0.004604702349752188,0.02322862669825554,3.424692476983182e-05
2530,0.028062917292118073,0.004629708826541901,0.023198924958705902,4.685686872107908e-05
2531,0.028061475604772568,0.0046008313074707985,0.023266103118658066,3.8908503483980894e-05
2532,0.028006648644804955,0.004626638256013393,0.0231805220246315,3.9897375245345756e-05
2533,0.027944980189204216,0.004592821002006531,0.023205958306789398,2.924000727944076e-05
2534,0.027919353917241096,0.004608959890902042,0.023168770596385002,2.832454083545599e-05
2535,0.02793724648654461,0.0046040671877563,0.023173199966549873,3.1995925382943824e-05
2536,0.027972359210252762,0.004601224325597286,0.023211879655718803,3.1851257517701015e-05
2537,0.027991613373160362,0.004619597923010588,0.02317749336361885,3.8904210668988526e-05
2538,0.027980752289295197,0.004595521371811628,0.02322423830628395,3.219836071366444e-05
2539,0.02795078419148922,0.004617550875991583,0.023167544975876808,3.3137570426333696e-05
2540,0.027924716472625732,0.00459374999627471,0.023190565407276154,2.808007957355585e-05
2541,0.027918176725506783,0.004606918897479773,0.023171260952949524,2.799919093376957e-05
2542,0.027929581701755524,0.004603401757776737,0.02317061647772789,3.111276964773424e-05
2543,0.02794523909687996,0.00459931418299675,0.023197514936327934,2.9681930755032226e-05
2544,0.02795160375535488,0.004613775759935379,0.023168601095676422,3.384550291229971e-05
2545,0.027944650501012802,0.004594605416059494,0.023203600198030472,2.9288927180459723e-05
2546,0.027930505573749542,0.004613261204212904,0.023165013641119003,3.0446222808677703e-05
2547,0.027918947860598564,0.004594822879880667,0.023184362798929214,2.79522173514124e-05
2548,0.02791600301861763,0.004605820402503014,0.02317046746611595,2.794316787912976e-05
2549,0.027920827269554138,0.004602143540978432,0.023169517517089844,2.9833376174792647e-05
2550,0.02792762778699398,0.004599011968821287,0.02318647876381874,2.8427237339201383e-05
2551,0.027930837124586105,0.0046097636222839355,0.023165486752986908,3.11174189846497e-05
2552,0.027928408235311508,0.004595037549734116,0.02319186180830002,2.8301668862695806e-05
2553,0.027922341600060463,0.004610407631844282,0.02316426672041416,2.953332477773074e-05
2554,0.0279165580868721,0.0045953853987157345,0.023181669414043427,2.7900496206711978e-05
2555,0.027913933619856834,0.0046054041013121605,0.023168522864580154,2.8001210012007505e-05
2556,0.0279148630797863,0.004600487649440765,0.02317028120160103,2.8818973078159615e-05
2557,0.027917642146348953,0.0045996420085430145,0.023178581148386,2.7883883376489393e-05
2558,0.02791975997388363,0.004606271628290415,0.023165158927440643,2.966610190924257e-05
2559,0.027919825166463852,0.004595995880663395,0.02318428084254265,2.7909913114854135e-05
2560,0.02791794203221798,0.004608078394085169,0.023164264857769012,2.9119872124283575e-05
2561,0.02791508100926876,0.0045957379043102264,0.023180339485406876,2.780070099106524e-05
2562,0.027912825345993042,0.004605449270457029,0.023166662082076073,2.8142574592493474e-05
2563,0.027911994606256485,0.004598766099661589,0.02317216247320175,2.821321686496958e-05
2564,0.027912454679608345,0.004601031541824341,0.023172568529844284,2.7771040549851023e-05
2565,0.027913520112633705,0.004603098146617413,0.023166412487626076,2.8802240194636397e-05
2566,0.027914293110370636,0.004597533028572798,0.0231779832392931,2.77552808256587e-05
2567,0.027914276346564293,0.004605806898325682,0.023164518177509308,2.8789983844035305e-05
2568,0.027913426980376244,0.00459632882848382,0.023178376257419586,2.7744581529987045e-05
2569,0.02791217714548111,0.004605387803167105,0.023165354505181313,2.8287031454965472e-05
2570,0.027911005541682243,0.004597572144120932,0.0231739841401577,2.788967321976088e-05
2571,0.027910327538847923,0.0046026031486690044,0.023168375715613365,2.786980985547416e-05
2572,0.027910249307751656,0.004600436892360449,0.02316882088780403,2.8198273867019452e-05
2573,0.027910558506846428,0.004599481355398893,0.02317250892519951,2.771346044028178e-05
2574,0.02791093848645687,0.004603246692568064,0.023165833204984665,2.8371954613248818e-05
2575,0.027911072596907616,0.004597527906298637,0.023175133392214775,2.7682372092385776e-05
2576,0.02791084721684456,0.004604404792189598,0.02316511608660221,2.8265083528822288e-05
2577,0.027910348027944565,0.004597290884703398,0.023174477741122246,2.7715710530173965e-05
2578,0.02790970355272293,0.0046035428531467915,0.023166067898273468,2.8018774173688143e-05
2579,0.027909114956855774,0.004598554689437151,0.02317141555249691,2.782888441288378e-05
2580,0.027908755466341972,0.004601470194756985,0.023168226704001427,2.781205330393277e-05
2581,0.027908606454730034,0.0046005710028111935,0.023168154060840607,2.797602428472601e-05
2582,0.027908634394407272,0.004599392879754305,0.023170731961727142,2.7702148145181127e-05
2583,0.02790871076285839,0.00460230465978384,0.023166093975305557,2.806235170282889e-05
2584,0.02790875919163227,0.004598136059939861,0.023172304034233093,2.766367470030673e-05
2585,0.027908680960536003,0.004603008273988962,0.02316548302769661,2.8038133677910082e-05
2586,0.02790842019021511,0.004597940947860479,0.023172123357653618,2.7671085263136774e-05
2587,0.02790810540318489,0.004602528177201748,0.02316592074930668,2.7931551812798716e-05
2588,0.02790772169828415,0.004598662257194519,0.023170482367277145,2.771546678559389e-05
2589,0.02790745161473751,0.0046013048849999905,0.023167116567492485,2.7806105208583176e-05
2590,0.027907203882932663,0.004599840380251408,0.02316846139729023,2.778038651740644e-05
2591,0.027907047420740128,0.00459994887933135,0.02316856011748314,2.770750506897457e-05
2592,0.02790699154138565,0.004600988235324621,0.023166831582784653,2.783422496577259e-05
2593,0.02790694683790207,0.004598909988999367,0.02316979691386223,2.7648102332022972e-05
2594,0.027906863018870354,0.004601711872965097,0.02316589467227459,2.7851427148561925e-05
2595,0.027906781062483788,0.004598444793373346,0.02317023277282715,2.7620741093414836e-05
2596,0.027906615287065506,0.004601798485964537,0.023165671154856682,2.782888441288378e-05
2597,0.027906447649002075,0.00459853233769536,0.02316983975470066,2.7615287763183005e-05
2598,0.027906231582164764,0.004601341672241688,0.02316598780453205,2.778015004878398e-05
2599,0.027905961498618126,0.004599033389240503,0.023168813437223434,2.7623125788522884e-05
2600,0.027905810624361038,0.004600584506988525,0.02316661924123764,2.7721316655515693e-05
2601,0.027905594557523727,0.004599697422236204,0.023167705163359642,2.7638137908070348e-05
2602,0.027905482798814774,0.004599825944751501,0.02316734381020069,2.766249053820502e-05
2603,0.02790532261133194,0.004600305110216141,0.02316674403846264,2.7654619771055877e-05
2604,0.027905216440558434,0.004599233623594046,0.0231679305434227,2.7610454708337784e-05
2605,0.027905050665140152,0.004600686486810446,0.023166028782725334,2.7666987080010585e-05
2606,0.027904964983463287,0.0045989216305315495,0.023168204352259636,2.756794674496632e-05
2607,0.027904847636818886,0.004600800108164549,0.023165693506598473,2.7670886993291788e-05
2608,0.027904707938432693,0.004598818253725767,0.023168209940195084,2.753584885795135e-05
2609,0.027904562652111053,0.004600693937391043,0.023165550082921982,2.7663560103974305e-05
2610,0.027904395014047623,0.004598912782967091,0.023167915642261505,2.751337888184935e-05
2611,0.027904260903596878,0.004600438755005598,0.023165598511695862,2.7644744477584027e-05
2612,0.027904080227017403,0.0045991092920303345,0.023167477920651436,2.7498732379171997e-05
2613,0.027903903275728226,0.004600119777023792,0.023165695369243622,2.761769064818509e-05
2614,0.027903765439987183,0.0045993090607225895,0.02316701039671898,2.7489300919114612e-05
2615,0.027903616428375244,0.004599819425493479,0.0231658685952425,2.7585943826125003e-05
2616,0.0279034823179245,0.004599509295076132,0.023166559636592865,2.748260521912016e-05
2617,0.02790330909192562,0.00459956144914031,0.023165984079241753,2.7552527171792462e-05
2618,0.027903178706765175,0.00459963409230113,0.02316615730524063,2.7477406547404826e-05
2619,0.027903055772185326,0.0045993635430932045,0.023166097700595856,2.7519239665707573e-05
2620,0.0279028732329607,0.004599701147526503,0.023165807127952576,2.747278631431982e-05
2621,0.0279027558863163,0.004599228035658598,0.023166093975305557,2.7486605176818557e-05
2622,0.027902593836188316,0.004599708132445812,0.023165542632341385,2.746836980804801e-05
2623,0.027902452275156975,0.004599129315465689,0.023166047409176826,2.745514575508423e-05
2624,0.02790232188999653,0.004599676933139563,0.023165326565504074,2.7463687729323283e-05
2625,0.02790217287838459,0.004599093459546566,0.023165952414274216,2.7425034204497933e-05
2626,0.027902036905288696,0.004599633626639843,0.023165110498666763,2.7458267140900716e-05
2627,0.02790191024541855,0.004599038977175951,0.023165889084339142,2.7396461518947035e-05
2628,0.02790178172290325,0.004599590785801411,0.023164931684732437,2.7451987989479676e-05
2629,0.027901597321033478,0.004598976578563452,0.023165777325630188,2.7368658265913837e-05
2630,0.02790146693587303,0.004599553532898426,0.02316468395292759,2.744560879364144e-05
2631,0.02790135145187378,0.0045989141799509525,0.023165734484791756,2.7340473025105894e-05
2632,0.027901247143745422,0.004599542357027531,0.023164503276348114,2.7440388294053264e-05
2633,0.02790110744535923,0.0045988233759999275,0.023165728896856308,2.7311198209645227e-05
2634,0.027900950983166695,0.004599560517817736,0.02316419780254364,2.743847289821133e-05
2635,0.02790077216923237,0.004598686471581459,0.023165687918663025,2.727947685343679e-05
2636,0.02790069952607155,0.00459963409230113,0.023163851350545883,2.7442609280114993e-05
2637,0.027900580316781998,0.0045985146425664425,0.023165849968791008,2.7243220756645314e-05
2638,0.027900494635105133,0.004599754232913256,0.023163454607129097,2.7457101168693043e-05
2639,0.027900386601686478,0.0045982771553099155,0.023166103288531303,2.7201273042010143e-05
2640,0.027900299057364464,0.0045999800786376,0.023162879049777985,2.7487983970786445e-05
2641,0.027900297194719315,0.00459793908521533,0.02316659688949585,2.715201844694093e-05
2642,0.027900267392396927,0.004600342363119125,0.02316218800842762,2.7547259378479794e-05
2643,0.0279003344476223,0.004597452934831381,0.023167405277490616,2.7094996767118573e-05
2644,0.027900446206331253,0.004600930958986282,0.023161228746175766,2.765732460829895e-05
2645,0.027900753542780876,0.004596742335706949,0.023168833926320076,2.7035535822506063e-05
2646,0.02790128067135811,0.004601919557899237,0.023160042241215706,2.7863588911714032e-05
2647,0.027902133762836456,0.004595746751874685,0.023171406239271164,2.6996081942343153e-05
2648,0.027903422713279724,0.00460353447124362,0.023158574476838112,2.826247873599641e-05
2649,0.027905551716685295,0.004594326950609684,0.023175977170467377,2.7049818527302705e-05
2650,0.027908962219953537,0.004606367088854313,0.023157240822911263,2.907084854086861e-05
2651,0.02791435457766056,0.004592449404299259,0.023184843361377716,2.7412570489104837e-05
2652,0.02792293205857277,0.0046114749275147915,0.023157432675361633,3.080493115703575e-05
2653,0.027936654165387154,0.004590275231748819,0.023202888667583466,2.869822310458403e-05
2654,0.02795874886214733,0.004621227737516165,0.02316378802061081,3.474657205515541e-05
2655,0.027994366362690926,0.004589069169014692,0.023242179304361343,3.2623374863760546e-05
2656,0.02805195562541485,0.004641038365662098,0.023190172389149666,4.4148815504740924e-05
2657,0.028144631534814835,0.00459318095818162,0.023332329466938972,4.382433326099999e-05
2658,0.028292838484048843,0.004683138336986303,0.023274652659893036,6.70092849759385e-05
2659,0.028524640947580338,0.004614959936589003,0.02354181930422783,7.357238791882992e-05
2660,0.02887578494846821,0.004771872889250517,0.02350507117807865,0.00011976803216384724
2661,0.0293708648532629,0.004678440745919943,0.023989256471395493,0.0001406332739861682
2662,0.029997486621141434,0.004930848255753517,0.023989301174879074,0.00021546751668211073
2663,0.030627787113189697,0.004785225726664066,0.024673091247677803,0.00023389398120343685
2664,0.03102160431444645,0.0050897421315312386,0.024518433958292007,0.0002826858835760504
2665,0.030888434499502182,0.004820176865905523,0.02498183771967888,0.00021728385763708502
2666,0.030252648517489433,0.005062907934188843,0.024405408650636673,0.000156866226461716
2667,0.02951129525899887,0.004751622211188078,0.024492435157299042,5.3447634854819626e-05
2668,0.029199615120887756,0.004974417854100466,0.02409120835363865,2.67979376076255e-05
2669,0.02941783331334591,0.004804368596524,0.024237580597400665,7.517688209190965e-05
2670,0.029771147295832634,0.004952756687998772,0.024184701964259148,0.00012673769379034638
2671,0.029681671410799026,0.004800010938197374,0.023990042507648468,0.00017832372395787388
2672,0.028988860547542572,0.004751279018819332,0.023664820939302444,0.00011455200728960335
2673,0.02817722037434578,0.004622309934347868,0.023254338651895523,6.0114311054348946e-05
2674,0.027905145660042763,0.004597553052008152,0.023167382925748825,2.804203177220188e-05
2675,0.028265872970223427,0.004661300219595432,0.02334241196513176,5.243235864327289e-05
2676,0.028748387470841408,0.004682580474764109,0.023537788540124893,0.00010560361261013895
2677,0.028832705691456795,0.004767259117215872,0.02363460697233677,8.616779814474285e-05
2678,0.028503140434622765,0.004656111355870962,0.023543428629636765,6.0719910834450275e-05
2679,0.02818002738058567,0.00470690056681633,0.02333821915090084,2.698135176615324e-05
2680,0.028158294036984444,0.00458779651671648,0.023389041423797607,3.6291243304731324e-05
2681,0.028302300721406937,0.004674132913351059,0.023266272619366646,7.237891986733302e-05
2682,0.028307011350989342,0.004612585995346308,0.023374885320663452,6.390817725332454e-05
2683,0.028116289526224136,0.004627875983715057,0.023224329575896263,5.281692938297056e-05
2684,0.027958223596215248,0.004626662470400333,0.02319326251745224,2.765978206298314e-05
2685,0.02801479585468769,0.0045803687535226345,0.023281171917915344,3.0651091947220266e-05
2686,0.02819051593542099,0.004677342250943184,0.02324727363884449,5.317996328813024e-05
2687,0.028256908059120178,0.004590664990246296,0.023425601422786713,4.812833867617883e-05
2688,0.028139492496848106,0.00467570498585701,0.02323795109987259,4.516718763625249e-05
2689,0.02797846868634224,0.0045798541978001595,0.023258879780769348,2.794718420773279e-05
2690,0.027931813150644302,0.004617706872522831,0.02317414991557598,2.7991094611934386e-05
2691,0.027992645278573036,0.004608584567904472,0.023179974406957626,4.081716906512156e-05
2692,0.02803986333310604,0.004598004277795553,0.023255933076143265,3.718496736837551e-05
2693,0.02800825983285904,0.00463581969961524,0.023180628195405006,3.8362148188753054e-05
2694,0.027952322736382484,0.0045813689939677715,0.02323300577700138,2.7589505407377146e-05
2695,0.0279497429728508,0.004631401505321264,0.023182637989521027,2.714055881369859e-05
2696,0.027995286509394646,0.004594885744154453,0.023229677230119705,3.4145057725254446e-05
2697,0.02801903709769249,0.004632676485925913,0.02322935126721859,3.140179978800006e-05
2698,0.02798231691122055,0.004602802451699972,0.023209642618894577,3.397443288122304e-05
2699,0.02792235091328621,0.0046098786406219006,0.023176513612270355,2.7191808840143494e-05
2700,0.027898311614990234,0.004593197721987963,0.023169778287410736,2.706717532419134e-05
2701,0.027920318767428398,0.0046022627502679825,0.0231628455221653,3.1042225600685924e-05
2702,0.027948301285505295,0.0046071927063167095,0.02319570817053318,2.9080119929858483e-05
2703,0.02794773504137993,0.004600862041115761,0.023187076672911644,3.195914177922532e-05
2704,0.02792666107416153,0.004614406265318394,0.023176640272140503,2.712297282414511e-05
2705,0.027915306389331818,0.004586644005030394,0.02319258265197277,2.7215955924475566e-05
2706,0.027924200519919395,0.004619251005351543,0.02315867692232132,2.9254277251311578e-05
2707,0.02793554589152336,0.004585971590131521,0.023209553211927414,2.8004271371173672e-05
2708,0.027929823845624924,0.004616761114448309,0.02315841242671013,3.09298156935256e-05
2709,0.027910131961107254,0.004589896649122238,0.023184088990092278,2.72291053988738e-05
2710,0.027895847335457802,0.004600664600729942,0.02315744012594223,2.754838169494178e-05
2711,0.027897972613573074,0.0046002911403775215,0.023157883435487747,2.7959611543337815e-05
2712,0.027908997610211372,0.004591849632561207,0.023181136697530746,2.7202588171348907e-05
2713,0.02791442722082138,0.004609923809766769,0.023155570030212402,2.9786609957227483e-05
2714,0.027909906581044197,0.004588180687278509,0.02318594790995121,2.7155590942129493e-05
2715,0.02790299989283085,0.004608577117323875,0.02315501682460308,2.7881287678610533e-05
2716,0.027901900932192802,0.004590061958879232,0.023175347596406937,2.7298172426526435e-05
2717,0.027906052768230438,0.0046061123721301556,0.023165619000792503,2.6864101528190076e-05
2718,0.027908381074666977,0.004594248719513416,0.023170357570052147,2.8754935556207784e-05
2719,0.02790473960340023,0.004602822009474039,0.023167164996266365,2.6950488972943276e-05
2720,0.027897972613573074,0.0045939101837575436,0.023164158686995506,2.7980568120256066e-05
2721,0.02789386361837387,0.004599854350090027,0.023158874362707138,2.7027061150874943e-05
2722,0.027894705533981323,0.004594751633703709,0.023165475577116013,2.689590837690048e-05
2723,0.02789761871099472,0.004598445724695921,0.02315845713019371,2.814293657138478e-05
2724,0.027898645028471947,0.004597943276166916,0.023166300728917122,2.688005224626977e-05
2725,0.027896925806999207,0.004594904836267233,0.023161843419075012,2.8035376089974307e-05
2726,0.027894815430045128,0.004601193126291037,0.0231592059135437,2.6883308237302117e-05
2727,0.02789471484720707,0.004591468721628189,0.023168111220002174,2.702680285437964e-05
2728,0.027896350249648094,0.004603824112564325,0.023154376074671745,2.762998701655306e-05
2729,0.027897674590349197,0.004590551368892193,0.023172972723841667,2.6830188289750367e-05
2730,0.02789711207151413,0.004603705834597349,0.02315356954932213,2.796716034936253e-05
2731,0.027895236387848854,0.0045914482325315475,0.023169714957475662,2.6814535885932855e-05
2732,0.027893517166376114,0.0046014487743377686,0.023155977949500084,2.7218085961067118e-05
2733,0.02789306454360485,0.004593521822243929,0.023163707926869392,2.7166930522071198e-05
2734,0.0278934333473444,0.004599268082529306,0.023160263895988464,2.6780238840728998e-05
2735,0.027893614023923874,0.004595334175974131,0.023160161450505257,2.762377516773995e-05
2736,0.027892885729670525,0.0045977444387972355,0.023161418735980988,2.674471033969894e-05
2737,0.027891768142580986,0.004596024751663208,0.023159202188253403,2.7308396965963766e-05
2738,0.027891011908650398,0.004596891812980175,0.023159490898251534,2.6926023565465584e-05
2739,0.027891047298908234,0.004596405662596226,0.023160401731729507,2.6848034394788556e-05
2740,0.027891453355550766,0.00459643267095089,0.023158395662903786,2.7324842449161224e-05
2741,0.027891680598258972,0.004597081337124109,0.02316094934940338,2.6729949240689166e-05
2742,0.02789139375090599,0.004595644772052765,0.023159140720963478,2.7321519155520946e-05
2743,0.02789090760052204,0.004597986117005348,0.02315891534090042,2.6801179046742618e-05
2744,0.02789059281349182,0.0045944685116410255,0.023161297664046288,2.6965164579451084e-05
2745,0.027890609577298164,0.004599014762789011,0.023156246170401573,2.7069789211964235e-05
2746,0.027890849858522415,0.0045934938825666904,0.023163557052612305,2.6759857064462267e-05
2747,0.027891019359230995,0.0045997947454452515,0.02315503917634487,2.7237256290391088e-05
2748,0.027890833094716072,0.00459300959482789,0.023164117708802223,2.6741148758446798e-05
2749,0.027890561148524284,0.004599991254508495,0.023155219852924347,2.706986379052978e-05
2750,0.027890339493751526,0.0045929416082799435,0.023163121193647385,2.685524850676302e-05
2751,0.027890339493751526,0.0045999339781701565,0.02315624989569187,2.6831050490727648e-05
2752,0.027890462428331375,0.004593024030327797,0.02316235937178135,2.7015721570933238e-05
2753,0.02789057232439518,0.004600099753588438,0.02315683290362358,2.6727913791546598e-05
2754,0.027890630066394806,0.004592749290168285,0.023162782192230225,2.7019439585274085e-05
2755,0.027890585362911224,0.004600744694471359,0.023156071081757545,2.6753876227303408e-05
2756,0.02789064683020115,0.004591892007738352,0.02316439338028431,2.6872286980506033e-05
2757,0.02789081633090973,0.0046019479632377625,0.02315453067421913,2.68675503320992e-05
2758,0.027891263365745544,0.004590673837810755,0.02316688932478428,2.674009374459274e-05
2759,0.02789182774722576,0.004603615030646324,0.023153403773903847,2.6961826733895577e-05
2760,0.027892619371414185,0.004589341580867767,0.02316981740295887,2.6691956009017304e-05
2761,0.027893634513020515,0.004605738911777735,0.023153195157647133,2.694028262339998e-05
2762,0.027895024046301842,0.004587893839925528,0.02317356877028942,2.6712097678682767e-05
2763,0.027897082269191742,0.004608754068613052,0.023154130205512047,2.683960337890312e-05
2764,0.02790001966059208,0.004586248658597469,0.023179959505796432,2.6761932531371713e-05
2765,0.02790418639779091,0.0046136281453073025,0.023156793788075447,2.675292307685595e-05
2766,0.02791016735136509,0.004584120120853186,0.023192139342427254,2.6781606720760465e-05
2767,0.027918722480535507,0.004621900152415037,0.02316316030919552,2.6732155674835667e-05
2768,0.027931038290262222,0.00458179134875536,0.023215552791953087,2.673876952030696e-05
2769,0.027948901057243347,0.004636080469936132,0.023178867995738983,2.6790436095325276e-05
2770,0.027974998578429222,0.0045806788839399815,0.023260988295078278,2.666640284587629e-05
2771,0.028013303875923157,0.0046611204743385315,0.0232175774872303,2.6921288736048155e-05
2772,0.02806943468749523,0.0045849173329770565,0.023351404815912247,2.6622261430020444e-05
2773,0.02815193496644497,0.004706751089543104,0.023309653624892235,2.7105939807370305e-05
2774,0.02827146276831627,0.004604137036949396,0.02353411167860031,2.6642865122994408e-05
2775,0.02844403125345707,0.004791070707142353,0.023516222834587097,2.7347887225914747e-05
2776,0.028683824464678764,0.0046574934385716915,0.023892570286989212,2.675204086699523e-05
2777,0.02900807000696659,0.004938407335430384,0.02393108792603016,2.771521030808799e-05
2778,0.02940792217850685,0.004767324309796095,0.024505646899342537,2.6990041078533977e-05
2779,0.02985524758696556,0.005144215188920498,0.024569472298026085,2.8312215363257565e-05
2780,0.03023473359644413,0.004904346074908972,0.025193575769662857,2.7362289984012023e-05
2781,0.03040880709886551,0.005269910674542189,0.02499367669224739,2.9044012990198098e-05
2782,0.030194081366062164,0.004901605192571878,0.025154506787657738,2.7593829145189375e-05
2783,0.02959311753511429,0.005070257466286421,0.02437662146985531,2.924758337030653e-05
2784,0.028787262737751007,0.004680347628891468,0.023971080780029297,2.716690141824074e-05
2785,0.028134571388363838,0.004695815499871969,0.02329729124903679,2.8292897695791908e-05
2786,0.027890633791685104,0.004595149774104357,0.02316325530409813,2.644571395649109e-05
2787,0.028066128492355347,0.004595091100782156,0.02333599328994751,2.7008611141354777e-05
2788,0.02844897471368313,0.004783849231898785,0.023530974984169006,2.6829980924958363e-05
2789,0.02875407040119171,0.004678781609982252,0.02394137904047966,2.6781981432577595e-05
2790,0.028790539130568504,0.004872884135693312,0.023775065317749977,2.8517873943201266e-05
2791,0.028543634340167046,0.0046423557214438915,0.023765183985233307,2.7218951800023206e-05
2792,0.028187204152345657,0.004712207242846489,0.023328572511672974,2.9284736228873953e-05
2793,0.027936911210417747,0.00458199018612504,0.023221148177981377,2.675483119674027e-05
2794,0.02790912613272667,0.004588511306792498,0.02318142168223858,2.7838901587529108e-05
2795,0.028057660907506943,0.004674803465604782,0.023251034319400787,2.636458884808235e-05
2796,0.02823539637029171,0.004601423162966967,0.023500751703977585,2.6644522222341038e-05
2797,0.02830788865685463,0.004751914646476507,0.023415906354784966,2.8013317205477506e-05
2798,0.028231721371412277,0.0045956275425851345,0.02350066602230072,2.7085447072749957e-05
2799,0.02807157300412655,0.004679639358073473,0.023243902251124382,2.960648635053076e-05
2800,0.027934346348047256,0.004578738007694483,0.023220444098114967,2.7032767320633866e-05
2801,0.027893951162695885,0.004593612160533667,0.02315802499651909,2.8462798582040705e-05
2802,0.02794717811048031,0.004634711891412735,0.02317994460463524,2.6504263587412424e-05
2803,0.02803223393857479,0.004580541048198938,0.023317422717809677,2.6853980671148747e-05
2804,0.02808086760342121,0.004685375839471817,0.02325672097504139,2.775418215605896e-05
2805,0.0280617643147707,0.004579204600304365,0.023347847163677216,2.6942399927065708e-05
2806,0.027994319796562195,0.004653553944081068,0.023194333538413048,2.9286418794072233e-05
2807,0.0279246773570776,0.0045790537260472775,0.02321082167327404,2.6960151444654912e-05
2808,0.027891986072063446,0.004599286708980799,0.023150423541665077,2.8455340725486167e-05
2809,0.02790433168411255,0.004612558521330357,0.02315967157483101,2.6420435460750014e-05
2810,0.027940722182393074,0.004579891450703144,0.023226715624332428,2.6823112420970574e-05
2811,0.027970267459750175,0.0046457345597445965,0.02318890020251274,2.712629793677479e-05
2812,0.02797306515276432,0.00457763159647584,0.023262828588485718,2.6521172912907787e-05
2813,0.027950003743171692,0.00463623134419322,0.023171696811914444,2.8415064662112854e-05
2814,0.027917247265577316,0.00458060298115015,0.02320362813770771,2.6603020160109736e-05
2815,0.027893824502825737,0.004604745656251907,0.0231481846421957,2.817871245497372e-05
2816,0.027889136224985123,0.004599264357239008,0.02315840870141983,2.6292809707229026e-05
2817,0.027900079265236855,0.004585507325828075,0.023179929703474045,2.6928173610940576e-05
2818,0.02791544422507286,0.004621428437530994,0.02316088229417801,2.6626987164490856e-05
2819,0.027924124151468277,0.004580202978104353,0.023212073370814323,2.6369383704150096e-05
2820,0.0279212836176157,0.004624034743756056,0.023158986121416092,2.765229146461934e-05
2821,0.027909623458981514,0.004581601824611425,0.0231959018856287,2.642376784933731e-05
2822,0.027896225452423096,0.004608556162565947,0.02314782328903675,2.796910484903492e-05
2823,0.027887502685189247,0.00459127826616168,0.023164644837379456,2.631564530020114e-05
2824,0.02788614295423031,0.00459246477112174,0.023157544434070587,2.7226667953073047e-05
2825,0.027890464290976524,0.00460568442940712,0.023153049871325493,2.634598422446288e-05
2826,0.027896258980035782,0.004584267269819975,0.023179635405540466,2.647133806021884e-05
2827,0.027899811044335365,0.004613408353179693,0.02315172180533409,2.6936006179312244e-05
2828,0.02789912559092045,0.004582829307764769,0.02318495139479637,2.6268780857208185e-05
2829,0.027895009145140648,0.00460935989394784,0.023148126900196075,2.7504747777129523e-05
2830,0.027889622375369072,0.0045869071036577225,0.023171495646238327,2.624386252136901e-05
2831,0.027885328978300095,0.004599262960255146,0.02314923331141472,2.73668447334785e-05
2832,0.027883391827344894,0.004595120903104544,0.023157279938459396,2.619818587845657e-05
2833,0.02788391336798668,0.004590578377246857,0.02315952628850937,2.6761610570247285e-05
2834,0.02788575179874897,0.0046029346995055676,0.023150760680437088,2.641118953761179e-05
2835,0.027887610718607903,0.004586311522871256,0.02316967397928238,2.6325267754145898e-05
2836,0.027888398617506027,0.004605697002261877,0.023148227483034134,2.6894746042671613e-05
2837,0.027887854725122452,0.004586270544677973,0.023170549422502518,2.6207180781057104e-05
2838,0.027886206284165382,0.0046028317883610725,0.023147374391555786,2.7200298063689843e-05
2839,0.02788420021533966,0.00458951760083437,0.02316376566886902,2.6183397494605742e-05
2840,0.027882415801286697,0.004597276449203491,0.023149918764829636,2.704400867514778e-05
2841,0.027881383895874023,0.004594442900270224,0.023155957460403442,2.6196526960120536e-05
2842,0.02788117527961731,0.00459227105602622,0.023155735805630684,2.663359191501513e-05
2843,0.027881573885679245,0.004598814528435469,0.023150935769081116,2.636474891914986e-05
2844,0.027882128953933716,0.004589411895722151,0.023161184042692184,2.630638482514769e-05
2845,0.02788262628018856,0.004600798711180687,0.02314855344593525,2.665498323040083e-05
2846,0.027882680296897888,0.004588910844177008,0.0231629628688097,2.6161180358030833e-05
2847,0.02788238227367401,0.00460008904337883,0.023148031905293465,2.6852436349145137e-05
2848,0.0278816856443882,0.004590286407619715,0.023160818964242935,2.611623494885862e-05
2849,0.027880942448973656,0.004597607534378767,0.023149264976382256,2.6813819204107858e-05
2850,0.027880193665623665,0.004592717159539461,0.02315685898065567,2.6123650968656875e-05
2851,0.027879642322659492,0.004594722297042608,0.023151922971010208,2.6599214834277518e-05
2852,0.027879344299435616,0.004595243837684393,0.023153062909841537,2.6207369955955073e-05
2853,0.027879249304533005,0.004592412617057562,0.02315502054989338,2.636308636283502e-05
2854,0.027879323810338974,0.0045970831997692585,0.023150410503149033,2.6365996745880693e-05
2855,0.02787945233285427,0.004591182805597782,0.023157259449362755,2.6201876607956365e-05
2856,0.02787952311336994,0.004597785416990519,0.02314908429980278,2.6530740797170438e-05
2857,0.027879513800144196,0.004590992815792561,0.023157913237810135,2.6121695555048063e-05
2858,0.02787937968969345,0.004597438033670187,0.023148857057094574,2.6616928153089248e-05
2859,0.0278791431337595,0.004591598641127348,0.02315707691013813,2.6093373890034854e-05
2860,0.027878854423761368,0.004596390761435032,0.023149512708187103,2.6590490961098112e-05
2861,0.02787846140563488,0.004592623561620712,0.02315533347427845,2.6101017283508554e-05
2862,0.027878178283572197,0.004595089703798294,0.023150689899921417,2.6479692678549327e-05
2863,0.02787785604596138,0.004593763034790754,0.02315337210893631,2.6144047296838835e-05
2864,0.027877649292349815,0.004593885503709316,0.02315206080675125,2.6340563636040315e-05
2865,0.02787753939628601,0.004594731144607067,0.02315172180533409,2.6217147023999132e-05
2866,0.027877433225512505,0.004593005403876305,0.023153336718678474,2.6218081984552555e-05
2867,0.02787739783525467,0.004595405887812376,0.0231504887342453,2.63004912994802e-05
2868,0.0278773196041584,0.004592502489686012,0.023154161870479584,2.6131032427656464e-05
2869,0.02787727490067482,0.004595727659761906,0.02314971387386322,2.636669705680106e-05
2870,0.02787724696099758,0.004592309705913067,0.023154545575380325,2.607819260447286e-05
2871,0.027877140790224075,0.004595755133777857,0.0231494028121233,2.6396493922220543e-05
2872,0.02787703461945057,0.004592337645590305,0.02315443940460682,2.6051426175399683e-05
2873,0.02787688933312893,0.004595582373440266,0.02314937487244606,2.6386675017420202e-05
2874,0.027876751497387886,0.004592527635395527,0.023154007270932198,2.6042984245577827e-05
2875,0.027876578271389008,0.0045953113585710526,0.023149529471993446,2.6347403036197647e-05
2876,0.027876419946551323,0.004592771176248789,0.023153413087129593,2.604732617328409e-05
2877,0.027876222506165504,0.0045949677005410194,0.023149792104959488,2.6292820621165447e-05
2878,0.027876051142811775,0.004593015648424625,0.023152736946940422,2.6059482479467988e-05
2879,0.02787592262029648,0.004594648722559214,0.02315009944140911,2.623479849717114e-05
2880,0.027875781059265137,0.004593275487422943,0.023152129724621773,2.6075147616211325e-05
2881,0.02787560224533081,0.004594353958964348,0.02315034344792366,2.618088728922885e-05
2882,0.0278755072504282,0.004593490622937679,0.023151565343141556,2.6090179744642228e-05
2883,0.02787533774971962,0.004594109486788511,0.023150557652115822,2.6133911887882277e-05
2884,0.027875196188688278,0.004593644291162491,0.023151040077209473,2.6102539777639322e-05
2885,0.02787507139146328,0.004593895748257637,0.02315070666372776,2.6093979613506235e-05
2886,0.027874987572431564,0.004593767691403627,0.023150663822889328,2.6111294573638588e-05
2887,0.027874888852238655,0.0045937057584524155,0.023150883615016937,2.6060066375066526e-05
2888,0.027874786406755447,0.004593880381435156,0.02315032295882702,2.611651689221617e-05
2889,0.027874639257788658,0.004593552555888891,0.023150932043790817,2.6030824301415123e-05
2890,0.027874549850821495,0.004593987949192524,0.023149967193603516,2.6119045287487097e-05
2891,0.027874387800693512,0.004593396093696356,0.023150967434048653,2.6004749088315293e-05
2892,0.027874309569597244,0.004594101570546627,0.023149605840444565,2.6120138500118628e-05
2893,0.02787419594824314,0.00459323963150382,0.023151054978370667,2.5980078135035e-05
2894,0.027874115854501724,0.004594229161739349,0.0231492780148983,2.6121686460101046e-05
2895,0.027873987331986427,0.0045930459164083,0.02315116673707962,2.5954892407753505e-05
2896,0.027873897925019264,0.004594378173351288,0.02314889058470726,2.6125942895305343e-05
2897,0.027873791754245758,0.00459280563518405,0.023151349276304245,2.5927351089194417e-05
2898,0.02787376381456852,0.0045946198515594006,0.023148462176322937,2.6136362066608854e-05
2899,0.02787366695702076,0.004592496901750565,0.023151695728302002,2.5894934879033826e-05
2900,0.027873609215021133,0.004594946745783091,0.02314786985516548,2.615858284116257e-05
2901,0.0278735663741827,0.004592075943946838,0.02315221168100834,2.5855808416963555e-05
2902,0.02787354215979576,0.004595435690134764,0.023147102445364,2.6200697902822867e-05
2903,0.027873635292053223,0.004591492470353842,0.023153098300099373,2.580883119662758e-05
2904,0.027873653918504715,0.004596192855387926,0.02314607985317707,2.6276382413925603e-05
2905,0.027873920276761055,0.0045906431041657925,0.023154499009251595,2.575537291704677e-05
2906,0.027874259278178215,0.004597364459186792,0.023144841194152832,2.6410860300529748e-05
2907,0.027874860912561417,0.004589395597577095,0.023156944662332535,2.570400101831183e-05
2908,0.02787572704255581,0.004599203821271658,0.023143254220485687,2.6653691747924313e-05
2909,0.027877191081643105,0.004587631206959486,0.0231611430644989,2.5683197236503474e-05
2910,0.02787945233285427,0.004602270666509867,0.02314162440598011,2.7111635063192807e-05
2911,0.027882898226380348,0.004585109185427427,0.02316889725625515,2.5778146664379165e-05
2912,0.027888312935829163,0.0046074651181697845,0.023140734061598778,2.8022919650538824e-05
2913,0.027896784245967865,0.004581722896546125,0.023183908313512802,2.6230651201331057e-05
2914,0.027910050004720688,0.004616708494722843,0.023143617436289787,2.9944738344056532e-05
2915,0.02793109603226185,0.004577823914587498,0.023214731365442276,2.7708509151125327e-05
2916,0.027964511886239052,0.00463409349322319,0.023159261792898178,3.423117959755473e-05
2917,0.028017673641443253,0.004575478844344616,0.023282120004296303,3.201502840965986e-05
2918,0.028102781623601913,0.004668673034757376,0.023213081061840057,4.420527329784818e-05
2919,0.028237611055374146,0.004582030698657036,0.023436514660716057,4.38132556155324e-05
2920,0.028450489044189453,0.0047403424978256226,0.023371977731585503,6.763367855455726e-05
2921,0.0287771075963974,0.004617768805474043,0.023791037499904633,7.366034697042778e-05
2922,0.029263731092214584,0.004886778071522713,0.023782704025506973,0.00011884990090038627
2923,0.029931001365184784,0.004721795208752155,0.02452901378273964,0.00013603857951238751
2924,0.030755305662751198,0.005138819105923176,0.02460361458361149,0.00020257417054381222
2925,0.03154053911566734,0.0048990631476044655,0.0255972221493721,0.00020885108096990734
2926,0.03197963163256645,0.005367903504520655,0.02541547641158104,0.00023925075947772712
2927,0.03167250007390976,0.004960841033607721,0.02587854489684105,0.00016662312555126846
2928,0.03065827302634716,0.005222296342253685,0.024897821247577667,0.00010763097816379741
2929,0.029419612139463425,0.004766061902046204,0.024487502872943878,3.3209496905328706e-05
2930,0.02868824079632759,0.004834388382732868,0.023696910589933395,3.1388437491841614e-05
2931,0.028729431331157684,0.00470046466216445,0.02351989969611168,0.0001018132534227334
2932,0.029176587238907814,0.004695096984505653,0.023739034309983253,0.00014849119179416448
2933,0.029371151700615883,0.004799805115908384,0.02363997884094715,0.00018627346435096115
2934,0.028994649648666382,0.0046410090290009975,0.023804359138011932,0.00010985632980009541
2935,0.028399815782904625,0.004738301504403353,0.02339770458638668,5.2761854021809995e-05
2936,0.028173457831144333,0.004611022304743528,0.023417212069034576,2.9044678740319796e-05
2937,0.028460679575800896,0.004703695885837078,0.023448264226317406,6.17441110080108e-05
2938,0.028830789029598236,0.004700829274952412,0.023490043357014656,0.00012798322131857276
2939,0.028788404539227486,0.00467682396993041,0.02355923503637314,0.00011046891449950635
2940,0.028325412422418594,0.004653829615563154,0.023269448429346085,8.042687841225415e-05
2941,0.027921702712774277,0.00458633853122592,0.023191990330815315,2.867484545276966e-05
2942,0.027954373508691788,0.004608222283422947,0.023191306740045547,3.0969124054536223e-05
2943,0.028277235105633736,0.004636378958821297,0.023274514824151993,7.326836930587888e-05
2944,0.028458939865231514,0.004657271783798933,0.023421499878168106,7.60337061365135e-05
2945,0.028298748657107353,0.004638980608433485,0.02330154925584793,7.164378621382639e-05
2946,0.0280131995677948,0.004630092065781355,0.023222781717777252,3.206508336006664e-05
2947,0.027916567400097847,0.004575494211167097,0.023208899423480034,2.643480729602743e-05
2948,0.028039462864398956,0.0046360851265490055,0.023168960586190224,4.6883495087968186e-05
2949,0.028154471889138222,0.004593688994646072,0.02330990508198738,5.017564762965776e-05
2950,0.028100479394197464,0.0046287826262414455,0.02320016361773014,5.4306416132021695e-05
2951,0.027960730716586113,0.004610480275005102,0.023198749870061874,3.030018888239283e-05
2952,0.027912987396121025,0.004577693995088339,0.023203687742352486,2.6321125915274024e-05
2953,0.027990182861685753,0.004641884006559849,0.023167137056589127,3.6232726415619254e-05
2954,0.028063016012310982,0.00457483297213912,0.023302452638745308,3.7145946407690644e-05
2955,0.028026044368743896,0.00464180763810873,0.02317408286035061,4.2030849726870656e-05
2956,0.0279227402061224,0.0045805382542312145,0.023202162235975266,2.8007872970192693e-05
2957,0.02787109464406967,0.004593126010149717,0.023147493600845337,2.6094739951076917e-05
2958,0.027911122888326645,0.004610493313521147,0.0231404360383749,3.2038744393503293e-05
2959,0.027972184121608734,0.004577933810651302,0.02323628030717373,3.159423795295879e-05
2960,0.02797568589448929,0.004633413162082434,0.023161813616752625,3.6091634683543816e-05
2961,0.027925871312618256,0.004576466511934996,0.023214517161250114,2.6977562811225653e-05
2962,0.02788662537932396,0.0046109044924378395,0.023145556449890137,2.603305983939208e-05
2963,0.027894331142306328,0.004590366967022419,0.023154906928539276,2.9811726562911645e-05
2964,0.02792186662554741,0.0045934454537928104,0.02318361960351467,2.8960577765246853e-05
2965,0.027925139293074608,0.004608666058629751,0.023148899897933006,3.3514716051286086e-05
2966,0.027899032458662987,0.004584872629493475,0.02318042889237404,2.6746129151433706e-05
2967,0.027876103296875954,0.0046028862707316875,0.023141026496887207,2.6437863198225386e-05
2968,0.027880869805812836,0.004588111769407988,0.023153454065322876,2.786083859973587e-05
2969,0.027901826426386833,0.0045983269810676575,0.023167835548520088,2.7132800823892467e-05
2970,0.0279106255620718,0.0045977444387972355,0.023155830800533295,3.14099743263796e-05
2971,0.02789701148867607,0.004596607759594917,0.023167619481682777,2.6556896045804024e-05
2972,0.027877282351255417,0.004591756965965033,0.02315034717321396,2.703565223782789e-05
2973,0.02787104807794094,0.0045963735319674015,0.02314234897494316,2.6465260816621594e-05
2974,0.027879487723112106,0.00458725867792964,0.0231621116399765,2.602326640044339e-05
2975,0.027888212352991104,0.004599519073963165,0.02314295805990696,2.914688411692623e-05
2976,0.027886133641004562,0.004591237287968397,0.02316414564847946,2.6150146368308924e-05
2977,0.02787707932293415,0.0045925616286695,0.023148488253355026,2.7205933292862028e-05
2978,0.02787189930677414,0.004597604740411043,0.023144686594605446,2.59216485574143e-05
2979,0.027875078842043877,0.0045838793739676476,0.023162491619586945,2.5741268473211676e-05
2980,0.02788069285452366,0.00460401177406311,0.023138703778386116,2.7595569918048568e-05
2981,0.027881154790520668,0.004583102185279131,0.02316879853606224,2.5850889869616367e-05
2982,0.02787545509636402,0.004600688815116882,0.02313966117799282,2.70210894086631e-05
2983,0.027869511395692825,0.004587906878441572,0.02315257489681244,2.5805858967942186e-05
2984,0.02786841057240963,0.00459139933809638,0.023148104548454285,2.5781208023545332e-05
2985,0.027871638536453247,0.004596102051436901,0.02314116433262825,2.68740659521427e-05
2986,0.027874398976564407,0.004586223047226667,0.0231595691293478,2.5721297788550146e-05
2987,0.02787376381456852,0.0045996191911399364,0.023139502853155136,2.6928340957965702e-05
2988,0.027870772406458855,0.004586010240018368,0.023156173527240753,2.5717665266711265e-05
2989,0.027868788689374924,0.0045964159071445465,0.023142745718359947,2.5925268346327357e-05
2990,0.027869289740920067,0.004589726682752371,0.02314775623381138,2.63612801063573e-05
2991,0.027870966121554375,0.004592930432409048,0.023149888962507248,2.5629091396695003e-05
2992,0.027871424332261086,0.0045928615145385265,0.023144561797380447,2.6800278646987863e-05
2993,0.02786993235349655,0.004591639619320631,0.02315022051334381,2.5614237529225647e-05
2994,0.027867771685123444,0.00459203589707613,0.0231447983533144,2.6187424737145193e-05
2995,0.027866819873452187,0.0045924256555736065,0.02314496599137783,2.5885532522806898e-05
2996,0.027867328375577927,0.004590515047311783,0.023148464038968086,2.5669927708804607e-05
2997,0.027868356555700302,0.0045935590751469135,0.02314288541674614,2.6382358555565588e-05
2998,0.0278686061501503,0.004590917378664017,0.023149767890572548,2.5584002287359908e-05
2999,0.02786783128976822,0.004592196084558964,0.023144230246543884,2.628107904456556e-05
3000,0.02786688320338726,0.00459287641569972,0.02314559556543827,2.5682104023871943e-05
3001,0.027866322547197342,0.0045910789631307125,0.023146480321884155,2.5752386136446148e-05
3002,0.027866613119840622,0.004590766970068216,0.02314581163227558,2.6006946427514777e-05
3003,0.027866199612617493,0.004592351149767637,0.023144153878092766,2.5938921680790372e-05
3004,0.027866384014487267,0.004592749755829573,0.023145046085119247,2.571741606516298e-05
3005,0.027866115793585777,0.0045910608023405075,0.02314637415111065,2.573630990809761e-05
3006,0.02786615490913391,0.004590727388858795,0.02314574457705021,2.5936527890735306e-05
3007,0.027865994721651077,0.004592291545122862,0.02314402163028717,2.593629869807046e-05
3008,0.027866005897521973,0.0045926631428301334,0.023144597187638283,2.574908285168931e-05
3009,0.027865856885910034,0.004591089673340321,0.023146117106080055,2.5730018023750745e-05
3010,0.027865810319781303,0.004590713884681463,0.02314569801092148,2.587956259958446e-05
3011,0.02786574885249138,0.004592163022607565,0.02314399741590023,2.5917515813489445e-05
3012,0.027865683659911156,0.0045925709418952465,0.023144260048866272,2.5770494175958447e-05
3013,0.02786564640700817,0.0045911516062915325,0.02314586378633976,2.572625999164302e-05
3014,0.027865588665008545,0.004590723197907209,0.023145701736211777,2.5832678147708066e-05
3015,0.027865510433912277,0.004592034500092268,0.023144034668803215,2.588805728009902e-05
3016,0.0278654545545578,0.004592470359057188,0.023144081234931946,2.578051498858258e-05
3017,0.027865400537848473,0.004591222386807203,0.023145562037825584,2.5723174985614605e-05
3018,0.027865294367074966,0.004590755794197321,0.023145565763115883,2.5794484827201813e-05
3019,0.02786523476243019,0.004591924604028463,0.023144038394093513,2.5854264094959944e-05
3020,0.02786519192159176,0.004592385608702898,0.02314389869570732,2.5781435397220775e-05
3021,0.027865158393979073,0.0045912968926131725,0.02314525842666626,2.572043376858346e-05
3022,0.027865104377269745,0.004590820055454969,0.023145461454987526,2.576454426161945e-05
3023,0.02786504104733467,0.00459181098267436,0.02314412221312523,2.5821336748776957e-05
3024,0.027864975854754448,0.004592281300574541,0.023143813014030457,2.5776447728276253e-05
3025,0.027864927425980568,0.004591365344822407,0.023144971579313278,2.571817640273366e-05
3026,0.027864880859851837,0.004590905271470547,0.023145267739892006,2.5741748686414212e-05
3027,0.027864797040820122,0.004591730888932943,0.023144107311964035,2.5791829102672637e-05
3028,0.02786475233733654,0.004592191427946091,0.023143723607063293,2.5767543775145896e-05
3029,0.02786470204591751,0.004591421689838171,0.02314469963312149,2.5715866286191158e-05
3030,0.027864616364240646,0.004590967204421759,0.023145027458667755,2.5724404622451402e-05
3031,0.027864547446370125,0.004591654520481825,0.023144064471125603,2.5765684767975472e-05
3032,0.02786453813314438,0.0045920792035758495,0.023143678903579712,2.5755805836524814e-05
3033,0.02786443568766117,0.004591453820466995,0.023144420236349106,2.5712188289617188e-05
3034,0.027864422649145126,0.004591056611388922,0.023144815117120743,2.5709907276905142e-05
3035,0.027864327654242516,0.004591608420014381,0.023144010454416275,2.5741879653651267e-05
3036,0.02786432020366192,0.00459198048338294,0.02314363233745098,2.5741390345501713e-05
3037,0.027864236384630203,0.004591483157128096,0.023144222795963287,2.570599281170871e-05
3038,0.027864189818501472,0.004591114819049835,0.023144591599702835,2.5696746888570487e-05
3039,0.02786414325237274,0.004591553006321192,0.023143989965319633,2.572029006842058e-05
3040,0.027864104136824608,0.004591904580593109,0.023143576458096504,2.5724784791236743e-05
3041,0.027864020317792892,0.004591483157128096,0.023144051432609558,2.5697097953525372e-05
3042,0.027863992378115654,0.004591175355017185,0.023144396021962166,2.5683988496894017e-05
3043,0.027863914147019386,0.0045915404334664345,0.023143870756030083,2.5700343030621298e-05
3044,0.027863869443535805,0.004591802600771189,0.023143529891967773,2.5707502572913654e-05
3045,0.027863770723342896,0.004591478034853935,0.023143859580159187,2.5686649678391404e-05
3046,0.027863744646310806,0.004591210745275021,0.023144174367189407,2.5671681214589626e-05
3047,0.027863681316375732,0.004591493401676416,0.023143775761127472,2.5682380510261282e-05
3048,0.027863625437021255,0.004591743927448988,0.023143427446484566,2.5690749680506997e-05
3049,0.027863601222634315,0.004591480828821659,0.023143744096159935,2.56752082350431e-05
3050,0.02786353789269924,0.004591246601194143,0.023143989965319633,2.5660165192675777e-05
3051,0.027863476425409317,0.004591471049934626,0.023143675178289413,2.5666275178082287e-05
3052,0.027863429859280586,0.004591663833707571,0.02314339205622673,2.567466435721144e-05
3053,0.027863381430506706,0.004591457545757294,0.023143606260418892,2.5663441192591563e-05
3054,0.02786332555115223,0.004591282922774553,0.023143798112869263,2.5648821974755265e-05
3055,0.02786325477063656,0.004591446835547686,0.023143552243709564,2.565138493082486e-05
3056,0.027863208204507828,0.004591609816998243,0.023143302649259567,2.5658902814029716e-05
3057,0.027863139286637306,0.004591444041579962,0.02314344048500061,2.565101567597594e-05
3058,0.02786310762166977,0.004591306205838919,0.02314361371099949,2.563746784289833e-05
3059,0.027863049879670143,0.0045914300717413425,0.023143433034420013,2.5637429644120857e-05
3060,0.02786298654973507,0.004591536708176136,0.023143231868743896,2.5643657863838598e-05
3061,0.027862949296832085,0.004591420292854309,0.023143339902162552,2.563800080679357e-05
3062,0.02786286175251007,0.004591315519064665,0.02314341813325882,2.562559166108258e-05
3063,0.027862844988703728,0.004591419827193022,0.023143308237195015,2.56233452091692e-05
3064,0.0278627946972847,0.004591509234160185,0.023143142461776733,2.562845293141436e-05
3065,0.027862703427672386,0.004591402132064104,0.023143179714679718,2.5624574846006e-05
3066,0.02786269783973694,0.004591322969645262,0.023143308237195015,2.561322799010668e-05
3067,0.027862608432769775,0.004591404926031828,0.02314315363764763,2.560977009125054e-05
3068,0.02786257490515709,0.004591470118612051,0.023143036291003227,2.5613462639739737e-05
3069,0.02786247618496418,0.004591388162225485,0.023143034428358078,2.561063774919603e-05
3070,0.027862466871738434,0.004591331351548433,0.023143133148550987,2.5600538720027544e-05
3071,0.02786237746477127,0.004591403063386679,0.023142993450164795,2.5596244086045772e-05
3072,0.027862325310707092,0.004591426346451044,0.023142904043197632,2.559889981057495e-05
3073,0.027862291783094406,0.0045913709327578545,0.023142937570810318,2.5596482373657636e-05
3074,0.027862248942255974,0.004591336939483881,0.023142974823713303,2.55874347203644e-05
3075,0.027862146496772766,0.0045913709327578545,0.02314285933971405,2.5582945454516448e-05
3076,0.02786211669445038,0.004591398872435093,0.023142794147133827,2.5584533432265744e-05
3077,0.027862057089805603,0.0045913527719676495,0.023142792284488678,2.5582456146366894e-05
3078,0.02786201983690262,0.004591319244354963,0.023142827674746513,2.5574365281499922e-05
3079,0.027861962094902992,0.004591355565935373,0.023142756894230843,2.556992149038706e-05
3080,0.027861908078193665,0.004591373726725578,0.023142680525779724,2.557063999120146e-05
3081,0.027861807495355606,0.0045913285575807095,0.023142635822296143,2.556848085077945e-05
3082,0.027861807495355606,0.004591315519064665,0.023142684251070023,2.5561430447851308e-05
3083,0.027861740440130234,0.004591347184032202,0.023142609745264053,2.555672290327493e-05
3084,0.02786167711019516,0.004591341596096754,0.023142552003264427,2.5556726541253738e-05
3085,0.0278615802526474,0.004591316916048527,0.023142490535974503,2.555470200604759e-05
3086,0.0278615839779377,0.004591323900967836,0.02314251847565174,2.55483446380822e-05
3087,0.02786153368651867,0.004591322969645262,0.023142490535974503,2.554376987973228e-05
3088,0.02786146104335785,0.004591320175677538,0.02314242534339428,2.554302045609802e-05
3089,0.027861395850777626,0.004591304808855057,0.023142386227846146,2.5540972274029627e-05
3090,0.027861326932907104,0.004591308534145355,0.023142341524362564,2.5535211534588598e-05
3091,0.02786128595471382,0.004591315519064665,0.023142315447330475,2.5530767743475735e-05
3092,0.02786126360297203,0.004591293167322874,0.023142322897911072,2.552956539147999e-05
3093,0.027861226350069046,0.0045912968926131725,0.023142291232943535,2.5527526304358616e-05
3094,0.027861135080456734,0.004591298755258322,0.023142224177718163,2.552229489083402e-05
3095,0.027861086651682854,0.0045912847854197025,0.023142213001847267,2.5517818357911892e-05
3096,0.027861041948199272,0.0045912861824035645,0.023142173886299133,2.5516197638353333e-05
3097,0.0278609786182642,0.004591268487274647,0.023142138496041298,2.551401667005848e-05
3098,0.027860980480909348,0.004591274540871382,0.02314215898513794,2.5509150873403996e-05
3099,0.0278608575463295,0.004591271281242371,0.02314206212759018,2.5504912628093734e-05
3100,0.027860797941684723,0.0045912559144198895,0.023142026737332344,2.5502793505438603e-05
3101,0.027860766276717186,0.004591261502355337,0.023142002522945404,2.55005343205994e-05
3102,0.02786073461174965,0.004591259639710188,0.023141995072364807,2.549599412304815e-05
3103,0.02786066010594368,0.004591252189129591,0.023141948506236076,2.5491826818324625e-05
3104,0.027860591188073158,0.004591238684952259,0.023141903802752495,2.5489456675131805e-05
3105,0.027860531583428383,0.004591234028339386,0.02314186282455921,2.5486970116617158e-05
3106,0.027860455214977264,0.004591226577758789,0.02314181439578533,2.5483024728600867e-05
3107,0.027860455214977264,0.004591229371726513,0.023141831159591675,2.5478873794781975e-05
3108,0.02786041982471943,0.004591220524162054,0.02314181812107563,2.5476283553871326e-05
3109,0.02786029875278473,0.004591210279613733,0.02314171940088272,2.5473806090303697e-05
3110,0.027860278263688087,0.004591214936226606,0.023141713812947273,2.5469971660641022e-05
3111,0.027860257774591446,0.004591214936226606,0.023141711950302124,2.5466011720709503e-05
3112,0.027860162779688835,0.004591218661516905,0.02314162813127041,2.5463263227720745e-05
3113,0.027860110625624657,0.004591211676597595,0.02314159646630287,2.546061296015978e-05
3114,0.027860067784786224,0.004591217264533043,0.023141566663980484,2.545686402299907e-05
3115,0.027860002592206,0.004591189790517092,0.02314154803752899,2.545306233514566e-05
3116,0.027859942987561226,0.004591186530888081,0.02314150519669056,2.5450141038163565e-05
3117,0.027859892696142197,0.004591188859194517,0.023141466081142426,2.5447428924962878e-05
3118,0.02785981446504593,0.0045911818742752075,0.023141413927078247,2.5443758204346523e-05
3119,0.027859775349497795,0.0045911758206784725,0.023141399025917053,2.544002745707985e-05
3120,0.02785973809659481,0.004591177683323622,0.023141372948884964,2.543722621339839e-05
3121,0.027859702706336975,0.004591186996549368,0.023141343146562576,2.543434857216198e-05
3122,0.0278596393764019,0.0045911711640655994,0.023141315206885338,2.5430810637772083e-05
3123,0.02785954810678959,0.004591154400259256,0.02314125746488571,2.542719812481664e-05
3124,0.02785949967801571,0.004591153468936682,0.023141223937273026,2.5424276827834547e-05
3125,0.027859486639499664,0.004591166973114014,0.02314121276140213,2.5421357349841855e-05
3126,0.027859365567564964,0.004591147881001234,0.023141127079725266,2.541791764087975e-05
3127,0.027859343215823174,0.0045911455526947975,0.023141127079725266,2.5414359697606415e-05
3128,0.027859317138791084,0.004591147881001234,0.02314111217856407,2.5411369279026985e-05
3129,0.02785930223762989,0.004591149277985096,0.02314111217856407,2.5408387955394574e-05
3130,0.027859196066856384,0.004591134376823902,0.023141037672758102,2.540484092605766e-05
3131,0.027859147638082504,0.004591126926243305,0.023141013458371162,2.540143032092601e-05
3132,0.027859119698405266,0.004591125063598156,0.023141002282500267,2.539851629990153e-05
3133,0.02785901352763176,0.004591118078678846,0.02314091846346855,2.5395434931851923e-05
3134,0.02785898931324482,0.004591106902807951,0.02314092218875885,2.5391951567144133e-05
3135,0.027858901768922806,0.004591118078678846,0.023140840232372284,2.5388730136910453e-05
3136,0.02785886451601982,0.004591110162436962,0.02314082533121109,2.5385765184182674e-05
3137,0.027858782559633255,0.004591107834130526,0.023140762001276016,2.538258740969468e-05
3138,0.027858750894665718,0.004591095261275768,0.023140760138630867,2.537930959078949e-05
3139,0.027858717367053032,0.004591102246195078,0.023140735924243927,2.5376079065608792e-05
3140,0.027858629822731018,0.004591084085404873,0.0231406819075346,2.537312320782803e-05
3141,0.027858585119247437,0.004591084085404873,0.023140650242567062,2.536993270041421e-05
3142,0.0278585534542799,0.004591085948050022,0.02314063534140587,2.536666943342425e-05
3143,0.027858510613441467,0.0045910850167274475,0.02314060740172863,2.536354622861836e-05
3144,0.027858473360538483,0.0045910729095339775,0.023140599951148033,2.5360466679558158e-05
3145,0.02785838395357132,0.004591074306517839,0.023140523582696915,2.5357423510286026e-05
3146,0.02785833552479744,0.004591067787259817,0.023140497505664825,2.535411658755038e-05
3147,0.02785828709602356,0.004591064993292093,0.023140467703342438,2.5351071599288844e-05
3148,0.027858229354023933,0.004591062199324369,0.023140426725149155,2.534801751608029e-05
3149,0.0278581865131855,0.004591066390275955,0.023140396922826767,2.534473424020689e-05
3150,0.02785808965563774,0.004591045901179314,0.023140335455536842,2.5341561922687106e-05
3151,0.027858063578605652,0.004591040313243866,0.023140329867601395,2.5338549676234834e-05
3152,0.027858028188347816,0.0045910365879535675,0.0231403149664402,2.5335435566375963e-05
3153,0.027857916429638863,0.00459102401509881,0.023140233010053635,2.533211409172509e-05
3154,0.027857888489961624,0.004591028671711683,0.023140214383602142,2.532896542106755e-05
3155,0.027857832610607147,0.004591026809066534,0.023140177130699158,2.5325813112431206e-05
3156,0.027857789769768715,0.004591015167534351,0.023140162229537964,2.5322677174699493e-05
3157,0.027857748791575432,0.004591021221131086,0.023140130564570427,2.5319492124253884e-05
3158,0.027857670560479164,0.0045910123735666275,0.0231400765478611,2.5316223400295712e-05
3159,0.027857616543769836,0.00459101190790534,0.023140039294958115,2.5313083824585192e-05
3160,0.02785761095583439,0.004591010045260191,0.02314005047082901,2.531002610339783e-05
3161,0.027857523411512375,0.00459099980071187,0.023139989003539085,2.5306975658168085e-05
3162,0.0278574600815773,0.004590991418808699,0.02313994988799095,2.5303819711552933e-05
3163,0.027857448905706406,0.004590993281453848,0.0231399517506361,2.5300723791588098e-05
3164,0.027857305482029915,0.004590979311615229,0.023139838129281998,2.5297640604549088e-05
3165,0.0278573427349329,0.004590989556163549,0.02313987910747528,2.5294633815065026e-05
3166,0.02785724774003029,0.004590993281453848,0.023139797151088715,2.5291437850682996e-05
3167,0.027857204899191856,0.004590974655002356,0.02313978783786297,2.5288378310506232e-05
3168,0.02785715088248253,0.004590956959873438,0.023139767348766327,2.528526783862617e-05
3169,0.02785707823932171,0.004590966273099184,0.023139700293540955,2.5282321075792424e-05
3170,0.02785702608525753,0.0045909639447927475,0.02313966676592827,2.527913238736801e-05
3171,0.027856983244419098,0.004590956028550863,0.023139646276831627,2.527602919144556e-05
3172,0.027856942266225815,0.004590963013470173,0.02313961274921894,2.5272958737332374e-05
3173,0.027856864035129547,0.004590941127389669,0.023139573633670807,2.526993011997547e-05
3174,0.027856839820742607,0.004590950906276703,0.023139555007219315,2.5266755983466282e-05
3175,0.027856769040226936,0.004590950906276703,0.023139499127864838,2.5263623683713377e-05
3176,0.027856726199388504,0.004590926691889763,0.02313949726521969,2.5260622351197526e-05
3177,0.02785669080913067,0.004590928088873625,0.02313947305083275,2.525767013139557e-05
3178,0.02785658836364746,0.004590920172631741,0.02313939668238163,2.5254421416320838e-05
3179,0.02785653993487358,0.004590924829244614,0.023139357566833496,2.5251330953324214e-05
3180,0.027856506407260895,0.004590924363583326,0.023139340803027153,2.5248336896765977e-05
3181,0.027856433764100075,0.004590913187712431,0.023139292374253273,2.5245406504836865e-05
3182,0.027856377884745598,0.004590916447341442,0.02313924953341484,2.5242181436624378e-05
3183,0.027856361120939255,0.004590904340147972,0.023139260709285736,2.5239085516659543e-05
3184,0.027856312692165375,0.004590896889567375,0.023139234632253647,2.5236377041437663e-05
3185,0.027856232598423958,0.0045908973552286625,0.023139169439673424,2.5233361157006584e-05
3186,0.02785617858171463,0.0045908913016319275,0.023139137774705887,2.5230017854482867e-05
3187,0.027856074273586273,0.004590882454067469,0.02313905581831932,2.5227216610801406e-05
3188,0.02785603515803814,0.004590881057083607,0.02313903346657753,2.522444810892921e-05
3189,0.0278560109436512,0.004590882919728756,0.023139022290706635,2.522108843550086e-05
3190,0.027855955064296722,0.00459087872877717,0.0231389869004488,2.5217863367288373e-05
3191,0.027855901047587395,0.004590872209519148,0.023138953372836113,2.5215118512278423e-05
3192,0.02785584144294262,0.004590859171003103,0.023138919845223427,2.5212335458490998e-05
3193,0.027855820953845978,0.004590859171003103,0.023138917982578278,2.5208824808942154e-05
3194,0.027855752035975456,0.004590859171003103,0.02313886396586895,2.5205781639670022e-05
3195,0.027855727821588516,0.0045908596366643906,0.023138852789998055,2.520302041375544e-05
3196,0.027855664491653442,0.0045908535830676556,0.023138809949159622,2.520011184969917e-05
3197,0.027855554595589638,0.0045908475294709206,0.02313872240483761,2.519662848499138e-05
3198,0.027855539694428444,0.004590843804180622,0.023138727992773056,2.5193678084178828e-05
3199,0.027855457738041878,0.004590840544551611,0.023138662800192833,2.5190953238052316e-05
3200,0.0278554055839777,0.004590820986777544,0.02313864603638649,2.5187895516864955e-05
3201,0.027855370193719864,0.004590825643390417,0.02313862182199955,2.5184632249874994e-05
3202,0.02785533107817173,0.004590820055454969,0.02313860133290291,2.5181743694702163e-05
3203,0.027855219319462776,0.004590823780745268,0.02313850075006485,2.5179000658681616e-05
3204,0.027855200693011284,0.004590815398842096,0.023138506338000298,2.5175922928610817e-05
3205,0.02785513550043106,0.004590799566358328,0.023138470947742462,2.517277061997447e-05
3206,0.02785508893430233,0.004590797703713179,0.023138441145420074,2.5169791115331464e-05
3207,0.027855047956109047,0.0045908126048743725,0.02313840016722679,2.516700806154404e-05
3208,0.02785501442849636,0.004590791650116444,0.02313840202987194,2.5163943064399064e-05
3209,0.02785494737327099,0.004590790253132582,0.02313835173845291,2.5160905352095142e-05
3210,0.027854837477207184,0.0045907809399068356,0.023138266056776047,2.5157894924632274e-05
3211,0.027854841202497482,0.004590792115777731,0.023138273507356644,2.5155110051855445e-05
3212,0.027854787185788155,0.004590785596519709,0.023138241842389107,2.5152166927000508e-05
3213,0.027854708954691887,0.004590766038745642,0.023138199001550674,2.5148861823254265e-05
3214,0.02785467356443405,0.004590780008584261,0.02313816361129284,2.5146113330265507e-05
3215,0.027854569256305695,0.004590761847794056,0.02313808910548687,2.514331390557345e-05
3216,0.027854569256305695,0.004590751137584448,0.02313811704516411,2.5140094294329174e-05
3217,0.02785450778901577,0.0045907567255198956,0.02313806489109993,2.5137131160590798e-05
3218,0.027854472398757935,0.004590758588165045,0.02313804067671299,2.5134422685368918e-05
3219,0.027854403480887413,0.004590744152665138,0.023138001561164856,2.5131461370619945e-05
3220,0.027854330837726593,0.0045907385647296906,0.023137949407100677,2.5128443667199463e-05
3221,0.02785426937043667,0.004590735305100679,0.023137906566262245,2.512552418920677e-05
3222,0.027854258194565773,0.0045907325111329556,0.023137912154197693,2.51227174885571e-05
3223,0.027854137122631073,0.004590734373778105,0.023137804120779037,2.5119694328168407e-05
3224,0.027854103595018387,0.004590731114149094,0.023137789219617844,2.5116716642514803e-05
3225,0.027854066342115402,0.0045907264575362206,0.0231377724558115,2.5113764422712848e-05
3226,0.027854008600115776,0.004590725991874933,0.02313772775232792,2.5110963179031387e-05
3227,0.0278539527207613,0.004590717144310474,0.023137694224715233,2.5108041882049292e-05
3228,0.027853915467858315,0.004590713419020176,0.02313767746090889,2.5105007807724178e-05
3229,0.02785385586321354,0.0045907082967460155,0.023137636482715607,2.5102108338614926e-05
3230,0.027853822335600853,0.004590711556375027,0.023137614130973816,2.509928344807122e-05
3231,0.02785372920334339,0.004590699449181557,0.023137547075748444,2.5096358513110317e-05
3232,0.027853652834892273,0.00459069199860096,0.023137494921684265,2.5093337171711028e-05
3233,0.027853621169924736,0.004590699914842844,0.023137468844652176,2.5090488634305075e-05
3234,0.02785356529057026,0.0045906733721494675,0.023137453943490982,2.5087656467803754e-05
3235,0.027853580191731453,0.004590700846165419,0.02313745580613613,2.5084666049224325e-05
3236,0.027853483334183693,0.00459067290648818,0.023137401789426804,2.5081690182560124e-05
3237,0.027853425592184067,0.004590669181197882,0.02313736081123352,2.5078896214836277e-05
3238,0.027853380888700485,0.004590674769133329,0.023137325420975685,2.5076018573599868e-05
3239,0.027853328734636307,0.0045906673185527325,0.023137295618653297,2.507300268916879e-05
3240,0.02785324491560459,0.004590660333633423,0.023137234151363373,2.507009412511252e-05
3241,0.027853207662701607,0.004590662196278572,0.023137208074331284,2.5067341994144954e-05
3242,0.027853136882185936,0.004590647295117378,0.023137167096138,2.5064402507268824e-05
3243,0.027853095903992653,0.00459063658490777,0.023137152194976807,2.5061390260816552e-05
3244,0.027853025123476982,0.00459063658490777,0.02313709631562233,2.5058605388039723e-05
3245,0.027852976694703102,0.004590638913214207,0.023137059062719345,2.5055924197658896e-05
3246,0.027852941304445267,0.004590630065649748,0.0231370460242033,2.505283191567287e-05
3247,0.027852904051542282,0.004590632393956184,0.02313702180981636,2.505014526832383e-05
3248,0.027852818369865417,0.004590622149407864,0.023136958479881287,2.5047249437193386e-05
3249,0.027852799743413925,0.004590623080730438,0.023136954754590988,2.504428630345501e-05
3250,0.02785273641347885,0.004590609110891819,0.023136919364333153,2.5041457774932496e-05
3251,0.02785264328122139,0.004590610507875681,0.023136839270591736,2.5038758394657634e-05
3252,0.027852578088641167,0.004590601660311222,0.023136798292398453,2.5035795260919258e-05
3253,0.027852587401866913,0.0045905946753919125,0.02313682809472084,2.5032957637449726e-05
3254,0.027852501720190048,0.004590593744069338,0.02313675731420517,2.503005634935107e-05
3255,0.027852462604641914,0.004590598866343498,0.023136727511882782,2.5027349693118595e-05
3256,0.027852417901158333,0.004590602125972509,0.023136693984270096,2.502436109352857e-05
3257,0.027852358296513557,0.004590580705553293,0.023136671632528305,2.502136158000212e-05
3258,0.02785230427980423,0.004590583965182304,0.023136626929044724,2.5018505766638555e-05
3259,0.027852268889546394,0.004590592812746763,0.023136597126722336,2.5015673600137234e-05
3260,0.02785220555961132,0.004590577911585569,0.02313656359910965,2.501282506273128e-05
3261,0.027852119877934456,0.004590573254972696,0.023136496543884277,2.5009952878463082e-05
3262,0.02785205841064453,0.004590568598359823,0.023136453703045845,2.5007169824675657e-05
3263,0.02785203605890274,0.004590549971908331,0.02313646301627159,2.5004414055729285e-05
3264,0.02785196527838707,0.004590554628521204,0.023136403411626816,2.5001530957524665e-05
3265,0.027851911261677742,0.004590561147779226,0.023136354982852936,2.4998786102514714e-05
3266,0.027851859107613564,0.004590556491166353,0.0231363233178854,2.4995846615638584e-05
3267,0.02785179391503334,0.00459053460508585,0.02313629351556301,2.4993149054353125e-05
3268,0.027851741760969162,0.004590542986989021,0.02313624694943428,2.499038055248093e-05
3269,0.027851710096001625,0.004590540658682585,0.023136232048273087,2.4987546566990204e-05
3270,0.0278516486287117,0.004590540658682585,0.023136183619499207,2.498468165867962e-05
3271,0.027851559221744537,0.00459052762016654,0.023136122152209282,2.498184585419949e-05
3272,0.027851520106196404,0.004590516444295645,0.023136107251048088,2.4979071895359084e-05
3273,0.027851492166519165,0.0045905220322310925,0.023136088624596596,2.49763106694445e-05
3274,0.027851438149809837,0.00459052249789238,0.023136049509048462,2.4973382096504793e-05
3275,0.02785138599574566,0.004590511322021484,0.023136021569371223,2.497056993888691e-05
3276,0.02785131335258484,0.004590505268424749,0.023135969415307045,2.4967812350951135e-05
3277,0.02785125933587551,0.00459049828350544,0.02313593588769436,2.4965002012322657e-05
3278,0.027851225808262825,0.004590497352182865,0.023135917261242867,2.4962137104012072e-05
3279,0.027851149439811707,0.004590494558215141,0.02313585765659809,2.4959454094641842e-05
3280,0.027851104736328125,0.004590495955199003,0.023135824128985405,2.495673470548354e-05
3281,0.027851054444909096,0.004590482451021671,0.023135803639888763,2.4953973479568958e-05
3282,0.02785101905465126,0.004590484779328108,0.023135777562856674,2.4951084924396127e-05
3283,0.027850957587361336,0.004590481054037809,0.023135734722018242,2.4948278223746456e-05
3284,0.02785089612007141,0.0045904736034572124,0.02313569374382496,2.494572981959209e-05
3285,0.027850830927491188,0.0045904661528766155,0.023135649040341377,2.4942897653090768e-05
3286,0.027850760146975517,0.0045904722064733505,0.023135587573051453,2.4940167349996045e-05
3287,0.02785073034465313,0.004590448923408985,0.02313559502363205,2.493729152774904e-05
3288,0.02785065956413746,0.00459045497700572,0.023135531693696976,2.4934637622209266e-05
3289,0.027850616723299026,0.004590463824570179,0.023135492578148842,2.493180363671854e-05
3290,0.02785055711865425,0.004590462893247604,0.02313544973731041,2.492904786777217e-05
3291,0.02785053662955761,0.004590440541505814,0.023135464638471603,2.4926177502493374e-05
3292,0.027850454673171043,0.004590431693941355,0.023135405033826828,2.4923530872911215e-05
3293,0.02785039134323597,0.004590440541505814,0.023135347291827202,2.4920684154494666e-05
3294,0.027850374579429626,0.004590440075844526,0.023135343566536903,2.4917955670389347e-05
3295,0.027850307524204254,0.004590429365634918,0.02313530258834362,2.491526902304031e-05
3296,0.02785024791955948,0.004590421915054321,0.023135263472795486,2.491244777047541e-05
3297,0.027850188314914703,0.004590419586747885,0.023135218769311905,2.4909726562327705e-05
3298,0.02785012684762478,0.004590428434312344,0.023135162889957428,2.4907032639021054e-05
3299,0.027850132435560226,0.0045904116705060005,0.023135198280215263,2.49042859650217e-05
3300,0.027850018814206123,0.00459040654823184,0.023135103285312653,2.4901812139432877e-05
3301,0.027849970385432243,0.004590400028973818,0.023135075345635414,2.4898972696973942e-05
3302,0.02784988470375538,0.0045903935097157955,0.02313501015305519,2.4896269678720273e-05
3303,0.02784988097846508,0.004590395372360945,0.02313501574099064,2.4893706722650677e-05
3304,0.027849841862916946,0.0045903935097157955,0.023134993389248848,2.4891029170248657e-05
3305,0.027849769219756126,0.004590389784425497,0.02313493937253952,2.4888089683372527e-05
3306,0.027849722653627396,0.0045903753489255905,0.023134920746088028,2.488537211320363e-05
3307,0.02784961834549904,0.004590373951941729,0.023134831339120865,2.4882860088837333e-05
3308,0.027849595993757248,0.004590374883264303,0.02313482016324997,2.4879987904569134e-05
3309,0.02784954197704792,0.004590385593473911,0.02313477173447609,2.4877110263332725e-05
3310,0.027849506586790085,0.00459036510437727,0.02313476800918579,2.4874661903595552e-05
3311,0.02784944511950016,0.004590373020619154,0.023134712129831314,2.487202982592862e-05
3312,0.027849392965435982,0.0045903632417321205,0.023134684190154076,2.4869083063094877e-05
3313,0.0278493482619524,0.0045903585851192474,0.023134658113121986,2.486646371835377e-05
3314,0.027849283069372177,0.004590352065861225,0.023134611546993256,2.4864017177606e-05
3315,0.02784920111298561,0.0045903450809419155,0.02313455007970333,2.486120501998812e-05
3316,0.02784915640950203,0.004590348806232214,0.023134514689445496,2.4858381948433816e-05
3317,0.02784912660717964,0.004590344615280628,0.02313450165092945,2.4855828087311238e-05
3318,0.027849039062857628,0.004590341355651617,0.02313443087041378,2.4853301511029713e-05
3319,0.02784898690879345,0.004590331111103296,0.02313440479338169,2.48504220508039e-05
3320,0.027848955243825912,0.004590334836393595,0.0231343824416399,2.4847691747709177e-05
3321,0.027848901227116585,0.0045903269201517105,0.023134348914027214,2.4845052394084632e-05
3322,0.027848869562149048,0.004590302240103483,0.023134354501962662,2.4842453058226965e-05
3323,0.027848780155181885,0.004590313415974379,0.023134268820285797,2.483962816768326e-05
3324,0.02784877084195614,0.004590315744280815,0.023134270682930946,2.483678144926671e-05
3325,0.02784869447350502,0.0045903148129582405,0.02313420921564102,2.483428943378385e-05
3326,0.027848603203892708,0.004590284079313278,0.02313416078686714,2.483165189914871e-05
3327,0.027848603203892708,0.004590307362377644,0.023134151473641396,2.4828839741530828e-05
3328,0.02784855291247368,0.004590305965393782,0.02313411608338356,2.4826098524499685e-05
3329,0.02784848026931286,0.004590284079313278,0.023134078830480576,2.4823610146995634e-05
3330,0.02784840017557144,0.004590289201587439,0.023134006187319756,2.4820892576826736e-05
3331,0.027848416939377785,0.004590290132910013,0.023134035989642143,2.4818089514155872e-05
3332,0.027848312631249428,0.004590284079313278,0.02313395030796528,2.48155902227154e-05
3333,0.02784823812544346,0.004590269643813372,0.023133903741836548,2.4813021809677593e-05
3334,0.027848191559314728,0.004590285010635853,0.02313385345041752,2.4810344257275574e-05
3335,0.0278481375426054,0.004590262658894062,0.023133836686611176,2.480764851497952e-05
3336,0.02784808911383152,0.004590258002281189,0.02313380502164364,2.4805065550026484e-05
3337,0.027848035097122192,0.004590264055877924,0.023133758455514908,2.4802522602840327e-05
3338,0.02784799411892891,0.004590257536619902,0.023133737966418266,2.479974318703171e-05
3339,0.027847938239574432,0.004590250086039305,0.02313370071351528,2.479725662851706e-05
3340,0.027847852557897568,0.004590240307152271,0.023133639246225357,2.4794748242129572e-05
3341,0.027847841382026672,0.004590242635458708,0.023133637383580208,2.4792001568130217e-05
3342,0.02784775197505951,0.00459023704752326,0.023133568465709686,2.478936039551627e-05
3343,0.027847731485962868,0.004590232856571674,0.023133564740419388,2.4786835638224147e-05
3344,0.027847684919834137,0.004590229596942663,0.02313353307545185,2.4784258130239323e-05
3345,0.027847642078995705,0.004590230528265238,0.023133503273129463,2.4781626052572392e-05
3346,0.02784753032028675,0.004590220749378204,0.0231334138661623,2.4779061277513392e-05
3347,0.027847500517964363,0.004590220749378204,0.023133397102355957,2.477643283782527e-05
3348,0.027847465127706528,0.004590210970491171,0.023133384063839912,2.4773815312073566e-05
3349,0.027847405523061752,0.004590218421071768,0.023133330047130585,2.47713196586119e-05
3350,0.027847353368997574,0.00459019560366869,0.02313331514596939,2.4768696675891988e-05
3351,0.027847284451127052,0.004590199328958988,0.023133255541324615,2.476606641721446e-05
3352,0.027847222983837128,0.004590190015733242,0.02313321642577648,2.4763365217950195e-05
3353,0.027847183868288994,0.004590191878378391,0.023133186623454094,2.4760867745499127e-05
3354,0.027847133576869965,0.00459018861874938,0.023133153095841408,2.4758235667832196e-05
3355,0.02784707024693489,0.004590179771184921,0.023133112117648125,2.4755639969953336e-05
3356,0.02784700319170952,0.004590179305523634,0.023133058100938797,2.4753197067184374e-05
3357,0.027846984565258026,0.004590186756104231,0.023133045062422752,2.4750595912337303e-05
3358,0.027846910059452057,0.004590164870023727,0.02313300408422947,2.474806569807697e-05
3359,0.027846867218613625,0.004590177442878485,0.023132963106036186,2.4745360860833898e-05
3360,0.027846788987517357,0.004590158816426992,0.023132914677262306,2.4742910682107322e-05
3361,0.027846727520227432,0.004590153228491545,0.023132871836423874,2.4740458684391342e-05
3362,0.02784671075642109,0.0045901574194431305,0.023132864385843277,2.473783024470322e-05
3363,0.027846651151776314,0.004590155091136694,0.023132819682359695,2.4735154511290602e-05
3364,0.027846576645970345,0.004590154625475407,0.02313275821506977,2.4732702513574623e-05
3365,0.0278465636074543,0.004590156022459269,0.02313275821506977,2.4730139557505026e-05
3366,0.027846474200487137,0.004590149503201246,0.0231326874345541,2.4727431082283147e-05
3367,0.027846412733197212,0.004590141121298075,0.023132646456360817,2.4724946342757903e-05
3368,0.02784639038145542,0.004590144846588373,0.023132633417844772,2.4722403395571746e-05
3369,0.02784629724919796,0.004590122494846582,0.023132575675845146,2.471987681929022e-05
3370,0.02784627676010132,0.00459013506770134,0.023132555186748505,2.471718835295178e-05
3371,0.0278462041169405,0.004590126685798168,0.023132503032684326,2.4714641767786816e-05
3372,0.027846187353134155,0.0045901210978627205,0.023132506757974625,2.4712113372515887e-05
3373,0.027846071869134903,0.0045901150442659855,0.023132409900426865,2.470954495947808e-05
3374,0.027846068143844604,0.004590105731040239,0.023132426664233208,2.4707069314899854e-05
3375,0.027846025303006172,0.004590113181620836,0.023132389411330223,2.4704544557607733e-05
3376,0.0278459582477808,0.004590096417814493,0.02313235215842724,2.470193248882424e-05
3377,0.027845880016684532,0.0045900954864919186,0.023132286965847015,2.469944411132019e-05
3378,0.027845827862620354,0.00459009176120162,0.02313225157558918,2.4696973923710175e-05
3379,0.027845831587910652,0.004590112250298262,0.02313224785029888,2.4694363673916087e-05
3380,0.027845751494169235,0.004590085707604885,0.0231322068721056,2.4691848011570983e-05
3381,0.027845658361911774,0.004590088035911322,0.023132123053073883,2.4689346901141107e-05
3382,0.027845637872815132,0.0045900954864919186,0.02313210815191269,2.4686836695764214e-05
3383,0.027845600619912148,0.00459006754681468,0.02313211001455784,2.468437742209062e-05
3384,0.02784555032849312,0.004590084310621023,0.02313205599784851,2.4682009097887203e-05
3385,0.027845462784171104,0.00459006754681468,0.023131998255848885,2.4679382477188483e-05
3386,0.027845412492752075,0.00459005543962121,0.023131972178816795,2.4676983230165206e-05
3387,0.027845360338687897,0.004590054973959923,0.02313193306326866,2.4674483938724734e-05
3388,0.027845293283462524,0.004590054973959923,0.023131879046559334,2.4671975552337244e-05
3389,0.027845297008752823,0.00459006242454052,0.02313188835978508,2.466937257850077e-05
3390,0.02784520573914051,0.004590063821524382,0.023131806403398514,2.4666929675731808e-05
3391,0.027845140546560287,0.004590041469782591,0.023131776601076126,2.4664470402058214e-05
3392,0.027845095843076706,0.004590041469782591,0.02313174307346344,2.466200567141641e-05
3393,0.027845023199915886,0.004590042866766453,0.023131681606173515,2.4659391783643514e-05
3394,0.027844972908496857,0.004590037744492292,0.02313164994120598,2.4657068934175186e-05
3395,0.027844950556755066,0.004590036813169718,0.023131640627980232,2.4654586013639346e-05
3396,0.027844881638884544,0.004590023308992386,0.02313159964978695,2.4651903004269116e-05
3397,0.02784484252333641,0.004590009339153767,0.023131586611270905,2.4649507395224646e-05
3398,0.027844788506627083,0.004590020980685949,0.023131530731916428,2.4647191821713932e-05
3399,0.027844691649079323,0.004590011201798916,0.02313145622611046,2.4644745280966163e-05
3400,0.027844643220305443,0.004590009804815054,0.023131422698497772,2.4642136850161478e-05
3401,0.027844596654176712,0.004590009804815054,0.023131387308239937,2.4639628463773988e-05
3402,0.027844559401273727,0.004590007942169905,0.023131363093852997,2.4637409296701662e-05
3403,0.027844516560435295,0.004589990712702274,0.0231313519179821,2.46349663939327e-05
3404,0.027844451367855072,0.004589999560266733,0.023131290450692177,2.463222699589096e-05
3405,0.027844393625855446,0.004589985590428114,0.02313125878572464,2.4629940526210703e-05
3406,0.02784433774650097,0.004589993041008711,0.02313120663166046,2.4627621314721182e-05
3407,0.027844304218888283,0.004589984659105539,0.023131195455789566,2.462505472067278e-05
3408,0.02784421481192112,0.004589984659105539,0.0231311172246933,2.4622535420348868e-05
3409,0.027844158932566643,0.004589967429637909,0.02313109114766121,2.4620205294922926e-05
3410,0.027844104915857315,0.0045899637043476105,0.023131052032113075,2.4617926101200283e-05
3411,0.02784406580030918,0.004589972551912069,0.02313101664185524,2.4615341317257844e-05
3412,0.02784404344856739,0.00458996556699276,0.02313101291656494,2.4612860215711407e-05
3413,0.027843927964568138,0.004589960910379887,0.02313091605901718,2.4610561013105325e-05
3414,0.027843952178955078,0.004589963238686323,0.02313094772398472,2.4608199964859523e-05
3415,0.02784387767314911,0.0045899515971541405,0.02313089743256569,2.460570067341905e-05
3416,0.02784380316734314,0.004589942749589682,0.02313084341585636,2.460319228703156e-05
3417,0.02784375660121441,0.004589951131492853,0.02313080243766308,2.4600705728516914e-05
3418,0.02784372679889202,0.0045899334363639355,0.02313080057501793,2.459845745761413e-05
3419,0.02784362994134426,0.0045899380929768085,0.023130713030695915,2.4595950890216045e-05
3420,0.027843596413731575,0.004589931108057499,0.02313069812953472,2.4593293346697465e-05
3421,0.027843540534377098,0.004589942283928394,0.023130642250180244,2.4591125111328438e-05
3422,0.027843525633215904,0.004589930176734924,0.02313065156340599,2.458871495036874e-05
3423,0.0278434157371521,0.004589923657476902,0.02313056029379368,2.4586022846051492e-05
3424,0.02784338966012001,0.00458992226049304,0.023130547255277634,2.4583776394138113e-05
3425,0.027843350544571877,0.004589912481606007,0.02313053235411644,2.458148628647905e-05
3426,0.02784327231347561,0.004589916206896305,0.02313045971095562,2.45789997279644e-05
3427,0.027843166142702103,0.004589908756315708,0.023130375891923904,2.4576504074502736e-05
3428,0.027843201532959938,0.004589903634041548,0.023130426183342934,2.4574314011260867e-05
3429,0.02784310095012188,0.004589884076267481,0.023130357265472412,2.457198570482433e-05
3430,0.027843046933412552,0.004589890595525503,0.023130308836698532,2.456943730066996e-05
3431,0.027842992916703224,0.0045898957177996635,0.0231302622705698,2.4567094442318194e-05
3432,0.027842964977025986,0.0045898850075900555,0.023130254819989204,2.4564777049818076e-05
3433,0.02784290909767151,0.004589889198541641,0.023130208253860474,2.4562386897741817e-05
3434,0.02784281224012375,0.004589872434735298,0.0231301411986351,2.4559851226513274e-05
3435,0.027842795476317406,0.004589883144944906,0.023130124434828758,2.455762842146214e-05
3436,0.027842728421092033,0.004589865915477276,0.023130087181925774,2.4555225536460057e-05
3437,0.027842704206705093,0.004589871969074011,0.02313006855547428,2.4552753529860638e-05
3438,0.027842620387673378,0.0045898654498159885,0.023130003362894058,2.4550397938583046e-05
3439,0.02784257009625435,0.0045898593962192535,0.023129969835281372,2.4548073270125315e-05
3440,0.027842504903674126,0.004589857067912817,0.023129919543862343,2.4545717678847723e-05
3441,0.027842475101351738,0.00458986172452569,0.023129897192120552,2.4543358449591324e-05
3442,0.02784244902431965,0.004589852876961231,0.023129889741539955,2.4540948288631625e-05
3443,0.02784237638115883,0.004589850548654795,0.02312983199954033,2.4538772777304985e-05
3444,0.027842314913868904,0.00458984961733222,0.02312978357076645,2.4536398996133357e-05
3445,0.027842259034514427,0.004589844029396772,0.023129744455218315,2.453395427437499e-05
3446,0.027842188253998756,0.004589840304106474,0.023129688575863838,2.4531864255550317e-05
3447,0.027842164039611816,0.004589837975800037,0.023129679262638092,2.4529435904696584e-05
3448,0.027842076495289803,0.004589830059558153,0.02312961220741272,2.4527040295652114e-05
3449,0.02784203551709652,0.004589832853525877,0.023129576817154884,2.4524984837626107e-05
3450,0.02784193679690361,0.00458982028067112,0.023129504173994064,2.45226219703909e-05
3451,0.027841946110129356,0.004589826334267855,0.023129519075155258,2.452019543852657e-05
3452,0.027841882780194283,0.004589821677654982,0.023129470646381378,2.4517939891666174e-05
3453,0.02784179151058197,0.004589812830090523,0.023129399865865707,2.4515689801773988e-05
3454,0.027841754257678986,0.004589817486703396,0.02312937192618847,2.4513266907888465e-05
3455,0.027841707691550255,0.004589807707816362,0.02312934584915638,2.4510865841875784e-05
3456,0.027841653674840927,0.00458980118855834,0.023129308596253395,2.4508604838047177e-05
3457,0.027841618284583092,0.0045898049138486385,0.023129280656576157,2.4506362024112605e-05
3458,0.027841558679938316,0.00458980118855834,0.023129237815737724,2.4504006432835013e-05
3459,0.02784155309200287,0.004589799325913191,0.02312924526631832,2.450167085044086e-05
3460,0.027841417118906975,0.004589780233800411,0.023129140958189964,2.4499335268046707e-05
3461,0.027841418981552124,0.0045897928066551685,0.023129140958189964,2.4497134290868416e-05
3462,0.02784135192632675,0.004589783493429422,0.023129094392061234,2.4494922399753705e-05
3463,0.027841288596391678,0.0045897769741714,0.023129049688577652,2.4492417651345022e-05
3464,0.02784125693142414,0.004589778371155262,0.02312902733683586,2.4490249415975995e-05
3465,0.02784120664000511,0.004589774180203676,0.023128991946578026,2.448819395794999e-05
3466,0.02784116379916668,0.0045897639356553555,0.023128971457481384,2.448567101964727e-05
3467,0.027841070666909218,0.004589760210365057,0.023128893226385117,2.4483215383952484e-05
3468,0.027841027826070786,0.004589747171849012,0.023128874599933624,2.4481252694386058e-05
3469,0.027840983122587204,0.0045897564850747585,0.023128831759095192,2.4478938939864747e-05
3470,0.027840932831168175,0.004589758347719908,0.023128792643547058,2.4476275939377956e-05
3471,0.027840858325362206,0.004589743446558714,0.023128744214773178,2.4474171368638054e-05
3472,0.027840804308652878,0.004589748103171587,0.023128695785999298,2.4472170480294153e-05
3473,0.02784074656665325,0.004589743912220001,0.023128654807806015,2.4469525669701397e-05
3474,0.027840718626976013,0.004589742980897427,0.02312864176928997,2.4467088223900646e-05
3475,0.027840692549943924,0.004589742515236139,0.023128625005483627,2.4465247406624258e-05
3476,0.02784063294529915,0.004589731339365244,0.023128587752580643,2.446289909130428e-05
3477,0.027840567752718925,0.004589729476720095,0.023128537461161613,2.446015969326254e-05
3478,0.027840469032526016,0.0045897155068814754,0.023128461092710495,2.445822065055836e-05
3479,0.027840429916977882,0.004589718300849199,0.023128431290388107,2.445628160785418e-05
3480,0.02784036472439766,0.004589718766510487,0.02312837727367878,2.445352765789721e-05
3481,0.02784035913646221,0.004589708987623453,0.023128394037485123,2.4451226636301726e-05
3482,0.027840301394462585,0.004589722026139498,0.023128332570195198,2.4449476768495515e-05
3483,0.027840254828333855,0.004589712712913752,0.023128308355808258,2.4447002942906693e-05
3484,0.027840187773108482,0.004589695483446121,0.023128269240260124,2.444445635774173e-05
3485,0.02784012444317341,0.004589705262333155,0.0231282077729702,2.444237907184288e-05
3486,0.027840077877044678,0.0045896912924945354,0.02312818355858326,2.4440370907541364e-05
3487,0.02784000337123871,0.0045896912924945354,0.023128122091293335,2.4437789761577733e-05
3488,0.02783997543156147,0.004589690361171961,0.02312810719013214,2.44356688199332e-05
3489,0.027839913964271545,0.00458968710154295,0.02312805876135826,2.4433620637864806e-05
3490,0.027839839458465576,0.004589675460010767,0.023128008469939232,2.4431095880572684e-05
3491,0.027839817106723785,0.004589689429849386,0.023127982392907143,2.44288985413732e-05
3492,0.027839725837111473,0.0045896838419139385,0.023127906024456024,2.442696859361604e-05
3493,0.027839703485369682,0.004589665215462446,0.02312791533768177,2.4424549337709323e-05
3494,0.02783964015543461,0.004589661490172148,0.02312786690890789,2.4422348360531032e-05
3495,0.027839576825499535,0.004589676391333342,0.02312779799103737,2.4420236513833515e-05
3496,0.027839504182338715,0.004589652642607689,0.023127760738134384,2.4417999156867154e-05
3497,0.027839452028274536,0.004589662421494722,0.023127712309360504,2.441567266942002e-05
3498,0.027839411050081253,0.004589660558849573,0.023127682507038116,2.4413579012616538e-05
3499,0.027839375659823418,0.004589646589010954,0.02312767133116722,2.4411501726717688e-05
3500,0.027839306741952896,0.004589626099914312,0.023127634078264236,2.4409207981079817e-05
3501,0.02783925272524357,0.004589633084833622,0.023127583786845207,2.4406934244325384e-05
3502,0.027839219197630882,0.004589640069752932,0.02312755584716797,2.4404809664702043e-05
3503,0.02783912420272827,0.0045896368101239204,0.023127473890781403,2.440277603454888e-05
3504,0.027839088812470436,0.004589628893882036,0.02312745712697506,2.440047319396399e-05
3505,0.027839036658406258,0.0045896247029304504,0.023127419874072075,2.4398234018008225e-05
3506,0.027839018031954765,0.004589633550494909,0.023127403110265732,2.4396114895353094e-05
3507,0.027838939800858498,0.004589627031236887,0.023127343505620956,2.439395393594168e-05
3508,0.027838915586471558,0.004589627496898174,0.023127330467104912,2.4391652914346196e-05
3509,0.027838855981826782,0.004589616321027279,0.023127291351556778,2.438949013594538e-05
3510,0.0278388112783432,0.004589616786688566,0.023127257823944092,2.438738738419488e-05
3511,0.02783871255815029,0.004589607939124107,0.023127177730202675,2.438524825265631e-05
3512,0.027838662266731262,0.004589605610817671,0.02312714233994484,2.4382930860156193e-05
3513,0.027838652953505516,0.004589595831930637,0.023127153515815735,2.4380771719734184e-05
3514,0.027838530018925667,0.004589595831930637,0.02312704175710678,2.4378736270591617e-05
3515,0.027838531881570816,0.0045895944349467754,0.023127054795622826,2.437649709463585e-05
3516,0.027838466688990593,0.00458959536626935,0.02312699891626835,2.4374425265705213e-05
3517,0.027838433161377907,0.004589592572301626,0.023126978427171707,2.4372266125283204e-05
3518,0.02783835306763649,0.004589579999446869,0.02312692254781723,2.437003786326386e-05
3519,0.02783828042447567,0.0045895702205598354,0.023126870393753052,2.4367876903852448e-05
3520,0.027838245034217834,0.004589579533785582,0.023126835003495216,2.436585600662511e-05
3521,0.027838176116347313,0.004589569754898548,0.023126788437366486,2.4363685952266678e-05
3522,0.027838153764605522,0.0045895762741565704,0.023126769810914993,2.4361452233279124e-05
3523,0.02783811464905739,0.0045895641669631,0.02312675304710865,2.4359498638659716e-05
3524,0.027838051319122314,0.004589574411511421,0.023126689717173576,2.435729038552381e-05
3525,0.02783798798918724,0.004589550197124481,0.023126661777496338,2.4355051209568046e-05
3526,0.027837935835123062,0.004589552525430918,0.023126618936657906,2.435305759718176e-05
3527,0.027837898582220078,0.004589547868818045,0.023126594722270966,2.4351002139155753e-05
3528,0.027837807312607765,0.004589555319398642,0.02312650717794895,2.4348726583411917e-05
3529,0.027837753295898438,0.004589548800140619,0.023126471787691116,2.4346458303625695e-05
3530,0.027837740257382393,0.004589550197124481,0.023126468062400818,2.4344453777302988e-05
3531,0.02783769741654396,0.004589537624269724,0.023126447573304176,2.4342363758478314e-05
3532,0.027837630361318588,0.0045895325019955635,0.023126397281885147,2.4340153686353005e-05
3533,0.02783757448196411,0.004589534364640713,0.023126350715756416,2.4337952709174715e-05
3534,0.027837533503770828,0.004589531105011702,0.02312632091343403,2.4336079150089063e-05
3535,0.027837451547384262,0.004589524120092392,0.023126257583498955,2.4333965484402142e-05
3536,0.027837393805384636,0.00458951760083437,0.02312621660530567,2.433161898807157e-05
3537,0.027837352827191353,0.004589519929140806,0.023126183077692986,2.4329709049197845e-05
3538,0.02783728949725628,0.004589523654431105,0.02312612533569336,2.4327831852133386e-05
3539,0.0278372373431921,0.004589515272527933,0.02312609553337097,2.43254798988346e-05
3540,0.027837155386805534,0.004589516669511795,0.023126021027565002,2.4323400793946348e-05
3541,0.027837103232741356,0.004589499905705452,0.023125994950532913,2.4321569071616977e-05
3542,0.027837097644805908,0.004589505027979612,0.023125994950532913,2.431938992231153e-05
3543,0.027837034314870834,0.004589493852108717,0.02312595397233963,2.4317028874065727e-05
3544,0.02783697098493576,0.004589508753269911,0.02312588505446911,2.4315308110089973e-05
3545,0.027836930006742477,0.004589499905705452,0.023125864565372467,2.4313190806424245e-05
3546,0.02783684805035591,0.004589480347931385,0.023125814273953438,2.431067514407914e-05
3547,0.027836769819259644,0.004589476156979799,0.023125749081373215,2.4308881620527245e-05
3548,0.027836747467517853,0.004589492455124855,0.023125719279050827,2.4307008061441593e-05
3549,0.027836710214614868,0.004589467775076628,0.023125719279050827,2.4304557882715017e-05
3550,0.02783665992319584,0.00458948640152812,0.02312565967440605,2.4302602469106205e-05
3551,0.027836617082357407,0.004589475691318512,0.02312563732266426,2.4300736185978167e-05
3552,0.027836503461003304,0.0045894659124314785,0.0231255441904068,2.4298462449223734e-05
3553,0.027836501598358154,0.004589465446770191,0.023125555366277695,2.4296477931784466e-05
3554,0.027836428955197334,0.004589475225657225,0.023125480860471725,2.4294529794133268e-05
3555,0.02783639170229435,0.004589458461850882,0.02312547154724598,2.429225787636824e-05
3556,0.02783631533384323,0.004589461721479893,0.023125402629375458,2.4290420697070658e-05
3557,0.027836261317133904,0.004589460790157318,0.023125357925891876,2.428836887702346e-05
3558,0.02783622406423092,0.004589444492012262,0.02312534861266613,2.428620427963324e-05
3559,0.027836177498102188,0.004589438438415527,0.023125318810343742,2.4284165192511864e-05
3560,0.02783609926700592,0.00458943797275424,0.02312524989247322,2.4282344384118915e-05
3561,0.027836067602038383,0.004589435178786516,0.02312523126602173,2.428015613986645e-05
3562,0.027836007997393608,0.004589432384818792,0.023125184699892998,2.427798608550802e-05
3563,0.02783598005771637,0.004589426796883345,0.023125171661376953,2.4276161639136262e-05
3564,0.027835916727781296,0.004589418414980173,0.02312512882053852,2.4274122552014887e-05
3565,0.02783585898578167,0.004589417949318886,0.02312508225440979,2.427192885079421e-05
3566,0.027835803106427193,0.004589434247463942,0.023125018924474716,2.4269969799206592e-05
3567,0.027835721150040627,0.004589424934238195,0.023124955594539642,2.4268087145173922e-05
3568,0.027835698798298836,0.0045894174836575985,0.023124950006604195,2.4266053515020758e-05
3569,0.02783564105629921,0.004589421208947897,0.023124899715185165,2.4263963496196084e-05
3570,0.02783561870455742,0.004589409567415714,0.023124899715185165,2.426224273222033e-05
3571,0.02783554419875145,0.004589409101754427,0.023124834522604942,2.4260174541268498e-05
3572,0.027835464105010033,0.004589396063238382,0.023124778643250465,2.4257929908344522e-05
3573,0.02783544361591339,0.004589410033077002,0.023124752566218376,2.4256103642983362e-05
3574,0.027835391461849213,0.004589399788528681,0.02312472090125084,2.42542755586328e-05
3575,0.027835329994559288,0.004589401185512543,0.02312466874718666,2.425208549539093e-05
3576,0.027835289016366005,0.004589404910802841,0.023124635219573975,2.4249911803053692e-05
3577,0.02783520519733429,0.00458938255906105,0.023124581202864647,2.424813101242762e-05
3578,0.027835151180624962,0.004589402116835117,0.023124519735574722,2.424615013296716e-05
3579,0.02783511020243168,0.004589389078319073,0.02312450110912323,2.424377089482732e-05
3580,0.02783503569662571,0.004589379299432039,0.023124447092413902,2.424183185212314e-05
3581,0.027835015207529068,0.004589367657899857,0.023124447092413902,2.4240100174210966e-05
3582,0.02783495932817459,0.0045893690548837185,0.02312440052628517,2.423779915261548e-05
3583,0.027834882959723473,0.004589367657899857,0.023124337196350098,2.4235780074377544e-05
3584,0.027834856882691383,0.004589370917528868,0.023124316707253456,2.4233841031673364e-05
3585,0.027834761887788773,0.004589357879012823,0.023124244064092636,2.4231967472587712e-05
3586,0.027834732085466385,0.004589357879012823,0.023124225437641144,2.4229702830780298e-05
3587,0.027834707871079445,0.004589363932609558,0.023124204948544502,2.422784200462047e-05
3588,0.027834616601467133,0.004589357879012823,0.023124128580093384,2.4226037567132153e-05
3589,0.02783454954624176,0.004589342977851629,0.02312408573925495,2.4223962100222707e-05
3590,0.02783455140888691,0.004589350428432226,0.0231240913271904,2.4221877538366243e-05
3591,0.027834467589855194,0.004589348565787077,0.02312401682138443,2.422028592263814e-05
3592,0.02783445455133915,0.0045893448404967785,0.02312401868402958,2.4218083126470447e-05
3593,0.027834363281726837,0.00458932900801301,0.023123953491449356,2.421606404823251e-05
3594,0.027834322303533554,0.004589340649545193,0.023123908787965775,2.4214405129896477e-05
3595,0.027834240347146988,0.0045893252827227116,0.023123854771256447,2.4212264179368503e-05
3596,0.027834180742502213,0.0045893252827227116,0.023123804479837418,2.4210139599745162e-05
3597,0.027834143489599228,0.004589324351400137,0.02312377654016018,2.4208526156144217e-05
3598,0.027834100648760796,0.004589321557432413,0.02312374673783779,2.4206523448810913e-05
3599,0.027834072709083557,0.004589326214045286,0.023123724386096,2.4204304281738587e-05
3600,0.027833949774503708,0.004589330404996872,0.02312360517680645,2.4202734493883327e-05
3601,0.027833914384245872,0.004589315038174391,0.023123595863580704,2.420066448394209e-05
3602,0.02783389389514923,0.004589310381561518,0.023123592138290405,2.4198521714424714e-05
3603,0.027833810076117516,0.004589310847222805,0.023123513907194138,2.4196740923798643e-05
3604,0.027833744883537292,0.004589312244206667,0.02312345802783966,2.4195001969928853e-05
3605,0.027833733707666397,0.004589308984577656,0.02312346175312996,2.419279917376116e-05
3606,0.027833661064505577,0.0045892926864326,0.02312341332435608,2.419096381345298e-05
3607,0.027833595871925354,0.004589295480400324,0.023123353719711304,2.4189313990063965e-05
3608,0.027833541855216026,0.004589295946061611,0.02312331087887287,2.418724943709094e-05
3609,0.027833547443151474,0.004589290823787451,0.023123329505324364,2.4185219444916584e-05
3610,0.02783343195915222,0.0045892829075455666,0.023123228922486305,2.418365329504013e-05
3611,0.027833394706249237,0.00458927359431982,0.02312321402132511,2.4181676053558476e-05
3612,0.02783333882689476,0.0045892647467553616,0.023123174905776978,2.417957512079738e-05
3613,0.027833322063088417,0.004589273128658533,0.023123160004615784,2.4177950763260014e-05
3614,0.027833275496959686,0.004589275922626257,0.0231231190264225,2.4176113583962433e-05
3615,0.027833212167024612,0.004589269869029522,0.02312307059764862,2.4174050849978812e-05
3616,0.027833152562379837,0.004589262884110212,0.02312302775681019,2.417222276562825e-05
3617,0.027833085507154465,0.004589267540723085,0.023122966289520264,2.417059658910148e-05
3618,0.027833042666316032,0.004589253105223179,0.02312294766306877,2.4168399249901995e-05
3619,0.02783302403986454,0.0045892647467553616,0.02312292717397213,2.4166507500922307e-05
3620,0.02783292345702648,0.004589265678077936,0.02312283404171467,2.416474490019027e-05
3621,0.02783287689089775,0.004589251708239317,0.02312280982732773,2.416287134110462e-05
3622,0.027832835912704468,0.0045892358757555485,0.023122796788811684,2.416078859823756e-05
3623,0.02783277817070484,0.004589238204061985,0.023122746497392654,2.4159047825378366e-05
3624,0.02783270739018917,0.004589248448610306,0.023122671991586685,2.4157272491720505e-05
3625,0.027832644060254097,0.004589226562529802,0.023122642189264297,2.4155257051461376e-05
3626,0.027832593768835068,0.004589238204061985,0.02312259003520012,2.415330527583137e-05
3627,0.02783261612057686,0.0045892405323684216,0.023122617974877357,2.4151588149834424e-05
3628,0.027832504361867905,0.004589230753481388,0.023122524842619896,2.4149665478034876e-05
3629,0.02783244289457798,0.004589232616126537,0.023122470825910568,2.4147720978362486e-05
3630,0.02783239632844925,0.004589226562529802,0.02312244102358818,2.414589653199073e-05
3631,0.027832332998514175,0.004589218646287918,0.0231223925948143,2.4144179405993782e-05
3632,0.027832262217998505,0.004589221440255642,0.023122331127524376,2.4142158508766443e-05
3633,0.0278322696685791,0.0045892223715782166,0.02312234602868557,2.414039772702381e-05
3634,0.02783219702541828,0.004589214455336332,0.023122290149331093,2.4138493245118298e-05
3635,0.027832135558128357,0.004589207470417023,0.023122243583202362,2.413675611023791e-05
3636,0.027832096442580223,0.004589201882481575,0.023122219368815422,2.4134931663866155e-05
3637,0.02783205732703209,0.004589217249304056,0.02312217466533184,2.413313450233545e-05
3638,0.027831988409161568,0.004589203279465437,0.02312212809920311,2.4131259124260396e-05
3639,0.02783190831542015,0.004589196760207415,0.023122064769268036,2.4129392841132358e-05
3640,0.02783186547458172,0.004589193966239691,0.0231220331043005,2.4127548385877162e-05
3641,0.02783181145787239,0.0045891921035945415,0.023121990263462067,2.4125907657435164e-05
3642,0.02783176302909851,0.0045891921035945415,0.023121951147913933,2.4123928596964106e-05
3643,0.02783173881471157,0.004589186515659094,0.023121941834688187,2.4122071408783086e-05
3644,0.0278316680341959,0.0045891921035945415,0.023121872916817665,2.412042704236228e-05
3645,0.02783164381980896,0.004589185584336519,0.023121865466237068,2.4118588044075295e-05
3646,0.027831541374325752,0.004589184653013945,0.023121774196624756,2.4116527129081078e-05
3647,0.027831481769680977,0.004589180462062359,0.023121725767850876,2.411485547781922e-05
3648,0.027831440791487694,0.0045891716144979,0.023121703416109085,2.4113242034218274e-05
3649,0.0278314258903265,0.004589162766933441,0.023121707141399384,2.411124478385318e-05
3650,0.027831360697746277,0.004589163698256016,0.023121649399399757,2.4109414880513214e-05
3651,0.02783128432929516,0.004589170217514038,0.023121574893593788,2.4107825083774514e-05
3652,0.027831200510263443,0.004589152988046408,0.023121517151594162,2.4105947886710055e-05
3653,0.02783118188381195,0.004589157644659281,0.023121504113078117,2.410393972240854e-05
3654,0.02783115766942501,0.004589156713336706,0.023121487349271774,2.410251363471616e-05
3655,0.02783109061419964,0.0045891511254012585,0.023121435195207596,2.410059460089542e-05
3656,0.02783103659749031,0.004589152056723833,0.023121392354369164,2.409864464425482e-05
3657,0.027830973267555237,0.004589144140481949,0.023121343925595284,2.4097196728689596e-05
3658,0.027830876410007477,0.004589149262756109,0.023121250793337822,2.4095297703752294e-05
3659,0.02783084847033024,0.0045891450718045235,0.023121237754821777,2.409332046227064e-05
3660,0.027830779552459717,0.004589132498949766,0.023121187463402748,2.4091941668302752e-05
3661,0.02783076837658882,0.0045891269110143185,0.023121191188693047,2.408998625469394e-05
3662,0.02783063054084778,0.004589121788740158,0.023121070116758347,2.4087907149805687e-05
3663,0.02783064730465412,0.004589125979691744,0.02312108874320984,2.4086639314191416e-05
3664,0.0278305746614933,0.004589120391756296,0.023121031001210213,2.4084736651275307e-05
3665,0.02783055789768696,0.004589123651385307,0.023121021687984467,2.408269574516453e-05
3666,0.027830492705106735,0.0045891194604337215,0.02312096767127514,2.4081155061139725e-05
3667,0.027830470353364944,0.004589122720062733,0.023120950907468796,2.4079525246634148e-05
3668,0.027830369770526886,0.004589115735143423,0.02312086708843708,2.4077411580947228e-05
3669,0.027830317616462708,0.004589105490595102,0.023120833560824394,2.407582724117674e-05
3670,0.02783025987446308,0.004589105490595102,0.023120783269405365,2.4074353859759867e-05
3671,0.027830248698592186,0.004589114338159561,0.02312077209353447,2.407229840173386e-05
3672,0.027830205857753754,0.004589102230966091,0.02312074974179268,2.4070612198556773e-05
3673,0.027830136939883232,0.004589100833982229,0.023120690137147903,2.4069177015917376e-05
3674,0.027830049395561218,0.0045891026966273785,0.023120610043406487,2.4067134290817194e-05
3675,0.027830012142658234,0.004589099902659655,0.023120585829019547,2.4065524485195056e-05
3676,0.02782997116446495,0.004589084070175886,0.023120567202568054,2.406396743026562e-05
3677,0.027829919010400772,0.004589089658111334,0.023120518773794174,2.4061926524154842e-05
3678,0.027829818427562714,0.004589075222611427,0.023120440542697906,2.4060404030024074e-05
3679,0.027829818427562714,0.004589087795466185,0.023120436817407608,2.405868872301653e-05
3680,0.02782978117465973,0.004589091520756483,0.02312040515244007,2.405681152595207e-05
3681,0.027829695492982864,0.004589085467159748,0.02312033623456955,2.4055105313891545e-05
3682,0.027829639613628387,0.0045890724286437035,0.023120298981666565,2.405343002465088e-05
3683,0.02782960794866085,0.004589072894304991,0.023120276629924774,2.4051705622696318e-05
3684,0.02782956138253212,0.00458908174186945,0.023120231926441193,2.404991573712323e-05
3685,0.027829475700855255,0.004589065909385681,0.02312016859650612,2.404821862000972e-05
3686,0.027829451486468315,0.004589063581079245,0.023120153695344925,2.404658698651474e-05
3687,0.027829410508275032,0.004589056130498648,0.023120129480957985,2.4044813471846282e-05
3688,0.027829350903630257,0.004589057993143797,0.023120077326893806,2.4043174562393688e-05
3689,0.02782926894724369,0.004589069169014692,0.023119991645216942,2.4041484721237794e-05
3690,0.027829250320792198,0.004589060787111521,0.023119989782571793,2.4039929485297762e-05
3691,0.02782915160059929,0.00458903843536973,0.02311992272734642,2.4038077754084952e-05
3692,0.0278291255235672,0.004589058458805084,0.023119885474443436,2.4036355171119794e-05
3693,0.027829086408019066,0.00458904542028904,0.023119866847991943,2.403473627055064e-05
3694,0.02782900258898735,0.004589043091982603,0.023119794204831123,2.4032829969655722e-05
3695,0.027828970924019814,0.004589043091982603,0.023119771853089333,2.403105463599786e-05
3696,0.027828877791762352,0.004589035641402006,0.023119693621993065,2.4029664928093553e-05
3697,0.027828840538859367,0.004589024465531111,0.023119676858186722,2.4027733161346987e-05
3698,0.02782881073653698,0.004589037504047155,0.023119643330574036,2.4025861421250738e-05
3699,0.027828777208924294,0.004589032381772995,0.023119620978832245,2.4024766389629804e-05
3700,0.027828726917505264,0.004589023534208536,0.023119589313864708,2.4022852812777273e-05
3701,0.027828657999634743,0.004589023534208536,0.023119529709219933,2.402088102826383e-05
3702,0.027828598394989967,0.004589021671563387,0.023119477555155754,2.4019806005526334e-05
3703,0.027828555554151535,0.004589010030031204,0.023119455203413963,2.4017928808461875e-05
3704,0.027828484773635864,0.004589024465531111,0.023119378834962845,2.4016026145545766e-05
3705,0.027828453108668327,0.004589015152305365,0.02311936393380165,2.4014783775783144e-05
3706,0.027828384190797806,0.004589007701724768,0.023119309917092323,2.4013072106754407e-05
3707,0.027828335762023926,0.004589013755321503,0.023119265213608742,2.4011187633732334e-05
3708,0.02782830223441124,0.004589002579450607,0.023119252175092697,2.4009654225665145e-05
3709,0.027828218415379524,0.004588996060192585,0.023119179531931877,2.4008233594940975e-05
3710,0.02782815508544445,0.004589000716805458,0.0231191236525774,2.4006323656067252e-05
3711,0.02782811038196087,0.004588994197547436,0.023119091987609863,2.400458288320806e-05
3712,0.027828050777316093,0.004588994197547436,0.023119041696190834,2.4003205908229575e-05
3713,0.027827998623251915,0.004588993266224861,0.0231189988553524,2.4001436031539924e-05
3714,0.027827957645058632,0.004588990937918425,0.023118967190384865,2.399968434474431e-05
3715,0.0278279148042202,0.004588980693370104,0.023118942975997925,2.3998138203751296e-05
3716,0.027827834710478783,0.00458899512887001,0.02311885729432106,2.3996472009457648e-05
3717,0.027827834710478783,0.004588983952999115,0.023118875920772552,2.399483673798386e-05
3718,0.02782774157822132,0.004588978830724955,0.023118797689676285,2.3993192371563055e-05
3719,0.027827726677060127,0.004588994197547436,0.023118773475289345,2.3991839043446817e-05
3720,0.0278276689350605,0.004588979296386242,0.02311873808503151,2.3989961846382357e-05
3721,0.027827588841319084,0.004588979762047529,0.02311866730451584,2.398838296358008e-05
3722,0.027827546000480652,0.004588973708450794,0.02311863750219345,2.3987160602700897e-05
3723,0.027827493846416473,0.004588956478983164,0.02311861142516136,2.3985368898138404e-05
3724,0.0278274305164814,0.004588961135596037,0.023118549957871437,2.398368451395072e-05
3725,0.02782735787332058,0.004588959272950888,0.023118486627936363,2.3982409402378835e-05
3726,0.027827315032482147,0.004588954616338015,0.023118456825613976,2.3980723199201748e-05
3727,0.027827300131320953,0.004588953219354153,0.023118453100323677,2.3978942408575676e-05
3728,0.027827223762869835,0.004588959272950888,0.02311837673187256,2.3977525415830314e-05
3729,0.027827203273773193,0.004588949028402567,0.02311837486922741,2.397588650637772e-05
3730,0.02782711759209633,0.0045889453031122684,0.02311830222606659,2.3974114810698666e-05
3731,0.027827061712741852,0.004588942509144545,0.02311825565993786,2.3972786948434077e-05
3732,0.027827005833387375,0.004588940646499395,0.023118209093809128,2.3971071641426533e-05
3733,0.0278269462287426,0.004588935524225235,0.023118164390325546,2.396937270532362e-05
3734,0.027826879173517227,0.004588938783854246,0.023118099197745323,2.396809395577293e-05
3735,0.027826856821775436,0.0045889317989349365,0.023118093609809875,2.396613490418531e-05
3736,0.027826815843582153,0.004588942043483257,0.023118048906326294,2.396475429122802e-05
3737,0.02782674878835678,0.004588925279676914,0.02311800792813301,2.3963460989762098e-05
3738,0.0278267003595829,0.004588927607983351,0.02311796508729458,2.396138916083146e-05
3739,0.02782665751874447,0.004588921554386616,0.02311793714761734,2.3959964892128482e-05
3740,0.02782660908997059,0.004588922020047903,0.02311789244413376,2.3958858946571127e-05
3741,0.027826525270938873,0.004588923882693052,0.02311781793832779,2.3956761651788838e-05
3742,0.02782650850713253,0.0045889136381447315,0.02311781980097294,2.3955148208187893e-05
3743,0.027826404199004173,0.0045889136381447315,0.02311772108078003,2.395412047917489e-05
3744,0.027826394885778427,0.004588923417031765,0.023117709904909134,2.395215051365085e-05
3745,0.0278263371437788,0.004588912706822157,0.02311767265200615,2.395043702563271e-05
3746,0.02782629057765007,0.004588907118886709,0.023117635399103165,2.3949423848534934e-05
3747,0.027826227247714996,0.004588918294757605,0.02311757020652294,2.3947499357745983e-05
3748,0.027826154604554176,0.004588900599628687,0.02311752550303936,2.3945745851960965e-05
3749,0.027826115489006042,0.004588894546031952,0.02311749756336212,2.3944730855873786e-05
3750,0.027826087549328804,0.004588901996612549,0.023117471486330032,2.394296279817354e-05
3751,0.02782602235674858,0.004588900599628687,0.023117415606975555,2.3941202016430907e-05
3752,0.027825957164168358,0.004588894080370665,0.023117363452911377,2.3939968741615303e-05
3753,0.02782590687274933,0.0045888968743383884,0.023117318749427795,2.3938486265251413e-05
3754,0.027825869619846344,0.0045888968743383884,0.023117290809750557,2.3936623620102182e-05
3755,0.02782580815255642,0.004588880110532045,0.023117251694202423,2.3935464923852123e-05
3756,0.027825752273201942,0.004588884301483631,0.023117197677493095,2.3933947886689566e-05
3757,0.027825726196169853,0.004588887095451355,0.023117179051041603,2.3932096155476756e-05
3758,0.027825647965073586,0.004588866140693426,0.023117126896977425,2.3930937459226698e-05
3759,0.027825606986880302,0.00458887591958046,0.023117084056138992,2.3929304006742314e-05
3760,0.027825595811009407,0.004588868468999863,0.02311708778142929,2.3927826987346634e-05
3761,0.027825523167848587,0.004588874522596598,0.02311701700091362,2.3926251742523164e-05
3762,0.02782546915113926,0.004588871728628874,0.02311697229743004,2.392502938164398e-05
3763,0.027825413271784782,0.004588880576193333,0.02311691641807556,2.392347960267216e-05
3764,0.027825327590107918,0.004588858224451542,0.023116858676075935,2.392177157162223e-05
3765,0.02782526984810829,0.004588858690112829,0.023116808384656906,2.3920641979202628e-05
3766,0.027825267985463142,0.004588873591274023,0.02311679907143116,2.3919010345707648e-05
3767,0.02782520093023777,0.004588855430483818,0.023116758093237877,2.3917429643915966e-05
3768,0.02782512828707695,0.0045888605527579784,0.023116687312722206,2.3916065401863307e-05
3769,0.02782510593533516,0.004588862881064415,0.023116670548915863,2.3914537450764328e-05
3770,0.027825001627206802,0.00458884472027421,0.023116592317819595,2.3912934921099804e-05
3771,0.027824973687529564,0.004588847514241934,0.023116568103432655,2.3911623429739848e-05
3772,0.027824919670820236,0.00458884984254837,0.023116519674658775,2.3909975425340235e-05
3773,0.027824850752949715,0.0045888409949839115,0.023116467520594597,2.3908478397061117e-05
3774,0.027824806049466133,0.0045888409949839115,0.023116430267691612,2.3907128706923686e-05
3775,0.027824766933918,0.004588841926306486,0.023116396740078926,2.3905538910184987e-05
3776,0.027824701741337776,0.004588835872709751,0.023116346448659897,2.3904074623715132e-05
3777,0.027824655175209045,0.004588832147419453,0.023116309195756912,2.3902808607090265e-05
3778,0.027824606746435165,0.004588814452290535,0.02311628684401512,2.390112422290258e-05
3779,0.02782454714179039,0.0045888228341937065,0.023116223514080048,2.3899967345641926e-05
3780,0.027824491262435913,0.004588827025145292,0.02311617136001587,2.3898526706034318e-05
3781,0.02782442979514599,0.004588825162500143,0.02311611920595169,2.3896858692751266e-05
3782,0.02782437950372696,0.0045888167805969715,0.023116083815693855,2.3895740014268085e-05
3783,0.027824319899082184,0.004588810261338949,0.023116037249565125,2.389422843407374e-05
3784,0.027824318036437035,0.00458882050588727,0.023116035386919975,2.389264409430325e-05
3785,0.027824290096759796,0.004588821902871132,0.023116011172533035,2.3891492674010806e-05
3786,0.027824196964502335,0.00458882050588727,0.02311592735350132,2.388979191891849e-05
3787,0.02782413549721241,0.004588808864355087,0.023115884512662888,2.388848406553734e-05
3788,0.027824094519019127,0.004588811658322811,0.023115847259759903,2.3887099814601243e-05
3789,0.027824023738503456,0.004588805139064789,0.023115791380405426,2.388556458754465e-05
3790,0.027823995798826218,0.004588807001709938,0.023115767166018486,2.3884202164481394e-05
3791,0.02782391756772995,0.004588797222822905,0.02311570569872856,2.388278880971484e-05
3792,0.027823863551020622,0.0045888107270002365,0.023115646094083786,2.3881200831965543e-05
3793,0.027823835611343384,0.004588802810758352,0.02311563305556774,2.387993663433008e-05
3794,0.02782380022108555,0.004588794428855181,0.02311561442911625,2.387852691754233e-05
3795,0.027823729440569878,0.004588786046952009,0.023115558549761772,2.3876920749899e-05
3796,0.027823669835925102,0.0045887865126132965,0.023115504533052444,2.387570020800922e-05
3797,0.027823595330119133,0.004588782787322998,0.02311544120311737,2.3874092221376486e-05
3798,0.0278235524892807,0.004588790237903595,0.02311539836227894,2.387287895544432e-05
3799,0.02782350406050682,0.004588773939758539,0.023115374147892,2.3871296434663236e-05
3800,0.027823442593216896,0.004588767420500517,0.02311532571911812,2.3869963115430437e-05
3801,0.027823420241475105,0.004588776268064976,0.023115303367376328,2.386843516433146e-05
3802,0.027823323383927345,0.004588773008435965,0.023115213960409164,2.3867347408668138e-05
3803,0.027823317795991898,0.004588778596371412,0.023115210235118866,2.3865615730755962e-05
3804,0.02782326564192772,0.0045887744054198265,0.023115169256925583,2.386426604061853e-05
3805,0.027823232114315033,0.004588771611452103,0.023115145042538643,2.386313099123072e-05
3806,0.027823150157928467,0.004588774871081114,0.023115066811442375,2.386145388300065e-05
3807,0.027823053300380707,0.004588760435581207,0.023114992305636406,2.386018786637578e-05
3808,0.027823058888316154,0.0045887622982263565,0.023115001618862152,2.3859111024648882e-05
3809,0.027822978794574738,0.0045887562446296215,0.02311493642628193,2.3857270207372494e-05
3810,0.02782294526696205,0.004588757175952196,0.02311490848660469,2.385596599197015e-05
3811,0.02782289683818817,0.004588757175952196,0.02311486378312111,2.385511288593989e-05
3812,0.027822835370898247,0.00458875996991992,0.02311480976641178,2.3853075617807917e-05
3813,0.02782275527715683,0.004588757641613483,0.02311473712325096,2.3852155209169723e-05
3814,0.02782273478806019,0.004588745068758726,0.023114733397960663,2.3851052901591174e-05
3815,0.027822697535157204,0.004588746000081301,0.023114707320928574,2.3848888304200955e-05
3816,0.027822595089673996,0.004588741809129715,0.023114612326025963,2.3848340788390487e-05
3817,0.027822555974125862,0.00458873575553298,0.023114586248993874,2.3846780095482245e-05
3818,0.027822526171803474,0.0045887380838394165,0.023114562034606934,2.384513572906144e-05
3819,0.02782249264419079,0.0045887441374361515,0.023114528506994247,2.3844220777391456e-05
3820,0.027822379022836685,0.004588733427226543,0.023114431649446487,2.3842634618631564e-05
3821,0.027822382748126984,0.004588733892887831,0.023114442825317383,2.3841274014557712e-05
3822,0.027822302654385567,0.004588730167597532,0.023114370182156563,2.3840233552618884e-05
3823,0.027822252362966537,0.004588726907968521,0.023114332929253578,2.383861101407092e-05
3824,0.027822179719805717,0.004588729236274958,0.023114264011383057,2.383734317845665e-05
3825,0.027822155505418777,0.004588722717016935,0.023114250972867012,2.383624632784631e-05
3826,0.027822110801935196,0.004588720854371786,0.023114217445254326,2.3834410967538133e-05
3827,0.02782207354903221,0.004588720854371786,0.02311418391764164,2.3833514205762185e-05
3828,0.027822012081742287,0.004588724579662085,0.023114126175642014,2.383225000812672e-05
3829,0.02782195806503296,0.004588710609823465,0.023114096373319626,2.3830343707231805e-05
3830,0.027821887284517288,0.00458871154114604,0.023114027455449104,2.382962884439621e-05
3831,0.027821844443678856,0.004588715266436338,0.02311398833990097,2.3828144549042918e-05
3832,0.02782176248729229,0.004588705953210592,0.023113925009965897,2.3826343749533407e-05
3833,0.027821766212582588,0.004588705021888018,0.023113934323191643,2.3825623429729603e-05
3834,0.02782166562974453,0.004588709212839603,0.023113835602998734,2.3824191885069013e-05
3835,0.02782161720097065,0.004588703159242868,0.023113802075386047,2.3822562070563436e-05
3836,0.027821606025099754,0.004588695243000984,0.023113802075386047,2.3821759896236472e-05
3837,0.027821563184261322,0.004588716197758913,0.02311374619603157,2.3820171918487176e-05
3838,0.02782144956290722,0.004588684532791376,0.0231136716902256,2.381868580414448e-05
3839,0.02782139554619789,0.004588691052049398,0.023113613948225975,2.3817943656467833e-05
3840,0.027821356430649757,0.004588698968291283,0.02311357669532299,2.3816319298930466e-05
3841,0.02782132290303707,0.004588684067130089,0.023113565519452095,2.381467493250966e-05
3842,0.027821289375424385,0.004588698502629995,0.023113518953323364,2.3814134692656808e-05
3843,0.02782125025987625,0.0045886957086622715,0.023113492876291275,2.381236663495656e-05
3844,0.027821196243166924,0.004588685464113951,0.02311345562338829,2.381088415859267e-05
3845,0.0278211310505867,0.004588692914694548,0.02311338670551777,2.3810312995919958e-05
3846,0.027821071445941925,0.004588677082210779,0.023113351315259933,2.3808543119230308e-05
3847,0.02782098762691021,0.00458867521956563,0.023113276809453964,2.3807095203665085e-05
3848,0.027820933610200882,0.004588673356920481,0.023113228380680084,2.38065385929076e-05
3849,0.0278208889067173,0.004588676616549492,0.02311318926513195,2.3804759621270932e-05
3850,0.027820831164717674,0.00458866823464632,0.02311314456164837,2.3803469957783818e-05
3851,0.02782081626355648,0.004588669631630182,0.023113133385777473,2.3802873329259455e-05
3852,0.02782071754336357,0.004588671959936619,0.02311304211616516,2.3801030692993663e-05
3853,0.027820656076073647,0.004588670562952757,0.023112986236810684,2.3799722839612514e-05
3854,0.027820641174912453,0.00458866823464632,0.023112978786230087,2.379912075411994e-05
3855,0.027820611372590065,0.004588662181049585,0.023112963885068893,2.3797278117854148e-05
3856,0.02782054990530014,0.004588657524436712,0.023112911731004715,2.3795948436600156e-05
3857,0.02782047726213932,0.004588654730468988,0.023112846538424492,2.379538091190625e-05
3858,0.027820434421300888,0.00458865612745285,0.023112811148166656,2.3793500076862983e-05
3859,0.02782040648162365,0.004588644485920668,0.02311279997229576,2.379227225901559e-05
3860,0.027820343151688576,0.004588664509356022,0.023112721741199493,2.37915082834661e-05
3861,0.027820296585559845,0.004588639363646507,0.02311270870268345,2.3789760234649293e-05
3862,0.02782023884356022,0.0045886472798883915,0.023112649098038673,2.3788739781593904e-05
3863,0.027820181101560593,0.00458865612745285,0.0231125857681036,2.37878648476908e-05
3864,0.027820132672786713,0.004588644485920668,0.02311255782842636,2.3786120436852798e-05
3865,0.027820060029625893,0.004588637035340071,0.023112496361136436,2.3785358280292712e-05
3866,0.02781997062265873,0.004588645417243242,0.023112405091524124,2.378415592829697e-05
3867,0.027819979935884476,0.004588636104017496,0.023112433031201363,2.3782415155437775e-05
3868,0.027819940820336342,0.00458863889798522,0.02311239205300808,2.378186945861671e-05
3869,0.02781985141336918,0.004588630981743336,0.02311231754720211,2.3780423362040892e-05
3870,0.02781982161104679,0.0045886291190981865,0.02311229705810547,2.377907730988227e-05
3871,0.027819756418466568,0.00458863889798522,0.02311222441494465,2.3778342438163236e-05
3872,0.027819715440273285,0.004588620271533728,0.023112211376428604,2.3776530724717304e-05
3873,0.02781963348388672,0.00458863191306591,0.02311212383210659,2.3775519366608933e-05
3874,0.02781960926949978,0.0045886351726949215,0.02311209961771965,2.3774644432705827e-05
3875,0.027819545939564705,0.004588627256453037,0.02311205491423607,2.3772941858624108e-05
3876,0.027819499373435974,0.004588622134178877,0.023112017661333084,2.3771883206791244e-05
3877,0.027819471433758736,0.004588619340211153,0.023111997172236443,2.377090640948154e-05
3878,0.027819421142339706,0.004588627256453037,0.023111945018172264,2.3769431209075265e-05
3879,0.027819396927952766,0.004588619340211153,0.023111935704946518,2.376836164330598e-05
3880,0.02781929448246956,0.004588606767356396,0.023111850023269653,2.3767301172483712e-05
3881,0.027819234877824783,0.004588610026985407,0.023111796006560326,2.376603879383765e-05
3882,0.027819214388728142,0.004588613286614418,0.023111777380108833,2.3764749130350538e-05
3883,0.027819158509373665,0.004588616080582142,0.023111723363399506,2.376384691160638e-05
3884,0.027819093316793442,0.004588601645082235,0.023111678659915924,2.376250267843716e-05
3885,0.027819029986858368,0.004588594194501638,0.023111628368496895,2.3761233023833483e-05
3886,0.02781899832189083,0.004588610026985407,0.023111585527658463,2.3760561816743575e-05
3887,0.027818938717246056,0.004588611423969269,0.023111533373594284,2.375884105276782e-05
3888,0.027818910777568817,0.004588607233017683,0.023111512884497643,2.3757906092214398e-05
3889,0.027818862348794937,0.004588600713759661,0.023111477494239807,2.3756936570862308e-05
3890,0.02781878598034382,0.004588595125824213,0.023111414164304733,2.3755477741360664e-05
3891,0.02781870774924755,0.004588583018630743,0.02311135269701481,2.3754488211125135e-05
3892,0.027818690985441208,0.004588602110743523,0.02311132103204727,2.3753493223921396e-05
3893,0.027818618342280388,0.004588601179420948,0.023111257702112198,2.375206895521842e-05
3894,0.027818571776151657,0.0045885914005339146,0.02311122417449951,2.3751159460516647e-05
3895,0.027818527072668076,0.004588591866195202,0.023111185058951378,2.3750097170704976e-05
3896,0.0278184674680233,0.004588582552969456,0.023111140355467796,2.3748787498334423e-05
3897,0.02781844139099121,0.004588594194501638,0.02311110682785511,2.374781070102472e-05
3898,0.027818338945508003,0.004588577430695295,0.023111026734113693,2.3746710212435573e-05
3899,0.02781832404434681,0.004588584881275892,0.0231110118329525,2.374552423134446e-05
3900,0.02781825326383114,0.004588569980114698,0.02311096154153347,2.3744421923765913e-05
3901,0.027818210422992706,0.004588575102388859,0.02311091683804989,2.3743376004858874e-05
3902,0.02781815454363823,0.004588581155985594,0.02311086282134056,2.374217365286313e-05
3903,0.02781807631254196,0.004588562063872814,0.023110806941986084,2.374111682001967e-05
3904,0.02781802974641323,0.004588573705404997,0.023110756650567055,2.373989082116168e-05
3905,0.02781800553202629,0.004588560201227665,0.023110749199986458,2.3738874006085098e-05
3906,0.02781795710325241,0.004588560201227665,0.023110708221793175,2.3737711671856232e-05
3907,0.027817880734801292,0.004588575102388859,0.02311062440276146,2.3736589355394244e-05
3908,0.02781783416867256,0.004588551819324493,0.023110605776309967,2.373541246925015e-05
3909,0.02781778946518898,0.00458855414763093,0.023110562935471535,2.3734428395982832e-05
3910,0.027817731723189354,0.0045885625295341015,0.02311050333082676,2.3733076886855997e-05
3911,0.02781769633293152,0.004588563460856676,0.02311047352850437,2.3732043700874783e-05
3912,0.027817649766802788,0.004588567651808262,0.02311042696237564,2.373114512010943e-05
3913,0.02781757153570652,0.004588556010276079,0.023110367357730865,2.3729711756459437e-05
3914,0.02781751938164234,0.004588531795889139,0.023110343143343925,2.3728935047984123e-05
3915,0.027817482128739357,0.004588559735566378,0.02311028353869915,2.3727843654341996e-05
3916,0.027817407622933388,0.004588533192873001,0.023110242560505867,2.3726423023617826e-05
3917,0.027817388996481895,0.004588541574776173,0.023110218346118927,2.3725848222966306e-05
3918,0.027817348018288612,0.004588551819324493,0.023110173642635345,2.372443486819975e-05
3919,0.027817266061902046,0.00458853505551815,0.02311011403799057,2.3723488993709907e-05
3920,0.027817219495773315,0.004588539246469736,0.02311006747186184,2.37225103774108e-05
3921,0.02781715802848339,0.004588540643453598,0.023110011592507362,2.3721337129245512e-05
3922,0.027817100286483765,0.004588529467582703,0.02310996875166893,2.3720293029327877e-05
3923,0.02781708352267742,0.0045885383151471615,0.02310994826257229,2.3719430828350596e-05
3924,0.02781701646745205,0.004588539246469736,0.023109886795282364,2.3718108423054218e-05
3925,0.027816953137516975,0.004588534589856863,0.023109832778573036,2.3717013391433284e-05
3926,0.027816934511065483,0.004588519688695669,0.023109832778573036,2.371622213104274e-05
3927,0.027816882357001305,0.004588537383824587,0.02310977131128311,2.3714845156064257e-05
3928,0.02781681902706623,0.004588533192873001,0.023109717294573784,2.3713839254924096e-05
3929,0.027816765010356903,0.00458852993324399,0.023109670728445053,2.371294795011636e-05
3930,0.027816738933324814,0.00458852294832468,0.02310965768992901,2.371165646763984e-05
3931,0.027816656976938248,0.0045885308645665646,0.023109572008252144,2.3710643290542066e-05
3932,0.027816632762551308,0.004588526673614979,0.02310955710709095,2.3709777451585978e-05
3933,0.02781655266880989,0.004588519688695669,0.023109490051865578,2.3708658773102798e-05
3934,0.027816513553261757,0.00458851084113121,0.023109465837478638,2.3707518266746774e-05
3935,0.027816466987133026,0.0045885262079536915,0.02310940809547901,2.3706745196250267e-05
3936,0.027816394343972206,0.004588515963405371,0.023109350353479385,2.370555557718035e-05
3937,0.02781636081635952,0.0045885127037763596,0.023109324276447296,2.3704649720457383e-05
3938,0.02781631425023079,0.004588509444147348,0.02310928702354431,2.3703651095274836e-05
3939,0.02781623788177967,0.004588512238115072,0.023109212517738342,2.370258152950555e-05
3940,0.027816183865070343,0.004588502924889326,0.02310917340219021,2.3701599275227636e-05
3941,0.02781614661216736,0.004588507115840912,0.023109136149287224,2.3700849851593375e-05
3942,0.027816107496619225,0.004588509444147348,0.02310910075902939,2.3699438315816224e-05
3943,0.02781601808965206,0.004588497336953878,0.02310902625322342,2.3698823497397825e-05
3944,0.027816027402877808,0.004588508512824774,0.023109029978513718,2.3697746655670926e-05
3945,0.027815930545330048,0.0045885019935667515,0.023108946159482002,2.369651156186592e-05
3946,0.027815883979201317,0.004588490817695856,0.023108914494514465,2.3695771233178675e-05
3947,0.027815843001008034,0.004588511772453785,0.02310885675251484,2.3694694391451776e-05
3948,0.027815815061330795,0.004588502924889326,0.023108845576643944,2.36933210544521e-05
3949,0.02781570702791214,0.004588487092405558,0.02310875616967678,2.3692835384281352e-05
3950,0.02781568095088005,0.004588494077324867,0.023108728229999542,2.36915766436141e-05
3951,0.027815649285912514,0.004588495474308729,0.023108702152967453,2.369016692682635e-05
3952,0.02781558595597744,0.00458849361166358,0.023108642548322678,2.3689852241659537e-05
3953,0.027815520763397217,0.004588490817695856,0.02310858853161335,2.3688358851359226e-05
3954,0.02781546115875244,0.004588486161082983,0.02310853824019432,2.368735476920847e-05
3955,0.02781541272997856,0.004588473588228226,0.023108504712581635,2.3686901840846986e-05
3956,0.027815362438559532,0.0045884898863732815,0.02310844510793686,2.3685523046879098e-05
3957,0.02781532146036625,0.004588478244841099,0.02310842275619507,2.3684449843131006e-05
3958,0.027815259993076324,0.004588487092405558,0.023108353838324547,2.3684027837589383e-05
3959,0.02781524509191513,0.004588488023728132,0.02310834266245365,2.368279456277378e-05
3960,0.027815155684947968,0.004588467534631491,0.023108279332518578,2.3681639504502527e-05
3961,0.027815159410238266,0.0045884824357926846,0.02310827001929283,2.3681161110289395e-05
3962,0.027815083041787148,0.004588484298437834,0.02310819923877716,2.367980414419435e-05
3963,0.02781498245894909,0.004588461481034756,0.02310812659561634,2.3678920115344226e-05
3964,0.02781493216753006,0.004588487092405558,0.02310805395245552,2.3678168872720562e-05
3965,0.02781492844223976,0.0045884596183896065,0.02310808375477791,2.3677052013226785e-05
3966,0.0278148390352726,0.004588468465954065,0.023107990622520447,2.3676217097090557e-05
3967,0.02781481295824051,0.004588473588228226,0.02310796268284321,2.3675271222600713e-05
3968,0.027814775705337524,0.004588463809341192,0.023107940331101418,2.367415072512813e-05
3969,0.02781471610069275,0.004588471259921789,0.023107877001166344,2.367357592447661e-05
3970,0.027814671397209167,0.004588455427438021,0.023107854649424553,2.3672328097745776e-05
3971,0.02781461924314499,0.004588463809341192,0.023107796907424927,2.3671595045016147e-05
3972,0.027814539149403572,0.004588461946696043,0.023107722401618958,2.3670876544201747e-05
3973,0.027814513072371483,0.0045884582214057446,0.023107705637812614,2.3669701477047056e-05
3974,0.027814483270049095,0.004588461946696043,0.023107675835490227,2.3668890207773075e-05
3975,0.027814403176307678,0.004588468465954065,0.02310759574174881,2.3668068024562672e-05
3976,0.0278143510222435,0.0045884521678090096,0.023107565939426422,2.366684566368349e-05
3977,0.027814295142889023,0.004588463343679905,0.02310750260949135,2.3666072593186982e-05
3978,0.02781428024172783,0.004588458687067032,0.02310749515891075,2.3665121261728927e-05
3979,0.027814216911792755,0.0045884451828897,0.02310745231807232,2.36639280046802e-05
3980,0.02781413123011589,0.004588442388921976,0.023107372224330902,2.3663242245675065e-05
3981,0.027814054861664772,0.004588443320244551,0.023107299581170082,2.366235275985673e-05
3982,0.027814064174890518,0.004588456358760595,0.02310730330646038,2.3660981241846457e-05
3983,0.027813967317342758,0.004588437266647816,0.023107225075364113,2.366073204029817e-05
3984,0.027813930064439774,0.004588447045534849,0.02310718595981598,2.3659462385694496e-05
3985,0.02781388722360134,0.0045884451828897,0.023107148706912994,2.3658476493437774e-05
3986,0.027813874185085297,0.0045884400606155396,0.023107143118977547,2.3658029022044502e-05
3987,0.027813810855150223,0.004588448908179998,0.023107077926397324,2.3656788471271284e-05
3988,0.027813734486699104,0.004588432144373655,0.023107022047042847,2.365600630582776e-05
3989,0.02781364694237709,0.004588433541357517,0.023106934502720833,2.3655480617890134e-05
3990,0.027813620865345,0.00458842609077692,0.023106923326849937,2.3654232791159302e-05
3991,0.027813563123345375,0.004588442854583263,0.023106852546334267,2.3653679818380624e-05
3992,0.027813533321022987,0.004588443320244551,0.023106826469302177,2.3652704840060323e-05
3993,0.02781343087553978,0.004588431213051081,0.023106742650270462,2.3651629817322828e-05
3994,0.02781342901289463,0.004588431213051081,0.023106742650270462,2.3651047740713693e-05
3995,0.0278133787214756,0.004588430281728506,0.02310669794678688,2.3649987269891426e-05
3996,0.02781333401799202,0.0045884340070188046,0.023106655105948448,2.3649017748539336e-05
3997,0.02781328186392784,0.004588426556438208,0.023106612265110016,2.3648546630283818e-05
3998,0.027813198044896126,0.004588406533002853,0.02310655452311039,2.3647351554245688e-05
3999,0.027813127264380455,0.004588422831147909,0.023106472566723824,2.3646402041777037e-05
4000,0.027813106775283813,0.004588426556438208,0.023106450214982033,2.3645969122298993e-05
4001,0.027813075110316277,0.004588423762470484,0.023106427863240242,2.3644788598176092e-05
4002,0.0278130155056715,0.004588422365486622,0.023106373846530914,2.364403917454183e-05
4003,0.027813008055090904,0.004588419105857611,0.023106371983885765,2.364317151659634e-05
4004,0.02781294845044613,0.004588428419083357,0.02310630865395069,2.3642262021894567e-05
4005,0.02781284973025322,0.004588403273373842,0.02310623973608017,2.3641476218472235e-05
4006,0.027812812477350235,0.004588419571518898,0.02310618944466114,2.364069950999692e-05
4007,0.027812780812382698,0.004588413517922163,0.02310616709291935,2.3639762730454095e-05
4008,0.02781268209218979,0.004588415380567312,0.02310607023537159,2.3639116989215836e-05
4009,0.02781270630657673,0.004588424228131771,0.02310609072446823,2.3638167476747185e-05
4010,0.027812577784061432,0.004588404204696417,0.023105986416339874,2.3637290723854676e-05
4011,0.027812551707029343,0.004588423762470484,0.02310594543814659,2.363666681048926e-05
4012,0.02781250700354576,0.004588395357131958,0.023105934262275696,2.363549174333457e-05
4013,0.027812454849481583,0.004588402807712555,0.02310587838292122,2.3634862373000942e-05
4014,0.027812408283352852,0.004588398616760969,0.023105839267373085,2.3634067474631593e-05
4015,0.027812369167804718,0.004588402342051268,0.02310580015182495,2.3633097953279503e-05
4016,0.027812257409095764,0.004588404670357704,0.023105690255761147,2.3632646843907423e-05
4017,0.02781224437057972,0.004588402807712555,0.0231056846678257,2.3631459043826908e-05
4018,0.027812201529741287,0.004588391166180372,0.02310565486550331,2.3630904252058826e-05
4019,0.02781214565038681,0.004588415380567312,0.023105578497052193,2.363010571571067e-05
4020,0.027812080457806587,0.004588395822793245,0.02310553938150406,2.362913073739037e-05
4021,0.027812033891677856,0.004588397219777107,0.023105494678020477,2.36284795391839e-05
4022,0.02781195193529129,0.004588387906551361,0.023105425760149956,2.3627759219380096e-05
4023,0.027811964973807335,0.0045883990824222565,0.023105431348085403,2.3626831534784287e-05
4024,0.027811933308839798,0.004588393960148096,0.023105408996343613,2.3626049369340762e-05
4025,0.02781183458864689,0.0045883916318416595,0.02310531586408615,2.36254018091131e-05
4026,0.027811763808131218,0.004588374402374029,0.02310526743531227,2.3624481400474906e-05
4027,0.02781173773109913,0.004588399548083544,0.02310522086918354,2.3623597371624783e-05
4028,0.0278116837143898,0.00458839675411582,0.02310517244040966,2.3622973458259366e-05
4029,0.027811605483293533,0.004588376265019178,0.023105118423700333,2.3622127628186718e-05
4030,0.027811570093035698,0.004588383715599775,0.0231050793081522,2.362116902077105e-05
4031,0.027811523526906967,0.004588388837873936,0.023105032742023468,2.3620721549377777e-05
4032,0.02781149186193943,0.004588382784277201,0.023105010390281677,2.361976476095151e-05
4033,0.027811426669359207,0.004588391166180372,0.023104939609766006,2.3619044441147707e-05
4034,0.027811408042907715,0.004588373936712742,0.023104941472411156,2.361834231123794e-05
4035,0.027811318635940552,0.004588366486132145,0.023104863241314888,2.361759470659308e-05
4036,0.027811288833618164,0.004588379990309477,0.023104824125766754,2.361680344620254e-05
4037,0.027811232954263687,0.004588373005390167,0.023104779422283173,2.361613769608084e-05
4038,0.027811173349618912,0.004588385112583637,0.02310471050441265,2.3615417376277037e-05
4039,0.027811141684651375,0.004588370677083731,0.023104697465896606,2.361459337407723e-05
4040,0.027811087667942047,0.004588366486132145,0.023104652762413025,2.3613994926563464e-05
4041,0.027811024338006973,0.0045883734710514545,0.023104585707187653,2.3613081793882884e-05
4042,0.027810996398329735,0.004588379058986902,0.023104555904865265,2.3612348741153255e-05
4043,0.027810929343104362,0.004588357638567686,0.023104513064026833,2.361156657570973e-05
4044,0.02781089022755623,0.004588365089148283,0.0231044702231884,2.3610753487446345e-05
4045,0.027810823172330856,0.004588374402374029,0.02310439758002758,2.3610038624610752e-05
4046,0.02781074494123459,0.004588365089148283,0.023104332387447357,2.3609285562997684e-05
4047,0.02781073749065399,0.0045883688144385815,0.02310432679951191,2.360840153414756e-05
4048,0.02781067043542862,0.004588366951793432,0.023104263469576836,2.3607921320945024e-05
4049,0.02781057544052601,0.004588358104228973,0.02310418337583542,2.3606971808476374e-05
4050,0.02781057544052601,0.004588354378938675,0.023104188963770866,2.3606264221598394e-05
4051,0.02781052514910698,0.0045883613638579845,0.02310413494706154,2.3605678507010452e-05
4052,0.027810456231236458,0.004588347394019365,0.02310408465564251,2.3604781745234504e-05
4053,0.02781040593981743,0.0045883627608418465,0.023104023188352585,2.3604243324371055e-05
4054,0.027810344472527504,0.004588352981954813,0.023103974759578705,2.3603623048984446e-05
4055,0.027810320258140564,0.0045883534476161,0.023103952407836914,2.3602811779710464e-05
4056,0.02781025506556034,0.004588345997035503,0.023103898391127586,2.3602155124535784e-05
4057,0.027810193598270416,0.004588353913277388,0.023103831335902214,2.360139842494391e-05
4058,0.027810174971818924,0.004588359966874123,0.023103810846805573,2.3600799977430142e-05
4059,0.02781013585627079,0.004588344134390354,0.02310379035770893,2.359997233725153e-05
4060,0.027810072526335716,0.004588340874761343,0.023103734478354454,2.3599406631547026e-05
4061,0.027810005471110344,0.004588353913277388,0.023103658109903336,2.359868449275382e-05
4062,0.027809971943497658,0.0045883446000516415,0.023103635758161545,2.3598056941409595e-05
4063,0.02780987322330475,0.004588332958519459,0.02310355380177498,2.359748395974748e-05
4064,0.027809832245111465,0.004588361829519272,0.023103486746549606,2.3596865503350273e-05
4065,0.02780984342098236,0.004588349722325802,0.023103514686226845,2.3596092432853766e-05
4066,0.027809785678982735,0.0045883506536483765,0.02310345694422722,2.3595728634973057e-05
4067,0.027809740975499153,0.004588347859680653,0.023103419691324234,2.3594820959260687e-05
4068,0.02780967578291893,0.004588352050632238,0.02310335263609886,2.359411519137211e-05
4069,0.027809614315629005,0.004588357172906399,0.023103289306163788,2.3593516743858345e-05
4070,0.027809584513306618,0.0045883371494710445,0.02310328371822834,2.3592614525114186e-05
4071,0.0278095044195652,0.004588330164551735,0.02310321293771267,2.359207792324014e-05
4072,0.02780945785343647,0.004588344134390354,0.02310315892100334,2.359126301598735e-05
4073,0.027809416875243187,0.004588327836245298,0.02310313656926155,2.3590506316395476e-05
4074,0.027809370309114456,0.0045883432030677795,0.023103076964616776,2.3590098862769082e-05
4075,0.02780928835272789,0.004588351584970951,0.02310298942029476,2.358922574785538e-05
4076,0.027809234336018562,0.0045883264392614365,0.02310296520590782,2.35886709560873e-05
4077,0.02780918776988983,0.004588347859680653,0.023102901875972748,2.35879542742623e-05
4078,0.027809174731373787,0.004588328767567873,0.023102909326553345,2.358735400775913e-05
4079,0.027809085324406624,0.004588332027196884,0.02310281991958618,2.3586699171573855e-05
4080,0.027809051796793938,0.004588346928358078,0.0231027752161026,2.3586077077197842e-05
4081,0.027808979153633118,0.004588332958519459,0.023102719336748123,2.3585555027239025e-05
4082,0.02780897170305252,0.004588340409100056,0.02310270629823208,2.3584776499774307e-05
4083,0.02780887298285961,0.0045883129350841045,0.023102637380361557,2.3584269001730718e-05
4084,0.027808835729956627,0.004588325973600149,0.023102590814232826,2.358352685405407e-05
4085,0.0278087817132473,0.004588333889842033,0.0231025330722332,2.358302299398929e-05
4086,0.027808748185634613,0.004588323179632425,0.023102514445781708,2.3582368157804012e-05
4087,0.027808690443634987,0.004588335752487183,0.023102447390556335,2.358163874305319e-05
4088,0.02780861034989357,0.004588321782648563,0.02310238406062126,2.358121855650097e-05
4089,0.027808601036667824,0.004588324576616287,0.023102372884750366,2.358057645324152e-05
4090,0.027808545157313347,0.0045883324928581715,0.02310231328010559,2.3579856133437715e-05
4091,0.02780849300324917,0.004588327836245298,0.02310226857662201,2.357940684305504e-05
4092,0.027808431535959244,0.004588327836245298,0.023102210834622383,2.3578502805321477e-05
4093,0.02780839055776596,0.004588316194713116,0.023102182894945145,2.3578240870847367e-05
4094,0.027808330953121185,0.004588316660374403,0.023102127015590668,2.357736047997605e-05
4095,0.02780832163989544,0.004588323645293713,0.023102112114429474,2.357682751608081e-05
4096,0.027808262035250664,0.004588313400745392,0.023102065548300743,2.3576432795380242e-05
4097,0.02780817821621895,0.004588328301906586,0.02310197241604328,2.3575437808176503e-05
4098,0.027808189392089844,0.004588322248309851,0.023101991042494774,2.357504126848653e-05
4099,0.027808088809251785,0.0045883143320679665,0.02310190349817276,2.357449739065487e-05
4100,0.02780805714428425,0.004588315729051828,0.023101873695850372,2.357373887207359e-05
4101,0.02780800871551037,0.0045882961712777615,0.023101845756173134,2.3573196813231334e-05
4102,0.02780793607234955,0.004588316660374403,0.02310175448656082,2.357271296204999e-05
4103,0.02780788205564022,0.004588314797729254,0.02310170605778694,2.3571965357405134e-05
4104,0.027807876467704773,0.004588314797729254,0.023101704195141792,2.3571499696117826e-05
4105,0.027807824313640594,0.0045883203856647015,0.023101650178432465,2.3570797566208057e-05
4106,0.02780774235725403,0.004588310606777668,0.023101577535271645,2.357063021918293e-05
4107,0.02780771255493164,0.004588314797729254,0.023101549595594406,2.3569595214212313e-05
4108,0.027807652950286865,0.004588315729051828,0.02310148999094963,2.3569524273625575e-05
4109,0.027807628735899925,0.004588309209793806,0.023101475089788437,2.3568805772811174e-05
4110,0.02780756540596485,0.004588307347148657,0.02310141734778881,2.3568089090986177e-05
4111,0.02780749462544918,0.004588292445987463,0.023101361468434334,2.3567929019918665e-05
4112,0.02780742384493351,0.00458831712603569,0.02310127206146717,2.3567103198729455e-05
4113,0.027807394042611122,0.004588307347148657,0.02310125343501568,2.356652112212032e-05
4114,0.02780734933912754,0.004588316660374403,0.0231012012809515,2.3566235540783964e-05
4115,0.02780727855861187,0.004588294308632612,0.02310115657746792,2.3565435185446404e-05
4116,0.027807269245386124,0.004588305484503508,0.023101139813661575,2.3564836737932637e-05
4117,0.027807161211967468,0.004588299430906773,0.023101037368178368,2.3564618459204212e-05
4118,0.027807151898741722,0.004588309675455093,0.023101024329662323,2.356353070354089e-05
4119,0.02780710719525814,0.004588292445987463,0.023100996389985085,2.3563459762954153e-05
4120,0.02780706249177456,0.0045883129350841045,0.02310093492269516,2.356267395953182e-05
4121,0.027806971222162247,0.004588303621858358,0.023100856691598892,2.3562048227177e-05
4122,0.027806920930743217,0.004588307812809944,0.023100804537534714,2.35618426813744e-05
4123,0.027806881815195084,0.004588300362229347,0.023100776597857475,2.3561105990665965e-05
4124,0.027806853875517845,0.004588301293551922,0.023100748658180237,2.3560614863527007e-05
4125,0.02780679613351822,0.0045882901176810265,0.023100705817341805,2.3560107365483418e-05
4126,0.027806730940937996,0.004588291049003601,0.02310064248740673,2.3559572582598776e-05
4127,0.02780669741332531,0.004588300362229347,0.023100601509213448,2.355897959205322e-05
4128,0.027806609869003296,0.004588303156197071,0.023100512102246284,2.3558557586511597e-05
4129,0.027806568890810013,0.004588294308632612,0.023100484162569046,2.355786091357004e-05
4130,0.027806559577584267,0.004588288255035877,0.023100484162569046,2.3557498934678733e-05
4131,0.027806458994746208,0.004588293842971325,0.02310037985444069,2.3557038730359636e-05
4132,0.027806418016552925,0.004588284995406866,0.0231003500521183,2.3556567612104118e-05
4133,0.02780635841190815,0.004588298499584198,0.02310027927160263,2.3555987354484387e-05
4134,0.027806341648101807,0.004588298033922911,0.023100264370441437,2.3555770894745365e-05
4135,0.02780633233487606,0.004588293377310038,0.023100264370441437,2.355492142669391e-05
4136,0.02780628204345703,0.004588300362229347,0.02310020849108696,2.3554755898658186e-05
4137,0.027806146070361137,0.004588286858052015,0.02310008928179741,2.3553991923108697e-05
4138,0.027806159108877182,0.0045882901176810265,0.023100100457668304,2.3553659048047848e-05
4139,0.027806080877780914,0.0045883008278906345,0.02310001477599144,2.3553220671601593e-05
4140,0.027806060388684273,0.004588279873132706,0.02310001850128174,2.355258220632095e-05
4141,0.02780599147081375,0.004588293842971325,0.023099936544895172,2.355208016524557e-05
4142,0.027805939316749573,0.004588288255035877,0.02309988997876644,2.3551907361252233e-05
4143,0.027805881574749947,0.004588283132761717,0.02309984341263771,2.355095602979418e-05
4144,0.02780582755804062,0.004588284995406866,0.023099787533283234,2.3550970581709407e-05
4145,0.02780575305223465,0.00458827568218112,0.02309972606599331,2.3550270270789042e-05
4146,0.027805767953395844,0.004588291514664888,0.023099729791283607,2.354949538130313e-05
4147,0.02780567854642868,0.004588286392390728,0.023099642246961594,2.3549840989289805e-05
4148,0.027805659919977188,0.004588277079164982,0.023099640384316444,2.3548333047074266e-05
4149,0.027805589139461517,0.004588277079164982,0.023099565878510475,2.354899697820656e-05
4150,0.027805551886558533,0.00458828778937459,0.02309952676296234,2.3547680029878393e-05
4151,0.027805479243397713,0.004588284995406866,0.02309945598244667,2.3547549062641338e-05
4152,0.027805428951978683,0.004588291049003601,0.023099401965737343,2.3547338059870526e-05
4153,0.027805408462882042,0.004588289186358452,0.023099388927221298,2.3546223019366153e-05
4154,0.027805358171463013,0.004588283132761717,0.023099342361092567,2.3546617740066722e-05
4155,0.027805255725979805,0.00458827568218112,0.023099252954125404,2.3545444491901435e-05
4156,0.027805238962173462,0.004588267300277948,0.023099245503544807,2.3545337171526626e-05
4157,0.02780519798398018,0.004588281270116568,0.02309919148683548,2.3545060685137287e-05
4158,0.027805142104625702,0.004588268231600523,0.023099152371287346,2.354417483729776e-05
4159,0.027805037796497345,0.004588272888213396,0.02309904433786869,2.3544353098259307e-05
4160,0.027805060148239136,0.004588285461068153,0.023099057376384735,2.3543432689621113e-05
4161,0.0278050247579813,0.004588264971971512,0.02309904433786869,2.3543178031104617e-05
4162,0.02780492790043354,0.004588268231600523,0.02309894561767578,2.3542808776255697e-05
4163,0.027804866433143616,0.004588280338793993,0.02309887483716011,2.3542163035017438e-05
4164,0.027804801240563393,0.004588271025568247,0.023098820820450783,2.3541970222140662e-05
4165,0.0278047863394022,0.004588280338793993,0.023098798468708992,2.3541504560853355e-05
4166,0.027804771438241005,0.004588283132761717,0.023098783567547798,2.3540918846265413e-05
4167,0.027804702520370483,0.004588272422552109,0.023098725825548172,2.354076423216611e-05
4168,0.02780463546514511,0.004588264971971512,0.023098669946193695,2.354027674300596e-05
4169,0.02780459262430668,0.004588271025568247,0.023098623380064964,2.3539638277725317e-05
4170,0.027804534882307053,0.004588279873132706,0.023098556324839592,2.3539607354905456e-05
4171,0.027804506942629814,0.0045882826671004295,0.023098530247807503,2.3539021640317515e-05
4172,0.02780439890921116,0.004588261246681213,0.023098444566130638,2.3538448658655398e-05
4173,0.02780439332127571,0.004588278941810131,0.023098422214388847,2.3538441382697783e-05
4174,0.027804343029856682,0.0045882584527134895,0.023098396137356758,2.3537555534858257e-05
4175,0.027804315090179443,0.004588268231600523,0.023098358884453773,2.3537579181720503e-05
4176,0.02780422568321228,0.004588255193084478,0.023098286241292953,2.3536909793619998e-05
4177,0.027804195880889893,0.004588277544826269,0.023098234087228775,2.3536573280580342e-05
4178,0.027804160490632057,0.004588267300277948,0.023098211735486984,2.3536400476587005e-05
4179,0.027804115787148476,0.004588279873132706,0.023098157718777657,2.353571107960306e-05
4180,0.027804050594568253,0.004588276147842407,0.023098096251487732,2.353559284529183e-05
4181,0.027803974226117134,0.004588262643665075,0.023098034784197807,2.353513627895154e-05
4182,0.027803964912891388,0.0045882719568908215,0.023098019883036613,2.353457239223644e-05
4183,0.027803877368569374,0.00458827568218112,0.0230979286134243,2.3534488718723878e-05
4184,0.027803855016827583,0.004588267300277948,0.023097919300198555,2.353386298636906e-05
4185,0.02780378796160221,0.00458826869726181,0.023097852244973183,2.353349009354133e-05
4186,0.027803698554635048,0.0045882645063102245,0.023097766563296318,2.3533266357844695e-05
4187,0.02780371904373169,0.004588258918374777,0.023097796365618706,2.3532686100224964e-05
4188,0.027803663164377213,0.004588280338793993,0.023097719997167587,2.3532482373411767e-05
4189,0.027803581207990646,0.0045882584527134895,0.02309766411781311,2.3531989427283406e-05
4190,0.027803514152765274,0.00458825659006834,0.023097598925232887,2.3531825718237087e-05
4191,0.027803463861346245,0.004588254261761904,0.023097552359104156,2.3531400074716657e-05
4192,0.027803465723991394,0.004588262178003788,0.023097548633813858,2.3531036276835948e-05
4193,0.02780335582792759,0.004588262643665075,0.023097436875104904,2.353101626795251e-05
4194,0.027803363278508186,0.004588274750858545,0.023097436875104904,2.3530332327936776e-05
4195,0.02780323661863804,0.004588249605149031,0.023097334429621696,2.3530312319053337e-05
4196,0.027803238481283188,0.004588256124407053,0.023097334429621696,2.352985211473424e-05
4197,0.02780321054160595,0.004588254727423191,0.023097310215234756,2.3529435566160828e-05
4198,0.02780316397547722,0.004588258918374777,0.023097258061170578,2.352945193706546e-05
4199,0.0278030913323164,0.004588262178003788,0.023097185418009758,2.352862065890804e-05
4200,0.02780306525528431,0.004588257521390915,0.023097163066267967,2.352875890210271e-05
4201,0.027802972123026848,0.004588270094245672,0.02309706062078476,2.3528096789959818e-05
4202,0.027802947908639908,0.004588253330439329,0.023097055032849312,2.352764568058774e-05
4203,0.02780287340283394,0.004588257987052202,0.023096976801753044,2.35277275351109e-05
4204,0.027802830561995506,0.0045882463455200195,0.023096950724720955,2.352667615923565e-05
4205,0.027802782133221626,0.004588249139487743,0.023096896708011627,2.3526959921582602e-05
4206,0.027802761644124985,0.004588255193084478,0.023096874356269836,2.3526299628429115e-05
4207,0.02780270017683506,0.004588258918374777,0.023096811026334763,2.3526001314166933e-05
4208,0.027802683413028717,0.004588262178003788,0.02309679053723812,2.352601040911395e-05
4209,0.027802614495158195,0.004588253330439329,0.023096734657883644,2.352532828808762e-05
4210,0.027802564203739166,0.004588262643665075,0.02309667505323887,2.352527189941611e-05
4211,0.027802497148513794,0.004588239826261997,0.023096632212400436,2.352504998270888e-05
4212,0.02780250646173954,0.004588267300277948,0.023096617311239243,2.3524586140410975e-05
4213,0.027802400290966034,0.004588238894939423,0.023096537217497826,2.3524673451902345e-05
4214,0.02780233323574066,0.004588257521390915,0.02309645712375641,2.352386582060717e-05
4215,0.027802307158708572,0.0045882402919232845,0.023096444085240364,2.3524287826148793e-05
4216,0.027802253141999245,0.0045882645063102245,0.023096371442079544,2.3523274649051018e-05
4217,0.027802210301160812,0.004588242154568434,0.023096347227692604,2.3523924028268084e-05
4218,0.027802174910902977,0.004588262178003788,0.023096298798918724,2.3522467017755844e-05
4219,0.027802100405097008,0.004588247276842594,0.02309623546898365,2.3523354684584774e-05
4220,0.027802057564258575,0.004588261246681213,0.02309618704020977,2.352200317545794e-05
4221,0.0278020016849041,0.004588248208165169,0.02309614047408104,2.3522627088823356e-05
4222,0.027801943942904472,0.004588253330439329,0.023096082732081413,2.3521666662418284e-05
4223,0.027801908552646637,0.004588261246681213,0.02309603989124298,2.3521599359810352e-05
4224,0.02780187502503395,0.004588245879858732,0.02309602126479149,2.352153205720242e-05
4225,0.027801841497421265,0.004588252864778042,0.023095984011888504,2.3520753529737704e-05
4226,0.02780173532664776,0.004588258918374777,0.0230958703905344,2.3520995455328375e-05
4227,0.02780172973871231,0.004588237497955561,0.023095890879631042,2.3520455215475522e-05
4228,0.027801645919680595,0.004588254727423191,0.023095790296792984,2.352029514440801e-05
4229,0.027801664546132088,0.0045882645063102245,0.02309579774737358,2.352022420382127e-05
4230,0.027801569551229477,0.0045882523991167545,0.023095719516277313,2.351968396396842e-05
4231,0.02780148573219776,0.004588250070810318,0.023095637559890747,2.3519765818491578e-05
4232,0.02780146710574627,0.0045882281847298145,0.023095643147826195,2.3519349269918166e-05
4233,0.02780141867697239,0.004588253330439329,0.023095570504665375,2.3519047317677177e-05
4234,0.027801377698779106,0.0045882416889071465,0.023095540702342987,2.3518994566984475e-05
4235,0.027801329270005226,0.00458826869726181,0.023095468059182167,2.3518532543675974e-05
4236,0.02780124917626381,0.0045882356353104115,0.023095421493053436,2.3518399757449515e-05
4237,0.02780121937394142,0.004588253330439329,0.023095374926924706,2.3518221496487968e-05
4238,0.02780117839574814,0.0045882402919232845,0.023095348849892616,2.3517739464296028e-05
4239,0.027801107615232468,0.004588269628584385,0.023095250129699707,2.351789953536354e-05
4240,0.027801085263490677,0.004588235169649124,0.0230952650308609,2.35171100939624e-05
4241,0.02780100516974926,0.0045882477425038815,0.02309517003595829,2.3517570298281498e-05
4242,0.027800986543297768,0.004588242154568434,0.023095160722732544,2.3516682631452568e-05
4243,0.027800917625427246,0.0045882537961006165,0.023095078766345978,2.3516920919064432e-05
4244,0.027800850570201874,0.0045882402919232845,0.0230950266122818,2.3516517103416845e-05
4245,0.027800805866718292,0.004588254727423191,0.023094970732927322,2.351617149543017e-05
4246,0.02780076488852501,0.0045882356353104115,0.023094946518540382,2.3516469809692353e-05
4247,0.027800770476460457,0.0045882598496973515,0.023094933480024338,2.3515620341640897e-05
4248,0.027800695970654488,0.004588241223245859,0.02309487573802471,2.3515958673669957e-05
4249,0.027800604701042175,0.004588248208165169,0.02309477888047695,2.351552393520251e-05
4250,0.027800600975751877,0.004588250070810318,0.023094775155186653,2.35150582739152e-05
4251,0.027800513431429863,0.004588250070810318,0.02309468761086464,2.351524199184496e-05
4252,0.027800453826785088,0.004588244017213583,0.02309463545680046,2.3514639906352386e-05
4253,0.027800437062978745,0.004588255658745766,0.023094607517123222,2.351478542550467e-05
4254,0.02780040167272091,0.004588250536471605,0.023094581440091133,2.3514132408308797e-05
4255,0.027800360694527626,0.0045882537961006165,0.023094534873962402,2.3514425265602767e-05
4256,0.02780030108988285,0.004588247276842594,0.023094484582543373,2.3513772248406895e-05
4257,0.027800241485238075,0.0045882719568908215,0.02309439703822136,2.35142888413975e-05
4258,0.027800193056464195,0.004588248673826456,0.023094378411769867,2.3513388441642746e-05
4259,0.027800152078270912,0.004588268231600523,0.023094313219189644,2.351402690692339e-05
4260,0.027800122275948524,0.004588248673826456,0.023094307631254196,2.3513177438871935e-05
4261,0.02780003286898136,0.004588260781019926,0.02309420332312584,2.3513659471063875e-05
4262,0.02779996208846569,0.004588243085891008,0.02309415489435196,2.3512833649874665e-05
4263,0.02779996767640114,0.004588261246681213,0.023094139993190765,2.3513237465522252e-05
4264,0.02779987081885338,0.0045882402919232845,0.023094067350029945,2.3512435291195288e-05
4265,0.027799800038337708,0.004588257055729628,0.02309397980570793,2.351267175981775e-05
4266,0.02779982052743435,0.004588236566632986,0.023094022646546364,2.3512267944170162e-05
4267,0.02779974602162838,0.004588272888213396,0.02309391275048256,2.3512044208473526e-05
4268,0.027799682691693306,0.004588231910020113,0.023093892261385918,2.3511980543844402e-05
4269,0.027799637988209724,0.0045882645063102245,0.0230938158929348,2.351140028622467e-05
4270,0.027799589559435844,0.004588229116052389,0.023093800991773605,2.3511724066338502e-05
4271,0.027799535542726517,0.004588252864778042,0.023093726485967636,2.3511129256803542e-05
4272,0.02779950201511383,0.004588249605149031,0.0230936948210001,2.3511274775955826e-05
4273,0.02779945358633995,0.004588253330439329,0.02309364452958107,2.3511067411163822e-05
4274,0.02779940329492092,0.0045882477425038815,0.023093601688742638,2.3510843675467186e-05
4275,0.02779933251440525,0.004588244017213583,0.023093532770872116,2.351113289478235e-05
4276,0.02779931202530861,0.004588243551552296,0.023093516007065773,2.3510432583861984e-05
4277,0.027799272909760475,0.004588253330439329,0.023093461990356445,2.351125658606179e-05
4278,0.027799183502793312,0.004588253330439329,0.02309338003396988,2.351009243284352e-05
4279,0.027799151837825775,0.004588257055729628,0.023093337193131447,2.351124567212537e-05
4280,0.027799084782600403,0.00458824448287487,0.023093290627002716,2.350996328459587e-05
4281,0.027799062430858612,0.004588251002132893,0.02309325709939003,2.3510916435043328e-05
4282,0.027799028903245926,0.0045882463455200195,0.02309323474764824,2.350966678932309e-05
4283,0.027798911556601524,0.004588244948536158,0.02309311367571354,2.351072362216655e-05
4284,0.027798954397439957,0.004588249139487743,0.02309316024184227,2.3508997401222587e-05
4285,0.02779889665544033,0.004588257055729628,0.0230930857360363,2.351081457163673e-05
4286,0.027798807248473167,0.004588248673826456,0.02309301681816578,2.3508433514507487e-05
4287,0.027798760682344437,0.004588254727423191,0.023092953488230705,2.3510274331783876e-05
4288,0.027798691764473915,0.004588242154568434,0.023092906922101974,2.3508389858761802e-05
4289,0.027798665687441826,0.004588267300277948,0.023092851042747498,2.350956310692709e-05
4290,0.027798643335700035,0.004588246811181307,0.023092851042747498,2.3509053789894097e-05
4291,0.027798563241958618,0.004588269628584385,0.02309274859726429,2.3508646336267702e-05
4292,0.027798514813184738,0.004588231910020113,0.023092735558748245,2.350965587538667e-05
4293,0.027798466384410858,0.004588289186358452,0.023092636838555336,2.3508046069764532e-05
4294,0.027798417955636978,0.0045882030390203,0.023092664778232574,2.3509903257945552e-05
4295,0.02779838629066944,0.004588314797729254,0.02309253253042698,2.350769682379905e-05
4296,0.027798311784863472,0.004588169977068901,0.023092593997716904,2.350972681597341e-05
4297,0.027798308059573174,0.004588362295180559,0.02309240773320198,2.3507580408477224e-05
4298,0.0277982447296381,0.004588116891682148,0.02309258095920086,2.3509335733251646e-05
4299,0.027798190712928772,0.004588442388921976,0.02309221215546131,2.350730028410908e-05
4300,0.027798132970929146,0.004588032606989145,0.02309255488216877,2.3509051970904693e-05
4301,0.0277981236577034,0.0045885490253567696,0.023092037066817284,2.3507216610596515e-05
4302,0.027798034250736237,0.004587898030877113,0.023092593997716904,2.3508606318500824e-05
4303,0.027797991409897804,0.00458873575553298,0.023091720417141914,2.3507063815486617e-05
4304,0.027798006311058998,0.004587650299072266,0.023092813789844513,2.350858812860679e-05
4305,0.027797922492027283,0.00458907475695014,0.023091314360499382,2.3506703655584715e-05
4306,0.02779792807996273,0.004587234929203987,0.023093149065971375,2.3508755475631915e-05
4307,0.02779795229434967,0.0045896838419139385,0.02309073694050312,2.3506288926000707e-05
4308,0.027797991409897804,0.004586503840982914,0.023093940690159798,2.350923568883445e-05
4309,0.027798114344477654,0.004590759519487619,0.023089827969670296,2.3505512217525393e-05
4310,0.027798380702733994,0.004585241433233023,0.023095587268471718,2.3510447135777213e-05
4311,0.027798954397439957,0.004592800047248602,0.02308863215148449,2.3504313503508456e-05
4312,0.027799945324659348,0.004583166912198067,0.02309921383857727,2.3512742700404488e-05
4313,0.027801837772130966,0.004596805199980736,0.02308751828968525,2.350272006879095e-05
4314,0.027805209159851074,0.004579894710332155,0.023107726126909256,2.351759212615434e-05
4315,0.027811534702777863,0.0046051680110394955,0.023088861256837845,2.3500890165450983e-05
4316,0.027823058888316154,0.004575708415359259,0.023129701614379883,2.3529604732175358e-05
4317,0.027844291180372238,0.004624026361852884,0.023102764040231705,2.3500111637986265e-05
4318,0.02788337506353855,0.004574218299239874,0.023191343992948532,2.3562590286019258e-05
4319,0.02795465476810932,0.004670155234634876,0.023166999220848083,2.3500333554693498e-05
4320,0.028081972151994705,0.004591749515384436,0.023371927440166473,2.3658871214138344e-05
4321,0.028301112353801727,0.004785611294209957,0.02339824289083481,2.3451295419363305e-05
4322,0.02864794060587883,0.004673498682677746,0.023854894563555717,2.3909482479211874e-05
4323,0.029120806604623795,0.005021005868911743,0.023984642699360847,2.3031592718325555e-05
4324,0.029575297608971596,0.0048219976015388966,0.0246302280575037,2.461447184032295e-05
4325,0.0296962670981884,0.005166680086404085,0.024416988715529442,2.2519874619320035e-05
4326,0.029196767136454582,0.00473207188770175,0.02432764694094658,2.7409705580794252e-05
4327,0.02834758162498474,0.0047957212664186954,0.02343011647462845,2.4348688384634443e-05
4328,0.027844790369272232,0.004570595920085907,0.023132845759391785,2.826992204063572e-05
4329,0.02802819013595581,0.0046049668453633785,0.02330363355576992,2.3917891667224467e-05
4330,0.02850412204861641,0.004840649664402008,0.0235477015376091,2.315409255970735e-05
4331,0.02864682301878929,0.004651430994272232,0.023864058777689934,2.6266601707902737e-05
4332,0.028295960277318954,0.004780248273164034,0.0233923252671957,2.4677463443367742e-05
4333,0.02789631485939026,0.004565216600894928,0.023183204233646393,2.957871947728563e-05
4334,0.02789207175374031,0.004597710445523262,0.023173891007900238,2.40939662035089e-05
4335,0.028158951550722122,0.004738235380500555,0.023304250091314316,2.3293165213544853e-05
4336,0.02826514095067978,0.004594078753143549,0.023538991808891296,2.6414059902890585e-05
4337,0.028071023523807526,0.004714691545814276,0.02323172613978386,2.492120984243229e-05
4338,0.02785516530275345,0.004571575205773115,0.02314029261469841,2.865945680241566e-05
4339,0.02787615731358528,0.004589211195707321,0.02316899783909321,2.358971323701553e-05
4340,0.028029439970850945,0.004698154516518116,0.023216327652335167,2.299147490703035e-05
4341,0.028058435767889023,0.004566685762256384,0.02335388772189617,2.7572354156291112e-05
4342,0.02792646735906601,0.004666000138968229,0.023135708644986153,2.4951492378022522e-05
4343,0.02782377228140831,0.004582713358104229,0.023107018321752548,2.6807983886101283e-05
4344,0.027867531403899193,0.004576487932354212,0.023173170164227486,2.3574881197419018e-05
4345,0.027953533455729485,0.004673675633966923,0.02316330187022686,2.3310863980441354e-05
4346,0.0279394518584013,0.004558421205729246,0.023239154368638992,2.8375108740874566e-05
4347,0.02784913219511509,0.004631472285836935,0.02309567481279373,2.4396755179623142e-05
4348,0.02781057171523571,0.004594436846673489,0.023091718554496765,2.4883092919480987e-05
4349,0.027858782559633255,0.004566793330013752,0.023169901221990585,2.4417691747657955e-05
4350,0.027900807559490204,0.004654890391975641,0.023126784712076187,2.382667298661545e-05
4351,0.027867985889315605,0.0045611122623085976,0.023168638348579407,2.764724013104569e-05
4352,0.027811402454972267,0.0046066404320299625,0.023086678236722946,2.3617016267962754e-05
4353,0.027809394523501396,0.0046040392480790615,0.023087037727236748,2.366330227232538e-05
4354,0.027849514037370682,0.0045637707225978374,0.023159179836511612,2.531272366468329e-05
4355,0.0278606079518795,0.00463767210021615,0.023103950545191765,2.3797045287210494e-05
4356,0.027825402095913887,0.004568197764456272,0.023127669468522072,2.5906836526701227e-05
4357,0.027797965332865715,0.004590976517647505,0.02309015952050686,2.336575198569335e-05
4358,0.027812685817480087,0.004609677474945784,0.023086683824658394,2.326476533198729e-05
4359,0.027837077155709267,0.004565380048006773,0.023143790662288666,2.5581352019798942e-05
4360,0.027830179780721664,0.0046217190101742744,0.023091241717338562,2.3444021280738525e-05
4361,0.027804097160696983,0.004576149396598339,0.023105692118406296,2.4450799173791893e-05
4362,0.027797259390354156,0.004582940135151148,0.02309558540582657,2.3747024897602387e-05
4363,0.027813522145152092,0.004610671661794186,0.02308647334575653,2.3275073544937186e-05
4364,0.02782270312309265,0.004568751901388168,0.023127682507038116,2.5253557396354154e-05
4365,0.027810780331492424,0.004608725197613239,0.023085663095116615,2.3278402295545675e-05
4366,0.027796905487775803,0.004583150148391724,0.023095007985830307,2.37492895394098e-05
4367,0.02779948152601719,0.0045796711929142475,0.02309890277683735,2.418175063212402e-05
4368,0.027810079976916313,0.004608117509633303,0.023085419088602066,2.3308673917199485e-05
4369,0.027810612693428993,0.004572657402604818,0.02311461791396141,2.4667524485266767e-05
4370,0.02780124731361866,0.004599704407155514,0.023084748536348343,2.3358712496701628e-05
4371,0.02779592014849186,0.0045880163088440895,0.02309040166437626,2.3500224415329285e-05
4372,0.027800122275948524,0.004578901920467615,0.023099811747670174,2.4281871446873993e-05
4373,0.027805056422948837,0.004604029003530741,0.02308455854654312,2.3293909180210903e-05
4374,0.02780306152999401,0.004576506093144417,0.023105913773179054,2.4128205041051842e-05
4375,0.027797602117061615,0.004594169091433287,0.02308579534292221,2.3527280063717626e-05
4376,0.02779613621532917,0.004590433090925217,0.023088626563549042,2.341514300496783e-05
4377,0.027798989787697792,0.004579470958560705,0.0230987761169672,2.4148448574123904e-05
4378,0.02780095487833023,0.004599928390234709,0.02308436669409275,2.3331733245868236e-05
4379,0.027799129486083984,0.004579802509397268,0.02310032770037651,2.3799851987860166e-05
4380,0.027796363458037376,0.004591039381921291,0.02308691293001175,2.3682125174673274e-05
4381,0.027795953676104546,0.004590995609760284,0.023087888956069946,2.3413662347593345e-05
4382,0.027797507122159004,0.004580802749842405,0.02309676632285118,2.3987522581592202e-05
4383,0.027798285707831383,0.0045965006574988365,0.023084621876478195,2.3432627131114714e-05
4384,0.027797196060419083,0.004582299385219812,0.02309657633304596,2.3664102627662942e-05
4385,0.027795713394880295,0.004589414689689875,0.0230875201523304,2.375594704062678e-05
4386,0.027795476838946342,0.0045906114391982555,0.023087594658136368,2.3453905669157393e-05
4387,0.027796346694231033,0.0045823752880096436,0.023094723001122475,2.3849570425227284e-05
4388,0.02779674343764782,0.004593976773321629,0.023085150867700577,2.3523201889474876e-05
4389,0.02779613994061947,0.004584009293466806,0.02309407666325569,2.36109353863867e-05
4390,0.027795225381851196,0.004588709212839603,0.023087823763489723,2.3738299205433577e-05
4391,0.027794992551207542,0.004589939024299383,0.023087557405233383,2.349904752918519e-05
4392,0.02779548056423664,0.004583790432661772,0.023093044757843018,2.372914968873374e-05
4393,0.02779579907655716,0.004592244513332844,0.023085661232471466,2.3578782929689623e-05
4394,0.027795450761914253,0.0045850034803152084,0.02309253439307213,2.358265373914037e-05
4395,0.02779480069875717,0.0045885262079536915,0.023087814450263977,2.3692144168308005e-05
4396,0.02779458649456501,0.004589219111949205,0.02308765798807144,2.3541851987829432e-05
4397,0.02779489755630493,0.0045849476009607315,0.02309168130159378,2.3653608877793886e-05
4398,0.027795175090432167,0.004591058474034071,0.023086052387952805,2.3612768927705474e-05
4399,0.027794888243079185,0.004585583694279194,0.023091407492756844,2.3579132175655104e-05
4400,0.027794500812888145,0.004588588606566191,0.02308761142194271,2.366001899645198e-05
4401,0.027794307097792625,0.004588540643453598,0.023087862879037857,2.3580645574838854e-05
4402,0.0277944877743721,0.004585863556712866,0.023090504109859467,2.3623761080671102e-05
4403,0.027794674038887024,0.004590193275362253,0.023086344823241234,2.362732993788086e-05
4404,0.027794547379016876,0.004585932474583387,0.02309064008295536,2.3594953745487146e-05
4405,0.027794215828180313,0.004588684067130089,0.023087363690137863,2.3633472665096633e-05
4406,0.02779407612979412,0.004588015843182802,0.0230880007147789,2.361209408263676e-05
4407,0.02779417857527733,0.004586533643305302,0.023089606314897537,2.360775033594109e-05
4408,0.027794260531663895,0.00458953995257616,0.02308656834065914,2.363025487284176e-05
4409,0.027794167399406433,0.004586180206388235,0.023089947178959846,2.3607955881743692e-05
4410,0.02779398113489151,0.004588749725371599,0.023087169975042343,2.3612377844983712e-05
4411,0.027793828397989273,0.004587617702782154,0.023088060319423676,2.3630425857845694e-05
4412,0.027793889865279198,0.004587051924318075,0.023088853806257248,2.3596876417286694e-05
4413,0.027793945744633675,0.0045890300534665585,0.023086771368980408,2.362875602557324e-05
4414,0.027793919667601585,0.004586424678564072,0.023089420050382614,2.3615046302438714e-05
4415,0.0277937613427639,0.004588794428855181,0.023086968809366226,2.3599874111823738e-05
4416,0.02779366262257099,0.00458734342828393,0.0230881217867136,2.36397136177402e-05
4417,0.027793627232313156,0.004587441682815552,0.023088231682777405,2.3590890123159625e-05
4418,0.027793612331151962,0.004588630050420761,0.02308683842420578,2.3628743292647414e-05
4419,0.027793588116765022,0.004586642142385244,0.023088866844773293,2.3615852114744484e-05
4420,0.027793526649475098,0.004588767420500517,0.023086771368980408,2.3597600375069305e-05
4421,0.02779340371489525,0.004587141331285238,0.02308807149529457,2.3638071070308797e-05
4422,0.027793440967798233,0.004587806295603514,0.023087669163942337,2.3593085643369704e-05
4423,0.02779339626431465,0.004588259384036064,0.023087024688720703,2.362228224228602e-05
4424,0.02779332734644413,0.004586933180689812,0.02308829128742218,2.3620490537723526e-05
4425,0.027793310582637787,0.004588668700307608,0.023086683824658394,2.3591512217535637e-05
4426,0.02779327891767025,0.004587113391608,0.023087959736585617,2.3641152438358404e-05
4427,0.0277931597083807,0.0045880223624408245,0.023087196052074432,2.358807068958413e-05
4428,0.027793092653155327,0.004587979521602392,0.02308698743581772,2.362511440878734e-05
4429,0.02779310941696167,0.004587199073284864,0.023087836802005768,2.3614518795511685e-05
4430,0.02779308333992958,0.004588523413985968,0.023086583241820335,2.3595286620547995e-05
4431,0.027792997658252716,0.004587110131978989,0.02308771386742592,2.3634875105926767e-05
4432,0.027792971581220627,0.004588198848068714,0.023086821660399437,2.3590191631228663e-05
4433,0.027792913839221,0.004587728064507246,0.023087073117494583,2.3622516891919076e-05
4434,0.027792884036898613,0.0045874896459281445,0.023087332025170326,2.3612295990460552e-05
4435,0.027792859822511673,0.004588304553180933,0.02308657020330429,2.3596965547767468e-05
4436,0.027792762964963913,0.004587208386510611,0.0230873990803957,2.3630833311472088e-05
4437,0.027792776003479958,0.004588250536471605,0.02308657206594944,2.3590680939378217e-05
4438,0.027792761102318764,0.004587579984217882,0.023087069392204285,2.3622573280590586e-05
4439,0.02779264748096466,0.004587710835039616,0.023086896166205406,2.3608070478076115e-05
4440,0.027792634442448616,0.004588108044117689,0.02308652177453041,2.36008290812606e-05
4441,0.02779260277748108,0.004587351344525814,0.023087123408913612,2.362577652093023e-05
4442,0.027792559936642647,0.004588229116052389,0.023086367174983025,2.3592485376866534e-05
4443,0.027792515233159065,0.004587497562170029,0.023086901754140854,2.362301711400505e-05
4444,0.02779240719974041,0.004587889648973942,0.02308649756014347,2.3603986846865155e-05
4445,0.027792392298579216,0.004587905015796423,0.02308645471930504,2.3606509785167873e-05
4446,0.027792364358901978,0.004587526433169842,0.02308674156665802,2.361916449444834e-05
4447,0.02779233269393444,0.004588140174746513,0.02308620698750019,2.359717109357007e-05
4448,0.02779226191341877,0.004587480332702398,0.023086678236722946,2.362044688197784e-05
4449,0.027792248874902725,0.004588004667311907,0.023086227476596832,2.3603421141160652e-05
4450,0.027792224660515785,0.0045877620577812195,0.023086417466402054,2.360900180065073e-05
4451,0.027792172506451607,0.004587703850120306,0.023086391389369965,2.3615395548404194e-05
4452,0.027792133390903473,0.00458802143111825,0.02308611385524273,2.3599623091286048e-05
4453,0.027792081236839294,0.004587561823427677,0.0230864230543375,2.361907172598876e-05
4454,0.027792034670710564,0.004588023759424686,0.023086003959178925,2.360142025281675e-05
4455,0.027791980654001236,0.004587678238749504,0.023086242377758026,2.3612154109287076e-05
4456,0.02779194340109825,0.004587846342474222,0.023086050525307655,2.3609460185980424e-05
4457,0.027791904285550117,0.004587893839925528,0.02308598719537258,2.3604539819643833e-05
4458,0.027791853994131088,0.004587664734572172,0.023086123168468475,2.361313090659678e-05
4459,0.027791837230324745,0.004588001407682896,0.023085812106728554,2.3604457965120673e-05
4460,0.027791757136583328,0.00458764610812068,0.02308606542646885,2.3608943592989817e-05
4461,0.0277917068451643,0.004587954375892878,0.02308569848537445,2.3610757125425152e-05
4462,0.027791673317551613,0.004587779752910137,0.023085884749889374,2.36016494454816e-05
4463,0.02779165655374527,0.004587821662425995,0.02308574877679348,2.361715269216802e-05
4464,0.02779160812497139,0.004587905015796423,0.023085717111825943,2.359711106691975e-05
4465,0.027791587635874748,0.004587769042700529,0.023085718974471092,2.361993756494485e-05
4466,0.027791539207100868,0.0045879194512963295,0.023085642606019974,2.3595597667736e-05
4467,0.027791475877165794,0.004587798845022917,0.023085568100214005,2.362152918067295e-05
4468,0.027791457250714302,0.004587822128087282,0.02308567240834236,2.3592507204739377e-05
4469,0.027791379019618034,0.004587932955473661,0.023085307329893112,2.3627573682460934e-05
4470,0.027791330590844154,0.004587687086313963,0.02308572642505169,2.358337223995477e-05
4471,0.02779128961265087,0.0045880600810050964,0.02308502048254013,2.3641870939172804e-05
4472,0.027791278436779976,0.004587577190250158,0.02308587357401848,2.356554614380002e-05
4473,0.027791209518909454,0.004588173236697912,0.023084694519639015,2.366843727941159e-05
4474,0.027791250497102737,0.004587480332702398,0.02308608591556549,2.353659874643199e-05
4475,0.027791181579232216,0.004588291049003601,0.023084314540028572,2.3715198040008545e-05
4476,0.027791233733296394,0.004587323404848576,0.02308645099401474,2.3491873434977606e-05
4477,0.027791256085038185,0.004588557872921228,0.02308368682861328,2.3802520445315167e-05
4478,0.027791351079940796,0.004586967173963785,0.023087257519364357,2.342534571653232e-05
4479,0.027791600674390793,0.004589130636304617,0.02308257482945919,2.3978920580702834e-05
4480,0.027792058885097504,0.004586280323565006,0.023089058697223663,2.33440259762574e-05
4481,0.027792910113930702,0.004590253345668316,0.023080818355083466,2.4367505830014125e-05
4482,0.02779446542263031,0.004585071932524443,0.023092783987522125,2.332172698515933e-05
4483,0.027797268703579903,0.0045924377627670765,0.02307828702032566,2.5309038392151706e-05
4484,0.027802489697933197,0.004583125468343496,0.023100847378373146,2.3703143597231247e-05
4485,0.027812065556645393,0.004596883896738291,0.023076076060533524,2.782113188004587e-05
4486,0.027829661965370178,0.004580456297844648,0.023120002821087837,2.5840507078100927e-05
4487,0.0278620645403862,0.004606671165674925,0.023080002516508102,3.5078042856184766e-05
4488,0.027920711785554886,0.004578480962663889,0.023169638589024544,3.4518467145971954e-05
4489,0.028024520725011826,0.004629697650671005,0.02311255969107151,5.645252895192243e-05
4490,0.0281992070376873,0.004583731759339571,0.023298684507608414,6.335832586046308e-05
4491,0.02846549078822136,0.0046815997920930386,0.023231374099850655,0.00011050314060412347
4492,0.028796492144465446,0.00460781529545784,0.02356143295764923,0.00012544884521048516
4493,0.02905350737273693,0.004755942150950432,0.023423880338668823,0.00017473689513280988
4494,0.028995366767048836,0.004618111997842789,0.02369466796517372,0.0001365172938676551
4495,0.028544334694743156,0.004733699839562178,0.02330014482140541,0.00010209778702119365
4496,0.02802143804728985,0.004563861060887575,0.023292176425457,3.3080341381719336e-05
4497,0.027853840962052345,0.004628415685147047,0.023105233907699585,2.403829785180278e-05
4498,0.02806137129664421,0.004614377859979868,0.023151671513915062,5.906432488700375e-05
4499,0.028290512040257454,0.004605823662132025,0.023346848785877228,6.75677802064456e-05
4500,0.028250280767679214,0.004688936751335859,0.023203741759061813,7.152023317757994e-05
4501,0.028025129809975624,0.004564066883176565,0.02329927496612072,3.235756230424158e-05
4502,0.02791130170226097,0.004661227110773325,0.02313346415758133,2.3322318156715482e-05
4503,0.027986183762550354,0.0045914719812572,0.023205403238534927,3.786160596064292e-05
4504,0.028053313493728638,0.004628611262887716,0.023224670439958572,4.000616172561422e-05
4505,0.027976378798484802,0.004630055278539658,0.023123526945710182,4.455941962078214e-05
4506,0.02786998637020588,0.004564892500638962,0.02317746728658676,2.5525176170049235e-05
4507,0.027889007702469826,0.004648204892873764,0.023124827072024345,2.31952599278884e-05
4508,0.02797679975628853,0.004589483607560396,0.023223651573061943,3.273283800808713e-05
4509,0.027970287948846817,0.004641225095838308,0.023180818185210228,2.9649016141775064e-05
4510,0.0278600063174963,0.004592908080667257,0.023109879344701767,3.144373476970941e-05
4511,0.027797065675258636,0.004578037653118372,0.02310190722346306,2.3424205210176297e-05
4512,0.027853528037667274,0.004623401444405317,0.023111961781978607,2.3632728698430583e-05
4513,0.02792500890791416,0.0045856088399887085,0.02318430319428444,3.101952825090848e-05
4514,0.027902012690901756,0.004634623881429434,0.023139216005802155,2.5634535631979816e-05
4515,0.0278227049857378,0.0045749731361866,0.023117922246456146,2.5962059226003475e-05
4516,0.027794836089015007,0.004594889469444752,0.023077581077814102,2.4473161829519086e-05
4517,0.027834026142954826,0.0046014259569346905,0.02310960553586483,2.459892311890144e-05
4518,0.02786405384540558,0.004582901019603014,0.023130537942051888,3.01230884360848e-05
4519,0.027842797338962555,0.004618899431079626,0.023103458806872368,2.408785258012358e-05
4520,0.027809984982013702,0.004570543300360441,0.02311936765909195,2.4014798327698372e-05
4521,0.0278095081448555,0.004604365676641464,0.023073522374033928,2.6323856218368746e-05
4522,0.02782604657113552,0.004586829803884029,0.023112786933779716,2.52862591878511e-05
4523,0.027823742479085922,0.004585966467857361,0.02309294231235981,2.8966871468583122e-05
4524,0.027805443853139877,0.004602424334734678,0.02308550477027893,2.350270005990751e-05
4525,0.027800535783171654,0.004574042744934559,0.023108992725610733,2.350025715713855e-05
4526,0.02781347744166851,0.004604126326739788,0.023072587326169014,2.73529931291705e-05
4527,0.0278195608407259,0.004580093547701836,0.023113923147320747,2.510870763217099e-05
4528,0.027806095778942108,0.004592361394315958,0.023076863959431648,2.737420618359465e-05
4529,0.027791347354650497,0.004589711781591177,0.023084603250026703,2.3406466425512917e-05
4530,0.027794092893600464,0.0045815990306437016,0.02309536561369896,2.3425711333402433e-05
4531,0.027806660160422325,0.004597902297973633,0.023073315620422363,2.70882901531877e-05
4532,0.027809232473373413,0.004579457920044661,0.023108074441552162,2.4340100935660303e-05
4533,0.027799025177955627,0.004596557933837175,0.023073479533195496,2.57974534179084e-05
4534,0.027790725231170654,0.004582439083606005,0.023090407252311707,2.3575823433930054e-05
4535,0.027793075889348984,0.004589654505252838,0.02308637648820877,2.3408954803016968e-05
4536,0.02779880352318287,0.00459049828350544,0.023077940568327904,2.60730830632383e-05
4537,0.027798444032669067,0.004582698922604322,0.023097451776266098,2.365867476328276e-05
4538,0.02779376693069935,0.004595727659761906,0.023074813187122345,2.464545650582295e-05
4539,0.027792003005743027,0.004580394830554724,0.02309264987707138,2.3791724743205123e-05
4540,0.02779415063560009,0.004594496451318264,0.023082725703716278,2.338553713343572e-05
4541,0.027795124799013138,0.004585158079862595,0.0230846144258976,2.5070388801395893e-05
4542,0.027792492881417274,0.0045875608921051025,0.02308792993426323,2.3400441932608373e-05
4543,0.02778988890349865,0.004591239616274834,0.023078706115484238,2.3988804969121702e-05
4544,0.02779076062142849,0.004582367371767759,0.023088639602065086,2.3950686227180995e-05
4545,0.027793290093541145,0.004594333469867706,0.023082034662365913,2.3384278392768465e-05
4546,0.027793478220701218,0.0045832074247300625,0.02308802679181099,2.4448698241030797e-05
4547,0.027790918946266174,0.004591254983097315,0.0230824314057827,2.344643507967703e-05
4548,0.027788935229182243,0.004586589988321066,0.02308383397758007,2.3702168618910946e-05
4549,0.02778942696750164,0.004586494993418455,0.023082679137587547,2.4050345018622465e-05
4550,0.027790963649749756,0.0045906552113592625,0.023083265870809555,2.340854007343296e-05
4551,0.0277912188321352,0.004584399051964283,0.023085910826921463,2.418185795249883e-05
4552,0.027790118008852005,0.004591663833707571,0.023080740123987198,2.3542888811789453e-05
4553,0.02778918482363224,0.004584393929690123,0.023086683824658394,2.3621376385563053e-05
4554,0.027789343148469925,0.0045899017713963985,0.023079071193933487,2.407400097581558e-05
4555,0.02778979018330574,0.004586763679981232,0.023085851222276688,2.3435151888406835e-05
4556,0.027789553627371788,0.004587299656122923,0.023081747815012932,2.4101227609207854e-05
4557,0.027788875624537468,0.0045893220230937,0.023081714287400246,2.3568230972159654e-05
4558,0.0277886800467968,0.004585147835314274,0.02308538183569908,2.3630276700714603e-05
4559,0.02778908982872963,0.004590478725731373,0.02307860180735588,2.400216180831194e-05
4560,0.0277894027531147,0.004585144575685263,0.023086978122591972,2.345576103834901e-05
4561,0.02778906188905239,0.004589544143527746,0.023079222068190575,2.4059056158876047e-05
4562,0.027788465842604637,0.004586720373481512,0.02308398298919201,2.3552422135253437e-05
4563,0.02778824418783188,0.004587494768202305,0.023082375526428223,2.3675085685681552e-05
4564,0.027788488194346428,0.004588637501001358,0.02308044210076332,2.388190114288591e-05
4565,0.02778872661292553,0.004586121533066034,0.02308516763150692,2.348764792259317e-05
4566,0.027788596227765083,0.004589483141899109,0.023079195991158485,2.3983595383469947e-05
4567,0.027788326144218445,0.0045859054662287235,0.023084666579961777,2.3550976038677618e-05
4568,0.027788151055574417,0.004589099436998367,0.023080483078956604,2.371355913055595e-05
4569,0.02778814174234867,0.004586671944707632,0.02308252640068531,2.3788490580045618e-05
4570,0.027788229286670685,0.004588120151311159,0.023082423955202103,2.353723903070204e-05
4571,0.02778809703886509,0.0045877667143940926,0.023080896586179733,2.3887008865131065e-05
4572,0.027787942439317703,0.004587003495544195,0.023083046078681946,2.3578588297823444e-05
4573,0.027787884697318077,0.004588703624904156,0.023080620914697647,2.371192749706097e-05
4574,0.027787908911705017,0.00458637485280633,0.023082777857780457,2.3751365006319247e-05
4575,0.027787938714027405,0.004589015152305365,0.023081038147211075,2.3576871171826497e-05
4576,0.02778790332376957,0.004586507566273212,0.023082314059138298,2.3815970052964985e-05
4577,0.027787741273641586,0.004588454496115446,0.02308122254908085,2.3612825316376984e-05
4578,0.027787622064352036,0.004587308503687382,0.02308187261223793,2.3688426153967157e-05
4579,0.027787622064352036,0.004587489180266857,0.02308139018714428,2.3748805688228458e-05
4580,0.02778763882815838,0.004588216543197632,0.023081475868821144,2.3589258489664644e-05
4581,0.027787603437900543,0.0045868526212871075,0.023081805557012558,2.3788899852661416e-05
4582,0.027787532657384872,0.004588582552969456,0.02308082953095436,2.362413033552002e-05
4583,0.027787424623966217,0.004586784169077873,0.02308223396539688,2.3681433958699927e-05
4584,0.027787430211901665,0.004588366486132145,0.023080363869667053,2.3740307369735092e-05
4585,0.02778738923370838,0.004587172064930201,0.023082241415977478,2.3595377570018172e-05
4586,0.02778739668428898,0.004587931092828512,0.023080553859472275,2.3782138669048436e-05
4587,0.027787277474999428,0.004587630741298199,0.023081567138433456,2.361561928410083e-05
4588,0.027787229046225548,0.004587517119944096,0.023081213235855103,2.369991852901876e-05
4589,0.02778719738125801,0.004587990697473288,0.023080671206116676,2.3707103537162766e-05
4590,0.02778717875480652,0.0045872344635427,0.023081853985786438,2.361779843340628e-05
4591,0.027787161991000175,0.0045881993137300014,0.023080164566636086,2.375936855969485e-05
4592,0.02778713032603264,0.00458713760599494,0.02308192104101181,2.3614329620613717e-05
4593,0.027787044644355774,0.004588200710713863,0.023080261424183846,2.371655500610359e-05
4594,0.02778698317706585,0.004587267525494099,0.023081358522176743,2.3671544113312848e-05
4595,0.027786972001194954,0.004587971605360508,0.023080745711922646,2.365075306443032e-05
4596,0.027786903083324432,0.004587574861943722,0.02308073081076145,2.3719712771708146e-05
4597,0.02778685837984085,0.004587650764733553,0.023081054911017418,2.3630809664609842e-05
4598,0.027786841616034508,0.004587885458022356,0.023080406710505486,2.3709833840257488e-05
4599,0.027786802500486374,0.00458740908652544,0.023081099614501,2.3658702048123814e-05
4600,0.027786755934357643,0.004588053561747074,0.023080360144376755,2.366870285186451e-05
4601,0.027786729857325554,0.004587348084896803,0.023080915212631226,2.3693375624134205e-05
4602,0.02778674103319645,0.0045880526304244995,0.023080455139279366,2.3646602130611427e-05
4603,0.027786685153841972,0.004587415140122175,0.02308078669011593,2.369641515542753e-05
4604,0.0277866143733263,0.004587934818118811,0.023080386221408844,2.3658656573388726e-05
4605,0.02778654359281063,0.004587548319250345,0.02308063954114914,2.3671054805163294e-05
4606,0.027786575257778168,0.004587796051055193,0.023080354556441307,2.3685086489422247e-05
4607,0.027786502614617348,0.004587731324136257,0.023080524057149887,2.3649110516998917e-05
4608,0.027786431834101677,0.004587626550346613,0.023080332204699516,2.369478352193255e-05
4609,0.02778647094964981,0.004587899427860975,0.023080313578248024,2.365164073125925e-05
4610,0.027786362916231155,0.004587528295814991,0.02308044582605362,2.3678036086494103e-05
4611,0.02778635360300541,0.004587944597005844,0.023080039769411087,2.3673743271501735e-05
4612,0.027786264196038246,0.0045874882489442825,0.023080509155988693,2.3653450625715777e-05
4613,0.027786269783973694,0.004587960429489613,0.023079849779605865,2.3692078684689477e-05
4614,0.02778623253107071,0.004587545059621334,0.02308046445250511,2.36445866903523e-05
4615,0.027786187827587128,0.004587899893522263,0.023079847916960716,2.3688107830821536e-05
4616,0.027786172926425934,0.00458762189373374,0.023080267012119293,2.365681211813353e-05
4617,0.02778610773384571,0.0045878398232162,0.023079926148056984,2.3668075300520286e-05
4618,0.027786066755652428,0.004587700590491295,0.02307998761534691,2.367576780670788e-05
4619,0.02778606489300728,0.004587778355926275,0.023080023005604744,2.3652655727346428e-05
4620,0.027786020189523697,0.004587769974023104,0.02307984046638012,2.368219975323882e-05
4621,0.02778594195842743,0.00458771176636219,0.02307996153831482,2.3653887183172628e-05
4622,0.027785900980234146,0.004587830044329166,0.023079708218574524,2.3672600946156308e-05
4623,0.027785902842879295,0.004587666131556034,0.02307990752160549,2.366548142163083e-05
4624,0.027785860002040863,0.00458788825199008,0.02307967282831669,2.365981890761759e-05
4625,0.027785833925008774,0.004587642382830381,0.023079823702573776,2.367337219766341e-05
4626,0.02778572402894497,0.004587880801409483,0.023079561069607735,2.3656233679503202e-05
4627,0.027785731479525566,0.004587667528539896,0.02307971380650997,2.367006345593836e-05
4628,0.027785660699009895,0.004587872419506311,0.02307947725057602,2.3662278181291185e-05
4629,0.027785638347268105,0.004587700590491295,0.023079633712768555,2.3660812075831927e-05
4630,0.027785591781139374,0.004587844479829073,0.02307939901947975,2.3669921574764885e-05
4631,0.027785586193203926,0.004587735515087843,0.023079577833414078,2.3654558390262537e-05
4632,0.027785571292042732,0.004587823525071144,0.023079391568899155,2.367129854974337e-05
4633,0.027785493060946465,0.004587739240378141,0.02307947166264057,2.3656157281948254e-05
4634,0.02778545208275318,0.004587831906974316,0.023079292848706245,2.3665726985200308e-05
4635,0.027785426005721092,0.0045877741649746895,0.023079341277480125,2.3661874365643598e-05
4636,0.027785392478108406,0.004587812349200249,0.0230792835354805,2.3659211365156807e-05
4637,0.027785340324044228,0.00458779139444232,0.023079218342900276,2.366599983361084e-05
4638,0.027785295620560646,0.004587808158248663,0.02307920530438423,2.365631007705815e-05
4639,0.02778526581823826,0.004587800242006779,0.02307913824915886,2.3665570552111603e-05
4640,0.027785278856754303,0.004587806295603514,0.02307918295264244,2.365768341405783e-05
4641,0.027785195037722588,0.004587813280522823,0.023079073056578636,2.3661943487240933e-05
4642,0.02778514102101326,0.00458780350163579,0.023079033941030502,2.366065382375382e-05
4643,0.027785105630755424,0.004587826784700155,0.02307898737490177,2.3658229110878892e-05
4644,0.027785062789916992,0.00458779651671648,0.023078953847289085,2.3662452804273926e-05
4645,0.02778506465256214,0.004587841685861349,0.02307894080877304,2.3656511984881945e-05
4646,0.027785005047917366,0.004587796051055193,0.023078899830579758,2.3662089006393217e-05
4647,0.02778494730591774,0.0045878528617322445,0.023078808560967445,2.3657261408516206e-05
4648,0.027784906327724457,0.004587790463119745,0.02307881973683834,2.3659191356273368e-05
4649,0.027784889563918114,0.004587862174957991,0.02307872660458088,2.3660180886508897e-05
4650,0.02778487466275692,0.004587789531797171,0.023078806698322296,2.365565705986228e-05
4651,0.02778480015695095,0.004587870091199875,0.023078618571162224,2.3662221792619675e-05
4652,0.027784768491983414,0.0045878104865550995,0.023078689351677895,2.36538726312574e-05
4653,0.027784772217273712,0.004587866365909576,0.023078596219420433,2.3661876184633e-05
4654,0.027784664183855057,0.004587811883538961,0.02307857759296894,2.3654838514630683e-05
4655,0.027784619480371475,0.004587872419506311,0.023078452795743942,2.365885302424431e-05
4656,0.02778460644185543,0.004587808158248663,0.02307850867509842,2.3657685233047232e-05
4657,0.02778458036482334,0.004587883595377207,0.023078419268131256,2.3655426048208028e-05
4658,0.027784567326307297,0.004587792791426182,0.023078477010130882,2.365928958170116e-05
4659,0.027784492820501328,0.004587918519973755,0.023078301921486855,2.365444743190892e-05
4660,0.027784457430243492,0.0045877862721681595,0.02307838201522827,2.3657979909330606e-05
4661,0.027784457430243492,0.004587932024151087,0.02307824231684208,2.365663749515079e-05
4662,0.02778438664972782,0.004587761592119932,0.023078354075551033,2.36542837228626e-05
4663,0.027784314006567,0.0045879608951509,0.023078054189682007,2.365980799368117e-05
4664,0.02778428979218006,0.004587750416249037,0.023078283295035362,2.365122054470703e-05
4665,0.027784278616309166,0.004587997682392597,0.02307797409594059,2.3661232262384146e-05
4666,0.02778421901166439,0.004587740637362003,0.023078227415680885,2.364996362302918e-05
4667,0.027784224599599838,0.004588042851537466,0.02307787537574768,2.3661139493924566e-05
4668,0.02778414636850357,0.004587679635733366,0.02307821623980999,2.364990177738946e-05
4669,0.02778412029147148,0.004588110372424126,0.0230777096003294,2.366009539400693e-05
4670,0.027784043923020363,0.004587598145008087,0.02307819575071335,2.364991269132588e-05
4671,0.027784055098891258,0.00458820816129446,0.023077543824911118,2.3660299120820127e-05
4672,0.027783958241343498,0.0045874766074121,0.02307824045419693,2.3648184651392512e-05
4673,0.027784008532762527,0.004588359501212835,0.023077333346009254,2.3662882085773163e-05
4674,0.027783934026956558,0.0045873201452195644,0.023078393191099167,2.364389547437895e-05
4675,0.027783922851085663,0.004588588606566191,0.023076992481946945,2.3668377252761275e-05
4676,0.027783861383795738,0.004587053786963224,0.023078622296452522,2.363688690820709e-05
4677,0.02778385765850544,0.00458894157782197,0.023076530545949936,2.3677066565142013e-05
4678,0.027783861383795738,0.004586624447256327,0.023079102858901024,2.3626806068932638e-05
4679,0.027783863246440887,0.004589532967656851,0.023075878620147705,2.369014691794291e-05
4680,0.027783885598182678,0.004585933405905962,0.02307989075779915,2.361236693104729e-05
4681,0.02778393216431141,0.0045904540456831455,0.02307492308318615,2.3711198082310148e-05
4682,0.027784112840890884,0.004584860987961292,0.023081297054886818,2.3590737328049727e-05
4683,0.027784306555986404,0.0045920140109956264,0.023073555901646614,2.3747124942019582e-05
4684,0.027784744277596474,0.0045831091701984406,0.023083841428160667,2.355881042603869e-05
4685,0.027785414829850197,0.0045946501195430756,0.023071710020303726,2.3811046048649587e-05
4686,0.02778659760951996,0.004580366425216198,0.023088661953806877,2.351403600187041e-05
4687,0.027788562700152397,0.004599274136126041,0.023069627583026886,2.3932232579682022e-05
4688,0.027791833505034447,0.004576112609356642,0.0230984129011631,2.346157816646155e-05
4689,0.027797428891062737,0.004607739392668009,0.023068804293870926,2.417705036350526e-05
4690,0.027806824073195457,0.004569971468299627,0.02311965823173523,2.34387753152987e-05
4691,0.02782277762889862,0.00462403055280447,0.023075193166732788,2.4710670913918875e-05
4692,0.027849791571497917,0.004562685266137123,0.023169133812189102,2.3594649974256754e-05
4693,0.027895523235201836,0.0046571469865739346,0.0231085866689682,2.595798287075013e-05
4694,0.027971765026450157,0.0045594568364322186,0.02329018898308277,2.4423623472102918e-05
4695,0.028096873313188553,0.004726532381027937,0.023225437849760056,2.8980386559851468e-05
4696,0.028292305767536163,0.0045776995830237865,0.023578310385346413,2.7259042326477356e-05
4697,0.028576815500855446,0.0048614125698804855,0.023536304011940956,3.5819852200802416e-05
4698,0.028928956016898155,0.004642173647880554,0.024116497486829758,3.405691677471623e-05
4699,0.029254216700792313,0.0050277006812393665,0.02399381622672081,4.654022632166743e-05
4700,0.02933957241475582,0.004689359106123447,0.024445224553346634,4.0997943870024756e-05
4701,0.029024185612797737,0.004963097628206015,0.023819925263524055,4.823241397389211e-05
4702,0.028404541313648224,0.004584024660289288,0.023652350530028343,3.3633590646786615e-05
4703,0.02790023386478424,0.004648528061807156,0.023094478994607925,3.144515721942298e-05
4704,0.0278340894728899,0.004624421242624521,0.02309301495552063,2.333065276616253e-05
4705,0.02812584489583969,0.004576418548822403,0.023429537191987038,2.3977911041583866e-05
4706,0.028411542996764183,0.00481610931456089,0.02344140224158764,3.0806393624516204e-05
4707,0.02839040756225586,0.004589218180626631,0.023653119802474976,2.961381323984824e-05
4708,0.028102559968829155,0.0047163511626422405,0.023209065198898315,3.542847844073549e-05
4709,0.02785310335457325,0.004571536090224981,0.02314826101064682,2.666129330464173e-05
4710,0.027860457077622414,0.004576080944389105,0.023150363937020302,2.680248871911317e-05
4711,0.028031205758452415,0.004706651903688908,0.02320781722664833,2.334759119548835e-05
4712,0.028119537979364395,0.004571653436869383,0.02342807874083519,2.3961159968166612e-05
4713,0.028022050857543945,0.0047006746754050255,0.02317814528942108,2.864612361008767e-05
4714,0.027866268530488014,0.00456393463537097,0.023173216730356216,2.5823244868661277e-05
4715,0.027825811877846718,0.004587570205330849,0.023092366755008698,2.917491292464547e-05
4716,0.027906227856874466,0.004654829856008291,0.023132935166358948,2.3692329705227166e-05
4717,0.027970755472779274,0.004566067364066839,0.023281916975975037,2.4554174160584807e-05
4718,0.027929136529564857,0.004672733601182699,0.023135190829634666,2.4242484869319014e-05
4719,0.027836816385388374,0.00456331018358469,0.02315397374331951,2.3906161004561e-05
4720,0.02780434675514698,0.004591682460159063,0.02307458035647869,2.761684481811244e-05
4721,0.027851466089487076,0.004627124406397343,0.023103347048163414,2.4198805476771668e-05
4722,0.027897942811250687,0.004567278083413839,0.023198645561933517,2.6403644369565882e-05
4723,0.02787749096751213,0.004649391397833824,0.023111358284950256,2.3348209651885554e-05
4724,0.027816379442811012,0.004566911142319441,0.023130634799599648,2.3766493541188538e-05
4725,0.027787627652287483,0.004591926001012325,0.023069877177476883,2.5164548787870444e-05
4726,0.027814820408821106,0.004611090291291475,0.02308519557118416,2.370704351051245e-05
4727,0.02785160019993782,0.004569613840430975,0.023149622604250908,2.647283508849796e-05
4728,0.027847876772284508,0.004632284399122,0.023098181933164597,2.348204725421965e-05
4729,0.027809781953692436,0.0045717451721429825,0.02311488799750805,2.4629664039821364e-05
4730,0.027783306315541267,0.004591938108205795,0.023072537034749985,2.3766076992615126e-05
4731,0.027793146669864655,0.004602040164172649,0.023074069991707802,2.3407459593727253e-05
4732,0.027818217873573303,0.004571549128741026,0.023120610043406487,2.521173701097723e-05
4733,0.027824293822050095,0.004620204214006662,0.02308708056807518,2.340175342396833e-05
4734,0.02780565433204174,0.004575145430862904,0.023105239495635033,2.505363227101043e-05
4735,0.027785997837781906,0.004592702258378267,0.023076234385371208,2.3412503651343286e-05
4736,0.02778542973101139,0.00459689786657691,0.023069489747285843,2.380816476943437e-05
4737,0.027798470109701157,0.004573572892695665,0.023104526102542877,2.4074157408904284e-05
4738,0.02780570648610592,0.004611948039382696,0.0230769794434309,2.3355749362963252e-05
4739,0.0277988500893116,0.0045763342641294,0.02309919148683548,2.4664641387062147e-05
4740,0.027787409722805023,0.004593937192112207,0.02307647094130516,2.3400412828777917e-05
4741,0.02778417430818081,0.004593110177665949,0.02306964248418808,2.4284241590066813e-05
4742,0.02778972126543522,0.00457619596272707,0.023095492273569107,2.360693906666711e-05
4743,0.02779475413262844,0.004606243222951889,0.023070164024829865,2.366937587794382e-05
4744,0.027792513370513916,0.004576404578983784,0.02309599332511425,2.402295285719447e-05
4745,0.02778613194823265,0.004595354665070772,0.023073457181453705,2.346405563002918e-05
4746,0.027783095836639404,0.004589287098497152,0.02307259291410446,2.4242972358479165e-05
4747,0.027785582467913628,0.004579584579914808,0.02308845892548561,2.350780414417386e-05
4748,0.027789179235696793,0.004601586610078812,0.023067446425557137,2.4029308406170458e-05
4749,0.0277889221906662,0.004576781298965216,0.02309391275048256,2.3645507098990493e-05
4750,0.027785183861851692,0.004596533719450235,0.02307014912366867,2.3700156816630624e-05
4751,0.027782127261161804,0.00458568474277854,0.02307705022394657,2.3878308638813905e-05
4752,0.02778259851038456,0.004583470057696104,0.023081354796886444,2.355447031732183e-05
4753,0.027785206213593483,0.00459690298885107,0.023068131878972054,2.403435246378649e-05
4754,0.027786482125520706,0.004578291438519955,0.02309042401611805,2.355353717575781e-05
4755,0.02778494544327259,0.004596731625497341,0.023068465292453766,2.3949562091729604e-05
4756,0.027782483026385307,0.004583192057907581,0.023081127554178238,2.363277781114448e-05
4757,0.027781374752521515,0.004587250296026468,0.023075364530086517,2.375191979808733e-05
4758,0.02778240665793419,0.004592376761138439,0.0230710431933403,2.3797321773599833e-05
4759,0.02778378315269947,0.004580875858664513,0.02308478206396103,2.3624968889635056e-05
4760,0.027783887460827827,0.00459544500336051,0.023068783804774284,2.393173963355366e-05
4761,0.027782786637544632,0.004582281690090895,0.023082559928297997,2.3588891053805128e-05
4762,0.027781609445810318,0.004589982330799103,0.023072056472301483,2.3914017219794914e-05
4763,0.0277814082801342,0.004588764626532793,0.023074505850672722,2.362775558140129e-05
4764,0.02778204344213009,0.004583902191370726,0.02307918295264244,2.3791624698787928e-05
4765,0.027782481163740158,0.004593131598085165,0.023070670664310455,2.3735829017823562e-05
4766,0.027782239019870758,0.004582855384796858,0.023081015795469284,2.3673483156017028e-05
4767,0.02778160572052002,0.004591132514178753,0.023071248084306717,2.3844697352615185e-05
4768,0.027781181037425995,0.0045865909196436405,0.02307654172182083,2.360961661906913e-05
4769,0.02778126485645771,0.004586427938193083,0.023075472563505173,2.3872844394645654e-05
4770,0.027781618759036064,0.0045907702296972275,0.023072779178619385,2.3613800294697285e-05
4771,0.027781743556261063,0.004584200214594603,0.023078493773937225,2.380974001425784e-05
4772,0.027781419456005096,0.00459101190790534,0.02307199127972126,2.3682996470597573e-05
4773,0.0277810450643301,0.004585754591971636,0.02307673916220665,2.371020491409581e-05
4774,0.027780847623944283,0.004587996285408735,0.023073960095643997,2.3778136892360635e-05
4775,0.0277809239923954,0.004588959272950888,0.023073779419064522,2.3637050617253408e-05
4776,0.027781164273619652,0.004585507791489363,0.023076482117176056,2.3834649255149998e-05
4777,0.027781223878264427,0.004590359516441822,0.023072751238942146,2.3622402295586653e-05
4778,0.027781007811427116,0.004585654940456152,0.023076273500919342,2.3815873646526597e-05
4779,0.027780739590525627,0.004588828422129154,0.023073581978678703,2.3665472326683812e-05
4780,0.02778061479330063,0.004587783012539148,0.02307410165667534,2.3745991711621173e-05
4781,0.02778063714504242,0.0045865559950470924,0.023075398057699203,2.3736969524179585e-05
4782,0.027780696749687195,0.004589573480188847,0.023072723299264908,2.3680349841015413e-05
4783,0.02778073586523533,0.004585789982229471,0.02307599037885666,2.379103534622118e-05
4784,0.02778063714504242,0.004589306190609932,0.02307305857539177,2.3654347387491725e-05
4785,0.027780473232269287,0.004586932715028524,0.02307455614209175,2.3796692403266206e-05
4786,0.02778043784201145,0.004587572067975998,0.023074518889188766,2.366921580687631e-05
4787,0.02778039127588272,0.004588680807501078,0.023072898387908936,2.376244265178684e-05
4788,0.027780422940850258,0.004586235154420137,0.023075660690665245,2.3705393687123433e-05
4789,0.027780380100011826,0.004589366726577282,0.023072412237524986,2.37204585573636e-05
4790,0.027780337259173393,0.004586383234709501,0.02307526022195816,2.3738784875604324e-05
4791,0.027780232951045036,0.004588521085679531,0.023073241114616394,2.36938340094639e-05
4792,0.027780182659626007,0.00458765123039484,0.023073755204677582,2.3755274014547467e-05
4793,0.02778017148375511,0.004587144590914249,0.023074595257639885,2.3686099666520022e-05
4794,0.027780180796980858,0.004588824696838856,0.023072581738233566,2.3755086658638902e-05
4795,0.02778017334640026,0.00458647683262825,0.023075241595506668,2.3690832676948048e-05
4796,0.02778012864291668,0.004588969983160496,0.02307243086397648,2.3745365979266353e-05
4797,0.027780013158917427,0.004586892668157816,0.023074615746736526,2.3700989913777448e-05
4798,0.027779962867498398,0.00458815461024642,0.023073147982358932,2.3731789042358287e-05
4799,0.027779923751950264,0.004587889648973942,0.023073464632034302,2.371398477407638e-05
4800,0.02777993306517601,0.004587220493704081,0.023074127733707428,2.37171752814902e-05
4801,0.02777985669672489,0.004588596522808075,0.02307261899113655,2.3728216547169723e-05
4802,0.027779893949627876,0.004586897790431976,0.023074479773640633,2.3703347324044444e-05
4803,0.027779849246144295,0.004588568117469549,0.023072581738233566,2.373967618041206e-05
4804,0.02777976356446743,0.0045872703194618225,0.023074019700288773,2.369473259022925e-05
4805,0.027779724448919296,0.004587975330650806,0.02307303063571453,2.3743683414068073e-05
4806,0.027779636904597282,0.004587929230183363,0.023073237389326096,2.3694066840107553e-05
4807,0.027779635041952133,0.004587413277477026,0.023073529824614525,2.3738210074952804e-05
4808,0.027779631316661835,0.0045883371494710445,0.023072784766554832,2.370185211475473e-05
4809,0.027779575437307358,0.004587269853800535,0.023073675110936165,2.3725871869828552e-05
4810,0.027779540047049522,0.00458825146779418,0.02307271771132946,2.371409209445119e-05
4811,0.027779513970017433,0.00458756648004055,0.023073384538292885,2.37127642321866e-05
4812,0.0277794748544693,0.004587865434587002,0.0230729840695858,2.3724725906504318e-05
4813,0.02777942642569542,0.004587946459650993,0.02307295985519886,2.370399670326151e-05
4814,0.027779368683695793,0.004587540868669748,0.02307317592203617,2.3730524844722822e-05
4815,0.027779385447502136,0.004588185343891382,0.02307269722223282,2.370049878663849e-05
4816,0.02777934819459915,0.004587498493492603,0.023073190823197365,2.3731412511551753e-05
4817,0.02777930162847042,0.004588110372424126,0.023072684183716774,2.370150832575746e-05
4818,0.027779221534729004,0.00458769453689456,0.02307288348674774,2.3728714950266294e-05
4819,0.027779242023825645,0.004587838426232338,0.023072877898812294,2.370512629568111e-05
4820,0.027779173105955124,0.004587981384247541,0.02307257056236267,2.372431117692031e-05
4821,0.027779163792729378,0.004587617702782154,0.023072998970746994,2.3709566448815167e-05
4822,0.027779102325439453,0.004588134121149778,0.023072369396686554,2.3719630917184986e-05
4823,0.02777903527021408,0.004587565083056688,0.023072900250554085,2.3713952032267116e-05
4824,0.027779079973697662,0.004588118754327297,0.023072386160492897,2.3715050701866858e-05
4825,0.027778977528214455,0.004587679170072079,0.023072710260748863,2.371777009102516e-05
4826,0.027778945863246918,0.0045879255048930645,0.023072462528944016,2.3711354515398853e-05
4827,0.02777891419827938,0.0045879073441028595,0.02307240664958954,2.3719985620118678e-05
4828,0.02777888812124729,0.004587737377732992,0.023072604089975357,2.370933725615032e-05
4829,0.02777882106602192,0.004588070325553417,0.023072145879268646,2.3720704120933078e-05
4830,0.027778849005699158,0.004587654955685139,0.023072652518749237,2.3708564185653813e-05
4831,0.027778802439570427,0.004588101524859667,0.023072097450494766,2.3720816898276098e-05
4832,0.02777875028550625,0.0045877075754106045,0.02307250164449215,2.370806578255724e-05
4833,0.027778709307312965,0.004588017705827951,0.02307208813726902,2.3720936951576732e-05
4834,0.02777867764234543,0.004587847739458084,0.023072291165590286,2.370770016568713e-05
4835,0.02777865342795849,0.004587886855006218,0.02307216078042984,2.3721133402432315e-05
4836,0.0277786273509264,0.004587971605360508,0.023072117939591408,2.37074800679693e-05
4837,0.027778564020991325,0.004587799776345491,0.02307215891778469,2.3721147954347543e-05
4838,0.027778543531894684,0.004588029347360134,0.023071974515914917,2.3707811124040745e-05
4839,0.027778496965765953,0.004587795585393906,0.023072101175785065,2.372019662288949e-05
4840,0.02777845226228237,0.004588000010699034,0.023071905598044395,2.370912625337951e-05
4841,0.02777843549847603,0.004587869625538588,0.023071972653269768,2.371864866290707e-05
4842,0.0277783814817667,0.004587927367538214,0.023071900010108948,2.3710792447673157e-05
4843,0.02777833677828312,0.0045879557728767395,0.02307179756462574,2.3716844225418754e-05
4844,0.02777833491563797,0.004587859846651554,0.02307191491127014,2.371240043430589e-05
4845,0.027778293937444687,0.004588029813021421,0.023071685805916786,2.3715407223789953e-05
4846,0.027778256684541702,0.004587834235280752,0.023071855306625366,2.3713428163318895e-05
4847,0.02777823805809021,0.00458803353831172,0.02307163178920746,2.371448681515176e-05
4848,0.027778206393122673,0.004587863571941853,0.02307177148759365,2.3714188500889577e-05
4849,0.027778171002864838,0.004587997682392597,0.02307160384953022,2.3713884729659185e-05
4850,0.02777814492583275,0.004587923176586628,0.02307165041565895,2.3714535927865654e-05
4851,0.027778087183833122,0.004587946459650993,0.023071574047207832,2.3713444534223527e-05
4852,0.027778079733252525,0.004587989300489426,0.023071516305208206,2.371494883846026e-05
4853,0.02777799777686596,0.004587908741086721,0.023071521893143654,2.371318441873882e-05
4854,0.02777795121073723,0.00458805076777935,0.023071322590112686,2.371569280512631e-05
4855,0.02777794748544693,0.00458788825199008,0.023071497678756714,2.3712223992333747e-05
4856,0.027777906507253647,0.004588061477988958,0.023071259260177612,2.3717035219306126e-05
4857,0.027777891606092453,0.004587884526699781,0.023071452975273132,2.3710672394372523e-05
4858,0.02777782455086708,0.004588049836456776,0.023071179166436195,2.3718779630144127e-05
4859,0.027777809649705887,0.004587939009070396,0.023071326315402985,2.3708862499915995e-05
4860,0.027777787297964096,0.004588011186569929,0.0230711717158556,2.372089511482045e-05
4861,0.027777714654803276,0.004587979521602392,0.023071201518177986,2.370654146943707e-05
4862,0.027777712792158127,0.004587987437844276,0.023071106523275375,2.372359813307412e-05
4863,0.027777664363384247,0.004588011186569929,0.023071132600307465,2.3703840270172805e-05
4864,0.027777651324868202,0.004587988834828138,0.023071028292179108,2.372689232288394e-05
4865,0.027777567505836487,0.0045880223624408245,0.023071041330695152,2.3700502424617298e-05
4866,0.027777554467320442,0.00458800233900547,0.023070894181728363,2.373142706346698e-05
4867,0.027777520939707756,0.004588005598634481,0.023071039468050003,2.369526555412449e-05
4868,0.027777479961514473,0.0045880540274083614,0.02307073399424553,2.3738333766232245e-05
4869,0.027777450159192085,0.004587950650602579,0.023071063682436943,2.368718196521513e-05
4870,0.027777448296546936,0.004588138312101364,0.0230705626308918,2.374934956606012e-05
4871,0.02777736261487007,0.004587869625538588,0.02307111769914627,2.3674909243709408e-05
4872,0.02777739427983761,0.004588211886584759,0.02307034656405449,2.376695192651823e-05
4873,0.02777739241719246,0.004587792791426182,0.023071318864822388,2.365632462897338e-05
4874,0.02777732163667679,0.004588346928358078,0.023069998249411583,2.3795419110683724e-05
4875,0.02777731604874134,0.004587681032717228,0.023071492090821266,2.362831037316937e-05
4876,0.0277772918343544,0.004588493146002293,0.023069582879543304,2.3843178496463224e-05
4877,0.02777732163667679,0.004587504547089338,0.023071883246302605,2.358659912715666e-05
4878,0.027777399867773056,0.004588752519339323,0.02306901477277279,2.392658279859461e-05
4879,0.027777520939707756,0.004587242379784584,0.023072637617588043,2.3528111341875046e-05
4880,0.027777737006545067,0.0045891753397881985,0.02306816354393959,2.407945430604741e-05
4881,0.027778074145317078,0.004586808383464813,0.02307397685945034,2.3457609131583013e-05
4882,0.027778683230280876,0.004589911084622145,0.023066885769367218,2.4377211957471445e-05
4883,0.027779798954725266,0.004586142487823963,0.02307659387588501,2.3412861992255785e-05
4884,0.027781562879681587,0.004591273609548807,0.02306527830660343,2.5002296752063558e-05
4885,0.027784598991274834,0.004585158545523882,0.02308170683681965,2.35468633036362e-05
4886,0.02778979204595089,0.004593872930854559,0.02306380309164524,2.6423276722198352e-05
4887,0.02779853716492653,0.004583920817822218,0.023092687129974365,2.4385682991123758e-05
4888,0.027813447639346123,0.004599177744239569,0.023064788430929184,2.9896185878897086e-05
4889,0.02783874049782753,0.004583252128213644,0.02311752177774906,2.7593376216827892e-05
4890,0.02788127213716507,0.004610638599842787,0.02307680994272232,3.876464325003326e-05
4891,0.027951132506132126,0.004586041904985905,0.023175865411758423,3.7845249607926235e-05
4892,0.02806156501173973,0.0046356129460036755,0.02312253601849079,6.068324000807479e-05
4893,0.02822357974946499,0.004599008243530989,0.023302815854549408,6.435090472223237e-05
4894,0.028429962694644928,0.004681657999753952,0.02323220670223236,0.00010321941954316571
4895,0.02862650156021118,0.004621928092092276,0.02348456159234047,0.00010400221071904525
4896,0.028698686510324478,0.004719886928796768,0.023319927975535393,0.00013177425717003644
4897,0.028536656871438026,0.004609604831784964,0.02346612513065338,9.218536433763802e-05
4898,0.028187725692987442,0.004674757365137339,0.02316214330494404,7.016524614300579e-05
4899,0.02788451313972473,0.004564384929835796,0.023180712014436722,2.7882939320988953e-05
4900,0.0278299693018198,0.004623766988515854,0.02308761142194271,2.3718115699011832e-05
4901,0.02799147367477417,0.004602107685059309,0.02315390110015869,4.7093035391299054e-05
4902,0.02815604768693447,0.004634955432265997,0.023257724940776825,5.2673363825306296e-05
4903,0.02813849039375782,0.0046363696455955505,0.023180291056632996,6.436604599002749e-05
4904,0.027955282479524612,0.004600148182362318,0.023176848888397217,3.565680526662618e-05
4905,0.02779790759086609,0.004602319095283747,0.02306240424513817,2.663684426806867e-05
4906,0.02780955098569393,0.004582674708217382,0.023085525259375572,2.8270216716919094e-05
4907,0.027933301404118538,0.004616726189851761,0.023150820285081863,3.3150816307170317e-05
4908,0.028003929182887077,0.004611034411936998,0.02315618097782135,4.7342964535346255e-05
4909,0.027941560372710228,0.00462181493639946,0.023159686475992203,3.201165600330569e-05
4910,0.02782696671783924,0.004586501512676477,0.023100463673472404,2.8000524253002368e-05
4911,0.027787068858742714,0.00460286857560277,0.023059027269482613,2.5034820282598957e-05
4912,0.027840599417686462,0.004579563159495592,0.023122986778616905,2.7609967219177634e-05
4913,0.02789624221622944,0.004614196252077818,0.023085840046405792,3.924101110897027e-05
4914,0.02787826955318451,0.004590991884469986,0.023138675838708878,2.97205460810801e-05
4915,0.027812009677290916,0.004596117418259382,0.02307278662919998,2.862099245248828e-05
4916,0.02777736447751522,0.004592027049511671,0.023065999150276184,2.3867529307608493e-05
4917,0.027803869917988777,0.004580257460474968,0.023099733516573906,2.477591624483466e-05
4918,0.027844643220305443,0.0046095713041722775,0.02306915819644928,3.318268136354163e-05
4919,0.027845127508044243,0.004579984582960606,0.023128092288970947,2.741037133091595e-05
4920,0.027808377519249916,0.004605474416166544,0.023060856387019157,2.8409325750544667e-05
4921,0.027781005948781967,0.004578333348035812,0.02308466285467148,2.3602047804160975e-05
4922,0.02778954617679119,0.0045959861017763615,0.023075489327311516,2.361433143960312e-05
4923,0.027812890708446503,0.0045907641761004925,0.023078689351677895,2.868727096938528e-05
4924,0.02781660296022892,0.004593378864228725,0.023097533732652664,2.513778417778667e-05
4925,0.02779647707939148,0.004591440316289663,0.023069849237799644,2.7037420295528136e-05
4926,0.027777712792158127,0.004587490577250719,0.02307255193591118,2.353406853217166e-05
4927,0.027779802680015564,0.0045884414575994015,0.023073872551321983,2.3497654183302075e-05
4928,0.027794482186436653,0.004590507131069899,0.023070314899086952,2.6732121114037e-05
4929,0.02780071459710598,0.004592138808220625,0.023087454959750175,2.422417492198292e-05
4930,0.027791686356067657,0.004587746690958738,0.023072637617588043,2.626016066642478e-05
4931,0.027779655531048775,0.004593177232891321,0.02306906320154667,2.3483285986003466e-05
4932,0.02777816168963909,0.004581767600029707,0.023078596219420433,2.3559514374937862e-05
4933,0.027785856276750565,0.004596744664013386,0.023060599341988564,2.5702143830130808e-05
4934,0.027790959924459457,0.004582016263157129,0.023089362308382988,2.3916501959320158e-05
4935,0.02778700552880764,0.004595599602907896,0.02306116744875908,2.6047542633023113e-05
4936,0.027779070660471916,0.0045837401412427425,0.023077741265296936,2.3517855879617855e-05
4937,0.027775969356298447,0.004590352065861225,0.02306664176285267,2.3794917069608346e-05
4938,0.027779342606663704,0.004588183015584946,0.023067718371748924,2.468817365297582e-05
4939,0.027783330529928207,0.004587990231812,0.023077471181750298,2.357367702643387e-05
4940,0.027782682329416275,0.004590306431055069,0.023065220564603806,2.5431154426769353e-05
4941,0.027778461575508118,0.004586707800626755,0.023074205964803696,2.350945578655228e-05
4942,0.027775580063462257,0.0045891436748206615,0.02306644432246685,2.3998358301469125e-05
4943,0.02777661755681038,0.004587262868881226,0.023068400099873543,2.4191062038880773e-05
4944,0.02777939662337303,0.004589416086673737,0.023072537034749985,2.3488661099690944e-05
4945,0.02778026834130287,0.00458733132109046,0.023068221285939217,2.4943141397670843e-05
4946,0.02777841128408909,0.004590287804603577,0.02307068184018135,2.348816087760497e-05
4947,0.02777610905468464,0.004585291724652052,0.023070290684700012,2.410536035313271e-05
4948,0.02777574025094509,0.0045914738439023495,0.02306455560028553,2.3942058760439977e-05
4949,0.02777709811925888,0.004584270063787699,0.023075183853507042,2.3529024474555627e-05
4950,0.027778200805187225,0.004592105280607939,0.02306262031197548,2.4694998501217924e-05
4951,0.02777770906686783,0.0045845964923501015,0.023075565695762634,2.350949216634035e-05
4952,0.027776235714554787,0.004590984899550676,0.023063739761710167,2.4302324163727462e-05
4953,0.027775363996624947,0.004585642833262682,0.023071132600307465,2.3717788280919194e-05
4954,0.027775626629590988,0.004589821677654982,0.023067545145750046,2.365180989727378e-05
4955,0.027776390314102173,0.004586726427078247,0.023068275302648544,2.4277675038320012e-05
4956,0.027776630595326424,0.00458943797275424,0.023069579154253006,2.352269075345248e-05
4957,0.027775976806879044,0.004586738999933004,0.023067981004714966,2.425109050818719e-05
4958,0.027775228023529053,0.004589485470205545,0.02306746505200863,2.365562795603182e-05
4959,0.027774954214692116,0.004586317576467991,0.02306980825960636,2.376564771111589e-05
4960,0.027775276452302933,0.0045897383242845535,0.02306516468524933,2.4074794055195525e-05
4961,0.027775635942816734,0.0045863548293709755,0.023071471601724625,2.3561917259939946e-05
4962,0.02777557633817196,0.004589539486914873,0.02306484989821911,2.423762998660095e-05
4963,0.027775170281529427,0.004586732015013695,0.023070424795150757,2.3602520741405897e-05
4964,0.027774784713983536,0.004589012823998928,0.023066209629178047,2.391265115875285e-05
4965,0.027774753049016,0.004587208386510611,0.02306826040148735,2.3856860934756696e-05
4966,0.027774924412369728,0.00458870641887188,0.023068014532327652,2.3640865038032643e-05
4967,0.02777511440217495,0.004587424453347921,0.02306724525988102,2.408900036243722e-05
4968,0.027775004506111145,0.0045887683518230915,0.023068195208907127,2.3608279661857523e-05
4969,0.027774730697274208,0.004587178118526936,0.023067712783813477,2.3968061213963665e-05
4970,0.027774548158049583,0.0045890663750469685,0.02306668646633625,2.3759177565807477e-05
4971,0.02777455560863018,0.0045867906883358955,0.023069143295288086,2.372449125687126e-05
4972,0.027774667367339134,0.00458945520222187,0.02306528203189373,2.3986061933101155e-05
4973,0.027774740010499954,0.004586496856063604,0.02307009883224964,2.3628697817912325e-05
4974,0.027774617075920105,0.004589704796671867,0.02306482568383217,2.4017235773499124e-05
4975,0.02777453139424324,0.00458627101033926,0.023069852963089943,2.368176319578197e-05
4976,0.02777443639934063,0.00458997068926692,0.023065226152539253,2.384775689279195e-05
4977,0.027774497866630554,0.004585967864841223,0.02306937985122204,2.3829816200304776e-05
4978,0.027774585410952568,0.004590488970279694,0.02306554652750492,2.3709924789727665e-05
4979,0.027774767950177193,0.0045854016207158566,0.02306976728141308,2.3919803425087593e-05
4980,0.027774738147854805,0.004591386765241623,0.023064836859703064,2.3702785256318748e-05
4981,0.02777484618127346,0.004584354814141989,0.023071253672242165,2.384759864071384e-05
4982,0.027775079011917114,0.004592855926603079,0.023063160479068756,2.3812410290702246e-05
4983,0.027775440365076065,0.004582784604281187,0.023074055090546608,2.3720116587355733e-05
4984,0.027776038274168968,0.0045950524508953094,0.02306118607521057,2.3959957616170868e-05
4985,0.0277769323438406,0.0045806290581822395,0.023078029975295067,2.365441650908906e-05
4986,0.02777821011841297,0.004598412197083235,0.023059675469994545,2.4024509912123904e-05
4987,0.02778002992272377,0.004577725660055876,0.023084016516804695,2.365748332522344e-05
4988,0.02778284065425396,0.004603718873113394,0.023059140890836716,2.399620098003652e-05
4989,0.027787167578935623,0.004573820158839226,0.023094914853572845,2.3686516215093434e-05
4990,0.027793709188699722,0.004612606950104237,0.023061174899339676,2.3985785446711816e-05
4991,0.027803724631667137,0.004568818956613541,0.023116465657949448,2.3687918655923568e-05
4992,0.02781905233860016,0.004628090187907219,0.02307036519050598,2.4119291992974468e-05
4993,0.027842389419674873,0.004563465248793364,0.023160573095083237,2.366996523051057e-05
4994,0.02787797711789608,0.004655767232179642,0.023099588230252266,2.4524168111383915e-05
4995,0.027931196615099907,0.004561090376228094,0.023251261562108994,2.376882912358269e-05
4996,0.0280096884816885,0.004705311264842749,0.023177631199359894,2.5348963390570134e-05
4997,0.02811986394226551,0.004569968208670616,0.023428909480571747,2.4197132006520405e-05
4998,0.028265779837965965,0.004786629695445299,0.023345571011304855,2.67160139628686e-05
4999,0.028434993699193,0.004598952364176512,0.023710671812295914,2.507363387849182e-05
5000,0.028594421222805977,0.004879912361502647,0.023572612553834915,2.8379217837937176e-05
5001,0.028672825545072556,0.004626067355275154,0.02391722798347473,2.5906179871526547e-05
5002,0.02860378660261631,0.004880902823060751,0.023578399792313576,2.8896885851281695e-05
5003,0.0283671747893095,0.004591924138367176,0.023648718371987343,2.530622441554442e-05
5004,0.028058839961886406,0.004719690885394812,0.023205546662211418,2.6720263122115284e-05
5005,0.027829688042402267,0.004564614966511726,0.023146454244852066,2.3723850972601213e-05
5006,0.02778046950697899,0.004580510314553976,0.02307938039302826,2.4115564883686602e-05
5007,0.027889249846339226,0.004659385420382023,0.023108478635549545,2.427743311272934e-05
5008,0.02804359421133995,0.004567647352814674,0.02335590124130249,2.4009175831452012e-05
5009,0.028123503550887108,0.00474064564332366,0.023249667137861252,2.6637975679477677e-05
5010,0.02807287499308586,0.00456625921651721,0.023383397608995438,2.4643650249345228e-05
5011,0.027935320511460304,0.00467634154483676,0.023125234991312027,2.674852657946758e-05
5012,0.027811279520392418,0.004567235242575407,0.023125214502215385,2.376602787990123e-05
5013,0.027777964249253273,0.00458359532058239,0.023072071373462677,2.445960490149446e-05
5014,0.027832526713609695,0.00463511236011982,0.023078015074133873,2.387997301411815e-05
5015,0.027909474447369576,0.004560710396617651,0.023229992017149925,2.3754497306072153e-05
5016,0.027940496802330017,0.004679934587329626,0.023130517452955246,2.6009027351392433e-05
5017,0.0279035996645689,0.004558544605970383,0.023223944008350372,2.422219404252246e-05
5018,0.02783295325934887,0.004633601754903793,0.023068098351359367,2.6250809241901152e-05
5019,0.027782712131738663,0.004577368497848511,0.02308717370033264,2.363387102377601e-05
5020,0.02778199315071106,0.004577653482556343,0.02308279648423195,2.4308788852067664e-05
5021,0.02781693823635578,0.00462764548137784,0.02306886948645115,2.4084647520794533e-05
5022,0.02784993126988411,0.00456088175997138,0.02317023277282715,2.3763228455209173e-05
5023,0.027852892875671387,0.004644298460334539,0.02307918108999729,2.5882703994284384e-05
5024,0.027825843542814255,0.0045630610547959805,0.023142825812101364,2.399136428721249e-05
5025,0.027792038396000862,0.004609363153576851,0.02305440418422222,2.5654047931311652e-05
5026,0.02777554839849472,0.004586446564644575,0.023071162402629852,2.3587896066601388e-05
5027,0.027782881632447243,0.004575607366859913,0.023087017238140106,2.4051731088547967e-05
5028,0.027801644057035446,0.004618754144757986,0.023061253130435944,2.4327195205842145e-05
5029,0.027813738211989403,0.004565111827105284,0.023130033165216446,2.371863774897065e-05
5030,0.027809729799628258,0.004622114822268486,0.02305980958044529,2.5561081201885827e-05
5031,0.027794096618890762,0.004570693708956242,0.023104721680283546,2.3736098228255287e-05
5032,0.027779079973697662,0.004598027095198631,0.02305610105395317,2.4990476958919317e-05
5033,0.027774227783083916,0.004590488970279694,0.02306584268808365,2.3579172193421982e-05
5034,0.027779918164014816,0.004577022045850754,0.02308376133441925,2.3827076802263036e-05
5035,0.027788961306214333,0.004609833005815744,0.0230572447180748,2.4376966393901967e-05
5036,0.027793316170573235,0.004570602905005217,0.02310461550951004,2.361964106967207e-05
5037,0.027789995074272156,0.004609317984431982,0.02305511198937893,2.5113107767538168e-05
5038,0.027782008051872253,0.004576403647661209,0.02308765798807144,2.358920573897194e-05
5039,0.02777515910565853,0.004593581892549992,0.023058844730257988,2.4546257918700576e-05
5040,0.02777336910367012,0.004590713884681463,0.02306438237428665,2.365451837249566e-05
5041,0.027776386588811874,0.004579713102430105,0.023077839985489845,2.376666816417128e-05
5042,0.027780646458268166,0.00460266787558794,0.023056358098983765,2.4324184778379276e-05
5043,0.02778271585702896,0.0045752208679914474,0.023089509457349777,2.3596996470587328e-05
5044,0.027781091630458832,0.004602205473929644,0.023055125027894974,2.4752280296524987e-05
5045,0.02777729742228985,0.004579549189656973,0.02307986095547676,2.3577542378916405e-05
5046,0.027773834764957428,0.004592222161591053,0.023059967905282974,2.432903420412913e-05
5047,0.027772648259997368,0.004589257761836052,0.023064829409122467,2.371204027440399e-05
5048,0.02777382917702198,0.00458253500983119,0.02307239919900894,2.3778906324878335e-05
5049,0.02777589112520218,0.00459738913923502,0.023057570680975914,2.4186039809137583e-05
5050,0.027777211740612984,0.004578766878694296,0.02308044396340847,2.3600032363901846e-05
5051,0.027776828035712242,0.0045979865826666355,0.023056503385305405,2.4467843104503118e-05
5052,0.027775084599852562,0.0045811994932591915,0.023075951263308525,2.358678466407582e-05
5053,0.027773259207606316,0.004592071752995253,0.02306012436747551,2.42124679061817e-05
5054,0.027772245928645134,0.004587505478411913,0.02306618168950081,2.3712011170573533e-05
5055,0.027772394940257072,0.004585250746458769,0.02306804619729519,2.381944977969397e-05
5056,0.027773279696702957,0.0045933849178254604,0.02305971086025238,2.4036595277721062e-05
5057,0.027774175629019737,0.00458170659840107,0.02307426929473877,2.3639777282369323e-05
5058,0.027774395421147346,0.004595047794282436,0.02305801771581173,2.4266077161883004e-05
5059,0.02777385525405407,0.004582396242767572,0.023073358461260796,2.3620166757609695e-05
5060,0.027772918343544006,0.004592192824929953,0.02305992692708969,2.415955714241136e-05
5061,0.02777215652167797,0.004586075898259878,0.02306753396987915,2.3709169909125194e-05
5062,0.027771851047873497,0.004587676841765642,0.02306472510099411,2.3889926524134353e-05
5063,0.027772052213549614,0.004590293392539024,0.02306216210126877,2.391920133959502e-05
5064,0.02777247503399849,0.0045843953266739845,0.023069532588124275,2.3709237211733125e-05
5065,0.027772827073931694,0.004592582583427429,0.023059707134962082,2.410759225313086e-05
5066,0.027772827073931694,0.004583702422678471,0.023070834577083588,2.365831460338086e-05
5067,0.027772482484579086,0.00459198048338294,0.023059982806444168,2.410361594229471e-05
5068,0.027772096917033195,0.004585303366184235,0.023068297654390335,2.3699290977674536e-05
5069,0.027771737426519394,0.004589484538882971,0.023062538355588913,2.394297916907817e-05
5070,0.027771586552262306,0.0045879981480538845,0.023064477369189262,2.3822043658583425e-05
5071,0.027771631255745888,0.0045868405140936375,0.023065878078341484,2.378277713432908e-05
5072,0.027771761640906334,0.004590281751006842,0.02306165173649788,2.3965530999703333e-05
5073,0.027771975845098495,0.004585334099829197,0.02306811511516571,2.370536640228238e-05
5074,0.027771953493356705,0.004591104108840227,0.02306072600185871,2.4024691811064258e-05
5075,0.027771884575486183,0.004585363436490297,0.023067988455295563,2.3706505089649e-05
5076,0.027771679684519768,0.00459035811945796,0.02306148037314415,2.396811032667756e-05
5077,0.027771497145295143,0.004586597438901663,0.02306605875492096,2.376803786319215e-05
5078,0.027771390974521637,0.004588743671774864,0.023063339293003082,2.386159758316353e-05
5079,0.02777133323252201,0.0045882780104875565,0.023063745349645615,2.3862086891313083e-05
5080,0.02777135744690895,0.004587164614349604,0.02306530252099037,2.3778184186085127e-05
5081,0.027771364897489548,0.004589594900608063,0.02306208573281765,2.39368382608518e-05
5082,0.027771368622779846,0.0045862700790166855,0.02306637540459633,2.3744765712763183e-05
5083,0.027771390974521637,0.004590058233588934,0.02306157350540161,2.3951713956194e-05
5084,0.027771342545747757,0.004586284514516592,0.02306627482175827,2.3756674636388198e-05
5085,0.02777124010026455,0.0045896596275269985,0.023062024265527725,2.391110683674924e-05
5086,0.027771135792136192,0.004586983472108841,0.023065153509378433,2.3799590053386055e-05
5087,0.027771051973104477,0.004588734824210405,0.023063063621520996,2.3850729121477343e-05
5088,0.027771051973104477,0.004587979521602392,0.02306380867958069,2.3852695449022576e-05
5089,0.02777101658284664,0.004587754141539335,0.023064248263835907,2.380284058745019e-05
5090,0.027771005406975746,0.004588876385241747,0.023062672466039658,2.3891589080449194e-05
5091,0.027770983055233955,0.004587086383253336,0.0230649933218956,2.3780687115504406e-05
5092,0.027770960703492165,0.004589352291077375,0.023062100633978844,2.3901602617115714e-05
5093,0.027770932763814926,0.004586896859109402,0.023065118119120598,2.3783799406373873e-05
5094,0.02777090296149254,0.004589314106851816,0.02306216210126877,2.3885284463176504e-05
5095,0.02777087315917015,0.004587145987898111,0.023064708337187767,2.3804002921679057e-05
5096,0.02777079865336418,0.0045889196917414665,0.02306259423494339,2.3856613552197814e-05
5097,0.027770766988396645,0.004587655887007713,0.023063955828547478,2.3830985810491256e-05
5098,0.02777072601020336,0.00458836043253541,0.023063218221068382,2.382952516200021e-05
5099,0.027770692482590675,0.004588230513036251,0.023063190281391144,2.3854099708842114e-05
5100,0.02777065522968769,0.00458784494549036,0.023063750937581062,2.38118227571249e-05
5101,0.027770664542913437,0.004588681738823652,0.023062648251652718,2.3866847186582163e-05
5102,0.027770614251494408,0.004587531555444002,0.023064056411385536,2.3805521777831018e-05
5103,0.027770599350333214,0.004588926676660776,0.023062335327267647,2.3867673007771373e-05
5104,0.027770549058914185,0.004587437491863966,0.02306406758725643,2.3808755940990523e-05
5105,0.027770502492785454,0.004588923882693052,0.02306227944791317,2.3859654902480543e-05
5106,0.02777049131691456,0.004587536212056875,0.023063864558935165,2.3817956389393657e-05
5107,0.027770431712269783,0.004588760901242495,0.023062432184815407,2.3847873308113776e-05
5108,0.02777041494846344,0.00458779139444232,0.023063478991389275,2.3828917619539425e-05
5109,0.027770377695560455,0.004588484298437834,0.023062709718942642,2.3836622858652845e-05
5110,0.027770329266786575,0.004588085692375898,0.0230630524456501,2.3838301785872318e-05
5111,0.027770325541496277,0.004588213283568621,0.023062968626618385,2.3828866687836125e-05
5112,0.027770280838012695,0.0045883627608418465,0.023062698543071747,2.3844180759624578e-05
5113,0.02777021750807762,0.004587977658957243,0.023063115775585175,2.3824748495826498e-05
5114,0.027770215645432472,0.004588566720485687,0.023062415421009064,2.3846852855058387e-05
5115,0.0277701485902071,0.004587841220200062,0.023063188418745995,2.3823573428671807e-05
5116,0.027770183980464935,0.0045886593870818615,0.023062288761138916,2.3847149350331165e-05
5117,0.0277701523154974,0.004587805364280939,0.02306322753429413,2.3824097297620028e-05
5118,0.027770105749368668,0.004588678013533354,0.023062195628881454,2.3846183466957882e-05
5119,0.027770068496465683,0.004587838891893625,0.02306310273706913,2.3825468815630302e-05
5120,0.02777000330388546,0.004588653799146414,0.023062124848365784,2.384473555139266e-05
5121,0.027769997715950012,0.0045879073441028595,0.02306295372545719,2.382716593274381e-05
5122,0.02776997722685337,0.004588549491018057,0.023062212392687798,2.3842845621402375e-05
5123,0.02776997536420822,0.004588027950376272,0.023062800988554955,2.3829303245292976e-05
5124,0.02776988036930561,0.004588454961776733,0.023062223568558693,2.3840551875764504e-05
5125,0.027769846841692924,0.004588148090988398,0.02306254208087921,2.38315205933759e-05
5126,0.027769839391112328,0.004588346928358078,0.023062298074364662,2.383877472311724e-05
5127,0.02776981145143509,0.0045882463455200195,0.02306240051984787,2.3833094019209966e-05
5128,0.02776976488530636,0.004588276147842407,0.02306230179965496,2.383728133281693e-05
5129,0.027769751846790314,0.004588344134390354,0.023062236607074738,2.3834523744881153e-05
5130,0.027769729495048523,0.004588203504681587,0.023062346503138542,2.383587707299739e-05
5131,0.027769677340984344,0.004588419105857611,0.023062078282237053,2.3835898900870234e-05
5132,0.027769660577178,0.004588182549923658,0.02306230552494526,2.3834452804294415e-05
5133,0.02776958793401718,0.004588460084050894,0.02306193858385086,2.383759056101553e-05
5134,0.027769584208726883,0.0045881373807787895,0.02306228131055832,2.383283936069347e-05
5135,0.027769558131694794,0.004588503390550613,0.023061858490109444,2.3839396817493252e-05
5136,0.027769561856985092,0.004588132258504629,0.023062273859977722,2.3831122234696522e-05
5137,0.02776947431266308,0.004588527139276266,0.023061741143465042,2.384113940934185e-05
5138,0.02776949293911457,0.004588121548295021,0.023062221705913544,2.3829850761103444e-05
5139,0.027769431471824646,0.004588545765727758,0.02306167036294937,2.3842809241614304e-05
5140,0.0277694184333086,0.00458812341094017,0.023062152788043022,2.3828475605114363e-05
5141,0.027769362553954124,0.004588575568050146,0.023061562329530716,2.3844691895646974e-05
5142,0.02776934765279293,0.004588099662214518,0.02306211367249489,2.3827009499655105e-05
5143,0.027769315987825394,0.004588612355291843,0.023061472922563553,2.384645995334722e-05
5144,0.0277693010866642,0.004588063806295395,0.02306210808455944,2.3825685275369324e-05
5145,0.02776928059756756,0.004588674753904343,0.023061364889144897,2.3848262571846135e-05
5146,0.027769245207309723,0.004588028881698847,0.023062096908688545,2.3824013624107465e-05
5147,0.027769161388278008,0.004588740412145853,0.02306116744875908,2.385087100265082e-05
5148,0.027769142761826515,0.004587970208376646,0.02306206524372101,2.3821299691917375e-05
5149,0.027769122272729874,0.004588819108903408,0.023061029613018036,2.3854563551140018e-05
5150,0.027769047766923904,0.004587881732732058,0.023062080144882202,2.3817456167307682e-05
5151,0.02776900865137577,0.004588930401951075,0.02306077815592289,2.3859964130679145e-05
5152,0.027769045904278755,0.004587786737829447,0.023062201216816902,2.3811851860955358e-05
5153,0.027769019827246666,0.0045890649780631065,0.023060616105794907,2.3867525669629686e-05
5154,0.027768971398472786,0.004587633069604635,0.023062314838171005,2.3804508600733243e-05
5155,0.02776895835995674,0.004589279647916555,0.02306029014289379,2.3877611965872347e-05
5156,0.02776895835995674,0.004587405361235142,0.023062577471137047,2.379499164817389e-05
5157,0.027768896892666817,0.0045895809307694435,0.02305985800921917,2.3891461751190946e-05
5158,0.02776895835995674,0.004587078001350164,0.023062970489263535,2.378184763074387e-05
5159,0.027768930420279503,0.004590024705976248,0.02305934764444828,2.3911668904474936e-05
5160,0.027768950909376144,0.004586579743772745,0.023063553497195244,2.3763523131492548e-05
5161,0.02776898443698883,0.00459069712087512,0.02305857464671135,2.3942358893691562e-05
5162,0.027769068256020546,0.004585829097777605,0.02306455187499523,2.3737491574138403e-05
5163,0.027769170701503754,0.004591704346239567,0.02305750921368599,2.399154254817404e-05
5164,0.02776937186717987,0.00458471430465579,0.023066150024533272,2.3701441023149528e-05
5165,0.027769701555371284,0.004593244753777981,0.023056089878082275,2.407312967989128e-05
5166,0.027770185843110085,0.00458304351195693,0.023068867623806,2.3654987671761774e-05
5167,0.027770958840847015,0.004595719277858734,0.02305416762828827,2.4214450604631566e-05
5168,0.027772128582000732,0.004580555949360132,0.023073546588420868,2.3605454771313816e-05
5169,0.027773914858698845,0.004599695559591055,0.023051856085658073,2.447248698445037e-05
5170,0.0277768112719059,0.004576849285513163,0.02308204397559166,2.3583663278259337e-05
5171,0.027781300246715546,0.004606397356837988,0.023050036281347275,2.4973085601232015e-05
5172,0.02778833918273449,0.004571595229208469,0.023098276928067207,2.3693062757956795e-05
5173,0.02779952436685562,0.004618064034730196,0.023051423951983452,2.6007222913904116e-05
5174,0.02781723253428936,0.004564750473946333,0.02313128113746643,2.4239961931016296e-05
5175,0.027845349162817,0.004639193415641785,0.023064853623509407,2.8260270482860506e-05
5176,0.02788962423801422,0.004557840526103973,0.023201482370495796,2.6060122763738036e-05
5177,0.027958877384662628,0.004678654950112104,0.02311369962990284,3.330446998006664e-05
5178,0.028064239770174026,0.0045568132773041725,0.023351680487394333,3.114938226644881e-05
5179,0.028219258412718773,0.004750737454742193,0.023247938603162766,4.4116201024735346e-05
5180,0.028429444879293442,0.004574458580464125,0.02364153414964676,4.269052078598179e-05
5181,0.02868352271616459,0.0048601143062114716,0.02351035363972187,6.261105590965599e-05
5182,0.02891709841787815,0.004612738732248545,0.024010702967643738,5.8731402532430366e-05
5183,0.029022907838225365,0.004932920448482037,0.023710841313004494,7.582955731777474e-05
5184,0.028874319046735764,0.0046108863316476345,0.023976929485797882,5.7300610933452845e-05
5185,0.02848215587437153,0.004812335129827261,0.023396167904138565,5.473034980241209e-05
5186,0.028032412752509117,0.004559119697660208,0.02332145720720291,3.0367109502549283e-05
5187,0.027783958241343498,0.00460787583142519,0.023049402981996536,2.5335968530271202e-05
5188,0.027836835011839867,0.004635374527424574,0.023064620792865753,2.73678706435021e-05
5189,0.02807035855948925,0.004561669658869505,0.023356743156909943,3.0389095627469942e-05
5190,0.028260117396712303,0.0047619156539440155,0.023281829431653023,4.3274470954202116e-05
5191,0.028244134038686752,0.0045689865946769714,0.023501528427004814,3.472361640888266e-05
5192,0.028044575825333595,0.004706009291112423,0.023163896054029465,3.493408075883053e-05
5193,0.02783314883708954,0.004563950467854738,0.023147735744714737,2.4292517991852947e-05
5194,0.027771934866905212,0.0045833950862288475,0.023070285096764565,2.3651060473639518e-05
5195,0.027868114411830902,0.004648182541131973,0.023076631128787994,2.8659986128332093e-05
5196,0.02799447812139988,0.004558125045150518,0.023297153413295746,2.7840002076118253e-05
5197,0.028022294864058495,0.004701774101704359,0.02315416932106018,3.3270105632254854e-05
5198,0.027931012213230133,0.0045569525100290775,0.02324477583169937,2.5856794309220277e-05
5199,0.027812615036964417,0.004627938847988844,0.023056628182530403,2.5609528165659867e-05
5200,0.02776888571679592,0.004589628428220749,0.02305767871439457,2.4315831979038194e-05
5201,0.02781609818339348,0.004565233364701271,0.02312922105193138,2.432861401757691e-05
5202,0.02788599580526352,0.004656459204852581,0.023083392530679703,2.9228458515717648e-05
5203,0.027903122827410698,0.004556308966130018,0.02321905829012394,2.555084392952267e-05
5204,0.027854854241013527,0.0046470919623970985,0.02307197079062462,2.7158444936503656e-05
5205,0.027791379019618034,0.004568477161228657,0.023104116320610046,2.375736767135095e-05
5206,0.027768565341830254,0.00458754925057292,0.02306223474442959,2.375605072302278e-05
5207,0.027794647961854935,0.0046144891530275345,0.023049240931868553,2.6183510271948762e-05
5208,0.02783193252980709,0.0045615690760314465,0.02314743772149086,2.4584920538472943e-05
5209,0.027840200811624527,0.004639476537704468,0.023064253851771355,2.7293985112919472e-05
5210,0.027813661843538284,0.004563608206808567,0.023130204528570175,2.3969882022356614e-05
5211,0.027779923751950264,0.00460768723860383,0.023049887269735336,2.4469924028380774e-05
5212,0.027768146246671677,0.004588694777339697,0.02305777184665203,2.4335731723112985e-05
5213,0.02778225764632225,0.004573793616145849,0.02308957278728485,2.377820601395797e-05
5214,0.02780219353735447,0.004619975574314594,0.02305133454501629,2.6176430765190162e-05
5215,0.027806732803583145,0.004565692972391844,0.023121168836951256,2.3974094801815227e-05
5216,0.02779281698167324,0.004616066347807646,0.023050371557474136,2.5275849111494608e-05
5217,0.027774659916758537,0.004576641600579023,0.023079492151737213,2.3704989871475846e-05
5218,0.02776767686009407,0.004588471259921789,0.023060275241732597,2.3785898520145565e-05
5219,0.027774568647146225,0.004600748885422945,0.023050028830766678,2.4758230210863985e-05
5220,0.027785291895270348,0.0045720916241407394,0.02309454418718815,2.3731116016278975e-05
5221,0.027788689360022545,0.004612907767295837,0.023049451410770416,2.526615389797371e-05
5222,0.027782058343291283,0.004572887904942036,0.023090766742825508,2.3680708181927912e-05
5223,0.027772225439548492,0.004599817097187042,0.023050911724567413,2.4299466531374492e-05
5224,0.027767430990934372,0.00458694389089942,0.02306060865521431,2.397564094280824e-05
5225,0.02777010388672352,0.0045815641060471535,0.023069974035024643,2.3713198970654048e-05
5226,0.02777581475675106,0.004602977540344,0.0230494923889637,2.4668976038810797e-05
5227,0.027778632938861847,0.004574527032673359,0.023085691034793854,2.368308742006775e-05
5228,0.02777615562081337,0.004604003392159939,0.02304946817457676,2.4536853743484244e-05
5229,0.027770990505814552,0.004579480271786451,0.023072760552167892,2.3749762476654723e-05
5230,0.027767471969127655,0.004591456614434719,0.023056328296661377,2.3937054720590822e-05
5231,0.02776779606938362,0.004591778852045536,0.023055249825119972,2.4153359845513478e-05
5232,0.0277706291526556,0.004580297973006964,0.02307182550430298,2.3701184545643628e-05
5233,0.027772819623351097,0.004600419197231531,0.023050233721733093,2.4433480575680733e-05
5234,0.027772478759288788,0.00457803113386035,0.023075943812727928,2.370061702094972e-05
5235,0.027770088985562325,0.004597426392138004,0.023051803931593895,2.4171693439711817e-05
5236,0.0277677271515131,0.004583946894854307,0.023064440116286278,2.386800952081103e-05
5237,0.02776695042848587,0.004587977658957243,0.02305983379483223,2.3827537006582133e-05
5238,0.02776789665222168,0.0045928386971354485,0.02305414155125618,2.418316580587998e-05
5239,0.02776934951543808,0.00458137271925807,0.023069394752383232,2.3716484065516852e-05
5240,0.027769887819886208,0.004597008228302002,0.02305152453482151,2.427112849545665e-05
5241,0.02776915766298771,0.004581266548484564,0.02306913211941719,2.375156145717483e-05
5242,0.02776785008609295,0.004593539983034134,0.023054055869579315,2.405099439783953e-05
5243,0.027766890823841095,0.004586366005241871,0.023060936480760574,2.391774978605099e-05
5244,0.02776685170829296,0.004586987197399139,0.023060712963342667,2.3830158170312643e-05
5245,0.02776743471622467,0.004592332057654858,0.023054495453834534,2.4121276510413736e-05
5246,0.02776804380118847,0.0045830123126506805,0.023066258057951927,2.3754575522616506e-05
5247,0.027768127620220184,0.004594375845044851,0.023053007200360298,2.414888331259135e-05
5248,0.02776768058538437,0.004583563655614853,0.023065175861120224,2.378808130742982e-05
5249,0.027767008170485497,0.004591586533933878,0.023055417463183403,2.400094672339037e-05
5250,0.02776656486093998,0.004587400238960981,0.02305963635444641,2.3905420675873756e-05
5251,0.02776656113564968,0.004587127361446619,0.023060165345668793,2.3853630409576e-05
5252,0.027766862884163857,0.004591410048305988,0.023055320605635643,2.4026188839343376e-05
5253,0.027767155319452286,0.004584472626447678,0.023063700646162033,2.379633951932192e-05
5254,0.027767173945903778,0.004592703655362129,0.02305426448583603,2.4041273718466982e-05
5255,0.027766913175582886,0.0045848810113966465,0.023062923923134804,2.3821778086130507e-05
5256,0.02776654250919819,0.004590821452438831,0.023055940866470337,2.395635237917304e-05
5257,0.02776632085442543,0.004587505012750626,0.02305930107831955,2.3902766770333983e-05
5258,0.027766315266489983,0.004587763454765081,0.02305922657251358,2.3865048206062056e-05
5259,0.027766427025198936,0.004590307828038931,0.023056209087371826,2.3982080165296793e-05
5260,0.027766555547714233,0.004585769958794117,0.023061657324433327,2.382543789281044e-05
5261,0.027766559273004532,0.004591427743434906,0.023055141791701317,2.3998121832846664e-05
5262,0.027766432613134384,0.0045857615768909454,0.023061459884047508,2.384219624218531e-05
5263,0.027766304090619087,0.004590453114360571,0.02305610477924347,2.394911462033633e-05
5264,0.027766158804297447,0.004587370902299881,0.02305930107831955,2.3897344362922013e-05
5265,0.027766050770878792,0.004588439594954252,0.02305818721652031,2.3884746042313054e-05
5266,0.027766097337007523,0.0045893313363194466,0.023056985810399055,2.3956017685122788e-05
5267,0.027766123414039612,0.004586850758641958,0.023060042411088943,2.3845954274293035e-05
5268,0.027766138315200806,0.004590404219925404,0.02305583283305168,2.3980392143130302e-05
5269,0.027766121551394463,0.004586502443999052,0.023060400038957596,2.3843800590839237e-05
5270,0.027766035869717598,0.004590116906911135,0.023056115955114365,2.396085619693622e-05
5271,0.027765965089201927,0.004587342496961355,0.02305927313864231,2.3869746655691415e-05
5272,0.02776583470404148,0.004588918294757605,0.02305731363594532,2.3920380044728518e-05
5273,0.027765823528170586,0.004588660784065723,0.023057639598846436,2.390484223724343e-05
5274,0.027765832841396332,0.004587674047797918,0.02305871993303299,2.388760185567662e-05
5275,0.02776581048965454,0.0045896717347204685,0.023056503385305405,2.3927072106744163e-05
5276,0.027765801176428795,0.004587078001350164,0.023059336468577385,2.3877215426182374e-05
5277,0.02776581048965454,0.004589901305735111,0.023056285455822945,2.392450551269576e-05
5278,0.027765754610300064,0.0045872898772358894,0.023059017956256866,2.3889489966677502e-05
5279,0.027765702456235886,0.004589404910802841,0.023056788370013237,2.390191366430372e-05
5280,0.027765635401010513,0.004587986972182989,0.02305806800723076,2.3916156351333484e-05
5281,0.02776559442281723,0.004588590934872627,0.023057634010910988,2.3873739337432198e-05
5282,0.02776557020843029,0.00458878418430686,0.023057062178850174,2.3944736312841997e-05
5283,0.027765575796365738,0.004587966483086348,0.023058351129293442,2.3851467631175183e-05
5284,0.027765560895204544,0.004589252173900604,0.023056482896208763,2.3965330910868943e-05
5285,0.02776552550494671,0.004587774630635977,0.023058557882905006,2.383862556598615e-05
5286,0.027765486389398575,0.0045891921035945415,0.02305641584098339,2.3975700969458558e-05
5287,0.027765486389398575,0.004588089883327484,0.02305823564529419,2.3832020815461874e-05
5288,0.02776545286178589,0.004588740412145853,0.02305680327117443,2.3982049242476933e-05
5289,0.027765413746237755,0.004588678944855928,0.023057613521814346,2.3824242816772312e-05
5290,0.027765411883592606,0.00458812341094017,0.02305730991065502,2.399572440481279e-05
5291,0.027765406295657158,0.004589327611029148,0.02305704727768898,2.3806422177585773e-05
5292,0.02776542492210865,0.004587577190250158,0.023057695478200912,2.4030272470554337e-05
5293,0.027765505015850067,0.004589840304106474,0.02305680885910988,2.3771186533849686e-05
5294,0.027765590697526932,0.00458721537142992,0.02305786684155464,2.410183697065804e-05
5295,0.027765732258558273,0.004590197931975126,0.02305695414543152,2.37157910305541e-05
5296,0.02776597999036312,0.004587022587656975,0.02305777743458748,2.4236063836724497e-05
5297,0.027766326442360878,0.004590572789311409,0.023057524114847183,2.364606552873738e-05
5298,0.027766935527324677,0.004586809780448675,0.023057719692587852,2.448099257890135e-05
5299,0.02776786871254444,0.004591263365000486,0.02305867150425911,2.3586606403114274e-05
5300,0.02776939980685711,0.004586464259773493,0.02305823564529419,2.4940252842498012e-05
5301,0.027771804481744766,0.004592744167894125,0.023060986772179604,2.361448605370242e-05
5302,0.027775580063462257,0.004585895221680403,0.023060405626893044,2.585561014711857e-05
5303,0.0277817752212286,0.004595923703163862,0.023066041991114616,2.396196396148298e-05
5304,0.027791623026132584,0.0045854575000703335,0.023067140951752663,2.78049374173861e-05
5305,0.027807528153061867,0.004602549131959677,0.023078493773937225,2.5296809326391667e-05
5306,0.027832910418510437,0.0045865862630307674,0.023085465654730797,3.217158518964425e-05
5307,0.027873151004314423,0.0046165636740624905,0.023109685629606247,2.938042234745808e-05
5308,0.02793555147945881,0.004593234974890947,0.02313239872455597,4.19836251239758e-05
5309,0.028028981760144234,0.004645687993615866,0.023183709010481834,3.991700941696763e-05
5310,0.028159240260720253,0.004613297525793314,0.02323812060058117,6.156457675388083e-05
5311,0.028321290388703346,0.004697856958955526,0.02332528494298458,5.9629575844155625e-05
5312,0.028480134904384613,0.004648090805858374,0.02340238355100155,8.593193342676386e-05
5313,0.02856745943427086,0.004750283434987068,0.023456981405615807,7.203903805930167e-05
5314,0.028502322733402252,0.0046544442884624004,0.023453516885638237,7.887224637670442e-05
5315,0.028277896344661713,0.004723487421870232,0.02333235926926136,4.441002965904772e-05
5316,0.02800162136554718,0.004593233112245798,0.02323923259973526,3.383117291377857e-05
5317,0.02783052995800972,0.004636367782950401,0.023074321448802948,2.396826857875567e-05
5318,0.027831533923745155,0.004572782665491104,0.02311687171459198,2.8375758120091632e-05
5319,0.027940450236201286,0.004611053038388491,0.023089297115802765,4.80202361359261e-05
5320,0.0280328169465065,0.004630448296666145,0.02319103479385376,4.226684177410789e-05
5321,0.028026128187775612,0.004608168266713619,0.02318798378109932,4.599514068104327e-05
5322,0.02793809585273266,0.004654304124414921,0.023148564621806145,2.7045187380281277e-05
5323,0.02785472199320793,0.0045725093223154545,0.023159818723797798,2.4478942577843554e-05
5324,0.02783917635679245,0.004635649733245373,0.02305799350142479,2.9106524380040355e-05
5325,0.027875512838363647,0.004568178206682205,0.023152071982622147,3.1052582926349714e-05
5326,0.02790089137852192,0.004622553940862417,0.023069802671670914,4.170686224824749e-05
5327,0.02787596546113491,0.0045952931977808475,0.02312907576560974,3.031949199794326e-05
5328,0.02782202698290348,0.004593218211084604,0.023082980886101723,2.916557787102647e-05
5329,0.027791297063231468,0.0046133785508573055,0.0230591781437397,2.3747936211293563e-05
5330,0.02780817076563835,0.004566999617964029,0.023117830976843834,2.4667999241501093e-05
5331,0.02784637361764908,0.004628700204193592,0.02305220253765583,3.3093827369157225e-05
5332,0.027860499918460846,0.004568913020193577,0.023147815838456154,2.8753956939908676e-05
5333,0.027833066880702972,0.0046210079453885555,0.023053722456097603,3.1667088478570804e-05
5334,0.027788667008280754,0.004578762222081423,0.023089446127414703,2.4091921659419313e-05
5335,0.02776545099914074,0.004590498749166727,0.023055408149957657,2.3908858565846458e-05
5336,0.027777185663580894,0.004598997067660093,0.023044699802994728,2.669770401553251e-05
5337,0.027804188430309296,0.004573854152113199,0.02310274913907051,2.551711986598093e-05
5338,0.027817409485578537,0.004618047270923853,0.023048436269164085,3.01852633128874e-05
5339,0.027806248515844345,0.004570719785988331,0.023111486807465553,2.480817784089595e-05
5340,0.027784032747149467,0.00461155828088522,0.023045238107442856,2.5447165171499364e-05
5341,0.027770768851041794,0.004576609469950199,0.02307325042784214,2.41817906498909e-05
5342,0.02777336724102497,0.004594672471284866,0.023059813305735588,2.3776214220561087e-05
5343,0.02778272144496441,0.004593181423842907,0.023053456097841263,2.721675264183432e-05
5344,0.027786236256361008,0.004582665394991636,0.023081865161657333,2.4341185053344816e-05
5345,0.027780625969171524,0.00460323691368103,0.02304648607969284,2.6180530767305754e-05
5346,0.02777278982102871,0.004576574545353651,0.02307768166065216,2.370651600358542e-05
5347,0.02777053788304329,0.004602127708494663,0.023049432784318924,2.379571014898829e-05
5348,0.027774428948760033,0.0045806909911334515,0.023068184033036232,2.5110763090196997e-05
5349,0.02777855284512043,0.004597323480993509,0.023062564432621002,2.3733100533718243e-05
5350,0.027777323499321938,0.00458798510953784,0.02306031621992588,2.5804412871366367e-05
5351,0.027771269902586937,0.004589912947267294,0.02306312508881092,2.3646332920179702e-05
5352,0.027765557169914246,0.004591058474034071,0.02305276319384575,2.434696398267988e-05
5353,0.027764489874243736,0.004585107788443565,0.023058563470840454,2.416376446490176e-05
5354,0.027767974883317947,0.004593621473759413,0.023056093603372574,2.3651817173231393e-05
5355,0.02777191810309887,0.004585222341120243,0.023060953244566917,2.514839798095636e-05
5356,0.02777269296348095,0.0045952629297971725,0.02305920422077179,2.3645063265576027e-05
5357,0.027769964188337326,0.004584867972880602,0.023061467334628105,2.4725875846343115e-05
5358,0.027766378596425056,0.004593966528773308,0.023053426295518875,2.3797008907422423e-05
5359,0.027764614671468735,0.004584397654980421,0.023060793057084084,2.3884746042313054e-05
5360,0.027765193954110146,0.004592172335833311,0.023050405085086823,2.4523043975932524e-05
5361,0.02776668220758438,0.004586738999933004,0.023061538115143776,2.368091736570932e-05
5362,0.02776719070971012,0.0045897276140749454,0.023053480312228203,2.4796647267066874e-05
5363,0.027766285464167595,0.004590235184878111,0.0230576042085886,2.3689201043453068e-05
5364,0.027765050530433655,0.004585900343954563,0.02305799350142479,2.423136174911633e-05
5365,0.027764489874243736,0.004593145102262497,0.023051276803016663,2.4013734218897298e-05
5366,0.027764957398176193,0.004583367146551609,0.023062650114297867,2.378834869887214e-05
5367,0.027765806764364243,0.004594489466398954,0.023048756644129753,2.4512060917913914e-05
5368,0.02776598557829857,0.004583654459565878,0.023063788190484047,2.370846050325781e-05
5369,0.027765244245529175,0.0045929462648928165,0.02304987609386444,2.448439772706479e-05
5370,0.02776416391134262,0.004586002789437771,0.023059211671352386,2.3789873011992313e-05
5371,0.02776343561708927,0.004589470103383064,0.02305365540087223,2.4061911972239614e-05
5372,0.027763403952121735,0.004589285235852003,0.023053644225001335,2.409497756161727e-05
5373,0.02776395156979561,0.004586500581353903,0.023058444261550903,2.380138357693795e-05
5374,0.02776440419256687,0.004591816104948521,0.023050742223858833,2.436891372781247e-05
5375,0.02776443585753441,0.004585117567330599,0.023060495033860207,2.3764812794979662e-05
5376,0.027764074504375458,0.004592317622154951,0.023050351068377495,2.4280907382490113e-05
5377,0.02776370756328106,0.00458536297082901,0.023059001192450523,2.3868567950557917e-05
5378,0.0277634896337986,0.0045913215726614,0.023052148520946503,2.400404991931282e-05
5379,0.027763495221734047,0.00458670174703002,0.02305637300014496,2.4084049073280767e-05
5380,0.027763668447732925,0.004589961376041174,0.023054538294672966,2.383372157055419e-05
5381,0.027763651683926582,0.004588047508150339,0.023054495453834534,2.4221837520599365e-05
5382,0.02776351012289524,0.004588847514241934,0.023055581375956535,2.3816079192329198e-05
5383,0.027763240039348602,0.004588807001709938,0.02305370755493641,2.414507616776973e-05
5384,0.027763016521930695,0.0045882235281169415,0.02305522933602333,2.39126256929012e-05
5385,0.027762971818447113,0.004589173477143049,0.023053927347064018,2.397420394117944e-05
5386,0.027763081714510918,0.004587966483086348,0.02305479720234871,2.4063439923338592e-05
5387,0.02776321955025196,0.004589518532156944,0.02305436320602894,2.386745654803235e-05
5388,0.02776322327554226,0.0045876954682171345,0.023054813966155052,2.4142684196704067e-05
5389,0.027763163670897484,0.004589879419654608,0.02305397391319275,2.3861948648118414e-05
5390,0.027763046324253082,0.0045873201452195644,0.02305528335273266,2.4088330974336714e-05
5391,0.027762917801737785,0.004590168129652739,0.023053057491779327,2.3938466256367974e-05
5392,0.027762828394770622,0.004587078001350164,0.023055877536535263,2.3974569558049552e-05
5393,0.027762863785028458,0.00459024403244257,0.023052383214235306,2.4047478291322477e-05
5394,0.02776283212006092,0.004587195813655853,0.02305615320801735,2.3896451239124872e-05
5395,0.027762820944190025,0.004589935299009085,0.02305234968662262,2.4107152057695203e-05
5396,0.02776278369128704,0.004587672185152769,0.023055683821439743,2.3885320842964575e-05
5397,0.02776266075670719,0.004589322954416275,0.02305295318365097,2.4076922272797674e-05
5398,0.02776261232793331,0.004588321316987276,0.02305462583899498,2.39330929616699e-05
5399,0.02776259183883667,0.004588691052049398,0.023053918033838272,2.3996428353711963e-05
5400,0.027762552723288536,0.004588935989886522,0.023053573444485664,2.400861012574751e-05
5401,0.02776258811354637,0.004588196985423565,0.023054741322994232,2.392994792899117e-05
5402,0.027762552723288536,0.004589329939335585,0.023052910342812538,2.406235216767527e-05
5403,0.027762530371546745,0.004587953444570303,0.02305503562092781,2.3908180082798935e-05
5404,0.027762480080127716,0.004589464049786329,0.02305271103978157,2.4061066142166965e-05
5405,0.027762461453676224,0.0045879255048930645,0.023054882884025574,2.3930531824589707e-05
5406,0.027762409299612045,0.0045894659124314785,0.023052865639328957,2.401556230324786e-05
5407,0.027762368321418762,0.00458798510953784,0.023054491728544235,2.3978294848348014e-05
5408,0.02776237763464451,0.004589439369738102,0.023053117096424103,2.396437048446387e-05
5409,0.02776232734322548,0.004587996751070023,0.023054223507642746,2.4021544959396124e-05
5410,0.027762383222579956,0.004589476156979799,0.023053225129842758,2.3936461730045266e-05
5411,0.02776228077709675,0.0045879557728767395,0.023054150864481926,2.4034878151724115e-05
5412,0.027762258425354958,0.0045895748771727085,0.023052984848618507,2.3939863240229897e-05
5413,0.027762217447161674,0.00458784494549036,0.023054298013448715,2.401524398010224e-05
5414,0.027762191370129585,0.00458971131592989,0.023052643984556198,2.3967408196767792e-05
5415,0.027762189507484436,0.004587720613926649,0.023054568096995354,2.3980137484613806e-05
5416,0.02776213362812996,0.004589849151670933,0.02305227518081665,2.40019871853292e-05
5417,0.027762137353420258,0.004587626084685326,0.023054756224155426,2.3951171897351742e-05
5418,0.0277621541172266,0.0045899441465735435,0.02305208332836628,2.4025366656132974e-05
5419,0.027762074023485184,0.004587552044540644,0.02305482141673565,2.3940101527841762e-05
5420,0.02776208519935608,0.004590053576976061,0.023051895201206207,2.402722202532459e-05
5421,0.0277620330452919,0.004587456583976746,0.023054838180541992,2.394753391854465e-05
5422,0.027762020006775856,0.004590191878378391,0.023051772266626358,2.4011285859160125e-05
5423,0.02776198461651802,0.004587308969348669,0.02305484376847744,2.3966229491634294e-05
5424,0.027762001380324364,0.00459043774753809,0.023051613941788673,2.398974720563274e-05
5425,0.02776200883090496,0.004587025847285986,0.023055056110024452,2.3985388907021843e-05
5426,0.02776198834180832,0.004590834025293589,0.02305128425359726,2.3973931092768908e-05
5427,0.027762021869421005,0.004586593247950077,0.02305545099079609,2.3995371520868503e-05
5428,0.027762092649936676,0.004591422621160746,0.023050818592309952,2.3970427719177678e-05
5429,0.027762137353420258,0.004585943650454283,0.023056235164403915,2.399179902567994e-05
5430,0.02776227332651615,0.0045923106372356415,0.023050060495734215,2.398040669504553e-05
5431,0.027762388810515404,0.004585027229040861,0.023057475686073303,2.3977127057150938e-05
5432,0.02776256762444973,0.004593575373291969,0.023048987612128258,2.4000897610676475e-05
5433,0.027762891724705696,0.004583724774420261,0.023059383034706116,2.395686533418484e-05
5434,0.02776334248483181,0.004595451056957245,0.023047756403684616,2.402713471383322e-05
5435,0.02776399999856949,0.00458191055804491,0.02306240238249302,2.3937225705594756e-05
5436,0.027764981612563133,0.004598279017955065,0.023046426475048065,2.4055147150647826e-05
5437,0.027766386047005653,0.0045793685130774975,0.0230674147605896,2.392050009802915e-05
5438,0.027768442407250404,0.004602717235684395,0.023045292124152184,2.4086712073767558e-05
5439,0.027771521359682083,0.0045758322812616825,0.02307615801692009,2.390612462477293e-05
5440,0.027776077389717102,0.0046098907478153706,0.02304553985595703,2.412933827145025e-05
5441,0.027782956138253212,0.004571176134049892,0.02309231087565422,2.389368455624208e-05
5442,0.02779320627450943,0.004621868021786213,0.02305033802986145,2.420016062387731e-05
5443,0.027808645740151405,0.004565737675875425,0.023123472929000854,2.3886930648586713e-05
5444,0.027831852436065674,0.0046425932087004185,0.023067589849233627,2.433383633615449e-05
5445,0.027866467833518982,0.004561296664178371,0.023185644298791885,2.3905080524855293e-05
5446,0.027917582541704178,0.004679016303271055,0.023115582764148712,2.4596683942945674e-05
5447,0.027990931645035744,0.004562882706522942,0.023308033123612404,2.400304947514087e-05
5448,0.028092890977859497,0.004740679170936346,0.02322668954730034,2.5104287487920374e-05
5449,0.028224024921655655,0.004579185973852873,0.023523420095443726,2.4283572201966308e-05
5450,0.028376130387187004,0.004827410914003849,0.023418858647346497,2.5972527510020882e-05
5451,0.028515273705124855,0.0046088723465800285,0.02378244325518608,2.479151044099126e-05
5452,0.028589697554707527,0.004887126386165619,0.02356758341193199,2.6997391614713706e-05
5453,0.028534166514873505,0.00461043044924736,0.023798055946826935,2.513585423002951e-05
5454,0.028337663039565086,0.0048133633099496365,0.02338813617825508,2.723271245486103e-05
5455,0.028064575046300888,0.0045655216090381145,0.023376015946269035,2.4607574232504703e-05
5456,0.027843255549669266,0.004646535497158766,0.023066461086273193,2.605188092275057e-05
5457,0.02776758000254631,0.004589442163705826,0.023059561848640442,2.3715290808468126e-05
5458,0.027837079018354416,0.004569211043417454,0.02314472571015358,2.462853262841236e-05
5459,0.027969762682914734,0.004696221556514502,0.023154545575380325,2.379919715167489e-05
5460,0.02806186117231846,0.004571208264678717,0.023370251059532166,2.4080445655272342e-05
5461,0.02805166505277157,0.004725746810436249,0.023201577365398407,2.4868195396265946e-05
5462,0.027950560674071312,0.004561092238873243,0.0232691690325737,2.40597510128282e-05
5463,0.027832604944705963,0.00464235944673419,0.023061640560626984,2.5720994017319754e-05
5464,0.02777288295328617,0.004580423701554537,0.023073308169841766,2.3830265490687452e-05
5465,0.027793321758508682,0.004577737767249346,0.02308780699968338,2.555553692218382e-05
5466,0.02785608544945717,0.0046493238769471645,0.023089254274964333,2.35012066696072e-05
5467,0.027901608496904373,0.004565597511827946,0.023212231695652008,2.475599103490822e-05
5468,0.027894124388694763,0.004669220186769962,0.02310650795698166,2.3679362129769288e-05
5469,0.027842434123158455,0.004561918321996927,0.023160280659794807,2.4047185434028506e-05
5470,0.027787499129772186,0.004619500134140253,0.02304553985595703,2.449191379128024e-05
5471,0.027765760198235512,0.004584727343171835,0.02306237816810608,2.3730863176751882e-05
5472,0.027783170342445374,0.004578765947371721,0.023077888414263725,2.53031357715372e-05
5473,0.027816152200102806,0.004629235714673996,0.02306874841451645,2.36335581575986e-05
5474,0.027834394946694374,0.004567867610603571,0.023139579221606255,2.5389854272361845e-05
5475,0.027824142947793007,0.004636337049305439,0.02306971326470375,2.3618626073584892e-05
5476,0.027794787660241127,0.004568805452436209,0.02310229279100895,2.473789209034294e-05
5477,0.027768628671765327,0.004604077432304621,0.02304517850279808,2.387477070442401e-05
5478,0.02776150405406952,0.004589207004755735,0.023052290081977844,2.400131597823929e-05
5479,0.027773236855864525,0.0045785182155668736,0.023072276264429092,2.4488557755830698e-05
5480,0.027790145948529243,0.004616487305611372,0.023055318742990494,2.3668018911848776e-05
5481,0.027797987684607506,0.00457141175866127,0.02310142107307911,2.5030847609741613e-05
5482,0.02779156155884266,0.004617823753505945,0.023055534809827805,2.3640670406166464e-05
5483,0.02777678892016411,0.00457531725987792,0.023076489567756653,2.499634683772456e-05
5484,0.027764415368437767,0.004596663173288107,0.02304917760193348,2.371469781792257e-05
5485,0.027761347591876984,0.004591227974742651,0.023047806695103645,2.4462429792038165e-05
5486,0.02776692435145378,0.004579400178045034,0.023067861795425415,2.3932330805109814e-05
5487,0.027774611487984657,0.004608056042343378,0.02304684743285179,2.394187504251022e-05
5488,0.02777806855738163,0.004574363585561514,0.023082196712493896,2.4301598386955447e-05
5489,0.027775131165981293,0.004608264658600092,0.023048220202326775,2.372951348661445e-05
5490,0.027768464758992195,0.004578593652695417,0.02306695282459259,2.458350900269579e-05
5491,0.027762698009610176,0.0045945351012051105,0.023049456998705864,2.3741253244224936e-05
5492,0.027761152014136314,0.004590353462845087,0.023047970607876778,2.4565504645579495e-05
5493,0.027763506397604942,0.004581866320222616,0.02306249365210533,2.3829050405765884e-05
5494,0.027767155319452286,0.004601894412189722,0.023043658584356308,2.432046312605962e-05
5495,0.02776895835995674,0.004577068146318197,0.023072117939591408,2.3954344214871526e-05
5496,0.027767864987254143,0.004603251814842224,0.02304425835609436,2.4070930521702394e-05
5497,0.027764730155467987,0.004579601343721151,0.023064637556672096,2.409802436886821e-05
5498,0.027761656790971756,0.004595051985234022,0.02304689958691597,2.3941012841532938e-05
5499,0.027760226279497147,0.004587616305798292,0.023051617667078972,2.4198505343520083e-05
5500,0.027760934084653854,0.004585640039294958,0.023055724799633026,2.3913642507977784e-05
5501,0.027762603014707565,0.004596121609210968,0.02304540015757084,2.4216082238126546e-05
5502,0.027764014899730682,0.004580629523843527,0.02306373417377472,2.3930089810164645e-05
5503,0.02776416204869747,0.00459905294701457,0.023044222965836525,2.4176961233024485e-05
5504,0.027763135731220245,0.00458091264590621,0.0230624508112669,2.395420779066626e-05
5505,0.02776159718632698,0.004595406819134951,0.023045524954795837,2.4133054466801696e-05
5506,0.02776043303310871,0.004585386719554663,0.0230551827698946,2.39727469306672e-05
5507,0.027760036289691925,0.004589287098497152,0.02305019646883011,2.4110591766657308e-05
5508,0.027760520577430725,0.004591186530888081,0.02304941788315773,2.3983393475646153e-05
5509,0.027761226519942284,0.00458479393273592,0.0230559129267931,2.4103686882881448e-05
5510,0.027761666104197502,0.004594659898430109,0.02304704301059246,2.3992690330487676e-05
5511,0.027761556208133698,0.0045834979973733425,0.02305758371949196,2.4094759282888845e-05
5512,0.02776101417839527,0.004594085738062859,0.02304687537252903,2.4010521883610636e-05
5513,0.027760345488786697,0.004585193935781717,0.02305479347705841,2.4071649022516795e-05
5514,0.027759870514273643,0.004590875934809446,0.02304878644645214,2.404149381618481e-05
5515,0.02775970660150051,0.004588557872921228,0.023050978779792786,2.4034108719206415e-05
5516,0.027759935706853867,0.004587577190250158,0.023051951080560684,2.4081566152744927e-05
5517,0.027760254219174385,0.0045915343798696995,0.02304876036942005,2.3991873604245484e-05
5518,0.02776043675839901,0.004585778806358576,0.023054052144289017,2.412143840047065e-05
5519,0.02776043489575386,0.004592469893395901,0.023048175498843193,2.395800947851967e-05
5520,0.02776024490594864,0.004585928749293089,0.02305356040596962,2.415122253296431e-05
5521,0.027759939432144165,0.004591300617903471,0.02304893359541893,2.3940858227433637e-05
5522,0.02775968424975872,0.004587577655911446,0.023051287978887558,2.4163802663679235e-05
5523,0.027759546414017677,0.004589108284562826,0.02305072918534279,2.3941529434523545e-05
5524,0.027759522199630737,0.004589734598994255,0.023048998787999153,2.4157847292372026e-05
5525,0.027759598568081856,0.004587213974446058,0.02305261231958866,2.3954367861733772e-05
5526,0.02775970846414566,0.004591293632984161,0.02304771915078163,2.4139080778695643e-05
5527,0.027759768068790436,0.004586318042129278,0.02305358275771141,2.39734144997783e-05
5528,0.027759704738855362,0.004591648932546377,0.02304747886955738,2.4115395717672072e-05
5529,0.027759617194533348,0.004586559720337391,0.023053094744682312,2.3992819478735328e-05
5530,0.02775947004556656,0.0045908666215837,0.023048128932714462,2.4094842956401408e-05
5531,0.02775931917130947,0.004587623290717602,0.023051654919981956,2.4008300897548907e-05
5532,0.02775924652814865,0.004589546471834183,0.02304929494857788,2.408115324215032e-05
5533,0.02775924652814865,0.004588962998241186,0.02305019274353981,2.4017976102186367e-05
5534,0.027759239077568054,0.004588343668729067,0.023050524294376373,2.407421197858639e-05
5535,0.027759261429309845,0.004589985124766827,0.023049166426062584,2.402207064733375e-05
5536,0.027759263291954994,0.004587679170072079,0.023051219061017036,2.4073173335636966e-05
5537,0.027759229764342308,0.004590363707393408,0.02304876036942005,2.402100471954327e-05
5538,0.027759233489632607,0.004587657283991575,0.023051192983984947,2.40765257331077e-05
5539,0.02775915153324604,0.004590095952153206,0.023048972710967064,2.401652091066353e-05
5540,0.027759093791246414,0.004588140640407801,0.023050539195537567,2.40827321249526e-05
5541,0.027759011834859848,0.004589421674609184,0.02304954081773758,2.401001074758824e-05
5542,0.027758963406085968,0.004588868003338575,0.02304963767528534,2.409136686765123e-05
5543,0.027758972719311714,0.004588675685226917,0.02305028960108757,2.4001825295272283e-05
5544,0.027758942916989326,0.004589591175317764,0.02304883673787117,2.4103048417600803e-05
5545,0.027758941054344177,0.0045881085097789764,0.023050876334309578,2.3991120542632416e-05
5546,0.02775891311466694,0.00459006754681468,0.02304825186729431,2.411882633168716e-05
5547,0.027758922427892685,0.004587807226926088,0.023051228374242783,2.397731805103831e-05
5548,0.027758900076150894,0.00459024403244257,0.023047953844070435,2.4140626919688657e-05
5549,0.027758916839957237,0.004587793722748756,0.02305133081972599,2.3958444216987118e-05
5550,0.027758870273828506,0.004590177442878485,0.023047830909490585,2.417237737972755e-05
5551,0.02775886096060276,0.004587945528328419,0.023051254451274872,2.393256545474287e-05
5552,0.027758870273828506,0.004589997697621584,0.02304777316749096,2.421996214252431e-05
5553,0.02775893546640873,0.0045881434343755245,0.02305130660533905,2.3897104256320745e-05
5554,0.027758929878473282,0.004589889198541641,0.023047568276524544,2.4294533432112075e-05
5555,0.027759090065956116,0.004588247276842594,0.023051589727401733,2.385095285717398e-05
5556,0.02775922417640686,0.004589978139847517,0.023047160357236862,2.4417175154667348e-05
5557,0.027759505435824394,0.004588102921843529,0.023052416741847992,2.379707439104095e-05
5558,0.027759907767176628,0.004590439610183239,0.023046322166919708,2.462893826304935e-05
5559,0.027760641649365425,0.004587638657540083,0.023054245859384537,2.3751514163450338e-05
5560,0.027761517092585564,0.00459139933809638,0.02304503694176674,2.5015931896632537e-05
5561,0.027763061225414276,0.004586783703416586,0.023057419806718826,2.377147029619664e-05
5562,0.027765395119786263,0.004593156278133392,0.02304341271519661,2.5765133614186198e-05
5563,0.027769029140472412,0.004585500806570053,0.02306338958442211,2.402761674602516e-05
5564,0.027774697169661522,0.004596209153532982,0.023041967302560806,2.7304266041028313e-05
5565,0.027783559635281563,0.0045838928781449795,0.023074695840477943,2.4994231353048235e-05
5566,0.02779744565486908,0.004601653199642897,0.02304266020655632,3.062621544813737e-05
5567,0.027819132432341576,0.004582454916089773,0.02309712953865528,2.7909502023248933e-05
5568,0.027852553874254227,0.004611714277416468,0.023051036521792412,3.7960657209623605e-05
5569,0.02790316380560398,0.0045826854184269905,0.023142332211136818,3.5628865589387715e-05
5570,0.02797708846628666,0.004630363080650568,0.023079296573996544,5.348576087271795e-05
5571,0.02807854861021042,0.004587550647556782,0.023227563127875328,5.268659515422769e-05
5572,0.028203658759593964,0.004660981707274914,0.023141399025917053,8.025548595469445e-05
5573,0.028329379856586456,0.004597338382154703,0.023346172645688057,7.717399421380833e-05
5574,0.02840784192085266,0.004691892769187689,0.023204905912280083,0.00010220869444310665
5575,0.02837945893406868,0.004595411941409111,0.023386461660265923,7.951688894536346e-05
5576,0.028224872425198555,0.0046844021417200565,0.02315599098801613,7.689611811656505e-05
5577,0.02800680696964264,0.004569233860820532,0.023237990215420723,3.991659468738362e-05
5578,0.027843402698636055,0.004642738029360771,0.023054733872413635,2.91860087600071e-05
5579,0.02781105786561966,0.004568146076053381,0.023112066090106964,2.6169122065766715e-05
5580,0.027888095006346703,0.004626302979886532,0.023107212036848068,3.091595135629177e-05
5581,0.027982935309410095,0.004603735636919737,0.0231251772493124,5.080424671177752e-05
5582,0.028006792068481445,0.004618123639374971,0.023174038156867027,4.292619996704161e-05
5583,0.027936402708292007,0.004615676589310169,0.02309282124042511,4.558102591545321e-05
5584,0.027829017490148544,0.004587978590279818,0.023104390129446983,2.7329988370183855e-05
5585,0.027767788618803024,0.0046053058467805386,0.023039575666189194,2.4581320758443326e-05
5586,0.027787547558546066,0.004577438812702894,0.023068346083164215,2.8352540539344773e-05
5587,0.027852002531290054,0.004614847246557474,0.023090112954378128,2.94085966743296e-05
5588,0.02789527177810669,0.004591365810483694,0.023104963824152946,3.97881813114509e-05
5589,0.02788035199046135,0.004620397929102182,0.023110995069146156,2.979207602038514e-05
5590,0.027824675664305687,0.00458818394690752,0.023088030517101288,2.969252091133967e-05
5591,0.027777573093771935,0.004606024827808142,0.023052822798490524,2.374498944845982e-05
5592,0.027771571651101112,0.004579121712595224,0.023070866242051125,2.4316863346030004e-05
5593,0.02779749408364296,0.004600238520652056,0.023036696016788483,3.21121551678516e-05
5594,0.02782081440091133,0.004584934562444687,0.0230916365981102,2.8848486181232147e-05
5595,0.0278166513890028,0.004600075073540211,0.02305026911199093,3.3261261705774814e-05
5596,0.027789942920207977,0.004590403754264116,0.023074578493833542,2.49920594797004e-05
5597,0.027765538543462753,0.004590401891618967,0.023050939664244652,2.4839655452524312e-05
5598,0.02776232548058033,0.0045933471992611885,0.023041151463985443,2.5565734176780097e-05
5599,0.02777745947241783,0.004581987392157316,0.02306932955980301,2.522846443753224e-05
5600,0.027792993932962418,0.004600807558745146,0.023036744445562363,3.108827513642609e-05
5601,0.027794135734438896,0.00457937503233552,0.0230843685567379,2.6078456357936375e-05
5602,0.02778145857155323,0.0046044946648180485,0.02303789183497429,2.7814490749733523e-05
5603,0.027767252177000046,0.004577860236167908,0.023070134222507477,2.385158950346522e-05
5604,0.027762630954384804,0.00460145203396678,0.023041924461722374,2.3850669094827026e-05
5605,0.02776804193854332,0.0045803384855389595,0.023055721074342728,2.6396575776743703e-05
5606,0.027775222435593605,0.004597323015332222,0.023055054247379303,2.456913898640778e-05
5607,0.027776017785072327,0.004586131777614355,0.023051321506500244,2.7712669179891236e-05
5608,0.02776966616511345,0.0045925527811050415,0.023056963458657265,2.40298431890551e-05
5609,0.02776172198355198,0.0045897639356553555,0.023047801107168198,2.483142088749446e-05
5610,0.027758274227380753,0.004587983246892691,0.023048510774970055,2.4355866116820835e-05
5611,0.02776060253381729,0.00459130946546793,0.02305000275373459,2.385827792750206e-05
5612,0.027765030041337013,0.004586559254676104,0.023046143352985382,2.6465711925993674e-05
5613,0.027767008170485497,0.004592444282025099,0.02305394411087036,2.412403409834951e-05
5614,0.027765031903982162,0.004586926661431789,0.023048628121614456,2.5895093131111935e-05
5615,0.027761274948716164,0.004592686425894499,0.023049606010317802,2.3796239474904723e-05
5616,0.02775891311466694,0.0045864153653383255,0.023051952943205833,2.4108927391353063e-05
5617,0.027759471908211708,0.0045927525497972965,0.023042287677526474,2.4886499886633828e-05
5618,0.02776160277426243,0.004585200920701027,0.02305678091943264,2.3924296328914352e-05
5619,0.027763215824961662,0.004593835212290287,0.023039333522319794,2.6009613065980375e-05
5620,0.02776283398270607,0.004584067966789007,0.02305907942354679,2.3937122023198754e-05
5621,0.027760876342654228,0.004595138132572174,0.023040076717734337,2.5132476366707124e-05
5622,0.027759073302149773,0.004583270754665136,0.02305622026324272,2.3916341888252646e-05
5623,0.027758512645959854,0.0045955246314406395,0.023042958229780197,2.4005637897062115e-05
5624,0.027759196236729622,0.004583314526826143,0.02305232733488083,2.4710854631848633e-05
5625,0.02776016853749752,0.004594934638589621,0.023046229034662247,2.3800796043360606e-05
5626,0.02776041440665722,0.004584321286529303,0.023050475865602493,2.5123226805590093e-05
5627,0.027759741991758347,0.004593729507178068,0.023047009482979774,2.3800415874575265e-05
5628,0.027758602052927017,0.00458555156365037,0.023050516843795776,2.450669853715226e-05
5629,0.027757832780480385,0.004592509474605322,0.023044945672154427,2.4075476176221855e-05
5630,0.027757791802287102,0.0045862989500164986,0.023051792755723,2.393994145677425e-05
5631,0.027758263051509857,0.0045919232070446014,0.02304273471236229,2.472092273819726e-05
5632,0.02775866910815239,0.004586308728903532,0.02305316925048828,2.3838238121243194e-05
5633,0.02775869518518448,0.004592213314026594,0.023041892796754837,2.4917560949688777e-05
5634,0.027758318930864334,0.004585740622133017,0.023053323850035667,2.3850878278608434e-05
5635,0.02775779366493225,0.004593036603182554,0.023042434826493263,2.4464538000756875e-05
5636,0.027757540345191956,0.004584955051541328,0.023052360862493515,2.4045066311373375e-05
5637,0.027757590636610985,0.004593944177031517,0.023043550550937653,2.4019082047743723e-05
5638,0.027757950127124786,0.004584276117384434,0.023051638156175613,2.4407379896729253e-05
5639,0.027758317068219185,0.004594689235091209,0.023044265806674957,2.3872342353570275e-05
5640,0.027758466079831123,0.004583781119436026,0.023052122443914413,2.451252112223301e-05
5641,0.02775849588215351,0.004595371428877115,0.02304360456764698,2.3904138288344257e-05
5642,0.027758512645959854,0.004583227913826704,0.023053966462612152,2.4263377781608142e-05
5643,0.02775874361395836,0.004596351180225611,0.023041820153594017,2.4114529878715985e-05
5644,0.027759237214922905,0.004582212306559086,0.02305704355239868,2.399661207164172e-05
5645,0.027760090306401253,0.004598153289407492,0.023039713501930237,2.44447492150357e-05
5646,0.027761239558458328,0.0045804111286997795,0.023061348125338554,2.3896072889328934e-05
5647,0.02776268497109413,0.004601310472935438,0.023038199171423912,2.4634959117975086e-05
5648,0.02776454947888851,0.004577629268169403,0.02306743711233139,2.3896602215245366e-05
5649,0.027767175808548927,0.004606465343385935,0.02303789183497429,2.4563802071497776e-05
5650,0.02777097187936306,0.004573892802000046,0.023077350109815598,2.3945838620420545e-05
5651,0.027776313945651054,0.004614438395947218,0.023039940744638443,2.438699630147312e-05
5652,0.02778400294482708,0.004569297190755606,0.023094629868865013,2.4015260351006873e-05
5653,0.027795035392045975,0.004626820329576731,0.02304668352007866,2.4306420527864248e-05
5654,0.027810636907815933,0.0045643956400454044,0.02312605455517769,2.4037488401518203e-05
5655,0.027832819148898125,0.004646416287869215,0.023064138367772102,2.4452981961076148e-05
5656,0.027863841503858566,0.004560539964586496,0.023183142766356468,2.403202779532876e-05
5657,0.027906889095902443,0.004677613731473684,0.02310442551970482,2.4969960577436723e-05
5658,0.027964910492300987,0.004560896195471287,0.02328304760158062,2.4193121134885587e-05
5659,0.028040507808327675,0.004725053906440735,0.023185444995760918,2.6001611331594177e-05
5660,0.028131524100899696,0.004569848533719778,0.023438017815351486,2.4731289158808067e-05
5661,0.028230993077158928,0.004784760531038046,0.023308945819735527,2.7457168471300974e-05
5662,0.028317725285887718,0.0045853727497160435,0.023604772984981537,2.551617581048049e-05
5663,0.028364194557070732,0.00482322508469224,0.023397959768772125,2.8601869416888803e-05
5664,0.028335746377706528,0.004586820490658283,0.023620054125785828,2.5774581445148215e-05
5665,0.028223833069205284,0.004781019873917103,0.023302137851715088,2.813524224620778e-05
5666,0.028052303940057755,0.0045641022734344006,0.023363912478089333,2.4857879907358438e-05
5667,0.02788333222270012,0.004667067900300026,0.023086290806531906,2.5994673706009053e-05
5668,0.027777710929512978,0.004571193363517523,0.02308693155646324,2.391712405369617e-05
5669,0.027762141078710556,0.004582472611218691,0.023058373481035233,2.4259079509647563e-05
5670,0.027818480506539345,0.0046377480030059814,0.023057974874973297,2.455144567647949e-05
5671,0.027899930253624916,0.00456229317933321,0.023216959089040756,2.4135824787663296e-05
5672,0.027957670390605927,0.004694865085184574,0.02313244715332985,2.6071673346450552e-05
5673,0.027961289510130882,0.00456037325784564,0.023278385400772095,2.4506003683200106e-05
5674,0.027912599965929985,0.004678511992096901,0.023101799190044403,2.645774839038495e-05
5675,0.027839673683047295,0.004560390021651983,0.02315841056406498,2.417461837467272e-05
5676,0.027780400589108467,0.004617257509380579,0.023036718368530273,2.5285051378887147e-05
5677,0.02775891125202179,0.004588503390550613,0.02305118925869465,2.3843813323765062e-05
5678,0.02777518518269062,0.004574901890009642,0.02307940647006035,2.4175113139790483e-05
5679,0.027809737250208855,0.004634122829884291,0.023052804172039032,2.4561810278100893e-05
5680,0.02783774398267269,0.004561570938676596,0.023155977949500084,2.4039039999479428e-05
5681,0.027843274176120758,0.004650874529033899,0.02306436374783516,2.560726716183126e-05
5682,0.02782518044114113,0.004560825414955616,0.023143703117966652,2.4130049496307038e-05
5683,0.02779526822268963,0.004626655951142311,0.02304043434560299,2.5635721613070928e-05
5684,0.02776963636279106,0.004574197810143232,0.023075807839632034,2.3926197172841057e-05
5685,0.02775903046131134,0.004592297598719597,0.023042889311909676,2.4768665753072128e-05
5686,0.027764150872826576,0.004601904656738043,0.023042138665914536,2.40212757489644e-05
5687,0.02777760475873947,0.004571985453367233,0.023085035383701324,2.4116674467222765e-05
5688,0.02778950333595276,0.004623502492904663,0.02304239384829998,2.472139567544218e-05
5689,0.02779296040534973,0.004565998911857605,0.023106958717107773,2.4000630219234154e-05
5690,0.027787039056420326,0.004622060339897871,0.02303854376077652,2.528707409510389e-05
5691,0.027775609865784645,0.004570911172777414,0.023084934800863266,2.3952798073878512e-05
5692,0.027764705941081047,0.004603879060596228,0.023035429418087006,2.5079556507989764e-05
5693,0.02775871381163597,0.004585553426295519,0.023053795099258423,2.3872973542893305e-05
5694,0.027758870273828506,0.004585337825119495,0.02305131033062935,2.444452911731787e-05
5695,0.027763038873672485,0.004602506291121244,0.023039991036057472,2.410840170341544e-05
5696,0.027767963707447052,0.004574967082589865,0.023072876036167145,2.4023885998758487e-05
5697,0.027770619839429855,0.00461082486435771,0.0230366513133049,2.4628710889373906e-05
5698,0.027769939973950386,0.0045732371509075165,0.02307714894413948,2.3910904928925447e-05
5699,0.027766548097133636,0.004606860224157572,0.023035023361444473,2.493311149009969e-05
5700,0.027762187644839287,0.00457881111651659,0.023064004257321358,2.387418680882547e-05
5701,0.027758682146668434,0.004596031736582518,0.023038892075419426,2.4751536329858936e-05
5702,0.02775707095861435,0.00458878418430686,0.0230487659573555,2.3903998226160184e-05
5703,0.027757374569773674,0.004585595801472664,0.023050084710121155,2.4338742150575854e-05
5704,0.027758760377764702,0.004598001483827829,0.023040063679218292,2.4139271772583015e-05
5705,0.027760259807109833,0.004579565487802029,0.023060478270053864,2.4043069061008282e-05
5706,0.027761073783040047,0.004601980093866587,0.02303660474717617,2.449779822200071e-05
5707,0.027760887518525124,0.004578742664307356,0.02306249924004078,2.392905662418343e-05
5708,0.027759907767176628,0.004599875304847956,0.023036528378725052,2.4700852009118535e-05
5709,0.027758480980992317,0.004582218360155821,0.023056766018271446,2.3899347070255317e-05
5710,0.027757123112678528,0.00459411833435297,0.023039963096380234,2.4608472813270055e-05
5711,0.02775627188384533,0.004587912932038307,0.023048676550388336,2.393654540355783e-05
5712,0.027755947783589363,0.00458802143111825,0.023046206682920456,2.4344053599634208e-05
5713,0.0277561005204916,0.00459323963150382,0.02304241806268692,2.408830914646387e-05
5714,0.027756506577134132,0.004583871457725763,0.02305210568010807,2.410606794001069e-05
5715,0.02775692753493786,0.004596187267452478,0.02303915284574032,2.4317407223861665e-05
5716,0.027757134288549423,0.0045825401321053505,0.023054705932736397,2.397763091721572e-05
5717,0.02775711379945278,0.004596170969307423,0.023038487881422043,2.4491304429830052e-05
5718,0.027756813913583755,0.004583720117807388,0.02305341698229313,2.3935277567943558e-05
5719,0.02775636874139309,0.004593887832015753,0.023039929568767548,2.451026921335142e-05
5720,0.02775588445365429,0.004586424212902784,0.023049702867865562,2.3951226467033848e-05
5721,0.02775551937520504,0.004590692464262247,0.023042870685458183,2.4391314582317136e-05
5722,0.02775523066520691,0.004589449148625135,0.02304564230144024,2.4027798644965515e-05
5723,0.027755117043852806,0.0045878104865550995,0.023046178743243217,2.4225568267866038e-05
5724,0.027755171060562134,0.004591850098222494,0.02304253727197647,2.4156799554475583e-05
5725,0.027755266055464745,0.00458601163700223,0.023048801347613335,2.4090799342957325e-05
5726,0.027755381539463997,0.004593081306666136,0.023040836676955223,2.42928017541999e-05
5727,0.027755452319979668,0.00458550825715065,0.02304987981915474,2.40128119912697e-05
5728,0.027755480259656906,0.00459309434518218,0.023040499538183212,2.437735747662373e-05
5729,0.027755435556173325,0.004586051683872938,0.023049460723996162,2.398464312136639e-05
5730,0.027755295857787132,0.00459218630567193,0.023041199892759323,2.4381899493164383e-05
5731,0.027755169197916985,0.004587214905768633,0.023047974333167076,2.399607728875708e-05
5732,0.027754923328757286,0.004590799566358328,0.02304251864552498,2.432092333037872e-05
5733,0.02775479666888714,0.004588565323501825,0.02304602600634098,2.4041199139901437e-05
5734,0.027754686772823334,0.004589445423334837,0.02304408699274063,2.4230896087829024e-05
5735,0.02775457315146923,0.004589793272316456,0.023044224828481674,2.4111153834383003e-05
5736,0.02775454707443714,0.004588369745761156,0.023045450448989868,2.4145627321559004e-05
5737,0.02775455266237259,0.004590658005326986,0.0230429545044899,2.418793155811727e-05
5738,0.027754545211791992,0.004587728530168533,0.023046398535370827,2.4083545213215984e-05
5739,0.02775460295379162,0.0045911394990980625,0.023042209446430206,2.4250855858554132e-05
5740,0.02775462158024311,0.004587491974234581,0.023046888411045074,2.404829501756467e-05
5741,0.02775464951992035,0.004591257777065039,0.02304196171462536,2.4285811377922073e-05
5742,0.027754610404372215,0.004587545525282621,0.023046880960464478,2.4036518880166113e-05
5743,0.02775459736585617,0.004591097589582205,0.02304205112159252,2.4289596694870852e-05
5744,0.02775454707443714,0.004587834235280752,0.023046495392918587,2.4043305529630743e-05
5745,0.027754468843340874,0.0045907520689070225,0.02304236963391304,2.4269336790894158e-05
5746,0.02775437757372856,0.004588197451084852,0.023045863956212997,2.406315616099164e-05
5747,0.027754316106438637,0.004590326454490423,0.023042811080813408,2.4235667297034524e-05
5748,0.02775423787534237,0.004588617477566004,0.023045165464282036,2.409091030131094e-05
5749,0.02775421552360058,0.004589920397847891,0.023043302819132805,2.4198217943194322e-05
5750,0.027754174545407295,0.004589020740240812,0.023044545203447342,2.412167305010371e-05
5751,0.02775411680340767,0.0045895506627857685,0.02304374799132347,2.4163799025700428e-05
5752,0.027754107490181923,0.004589373711496592,0.023043978959321976,2.415095514152199e-05
5753,0.027754098176956177,0.004589252173900604,0.0230441652238369,2.4136174033628777e-05
5754,0.027754053473472595,0.004589666146785021,0.02304351143538952,2.4175371436285786e-05
5755,0.027754047885537148,0.004589025396853685,0.023044442757964134,2.4116079657687806e-05
5756,0.027754036709666252,0.0045898850075900555,0.023043181747198105,2.419376323814504e-05
5757,0.027754046022892,0.004588847979903221,0.023044684901833534,2.4102648239932023e-05
5758,0.02775402180850506,0.004590088967233896,0.02304290048778057,2.4206492525991052e-05
5759,0.027753988280892372,0.004588689189404249,0.023044828325510025,2.4094046239042655e-05
5760,0.027753977105021477,0.004590245895087719,0.02304265648126602,2.421469980617985e-05
5761,0.02775394730269909,0.004588559735566378,0.023044941946864128,2.408912951068487e-05
5762,0.02775394730269909,0.004590413998812437,0.023042432963848114,2.4220005798269995e-05
5763,0.027753934264183044,0.004588446579873562,0.02304505929350853,2.4085638870019466e-05
5764,0.027753906324505806,0.004590571392327547,0.023042213171720505,2.422447687422391e-05
5765,0.02775387279689312,0.004588303621858358,0.02304515615105629,2.408233194728382e-05
5766,0.027753859758377075,0.004590732976794243,0.02304198034107685,2.4229249902418815e-05
5767,0.02775382250547409,0.004588133655488491,0.02304529957473278,2.407822285022121e-05
5768,0.02775385044515133,0.0045909518375992775,0.02304171770811081,2.423618389002513e-05
5769,0.027753807604312897,0.004587928764522076,0.02304551750421524,2.4071958250715397e-05
5770,0.027753829956054688,0.00459120562300086,0.023041389882564545,2.4246814064099453e-05
5771,0.02775384671986103,0.004587656352669001,0.02304587885737419,2.406246494501829e-05
5772,0.027753815054893494,0.004591577686369419,0.02304092049598694,2.426365426799748e-05
5773,0.027753861621022224,0.00458728289231658,0.023046335205435753,2.4048440536716953e-05
5774,0.027753904461860657,0.004592055920511484,0.023040402680635452,2.42893129325239e-05
5775,0.027753982692956924,0.004586777184158564,0.023047059774398804,2.4029153792071156e-05
5776,0.027754001319408417,0.004592744167894125,0.023039616644382477,2.4327939172508195e-05
5777,0.027754152193665504,0.004586054477840662,0.023048080503940582,2.4003355065360665e-05
5778,0.027754327282309532,0.004593732301145792,0.02303866110742092,2.438684896333143e-05
5779,0.027754614129662514,0.004585047252476215,0.023049714043736458,2.3970260372152552e-05
5780,0.02775496616959572,0.004595157690346241,0.023037414997816086,2.4478824343532324e-05
5781,0.027755457907915115,0.004583605099469423,0.023052196949720383,2.3931341274874285e-05
5782,0.027756191790103912,0.00459727318957448,0.023035787045955658,2.4626298909424804e-05
5783,0.02775724045932293,0.004581606946885586,0.023056160658597946,2.389424480497837e-05
5784,0.027758706361055374,0.004600453656166792,0.02303389087319374,2.487238816684112e-05
5785,0.02776089683175087,0.004578803200274706,0.023062681779265404,2.3882577806944028e-05
5786,0.027764059603214264,0.004605395253747702,0.02303215116262436,2.5302475478383712e-05
5787,0.027768610045313835,0.004574987571686506,0.023073814809322357,2.396158015471883e-05
5788,0.027775313705205917,0.004613263998180628,0.023031597957015038,2.609033981570974e-05
5789,0.02778523415327072,0.004570032935589552,0.02309371531009674,2.42969053942943e-05
5790,0.027799859642982483,0.004626154899597168,0.023035699501633644,2.760120878519956e-05
5791,0.02782137133181095,0.004564316011965275,0.02313060127198696,2.529070661694277e-05
5792,0.027852965518832207,0.004647764842957258,0.02305224910378456,3.0590097594540566e-05
5793,0.02789875492453575,0.004559470806270838,0.023200098425149918,2.7837113520945422e-05
5794,0.027964025735855103,0.004683734383434057,0.023097926750779152,3.6472883948590606e-05
5795,0.028053417801856995,0.004559513181447983,0.023326048627495766,3.3571257517905906e-05
5796,0.028169993311166763,0.00473887100815773,0.02319558523595333,4.710754728876054e-05
5797,0.028307177126407623,0.004568704403936863,0.023518934845924377,4.390779577079229e-05
5798,0.0284464992582798,0.004802312236279249,0.02333637699484825,6.156189920147881e-05
5799,0.028545459732413292,0.004580075386911631,0.023692550137639046,5.4566789913224056e-05
5800,0.028557520359754562,0.004823617171496153,0.023394757881760597,6.782898708479479e-05
5801,0.028446344658732414,0.004572877660393715,0.023621786385774612,5.033604975324124e-05
5802,0.028238199651241302,0.004753769375383854,0.02323611080646515,4.966402048012242e-05
5803,0.028010636568069458,0.004567007999867201,0.023293346166610718,3.0056273317313753e-05
5804,0.027859611436724663,0.0046496158465743065,0.023079846054315567,2.6029865693999454e-05
5805,0.027830516919493675,0.004611318465322256,0.023086562752723694,2.6527230147621594e-05
5806,0.027897393330931664,0.004590943455696106,0.02316158264875412,2.897328340623062e-05
5807,0.027986640110611916,0.004666275344789028,0.023093754425644875,4.5322245568968356e-05
5808,0.02802598476409912,0.004565361887216568,0.023253805935382843,4.136347706662491e-05
5809,0.027987617999315262,0.0046635461039841175,0.023076729848980904,4.946852641296573e-05
5810,0.027899645268917084,0.004562310874462128,0.023170094937086105,3.3447780879214406e-05
5811,0.027821095660328865,0.0046270922757685184,0.023041199892759323,3.056083733099513e-05
5812,0.027794651687145233,0.004595096223056316,0.023078976199030876,2.411618879705202e-05
5813,0.02782050147652626,0.004599165171384811,0.02309747412800789,2.477241650922224e-05
5814,0.02786373347043991,0.0046224514953792095,0.02306002750992775,3.625094177550636e-05
5815,0.027884511277079582,0.004578511696308851,0.023132946342229843,3.461046071606688e-05
5816,0.027865638956427574,0.004613702185451984,0.02303311973810196,4.376354263513349e-05
5817,0.027820633724331856,0.004577369429171085,0.023085398599505424,3.1572842999594286e-05
5818,0.02777988836169243,0.00459649134427309,0.023029813542962074,3.071647370234132e-05
5819,0.02776620164513588,0.00459749810397625,0.023048613220453262,2.4017917894525453e-05
5820,0.027780506759881973,0.004586860537528992,0.023073017597198486,2.4125636628014036e-05
5821,0.027805062010884285,0.004605965223163366,0.023039786145091057,3.18619713652879e-05
5822,0.02781859040260315,0.0045824660919606686,0.023086175322532654,2.9989520044182427e-05
5823,0.027811095118522644,0.004595212638378143,0.023029876872897148,3.720113818417303e-05
5824,0.027788549661636353,0.004589845892041922,0.0230579636991024,2.8148049750598148e-05
5825,0.027766678482294083,0.0045835645869374275,0.0230405330657959,2.8516391466837376e-05
5826,0.027758236974477768,0.004601639695465565,0.023036615923047066,2.3996255549718626e-05
5827,0.027764955535531044,0.004578455351293087,0.023066282272338867,2.4043512894422747e-05
5828,0.027777517214417458,0.004602874629199505,0.023029182106256485,2.9091828764649108e-05
5829,0.027784399688243866,0.004580735694617033,0.023069923743605614,2.6748031814349815e-05
5830,0.027779968455433846,0.004594331607222557,0.0230289027094841,3.1346920877695084e-05
5831,0.027768122032284737,0.004589641932398081,0.02305181697010994,2.5332552468171343e-05
5832,0.027757564559578896,0.00458470219746232,0.023042283952236176,2.6115698346984573e-05
5833,0.027755020186305046,0.004598584957420826,0.023035718128085136,2.414339360257145e-05
5834,0.0277602206915617,0.004579510074108839,0.023060709238052368,2.4000257326406427e-05
5835,0.02776733599603176,0.004601683933287859,0.023029007017612457,2.7329240765538998e-05
5836,0.027770044282078743,0.00458006514236331,0.023065125569701195,2.4970675440272316e-05
5837,0.027766214683651924,0.004598213359713554,0.023029562085866928,2.7687781766871922e-05
5838,0.027758993208408356,0.0045845904387533665,0.02305360697209835,2.4159338863682933e-05
5839,0.027753394097089767,0.004591620061546564,0.02303776703774929,2.4801556719467044e-05
5840,0.027752593159675598,0.004590476397424936,0.023039668798446655,2.4489787392667495e-05
5841,0.027755651623010635,0.00458608940243721,0.023049667477607727,2.397903153905645e-05
5842,0.027759460732340813,0.004595054779201746,0.023032281547784805,2.642499930516351e-05
5843,0.02776087261736393,0.004583476576954126,0.023055899888277054,2.4299328288179822e-05
5844,0.02775912918150425,0.004596362821757793,0.023031968623399734,2.6159199478570372e-05
5845,0.027755795046687126,0.00458375783637166,0.023052241653203964,2.395938463450875e-05
5846,0.027753230184316635,0.0045945048332214355,0.023036494851112366,2.4446233510388993e-05
5847,0.027752751484513283,0.004586146213114262,0.02304387092590332,2.4547123757656664e-05
5848,0.027753975242376328,0.004591239150613546,0.02304309979081154,2.3927334041218273e-05
5849,0.027755597606301308,0.0045892163179814816,0.02303774282336235,2.5727416868903674e-05
5850,0.027756188064813614,0.00458845030516386,0.023047618567943573,2.4023835067055188e-05
5851,0.02775549329817295,0.004591288976371288,0.023036325350403786,2.5575922336429358e-05
5852,0.02775411121547222,0.004587465897202492,0.023047037422657013,2.3921702450024895e-05
5853,0.027752786874771118,0.00459144776687026,0.02303863689303398,2.454032437526621e-05
5854,0.027752215042710304,0.004588316660374403,0.02304260805249214,2.425800084893126e-05
5855,0.027752408757805824,0.00458989292383194,0.02304253727197647,2.3995684387045912e-05
5856,0.027752982452511787,0.00459005031734705,0.023038461804389954,2.489419057383202e-05
5857,0.027753416448831558,0.004588110372424126,0.02304566092789173,2.392912210780196e-05
5858,0.027753498405218124,0.0045914072543382645,0.023037178441882133,2.498270259820856e-05
5859,0.027753174304962158,0.004587589297443628,0.023045869544148445,2.394312650721986e-05
5860,0.027752729132771492,0.004591339733451605,0.02303864248096943,2.454927198414225e-05
5861,0.027752326801419258,0.004588666837662458,0.02304306998848915,2.4118018700391985e-05
5862,0.02775207906961441,0.004589636344462633,0.02304159291088581,2.416991083009634e-05
5863,0.027752084657549858,0.004590734373778105,0.023039311170578003,2.4407625460298732e-05
5864,0.0277522224932909,0.004587370436638594,0.02304469235241413,2.4031774955801666e-05
5865,0.02775237150490284,0.004592736717313528,0.023037025704979897,2.4521650630049407e-05
5866,0.027752486988902092,0.004585938062518835,0.023046374320983887,2.4035012756939977e-05
5867,0.027752384543418884,0.004593661520630121,0.023036746308207512,2.4395254513365217e-05
5868,0.027752235531806946,0.004585908725857735,0.023045655339956284,2.413416405033786e-05
5869,0.027751993387937546,0.004593002609908581,0.023037955164909363,2.420687087578699e-05
5870,0.027751844376325607,0.004587055649608374,0.023043353110551834,2.4287113774335012e-05
5871,0.02775169536471367,0.004591377917677164,0.023039881139993668,2.4087363271974027e-05
5872,0.02775167115032673,0.004588679876178503,0.023040998727083206,2.4398557798122056e-05
5873,0.027751779183745384,0.004589885473251343,0.023041661828756332,2.4046410544542596e-05
5874,0.02775186486542225,0.004589912481606007,0.02303987368941307,2.4415805455646478e-05
5875,0.02775190770626068,0.004589279647916555,0.023042339831590652,2.4057504560914822e-05
5876,0.027751853689551353,0.004590081982314587,0.023039940744638443,2.4366023353650235e-05
5877,0.027751745656132698,0.0045896777883172035,0.023041583597660065,2.409689659543801e-05
5878,0.027751578018069267,0.004589189775288105,0.023040881380438805,2.4301314624608494e-05
5879,0.027751538902521133,0.004590817727148533,0.023040009662508965,2.4142067559296265e-05
5880,0.027751481160521507,0.004587856121361256,0.023042364045977592,2.4252100047306158e-05
5881,0.027751531451940536,0.004592158365994692,0.02303849533200264,2.4175657017622143e-05
5882,0.027751533314585686,0.004586664494127035,0.023043736815452576,2.422626130282879e-05
5883,0.027751674875617027,0.004593226592987776,0.02303750067949295,2.4189252144424245e-05
5884,0.02775171585381031,0.004585927817970514,0.02304467186331749,2.4223187210736796e-05
5885,0.02775179222226143,0.004593841731548309,0.023037051782011986,2.4179747924790718e-05
5886,0.027751874178647995,0.004585567396134138,0.02304508537054062,2.424436570436228e-05
5887,0.027751950547099113,0.004594212397933006,0.023037008941173553,2.414575283182785e-05
5888,0.027752157300710678,0.004585323855280876,0.023045359179377556,2.4294671675306745e-05
5889,0.027752423658967018,0.004594835918396711,0.02303714118897915,2.408914042462129e-05
5890,0.02775288186967373,0.0045847403816878796,0.023046230897307396,2.438212868582923e-05
5891,0.027753528207540512,0.00459621986374259,0.023037223145365715,2.401688470854424e-05
5892,0.02775438502430916,0.004583429079502821,0.023048382252454758,2.451479303999804e-05
5893,0.02775566466152668,0.004598881583660841,0.023037079721689224,2.394067087152507e-05
5894,0.02775746025145054,0.004581158049404621,0.023052791133522987,2.4701968868612312e-05
5895,0.027760116383433342,0.004603405483067036,0.02303735539317131,2.387141103099566e-05
5896,0.027763957157731056,0.004577870946377516,0.02306126244366169,2.4964807380456477e-05
5897,0.02776956558227539,0.0046108681708574295,0.023039598017930984,2.382003549428191e-05
5898,0.027777807787060738,0.0045737638138234615,0.023077260702848434,2.5356670448672958e-05
5899,0.02778998762369156,0.004623237065970898,0.023047681897878647,2.381364902248606e-05
5900,0.027807902544736862,0.004569705110043287,0.02310820296406746,2.5998690034612082e-05
5901,0.027834193781018257,0.004644212778657675,0.023070301860570908,2.393581780779641e-05
5902,0.02787240594625473,0.004568071570247412,0.023168670013546944,2.713295725698117e-05
5903,0.027927063405513763,0.004680045880377293,0.023125041276216507,2.4395429136347957e-05
5904,0.02800244837999344,0.004574149381369352,0.023282641544938087,2.9131373594282195e-05
5905,0.028102027252316475,0.004737612791359425,0.023236755281686783,2.553186823206488e-05
5906,0.02822151593863964,0.004594356287270784,0.02346630208194256,3.217159246560186e-05
5907,0.02834656648337841,0.004809662699699402,0.023400383070111275,2.730426967900712e-05
5908,0.02844066172838211,0.004620532039552927,0.023645799607038498,3.4866141504608095e-05
5909,0.028459396213293076,0.004841053392738104,0.023478686809539795,2.7931098884437233e-05
5910,0.02836245484650135,0.004612635355442762,0.023583179339766502,3.3328069548588246e-05
5911,0.028165556490421295,0.004756659734994173,0.02328183501958847,2.5412527975277044e-05
5912,0.02794072777032852,0.004572875332087278,0.02323141321539879,2.7287696866551414e-05
5913,0.027785910293459892,0.004622079897671938,0.023044968023896217,2.3772427084622905e-05
5914,0.027754977345466614,0.004598190076649189,0.023037487640976906,2.3859916836954653e-05
5915,0.027829566970467567,0.004571048077195883,0.02312505804002285,2.6692083338275552e-05
5916,0.027940070256590843,0.004682614002376795,0.023134693503379822,2.455275534885004e-05
5917,0.028009697794914246,0.004577857442200184,0.02328646555542946,2.9075195925543085e-05
5918,0.027996830642223358,0.004703464452177286,0.02317064441740513,2.454451532685198e-05
5919,0.027912603691220284,0.004571251105517149,0.023206567391753197,2.695687180676032e-05
5920,0.027812857180833817,0.004635877441614866,0.02305825613439083,2.3744807549519464e-05
5921,0.027755562216043472,0.004581177141517401,0.02305336855351925,2.4203267457778566e-05
5922,0.02776251547038555,0.004579649306833744,0.023056527599692345,2.526751450204756e-05
5923,0.02781161293387413,0.004632438998669386,0.0230594202876091,2.3950557078933343e-05
5924,0.02785884030163288,0.0045699989423155785,0.02315352112054825,2.7063695597462356e-05
5925,0.02787005715072155,0.004658197984099388,0.023091744631528854,2.4022967409109697e-05
5926,0.027840131893754005,0.004569292068481445,0.023140160366892815,2.613575998111628e-05
5927,0.027792183682322502,0.004625360015779734,0.023047897964715958,2.3785327357472852e-05
5928,0.027757277712225914,0.004579484928399324,0.023056156933307648,2.4327400751644745e-05
5929,0.027752650901675224,0.004585639573633671,0.02304292470216751,2.4817445591907017e-05
5930,0.02777283452451229,0.004611633718013763,0.023041829466819763,2.387408858339768e-05
5931,0.02779756672680378,0.004572242498397827,0.02309493161737919,2.6078503651660867e-05
5932,0.027807850390672684,0.004631112329661846,0.023057205602526665,2.3906519345473498e-05
5933,0.0277977604418993,0.0045716241002082825,0.0230976864695549,2.56898274528794e-05
5934,0.02777578867971897,0.00461542559787631,0.023040983825922012,2.3875605620560236e-05
5935,0.027756566181778908,0.004580189473927021,0.02305399812757969,2.447569750074763e-05
5936,0.02775043435394764,0.004589541349560022,0.023038318380713463,2.4514896722394042e-05
5937,0.027757488191127777,0.00460050581023097,0.023037368431687355,2.3922711989143863e-05
5938,0.02776954136788845,0.004576969426125288,0.023065684363245964,2.537737600505352e-05
5939,0.027777133509516716,0.004614740144461393,0.023043101653456688,2.3858348868088797e-05
5940,0.027775410562753677,0.004575503524392843,0.02307325229048729,2.5330902644782327e-05
5941,0.02776630036532879,0.0046085696667432785,0.023038389161229134,2.386824598943349e-05
5942,0.02775607816874981,0.004581307526677847,0.023051917552947998,2.4570603272877634e-05
5943,0.02775045856833458,0.004592496436089277,0.02303684875369072,2.4222646970883943e-05
5944,0.027751343324780464,0.004593848716467619,0.02303740195930004,2.4018616386456415e-05
5945,0.02775638923048973,0.004581781104207039,0.023050539195537567,2.481385672581382e-05
5946,0.027761366218328476,0.00460438197478652,0.023037608712911606,2.3874861653894186e-05
5947,0.027762891724705696,0.004579083062708378,0.023058725520968437,2.5016330255311914e-05
5948,0.02776033617556095,0.004603713285177946,0.023037131875753403,2.3897955543361604e-05
5949,0.02775559201836586,0.004582184366881847,0.02305000275373459,2.4680872229509987e-05
5950,0.027751455083489418,0.004594581201672554,0.02303643524646759,2.4087803467409685e-05
5951,0.02774987556040287,0.004589705727994442,0.02303895354270935,2.424313970550429e-05
5952,0.027750948444008827,0.004585902672261,0.023042818531394005,2.4445434974040836e-05
5953,0.027753399685025215,0.0045974887907505035,0.023035841062664986,2.401379242655821e-05
5954,0.02775532193481922,0.004582069348543882,0.023049723356962204,2.470585604896769e-05
5955,0.02775563672184944,0.004599825944751501,0.02303597517311573,2.3967009838088416e-05
5956,0.02775435335934162,0.004582827445119619,0.023048212751746178,2.4662378564244136e-05
5957,0.02775227278470993,0.004595828242599964,0.023036256432533264,2.4037834009504877e-05
5958,0.027750451117753983,0.004586996044963598,0.02304137498140335,2.4416074666078202e-05
5959,0.027749717235565186,0.004589596297591925,0.02303905598819256,2.421285171294585e-05
5960,0.027750032022595406,0.004592489916831255,0.023036614060401917,2.4185763322748244e-05
5961,0.02775104157626629,0.004585186019539833,0.023043794557452202,2.4412167476839386e-05
5962,0.027751930058002472,0.004596124868839979,0.0230354405939579,2.4072702217381448e-05
5963,0.02775222808122635,0.004583936184644699,0.023045754060149193,2.4507706257281825e-05
5964,0.027751848101615906,0.004595885053277016,0.023035626858472824,2.4067305275821127e-05
5965,0.027750995010137558,0.004585455637425184,0.023043248802423477,2.445784593874123e-05
5966,0.02775014005601406,0.004592641722410917,0.02303679659962654,2.4140214009094052e-05
5967,0.027749644592404366,0.00458875996991992,0.023039229214191437,2.4331062377314083e-05
5968,0.027749503031373024,0.004588813986629248,0.02303941361606121,2.4255034077214077e-05
5969,0.027749765664339066,0.004592215176671743,0.023036468774080276,2.4216124074882828e-05
5970,0.02775014564394951,0.004586284514516592,0.02304208278656006,2.4355502318940125e-05
5971,0.027750464156270027,0.004594126716256142,0.023035556077957153,2.4156330255209468e-05
5972,0.027750495821237564,0.004585660994052887,0.023042872548103333,2.4392591512878425e-05
5973,0.027750331908464432,0.004593837074935436,0.023035721853375435,2.4154614948201925e-05
5974,0.02774997055530548,0.004586718510836363,0.02304144762456417,2.436065005895216e-05
5975,0.02774962969124317,0.004591936711221933,0.023036710917949677,2.419648262730334e-05
5976,0.027749376371502876,0.004588795360177755,0.023039115592837334,2.4293065507663414e-05
5977,0.027749279513955116,0.004589610733091831,0.02303837612271309,2.4258655685116537e-05
5978,0.02774936705827713,0.004590957425534725,0.02303726226091385,2.4229460905189626e-05
5979,0.02774946019053459,0.004587873816490173,0.02304002456367016,2.431240864098072e-05
5980,0.02774956077337265,0.00459233159199357,0.023036260157823563,2.419375414319802e-05
5981,0.027749650180339813,0.004587168805301189,0.023040803149342537,2.4335900889127515e-05
5982,0.02774958498775959,0.00459256349131465,0.023036064580082893,2.4191138436435722e-05
5983,0.02774950861930847,0.004587456118315458,0.023040426895022392,2.4324861442437395e-05
5984,0.027749326080083847,0.004591801203787327,0.023036444559693336,2.4215729354182258e-05
5985,0.02774920128285885,0.004588438663631678,0.023039309307932854,2.4290757210110314e-05
5986,0.027749110013246536,0.004590569529682398,0.023037264123558998,2.4255408789031208e-05
5987,0.027749046683311462,0.0045896670781075954,0.023038122802972794,2.425127968308516e-05
5988,0.027749018743634224,0.004589387681335211,0.02303815446794033,2.4295399271068163e-05
5989,0.027749082073569298,0.004590725060552359,0.023037254810333252,2.4220318664447404e-05
5990,0.02774912305176258,0.004588603973388672,0.02303890697658062,2.4322593162651174e-05
5991,0.02774907648563385,0.004591291770339012,0.023036759346723557,2.4204930014093406e-05
5992,0.027749117463827133,0.004588353913277388,0.023039106279611588,2.4331355234608054e-05
5993,0.02774910442531109,0.004591319710016251,0.023036757484078407,2.4205595764215104e-05
5994,0.02774900756776333,0.0045885625295341015,0.0230388306081295,2.4322769604623318e-05
5995,0.027748942375183105,0.004590921103954315,0.023036928847432137,2.421863428025972e-05
5996,0.02774888649582863,0.004589076619595289,0.023038290441036224,2.430369750072714e-05
5997,0.0277488362044096,0.004590313881635666,0.02303732931613922,2.42387322941795e-05
5998,0.027748823165893555,0.0045897262170910835,0.023037688806653023,2.4281282094307244e-05
5999,0.027748797088861465,0.004589700140058994,0.023037796840071678,2.4260003556264564e-05
6000,0.02774878405034542,0.00459029246121645,0.023037182167172432,2.4261813450721093e-05
6001,0.027748752385377884,0.004589756019413471,0.02303764782845974,2.4269669665955007e-05
6002,0.027748705819249153,0.004589483607560396,0.023037876933813095,2.4269320419989526e-05
6003,0.02774875983595848,0.004589983262121677,0.023037463426589966,2.4262666556751356e-05
6004,0.0277487114071846,0.004590216558426619,0.023037180304527283,2.4262657461804338e-05
6005,0.027748677879571915,0.004589814227074385,0.023037519305944443,2.4268694687634706e-05
6006,0.02774871699512005,0.004589561838656664,0.023037809878587723,2.4269120331155136e-05
6007,0.02774868719279766,0.0045899502001702785,0.023037416860461235,2.426396713417489e-05
6008,0.027748676016926765,0.004590179305523634,0.023037180304527283,2.4263326849904843e-05
6009,0.027748657390475273,0.004589845426380634,0.02303747460246086,2.4267790649901144e-05
6010,0.027748648077249527,0.004589640535414219,0.023037662729620934,2.42687947320519e-05
6011,0.027748627588152885,0.004589929711073637,0.023037374019622803,2.4264758394565433e-05
6012,0.027748646214604378,0.004590140655636787,0.02303718775510788,2.4263745217467658e-05
6013,0.02774858847260475,0.004589857999235392,0.023037394508719444,2.4267248591058888e-05
6014,0.027748603373765945,0.004589691758155823,0.023037569597363472,2.426832725177519e-05
6015,0.027748579159379005,0.004589938558638096,0.023037312552332878,2.4265347747132182e-05
6016,0.02774856984615326,0.0045900908298790455,0.023037157952785492,2.426434184599202e-05
6017,0.027748560532927513,0.004589891526848078,0.02303733490407467,2.42669466388179e-05
6018,0.02774854376912117,0.004589754622429609,0.023037448525428772,2.426793253107462e-05
6019,0.027748538181185722,0.00458994135260582,0.023037267848849297,2.42659716604976e-05
6020,0.02774851769208908,0.004590075463056564,0.02303711697459221,2.42648948187707e-05
6021,0.02774849906563759,0.004589904565364122,0.0230372603982687,2.4266795662697405e-05
6022,0.02774851769208908,0.004589792340993881,0.023037385195493698,2.4268041670438834e-05
6023,0.02774847112596035,0.004589935299009085,0.023037202656269073,2.426657192700077e-05
6024,0.0277484729886055,0.0045900531113147736,0.02303709276020527,2.4265473257401027e-05
6025,0.02774844504892826,0.0045899213291704655,0.02303718961775303,2.4267021217383444e-05
6026,0.027748454362154007,0.004589828662574291,0.02303728461265564,2.426815808576066e-05
6027,0.027748461812734604,0.004589948337525129,0.023037178441882133,2.426700848445762e-05
6028,0.027748459950089455,0.004590039607137442,0.02303709089756012,2.4265978936455213e-05
6029,0.027748428285121918,0.004589928779751062,0.02303716354072094,2.4267135813715868e-05
6030,0.02774840220808983,0.004589854273945093,0.02303720824420452,2.4268134438898414e-05
6031,0.02774839848279953,0.004589955788105726,0.023037105798721313,2.426742867100984e-05
6032,0.027748404070734978,0.004590032156556845,0.02303703874349594,2.4266539185191505e-05
6033,0.027748355641961098,0.0045899380929768085,0.023037081584334373,2.426732135063503e-05
6034,0.027748363092541695,0.004589879419654608,0.02303714118897915,2.4268361812573858e-05
6035,0.027748381718993187,0.004589968826621771,0.023037074133753777,2.4267692424473353e-05
6036,0.02774830535054207,0.0045900181867182255,0.023036953061819077,2.426705941616092e-05
6037,0.02774832211434841,0.004589947871863842,0.023037035018205643,2.4267692424473353e-05
6038,0.02774830348789692,0.004589899908751249,0.023037061095237732,2.426847095193807e-05
6039,0.02774827927350998,0.004589967429637909,0.02303697168827057,2.426801984256599e-05
6040,0.027748310938477516,0.004590017255395651,0.023036956787109375,2.4267454136861488e-05
6041,0.027748269960284233,0.004589958116412163,0.02303697168827057,2.4268072593258694e-05
6042,0.027748264372348785,0.004589934833347797,0.023036986589431763,2.4268818378914148e-05
6043,0.027748219668865204,0.004589983727782965,0.0230368934571743,2.426829087198712e-05
6044,0.027748221531510353,0.004590020980685949,0.023036861792206764,2.4267805201816373e-05
6045,0.027748195454478264,0.004589972551912069,0.023036880418658257,2.4268369088531472e-05
6046,0.02774820663034916,0.004589942749589682,0.02303691767156124,2.4268982087960467e-05
6047,0.02774820290505886,0.004589989315718412,0.02303686924278736,2.426866012683604e-05
6048,0.027748199179768562,0.004590024705976248,0.023036833852529526,2.4268114430014975e-05
6049,0.027748161926865578,0.0045899818651378155,0.023036837577819824,2.4268500055768527e-05
6050,0.027748174965381622,0.004589955788105726,0.02303687296807766,2.4269331333925948e-05
6051,0.027748139575123787,0.004590008407831192,0.023036785423755646,2.4269058485515416e-05
6052,0.027748139575123787,0.004590032156556845,0.023036764934659004,2.426844548608642e-05
6053,0.027748124673962593,0.00458999490365386,0.023036785423755646,2.426882019790355e-05
6054,0.027748115360736847,0.004589970223605633,0.02303679846227169,2.426952778478153e-05
6055,0.027748117223381996,0.004590005613863468,0.023036766797304153,2.4269282221212052e-05
6056,0.02774808742105961,0.004590028431266546,0.023036714643239975,2.4268729248433374e-05
6057,0.027748089283704758,0.004590013064444065,0.023036731407046318,2.4268954803119414e-05
6058,0.027748096734285355,0.004589981399476528,0.023036766797304153,2.426965147606097e-05
6059,0.027748089283704758,0.0045900228433310986,0.023036718368530273,2.4269585992442444e-05
6060,0.027748050168156624,0.00459004333242774,0.023036660626530647,2.4268974812002853e-05
6061,0.027748022228479385,0.004590013064444065,0.023036662489175797,2.4269369532703422e-05
6062,0.027748042717576027,0.004590008407831192,0.023036684840917587,2.427002982585691e-05
6063,0.027748040854930878,0.0045900302939116955,0.023036660626530647,2.4269966161227785e-05
6064,0.02774803899228573,0.0045900470577180386,0.023036643862724304,2.4269416826427914e-05
6065,0.027748022228479385,0.0045900242403149605,0.023036649450659752,2.4269642381113954e-05
6066,0.027747998014092445,0.0045900228433310986,0.023036623373627663,2.4270309950225055e-05
6067,0.027747973799705505,0.004590045195072889,0.023036576807498932,2.4270437279483303e-05
6068,0.02774794213473797,0.004590045195072889,0.023036547005176544,2.4269875211757608e-05
6069,0.027747929096221924,0.004590035881847143,0.023036543279886246,2.4270049834740348e-05
6070,0.027747929096221924,0.00459003821015358,0.023036537691950798,2.427074832667131e-05
6071,0.027747929096221924,0.0045900605618953705,0.023036515340209007,2.427072831778787e-05
6072,0.02774789184331894,0.004590056836605072,0.02303648367524147,2.427025538054295e-05
6073,0.027747906744480133,0.004590056370943785,0.023036498576402664,2.427042454655748e-05
6074,0.02774789184331894,0.004590041469782591,0.023036494851112366,2.4271022994071245e-05
6075,0.027747850865125656,0.0045900652185082436,0.023036431521177292,2.4271012080134824e-05
6076,0.027747875079512596,0.004590068943798542,0.023036453872919083,2.4270600988529623e-05
6077,0.027747867628932,0.004590062890201807,0.023036450147628784,2.4270962967420928e-05
6078,0.027747800573706627,0.004590057767927647,0.02303638681769371,2.4271324946312234e-05
6079,0.027747802436351776,0.004590070340782404,0.023036375641822815,2.4271295842481777e-05
6080,0.027747850865125656,0.004590083844959736,0.02303641103208065,2.427103572699707e-05
6081,0.02774778939783573,0.004590063821524382,0.023036368191242218,2.4271263100672513e-05
6082,0.027747780084609985,0.004590072203427553,0.023036349564790726,2.4271705115097575e-05
6083,0.02774774469435215,0.0045900847762823105,0.023036302998661995,2.427148137940094e-05
6084,0.027747780084609985,0.0045900773257017136,0.023036345839500427,2.4271443180623464e-05
6085,0.027747800573706627,0.004590089898556471,0.023036351427435875,2.427174331387505e-05
6086,0.02774774469435215,0.004590082447975874,0.023036301136016846,2.427195431664586e-05
6087,0.02774772047996521,0.004590095020830631,0.02303626760840416,2.4271865186165087e-05
6088,0.02774771675467491,0.004590089898556471,0.02303626760840416,2.42718724621227e-05
6089,0.027747707441449165,0.004590086173266172,0.023036260157823563,2.42722817347385e-05
6090,0.027747657150030136,0.004590101074427366,0.02303619496524334,2.427230356261134e-05
6091,0.02774767391383648,0.004590117838233709,0.02303619496524334,2.4272070731967688e-05
6092,0.02774767391383648,0.004590106662362814,0.023036204278469086,2.4272345399367623e-05
6093,0.027747659012675285,0.0045901029370725155,0.02303619123995304,2.4272689188364893e-05
6094,0.02774767577648163,0.004590112250298262,0.023036200553178787,2.427249819447752e-05
6095,0.027747608721256256,0.004590105265378952,0.023036140948534012,2.4272572773043066e-05
6096,0.027747608721256256,0.004590106662362814,0.023036137223243713,2.427284198347479e-05
6097,0.02774759568274021,0.004590106662362814,0.02303612418472767,2.4272947484860197e-05
6098,0.027747582644224167,0.004590114112943411,0.023036103695631027,2.427296931273304e-05
6099,0.027747591957449913,0.004590118303894997,0.023036107420921326,2.4273091185023077e-05
6100,0.027747564017772675,0.00459011597558856,0.023036081343889236,2.4273207600344904e-05
6101,0.02774757519364357,0.004590130411088467,0.023036079481244087,2.4273320377687924e-05
6102,0.027747562155127525,0.00459012808278203,0.023036066442728043,2.4273453163914382e-05
6103,0.027747564017772675,0.004590154625475407,0.023036044090986252,2.4273414965136908e-05
6104,0.02774749882519245,0.004590131342411041,0.02303599938750267,2.4273685994558036e-05
6105,0.027747508138418198,0.004590138327330351,0.02303600125014782,2.4273735107271932e-05
6106,0.027747569605708122,0.00459014717489481,0.023036053404211998,2.4273640519822948e-05
6107,0.02774750627577305,0.004590156953781843,0.023035980761051178,2.4273706003441475e-05
6108,0.02774745598435402,0.004590144846588373,0.023035941645503044,2.427398976578843e-05
6109,0.027747541666030884,0.004590153228491545,0.023036018013954163,2.427393337711692e-05
6110,0.02774748206138611,0.004590158816426992,0.02303595282137394,2.4273947929032147e-05
6111,0.02774745225906372,0.004590149968862534,0.023035932332277298,2.427416438877117e-05
6112,0.027747465297579765,0.004590150434523821,0.023035943508148193,2.4274286261061206e-05
6113,0.027747415006160736,0.004590150434523821,0.023035893216729164,2.427422077744268e-05
6114,0.02774740383028984,0.004590149503201246,0.02303588204085827,2.4274335373775102e-05
6115,0.02774737775325775,0.004590159747749567,0.023035846650600433,2.4274509996757843e-05
6116,0.02774738147854805,0.004590160679072142,0.023035846650600433,2.427473009447567e-05
6117,0.02774735912680626,0.00459017138928175,0.023035813122987747,2.4274742827401496e-05
6118,0.027747362852096558,0.004590163938701153,0.023035824298858643,2.4274751922348514e-05
6119,0.027747368440032005,0.004590179305523634,0.023035813122987747,2.4275035684695467e-05
6120,0.0277473796159029,0.004590175114572048,0.02303582802414894,2.4275223040604033e-05
6121,0.027747338637709618,0.004590174648910761,0.023035788908600807,2.4275163013953716e-05
6122,0.02774733304977417,0.004590172320604324,0.02303578518331051,2.427513936709147e-05
6123,0.027747316285967827,0.004590190481394529,0.023035747930407524,2.4275517716887407e-05
6124,0.02774730697274208,0.004590190481394529,0.02303573675453663,2.427570325380657e-05
6125,0.027747290208935738,0.004590190481394529,0.023035721853375435,2.4275625037262216e-05
6126,0.027747269719839096,0.00459018861874938,0.023035703226923943,2.4275617761304602e-05
6127,0.027747275307774544,0.004590194206684828,0.023035701364278793,2.427588333375752e-05
6128,0.027747265994548798,0.004590212367475033,0.023035671561956406,2.4276147087221034e-05
6129,0.027747247368097305,0.004590190481394529,0.023035677149891853,2.4275987016153522e-05
6130,0.027747221291065216,0.004590193275362253,0.023035647347569466,2.4276101612485945e-05
6131,0.027747198939323425,0.004590212367475033,0.023035604506731033,2.42763344431296e-05
6132,0.027747204527258873,0.004590210970491171,0.02303561009466648,2.4276510885101743e-05
6133,0.02774716168642044,0.004590194206684828,0.023035584017634392,2.4276589101646096e-05
6134,0.027747197076678276,0.0045902058482170105,0.023035608232021332,2.4276589101646096e-05
6135,0.027747157961130142,0.004590227268636227,0.023035546764731407,2.4276887415908277e-05
6136,0.027747172862291336,0.004590210504829884,0.023035578429698944,2.4277091142721474e-05
6137,0.027747146785259247,0.004590213764458895,0.023035548627376556,2.4277096599689685e-05
6138,0.027747131884098053,0.004590221215039492,0.023035526275634766,2.4277102056657895e-05
6139,0.02774711698293686,0.004590237513184547,0.02303549274802208,2.4277434931718744e-05
6140,0.027747120708227158,0.0045902319252491,0.023035500198602676,2.4277636839542538e-05
6141,0.027747077867388725,0.004590239841490984,0.023035449907183647,2.4277671400341205e-05
6142,0.027747103944420815,0.004590231459587812,0.023035483434796333,2.4277635020553134e-05
6143,0.02774706669151783,0.004590238910168409,0.023035438731312752,2.427784784231335e-05
6144,0.02774702198803425,0.004590236581861973,0.02303539402782917,2.4277926058857702e-05
6145,0.027747048065066338,0.004590240307152271,0.02303541824221611,2.427796061965637e-05
6146,0.027746986597776413,0.004590242635458708,0.023035353049635887,2.4277989723486826e-05
6147,0.02774701826274395,0.004590253811329603,0.02303537353873253,2.4278102500829846e-05
6148,0.02774699404835701,0.004590246826410294,0.023035354912281036,2.42782843997702e-05
6149,0.02774696797132492,0.004590242635458708,0.023035334423184395,2.427827348583378e-05
6150,0.027746954932808876,0.004590245429426432,0.023035317659378052,2.4278313503600657e-05
6151,0.02774694748222828,0.004590253811329603,0.02303530089557171,2.4278502678498626e-05
6152,0.027746981009840965,0.004590263124555349,0.02303532510995865,2.4278631826746278e-05
6153,0.02774697355926037,0.004590261727571487,0.023035317659378052,2.4278728233184665e-05
6154,0.027746936306357384,0.004590260796248913,0.023035282269120216,2.4278708224301226e-05
6155,0.027746926993131638,0.004590263590216637,0.023035269230604172,2.4279013814521022e-05
6156,0.027746886014938354,0.004590261727571487,0.02303522825241089,2.4279148419736885e-05
6157,0.027746861800551414,0.004590274300426245,0.023035190999507904,2.4279128410853446e-05
6158,0.027746859937906265,0.004590265452861786,0.0230351984500885,2.4279252102132887e-05
6159,0.02774689719080925,0.004590276163071394,0.02303522266447544,2.4279532226501033e-05
6160,0.027746863663196564,0.004590279888361692,0.023035185411572456,2.4279683202621527e-05
6161,0.02774687297642231,0.00459028547629714,0.023035189136862755,2.4279584977193736e-05
6162,0.02774682082235813,0.004590285010635853,0.023035136982798576,2.4279721401399e-05
6163,0.027746815234422684,0.004590288735926151,0.02303512766957283,2.427998151688371e-05
6164,0.02774682454764843,0.004590297117829323,0.02303512766957283,2.428012521704659e-05
6165,0.027746809646487236,0.004590289201587439,0.023035120218992233,2.42800797423115e-05
6166,0.02774682641029358,0.004590293858200312,0.023035133257508278,2.4280052457470447e-05
6167,0.027746805921196938,0.004590299911797047,0.02303510531783104,2.4280307115986943e-05
6168,0.027746757492423058,0.004590299446135759,0.02303505688905716,2.428048537694849e-05
6169,0.0277467742562294,0.004590308293700218,0.023035064339637756,2.4280465368065052e-05
6170,0.027746785432100296,0.004590311553329229,0.023035069927573204,2.4280534489662386e-05
6171,0.027746714651584625,0.004590317141264677,0.023034993559122086,2.4280820070998743e-05
6172,0.027746696025133133,0.004590305034071207,0.02303498610854149,2.42809510382358e-05
6173,0.027746718376874924,0.004590305965393782,0.02303500846028328,2.4280871002702042e-05
6174,0.027746696025133133,0.00459032179787755,0.023034969344735146,2.4281216610688716e-05
6175,0.027746714651584625,0.004590319935232401,0.023034987971186638,2.428130574116949e-05
6176,0.027746660634875298,0.004590318072587252,0.02303493581712246,2.4281323931063525e-05
6177,0.027746666222810745,0.004590330179780722,0.023034928366541862,2.4281440346385352e-05
6178,0.02774667553603649,0.004590331576764584,0.02303493395447731,2.4281775040435605e-05
6179,0.0277466531842947,0.004590331111103296,0.02303491346538067,2.4281740479636937e-05
6180,0.027746621519327164,0.004590339958667755,0.023034872487187386,2.4281827791128308e-05
6181,0.027746656909585,0.004590330179780722,0.023034915328025818,2.4282231606775895e-05
6182,0.02774657867848873,0.004590334836393595,0.02303483337163925,2.428219340799842e-05
6183,0.027746593579649925,0.004590341355651617,0.02303484082221985,2.428222978778649e-05
6184,0.02774658612906933,0.004590341355651617,0.023034831508994102,2.4282691811094992e-05
6185,0.02774657867848873,0.004590353462845087,0.02303481101989746,2.4282759113702923e-05
6186,0.027746576815843582,0.004590360913425684,0.023034803569316864,2.4282684535137378e-05
6187,0.027746522799134254,0.0045903511345386505,0.023034757003188133,2.428308107482735e-05
6188,0.027746519073843956,0.004590362310409546,0.02303474210202694,2.428296829748433e-05
6189,0.027746539562940598,0.004590342752635479,0.023034783080220222,2.428309016977437e-05
6190,0.027746519073843956,0.004590355325490236,0.023034747689962387,2.428343941573985e-05
6191,0.027746496722102165,0.00459035811945796,0.023034721612930298,2.4283310267492197e-05
6192,0.02774644084274769,0.004590359516441822,0.02303466573357582,2.4283204766106792e-05
6193,0.02774646319448948,0.004590365570038557,0.023034678772091866,2.428360858175438e-05
6194,0.027746450155973434,0.0045903706923127174,0.023034660145640373,2.428375228191726e-05
6195,0.027746446430683136,0.0045903692953288555,0.023034658282995224,2.4283497623400763e-05
6196,0.027746425941586494,0.004590384196490049,0.02303462289273739,2.428356310701929e-05
6197,0.027746405452489853,0.004590365570038557,0.02303461916744709,2.4284117898787372e-05
6198,0.027746403589844704,0.004590368829667568,0.023034613579511642,2.4284116079797968e-05
6199,0.027746381238102913,0.004590367898344994,0.023034593090415,2.428389598208014e-05
6200,0.027746371924877167,0.004590375814586878,0.02303457446396351,2.4284237952088006e-05
6201,0.02774636074900627,0.004590396303683519,0.023034540936350822,2.4284632672788575e-05
6202,0.027746321633458138,0.004590375814586878,0.02303452417254448,2.4284448954858817e-05
6203,0.027746325358748436,0.004590393975377083,0.023034509271383286,2.428440893709194e-05
6204,0.027746358886361122,0.004590410273522139,0.02303452417254448,2.428490734018851e-05
6205,0.02774634212255478,0.004590392578393221,0.02303452417254448,2.4285089239128865e-05
6206,0.027746278792619705,0.00459039444103837,0.023034460842609406,2.428490734018851e-05
6207,0.027746252715587616,0.004590392578393221,0.023034434765577316,2.4285343897645362e-05
6208,0.027746273204684258,0.004590416792780161,0.02303442917764187,2.4285638573928736e-05
6209,0.027746262028813362,0.004590402822941542,0.023034431040287018,2.4285511244670488e-05
6210,0.02774628810584545,0.004590416327118874,0.023034442216157913,2.4285742256324738e-05
6211,0.02774624340236187,0.004590413998812437,0.02303439751267433,2.428616426186636e-05
6212,0.027746252715587616,0.004590420052409172,0.02303440310060978,2.4286073312396184e-05
6213,0.02774624712765217,0.0045904191210865974,0.023034395650029182,2.4286129701067694e-05
6214,0.02774619869887829,0.004590408876538277,0.02303435653448105,2.4286602638312615e-05
6215,0.027746202424168587,0.00459043076261878,0.023034337908029556,2.428649713692721e-05
6216,0.02774619311094284,0.004590415861457586,0.023034343495965004,2.4286524421768263e-05
6217,0.027746153995394707,0.0045904177241027355,0.02303430065512657,2.4286966436193325e-05
6218,0.02774614840745926,0.004590427037328482,0.023034285753965378,2.4287024643854238e-05
6219,0.027746116742491722,0.004590436350554228,0.023034244775772095,2.42868518398609e-05
6220,0.027746092528104782,0.004590420518070459,0.023034237325191498,2.428719562885817e-05
6221,0.027746126055717468,0.004590445198118687,0.023034244775772095,2.4287423002533615e-05
6222,0.02774609997868538,0.004590441472828388,0.023034220561385155,2.4287304768222384e-05
6223,0.02774609439074993,0.00459044286981225,0.023034214973449707,2.4287362975883298e-05
6224,0.027746090665459633,0.004590452648699284,0.023034200072288513,2.428779589536134e-05
6225,0.027746083214879036,0.004590448457747698,0.023034196346998215,2.428777952445671e-05
6226,0.02774604968726635,0.004590465687215328,0.023034146055579185,2.428763582429383e-05
6227,0.027746055275201797,0.004590447526425123,0.023034166544675827,2.4288045096909627e-05
6228,0.027746040374040604,0.004590445663779974,0.023034151643514633,2.4288350687129423e-05
6229,0.027746031060814857,0.004590468015521765,0.023034121841192245,2.4288288841489702e-05
6230,0.027746036648750305,0.004590459633618593,0.02303413674235344,2.428819061606191e-05
6231,0.02774597890675068,0.004590448923408985,0.02303408645093441,2.4288679924211465e-05
6232,0.02774597704410553,0.004590471275150776,0.02303406223654747,2.4288932763738558e-05
6233,0.027745962142944336,0.004590476397424936,0.02303404174745083,2.4288710847031325e-05
6234,0.027745945379137993,0.004590464290231466,0.02303403429687023,2.4289080101880245e-05
6235,0.027745937928557396,0.004590471740812063,0.02303401753306389,2.4289474822580814e-05
6236,0.027745939791202545,0.004590484779328108,0.023034008219838142,2.4289376597153023e-05
6237,0.027745937928557396,0.004590478725731373,0.02303401380777359,2.4289396606036462e-05
6238,0.02774590440094471,0.004590481054037809,0.023033972829580307,2.428993502689991e-05
6239,0.027745908126235008,0.004590480588376522,0.023033978417515755,2.4289922293974087e-05
6240,0.02774585783481598,0.0045904796570539474,0.023033929988741875,2.428982224955689e-05
6241,0.027745896950364113,0.0045904903672635555,0.023033956065773964,2.4290071451105177e-05
6242,0.027745842933654785,0.004590488504618406,0.023033902049064636,2.429039523121901e-05
6243,0.027745837345719337,0.004590496886521578,0.02303388901054859,2.4290393412229605e-05
6244,0.027745835483074188,0.004590493626892567,0.02303388901054859,2.4290409783134237e-05
6245,0.027745811268687248,0.004590493161231279,0.02303386479616165,2.42906480707461e-05
6246,0.02774585597217083,0.004590496886521578,0.023033905774354935,2.429085725452751e-05
6247,0.027745792642235756,0.004590500146150589,0.023033838719129562,2.429078631394077e-05
6248,0.02774578146636486,0.004590509459376335,0.02303381636738777,2.429098094580695e-05
6249,0.02774577960371971,0.004590506665408611,0.02303381823003292,2.4291219233418815e-05
6250,0.02774573303759098,0.0045905099250376225,0.023033766075968742,2.4291326553793624e-05
6251,0.027745740488171577,0.004590501543134451,0.023033780977129936,2.429143205517903e-05
6252,0.027745729312300682,0.0045905159786343575,0.023033756762742996,2.4291512090712786e-05
6253,0.02774571068584919,0.004590523894876242,0.02303372696042061,2.429177038720809e-05
6254,0.02774571068584919,0.004590518306940794,0.023033732548356056,2.429194501019083e-05
6255,0.027745697647333145,0.004590529017150402,0.023033710196614265,2.4291921363328584e-05
6256,0.027745695784687996,0.004590532276779413,0.02303370274603367,2.4292085072374903e-05
6257,0.027745680883526802,0.004590528551489115,0.023033689707517624,2.4292459784192033e-05
6258,0.027745675295591354,0.004590521566569805,0.023033689707517624,2.4292517991852947e-05
6259,0.027745665982365608,0.004590536002069712,0.023033667355775833,2.429251435387414e-05
6260,0.027745630592107773,0.004590535536408424,0.023033631965517998,2.4292785383295268e-05
6261,0.027745641767978668,0.004590535070747137,0.023033641278743744,2.4293072783621028e-05
6262,0.02774558775126934,0.004590538330376148,0.023033583536744118,2.4293049136758782e-05
6263,0.027745597064495087,0.004590539261698723,0.023033592849969864,2.4293160095112398e-05
6264,0.02774558961391449,0.004590542521327734,0.02303357981145382,2.4293522074003704e-05
6265,0.027745576575398445,0.004590555559843779,0.02303355373442173,2.4293532987940125e-05
6266,0.027745576575398445,0.0045905523002147675,0.02303355559706688,2.4293605747516267e-05
6267,0.027745505794882774,0.004590542986989021,0.023033492267131805,2.4293975002365187e-05
6268,0.027745533734560013,0.004590553231537342,0.02303350903093815,2.4293975002365187e-05
6269,0.027745524421334267,0.004590548109263182,0.02303350530564785,2.429402229608968e-05
6270,0.027745509520173073,0.004590562079101801,0.023033475503325462,2.429435153317172e-05
6271,0.027745455503463745,0.004590562079101801,0.023033421486616135,2.429461710562464e-05
6272,0.02774551324546337,0.004590573720633984,0.023033466190099716,2.429456071695313e-05
6273,0.027745481580495834,0.004590559750795364,0.023033447563648224,2.4294824470416643e-05
6274,0.027745455503463745,0.004590566735714674,0.023033414036035538,2.4294995455420576e-05
6275,0.027745436877012253,0.00459057604894042,0.02303338423371315,2.4295179173350334e-05
6276,0.027745438739657402,0.00459057604894042,0.0230333860963583,2.4295219191117212e-05
6277,0.027745435014367104,0.004590590950101614,0.023033365607261658,2.4295502953464165e-05
6278,0.027745433151721954,0.004590582102537155,0.023033373057842255,2.429562846373301e-05
6279,0.02774541638791561,0.0045905932784080505,0.023033345118165016,2.429567030048929e-05
6280,0.02774539403617382,0.004590586759150028,0.023033328354358673,2.4295944967889227e-05
6281,0.027745356783270836,0.004590598400682211,0.023033276200294495,2.429616142762825e-05
6282,0.027745353057980537,0.004590591415762901,0.023033279925584793,2.4296159608638845e-05
6283,0.027745384722948074,0.004590601194649935,0.023033302277326584,2.4296288756886497e-05
6284,0.027745321393013,0.004590605851262808,0.023033231496810913,2.42965470533818e-05
6285,0.02774534747004509,0.0045905993320047855,0.0230332650244236,2.429678715998307e-05
6286,0.027745336294174194,0.004590615164488554,0.02303323708474636,2.4296869014506228e-05
6287,0.027745310217142105,0.004590597935020924,0.023033225908875465,2.4297170966747217e-05
6288,0.02774530090391636,0.004590615630149841,0.023033197969198227,2.42973674176028e-05
6289,0.02774527668952942,0.004590607713907957,0.023033181205391884,2.4297294658026658e-05
6290,0.027745280414819717,0.00459061935544014,0.023033171892166138,2.429766573186498e-05
6291,0.027745237573981285,0.004590620752424002,0.023033127188682556,2.429790583846625e-05
6292,0.027745259925723076,0.004590629134327173,0.02303314208984375,2.4297723939525895e-05
6293,0.02774522826075554,0.0045906244777143,0.02303311415016651,2.4298002244904637e-05
6294,0.027745189145207405,0.0045906174927949905,0.023033078759908676,2.429840424156282e-05
6295,0.02774520218372345,0.004590627271682024,0.023033084347844124,2.4298273274325766e-05
6296,0.027745191007852554,0.004590646829456091,0.023033052682876587,2.4298360585817136e-05
6297,0.027745161205530167,0.0045906356535851955,0.023033030331134796,2.4298920834553428e-05
6298,0.02774517983198166,0.004590620752424002,0.023033063858747482,2.429891173960641e-05
6299,0.02774512581527233,0.004590645432472229,0.023032987490296364,2.4298688003909774e-05
6300,0.02774515002965927,0.004590642638504505,0.023033009842038155,2.4299190044985153e-05
6301,0.02774513140320778,0.004590636119246483,0.02303299680352211,2.4299666620208882e-05
6302,0.027745116502046585,0.004590645432472229,0.02303297445178032,2.429939922876656e-05
6303,0.02774512954056263,0.004590658936649561,0.02303297445178032,2.4299350116052665e-05
6304,0.0277450829744339,0.0045906598679721355,0.02303292229771614,2.4300077711814083e-05
6305,0.027745090425014496,0.004590658005326986,0.023032931610941887,2.4300226868945174e-05
6306,0.027745071798563004,0.004590666387230158,0.023032905533909798,2.4299992219312117e-05
6307,0.027745066210627556,0.0045906673185527325,0.0230328980833292,2.430014865240082e-05
6308,0.027745047584176064,0.004590658936649561,0.023032885044813156,2.4300694349221885e-05
6309,0.027745012193918228,0.004590663127601147,0.023032844066619873,2.4300719815073535e-05
6310,0.027745014056563377,0.004590674303472042,0.023032836616039276,2.4300607037730515e-05
6311,0.027744969353079796,0.004590662661939859,0.02303280308842659,2.4300930817844346e-05
6312,0.027744995430111885,0.00459067290648818,0.023032816126942635,2.4301221856148914e-05
6313,0.027744973078370094,0.004590683616697788,0.02303278259932995,2.4301294615725055e-05
6314,0.027744943276047707,0.004590677563101053,0.023032760247588158,2.43013691942906e-05
6315,0.027744945138692856,0.004590669646859169,0.023032767698168755,2.4301516532432288e-05
6316,0.027744894847273827,0.004590668715536594,0.023032715544104576,2.430186577839777e-05
6317,0.02774493396282196,0.004590695258229971,0.02303272858262062,2.430205131531693e-05
6318,0.027744894847273827,0.00459069199860096,0.023032693192362785,2.430203130643349e-05
6319,0.027744906023144722,0.004590694326907396,0.023032700642943382,2.4302331439685076e-05
6320,0.027744892984628677,0.004590693861246109,0.02303268574178219,2.4302602469106205e-05
6321,0.0277448371052742,0.004590698983520269,0.023032624274492264,2.430279528198298e-05
6322,0.0277448408305645,0.004590692464262247,0.02303263545036316,2.4302771635120735e-05
6323,0.027744876220822334,0.004590698052197695,0.023032663390040398,2.430309177725576e-05
6324,0.027744855731725693,0.004590710625052452,0.023032627999782562,2.4303411919390783e-05
6325,0.027744824066758156,0.0045907204039394855,0.02303258702158928,2.4303586542373523e-05
6326,0.027744801715016365,0.004590712022036314,0.023032572120428085,2.4303571990458295e-05
6327,0.02774476259946823,0.004590707831084728,0.02303253673017025,2.4303823010995984e-05
6328,0.027744794264435768,0.004590729717165232,0.023032544180750847,2.430417043797206e-05
6329,0.027744779363274574,0.004590717144310474,0.02303254045546055,2.4304268663399853e-05
6330,0.027744779363274574,0.004590723197907209,0.0230325348675251,2.4304265025421046e-05
6331,0.027744757011532784,0.004590725060552359,0.02303250879049301,2.4304614271386527e-05
6332,0.02774474024772644,0.004590722266584635,0.023032495751976967,2.4304701582877897e-05
6333,0.027744727209210396,0.004590724594891071,0.023032478988170624,2.4304910766659304e-05
6334,0.027744686231017113,0.004590742755681276,0.02303241938352585,2.4305079932673834e-05
6335,0.027744684368371964,0.004590737633407116,0.02303241938352585,2.4305138140334748e-05
6336,0.027744654566049576,0.0045907339081168175,0.02303239516913891,2.4305423721671104e-05
6337,0.027744637802243233,0.004590728785842657,0.023032380267977715,2.430548374832142e-05
6338,0.027744673192501068,0.004590743687003851,0.023032400757074356,2.4305665647261776e-05
6339,0.02774464339017868,0.004590748809278011,0.02303236350417137,2.4305869374074973e-05
6340,0.027744628489017487,0.004590741824358702,0.023032356053590775,2.4305947590619326e-05
6341,0.027744613587856293,0.004590742290019989,0.02303234115242958,2.430615495541133e-05
6342,0.027744606137275696,0.004590743687003851,0.023032329976558685,2.4306387786054984e-05
6343,0.027744587510824203,0.004590747412294149,0.023032307624816895,2.4306480554514565e-05
6344,0.0277445949614048,0.004590754862874746,0.023032305762171745,2.43066006078152e-05
6345,0.027744555845856667,0.0045907567255198956,0.023032264783978462,2.4306820705533028e-05
6346,0.027744559571146965,0.0045907748863101006,0.02303224802017212,2.430698077660054e-05
6347,0.027744513005018234,0.004590773954987526,0.023032203316688538,2.430716085655149e-05
6348,0.02774452045559883,0.004590773954987526,0.023032210767269135,2.4307249987032264e-05
6349,0.027744537219405174,0.004590766038745642,0.023032233119010925,2.430758104310371e-05
6350,0.0277444776147604,0.004590766038745642,0.023032171651721,2.430773565720301e-05
6351,0.027744485065340996,0.004590775817632675,0.02303216978907585,2.4307808416779153e-05
6352,0.02774445340037346,0.004590779077261686,0.023032134398818016,2.4307993953698315e-05
6353,0.027744486927986145,0.004590785596519709,0.023032160475850105,2.4308337742695585e-05
6354,0.02774442732334137,0.004590784665197134,0.02303210087120533,2.430841777822934e-05
6355,0.0277444738894701,0.004590795375406742,0.023032136261463165,2.4308543288498186e-05
6356,0.02774442359805107,0.004590773489326239,0.02303210459649563,2.4308839783770964e-05
6357,0.02774442732334137,0.004590789787471294,0.023032091557979584,2.4309090804308653e-05
6358,0.027744421735405922,0.004590799566358328,0.02303207665681839,2.4309132641064934e-05
6359,0.027744395658373833,0.004590797703713179,0.0230320505797863,2.4309285436174832e-05
6360,0.027744373306632042,0.004590798169374466,0.02303202636539936,2.4309660147991963e-05
6361,0.027744386345148087,0.00459080096334219,0.023032035678625107,2.430980748613365e-05
6362,0.02774433046579361,0.004590814001858234,0.023031968623399734,2.430980748613365e-05
6363,0.02774433232843876,0.004590810276567936,0.023031972348690033,2.4310009393957444e-05
6364,0.027744311839342117,0.004590814001858234,0.023031944409012794,2.4310451408382505e-05
6365,0.027744343504309654,0.004590809810906649,0.02303198166191578,2.431047869322356e-05
6366,0.027744343504309654,0.004590816795825958,0.023031974211335182,2.43105514527997e-05
6367,0.027744242921471596,0.004590813536196947,0.023031875491142273,2.4310980734298937e-05
6368,0.027744289487600327,0.004590807016938925,0.02303192764520645,2.431103894195985e-05
6369,0.027744252234697342,0.004590831696987152,0.023031864315271378,2.431113534839824e-05
6370,0.027744237333536148,0.0045908293686807156,0.023031849414110184,2.4311446395586245e-05
6371,0.027744261547923088,0.004590826574712992,0.023031877353787422,2.4311790184583515e-05
6372,0.027744218707084656,0.00459083030000329,0.02303183078765869,2.431177745165769e-05
6373,0.02774420566856861,0.0045908368192613125,0.0230318084359169,2.4312164896400645e-05
6374,0.02774418704211712,0.004590836353600025,0.02303178794682026,2.431237771816086e-05
6375,0.02774422988295555,0.004590837750583887,0.02303183078765869,2.4312539608217776e-05
6376,0.02774413861334324,0.00459084240719676,0.023031732067465782,2.4312779714819044e-05
6377,0.02774416282773018,0.004590847995132208,0.023031748831272125,2.431305983918719e-05
6378,0.02774415910243988,0.004590860102325678,0.02303173393011093,2.4313067115144804e-05
6379,0.027744140475988388,0.0045908610336482525,0.02303171157836914,2.4313312678714283e-05
6380,0.027744092047214508,0.004590841941535473,0.023031683638691902,2.4313636458828114e-05
6381,0.027744097635149956,0.00459085451439023,0.023031674325466156,2.4313667381647974e-05
6382,0.027744099497795105,0.004590870346873999,0.023031659424304962,2.431379289191682e-05
6383,0.027744069695472717,0.004590875469148159,0.023031622171401978,2.431439315841999e-05
6384,0.027744077146053314,0.004590868484228849,0.02303163707256317,2.4314307665918022e-05
6385,0.027744082733988762,0.0045908610336482525,0.023031650111079216,2.4314154870808125e-05
6386,0.027744049206376076,0.004590872675180435,0.023031601682305336,2.4314997062901966e-05
6387,0.02774403616786003,0.004590864758938551,0.02303159609436989,2.4314955226145685e-05
6388,0.027744021266698837,0.004590880125761032,0.0230315662920475,2.431478424114175e-05
6389,0.02774398773908615,0.004590874537825584,0.023031536489725113,2.4315371774719097e-05
6390,0.02774396724998951,0.004590882454067469,0.023031506687402725,2.431554821669124e-05
6391,0.02774394117295742,0.004590872209519148,0.02303149178624153,2.4315355403814465e-05
6392,0.02774394303560257,0.004590880591422319,0.023031484335660934,2.4315755581483245e-05
6393,0.027743985876441002,0.004590881057083607,0.02303152345120907,2.43161939579295e-05
6394,0.027743926271796227,0.0045908973552286625,0.0230314489454031,2.4316021153936163e-05
6395,0.027743913233280182,0.004590884782373905,0.02303144708275795,2.4316364942933433e-05
6396,0.027743928134441376,0.004590901080518961,0.02303144335746765,2.4316796043422073e-05
6397,0.027743905782699585,0.004590902477502823,0.02303141914308071,2.431665052426979e-05
6398,0.027743887156248093,0.004590898286551237,0.023031404241919518,2.4316905182786286e-05
6399,0.027743898332118988,0.004590911325067282,0.02303140051662922,2.431730717944447e-05
6400,0.027743864804506302,0.004590917378664017,0.023031361401081085,2.431735811114777e-05
6401,0.02774384431540966,0.004590904805809259,0.02303135395050049,2.4317381758010015e-05
6402,0.02774382010102272,0.004590901546180248,0.0230313278734684,2.431788198009599e-05
6403,0.02774384431540966,0.004590922500938177,0.023031331598758698,2.4318052965099923e-05
6404,0.027743738144636154,0.0045909155160188675,0.02303123287856579,2.43179893004708e-05
6405,0.027743814513087273,0.004590920638293028,0.02303130179643631,2.431828215776477e-05
6406,0.027743788436055183,0.0045909336768090725,0.023031260818243027,2.431865141261369e-05
6407,0.02774374932050705,0.004590922966599464,0.02303123287856579,2.431871325825341e-05
6408,0.027743767946958542,0.004590929485857487,0.023031244054436684,2.4318796931765974e-05
6409,0.027743717655539513,0.004590922500938177,0.023031199350953102,2.4319104340975173e-05
6410,0.02774372696876526,0.00459091505035758,0.023031214252114296,2.4319368094438687e-05
6411,0.02774372138082981,0.00459093926474452,0.023031184449791908,2.431954999337904e-05
6412,0.02774370089173317,0.004590942990034819,0.023031160235404968,2.431949724268634e-05
6413,0.027743665501475334,0.00459093926474452,0.023031126707792282,2.4319875592482276e-05
6414,0.027743659913539886,0.004590942524373531,0.023031115531921387,2.432020664855372e-05
6415,0.02774362452328205,0.004590928088873625,0.023031095042824745,2.4320292141055688e-05
6416,0.02774365246295929,0.004590955562889576,0.023031095042824745,2.432036490063183e-05
6417,0.027743687853217125,0.004590964410454035,0.023031121119856834,2.4320654119946994e-05
6418,0.027743618935346603,0.004590949974954128,0.023031063377857208,2.432097062410321e-05
6419,0.027743542566895485,0.004590956959873438,0.023030981421470642,2.4321054297615774e-05
6420,0.027743598446249962,0.004590969067066908,0.023031022399663925,2.432117980788462e-05
6421,0.027743594720959663,0.004590944852679968,0.023031041026115417,2.4321501769009046e-05
6422,0.02774357609450817,0.004590959753841162,0.02303100749850273,2.4321669116034172e-05
6423,0.027743564918637276,0.004590970929712057,0.02303098514676094,2.4321670935023576e-05
6424,0.02774352766573429,0.004590980708599091,0.02303093671798706,2.4322054741787724e-05
6425,0.027743559330701828,0.004590973258018494,0.023030975833535194,2.432221117487643e-05
6426,0.027743477374315262,0.00459097046405077,0.023030895739793777,2.4322313038283028e-05
6427,0.027743492275476456,0.0045909881591796875,0.02303089201450348,2.4322482204297557e-05
6428,0.027743512764573097,0.004590984433889389,0.02303091436624527,2.4322716853930615e-05
6429,0.02774347923696041,0.004590980708599091,0.023030884563922882,2.432294604659546e-05
6430,0.02774347923696041,0.004590993281453848,0.023030869662761688,2.4323051547980867e-05
6431,0.02774347923696041,0.0045910063199698925,0.023030856624245644,2.432321707601659e-05
6432,0.027743427082896233,0.004590979777276516,0.023030828684568405,2.4323539037141018e-05
6433,0.027743449434638023,0.004590986762195826,0.0230308435857296,2.4323728212038986e-05
6434,0.027743414044380188,0.004590997006744146,0.023030797019600868,2.4323882826138288e-05
6435,0.027743369340896606,0.004590997938066721,0.023030750453472137,2.4324126570718363e-05
6436,0.027743369340896606,0.004591000732034445,0.02303074672818184,2.4324446712853387e-05
6437,0.02774333953857422,0.004590996541082859,0.02303072065114975,2.432464862067718e-05
6438,0.02774336189031601,0.004591014701873064,0.023030724376440048,2.4324754122062586e-05
6439,0.027743352577090263,0.004591010045260191,0.02303071692585945,2.4325117919943295e-05
6440,0.027743352577090263,0.004591008182615042,0.02303071692585945,2.4325379854417406e-05
6441,0.027743304148316383,0.004591026809066534,0.02303064987063408,2.4325316189788282e-05
6442,0.02774328552186489,0.004591010976582766,0.02303064614534378,2.432567453070078e-05
6443,0.027743328362703323,0.004591025412082672,0.02303067222237587,2.4325996491825208e-05
6444,0.027743274345993996,0.004591024946421385,0.023030618205666542,2.4326101993210614e-05
6445,0.027743296697735786,0.0045910305343568325,0.023030634969472885,2.432602377666626e-05
6446,0.027743259444832802,0.00459101889282465,0.023030608892440796,2.4326667698915116e-05
6447,0.027743229642510414,0.004591041710227728,0.02303055301308632,2.432678775221575e-05
6448,0.02774321287870407,0.004591038450598717,0.023030541837215424,2.432651126582641e-05
6449,0.02774321660399437,0.004591034259647131,0.023030545562505722,2.432724431855604e-05
6450,0.027743197977542877,0.004591051023453474,0.023030508309602737,2.432759720250033e-05
6451,0.027743177488446236,0.004591044038534164,0.023030497133731842,2.4327246137545444e-05
6452,0.027743184939026833,0.00459103612229228,0.023030510172247887,2.4327668143087067e-05
6453,0.027743149548768997,0.004591053817421198,0.02303045429289341,2.432834116916638e-05
6454,0.027743158861994743,0.004591052886098623,0.023030465468764305,2.4328048311872408e-05
6455,0.0277431458234787,0.004591055680066347,0.02303045056760311,2.4328117433469743e-05
6456,0.027743112295866013,0.004591044038534164,0.023030424490571022,2.432892142678611e-05
6457,0.027743108570575714,0.004591057542711496,0.02303040586411953,2.4329176085302606e-05
6458,0.027743089944124222,0.004591052886098623,0.023030392825603485,2.432874134683516e-05
6459,0.027743108570575714,0.00459106033667922,0.023030400276184082,2.4329399820999242e-05
6460,0.027743082493543625,0.004591076634824276,0.02303035743534565,2.4329914595000446e-05
6461,0.027743024751544,0.004591063596308231,0.023030314594507217,2.4329678126377985e-05
6462,0.027743052691221237,0.004591065924614668,0.023030336946249008,2.4329799998668022e-05
6463,0.027743013575673103,0.00459106732159853,0.023030295968055725,2.4330343876499683e-05
6464,0.027743017300963402,0.004591070581227541,0.023030294105410576,2.43306094489526e-05
6465,0.027743011713027954,0.004591069649904966,0.023030290380120277,2.4330380256287754e-05
6466,0.02774304337799549,0.004591086413711309,0.023030303418636322,2.4330725864274427e-05
6467,0.02774294652044773,0.004591082688421011,0.023030206561088562,2.4331267923116684e-05
6468,0.027742963284254074,0.004591088742017746,0.023030217736959457,2.4331224267371e-05
6469,0.027742967009544373,0.004591083619743586,0.023030227050185204,2.4331187887582928e-05
6470,0.027742942795157433,0.004591101314872503,0.023030182346701622,2.433167173876427e-05
6471,0.027742944657802582,0.004591093398630619,0.02303018979728222,2.433196823403705e-05
6472,0.027742896229028702,0.004591092467308044,0.023030143231153488,2.4331960958079435e-05
6473,0.0277429036796093,0.004591107834130526,0.02303013578057289,2.4332181055797264e-05
6474,0.027742899954319,0.004591104108840227,0.023030132055282593,2.4332844986929558e-05
6475,0.02774287946522236,0.004591097589582205,0.0230301171541214,2.4332788598258048e-05
6476,0.027742866426706314,0.004591106437146664,0.023030094802379608,2.4332812245120294e-05
6477,0.027742845937609673,0.004591117147356272,0.023030061274766922,2.433346162433736e-05
6478,0.027742814272642136,0.004591118078678846,0.023030027747154236,2.4333525288966484e-05
6479,0.02774283103644848,0.004591125529259443,0.023030037060379982,2.433360532450024e-05
6480,0.027742788195610046,0.004591111559420824,0.023030007258057594,2.4334038243978284e-05
6481,0.027742799371480942,0.004591118544340134,0.023030009120702744,2.433431291137822e-05
6482,0.027742749080061913,0.004591124597936869,0.023029953241348267,2.43343019974418e-05
6483,0.02774272859096527,0.004591122269630432,0.023029932752251625,2.433462577755563e-05
6484,0.027742739766836166,0.004591134376823902,0.023029929026961327,2.433496410958469e-05
6485,0.027742762118577957,0.004591141827404499,0.02302994392812252,2.4335089619853534e-05
6486,0.02774270623922348,0.004591125529259443,0.023029904812574387,2.43351751123555e-05
6487,0.02774270810186863,0.0045911334455013275,0.02302989736199379,2.4335484340554103e-05
6488,0.027742687612771988,0.0045911455526947975,0.023029863834381104,2.4335653506568633e-05
6489,0.027742691338062286,0.00459113996475935,0.0230298712849617,2.433593363093678e-05
6490,0.02774268575012684,0.004591147415339947,0.023029856383800507,2.4336075512110256e-05
6491,0.0277426615357399,0.004591144155710936,0.023029835894703865,2.4336259230040014e-05
6492,0.02774265594780445,0.00459115719422698,0.023029815405607224,2.433657573419623e-05
6493,0.027742629870772362,0.00459116417914629,0.023029781877994537,2.433678127999883e-05
6494,0.027742652222514153,0.004591160453855991,0.023029806092381477,2.4336952265002765e-05
6495,0.027742592617869377,0.004591164644807577,0.023029740899801254,2.433728877804242e-05
6496,0.02774260751903057,0.0045911590568721294,0.023029759526252747,2.433766348985955e-05
6497,0.027742622420191765,0.004591167904436588,0.023029766976833344,2.4337612558156252e-05
6498,0.027742579579353333,0.004591168370097876,0.023029720410704613,2.433806730550714e-05
6499,0.027742547914385796,0.004591154400259256,0.02302970178425312,2.4338305593119003e-05
6500,0.027742557227611542,0.004591178148984909,0.023029686883091927,2.4338383809663355e-05
6501,0.027742503210902214,0.004591172095388174,0.023029636591672897,2.4338696675840765e-05
6502,0.02774251438677311,0.004591172561049461,0.023029645904898643,2.433901681797579e-05
6503,0.027742503210902214,0.004591192584484816,0.023029614239931107,2.4339151423191652e-05
6504,0.027742471545934677,0.004591184668242931,0.023029590025544167,2.4339389710803516e-05
6505,0.027742451056838036,0.004591180477291346,0.023029573261737823,2.433960253256373e-05
6506,0.02774246223270893,0.0045912000350654125,0.023029562085866928,2.433983718219679e-05
6507,0.027742432430386543,0.004591186530888081,0.023029545322060585,2.434002271911595e-05
6508,0.027742402628064156,0.004591178614646196,0.023029522970318794,2.4340235540876165e-05
6509,0.027742445468902588,0.004591206554323435,0.023029537871479988,2.434042289678473e-05
6510,0.027742380276322365,0.004591205157339573,0.023029470816254616,2.434074667689856e-05
6511,0.02774236537516117,0.004591211210936308,0.023029448464512825,2.434092493786011e-05
6512,0.027742378413677216,0.004591197706758976,0.023029474541544914,2.4341188691323623e-05
6513,0.02774238958954811,0.004591220524162054,0.02302946150302887,2.434129055473022e-05
6514,0.027742356061935425,0.0045912135392427444,0.02302943356335163,2.4341718017240055e-05
6515,0.02774233929812908,0.004591209348291159,0.023029420524835587,2.434194175293669e-05
6516,0.027742311358451843,0.004591215401887894,0.0230293869972229,2.4341929020010866e-05
6517,0.027742313221096992,0.004591223783791065,0.023029379546642303,2.4342309188796207e-05
6518,0.027742285281419754,0.004591216333210468,0.023029357194900513,2.4342640244867653e-05
6519,0.0277422983199358,0.004591228906065226,0.023029357194900513,2.4342713004443794e-05
6520,0.027742240577936172,0.004591214936226606,0.023029310628771782,2.434292582620401e-05
6521,0.027742255479097366,0.004591223318129778,0.02302931621670723,2.434335692669265e-05
6522,0.02774222195148468,0.0045912256464362144,0.023029280826449394,2.4343447876162827e-05
6523,0.027742216363549232,0.0045912377536296844,0.023029260337352753,2.4343718905583955e-05
6524,0.02774226665496826,0.004591247998178005,0.023029297590255737,2.43439990299521e-05
6525,0.027742167934775352,0.0045912256464362144,0.02302922122180462,2.4344277335330844e-05
6526,0.027742208912968636,0.004591239150613546,0.023029247298836708,2.4344411940546706e-05
6527,0.0277421772480011,0.00459124892950058,0.023029204457998276,2.4344713892787695e-05
6528,0.02774214558303356,0.004591245669871569,0.023029176518321037,2.4344904886675067e-05
6529,0.0277421697974205,0.004591257777065039,0.023029185831546783,2.4345232304767706e-05
6530,0.027742119506001472,0.004591267090290785,0.02302912436425686,2.4345417841686867e-05
6531,0.02774210274219513,0.004591252654790878,0.02302912250161171,2.434551606711466e-05
6532,0.02774212136864662,0.004591243341565132,0.0230291485786438,2.4345816200366244e-05
6533,0.027742091566324234,0.004591263830661774,0.02302909642457962,2.4346174541278742e-05
6534,0.027742093428969383,0.004591259639710188,0.023029102012515068,2.4346272766706534e-05
6535,0.027742085978388786,0.004591279663145542,0.02302907221019268,2.434645466564689e-05
6536,0.027742033824324608,0.00459127314388752,0.0230290275067091,2.4346800273633562e-05
6537,0.027742033824324608,0.004591267555952072,0.023029031231999397,2.4346971258637495e-05
6538,0.02774200402200222,0.004591276869177818,0.023028992116451263,2.4347084035980515e-05
6539,0.027742018923163414,0.0045912801288068295,0.02302900142967701,2.4347458747797646e-05
6540,0.02774198167026043,0.0045912726782262325,0.023028969764709473,2.4347782527911477e-05
6541,0.027742011472582817,0.0045912968926131725,0.02302897348999977,2.4347986254724674e-05
6542,0.027741938829421997,0.004591289442032576,0.023028908297419548,2.4348095394088887e-05
6543,0.02774195373058319,0.004591283388435841,0.02302892878651619,2.4348482838831842e-05
6544,0.027741963043808937,0.004591297823935747,0.023028921335935593,2.4348770239157602e-05
6545,0.027741897851228714,0.004591294098645449,0.023028859868645668,2.434889756841585e-05
6546,0.027741920202970505,0.0045912968926131725,0.02302887663245201,2.4349310479010455e-05
6547,0.027741925790905952,0.004591296426951885,0.02302888222038746,2.4349588784389198e-05
6548,0.027741864323616028,0.004591301549226046,0.023028815165162086,2.4349710656679235e-05
6549,0.02774188667535782,0.004591306205838919,0.02302882820367813,2.4350218154722825e-05
6550,0.027741849422454834,0.004591314122080803,0.02302878350019455,2.4350276362383738e-05
6551,0.02774185873568058,0.004591312259435654,0.023028792813420296,2.4350598323508166e-05
6552,0.027741843834519386,0.0045913211070001125,0.023028766736388206,2.4350976673304103e-05
6553,0.027741821482777596,0.0045913211070001125,0.023028744384646416,2.435099486319814e-05
6554,0.02774178609251976,0.004591320641338825,0.02302870899438858,2.435130409139674e-05
6555,0.027741769328713417,0.0045913215726614,0.023028690367937088,2.4351655156351626e-05
6556,0.027741748839616776,0.004591322038322687,0.023028668016195297,2.435172427794896e-05
6557,0.027741726487874985,0.00459131458774209,0.023028653115034103,2.435185160720721e-05
6558,0.02774171158671379,0.0045913211070001125,0.023028628900647163,2.4352253603865393e-05
6559,0.02774171158671379,0.004591335076838732,0.02302861399948597,2.4352546461159363e-05
6560,0.02774173580110073,0.004591328091919422,0.023028645664453506,2.435262649669312e-05
6561,0.027741672471165657,0.0045913346111774445,0.023028573021292686,2.4352872060262598e-05
6562,0.027741696685552597,0.0045913527719676495,0.023028578609228134,2.4353121261810884e-05
6563,0.02774168737232685,0.0045913467183709145,0.023028574883937836,2.4353428671020083e-05
6564,0.027741653844714165,0.004591349046677351,0.023028535768389702,2.4353650587727316e-05
6565,0.027741659432649612,0.00459134578704834,0.023028545081615448,2.4353854314540513e-05
6566,0.027741624042391777,0.00459134578704834,0.023028507828712463,2.43540525843855e-05
6567,0.027741635218262672,0.004591343458741903,0.02302851900458336,2.435437090753112e-05
6568,0.027741611003875732,0.004591359756886959,0.023028478026390076,2.435454553051386e-05
6569,0.027741581201553345,0.004591366741806269,0.02302844077348709,2.4354820197913796e-05
6570,0.027741575613617897,0.0045913695357739925,0.023028429597616196,2.4355131245101802e-05
6571,0.027741577476263046,0.004591369070112705,0.023028433322906494,2.4355254936381243e-05
6572,0.027741536498069763,0.0045913527719676495,0.023028405383229256,2.4355656933039427e-05
6573,0.027741514146327972,0.004591366276144981,0.02302836813032627,2.4355811547138728e-05
6574,0.02774157002568245,0.0045913769863545895,0.023028410971164703,2.4356157155125402e-05
6575,0.027741530910134315,0.004591374658048153,0.02302837371826172,2.4356380890822038e-05
6576,0.027741489931941032,0.004591370467096567,0.023028336465358734,2.435661190247629e-05
6577,0.02774149179458618,0.004591386765241623,0.02302831970155239,2.4356897483812645e-05
6578,0.02774149738252163,0.004591389559209347,0.02302832156419754,2.4357097572647035e-05
6579,0.027741434052586555,0.004591377917677164,0.023028269410133362,2.4357319489354268e-05
6580,0.02774142101407051,0.004591382574290037,0.02302825078368187,2.435752139717806e-05
6581,0.027741460129618645,0.0045914012007415295,0.023028269410133362,2.4357888833037578e-05
6582,0.027741407975554466,0.004591390490531921,0.02302822656929493,2.435804344713688e-05
6583,0.027741366997361183,0.004591390490531921,0.023028183728456497,2.4358396331081167e-05
6584,0.027741413563489914,0.004591404926031828,0.023028215393424034,2.4358549126191065e-05
6585,0.027741409838199615,0.00459139933809638,0.023028215393424034,2.4358821974601597e-05
6586,0.02774134650826454,0.0045914012007415295,0.02302815020084381,2.43589784076903e-05
6587,0.02774137072265148,0.004591419827193022,0.02302815392613411,2.435920760035515e-05
6588,0.027741357684135437,0.0045914133079349995,0.023028146475553513,2.4359602321055718e-05
6589,0.027741342782974243,0.004591415170580149,0.02302812971174717,2.4359795133932494e-05
6590,0.027741320431232452,0.00459141843020916,0.02302810177206993,2.4359964299947023e-05
6591,0.027741294354200363,0.00459142355248332,0.023028068244457245,2.436038266750984e-05
6592,0.02774129807949066,0.0045914179645478725,0.02302807755768299,2.436057366139721e-05
6593,0.02774125151336193,0.004591431934386492,0.023028016090393066,2.4360673705814406e-05
6594,0.027741238474845886,0.004591438919305801,0.023027993738651276,2.4361272153328173e-05
6595,0.027741219848394394,0.004591419827193022,0.023027991876006126,2.4361372197745368e-05
6596,0.027741219848394394,0.004591432865709066,0.023027978837490082,2.436141949146986e-05
6597,0.027741188183426857,0.004591432865709066,0.023027945309877396,2.4362052499782294e-05
6598,0.027741165831685066,0.004591432400047779,0.023027921095490456,2.4362145268241875e-05
6599,0.027741163969039917,0.004591439384967089,0.02302791364490986,2.4362294425372966e-05
6600,0.027741188183426857,0.0045914421789348125,0.023027930408716202,2.436290196783375e-05
6601,0.02774118259549141,0.004591451492160559,0.023027915507555008,2.436294744256884e-05
6602,0.027741143479943275,0.004591452889144421,0.023027874529361725,2.4363202101085335e-05
6603,0.02774113602936268,0.004591451492160559,0.023027867078781128,2.4363485863432288e-05
6604,0.02774112857878208,0.004591447301208973,0.02302786335349083,2.4363827833440155e-05
6605,0.02774111181497574,0.004591460805386305,0.023027831688523293,2.436389149806928e-05
6606,0.0277410876005888,0.004591460805386305,0.023027805611491203,2.436419526929967e-05
6607,0.027741054072976112,0.0045914617367088795,0.02302776835858822,2.4364706405322067e-05
6608,0.027741072699427605,0.004591471049934626,0.023027779534459114,2.4364637283724733e-05
6609,0.02774105966091156,0.004591471515595913,0.02302776463329792,2.436501017655246e-05
6610,0.02774103172123432,0.004591462202370167,0.02302774228155613,2.4365444915019907e-05
6611,0.027741050347685814,0.004591482225805521,0.02302774228155613,2.4365393983316608e-05
6612,0.02774098888039589,0.004591475706547499,0.023027684539556503,2.436577960907016e-05
6613,0.027740996330976486,0.004591477569192648,0.023027688264846802,2.4366150682908483e-05
6614,0.027740981429815292,0.004591482691466808,0.02302766591310501,2.4366350771742873e-05
6615,0.02774091809988022,0.004591477103531361,0.023027608171105385,2.4366536308662035e-05
6616,0.027740931138396263,0.004591492470353842,0.023027602583169937,2.4366998331970535e-05
6617,0.027740933001041412,0.004591487348079681,0.023027610033750534,2.436712384223938e-05
6618,0.02774093858897686,0.004591499920934439,0.023027600720524788,2.4367371224798262e-05
6619,0.02774091251194477,0.004591498523950577,0.0230275746434927,2.436786235193722e-05
6620,0.027740897610783577,0.004591499920934439,0.023027557879686356,2.43679551203968e-05
6621,0.027740905061364174,0.004591501783579588,0.023027561604976654,2.4368107915506698e-05
6622,0.02774086594581604,0.004591522738337517,0.02302750013768673,2.4368788217543624e-05
6623,0.027740824967622757,0.004591516684740782,0.023027464747428894,2.4368766389670782e-05
6624,0.027740836143493652,0.004591513425111771,0.02302747778594494,2.436905197100714e-05
6625,0.02774081751704216,0.004591525997966528,0.023027442395687103,2.436959221085999e-05
6626,0.027740826830267906,0.0045915162190794945,0.023027461022138596,2.4369703169213608e-05
6627,0.02774079330265522,0.004591525532305241,0.023027420043945312,2.4369906896026805e-05
6628,0.027740783989429474,0.004591522738337517,0.023027408868074417,2.4370321625610813e-05
6629,0.027740733698010445,0.004591516684740782,0.023027364164590836,2.437033981550485e-05
6630,0.02774072252213955,0.004591521807014942,0.023027347400784492,2.437062721583061e-05
6631,0.027740703895688057,0.004591525997966528,0.023027321323752403,2.437104376440402e-05
6632,0.027740754187107086,0.004591529723256826,0.023027367889881134,2.4371061954298057e-05
6633,0.027740729972720146,0.004591536708176136,0.023027336224913597,2.4371332983719185e-05
6634,0.02774069458246231,0.004591538105159998,0.023027297109365463,2.4371986000915058e-05
6635,0.02774067223072052,0.004591529723256826,0.02302728220820427,2.4371849576709792e-05
6636,0.027740659192204475,0.004591546021401882,0.02302725426852703,2.437203875160776e-05
6637,0.027740640565752983,0.0045915404334664345,0.023027237504720688,2.437274633848574e-05
6638,0.027740631252527237,0.004591543227434158,0.023027224466204643,2.437283910694532e-05
6639,0.02774064429104328,0.00459155160933733,0.02302722819149494,2.437285365886055e-05
6640,0.0277405958622694,0.004591570235788822,0.02302715741097927,2.437340845062863e-05
6641,0.027740612626075745,0.004591555800288916,0.02302718721330166,2.4373677661060356e-05
6642,0.02774060145020485,0.004591564182192087,0.023027170449495316,2.4373621272388846e-05
6643,0.0277405958622694,0.004591566976159811,0.02302715741097927,2.4374103304580785e-05
6644,0.027740558609366417,0.004591549281030893,0.02302713692188263,2.4374472559429705e-05
6645,0.027740538120269775,0.004591556265950203,0.02302710898220539,2.4374447093578056e-05
6646,0.02774052880704403,0.004591571632772684,0.0230270829051733,2.437485454720445e-05
6647,0.027740538120269775,0.004591565113514662,0.023027095943689346,2.4375332941417582e-05
6648,0.027740469202399254,0.004591567907482386,0.023027025163173676,2.4375365683226846e-05
6649,0.027740463614463806,0.004591582342982292,0.023027002811431885,2.437569673929829e-05
6650,0.0277404822409153,0.004591579549014568,0.023027021437883377,2.4376102373935282e-05
6651,0.027740415185689926,0.0045915707014501095,0.0230269618332386,2.4376278815907426e-05
6652,0.027740461751818657,0.004591590724885464,0.02302698977291584,2.4376431611017324e-05
6653,0.027740413323044777,0.004591584205627441,0.02302694506943226,2.437681359879207e-05
6654,0.027740398421883583,0.004591588396579027,0.023026924580335617,2.4377141016884707e-05
6655,0.027740392833948135,0.004591593984514475,0.02302691340446472,2.4377268346142955e-05
6656,0.027740415185689926,0.004591596312820911,0.023026930168271065,2.4377417503274046e-05
6657,0.027740392833948135,0.004591598641127348,0.023026904091238976,2.4378001398872584e-05
6658,0.027740389108657837,0.004591606091707945,0.02302689291536808,2.437808143440634e-05
6659,0.0277403537184,0.004591604229062796,0.023026857525110245,2.4378248781431466e-05
6660,0.027740303426980972,0.004591602832078934,0.023026807233691216,2.437870716676116e-05
6661,0.027740325778722763,0.0045916177332401276,0.023026812821626663,2.4379036403843202e-05
6662,0.027740290388464928,0.00459160516038537,0.023026790469884872,2.437909643049352e-05
6663,0.027740340679883957,0.0045916191302239895,0.02302682213485241,2.4379603928537108e-05
6664,0.027740268036723137,0.004591618198901415,0.02302674949169159,2.4379985916311853e-05
6665,0.027740292251110077,0.004591616801917553,0.02302677556872368,2.4379960450460203e-05
6666,0.02774025872349739,0.004591631703078747,0.0230267234146595,2.4380458853556775e-05
6667,0.02774021215736866,0.0045916251838207245,0.023026682436466217,2.4380957256653346e-05
6668,0.0277402363717556,0.0045916358940303326,0.02302669733762741,2.4380709874094464e-05
6669,0.027740180492401123,0.00459162937477231,0.023026645183563232,2.4381311959587038e-05
6670,0.0277402400970459,0.004591638222336769,0.023026693612337112,2.4381693947361782e-05
6671,0.027740145102143288,0.004591640550643206,0.023026596754789352,2.4381712137255818e-05
6672,0.02774014323949814,0.004591637756675482,0.023026594892144203,2.4382101400988176e-05
6673,0.027740176767110825,0.004591647069901228,0.023026617243885994,2.43824724748265e-05
6674,0.027740122750401497,0.004591653123497963,0.02302655763924122,2.438251794956159e-05
6675,0.027740133926272392,0.004591649863868952,0.023026570677757263,2.4382941774092615e-05
6676,0.02774008922278881,0.004591652657836676,0.023026520386338234,2.4383178242715076e-05
6677,0.027740057557821274,0.004591647069901228,0.023026492446660995,2.438334013277199e-05
6678,0.027740085497498512,0.004591658245772123,0.02302650734782219,2.438372939650435e-05
6679,0.027740100398659706,0.0045916675589978695,0.023026512935757637,2.4383951313211583e-05
6680,0.027740051969885826,0.0045916675589978695,0.023026462644338608,2.4384145945077762e-05
6681,0.02774003893136978,0.004591664765030146,0.023026451468467712,2.4384495191043243e-05
6682,0.027740001678466797,0.004591663368046284,0.023026414215564728,2.4384942662436515e-05
6683,0.027740027755498886,0.004591676406562328,0.023026427254080772,2.4385009965044446e-05
6684,0.027740003541111946,0.004591680597513914,0.023026395589113235,2.4385322831221856e-05
6685,0.027739964425563812,0.004591676872223616,0.02302635833621025,2.4385661163250916e-05
6686,0.027739977464079857,0.004591664299368858,0.02302638441324234,2.4385855795117095e-05
6687,0.02773994952440262,0.004591678734868765,0.02302633970975876,2.4386108634644188e-05
6688,0.02773992531001568,0.004591692239046097,0.023026300594210625,2.438637602608651e-05
6689,0.02773991972208023,0.004591680597513914,0.023026304319500923,2.4386759832850657e-05
6690,0.027739904820919037,0.004591702949255705,0.02302626520395279,2.438705814711284e-05
6691,0.02773989550769329,0.004591686185449362,0.023026272654533386,2.4387298253714107e-05
6692,0.027739878743886948,0.00459170201793313,0.0230262391269207,2.4387687517446466e-05
6693,0.02773985266685486,0.004591701552271843,0.02302621118724346,2.4388078600168228e-05
6694,0.027739888057112694,0.004591703414916992,0.023026242852211,2.43882695940556e-05
6695,0.02773984707891941,0.004591712262481451,0.02302619256079197,2.4388476958847605e-05
6696,0.027739791199564934,0.004591708537191153,0.02302613854408264,2.4388904421357438e-05
6697,0.02773982472717762,0.004591710865497589,0.02302616834640503,2.4389231839450076e-05
6698,0.02773982658982277,0.0045917220413684845,0.023026157170534134,2.438951560179703e-05
6699,0.027739806100726128,0.004591724835336208,0.023026131093502045,2.438971569063142e-05
6700,0.027739768847823143,0.004591716919094324,0.023026101291179657,2.4390217731706798e-05
6701,0.027739739045500755,0.004591721575707197,0.02302606590092182,2.4390124963247217e-05
6702,0.02773972973227501,0.004591720644384623,0.023026056587696075,2.4390599719481543e-05
6703,0.027739737182855606,0.004591725300997496,0.023026056587696075,2.4390856196987443e-05
6704,0.027739694342017174,0.004591739270836115,0.0230260007083416,2.4391001716139726e-05
6705,0.02773967571556568,0.004591730423271656,0.023025987669825554,2.439135823806282e-05
6706,0.027739690616726875,0.004591749981045723,0.023025982081890106,2.439164563838858e-05
6707,0.0277396347373724,0.004591733682900667,0.023025941103696823,2.4392076738877222e-05
6708,0.02773965150117874,0.004591742996126413,0.02302594855427742,2.439200397930108e-05
6709,0.027739640325307846,0.004591749515384436,0.02302592806518078,2.4392464183620177e-05
6710,0.027739616110920906,0.004591749049723148,0.02302590385079384,2.4392989871557802e-05
6711,0.027739573270082474,0.004591747652739286,0.023025861009955406,2.439289710309822e-05
6712,0.027739591896533966,0.00459176255390048,0.023025861009955406,2.4393433704972267e-05
6713,0.02773960866034031,0.004591758828610182,0.0230258796364069,2.4393933927058242e-05
6714,0.027739595621824265,0.0045917704701423645,0.02302585542201996,2.439387571939733e-05
6715,0.027739524841308594,0.004591756965965033,0.023025795817375183,2.439428135403432e-05
6716,0.027739573270082474,0.004591763485223055,0.023025834932923317,2.4394925276283175e-05
6717,0.027739521116018295,0.0045917583629488945,0.023025788366794586,2.439477975713089e-05
6718,0.02773951180279255,0.004591768141835928,0.023025767877697945,2.4395052605541423e-05
6719,0.027739502489566803,0.004591761622577906,0.023025762289762497,2.4395922082476318e-05
6720,0.027739470824599266,0.004591765347868204,0.02302572689950466,2.439580021018628e-05
6721,0.02773948386311531,0.004591790959239006,0.023025713860988617,2.4395765649387613e-05
6722,0.027739476412534714,0.004591785371303558,0.02302570827305317,2.439663694531191e-05
6723,0.02773943729698658,0.004591798409819603,0.02302565611898899,2.4396700609941036e-05
6724,0.02773939073085785,0.004591787233948708,0.023025620728731155,2.4396495064138435e-05
6725,0.027739418670535088,0.004591789096593857,0.023025641217827797,2.4397515517193824e-05
6726,0.0277393851429224,0.004591795150190592,0.023025602102279663,2.4397653760388494e-05
6727,0.027739372104406357,0.004591792356222868,0.023025592789053917,2.439745730953291e-05
6728,0.02773933671414852,0.004591800272464752,0.023025546222925186,2.4398130335612223e-05
6729,0.027739372104406357,0.0045918128453195095,0.023025566712021828,2.439859053993132e-05
6730,0.027739325538277626,0.004591805394738913,0.023025527596473694,2.439853415125981e-05
6731,0.027739327400922775,0.004591799341142178,0.02302553318440914,2.4398983441642486e-05
6732,0.027739267796278,0.004591792821884155,0.023025477305054665,2.4399496396654285e-05
6733,0.027739306911826134,0.0045918249525129795,0.02302548475563526,2.439956006128341e-05
6734,0.02773924171924591,0.004591792356222868,0.023025449365377426,2.4399869289482012e-05
6735,0.027739334851503372,0.0045918351970613,0.023025497794151306,2.440033495076932e-05
6736,0.027739237993955612,0.004591827746480703,0.023025406524538994,2.440056050545536e-05
6737,0.027739232406020164,0.004591816104948521,0.02302541211247444,2.4400857000728138e-05
6738,0.027739180251955986,0.004591827746480703,0.02302534505724907,2.4401308110100217e-05
6739,0.02773921936750412,0.004591825883835554,0.023025386035442352,2.440141179249622e-05
6740,0.027739176526665688,0.004591819830238819,0.023025348782539368,2.4401877453783527e-05
6741,0.027739156037569046,0.004591839853674173,0.023025305941700935,2.440210482745897e-05
6742,0.027739157900214195,0.004591831937432289,0.02302531525492668,2.4402246708632447e-05
6743,0.027739159762859344,0.004591837991029024,0.023025307804346085,2.440280695736874e-05
6744,0.027739159762859344,0.004591852426528931,0.02302529290318489,2.4403014322160743e-05
6745,0.02773907035589218,0.004591838922351599,0.023025214672088623,2.440316166030243e-05
6746,0.027739111334085464,0.004591845907270908,0.02302524819970131,2.4403509087278508e-05
6747,0.02773910015821457,0.004591846372932196,0.023025233298540115,2.4403909264947288e-05
6748,0.02773909829556942,0.004591851960867643,0.02302522584795952,2.4404016585322097e-05
6749,0.027739068493247032,0.004591858480125666,0.023025188595056534,2.4404354917351156e-05
6750,0.027739034965634346,0.004591859877109528,0.02302515134215355,2.440474600007292e-05
6751,0.02773902378976345,0.004591857548803091,0.023025142028927803,2.4404876967309974e-05
6752,0.027739042416214943,0.004591864999383688,0.0230251494795084,2.4405446310993284e-05
6753,0.02773900516331196,0.004591865930706263,0.023025112226605415,2.4405595468124375e-05
6754,0.027738969773054123,0.004591873846948147,0.023025067523121834,2.440576827211771e-05
6755,0.02773899771273136,0.004591867793351412,0.02302509918808937,2.440633761580102e-05
6756,0.027738962322473526,0.004591879900544882,0.02302505075931549,2.440636308165267e-05
6757,0.027738958597183228,0.004591870587319136,0.02302505448460579,2.4406775992247276e-05
6758,0.02773892879486084,0.004591877572238445,0.023025013506412506,2.440725438646041e-05
6759,0.027738910168409348,0.004591875243932009,0.02302500046789646,2.4407123419223353e-05
6760,0.02773892506957054,0.004591879900544882,0.02302500605583191,2.4407718228758313e-05
6761,0.027738874778151512,0.004591882228851318,0.02302495203912258,2.4408129320363514e-05
6762,0.027738915756344795,0.00459190271794796,0.023024972528219223,2.4407981982221827e-05
6763,0.027738865464925766,0.0045919050462543964,0.023024916648864746,2.440881507936865e-05
6764,0.027738837525248528,0.004591893870383501,0.023024899885058403,2.4408915123785846e-05
6765,0.02773885242640972,0.004591901786625385,0.0230249036103487,2.440920980006922e-05
6766,0.02773881144821644,0.004591908305883408,0.02302485518157482,2.4409622710663825e-05
6767,0.027738766744732857,0.004591908305883408,0.02302480861544609,2.4410022888332605e-05
6768,0.027738768607378006,0.004591910634189844,0.02302480675280094,2.4410170226474293e-05
6769,0.027738800272345543,0.0045919097028672695,0.02302483655512333,2.4410550395259634e-05
6770,0.02773873321712017,0.0045919157564640045,0.02302476204931736,2.4411008780589327e-05
6771,0.027738744392991066,0.004591910168528557,0.023024778813123703,2.4411094273091294e-05
6772,0.027738720178604126,0.004591914359480143,0.023024749010801315,2.441154902044218e-05
6773,0.02773869037628174,0.0045919278636574745,0.023024704307317734,2.441189826640766e-05
6774,0.027738729491829872,0.004591943230479956,0.023024726659059525,2.4411996491835453e-05
6775,0.027738671749830246,0.004591927397996187,0.023024683818221092,2.44123802985996e-05
6776,0.027738651260733604,0.004591937642544508,0.023024648427963257,2.441278593323659e-05
6777,0.02773866057395935,0.004591932520270348,0.02302466332912445,2.44128932536114e-05
6778,0.02773861400783062,0.0045919292606413364,0.02302461862564087,2.4413266146439128e-05
6779,0.02773861028254032,0.004591931588947773,0.023024609312415123,2.4413695427938364e-05
6780,0.027738619595766068,0.004591930657625198,0.02302462048828602,2.441379547235556e-05
6781,0.02773861773312092,0.004591941833496094,0.023024603724479675,2.4414315703324974e-05
6782,0.027738574892282486,0.004591946955770254,0.023024555295705795,2.4414541258011013e-05
6783,0.02773856557905674,0.004591943230479956,0.0230245478451252,2.4414792278548703e-05
6784,0.02773854322731495,0.004591953940689564,0.023024514317512512,2.441519063722808e-05
6785,0.027738532051444054,0.004591954872012138,0.02302449941635132,2.4415561711066402e-05
6786,0.027738528326153755,0.004591962788254023,0.023024488240480423,2.4415707230218686e-05
6787,0.027738530188798904,0.004591968841850758,0.023024478927254677,2.4416131054749712e-05
6788,0.02773846499621868,0.0045919641852378845,0.0230244193226099,2.4416462110821158e-05
6789,0.02773847058415413,0.004591966513544321,0.02302442118525505,2.441672040731646e-05
6790,0.027738463133573532,0.004591963719576597,0.023024413734674454,2.4417046006419696e-05
6791,0.027738435193896294,0.0045919702388346195,0.02302437834441662,2.4417486201855354e-05
6792,0.027738433331251144,0.004591972567141056,0.02302437089383602,2.4417762688244693e-05
6793,0.027738435193896294,0.0045919823460280895,0.023024363443255424,2.4417959139100276e-05
6794,0.02773842215538025,0.004591986536979675,0.023024342954158783,2.441847937006969e-05
6795,0.027738427743315697,0.004591991659253836,0.023024342954158783,2.4418681277893484e-05
6796,0.027738381177186966,0.0045919823460280895,0.02302430383861065,2.4418892280664295e-05
6797,0.027738358825445175,0.0045919897966086864,0.023024272173643112,2.441944343445357e-05
6798,0.027738355100154877,0.004591999109834433,0.02302425727248192,2.441951619402971e-05
6799,0.02773829735815525,0.004591997247189283,0.02302420139312744,2.4419721739832312e-05
6800,0.027738342061638832,0.004592003766447306,0.023024236783385277,2.4420307454420254e-05
6801,0.027738315984606743,0.004591993987560272,0.023024220019578934,2.4420445697614923e-05
6802,0.027738284319639206,0.0045920019038021564,0.02302417904138565,2.4420602130703628e-05
6803,0.02773825079202652,0.004592000972479582,0.023024143651127815,2.442108598188497e-05
6804,0.027738258242607117,0.004592009820044041,0.023024141788482666,2.4421460693702102e-05
6805,0.02773824706673622,0.004592015407979488,0.023024125024676323,2.442158802296035e-05
6806,0.027738245204091072,0.0045920200645923615,0.023024113848805428,2.442210643494036e-05
6807,0.027738206088542938,0.0045920140109956264,0.023024078458547592,2.4422564820270054e-05
6808,0.027738166972994804,0.004592020995914936,0.02302403189241886,2.4422657588729635e-05
6809,0.027738187462091446,0.004592024255543947,0.023024048656225204,2.4423186914646067e-05
6810,0.027738213539123535,0.0045920368283987045,0.0230240598320961,2.442347613396123e-05
6811,0.02773817628622055,0.004592031240463257,0.023024026304483414,2.4423587092314847e-05
6812,0.02773810736835003,0.004592030309140682,0.023023955523967743,2.4424205548712052e-05
6813,0.027738140895962715,0.0045920442789793015,0.023023974150419235,2.4424531147815287e-05
6814,0.027738099917769432,0.004592047538608313,0.023023929446935654,2.4424587536486797e-05
6815,0.02773807942867279,0.004592038691043854,0.02302391454577446,2.4425084120593965e-05
6816,0.027738096192479134,0.004592054057866335,0.02302391454577446,2.442546610836871e-05
6817,0.027738070115447044,0.004592039622366428,0.023023901507258415,2.442548611725215e-05
6818,0.02773803099989891,0.004592056851834059,0.02302384376525879,2.4426166419289075e-05
6819,0.027738040313124657,0.004592050798237324,0.023023858666419983,2.4426219169981778e-05
6820,0.0277380533516407,0.004592047538608313,0.023023873567581177,2.4426506570307538e-05
6821,0.027738047763705254,0.004592069890350103,0.02302384190261364,2.442699042148888e-05
6822,0.027737969532608986,0.004592047072947025,0.023023787885904312,2.442716504447162e-05
6823,0.027737993746995926,0.004592055920511484,0.023023800924420357,2.4427483367617242e-05
6824,0.027737969532608986,0.004592063371092081,0.02302376739680767,2.4427838070550933e-05
6825,0.027737917378544807,0.004592061508446932,0.023023715242743492,2.442833829263691e-05
6826,0.027737939730286598,0.004592066165059805,0.023023732006549835,2.4428296455880627e-05
6827,0.02773790806531906,0.004592068959027529,0.02302369475364685,2.442896402499173e-05
6828,0.027737870812416077,0.004592082928866148,0.023023642599582672,2.4429115001112223e-05
6829,0.027737891301512718,0.004592072684317827,0.02302367240190506,2.442934419377707e-05
6830,0.027737876400351524,0.004592090845108032,0.023023635149002075,2.443000084895175e-05
6831,0.02773785963654518,0.004592095967382193,0.023023612797260284,2.4430179109913297e-05
6832,0.027737846598029137,0.00459208944812417,0.023023605346679688,2.4430377379758283e-05
6833,0.027737833559513092,0.004592094570398331,0.023023582994937897,2.4431019483017735e-05
6834,0.027737800031900406,0.0045920973643660545,0.023023545742034912,2.4431081328657456e-05
6835,0.027737783268094063,0.0045920973643660545,0.02302352897822857,2.4431405108771287e-05
6836,0.027737772092223167,0.004592099692672491,0.023023512214422226,2.4432105419691652e-05
6837,0.027737747877836227,0.004592100623995066,0.023023486137390137,2.4432154532405548e-05
6838,0.027737781405448914,0.004592100158333778,0.023023519665002823,2.4432431018794887e-05
6839,0.027737682685256004,0.004592106211930513,0.023023411631584167,2.4433169528492726e-05
6840,0.027737708762288094,0.004592111799865961,0.02302343212068081,2.443294579279609e-05
6841,0.027737682685256004,0.004592111334204674,0.02302340418100357,2.4433349608443677e-05
6842,0.027737688273191452,0.004592124372720718,0.023023393005132675,2.443424273224082e-05
6843,0.027737678959965706,0.004592118319123983,0.023023391142487526,2.4433686121483333e-05
6844,0.027737652882933617,0.004592125304043293,0.02302335388958454,2.443450466671493e-05
6845,0.027737658470869064,0.0045921336859464645,0.023023350164294243,2.4434875740553252e-05
6846,0.027737630531191826,0.004592136945575476,0.023023318499326706,2.4434933948214166e-05
6847,0.027737591415643692,0.004592124372720718,0.023023288697004318,2.4435543309664354e-05
6848,0.02773759327828884,0.0045921350829303265,0.023023277521133423,2.443591620249208e-05
6849,0.027737585827708244,0.004592138342559338,0.023023266345262527,2.44359780481318e-05
6850,0.027737539261579514,0.0045921411365270615,0.023023216053843498,2.4436563762719743e-05
6851,0.027737561613321304,0.004592136945575476,0.023023240268230438,2.4436971216346137e-05
6852,0.027737539261579514,0.004592140205204487,0.0230232123285532,2.4437078536720946e-05
6853,0.027737516909837723,0.004592146724462509,0.023023182526230812,2.4437518732156605e-05
6854,0.027737509459257126,0.004592155106365681,0.02302316576242447,2.4438033506157808e-05
6855,0.027737483382225037,0.004592161159962416,0.023023132234811783,2.4438042601104826e-05
6856,0.027737481519579887,0.004592153709381819,0.023023134097456932,2.4438553737127222e-05
6857,0.02773742564022541,0.004592162556946278,0.02302306890487671,2.443898847559467e-05
6858,0.027737461030483246,0.004592170473188162,0.023023094981908798,2.4438950276817195e-05
6859,0.027737433090806007,0.004592159762978554,0.023023076355457306,2.443939956719987e-05
6860,0.027737431228160858,0.004592168610543013,0.023023061454296112,2.4439992557745427e-05
6861,0.027737407013773918,0.004592175595462322,0.023023031651973724,2.443987068545539e-05
6862,0.027737366035580635,0.00459217419847846,0.023022988811135292,2.444039455440361e-05
6863,0.027737349271774292,0.004592168610543013,0.023022975772619247,2.444099482090678e-05
6864,0.02773740142583847,0.004592184908688068,0.023023013025522232,2.444088750053197e-05
6865,0.027737358585000038,0.0045921714045107365,0.023022979497909546,2.444145138724707e-05
6866,0.027737339958548546,0.004592187702655792,0.02302294224500656,2.4441955247311853e-05
6867,0.027737295255064964,0.004592190962284803,0.02302289381623268,2.444189158268273e-05
6868,0.027737297117710114,0.004592184908688068,0.023022901266813278,2.4442499125143513e-05
6869,0.027737295255064964,0.0045922002755105495,0.023022878915071487,2.444299025228247e-05
6870,0.027737297117710114,0.0045921984128654,0.023022884503006935,2.444290839775931e-05
6871,0.027737246826291084,0.0045921984128654,0.023022830486297607,2.4443663278361782e-05
6872,0.027737228199839592,0.004592211917042732,0.02302279695868492,2.444398523948621e-05
6873,0.02773725613951683,0.0045922123827040195,0.02302282489836216,2.4443890652037226e-05
6874,0.02773721143603325,0.004592213314026594,0.02302277274429798,2.4444809241686016e-05
6875,0.02773718535900116,0.0045922077260911465,0.02302275225520134,2.4444838345516473e-05
6876,0.027737176045775414,0.004592222161591053,0.02302272990345955,2.444503661536146e-05
6877,0.027737146243453026,0.004592217039316893,0.023022698238492012,2.4445926101179793e-05
6878,0.027737198397517204,0.004592222161591053,0.023022746667265892,2.444575511617586e-05
6879,0.027737122029066086,0.004592213314026594,0.02302267774939537,2.4446122552035376e-05
6880,0.027737149968743324,0.004592245910316706,0.023022670298814774,2.444694473524578e-05
6881,0.027737142518162727,0.004592239391058683,0.023022668436169624,2.4446686438750476e-05
6882,0.027737092226743698,0.004592232406139374,0.023022623732686043,2.444729943817947e-05
6883,0.027737047523260117,0.004592233803123236,0.023022573441267014,2.4448072508675978e-05
6884,0.027737027034163475,0.004592233803123236,0.02302255481481552,2.4447659598081373e-05
6885,0.027737047523260117,0.00459224684163928,0.02302255854010582,2.4448447220493108e-05
6886,0.027737023308873177,0.004592250566929579,0.023022526875138283,2.4449116608593613e-05
6887,0.027736984193325043,0.004592249635607004,0.023022491484880447,2.4448634576401673e-05
6888,0.027736984193325043,0.004592245910316706,0.023022489622235298,2.444983874738682e-05
6889,0.027736954391002655,0.004592250566929579,0.023022454231977463,2.444999699946493e-05
6890,0.027736973017454147,0.00459225894883275,0.023022465407848358,2.4449642296531238e-05
6891,0.027736974880099297,0.004592268727719784,0.023022450506687164,2.4450830096611753e-05
6892,0.027736952528357506,0.004592255689203739,0.023022441193461418,2.4450964701827615e-05
6893,0.027736946940422058,0.004592265002429485,0.023022428154945374,2.4450440832879394e-05
6894,0.02773691713809967,0.004592259880155325,0.023022396489977837,2.445210157020483e-05
6895,0.02773691900074482,0.0045922743156552315,0.02302238717675209,2.445163408992812e-05
6896,0.027736874297261238,0.0045922743156552315,0.02302234247326851,2.445180325594265e-05
6897,0.02773687057197094,0.004592274781316519,0.023022331297397614,2.4452974685118534e-05
6898,0.027736837044358253,0.004592285491526127,0.02302229031920433,2.4452445359202102e-05
6899,0.027736840769648552,0.0045922729186713696,0.023022301495075226,2.4453143851133063e-05
6900,0.027736783027648926,0.004592276643961668,0.023022238165140152,2.4453735022689216e-05
6901,0.027736838907003403,0.004592291545122862,0.023022279143333435,2.4453447622363456e-05
6902,0.02773681841790676,0.0045922924764454365,0.023022254928946495,2.4454371668980457e-05
6903,0.027736788615584373,0.0045922985300421715,0.02302221581339836,2.445466634526383e-05
6904,0.027736740186810493,0.004592292942106724,0.02302217297255993,2.4454551748931408e-05
6905,0.027736742049455643,0.004592299461364746,0.023022163659334183,2.4455715902149677e-05
6906,0.027736721560359,0.004592305049300194,0.023022139444947243,2.4455448510707356e-05
6907,0.02773670293390751,0.0045923092402517796,0.023022115230560303,2.4455872335238382e-05
6908,0.027736704796552658,0.004592310171574354,0.023022111505270004,2.4456621758872643e-05
6909,0.02773667313158512,0.004592312034219503,0.023022077977657318,2.4456494429614395e-05
6910,0.027736684307456017,0.004592315759509802,0.023022081702947617,2.4457098334096372e-05
6911,0.027736643329262733,0.004592312034219503,0.023022042587399483,2.445760947011877e-05
6912,0.02773662842810154,0.0045923194848001,0.023022020235657692,2.4457500330754556e-05
6913,0.027736613526940346,0.004592322278767824,0.02302199974656105,2.445824611641001e-05
6914,0.027736611664295197,0.004592323210090399,0.023021994158625603,2.445864083711058e-05
6915,0.027736561372876167,0.00459233159199357,0.023021936416625977,2.4458673578919843e-05
6916,0.027736585587263107,0.0045923274010419846,0.023021962493658066,2.44593193201581e-05
6917,0.027736544609069824,0.004592332523316145,0.023021914064884186,2.4459561245748773e-05
6918,0.027736542746424675,0.004592334385961294,0.023021910339593887,2.4459694031975232e-05
6919,0.027736542746424675,0.004592319019138813,0.023021921515464783,2.4460499844281003e-05
6920,0.02773655578494072,0.004592349287122488,0.02302190475165844,2.446043254167307e-05
6921,0.027736496180295944,0.004592339973896742,0.023021850734949112,2.4460947315674275e-05
6922,0.02773648500442505,0.004592332988977432,0.023021845147013664,2.4461480279569514e-05
6923,0.027736498042941093,0.004592355340719223,0.023021835833787918,2.4461320208502002e-05
6924,0.027736453339457512,0.0045923516154289246,0.023021791130304337,2.4462167857564054e-05
6925,0.027736425399780273,0.0045923576690256596,0.0230217557400465,2.4462457076879218e-05
6926,0.027736417949199677,0.00459236791357398,0.02302173711359501,2.4462426154059358e-05
6927,0.027736401185393333,0.004592360928654671,0.023021724075078964,2.44632683461532e-05
6928,0.027736352756619453,0.004592366982251406,0.023021668195724487,2.4463459340040572e-05
6929,0.027736328542232513,0.004592354409396648,0.023021657019853592,2.446341204631608e-05
6930,0.027736378833651543,0.004592376761138439,0.023021679371595383,2.4464174202876166e-05
6931,0.02773631177842617,0.004592375364154577,0.02302161417901516,2.4464399757562205e-05
6932,0.02773631550371647,0.004592378623783588,0.02302161604166031,2.4464425223413855e-05
6933,0.027736302465200424,0.004592382814735174,0.023021593689918518,2.4465132810291834e-05
6934,0.027736317366361618,0.004592393524944782,0.023021595552563667,2.4465363821946084e-05
6935,0.027736272662878036,0.0045923772267997265,0.02302156761288643,2.4465647584293038e-05
6936,0.027736227959394455,0.004592384677380323,0.023021511733531952,2.4466173272230662e-05
6937,0.02773621305823326,0.0045923939906060696,0.023021485656499863,2.4466442482662387e-05
6938,0.027736220508813858,0.004592379555106163,0.023021506145596504,2.4466837203362957e-05
6939,0.02773621492087841,0.004592406563460827,0.02302147075533867,2.4467286493745632e-05
6940,0.02773618884384632,0.0045924000442028046,0.023021450266242027,2.4467581170029007e-05
6941,0.027736157178878784,0.004592396318912506,0.02302142046391964,2.4468114133924246e-05
6942,0.027736129239201546,0.004592403303831816,0.023021383211016655,2.4468441552016884e-05
6943,0.027736153453588486,0.004592410754412413,0.02302139811217785,2.446874714223668e-05
6944,0.027736099436879158,0.004592405166476965,0.02302134782075882,2.4469078198308125e-05
6945,0.027736153453588486,0.00459244241937995,0.023021362721920013,2.4469582058372907e-05
6946,0.027736155316233635,0.004592411685734987,0.0230213962495327,2.4469678464811295e-05
6947,0.027736106887459755,0.004592429380863905,0.023021327331662178,2.447008046146948e-05
6948,0.027736088261008263,0.0045924196019768715,0.023021318018436432,2.4470487915095873e-05
6949,0.027736060321331024,0.004592414945363998,0.023021291941404343,2.4470826247124933e-05
6950,0.027736058458685875,0.004592441953718662,0.023021262139081955,2.447107544867322e-05
6951,0.027736011892557144,0.004592427518218756,0.02302122674882412,2.4471504730172455e-05
6952,0.02773597650229931,0.004592437297105789,0.02302118018269539,2.4471893993904814e-05
6953,0.027736011892557144,0.004592444747686386,0.023021206259727478,2.447218503220938e-05
6954,0.027735983952879906,0.00459244241937995,0.02302117832005024,2.4472705263178796e-05
6955,0.027735989540815353,0.004592446144670248,0.02302117832005024,2.447294900775887e-05
6956,0.027735954150557518,0.004592441953718662,0.023021146655082703,2.4473249141010456e-05
6957,0.027735965326428413,0.004592454992234707,0.023021139204502106,2.447386214043945e-05
6958,0.027735942974686623,0.004592458251863718,0.023021114990115166,2.447393308102619e-05
6959,0.02773592621088028,0.004592457786202431,0.023021094501018524,2.4474691599607468e-05
6960,0.027735913172364235,0.00459246477112174,0.023021074011921883,2.4474766178173013e-05
6961,0.027735896408557892,0.004592467565089464,0.02302105352282524,2.4475028112647124e-05
6962,0.02773585543036461,0.004592451732605696,0.023021023720502853,2.4475926693412475e-05
6963,0.027735868468880653,0.004592471290379763,0.023021019995212555,2.447559018037282e-05
6964,0.027735870331525803,0.004592463839799166,0.023021025583148003,2.4476414182572626e-05
6965,0.027735842391848564,0.004592483397573233,0.023020975291728973,2.4476630642311648e-05
6966,0.02773580700159073,0.004592489451169968,0.02302093431353569,2.447667793603614e-05
6967,0.027735792100429535,0.0045924740843474865,0.023020928725600243,2.4477594706695527e-05
6968,0.027735762298107147,0.004592482466250658,0.023020893335342407,2.4477341867168434e-05
6969,0.027735760435461998,0.004592479672282934,0.02302088961005211,2.4478007617290132e-05
6970,0.027735717594623566,0.004592482466250658,0.023020843043923378,2.4478671548422426e-05
6971,0.02773577906191349,0.004592501558363438,0.02302088588476181,2.447847327857744e-05
6972,0.027735738083720207,0.00459249084815383,0.023020850494503975,2.4479368221363984e-05
6973,0.02773568406701088,0.00459249084815383,0.023020794615149498,2.447956103424076e-05
6974,0.02773568220436573,0.004592507611960173,0.023020775988698006,2.447962287988048e-05
6975,0.02773565798997879,0.004592489451169968,0.02302076481282711,2.4480661522829905e-05
6976,0.027735654264688492,0.004592510871589184,0.02302074059844017,2.4480481442878954e-05
6977,0.027735648676753044,0.004592511337250471,0.023020733147859573,2.448091072437819e-05
6978,0.02773555926978588,0.004592500627040863,0.023020651191473007,2.4481611035298556e-05
6979,0.027735581621527672,0.0045925104059278965,0.023020662367343903,2.448168925184291e-05
6980,0.027735596522688866,0.004592518787831068,0.02302066795527935,2.448198756610509e-05
6981,0.027735576033592224,0.004592527635395527,0.023020636290311813,2.4482735170749947e-05
6982,0.0277355145663023,0.004592517856508493,0.023020584136247635,2.448274608468637e-05
6983,0.027735520154237747,0.004592522047460079,0.023020582273602486,2.448333179927431e-05
6984,0.0277355145663023,0.004592536948621273,0.023020558059215546,2.4483595552737825e-05
6985,0.027735494077205658,0.004592522978782654,0.02302055060863495,2.4483992092427798e-05
6986,0.027735499665141106,0.004592537879943848,0.023020539432764053,2.448429040668998e-05
6987,0.02773546427488327,0.004592524375766516,0.023020515218377113,2.4484728783136234e-05
6988,0.027735458686947823,0.0045925346203148365,0.02302049845457077,2.448514169373084e-05
6989,0.02773541957139969,0.004592544864863157,0.023020446300506592,2.4485447283950634e-05
6990,0.027735408395528793,0.004592535551637411,0.023020442575216293,2.448585473757703e-05
6991,0.027735410258173943,0.00459255138412118,0.0230204276740551,2.4486329493811354e-05
6992,0.02773541770875454,0.00459256349131465,0.023020420223474503,2.4486549591529183e-05
6993,0.027735386043787003,0.004592554178088903,0.023020396009087563,2.4486895199515857e-05
6994,0.02773534320294857,0.0045925616286695,0.023020343855023384,2.4487444534315728e-05
6995,0.02773532271385193,0.004592552315443754,0.02302033267915249,2.4487562768626958e-05
6996,0.02773536555469036,0.004592552315443754,0.023020373657345772,2.4487941118422896e-05
6997,0.027735337615013123,0.00459256861358881,0.023020325228571892,2.448852865200024e-05
6998,0.027735311537981033,0.004592559766024351,0.02302030846476555,2.4488677809131332e-05
6999,0.02773529663681984,0.004592580255120993,0.023020269349217415,2.4489150746376254e-05
7000,0.027735238894820213,0.0045925830490887165,0.02302020788192749,2.448956911393907e-05
7001,0.027735279873013496,0.00459257559850812,0.02302025631070137,2.4489852876286022e-05
7002,0.027735235169529915,0.004592577926814556,0.023020204156637192,2.4490247596986592e-05
7003,0.02773522213101387,0.004592582117766142,0.0230201855301857,2.4490629584761336e-05
7004,0.02773522399365902,0.004592576064169407,0.023020191118121147,2.449104613333475e-05
7005,0.027735188603401184,0.004592584911733866,0.023020146414637566,2.4491528165526688e-05
7006,0.027735132724046707,0.004592590034008026,0.023020083084702492,2.4491766453138553e-05
7007,0.027735138311982155,0.004592592362314463,0.02302008494734764,2.4492161173839122e-05
7008,0.027735142037272453,0.004592602606862783,0.023020075634121895,2.4492588636348955e-05
7009,0.027735110372304916,0.00459259981289506,0.023020045831799507,2.4492968805134296e-05
7010,0.02773512713611126,0.004592609591782093,0.023020051419734955,2.4493298042216338e-05
7011,0.027735162526369095,0.004592615645378828,0.023020077496767044,2.4493871023878455e-05
7012,0.027735106647014618,0.004592609591782093,0.023020029067993164,2.4493945602444e-05
7013,0.027735061943531036,0.004592623561620712,0.02301996573805809,2.449449857522268e-05
7014,0.02773507870733738,0.004592613782733679,0.02301998995244503,2.4494918761774898e-05
7015,0.027735048905014992,0.004592627286911011,0.02301994524896145,2.449516614433378e-05
7016,0.027735041454434395,0.0045926314778625965,0.023019932210445404,2.4495531761203893e-05
7017,0.027735034003853798,0.0045926268212497234,0.023019926622509956,2.4496168407495134e-05
7018,0.02773495763540268,0.004592621233314276,0.023019855841994286,2.4496082914993167e-05
7019,0.027734985575079918,0.0045926328748464584,0.02301986888051033,2.4496846890542656e-05
7020,0.027734948322176933,0.004592631012201309,0.023019831627607346,2.449724888720084e-05
7021,0.027734944596886635,0.004592633806169033,0.02301982417702675,2.449717248964589e-05
7022,0.027734939008951187,0.004592639394104481,0.023019807413220406,2.4498283892171457e-05
7023,0.02773488685488701,0.0045926435850560665,0.023019753396511078,2.44978946284391e-05
7024,0.027734892442822456,0.0045926435850560665,0.023019753396511078,2.4499071514583193e-05
7025,0.02773488685488701,0.004592631943523884,0.023019760847091675,2.4498840502928942e-05
7026,0.027734840288758278,0.00459267059341073,0.02301967330276966,2.449946987326257e-05
7027,0.027734866365790367,0.00459266034886241,0.023019704967737198,2.449999374221079e-05
7028,0.0277347881346941,0.004592656623572111,0.02301963046193123,2.4500006475136615e-05
7029,0.027734827250242233,0.004592659883201122,0.023019665852189064,2.450056854286231e-05
7030,0.02773483470082283,0.004592669662088156,0.023019660264253616,2.4501001462340355e-05
7031,0.027734803035855293,0.004592673387378454,0.02301962301135063,2.4501350708305836e-05
7032,0.027734795585274696,0.004592677112668753,0.023019609972834587,2.4501756342942826e-05
7033,0.02773474156856537,0.0045926813036203384,0.023019548505544662,2.4502191081410274e-05
7034,0.02773471362888813,0.004592672921717167,0.02301952987909317,2.450242027407512e-05
7035,0.02773471735417843,0.004592685494571924,0.023019518703222275,2.450274769216776e-05
7036,0.027734696865081787,0.0045926752500236034,0.02301950380206108,2.4503380700480193e-05
7037,0.027734702453017235,0.0045926752500236034,0.02301950938999653,2.450339525239542e-05
7038,0.02773469127714634,0.004592680837959051,0.023019490763545036,2.450399006193038e-05
7039,0.02773464098572731,0.004592680372297764,0.023019438609480858,2.4504361135768704e-05
7040,0.02773464284837246,0.0045926873572170734,0.02301943302154541,2.4504617613274604e-05
7041,0.027734635397791862,0.0045926934108138084,0.023019416257739067,2.4505157853127457e-05
7042,0.027734605595469475,0.004592693876475096,0.02301938459277153,2.450551255606115e-05
7043,0.02773457206785679,0.004592693876475096,0.023019349202513695,2.4505854526069015e-05
7044,0.027734600007534027,0.004592712968587875,0.023019354790449142,2.450636930007022e-05
7045,0.027734557166695595,0.004592703189700842,0.023019321262836456,2.450662213959731e-05
7046,0.027734562754631042,0.00459270877763629,0.023019317537546158,2.4507127818651497e-05
7047,0.027734482660889626,0.0045927162282168865,0.023019228130578995,2.450750434945803e-05
7048,0.027734510600566864,0.004592712502926588,0.023019257932901382,2.4507853595423512e-05
7049,0.02773451618850231,0.004592728801071644,0.023019244894385338,2.450824831612408e-05
7050,0.02773447521030903,0.004592720419168472,0.02301921136677265,2.4508584829163738e-05
7051,0.027734490111470222,0.004592715762555599,0.023019229993224144,2.450902138662059e-05
7052,0.027734432369470596,0.00459273299202323,0.023019153624773026,2.4509188733645715e-05
7053,0.027734404429793358,0.004592727869749069,0.023019127547740936,2.4509834474883974e-05
7054,0.027734406292438507,0.004592738579958677,0.02301911637187004,2.4510172806913033e-05
7055,0.027734413743019104,0.004592739976942539,0.023019123822450638,2.451029467920307e-05
7056,0.027734383940696716,0.004592733923345804,0.0230190958827734,2.4510974981239997e-05
7057,0.027734385803341866,0.004592746030539274,0.023019082844257355,2.451125328661874e-05
7058,0.027734382078051567,0.004592744633555412,0.023019079118967056,2.4511517040082254e-05
7059,0.02773432992398739,0.004592742770910263,0.023019026964902878,2.451209547871258e-05
7060,0.02773429825901985,0.004592747427523136,0.023018989711999893,2.4512399249942973e-05
7061,0.027734315022826195,0.004592751152813435,0.02301900088787079,2.451277759973891e-05
7062,0.0277343038469553,0.0045927539467811584,0.023018984124064445,2.4513212338206358e-05
7063,0.027734285220503807,0.00459275720641017,0.023018959909677505,2.4513581593055278e-05
7064,0.02773427404463291,0.004592770244926214,0.023018933832645416,2.4513923563063145e-05
7065,0.027734221890568733,0.004592768382281065,0.023018881678581238,2.4514376491424628e-05
7066,0.027734210714697838,0.004592777229845524,0.023018859326839447,2.4514996766811237e-05
7067,0.02773422747850418,0.004592766519635916,0.023018885403871536,2.4515149561921135e-05
7068,0.027734192088246346,0.004592763725668192,0.0230188500136137,2.4515589757356793e-05
7069,0.02773420326411724,0.00459278142079711,0.023018840700387955,2.451617910992354e-05
7070,0.02773420512676239,0.004592784680426121,0.023018840700387955,2.4516191842849366e-05
7071,0.027734113857150078,0.004592777695506811,0.02301875129342079,2.4517059500794858e-05
7072,0.027734138071537018,0.004592794459313154,0.02301875874400139,2.451694308547303e-05
7073,0.027734166011214256,0.0045927888713777065,0.023018788546323776,2.4517607016605325e-05
7074,0.027734126895666122,0.004592783283442259,0.02301875315606594,2.4518058125977404e-05
7075,0.02773408032953739,0.004592799581587315,0.023018691688776016,2.451815271342639e-05
7076,0.027734074741601944,0.004592795856297016,0.02301868237555027,2.4519120415789075e-05
7077,0.027734067291021347,0.004592809826135635,0.023018663749098778,2.4518843929399736e-05
7078,0.02773403935134411,0.004592802841216326,0.02301863767206669,2.451981526974123e-05
7079,0.027734018862247467,0.00459281075745821,0.02301860973238945,2.4520042643416673e-05
7080,0.027733977884054184,0.004592810291796923,0.023018566891551018,2.452029730193317e-05
7081,0.027734016999602318,0.0045928265899419785,0.02301858365535736,2.452121043461375e-05
7082,0.02773395925760269,0.004592816811054945,0.02301853708922863,2.4521003069821745e-05
7083,0.02773395925760269,0.00459281587973237,0.02301853522658348,2.4521674276911654e-05
7084,0.02773391455411911,0.0045928205363452435,0.023018483072519302,2.4521983505110256e-05
7085,0.027733955532312393,0.004592825658619404,0.023018520325422287,2.4522167223040015e-05
7086,0.027733922004699707,0.004592829383909702,0.023018479347229004,2.4522845706087537e-05
7087,0.02773386985063553,0.004592836834490299,0.02301841974258423,2.4522945750504732e-05
7088,0.027733877301216125,0.004592840559780598,0.02301841974258423,2.452343142067548e-05
7089,0.027733879163861275,0.0045928386971354485,0.02301841974258423,2.452386797813233e-05
7090,0.027733882889151573,0.004592850338667631,0.02301841229200363,2.4524100808775984e-05
7091,0.027733808383345604,0.004592827055603266,0.023018358275294304,2.4524768377887085e-05
7092,0.027733780443668365,0.0045928494073450565,0.023018306121230125,2.4525024855392985e-05
7093,0.027733786031603813,0.004592857789248228,0.023018300533294678,2.4525323169655167e-05
7094,0.027733782306313515,0.004592868033796549,0.023018283769488335,2.4526167180738412e-05
7095,0.02773377113044262,0.004592860117554665,0.023018280044198036,2.4526019842596725e-05
7096,0.027733752503991127,0.004592864774167538,0.023018253967165947,2.4526934794266708e-05
7097,0.027733711525797844,0.004592860583215952,0.023018216714262962,2.4527073037461378e-05
7098,0.02773370034992695,0.0045928494073450565,0.023018214851617813,2.452740773151163e-05
7099,0.027733663097023964,0.004592871759086847,0.02301814965903759,2.4528266294510104e-05
7100,0.02773370034992695,0.004592860117554665,0.02301819995045662,2.4528024368919432e-05
7101,0.02773369289934635,0.004592882003635168,0.023018166422843933,2.45287774305325e-05
7102,0.02773364633321762,0.004592880606651306,0.023018119856715202,2.452927947160788e-05
7103,0.02773364819586277,0.004592877812683582,0.0230181235820055,2.45290848397417e-05
7104,0.027733666822314262,0.004592882003635168,0.023018132895231247,2.4530374503228813e-05
7105,0.027733607217669487,0.0045928992331027985,0.023018058389425278,2.4529937945771962e-05
7106,0.027733569964766502,0.0045928931795060635,0.023018022999167442,2.453068555041682e-05
7107,0.027733592316508293,0.004592894576489925,0.023018039762973785,2.453138768032659e-05
7108,0.027733515948057175,0.004592894110828638,0.023017968982458115,2.4530843802494928e-05
7109,0.02773350663483143,0.00459290063008666,0.023017942905426025,2.453237902955152e-05
7110,0.02773347869515419,0.004592891316860914,0.023017926141619682,2.453198794682976e-05
7111,0.027733495458960533,0.0045929173938930035,0.023017914965748787,2.453245542710647e-05
7112,0.027733467519283295,0.00459290063008666,0.023017900064587593,2.4533448595320806e-05
7113,0.02773347496986389,0.004592914134263992,0.023017896339297295,2.4533053874620236e-05
7114,0.027733447030186653,0.004592906218022108,0.023017870262265205,2.4534170734114014e-05
7115,0.02773345075547695,0.004592913668602705,0.023017864674329758,2.453440538374707e-05
7116,0.027733415365219116,0.0045929248444736,0.023017818108201027,2.4534483600291423e-05
7117,0.02773337997496128,0.004592916462570429,0.02301778644323349,2.4535465854569338e-05
7118,0.02773340418934822,0.00459293881431222,0.02301779016852379,2.4535300326533616e-05
7119,0.027733391150832176,0.004592928569763899,0.02301778271794319,2.453591332596261e-05
7120,0.027733342722058296,0.004592927638441324,0.02301773428916931,2.4536435375921428e-05
7121,0.027733346447348595,0.0045929248444736,0.02301773801445961,2.4536484488635324e-05
7122,0.02773333340883255,0.004592944867908955,0.023017704486846924,2.453710294503253e-05
7123,0.02773328311741352,0.0045929416082799435,0.023017652332782745,2.45376013481291e-05
7124,0.02773326076567173,0.004592943470925093,0.023017628118395805,2.453781053191051e-05
7125,0.027733221650123596,0.004592941142618656,0.023017587140202522,2.453837623761501e-05
7126,0.027733230963349342,0.004592941142618656,0.02301759459078312,2.4538830984965898e-05
7127,0.027733217924833298,0.004592943470925093,0.023017579689621925,2.4539025616832078e-05
7128,0.027733223512768745,0.004592954181134701,0.02301757037639618,2.4539707737858407e-05
7129,0.027733193710446358,0.004592956509441137,0.023017536848783493,2.4539920559618622e-05
7130,0.027733225375413895,0.00459297513589263,0.02301754802465439,2.454040622978937e-05
7131,0.0277332104742527,0.004592976998537779,0.023017527535557747,2.4541001039324328e-05
7132,0.02773313783109188,0.004592972807586193,0.023017458617687225,2.4541008315281942e-05
7133,0.027733152732253075,0.0045929658226668835,0.023017477244138718,2.454181230859831e-05
7134,0.027733104303479195,0.004592978395521641,0.023017417639493942,2.454176683386322e-05
7135,0.027733124792575836,0.004592991434037685,0.023017417639493942,2.4542805476812646e-05
7136,0.027733072638511658,0.004592973738908768,0.023017385974526405,2.4542414394090883e-05
7137,0.027733083814382553,0.004592986311763525,0.02301737852394581,2.4543625841033645e-05
7138,0.027733078226447105,0.00459297513589263,0.023017385974526405,2.454336208757013e-05
7139,0.02773304283618927,0.004593003541231155,0.023017318919301033,2.4544186089769937e-05
7140,0.027733029797673225,0.0045929900370538235,0.023017317056655884,2.454439345456194e-05
7141,0.027733005583286285,0.00459299236536026,0.023017289116978645,2.4544800908188336e-05
7142,0.027733003720641136,0.004593003075569868,0.023017272353172302,2.4545579435653053e-05
7143,0.02773299254477024,0.004593003075569868,0.023017261177301407,2.4545561245759018e-05
7144,0.02773299254477024,0.004593010526150465,0.02301725000143051,2.4546225176891312e-05
7145,0.027732938528060913,0.00459301145747304,0.023017194122076035,2.454675814078655e-05
7146,0.027732905000448227,0.004593009129166603,0.023017162457108498,2.454676359775476e-05
7147,0.02773292176425457,0.004593025892972946,0.02301715686917305,2.4547729481128044e-05
7148,0.02773287706077099,0.004593005869537592,0.02301713451743126,2.4547432985855266e-05
7149,0.02773289568722248,0.004593029618263245,0.023017125204205513,2.454826608300209e-05
7150,0.027732862159609795,0.004593019839376211,0.023017099127173424,2.454844980093185e-05
7151,0.02773282863199711,0.004593031946569681,0.023017054423689842,2.4548719011363573e-05
7152,0.027732856571674347,0.0045930310152471066,0.023017078638076782,2.4549417503294535e-05
7153,0.02773282118141651,0.004593025427311659,0.023017046973109245,2.4549484805902466e-05
7154,0.027732819318771362,0.004593036137521267,0.02301703207194805,2.4550268790335394e-05
7155,0.02773278020322323,0.004593031480908394,0.023016996681690216,2.4550510715926066e-05
7156,0.027732737362384796,0.004593033343553543,0.023016948252916336,2.455109824950341e-05
7157,0.027732737362384796,0.004593046847730875,0.023016933351755142,2.4551634851377457e-05
7158,0.02773275412619114,0.0045930431224405766,0.023016953840851784,2.455161484249402e-05
7159,0.02773270569741726,0.0045930552296340466,0.02301688678562641,2.455277535773348e-05
7160,0.027732737362384796,0.004593064542859793,0.02301691100001335,2.4552253307774663e-05
7161,0.02773270383477211,0.00459305290132761,0.023016884922981262,2.455337016726844e-05
7162,0.02773267775774002,0.004593073856085539,0.023016834631562233,2.4553675757488236e-05
7163,0.02773265168070793,0.004593046847730875,0.02301683835685253,2.4553557523177005e-05
7164,0.027732614427804947,0.0045930733904242516,0.02301676571369171,2.4554990886827e-05
7165,0.02773265913128853,0.004593070596456528,0.02301681786775589,2.455413959978614e-05
7166,0.027732588350772858,0.004593065939843655,0.02301674336194992,2.455559661029838e-05
7167,0.02773253247141838,0.004593077581375837,0.023016678169369698,2.45553510467289e-05
7168,0.02773256227374077,0.004593061748892069,0.02301672101020813,2.4555851268814877e-05
7169,0.027732569724321365,0.004593081772327423,0.023016704246401787,2.4556589778512716e-05
7170,0.027732569724321365,0.004593086428940296,0.02301670052111149,2.4556547941756435e-05
7171,0.02773251384496689,0.004593092482537031,0.023016635328531265,2.4557297365390696e-05
7172,0.0277324840426445,0.004593090154230595,0.02301660366356373,2.4557682991144247e-05
7173,0.027732515707612038,0.0045930929481983185,0.023016633465886116,2.4557839424232952e-05
7174,0.027732474729418755,0.004593109246343374,0.02301657199859619,2.45586852543056e-05
7175,0.02773245982825756,0.004593100864440203,0.023016566410660744,2.4558570657973178e-05
7176,0.027732452377676964,0.004593099467456341,0.0230165533721447,2.4559543817304075e-05
7177,0.027732422575354576,0.004593099467456341,0.02301652356982231,2.4559574740123935e-05
7178,0.02773241326212883,0.004593108780682087,0.02301650494337082,2.4560109523008578e-05
7179,0.027732403948903084,0.004593111574649811,0.023016488179564476,2.4560760721215047e-05
7180,0.027732359245419502,0.004593101795762777,0.02301645278930664,2.4560727979405783e-05
7181,0.027732353657484055,0.004593104589730501,0.023016441613435745,2.456149559293408e-05
7182,0.027732308954000473,0.004593124147504568,0.023016374558210373,2.456183392496314e-05
7183,0.027732329443097115,0.004593133460730314,0.02301638573408127,2.456202855682932e-05
7184,0.02773226425051689,0.004593122284859419,0.023016326129436493,2.456290712871123e-05
7185,0.027732299640774727,0.004593126010149717,0.02301635779440403,2.4562899852753617e-05
7186,0.027732253074645996,0.004593134392052889,0.023016301915049553,2.4563621991546825e-05
7187,0.02773224003612995,0.004593134392052889,0.02301628515124321,2.456409674778115e-05
7188,0.027732236310839653,0.004593132995069027,0.02301628328859806,2.456428592267912e-05
7189,0.027732230722904205,0.004593142308294773,0.02301626279950142,2.456516813253984e-05
7190,0.02773216739296913,0.004593150224536657,0.0230161901563406,2.4565155399614014e-05
7191,0.027732165530323982,0.004593134392052889,0.023016203194856644,2.4565772037021816e-05
7192,0.027732182294130325,0.004593157675117254,0.02301619201898575,2.4566581487306394e-05
7193,0.02773214504122734,0.004593161400407553,0.023016152903437614,2.4566070351283997e-05
7194,0.02773215062916279,0.004593141842633486,0.023016169667243958,2.4567765649408102e-05
7195,0.027732115238904953,0.004593171179294586,0.023016110062599182,2.4566777938161977e-05
7196,0.027732081711292267,0.0045931595377624035,0.023016080260276794,2.456836045894306e-05
7197,0.02773209847509861,0.0045931702479720116,0.02301608957350254,2.4568003937019967e-05
7198,0.02773205190896988,0.004593160003423691,0.023016048595309258,2.456858055666089e-05
7199,0.02773205004632473,0.00459316885098815,0.023016031831502914,2.4569653760408983e-05
7200,0.027731992304325104,0.004593178629875183,0.02301597036421299,2.456880065437872e-05
7201,0.027731984853744507,0.004593181889504194,0.02301594987511635,2.4570679670432582e-05
7202,0.02773195505142212,0.004593187011778355,0.02301592007279396,2.4569884772063233e-05
7203,0.027731968089938164,0.00459318608045578,0.023015927523374557,2.4570779714849778e-05
7204,0.02773197367787361,0.004593187477439642,0.023015927523374557,2.457172558933962e-05
7205,0.02773192711174488,0.00459319120272994,0.023015880957245827,2.457084701745771e-05
7206,0.027731910347938538,0.004593192599713802,0.023015853017568588,2.45729461312294e-05
7207,0.027731936424970627,0.004593194928020239,0.023015882819890976,2.457178561598994e-05
7208,0.027731886133551598,0.00459320330992341,0.023015815764665604,2.457348455209285e-05
7209,0.027731850743293762,0.004593180492520332,0.02301580272614956,2.4573319024057128e-05
7210,0.027731886133551598,0.004593213554471731,0.023015804588794708,2.4573550035711378e-05
7211,0.02773185260593891,0.004593197256326675,0.023015782237052917,2.4574768758611754e-05
7212,0.027731863781809807,0.00459321727976203,0.02301577478647232,2.457416121615097e-05
7213,0.02773180976510048,0.004593235440552235,0.023015696555376053,2.457558184687514e-05
7214,0.02773180976510048,0.004593197256326675,0.023015735670924187,2.4575258066761307e-05
7215,0.027731753885746002,0.004593240562826395,0.02301563322544098,2.4576047508162446e-05
7216,0.0277317613363266,0.004593213554471731,0.023015664890408516,2.4576385840191506e-05
7217,0.02773178555071354,0.004593225661665201,0.02301567792892456,2.457657319610007e-05
7218,0.027731744572520256,0.004593249410390854,0.02301560714840889,2.4577440854045562e-05
7219,0.02773176319897175,0.004593221005052328,0.02301565557718277,2.4577189833507873e-05
7220,0.027731727808713913,0.004593249876052141,0.023015586659312248,2.4578468583058566e-05
7221,0.02773166447877884,0.004593234043568373,0.023015540093183517,2.4577935619163327e-05
7222,0.027731653302907944,0.004593238700181246,0.023015519604086876,2.457927621435374e-05
7223,0.02773166447877884,0.004593256860971451,0.02301551215350628,2.4579027012805454e-05
7224,0.027731651440262794,0.004593230783939362,0.023015521466732025,2.457985101500526e-05
7225,0.027731608599424362,0.00459326384589076,0.023015443235635757,2.458014751027804e-05
7226,0.02773161418735981,0.004593262914568186,0.023015448823571205,2.458055860188324e-05
7227,0.027731556445360184,0.004593245685100555,0.023015404120087624,2.4581411707913503e-05
7228,0.027731556445360184,0.004593269433826208,0.023015379905700684,2.4581331672379747e-05
7229,0.027731580659747124,0.0045932503417134285,0.023015420883893967,2.458221570122987e-05
7230,0.02773153781890869,0.004593285731971264,0.0230153389275074,2.458234303048812e-05
7231,0.02773152105510235,0.004593254532665014,0.023015351966023445,2.458287235640455e-05
7232,0.027731487527489662,0.004593275021761656,0.02301529422402382,2.4583428967162035e-05
7233,0.027731498703360558,0.004593287128955126,0.023015296086668968,2.4583259801147506e-05
7234,0.02773147262632847,0.00459327083081007,0.023015281185507774,2.4584342099842615e-05
7235,0.02773144096136093,0.004593291785567999,0.023015229031443596,2.4584100174251944e-05
7236,0.027731431648135185,0.004593270365148783,0.023015236482024193,2.458487870171666e-05
7237,0.0277313943952322,0.00459328992292285,0.023015176877379417,2.4585404389654286e-05
7238,0.027731403708457947,0.004593293648213148,0.023015184327960014,2.4585215214756317e-05
7239,0.02773139625787735,0.004593285266309977,0.023015176877379417,2.4586928702774458e-05
7240,0.02773135155439377,0.004593297839164734,0.02301512472331524,2.4585804567323066e-05
7241,0.027731334790587425,0.00459328293800354,0.023015111684799194,2.4587907319073565e-05
7242,0.02773134969174862,0.004593302961438894,0.023015111684799194,2.458706330799032e-05
7243,0.027731308713555336,0.004593316465616226,0.02301505208015442,2.4588161977590062e-05
7244,0.0277312770485878,0.004593300633132458,0.023015033453702927,2.4588343876530416e-05
7245,0.027731265872716904,0.004593329504132271,0.023014992475509644,2.458878225297667e-05
7246,0.02773130126297474,0.00459330715239048,0.02301504649221897,2.458935705362819e-05
7247,0.02773127518594265,0.00459332438185811,0.02301500365138054,2.4589598979218863e-05
7248,0.02773123048245907,0.004593325313180685,0.02301495335996151,2.4590224711573683e-05
7249,0.02773120440542698,0.004593320190906525,0.02301493100821972,2.459067036397755e-05
7250,0.02773120254278183,0.00459333835169673,0.023014908656477928,2.4590950488345698e-05
7251,0.027731215581297874,0.004593337420374155,0.023014921694993973,2.459143979649525e-05
7252,0.027731148526072502,0.004593343939632177,0.023014843463897705,2.4592027330072597e-05
7253,0.027731113135814667,0.004593342542648315,0.02301480993628502,2.459217284922488e-05
7254,0.027731113135814667,0.004593343008309603,0.02301480621099472,2.459294773871079e-05
7255,0.02773107774555683,0.004593349527567625,0.02301476150751114,2.459306597302202e-05
7256,0.02773107960820198,0.0045933471992611885,0.023014765232801437,2.459346978866961e-05
7257,0.02773107960820198,0.004593356978148222,0.023014750331640244,2.45942865149118e-05
7258,0.027731046080589294,0.004593350924551487,0.023014722391963005,2.459419374645222e-05
7259,0.027731018140912056,0.004593347664922476,0.023014694452285767,2.4595006834715605e-05
7260,0.027731014415621758,0.004593364428728819,0.023014672100543976,2.459540883137379e-05
7261,0.027730992063879967,0.004593367222696543,0.023014647886157036,2.459533243381884e-05
7262,0.027730993926525116,0.004593366291373968,0.023014644160866737,2.4596673029009253e-05
7263,0.02773098647594452,0.004593381658196449,0.023014625534415245,2.459595270920545e-05
7264,0.027730947360396385,0.00459336070343852,0.023014597594738007,2.45977225858951e-05
7265,0.027730919420719147,0.004593394231051207,0.02301454171538353,2.4596747607574798e-05
7266,0.027730878442525864,0.004593356978148222,0.023014528676867485,2.4598532036179677e-05
7267,0.027730882167816162,0.0045933956280350685,0.023014497011899948,2.4597977244411595e-05
7268,0.027730878442525864,0.004593373741954565,0.023014510050415993,2.4598890377092175e-05
7269,0.027730878442525864,0.004593393299728632,0.023014487698674202,2.459952338540461e-05
7270,0.02773088589310646,0.004593405406922102,0.023014483973383904,2.4599286916782148e-05
7271,0.02773081697523594,0.004593385849148035,0.023014428094029427,2.4600733013357967e-05
7272,0.027730870991945267,0.004593405406922102,0.023014463484287262,2.4600145479780622e-05
7273,0.027730818837881088,0.0045933970250189304,0.023014415055513382,2.460147334204521e-05
7274,0.0277307890355587,0.004593403544276953,0.023014379665255547,2.4601044060545973e-05
7275,0.027730783447623253,0.004593412857502699,0.023014359176158905,2.4602213670732453e-05
7276,0.027730712667107582,0.004593402147293091,0.02301429957151413,2.4602128178230487e-05
7277,0.027730727568268776,0.004593426361680031,0.023014286532998085,2.460283758409787e-05
7278,0.02773071452975273,0.004593405406922102,0.023014292120933533,2.4603230485809036e-05
7279,0.027730688452720642,0.004593424964696169,0.023014245554804802,2.4603665224276483e-05
7280,0.02773066610097885,0.004593424499034882,0.023014221340417862,2.4604134523542598e-05
7281,0.0277306716889143,0.00459343520924449,0.023014213889837265,2.460458199493587e-05
7282,0.027730632573366165,0.004593418911099434,0.023014189675450325,2.4604980353615247e-05
7283,0.027730604633688927,0.004593435674905777,0.023014141246676445,2.460553150740452e-05
7284,0.02773061953485012,0.004593415651470423,0.02301417477428913,2.4605780708952807e-05
7285,0.027730554342269897,0.004593443125486374,0.02301407791674137,2.46064955717884e-05
7286,0.027730625122785568,0.00459343520924449,0.023014158010482788,2.4606430088169873e-05
7287,0.02773059532046318,0.004593471996486187,0.02301408350467682,2.4607717932667583e-05
7288,0.027730543166399002,0.004593429155647755,0.02301407791674137,2.4607148588984273e-05
7289,0.027730541303753853,0.004593468736857176,0.02301402948796749,2.4608600142528303e-05
7290,0.027730530127882957,0.004593431018292904,0.02301405742764473,2.4608165404060856e-05
7291,0.027730487287044525,0.004593465942889452,0.023013975471258163,2.460938412696123e-05
7292,0.027730459347367287,0.00459346454590559,0.023013951256871223,2.4609067622805014e-05
7293,0.027730487287044525,0.0045934715308249,0.023013964295387268,2.4610282707726583e-05
7294,0.02773047238588333,0.0045934696681797504,0.023013953119516373,2.4609902538941242e-05
7295,0.027730446308851242,0.004593449644744396,0.023013940081000328,2.4611355911474675e-05
7296,0.027730382978916168,0.004593491554260254,0.02301383763551712,2.4610766558907926e-05
7297,0.027730416506528854,0.004593472927808762,0.023013882339000702,2.4612372726551257e-05
7298,0.027730412781238556,0.0045935045927762985,0.023013848811388016,2.4611725166323595e-05
7299,0.027730368077754974,0.004593480844050646,0.023013822734355927,2.4613083951408044e-05
7300,0.027730325236916542,0.004593484569340944,0.023013778030872345,2.4612714696559124e-05
7301,0.027730325236916542,0.00459349574521184,0.023013761267066002,2.4613904315629043e-05
7302,0.027730349451303482,0.004593492951244116,0.02301378920674324,2.461351868987549e-05
7303,0.027730310335755348,0.004593502264469862,0.023013733327388763,2.4614924768684432e-05
7304,0.027730263769626617,0.004593491554260254,0.023013701662421227,2.4614157155156136e-05
7305,0.02773025631904602,0.0045935059897601604,0.02301366999745369,2.4615828806417994e-05
7306,0.02773020789027214,0.0045934924855828285,0.023013640195131302,2.4615203074063174e-05
7307,0.027730202302336693,0.004593527410179377,0.023013591766357422,2.4616589143988676e-05
7308,0.027730217203497887,0.004593490622937679,0.02301364578306675,2.461617987137288e-05
7309,0.0277301874011755,0.0045935302041471004,0.02301356941461563,2.461754047544673e-05
7310,0.02773018553853035,0.004593502730131149,0.02301359921693802,2.4616849259473383e-05
7311,0.027730140835046768,0.004593531135469675,0.023013515397906303,2.461898111505434e-05
7312,0.027730101719498634,0.004593511112034321,0.023013506084680557,2.4617229428258725e-05
7313,0.027730118483304977,0.004593533929437399,0.023013481870293617,2.4620492695248686e-05
7314,0.027730092406272888,0.004593539051711559,0.023013465106487274,2.461760232108645e-05
7315,0.027730073779821396,0.004593522287905216,0.023013440892100334,2.4621891498100013e-05
7316,0.027730032801628113,0.0045935469679534435,0.023013394325971603,2.461817166476976e-05
7317,0.027730030938982964,0.004593533463776112,0.023013383150100708,2.4622961063869298e-05
7318,0.027729997411370277,0.004593557678163052,0.023013345897197723,2.4618764655315317e-05
7319,0.02773003838956356,0.004593530669808388,0.023013388738036156,2.4623883291496895e-05
7320,0.02773001231253147,0.004593573044985533,0.023013340309262276,2.4619703253847547e-05
7321,0.027729947119951248,0.0045935288071632385,0.023013295605778694,2.4624530851724558e-05
7322,0.027729950845241547,0.004593558143824339,0.023013288155198097,2.4620809199404903e-05
7323,0.027729934081435204,0.0045935469679534435,0.02301326021552086,2.462518932588864e-05
7324,0.02772991731762886,0.0045935711823403835,0.02301323600113392,2.4621964257676154e-05
7325,0.027729930356144905,0.004593559540808201,0.023013241589069366,2.4625904188724235e-05
7326,0.027729935944080353,0.004593581892549992,0.023013237863779068,2.4623375793453306e-05
7327,0.027729935944080353,0.004593581892549992,0.023013221099972725,2.4626468075439334e-05
7328,0.02772986702620983,0.004593563731759787,0.023013180121779442,2.4624505385872908e-05
7329,0.027729833498597145,0.004593599587678909,0.023013096302747726,2.462760494381655e-05
7330,0.02772982232272625,0.004593563731759787,0.02301313355565071,2.4625007426948287e-05
7331,0.02772977016866207,0.0045936028473079205,0.023013021796941757,2.462915472278837e-05
7332,0.027729786932468414,0.004593562800437212,0.023013100028038025,2.4624994694022462e-05
7333,0.027729785069823265,0.004593625199049711,0.023013003170490265,2.463124656060245e-05
7334,0.027729758992791176,0.004593561869114637,0.023013075813651085,2.4624256184324622e-05
7335,0.027729732915759087,0.00459363404661417,0.023012928664684296,2.4634055080241524e-05
7336,0.027729714289307594,0.0045935725793242455,0.023013025522232056,2.462298834871035e-05
7337,0.027729663997888565,0.004593631252646446,0.02301284484565258,2.463758755766321e-05
7338,0.02772967703640461,0.004593558143824339,0.02301301620900631,2.4620583644718863e-05
7339,0.02772967517375946,0.004593662917613983,0.02301279827952385,2.4642844437039457e-05
7340,0.027729634195566177,0.004593543242663145,0.023013008758425713,2.461643634887878e-05
7341,0.02772965095937252,0.0045936815440654755,0.023012718185782433,2.4650324121466838e-05
7342,0.02772960066795349,0.004593527410179377,0.023013025522232056,2.460977339069359e-05
7343,0.02772960066795349,0.004593734163790941,0.023012559860944748,2.4661545467097312e-05
7344,0.027729570865631104,0.004593484103679657,0.023013092577457428,2.4598894015070982e-05
7345,0.02772960253059864,0.0045938254334032536,0.02301238290965557,2.467888407409191e-05
7346,0.027729550376534462,0.00459338678047061,0.023013252764940262,2.458209200995043e-05
7347,0.027729514986276627,0.004593956749886274,0.02301202341914177,2.470683102728799e-05
7348,0.02772952988743782,0.0045932382345199585,0.023013513535261154,2.4555531126679853e-05
7349,0.027729561552405357,0.004594175610691309,0.02301161363720894,2.4754403057158925e-05
7350,0.027729621157050133,0.004593010526150465,0.023014036938548088,2.4514791221008636e-05
7351,0.02772965282201767,0.0045944685116410255,0.023010991513729095,2.4838616809574887e-05
7352,0.027729779481887817,0.004592639859765768,0.0230148546397686,2.4457069230265915e-05
7353,0.02772998809814453,0.004595003090798855,0.023010006174445152,2.4995861167553812e-05
7354,0.027730336412787437,0.004592028446495533,0.023016363382339478,2.4389073587371968e-05
7355,0.027730900794267654,0.004595875274389982,0.023008475080132484,2.5309906050097197e-05
7356,0.027731889858841896,0.004591026809066534,0.023019077256321907,2.4356922949664295e-05
7357,0.027733614668250084,0.004597447346895933,0.02300623245537281,2.5986841137637384e-05
7358,0.02773650549352169,0.004589403048157692,0.02302437834441662,2.454468449286651e-05
7359,0.02774142101407051,0.0046002864837646484,0.02300335094332695,2.755657260422595e-05
7360,0.027749812230467796,0.004586865659803152,0.023035116493701935,2.5565901523805223e-05
7361,0.027763713151216507,0.004605613183230162,0.023001328110694885,3.1354236853076145e-05
7362,0.0277863759547472,0.004583253525197506,0.023057524114847183,2.9119626560714096e-05
7363,0.027821596711874008,0.004615813959389925,0.02300529181957245,4.009839176433161e-05
7364,0.027871737256646156,0.004579200875014067,0.023102331906557083,3.804070729529485e-05
7365,0.027932271361351013,0.004634012933820486,0.023024721071124077,5.470736505230889e-05
7366,0.02798457257449627,0.004576012492179871,0.023166343569755554,4.84434531244915e-05
7367,0.027996333315968513,0.004656230565160513,0.023048369213938713,5.834664261783473e-05
7368,0.027945835143327713,0.004571012686938047,0.023180874064564705,3.878939969581552e-05
7369,0.027857596054673195,0.0046588885597884655,0.02302977256476879,3.378680412424728e-05
7370,0.027791989967226982,0.00456432718783617,0.023105144500732422,2.4503920940333046e-05
7371,0.027786564081907272,0.004637527279555798,0.023021629080176353,2.5481591364950873e-05
7372,0.027820199728012085,0.004577684681862593,0.023057270795106888,3.7048939702799544e-05
7373,0.027840284630656242,0.0046175504103302956,0.02306121028959751,3.2304647902492434e-05
7374,0.02781589701771736,0.004604242742061615,0.023037662729620934,3.479831502772868e-05
7375,0.027768418192863464,0.004594901110976934,0.02304978296160698,2.4746819690335542e-05
7376,0.027743179351091385,0.004613061901181936,0.02300824224948883,2.437483453832101e-05
7377,0.027756355702877045,0.0045785680413246155,0.02302621677517891,3.0314260584418662e-05
7378,0.02778249979019165,0.0046145124360919,0.023027794435620308,2.8038950404152274e-05
7379,0.027789240702986717,0.004588262643665075,0.023043448105454445,3.1505860533798113e-05
7380,0.027772624045610428,0.004614472854882479,0.023035824298858643,2.4465409296681173e-05
7381,0.027753574773669243,0.004594713449478149,0.023036330938339233,2.450589272484649e-05
7382,0.02774845063686371,0.004602298606187105,0.02300337702035904,2.8555061362567358e-05
7383,0.027752891182899475,0.0045885927975177765,0.023030899465084076,2.6679803340812214e-05
7384,0.02775418758392334,0.004601117689162493,0.02300444059073925,2.9726134016527794e-05
7385,0.02774864435195923,0.004592230077832937,0.023034047335386276,2.447328188281972e-05
7386,0.02774222381412983,0.004602597560733557,0.023016810417175293,2.4562910766690038e-05
7387,0.02774026244878769,0.004596318583935499,0.02300935611128807,2.69176180154318e-05
7388,0.02774212136864662,0.0045885927975177765,0.023027002811431885,2.530521851440426e-05
7389,0.02774454839527607,0.004606021102517843,0.023000119253993034,2.76815117103979e-05
7390,0.027744891121983528,0.004581778310239315,0.0230410099029541,2.4420467525487766e-05
7391,0.027742329984903336,0.004613908473402262,0.02300533652305603,2.4617223971290514e-05
7392,0.027737874537706375,0.0045824116095900536,0.023026693612337112,2.5753502995939925e-05
7393,0.027734369039535522,0.0046022613532841206,0.02300974912941456,2.4471726646879688e-05
7394,0.02773417718708515,0.004592729266732931,0.023011814802885056,2.5926448870450258e-05
7395,0.027736211195588112,0.0045915222726762295,0.023022625595331192,2.4412465791101567e-05
7396,0.02773650735616684,0.00460443552583456,0.023009207099676132,2.4572584152338095e-05
7397,0.027733858674764633,0.004586393013596535,0.023020969703793526,2.5299128537881188e-05
7398,0.02773144654929638,0.004601276479661465,0.0230083204805851,2.4369777747779153e-05
7399,0.02773229219019413,0.004589919466525316,0.023016633465886116,2.5148101485683583e-05
7400,0.0277349054813385,0.004597709514200687,0.023014385253190994,2.4562308681197464e-05
7401,0.02773537114262581,0.004595290403813124,0.023017311468720436,2.455372850818094e-05
7402,0.02773262746632099,0.004596162121742964,0.023011134937405586,2.5066074158530682e-05
7403,0.027729805558919907,0.004591216798871756,0.02301628142595291,2.4461245629936457e-05
7404,0.027729885652661324,0.004598280414938927,0.023007206618785858,2.487970959919039e-05
7405,0.027731722220778465,0.0045896959491074085,0.02301885187625885,2.4634806322865188e-05
7406,0.027732083573937416,0.004599275998771191,0.023009777069091797,2.4605918952147476e-05
7407,0.027730440720915794,0.004592397250235081,0.023014087229967117,2.4791466785245575e-05
7408,0.02772889845073223,0.004592673387378454,0.02301318198442459,2.4608401872683316e-05
7409,0.027729274705052376,0.004598050843924284,0.02300780825316906,2.468295679136645e-05
7410,0.027730751782655716,0.004588237032294273,0.023018987849354744,2.470534309395589e-05
7411,0.027731148526072502,0.00460124621167779,0.023006625473499298,2.4655642846482806e-05
7412,0.02773016132414341,0.004588426556438208,0.023018524050712585,2.4642144126119092e-05
7413,0.02772907353937626,0.0045976960100233555,0.02300744690001011,2.4786213543848135e-05
7414,0.02772906981408596,0.004592054057866335,0.023014221340417862,2.4559067242080346e-05
7415,0.027729647234082222,0.004594366531819105,0.0230112224817276,2.4811659386614338e-05
7416,0.027729766443371773,0.0045946822501719,0.023011907935142517,2.4635308363940567e-05
7417,0.02772919461131096,0.004593623336404562,0.023012477904558182,2.461850999679882e-05
7418,0.027728626504540443,0.004593478050082922,0.023010965436697006,2.4836444936227053e-05
7419,0.027728617191314697,0.0045946515165269375,0.023011326789855957,2.4527591449441388e-05
7420,0.02772885002195835,0.004592777695506811,0.023011909797787666,2.48323649429949e-05
7421,0.027729028835892677,0.004594674799591303,0.023011164739727974,2.4638004106236622e-05
7422,0.027728844434022903,0.004594098310917616,0.023011716082692146,2.4605758881079964e-05
7423,0.027728673070669174,0.0045923697762191296,0.02301200106739998,2.4860259145498276e-05
7424,0.02772865816950798,0.00459621986374259,0.02300984598696232,2.4518198188161477e-05
7425,0.027728721499443054,0.004590756259858608,0.023013785481452942,2.4835804651957005e-05
7426,0.02772870846092701,0.00459696538746357,0.023008529096841812,2.4642769858473912e-05
7427,0.0277286134660244,0.004591140430420637,0.02301446534693241,2.460163159412332e-05
7428,0.02772855944931507,0.004595730919390917,0.02300839126110077,2.488753671059385e-05
7429,0.027728542685508728,0.004592503421008587,0.023013487458229065,2.4510161892976612e-05
7430,0.027728453278541565,0.004594529513269663,0.02300949953496456,2.4884806407499127e-05
7431,0.02772838994860649,0.004593265242874622,0.02301209606230259,2.460541327309329e-05
7432,0.027728328481316566,0.004594400059431791,0.023010684177279472,2.464873432472814e-05
7433,0.027728313580155373,0.00459296116605401,0.02301124669611454,2.482121817592997e-05
7434,0.027728315442800522,0.004594739526510239,0.023010917007923126,2.453166598570533e-05
7435,0.027728306129574776,0.004592809360474348,0.023011192679405212,2.486074845364783e-05
7436,0.027728194370865822,0.004594560246914625,0.023010648787021637,2.459693860146217e-05
7437,0.027728114277124405,0.004593356512486935,0.023011373355984688,2.4677048713783734e-05
7438,0.027728158980607986,0.004593790974467993,0.023010481148958206,2.477735142747406e-05
7439,0.027728164568543434,0.004594138357788324,0.02301124669611454,2.455600770190358e-05
7440,0.027728168293833733,0.004593197256326675,0.02301075868308544,2.4842418497428298e-05
7441,0.027728090062737465,0.0045944624580442905,0.023010682314634323,2.4589255190221593e-05
7442,0.027728037908673286,0.004593176301568747,0.02301131561398506,2.47089392360067e-05
7443,0.027728024870157242,0.0045943413861095905,0.023010026663541794,2.4731614757911302e-05
7444,0.027728097513318062,0.0045933350920677185,0.023011822253465652,2.45879255089676e-05
7445,0.027728041633963585,0.004594292491674423,0.023009654134511948,2.4818891688482836e-05
7446,0.027728024870157242,0.004593197256326675,0.023011889308691025,2.4587558073108084e-05
7447,0.027727967128157616,0.004594598431140184,0.0230096448212862,2.4744698748691007e-05
7448,0.027727948501706123,0.004592824727296829,0.023011717945337296,2.4681035938556306e-05
7449,0.027727970853447914,0.004594986792653799,0.02300979569554329,2.4637476599309593e-05
7450,0.02772795408964157,0.004592567682266235,0.023011574521660805,2.476232657500077e-05
7451,0.027727976441383362,0.004595113452523947,0.02300979569554329,2.4613484129076824e-05
7452,0.02772792987525463,0.004592564422637224,0.023011688143014908,2.4735723854973912e-05
7453,0.027727920562028885,0.004595103207975626,0.02300945669412613,2.4672293875482865e-05
7454,0.027727920562028885,0.004592543002218008,0.023012086749076843,2.4657974790898152e-05
7455,0.027727918699383736,0.004595271777361631,0.0230089221149683,2.4745031623751856e-05
7456,0.027727937325835228,0.004592204932123423,0.02301262877881527,2.4620940166641958e-05
7457,0.027727948501706123,0.00459579611197114,0.023008380085229874,2.4754386686254293e-05
7458,0.02772795408964157,0.004591599106788635,0.023013148456811905,2.4641145500936545e-05
7459,0.027727985754609108,0.004596528131514788,0.02300790324807167,2.471080188115593e-05
7460,0.027728011831641197,0.004590900614857674,0.023013701662421227,2.4682076400495134e-05
7461,0.027728140354156494,0.004597287159413099,0.023007459938526154,2.4678440240677446e-05
7462,0.02772827260196209,0.00459021283313632,0.02301458828151226,2.4694127205293626e-05
7463,0.027728410437703133,0.004598201718181372,0.02300676330924034,2.4689124984433874e-05
7464,0.027728570625185966,0.004589267075061798,0.023015959188342094,2.466887053742539e-05
7465,0.027728896588087082,0.0045996238477528095,0.02300562523305416,2.4729637516429648e-05
7466,0.02772938460111618,0.004587734583765268,0.02301846444606781,2.4637087335577235e-05
7467,0.02773008868098259,0.004602023866027594,0.02300422079861164,2.4768705770839006e-05
7468,0.02773100510239601,0.004585375543683767,0.023022528737783432,2.4619948817417026e-05
7469,0.02773236855864525,0.004605764988809824,0.023002633824944496,2.479412069078535e-05
7470,0.027734316885471344,0.0045821089297533035,0.02302914671599865,2.4612345441710204e-05
7471,0.027737203985452652,0.004611413925886154,0.02300165593624115,2.482679337845184e-05
7472,0.027741285040974617,0.004577887710183859,0.023040391504764557,2.460089308442548e-05
7473,0.0277472585439682,0.004620064981281757,0.02300269529223442,2.489975668140687e-05
7474,0.027755793184041977,0.004572832491248846,0.0230600256472826,2.458698691043537e-05
7475,0.027767837047576904,0.004633549600839615,0.02300908975303173,2.50396133196773e-05
7476,0.02778429538011551,0.0045674643479287624,0.02309386618435383,2.459297866153065e-05
7477,0.027806058526039124,0.004653594922274351,0.02302613854408264,2.5264751457143575e-05
7478,0.02783256024122238,0.0045633758418262005,0.02314595691859722,2.4645392841193825e-05
7479,0.027861518785357475,0.0046780831180512905,0.02305559255182743,2.556835715950001e-05
7480,0.027886513620615005,0.00456197839230299,0.023200852796435356,2.473649146850221e-05
7481,0.0278983935713768,0.004692782182246447,0.023076457902789116,2.5830937374848872e-05
7482,0.02788715250790119,0.004561693873256445,0.02320166304707527,2.4758870495134033e-05
7483,0.027850737795233727,0.0046735480427742004,0.02304840087890625,2.5757852199603803e-05
7484,0.02779923751950264,0.004565160721540451,0.02311103790998459,2.460775249346625e-05
7485,0.027752943336963654,0.004624311346560717,0.023002415895462036,2.5243261916330084e-05
7486,0.027729196473956108,0.004587642382830381,0.02301885560154915,2.453967863402795e-05
7487,0.027732618153095245,0.0045840064994990826,0.02302495762705803,2.4730856239330024e-05
7488,0.027754051610827446,0.004625024739652872,0.023004498332738876,2.4905657483031973e-05
7489,0.027777455747127533,0.0045683602802455425,0.0230861846357584,2.458194830978755e-05
7490,0.027788672596216202,0.004645153880119324,0.023016363382339478,2.5431105314055458e-05
7491,0.027781818062067032,0.004567176103591919,0.02309175580739975,2.45771007030271e-05
7492,0.02776177227497101,0.004630021285265684,0.02300446853041649,2.5456558432779275e-05
7493,0.027740266174077988,0.0045781913213431835,0.02303958870470524,2.4497114281984977e-05
7494,0.02772839367389679,0.004599112551659346,0.023004433140158653,2.4969545847852714e-05
7495,0.02772977016866207,0.00460223201662302,0.023004300892353058,2.464782119204756e-05
7496,0.02773999609053135,0.00457853963598609,0.023038439452648163,2.4603405108791776e-05
7497,0.027750562876462936,0.004622765816748142,0.023002224043011665,2.5114515665336512e-05
7498,0.02775430865585804,0.004572679754346609,0.023058965802192688,2.4532446332159452e-05
7499,0.027749570086598396,0.004621978383511305,0.02300087921321392,2.5342485969304107e-05
7500,0.02773977629840374,0.004578214138746262,0.02303903177380562,2.4506038243998773e-05
7501,0.027730904519557953,0.004604214336723089,0.02300138957798481,2.5060080588446e-05
7502,0.027727266773581505,0.004593276884406805,0.023011021316051483,2.4593477064627223e-05
7503,0.027729379013180733,0.004586783703416586,0.02301913872361183,2.4691404178156517e-05
7504,0.02773452177643776,0.004609126131981611,0.023000793531537056,2.492051680746954e-05
7505,0.02773861773312092,0.004578773397952318,0.023037103936076164,2.4548182409489527e-05
7506,0.027739202603697777,0.004613795783370733,0.022999543696641922,2.5172434106934816e-05
7507,0.02773611806333065,0.004580214153975248,0.02303329110145569,2.4522625608369708e-05
7508,0.02773163467645645,0.0046054907143116,0.023000841960310936,2.5060371626750566e-05
7509,0.02772802673280239,0.004589005373418331,0.023016151040792465,2.4573706468800083e-05
7510,0.02772705629467964,0.004593057092279196,0.023010147735476494,2.4770228264969774e-05
7511,0.0277283675968647,0.00460027763620019,0.023004211485385895,2.4775918063824065e-05
7512,0.027730705216526985,0.004584766458719969,0.023023001849651337,2.4587434381828643e-05
7513,0.02773233875632286,0.004606704693287611,0.02300066500902176,2.4993729311972857e-05
7514,0.027732299640774727,0.004583080764859915,0.023026539012789726,2.4536049750167876e-05
7515,0.027730893343687057,0.004604732152074575,0.023001134395599365,2.5005374482134357e-05
7516,0.027728846296668053,0.004587218631058931,0.023018822073936462,2.4561384634580463e-05
7517,0.027727345004677773,0.004597396589815617,0.02300579659640789,2.4830103939166293e-05
7518,0.02772683836519718,0.004594427067786455,0.023009005934000015,2.468131970090326e-05
7519,0.027727361768484116,0.004590223543345928,0.023013858124613762,2.465619945724029e-05
7520,0.027728337794542313,0.004600593354552984,0.02300349436700344,2.4849972760421224e-05
7521,0.027729114517569542,0.0045866514556109905,0.0230195764452219,2.4577302610850893e-05
7522,0.027729235589504242,0.004602357279509306,0.023002224043011665,2.4930708605097607e-05
7523,0.027728738263249397,0.0045872279442846775,0.02301863208413124,2.457574737491086e-05
7524,0.02772788517177105,0.0045995526015758514,0.023003999143838882,2.4866825697245076e-05
7525,0.027727121487259865,0.004590896423906088,0.0230130385607481,2.463708551658783e-05
7526,0.02772667445242405,0.004594712518155575,0.02300826832652092,2.4738557840464637e-05
7527,0.027726761996746063,0.004595513921231031,0.023007523268461227,2.474482789693866e-05
7528,0.027727117761969566,0.004590686876326799,0.023013215512037277,2.464314275130164e-05
7529,0.027727514505386353,0.004598751198500395,0.023004580289125443,2.4836348529788665e-05
7530,0.027727706357836723,0.004588966723531485,0.023015696555376053,2.4608538296888582e-05
7531,0.027727635577321053,0.0045992666855454445,0.023004118353128433,2.485014556441456e-05
7532,0.02772735431790352,0.004589700605720282,0.023014528676867485,2.4624821890029125e-05
7533,0.027726970613002777,0.004597328137606382,0.023005682975053787,2.479180875525344e-05
7534,0.027726681903004646,0.0045921229757368565,0.023011162877082825,2.4679147827555425e-05
7535,0.027726557105779648,0.0045944261364638805,0.0230085551738739,2.4714921892154962e-05
7536,0.027726558968424797,0.004594943951815367,0.02300787717103958,2.47473617491778e-05
7537,0.027726680040359497,0.004591967444866896,0.023011399433016777,2.4662604118930176e-05
7538,0.027726801112294197,0.004596909042447805,0.023005925118923187,2.4793169359327294e-05
7539,0.02772694081068039,0.004590793512761593,0.02301291562616825,2.4646702513564378e-05
7540,0.027726903557777405,0.004597404506057501,0.023005519062280655,2.4795950594125316e-05
7541,0.02772677130997181,0.004591020755469799,0.023012446239590645,2.4661032512085512e-05
7542,0.0277266763150692,0.004596509039402008,0.023006344214081764,2.4764631234575063e-05
7543,0.027726538479328156,0.004592308774590492,0.02301075868308544,2.469410901539959e-05
7544,0.02772640436887741,0.004594915546476841,0.023007867857813835,2.472413507348392e-05
7545,0.02772640809416771,0.004593964666128159,0.023008789867162704,2.473060885677114e-05
7546,0.027726398780941963,0.004593340680003166,0.023009588941931725,2.4693679733900353e-05
7547,0.02772638201713562,0.0045953369699418545,0.023007264360785484,2.4756101993261836e-05
7548,0.02772645279765129,0.004592311102896929,0.0230107381939888,2.468061211402528e-05
7549,0.027726471424102783,0.0045960647985339165,0.023006591945886612,2.476289591868408e-05
7550,0.02772650308907032,0.004592013545334339,0.023011071607470512,2.468328057148028e-05
7551,0.027726441621780396,0.004596003796905279,0.02300667017698288,2.4753524485277012e-05
7552,0.02772638015449047,0.004592381417751312,0.02301051840186119,2.4696219043107703e-05
7553,0.027726318687200546,0.0045953853987157345,0.02300724945962429,2.4736742489039898e-05
7554,0.027726292610168457,0.004593153949826956,0.02300957404077053,2.4712973754503764e-05
7555,0.02772623300552368,0.00459451274946332,0.023008117452263832,2.4720633518882096e-05
7556,0.027726231142878532,0.004594048019498587,0.023008542135357857,2.472823871357832e-05
7557,0.027726177126169205,0.0045936740934848785,0.023008955642580986,2.4709568606340326e-05
7558,0.027726203203201294,0.00459479121491313,0.023007720708847046,2.4738093998166732e-05
7559,0.027726218104362488,0.004593112971633673,0.02300957962870598,2.4705093892407604e-05
7560,0.02772621437907219,0.0045952158980071545,0.023007288575172424,2.474181201250758e-05
7561,0.02772618643939495,0.004592888988554478,0.0230097696185112,2.470574327162467e-05
7562,0.02772616781294346,0.004595292266458273,0.023007171228528023,2.4740898879827e-05
7563,0.027726154774427414,0.004592960234731436,0.02300964668393135,2.4709330318728462e-05
7564,0.02772613801062107,0.004595085512846708,0.023007364943623543,2.4737524654483423e-05
7565,0.027726100757718086,0.004593269433826208,0.02300925739109516,2.4714601750019938e-05
7566,0.027726035565137863,0.004594712983816862,0.023007655516266823,2.4733359168749303e-05
7567,0.027726031839847565,0.004593686666339636,0.023008745163679123,2.47199168370571e-05
7568,0.027726037427783012,0.00459429481998086,0.02300809696316719,2.4729215510888025e-05
7569,0.027725981548428535,0.004594087600708008,0.02300826832652092,2.4725166440475732e-05
7570,0.027725981548428535,0.004593932069838047,0.023008422926068306,2.4725133698666468e-05
7571,0.027725981548428535,0.004594431724399328,0.023007897660136223,2.4730359655222856e-05
7572,0.02772597037255764,0.00459365826100111,0.02300870418548584,2.4721475710975938e-05
7573,0.027725985273718834,0.004594688303768635,0.023007623851299286,2.473496351740323e-05
7574,0.0277259424328804,0.004593505524098873,0.023008843883872032,2.4718970962567255e-05
7575,0.02772594429552555,0.004594787955284119,0.023007463663816452,2.4738495994824916e-05
7576,0.02772592008113861,0.004593455698341131,0.02300887554883957,2.4717499400139786e-05
7577,0.02772589586675167,0.004594797734171152,0.02300739474594593,2.4740686058066785e-05
7578,0.02772584930062294,0.004593485035002232,0.02300877869129181,2.471720836183522e-05
7579,0.027725841850042343,0.004594739526510239,0.02300739288330078,2.4741853849263862e-05
7580,0.0277258288115263,0.0045935711823403835,0.023008668795228004,2.4717779524507932e-05
7581,0.027725813910365105,0.00459463894367218,0.023007463663816452,2.4742123059695587e-05
7582,0.027725813910365105,0.00459369458258152,0.023008521646261215,2.4719367502257228e-05
7583,0.027725759893655777,0.004594536032527685,0.02300751768052578,2.4740995286265388e-05
7584,0.027725765481591225,0.0045938207767903805,0.023008331656455994,2.4722347006900236e-05
7585,0.02772570587694645,0.004594416823238134,0.023007594048976898,2.4738874344620854e-05
7586,0.027725743129849434,0.004593947436660528,0.023008165881037712,2.472580672474578e-05
7587,0.02772567793726921,0.004594303201884031,0.023007690906524658,2.4736669729463756e-05
7588,0.027725668624043465,0.004594074096530676,0.023007947951555252,2.472936103004031e-05
7589,0.027725685387849808,0.004594225436449051,0.02300778590142727,2.473462518537417e-05
7590,0.02772565744817257,0.004594157915562391,0.023007836192846298,2.473246058798395e-05
7591,0.027725649997591972,0.00459415465593338,0.0230078287422657,2.4733339159865864e-05
7592,0.02772563509643078,0.004594231490045786,0.023007730022072792,2.4734903490752913e-05
7593,0.027725618332624435,0.004594095051288605,0.023007860407233238,2.473255699442234e-05
7594,0.027725568041205406,0.004594298079609871,0.0230075865983963,2.473674794600811e-05
7595,0.027725575491786003,0.004594046156853437,0.023007867857813835,2.473236781952437e-05
7596,0.027725540101528168,0.004594359081238508,0.02300748974084854,2.473824679327663e-05
7597,0.02772555686533451,0.004593995865434408,0.023007899522781372,2.4732242309255525e-05
7598,0.02772551402449608,0.004594421945512295,0.02300739474594593,2.473966196703259e-05
7599,0.02772548235952854,0.004593953490257263,0.023007867857813835,2.4732169549679384e-05
7600,0.02772553637623787,0.004594476893544197,0.023007353767752647,2.474128814355936e-05
7601,0.027725474908947945,0.004593902267515659,0.023007914423942566,2.473190579621587e-05
7602,0.027725454419851303,0.004594544414430857,0.023007193580269814,2.47432581090834e-05
7603,0.027725430205464363,0.004593846388161182,0.02300792746245861,2.4731250960030593e-05
7604,0.027725432068109512,0.00459462171420455,0.02300708182156086,2.4745755581534468e-05
7605,0.027725394815206528,0.004593761637806892,0.023007981479167938,2.4730181394261308e-05
7606,0.02772539295256138,0.004594716709107161,0.02300693280994892,2.4748524083406664e-05
7607,0.02772536873817444,0.004593648482114077,0.023008078336715698,2.4728600692469627e-05
7608,0.02772536315023899,0.004594872239977121,0.023006731644272804,2.4752022000029683e-05
7609,0.027725402265787125,0.004593496676534414,0.023008272051811218,2.4726623450987972e-05
7610,0.027725350111722946,0.0045950948260724545,0.02300647459924221,2.4756200218689628e-05
7611,0.027725370600819588,0.004593255463987589,0.023008497431874275,2.4723565729800612e-05
7612,0.027725359424948692,0.004595398902893066,0.023006150498986244,2.4761990061961114e-05
7613,0.0277253370732069,0.004592911805957556,0.023008830845355988,2.471871266607195e-05
7614,0.027725379914045334,0.004595836158841848,0.023005690425634384,2.4770399249973707e-05
7615,0.02772538736462593,0.004592431243509054,0.023009400814771652,2.471103289281018e-05
7616,0.027725426480174065,0.004596457816660404,0.023005053400993347,2.4783310436760075e-05
7617,0.02772546373307705,0.004591720644384623,0.023010246455669403,2.4699409550521523e-05
7618,0.027725592255592346,0.004597409162670374,0.023004168644547462,2.4803091946523637e-05
7619,0.02772572450339794,0.00459068501368165,0.023011628538370132,2.4682152798050083e-05
7620,0.027725905179977417,0.004598819650709629,0.02300291508436203,2.4834431314957328e-05
7621,0.027726255357265472,0.004589134361594915,0.023013832047581673,2.4657772883074358e-05
7622,0.027726780623197556,0.004601035732775927,0.02300131693482399,2.4885524908313528e-05
7623,0.027727559208869934,0.004586837720125914,0.02301759459078312,2.4625451260362752e-05
7624,0.027728736400604248,0.004604569170624018,0.02299930900335312,2.4971895982162096e-05
7625,0.0277305506169796,0.004583444446325302,0.023024169728159904,2.458727794873994e-05
7626,0.027733344584703445,0.0046103401109576225,0.022997383028268814,2.5124227249762043e-05
7627,0.02773766592144966,0.0045786150731146336,0.02303626388311386,2.4557599317631684e-05
7628,0.027744272723793983,0.0046199606731534,0.022997278720140457,2.5406798158655874e-05
7629,0.027754420414566994,0.004572185222059488,0.02305932343006134,2.4582375772297382e-05
7630,0.027769731357693672,0.004636187106370926,0.023003779351711273,2.5952944270102307e-05
7631,0.027792319655418396,0.004564960487186909,0.023103436455130577,2.4784514607745223e-05
7632,0.02782435342669487,0.004662552382797003,0.02302679233253002,2.700178447412327e-05
7633,0.027866577729582787,0.0045596458949148655,0.02317994274199009,2.5397745048394427e-05
7634,0.027916209772229195,0.004698224365711212,0.023074083030223846,2.8780435968656093e-05
7635,0.02796216495335102,0.004558922257274389,0.0232706218957901,2.6523937776801176e-05
7636,0.027985410764813423,0.004720974713563919,0.023110773414373398,3.073252446483821e-05
7637,0.027964571490883827,0.004558406304568052,0.02326996438205242,2.724011937971227e-05
7638,0.027897346764802933,0.004687563981860876,0.02305636554956436,3.0683528166264296e-05
7639,0.02781066857278347,0.00456361984834075,0.023116569966077805,2.6095653083757497e-05
7640,0.027749182656407356,0.004615200217813253,0.022994298487901688,2.7936835977016017e-05
7641,0.02773943543434143,0.0046052332036197186,0.023011548444628716,2.453075285302475e-05
7642,0.027772381901741028,0.004574114456772804,0.023070482537150383,2.555705032136757e-05
7643,0.027813881635665894,0.004657826852053404,0.023033594712615013,2.4491941076121293e-05
7644,0.027828998863697052,0.004565982613712549,0.023138873279094696,2.4828528694342822e-05
7645,0.027805712074041367,0.004655011929571629,0.023025738075375557,2.499226866348181e-05
7646,0.027761664241552353,0.004571572877466679,0.023066826164722443,2.4653369109728374e-05
7647,0.027729582041502,0.004606312606483698,0.022998129948973656,2.5028059098985977e-05
7648,0.02772863209247589,0.004603901412338018,0.02300184965133667,2.457614209561143e-05
7649,0.027751024812459946,0.0045754131861031055,0.023050956428050995,2.493119791324716e-05
7650,0.02777293138206005,0.004637729376554489,0.023012323305010796,2.4575723728048615e-05
7651,0.02777516096830368,0.004570877645164728,0.023079397156834602,2.497742389095947e-05
7652,0.02775740437209606,0.004627961665391922,0.023006953299045563,2.4497974663972855e-05
7653,0.027735531330108643,0.004582622088491917,0.023026956245303154,2.5190362066496164e-05
7654,0.027726314961910248,0.004593645688146353,0.023010194301605225,2.4495004254276864e-05
7655,0.027733078226447105,0.004609881434589624,0.022995902225375175,2.5458824893576093e-05
7656,0.027745602652430534,0.004574919119477272,0.02304774895310402,2.458692506479565e-05
7657,0.027750957757234573,0.004625228233635426,0.022998811677098274,2.5383355023222975e-05
7658,0.0277447197586298,0.0045754085294902325,0.02304616943001747,2.462821612425614e-05
7659,0.02773286961019039,0.004610388074070215,0.022997699677944183,2.495649277989287e-05
7660,0.027725234627723694,0.00459058303385973,0.023010650649666786,2.4800157916615717e-05
7661,0.027726346626877785,0.004587840288877487,0.023015227168798447,2.4655862944200635e-05
7662,0.027732988819479942,0.00461052218452096,0.022996705025434494,2.5152345187962055e-05
7663,0.02773805893957615,0.0045780916698277,0.02303699404001236,2.4594808564870618e-05
7664,0.02773723192512989,0.004614550154656172,0.022996092215180397,2.531795144022908e-05
7665,0.02773171477019787,0.004582080990076065,0.023026777431368828,2.4571405447204597e-05
7666,0.027726400643587112,0.004600909538567066,0.02299964800477028,2.516892709536478e-05
7667,0.027725089341402054,0.0045957379043102264,0.023006441071629524,2.458224662404973e-05
7668,0.027727633714675903,0.004587086383253336,0.02301575243473053,2.4959097572718747e-05
7669,0.027730828151106834,0.004607611335813999,0.022999919950962067,2.465971374476794e-05
7670,0.027731599286198616,0.004582897759974003,0.023024454712867737,2.4849603505572304e-05
7671,0.027729423716664314,0.004606233444064856,0.02299961820244789,2.471431071171537e-05
7672,0.027726322412490845,0.004588131792843342,0.023014070466160774,2.4823872081469744e-05
7673,0.02772446535527706,0.004595655482262373,0.023005208000540733,2.472028245392721e-05
7674,0.02772488445043564,0.004598233848810196,0.02300248295068741,2.4833589122863486e-05
7675,0.027726607397198677,0.004587237723171711,0.02301572635769844,2.472883898008149e-05
7676,0.027727829292416573,0.004604416433721781,0.022999325767159462,2.481743103999179e-05
7677,0.027727624401450157,0.004586047027260065,0.02301773801445961,2.4767872673692182e-05
7678,0.0277261920273304,0.004601496737450361,0.023000936955213547,2.475157452863641e-05
7679,0.027724826708436012,0.004591185599565506,0.023009413853287697,2.484533251845278e-05
7680,0.027724353596568108,0.0045938557013869286,0.023007087409496307,2.4681952709215693e-05
7681,0.027724886313080788,0.004598343279212713,0.02300185151398182,2.4938264687079936e-05
7682,0.02772575616836548,0.004588440526276827,0.023014085367321968,2.464621684339363e-05
7683,0.0277261845767498,0.004601737018674612,0.02299950271844864,2.498900175851304e-05
7684,0.02772587724030018,0.004588183481246233,0.023014497011899948,2.4639375624246895e-05
7685,0.02772512659430504,0.00459921034052968,0.023001058027148247,2.4971603124868125e-05
7686,0.02772447280585766,0.004592164419591427,0.023009052500128746,2.465153011144139e-05
7687,0.027724334970116615,0.004594028927385807,0.023005692288279533,2.4922648663050495e-05
7688,0.027724614366889,0.00459705526009202,0.023004192858934402,2.4673467123648152e-05
7689,0.027724996209144592,0.004590485244989395,0.023010067641735077,2.488870632078033e-05
7690,0.027725184336304665,0.004599153529852629,0.02300260215997696,2.4685457901796326e-05
7691,0.02772502228617668,0.0045904540456831455,0.023010127246379852,2.4888408006518148e-05
7692,0.027724629268050194,0.004597380291670561,0.02300386130809784,2.4677388864802197e-05
7693,0.02772429771721363,0.004593193531036377,0.023006517440080643,2.491729537723586e-05
7694,0.027724221348762512,0.004593826364725828,0.023007094860076904,2.465977922838647e-05
7695,0.02772429585456848,0.004596507176756859,0.023003000766038895,2.495761691534426e-05
7696,0.027724534273147583,0.004591260105371475,0.023010049015283585,2.4645038138260134e-05
7697,0.02772464230656624,0.004598104860633612,0.023001592606306076,2.4988781660795212e-05
7698,0.02772461622953415,0.004590997938066721,0.023010442033410072,2.4635230147396214e-05
7699,0.027724452316761017,0.004597215913236141,0.02300221472978592,2.5004223061841913e-05
7700,0.027724318206310272,0.004592693876475096,0.023008491843938828,2.4626247977721505e-05
7701,0.027724256739020348,0.004595007281750441,0.023004163056612015,2.5017008738359436e-05
7702,0.027724357321858406,0.0045949663035571575,0.02300633303821087,2.4611652406747453e-05
7703,0.027724534273147583,0.004593204706907272,0.023006081581115723,2.504947769921273e-05
7704,0.02772466652095318,0.004596274811774492,0.023005465045571327,2.4585418941569515e-05
7705,0.02772483415901661,0.0045928508043289185,0.023006364703178406,2.5123896193690598e-05
7706,0.027724988758563995,0.004595960956066847,0.023006286472082138,2.4548338842578232e-05
7707,0.027725117281079292,0.004593924153596163,0.023004889488220215,2.5260889742639847e-05
7708,0.02772543951869011,0.00459445733577013,0.023008424788713455,2.4511606170563027e-05
7709,0.027725931257009506,0.004595746286213398,0.023002758622169495,2.5485513106104918e-05
7710,0.027726633474230766,0.004592842888087034,0.02301131561398506,2.4494753233739175e-05
7711,0.02772769145667553,0.0045974235981702805,0.02300107851624489,2.5838013243628666e-05
7712,0.02772904559969902,0.004591969307512045,0.023014424368739128,2.4530396331101656e-05
7713,0.027730943635106087,0.00459849089384079,0.02300046756863594,2.6396919565740973e-05
7714,0.02773347869515419,0.004592198878526688,0.023017849773168564,2.468607999617234e-05
7715,0.027737030759453773,0.004599177744239569,0.02300129272043705,2.7311987651046365e-05
7716,0.02774188295006752,0.004593345802277327,0.023023022338747978,2.5102830477408133e-05
7717,0.027748318389058113,0.004600318148732185,0.023003891110420227,2.8821797968703322e-05
7718,0.027756772935390472,0.004595137666910887,0.0230315662920475,2.6013638489530422e-05
7719,0.027767179533839226,0.004602729808539152,0.023008650168776512,3.115973231615499e-05
7720,0.02777908369898796,0.004597156774252653,0.02304399386048317,2.7586442229221575e-05
7721,0.027791136875748634,0.004606190603226423,0.023014666512608528,3.405594179639593e-05
7722,0.02780064567923546,0.004598503466695547,0.023055700585246086,2.9288139558047988e-05
7723,0.02780422382056713,0.004608250688761473,0.023017248138785362,3.574483343982138e-05
7724,0.027798600494861603,0.004597439430654049,0.023054778575897217,2.927628520410508e-05
7725,0.027783244848251343,0.004605583380907774,0.02301023341715336,3.348557947902009e-05
7726,0.027761757373809814,0.004594033118337393,0.02303479239344597,2.6586136300466023e-05
7727,0.027740811929106712,0.004599451553076506,0.02300080843269825,2.811026388371829e-05
7728,0.027727074921131134,0.0045926691964268684,0.0230118278414011,2.4515380573575385e-05
7729,0.02772369235754013,0.004595388192683458,0.023004744201898575,2.4712180675123818e-05
7730,0.027729110792279243,0.00459569925442338,0.0230029858648777,2.6085263016284443e-05
7731,0.027738649398088455,0.0045945714227855206,0.02301928773522377,2.49578934017336e-05
7732,0.02774699777364731,0.0045994981192052364,0.023003198206424713,2.8860175007139333e-05
7733,0.02775024250149727,0.004594085738062859,0.023027297109365463,2.5771912987693213e-05
7734,0.027747105807065964,0.004600112326443195,0.023001959547400475,2.900650360970758e-05
7735,0.027739420533180237,0.004592835437506437,0.02302105911076069,2.510516787879169e-05
7736,0.02773079089820385,0.00459783710539341,0.023000024259090424,2.658584162418265e-05
7737,0.02772490121424198,0.004592701327055693,0.02300955168902874,2.452947046549525e-05
7738,0.027723493054509163,0.004595565143972635,0.023004304617643356,2.4724773538764566e-05
7739,0.027725854888558388,0.004594685975462198,0.023003173992037773,2.55991308222292e-05
7740,0.027729980647563934,0.0045943730510771275,0.023012669757008553,2.458757080603391e-05
7741,0.02773323841392994,0.004597017541527748,0.023001452907919884,2.6953775886795484e-05
7742,0.027734121307730675,0.004593460820615292,0.023016706109046936,2.479071554262191e-05
7743,0.027732381597161293,0.0045977141708135605,0.023000523447990417,2.6828960471902974e-05
7744,0.027729017660021782,0.004592695739120245,0.02301345393061638,2.45736646320438e-05
7745,0.02772568352520466,0.0045968228951096535,0.023000862449407578,2.559974200266879e-05
7746,0.027723636478185654,0.004592921119183302,0.023007504642009735,2.4642222342663445e-05
7747,0.02772340551018715,0.004595535807311535,0.023004379123449326,2.4697770641068928e-05
7748,0.027724506333470345,0.00459431204944849,0.023003458976745605,2.5347300834255293e-05
7749,0.027726149186491966,0.004594461061060429,0.023009110242128372,2.4515678887837566e-05
7750,0.027727408334612846,0.0045958771370351315,0.02300173044204712,2.5960131097235717e-05
7751,0.027727577835321426,0.004593568854033947,0.02301132306456566,2.4537024728488177e-05
7752,0.027726884931325912,0.004596571903675795,0.0230010487139225,2.585258880571928e-05
7753,0.027725450694561005,0.004593015648424625,0.02300981804728508,2.4523538741050288e-05
7754,0.027724167332053185,0.00459629949182272,0.023001549765467644,2.5263776478823274e-05
7755,0.027723345905542374,0.004593178164213896,0.023006757721304893,2.4681852664798498e-05
7756,0.02772313728928566,0.004595539998263121,0.023003768175840378,2.476584995747544e-05
7757,0.027723470702767372,0.004594059195369482,0.023004096001386642,2.5063032808247954e-05
7758,0.02772407978773117,0.004594725091010332,0.02300652675330639,2.4565519197494723e-05
7759,0.027724595740437508,0.0045951115898787975,0.023002546280622482,2.5387444111402147e-05
7760,0.027724800631403923,0.004594001453369856,0.023008137941360474,2.4532197130611166e-05
7761,0.027724619954824448,0.004595758859068155,0.02300180494785309,2.541139292588923e-05
7762,0.027724236249923706,0.004593527410179377,0.023007923737168312,2.4557260985602625e-05
7763,0.027723712846636772,0.004595843143761158,0.023001981899142265,2.5177498173434287e-05
7764,0.02772325836122036,0.004593476187437773,0.023006485775113106,2.465935904183425e-05
7765,0.027723044157028198,0.004595546517521143,0.02300303429365158,2.4892737201298587e-05
7766,0.02772293984889984,0.004593856632709503,0.02300483174622059,2.4850220142980106e-05
7767,0.027723124250769615,0.004595066420733929,0.023004552349448204,2.470125946274493e-05
7768,0.027723295614123344,0.0045944503508508205,0.0230035912245512,2.505062730051577e-05
7769,0.027723444625735283,0.004594579804688692,0.0230057742446661,2.4618368115625344e-05
7770,0.02772350236773491,0.004594956059008837,0.02300276979804039,2.515540472813882e-05
7771,0.02772349677979946,0.004594174679368734,0.023006290197372437,2.4606215447420254e-05
7772,0.02772335149347782,0.004595269914716482,0.02300245314836502,2.5125455067609437e-05
7773,0.027723213657736778,0.004593923222273588,0.023006077855825424,2.4642427888466045e-05
7774,0.027723031118512154,0.004595356062054634,0.023002654314041138,2.500397022231482e-05
7775,0.027722861617803574,0.004593871533870697,0.023005375638604164,2.4722778107388876e-05
7776,0.02772280015051365,0.00459527550265193,0.02300320193171501,2.486436096660327e-05
7777,0.0277227945625782,0.0045940326526761055,0.023004602640867233,2.4831884729792364e-05
7778,0.027722816914319992,0.004595089238137007,0.023003939539194107,2.4757660867180675e-05
7779,0.027722815051674843,0.004594271536916494,0.023003868758678436,2.4935028704931028e-05
7780,0.027722913771867752,0.004594850353896618,0.023004574701189995,2.46979616349563e-05
7781,0.027722904458642006,0.004594558384269476,0.023003358393907547,2.4997376385726966e-05
7782,0.02772289700806141,0.004594592377543449,0.023004909977316856,2.4678995032445528e-05
7783,0.02772289514541626,0.004594810307025909,0.02300305850803852,2.5005110728670843e-05
7784,0.027722802013158798,0.004594374913722277,0.02300497516989708,2.4690489226486534e-05
7785,0.027722802013158798,0.004594977013766766,0.02300298772752285,2.496772685844917e-05
7786,0.02772274985909462,0.004594244994223118,0.023004882037639618,2.4724859031266533e-05
7787,0.02772265300154686,0.004595100414007902,0.02300301380455494,2.4907581973820925e-05
7788,0.027722634375095367,0.004594169557094574,0.023004597052931786,2.477354610164184e-05
7789,0.027722595259547234,0.004595128819346428,0.02300323359668255,2.484653305145912e-05
7790,0.02772255428135395,0.004594188183546066,0.023004237562417984,2.4825740183587186e-05
7791,0.02772250771522522,0.004595085512846708,0.023003434762358665,2.4797411242616363e-05
7792,0.027722535654902458,0.004594281315803528,0.023003898561000824,2.4870985726010986e-05
7793,0.027722517028450966,0.004594988655298948,0.023003702983260155,2.476513327565044e-05
7794,0.027722544968128204,0.004594393540173769,0.02300364337861538,2.4901599317672662e-05
7795,0.027722537517547607,0.004594872239977121,0.023003920912742615,2.4748833311605267e-05
7796,0.027722502127289772,0.004594539757817984,0.023003382608294487,2.4915872927522287e-05
7797,0.027722487226128578,0.004594758152961731,0.02300400473177433,2.4744937036302872e-05
7798,0.027722472324967384,0.004594655707478523,0.023003235459327698,2.4916271286201663e-05
7799,0.027722453698515892,0.004594658967107534,0.023004043847322464,2.4750032025622204e-05
7800,0.02772243693470955,0.004594746045768261,0.02300315350294113,2.4907240003813058e-05
7801,0.027722425758838654,0.0045945788733661175,0.023004041984677315,2.4760805899859406e-05
7802,0.027722381055355072,0.004594837315380573,0.023003077134490013,2.4893161025829613e-05
7803,0.027722371742129326,0.004594501573592424,0.023003999143838882,2.477442285453435e-05
7804,0.02772233635187149,0.004594908095896244,0.023003041744232178,2.4877586838556454e-05
7805,0.027722304686903954,0.004594454076141119,0.02300390601158142,2.4788882001303136e-05
7806,0.0277223140001297,0.004594967234879732,0.02300303429365158,2.4862541977199726e-05
7807,0.027722278609871864,0.004594406113028526,0.02300385758280754,2.480283728800714e-05
7808,0.027722230181097984,0.004595011007040739,0.023002970963716507,2.4849408873706125e-05
7809,0.027722209692001343,0.004594355821609497,0.023003779351711273,2.481508818164002e-05
7810,0.02772221900522709,0.0045950692147016525,0.023002956062555313,2.4838795070536435e-05
7811,0.027722235769033432,0.0045943292789161205,0.023003777489066124,2.4825551008689217e-05
7812,0.027722205966711044,0.004595134872943163,0.02300291880965233,2.483056414348539e-05
7813,0.027722207829356194,0.004594277124851942,0.02300375886261463,2.4834153009578586e-05
7814,0.027722137048840523,0.004595189820975065,0.023002825677394867,2.4824286811053753e-05
7815,0.0277221892029047,0.004594228696078062,0.023003755137324333,2.4841016056598164e-05
7816,0.027722131460905075,0.004595255944877863,0.023002777248620987,2.4819739337544888e-05
7817,0.027722151950001717,0.004594166297465563,0.023003753274679184,2.4846402084222063e-05
7818,0.027722101658582687,0.0045953611843287945,0.023002656176686287,2.4816634322633035e-05
7819,0.027722079306840897,0.004594066180288792,0.02300375886261463,2.4850685804267414e-05
7820,0.027722137048840523,0.004595497157424688,0.023002570495009422,2.4813893105601892e-05
7821,0.027722077444195747,0.004593954421579838,0.023003850132226944,2.485475124558434e-05
7822,0.027722099795937538,0.0045956578105688095,0.02300238609313965,2.481116280250717e-05
7823,0.027722075581550598,0.0045937541872262955,0.02300402522087097,2.4859135010046884e-05
7824,0.027722077444195747,0.004595890175551176,0.023002145811915398,2.480813054717146e-05
7825,0.02772204950451851,0.004593484569340944,0.02300424501299858,2.486397534084972e-05
7826,0.027722036466002464,0.004596251994371414,0.023001760244369507,2.4804698114166968e-05
7827,0.02772206999361515,0.004593098536133766,0.023004624992609024,2.4869472326827236e-05
7828,0.027722127735614777,0.004596760030835867,0.02300136536359787,2.480026705597993e-05
7829,0.027722187340259552,0.004592554178088903,0.023005250841379166,2.4876224415493198e-05
7830,0.027722248807549477,0.004597492981702089,0.02300078421831131,2.47943007707363e-05
7831,0.027722295373678207,0.004591772798448801,0.023006096482276917,2.4885155653464608e-05
7832,0.02772248163819313,0.004598566796630621,0.02299998514354229,2.478593341947999e-05
7833,0.027722744271159172,0.004590639844536781,0.02300761640071869,2.4897421099012718e-05
7834,0.027723019942641258,0.004600185435265303,0.02299896441400051,2.4773804398137145e-05
7835,0.02772350236773491,0.004588997922837734,0.02300993539392948,2.4913833840400912e-05
7836,0.027724241837859154,0.0046026757918298244,0.02299777790904045,2.4757382561801933e-05
7837,0.027725284919142723,0.004586637485772371,0.023013968020677567,2.4935943656601012e-05
7838,0.027726856991648674,0.004606594797223806,0.022996587678790092,2.4734823455219157e-05
7839,0.027729151770472527,0.004583308007568121,0.023021016269922256,2.496530578355305e-05
7840,0.027732640504837036,0.004612916614860296,0.0229962021112442,2.4704355382709764e-05
7841,0.02773781679570675,0.004578819498419762,0.023033980280160904,2.500356458767783e-05
7842,0.027745552361011505,0.0046232896856963634,0.022998936474323273,2.4665219825692475e-05
7843,0.027756841853260994,0.004573389422148466,0.023058203980326653,2.5049674150068313e-05
7844,0.02777310647070408,0.004640195984393358,0.023009812459349632,2.4619583200546913e-05
7845,0.027795765548944473,0.004568249918520451,0.023102032020688057,2.509647310944274e-05
7846,0.027825653553009033,0.00466586509719491,0.023036882281303406,2.458137350913603e-05
7847,0.027861203998327255,0.004565809387713671,0.02316979132592678,2.5120565624092706e-05
7848,0.02789727784693241,0.004695654846727848,0.02307862974703312,2.459841016388964e-05
7849,0.027922023087739944,0.004566262010484934,0.02323038876056671,2.5074708901229315e-05
7850,0.027921246364712715,0.004705104976892471,0.02309224382042885,2.4779610612313263e-05
7851,0.02788553200662136,0.004564356058835983,0.02319657802581787,2.4919423594838008e-05
7852,0.027823947370052338,0.004665983375161886,0.02303170971572399,2.5250910766771995e-05
7853,0.0277626421302557,0.004570064600557089,0.023069046437740326,2.4706223484827206e-05
7854,0.02772962860763073,0.004607848823070526,0.02299170382320881,2.6015221010311507e-05
7855,0.027734966948628426,0.004605398513376713,0.023006631061434746,2.458726885379292e-05
7856,0.027766117826104164,0.004579718690365553,0.02305147983133793,2.6983883799402975e-05
7857,0.027799004688858986,0.004644764121621847,0.02303064428269863,2.4719221983104944e-05
7858,0.027811888605356216,0.004576187580823898,0.023095745593309402,2.799117282847874e-05
7859,0.027798114344477654,0.004641735460609198,0.02303100749850273,2.507402496121358e-05
7860,0.027768831700086594,0.004582380410283804,0.023043684661388397,2.855316415661946e-05
7861,0.027744648978114128,0.004603293724358082,0.02301465906202793,2.5339202693430707e-05
7862,0.027739910408854485,0.004606654401868582,0.022991418838500977,2.8367438062559813e-05
7863,0.027753300964832306,0.00457469467073679,0.023051785305142403,2.536394640628714e-05
7864,0.02777099609375,0.004635755904018879,0.022995928302407265,2.7862088245456107e-05
7865,0.027778230607509613,0.004567414987832308,0.02308458834886551,2.5245652068406343e-05
7866,0.027769524604082108,0.00463607395067811,0.02299630641937256,2.7428781322669238e-05
7867,0.027751386165618896,0.0045737591572105885,0.023052535951137543,2.501843664504122e-05
7868,0.027736090123653412,0.004610480275005102,0.022990446537733078,2.7032596335629933e-05
7869,0.027731528505682945,0.004594305995851755,0.023013560101389885,2.4732515157666057e-05
7870,0.027736367657780647,0.004589017480611801,0.023014642298221588,2.6541398256085813e-05
7871,0.027742592617869377,0.004614508245140314,0.023005491122603416,2.4518565624020994e-05
7872,0.027743056416511536,0.004581524059176445,0.023031987249851227,2.5908913812600076e-05
7873,0.02773643657565117,0.004613790195435286,0.0230000838637352,2.45123101194622e-05
7874,0.02772730216383934,0.004585483577102423,0.02301560528576374,2.5242456104024313e-05
7875,0.027721723541617393,0.004598404746502638,0.02299940213561058,2.478326678101439e-05
7876,0.027722347527742386,0.0045986538752913475,0.022999929264187813,2.4753180696279742e-05
7877,0.027727089822292328,0.004587003495544195,0.023013927042484283,2.5231905965483747e-05
7878,0.02773146703839302,0.004608990624547005,0.02299979329109192,2.4536484488635324e-05
7879,0.02773229032754898,0.004585240036249161,0.023018885403871536,2.5632825781940483e-05
7880,0.027729636058211327,0.004605455324053764,0.023001588881015778,2.4518274585716426e-05
7881,0.027726011350750923,0.004591417033225298,0.023005487397313118,2.5821453164098784e-05
7882,0.02772415243089199,0.004593566991388798,0.02300770953297615,2.4575458155595697e-05
7883,0.02772492542862892,0.004602029453963041,0.022993862628936768,2.580649197625462e-05
7884,0.027727166190743446,0.00458478182554245,0.023019257932901382,2.4625272999401204e-05
7885,0.027728773653507233,0.004608873277902603,0.022991374135017395,2.5705321604618803e-05
7886,0.027728533372282982,0.004583199042826891,0.023022152483463287,2.4636414309497923e-05
7887,0.02772659994661808,0.004606370814144611,0.022992197424173355,2.5606381313991733e-05
7888,0.027724308893084526,0.004587880801409483,0.02301335707306862,2.4614222638774663e-05
7889,0.027722951024770737,0.0045984284952282906,0.022996902465820312,2.552427031332627e-05
7890,0.027722958475351334,0.004595526494085789,0.023004494607448578,2.4587585357949138e-05
7891,0.027723724022507668,0.004592016339302063,0.02300453744828701,2.5433873815927655e-05
7892,0.027724336832761765,0.004600547719746828,0.023000849410891533,2.4588123778812587e-05
7893,0.02772410772740841,0.004590235184878111,0.023007292300462723,2.531581230869051e-05
7894,0.02772316336631775,0.004599599167704582,0.02300041913986206,2.4628945539006963e-05
7895,0.027722004801034927,0.00459271902218461,0.023003391921520233,2.5178898795275018e-05
7896,0.027721306309103966,0.004594930447638035,0.023002885282039642,2.4698199922568165e-05
7897,0.02772127091884613,0.004597228020429611,0.02299877069890499,2.505447446310427e-05
7898,0.027721622958779335,0.004590867552906275,0.023006917908787727,2.476747613400221e-05
7899,0.027722032740712166,0.004600327927619219,0.02299685776233673,2.4969669539132155e-05
7900,0.02772209793329239,0.00458974065259099,0.023008296266198158,2.4812423362163827e-05
7901,0.02772180177271366,0.004599817097187042,0.022997330874204636,2.493088504706975e-05
7902,0.0277213454246521,0.004591566976159811,0.023005638271570206,2.482798845448997e-05
7903,0.027720913290977478,0.004596634767949581,0.022999661043286324,2.492351268301718e-05
7904,0.027720874175429344,0.00459493650123477,0.02300179749727249,2.4827790184644982e-05
7905,0.027720939368009567,0.004593325778841972,0.023002989590168,2.4924705940065905e-05
7906,0.027721157297492027,0.004597694147378206,0.022999310865998268,2.483040043443907e-05
7907,0.027721300721168518,0.004591729491949081,0.023004986345767975,2.4916816983022727e-05
7908,0.02772129327058792,0.004598291590809822,0.022998768836259842,2.4846423912094906e-05
7909,0.027721069753170013,0.004592235200107098,0.023004360496997833,2.4894716261769645e-05
7910,0.027720896527171135,0.0045968047343194485,0.02299971505999565,2.4875262170098722e-05
7911,0.027720710262656212,0.004594122059643269,0.0230022631585598,2.4865084924385883e-05
7912,0.027720671147108078,0.004594613332301378,0.023001523688435555,2.490697988832835e-05
7913,0.0277207363396883,0.004596144426614046,0.02300039678812027,2.483898788341321e-05
7914,0.02772083878517151,0.004593114368617535,0.023003069683909416,2.4931145162554458e-05
7915,0.027720915153622627,0.00459710881114006,0.022999688982963562,2.4823324565659277e-05
7916,0.027720827609300613,0.004592925775796175,0.02300318144261837,2.4944016331573948e-05
7917,0.027720807120203972,0.004596641752868891,0.02300007827579975,2.4817556550260633e-05
7918,0.027720704674720764,0.0045939283445477486,0.023002026602625847,2.4949820726760663e-05
7919,0.027720650658011436,0.004595257807523012,0.02300131879746914,2.481484079908114e-05
7920,0.02772059477865696,0.0045954324305057526,0.023000365123152733,2.4959628717624582e-05
7921,0.027720648795366287,0.004593763966113329,0.023002859205007553,2.4805040084174834e-05
7922,0.027720676735043526,0.004596739541739225,0.022999007254838943,2.4985854906844907e-05
7923,0.02772076055407524,0.004592829383909702,0.02300402894616127,2.4780494641163386e-05
7924,0.02772081084549427,0.004597351886332035,0.022998254746198654,2.504114127077628e-05
7925,0.02772088721394539,0.00459260493516922,0.023004591464996338,2.473802123859059e-05
7926,0.027720946818590164,0.0045973253436386585,0.022997913882136345,2.5141695005004294e-05
7927,0.027721116319298744,0.004592849873006344,0.023004865273833275,2.468055026838556e-05
7928,0.027721388265490532,0.004597095772624016,0.022997714579105377,2.5315453967778012e-05
7929,0.027721812948584557,0.0045930990017950535,0.02300560474395752,2.462181873852387e-05
7930,0.027722563594579697,0.004597255494445562,0.02299719676375389,2.56222156167496e-05
7931,0.027723606675863266,0.00459287641569972,0.023007720708847046,2.4601877157692797e-05
7932,0.02772529423236847,0.004598389379680157,0.02299593575298786,2.6193873054580763e-05
7933,0.027727868407964706,0.004591777455061674,0.023012414574623108,2.473526546964422e-05
7934,0.027731878682971,0.00460111303254962,0.02299414947628975,2.7323279937263578e-05
7935,0.02773808315396309,0.0045897806994616985,0.023021671921014786,2.532615326344967e-05
7936,0.027747521176934242,0.004606145899742842,0.022993220016360283,2.96309262921568e-05
7937,0.027761589735746384,0.004587225615978241,0.023038968443870544,2.70792625087779e-05
7938,0.02778177335858345,0.004614565055817366,0.02299627475440502,3.418665437493473e-05
7939,0.02780895121395588,0.004584920592606068,0.023068664595484734,3.107285374426283e-05
7940,0.027841541916131973,0.004626869224011898,0.023007025942206383,4.1529641748638824e-05
7941,0.027873190119862556,0.004583347588777542,0.02310633659362793,3.6701327189803123e-05
7942,0.027891304343938828,0.004638127516955137,0.02301797643303871,4.7040120989549905e-05
7943,0.027881668880581856,0.004580012988299131,0.023116938769817352,3.694345286930911e-05
7944,0.027840541675686836,0.004635393153876066,0.023005042225122452,4.002102650702e-05
7945,0.02778402529656887,0.00457586208358407,0.023068726062774658,2.7887588657904416e-05
7946,0.027740493416786194,0.004618058912456036,0.02298828400671482,2.683044112927746e-05
7947,0.027728432789444923,0.004584053996950388,0.023016871884465218,2.5501482014078647e-05
7948,0.027743902057409286,0.004601818043738604,0.023014435544610023,2.5529850972816348e-05
7949,0.027767011895775795,0.00460363132879138,0.023001454770565033,3.238506178604439e-05
7950,0.027777953073382378,0.004588642157614231,0.023047184571623802,2.842510730260983e-05
7951,0.027769576758146286,0.0046167983673512936,0.022992417216300964,3.207222471246496e-05
7952,0.027750564739108086,0.004578511696308851,0.02304389886558056,2.5630590243963525e-05
7953,0.027736274525523186,0.004618018865585327,0.02298934943974018,2.578141720732674e-05
7954,0.02773478999733925,0.00458019133657217,0.023027218878269196,2.547590520407539e-05
7955,0.027741720899939537,0.004611758049577475,0.023005791008472443,2.4834362193359993e-05
7956,0.02774658054113388,0.0045910985209047794,0.0230118278414011,2.8730932172038592e-05
7957,0.02774295024573803,0.004598525352776051,0.02301688864827156,2.550758836150635e-05
7958,0.027733420953154564,0.0046014036051929,0.022994475439190865,2.750833118625451e-05
7959,0.027726050466299057,0.004585930611938238,0.023016853258013725,2.4653407308505848e-05
7960,0.02772635407745838,0.004609298892319202,0.022992895916104317,2.483152820786927e-05
7961,0.027732424437999725,0.004583166912198067,0.02301994524896145,2.5862334950943477e-05
7962,0.027737632393836975,0.004611378535628319,0.023002944886684418,2.4661967472638935e-05
7963,0.02773674763739109,0.004586856812238693,0.02301538921892643,2.690024848561734e-05
7964,0.027730127796530724,0.004603823181241751,0.02300313673913479,2.463359669491183e-05
7965,0.027722924947738647,0.004592565353959799,0.023002468049526215,2.557832522143144e-05
7966,0.02771994099020958,0.004593718331307173,0.023001691326498985,2.490612314431928e-05
7967,0.027722325176000595,0.004600322339683771,0.022998854517936707,2.4629931431263685e-05
7968,0.027726782485842705,0.00458854204043746,0.023008249700069427,2.5997933335020207e-05
7969,0.027729332447052002,0.004605521447956562,0.023000817745923996,2.4598761228844523e-05
7970,0.027728179469704628,0.004587450530380011,0.02301114797592163,2.5916120648616925e-05
7971,0.027724655345082283,0.004604020621627569,0.022997507825493813,2.46251165663125e-05
7972,0.027721570804715157,0.004589202348142862,0.023007545620203018,2.496468550816644e-05
7973,0.027720779180526733,0.004598981235176325,0.022995401173830032,2.527944525354542e-05
7974,0.02772185206413269,0.004593829158693552,0.02300488017499447,2.4628739993204363e-05
7975,0.02772318571805954,0.004594456870108843,0.022999232634902,2.589948235254269e-05
7976,0.027723422273993492,0.004598360043019056,0.02300204709172249,2.460291034367401e-05
7977,0.027722502127289772,0.0045913830399513245,0.02300373837351799,2.5476021619397216e-05
7978,0.027721194550395012,0.004600247368216515,0.022997155785560608,2.475842302374076e-05
7979,0.02772071212530136,0.004590227268636227,0.0230063758790493,2.4821629267535172e-05
7980,0.027721121907234192,0.004599889274686575,0.022994402796030045,2.5365749024786055e-05
7981,0.027721796184778214,0.0045912559144198895,0.023007318377494812,2.464424687786959e-05
7982,0.02772199548780918,0.004598307888954878,0.022995203733444214,2.5696499506011605e-05
7983,0.02772144041955471,0.0045932685025036335,0.02300497144460678,2.4640175979584455e-05
7984,0.027720535174012184,0.004596061538904905,0.02299792878329754,2.5308692784165032e-05
7985,0.027719784528017044,0.00459526339545846,0.023000450804829597,2.4814075004542246e-05
7986,0.027719706296920776,0.004594015888869762,0.023001523688435555,2.4833485440467484e-05
7987,0.02772015705704689,0.004596961196511984,0.022997021675109863,2.5234745407942683e-05
7988,0.027720622718334198,0.004592753015458584,0.023004496470093727,2.4674860469531268e-05
7989,0.027720890939235687,0.004598012659698725,0.022995688021183014,2.543824302847497e-05
7990,0.02772069349884987,0.0045922561548650265,0.02300501987338066,2.4683293304406106e-05
7991,0.027720199897885323,0.0045980606228113174,0.022996103391051292,2.5207331418641843e-05
7992,0.02771984040737152,0.004592495504766703,0.0230032280087471,2.4823506464599632e-05
7993,0.027719669044017792,0.0045973435044288635,0.022997884079813957,2.4888129701139405e-05
7994,0.027719734236598015,0.004593496676534414,0.023000866174697876,2.5074366931221448e-05
7995,0.027719857171177864,0.004596121143549681,0.023000027984380722,2.4741670131334104e-05
7996,0.027719901874661446,0.004594860132783651,0.022999029606580734,2.520245107007213e-05
7997,0.027719853445887566,0.00459476001560688,0.023001380264759064,2.474280154274311e-05
7998,0.027719644829630852,0.004596132785081863,0.02299802377820015,2.5097773686866276e-05
7999,0.02771950140595436,0.004593632649630308,0.023001637309789658,2.4846216547302902e-05
8000,0.02771950513124466,0.004596984479576349,0.022997941821813583,2.491580744390376e-05
8001,0.02771957591176033,0.004593131598085165,0.02300146035850048,2.499687070667278e-05
8002,0.027719667181372643,0.004597227089107037,0.0229983888566494,2.4809876776998863e-05
8003,0.027719618752598763,0.004593222867697477,0.02300102822482586,2.5073297365452163e-05
8004,0.027719587087631226,0.004596891812980175,0.022998671978712082,2.4804574422887526e-05
8005,0.027719449251890182,0.004593757446855307,0.02300058677792549,2.5020828616106883e-05
8006,0.027719350531697273,0.004596190992742777,0.02299877256155014,2.487749770807568e-05
8007,0.027719326317310333,0.004594477359205484,0.023000286892056465,2.4912369553931057e-05
8008,0.027719277888536453,0.004595437552779913,0.022998932749032974,2.4981478418339975e-05
8009,0.027719303965568542,0.004595170728862286,0.022999949753284454,2.4836399461491965e-05
8010,0.027719317004084587,0.004594847094267607,0.022999264299869537,2.504117765056435e-05
8011,0.02771931141614914,0.004595689009875059,0.022999504581093788,2.482341369614005e-05
8012,0.027719328179955482,0.004594494588673115,0.022999752312898636,2.501630297047086e-05
8013,0.027719229459762573,0.00459595862776041,0.022998932749032974,2.4867900719982572e-05
8014,0.027719173580408096,0.004594313446432352,0.023000162094831467,2.493964711902663e-05
8015,0.02771916054189205,0.004596057813614607,0.022998377680778503,2.4944887627498247e-05
8016,0.027719182893633842,0.004594271536916494,0.02300056256353855,2.4869692424545065e-05
8017,0.02771918661892414,0.004596085287630558,0.022998053580522537,2.5009734599734657e-05
8018,0.02771919034421444,0.00459429481998086,0.023000704124569893,2.483828939148225e-05
8019,0.027719181030988693,0.004596053622663021,0.022998005151748657,2.5024244678206742e-05
8020,0.02771918475627899,0.004594346042722464,0.023000596091151237,2.484860124241095e-05
8021,0.027719158679246902,0.004596014507114887,0.022998197004199028,2.4989243684103712e-05
8022,0.02771904319524765,0.00459440378472209,0.023000195622444153,2.4888657208066434e-05
8023,0.027719035744667053,0.004595926962792873,0.022998426109552383,2.4936309273471124e-05
8024,0.027719052508473396,0.0045945183373987675,0.022999849170446396,2.493707143003121e-05
8025,0.027719005942344666,0.004595802165567875,0.02299872785806656,2.4895505703170784e-05
8026,0.02771901711821556,0.004594683647155762,0.022999487817287445,2.4969089281512424e-05
8027,0.027719052508473396,0.004595618695020676,0.022999029606580734,2.4880808268790133e-05
8028,0.027718989178538322,0.004594879690557718,0.022999249398708344,2.4971957827801816e-05
8029,0.02771895006299019,0.00459545711055398,0.02299903705716133,2.4891198336263187e-05
8030,0.02771894261240959,0.004595066886395216,0.022999119013547897,2.4951179511845112e-05
8031,0.027718927711248398,0.004595286678522825,0.022999057546257973,2.4916780603234656e-05
8032,0.02771889790892601,0.004595227539539337,0.022999053820967674,2.492314342816826e-05
8033,0.027718840166926384,0.004595138132572174,0.022998981177806854,2.4944014512584545e-05
8034,0.02771885134279728,0.004595351405441761,0.022998986765742302,2.4902612494770437e-05
8035,0.027718843892216682,0.004595059435814619,0.022998984903097153,2.495995067874901e-05
8036,0.027718838304281235,0.0045954324305057526,0.02299892157316208,2.4896697141230106e-05
8037,0.027718812227249146,0.004594992846250534,0.022999024018645287,2.4959086658782326e-05
8038,0.02771877869963646,0.004595484118908644,0.022998766973614693,2.4905257305363193e-05
8039,0.027718795463442802,0.0045949737541377544,0.022999094799160957,2.4945275072241202e-05
8040,0.02771878056228161,0.004595538135617971,0.0229986272752285,2.492294879630208e-05
8041,0.02771875634789467,0.004594928119331598,0.022999197244644165,2.4926403057179414e-05
8042,0.02771875634789467,0.004595610778778791,0.02299843169748783,2.4942639356595464e-05
8043,0.027718722820281982,0.004594843368977308,0.02299932762980461,2.4910394131438807e-05
8044,0.027718761935830116,0.0045957183465361595,0.022998256608843803,2.4957520508905873e-05
8045,0.027718745172023773,0.004594756290316582,0.022999482229351997,2.490142287570052e-05
8046,0.027718694880604744,0.0045958529226481915,0.02299802005290985,2.49642034759745e-05
8047,0.027718670666217804,0.004594586323946714,0.022999582812190056,2.4900131393224e-05
8048,0.027718709781765938,0.004596077837049961,0.022997815161943436,2.496344495739322e-05
8049,0.0277186818420887,0.004594339057803154,0.022999823093414307,2.490403494448401e-05
8050,0.027718620374798775,0.004596360493451357,0.02299746498465538,2.495918670319952e-05
8051,0.027718687430024147,0.004594034515321255,0.02300010621547699,2.4909099010983482e-05
8052,0.027718668803572655,0.004596763290464878,0.02299712598323822,2.4956203560577706e-05
8053,0.02771867997944355,0.004593587014824152,0.023000536486506462,2.491129271220416e-05
8054,0.027718709781765938,0.004597337916493416,0.022996580228209496,2.495850458217319e-05
8055,0.027718719094991684,0.0045929476618766785,0.023001234978437424,2.490736915206071e-05
8056,0.02771882154047489,0.004598167724907398,0.022995805367827415,2.496938031981699e-05
8057,0.0277189202606678,0.004592030309140682,0.023002414032816887,2.489533471816685e-05
8058,0.027719059959053993,0.004599413368850946,0.022994685918092728,2.4992139515234157e-05
8059,0.027719371020793915,0.0045906538143754005,0.02300434559583664,2.487460369593464e-05
8060,0.027719739824533463,0.004601362626999617,0.022993220016360283,2.5031433324329555e-05
8061,0.027720309793949127,0.004588613752275705,0.02300747111439705,2.484511787770316e-05
8062,0.027721252292394638,0.0046044280752539635,0.02299133874475956,2.509729347366374e-05
8063,0.0277226772159338,0.00458558788523078,0.023013046011328697,2.48086653300561e-05
8064,0.027724774554371834,0.004609384573996067,0.022989341989159584,2.5209326850017533e-05
8065,0.027728009968996048,0.0045812055468559265,0.023022936657071114,2.477339694451075e-05
8066,0.027733011171221733,0.004617619328200817,0.022988345474004745,2.5408973669982515e-05
8067,0.027740688994526863,0.0045752255246043205,0.023041637614369392,2.476530607964378e-05
8068,0.027752337977290154,0.004631406161934137,0.02299201302230358,2.578379280748777e-05
8069,0.027769770473241806,0.004568013362586498,0.02307746559381485,2.485828554199543e-05
8070,0.027795173227787018,0.0046542431227862835,0.02300843968987465,2.6498159058974124e-05
8071,0.027830325067043304,0.0045616403222084045,0.023142630234360695,2.521082387829665e-05
8072,0.027875138446688652,0.004687882959842682,0.02304844744503498,2.7761669116443954e-05
8073,0.027924060821533203,0.004559473600238562,0.02323468029499054,2.5981136786867864e-05
8074,0.0279636662453413,0.004719344433397055,0.023097265511751175,2.9411157811409794e-05
8075,0.027972280979156494,0.004559835884720087,0.02327868901193142,2.6751269615488127e-05
8076,0.027933968231081963,0.004707288928329945,0.0230767372995615,2.9988186724949628e-05
8077,0.02785520814359188,0.0045603192411363125,0.023163767531514168,2.6224257453577593e-05
8078,0.027772411704063416,0.004639007151126862,0.02299322560429573,2.8035652576363645e-05
8079,0.02772650308907032,0.004587583243846893,0.023014796897768974,2.482476702425629e-05
8080,0.027732351794838905,0.00458175502717495,0.02302265353500843,2.5588811695342883e-05
8081,0.027770962566137314,0.004642513580620289,0.023003889247775078,2.4911762011470273e-05
8082,0.027806732803583145,0.004564839415252209,0.023117439821362495,2.4890970962587744e-05
8083,0.027812238782644272,0.004662547260522842,0.023018386214971542,2.6261035600327887e-05
8084,0.027784625068306923,0.004566132556647062,0.023093339055776596,2.5030423785210587e-05
8085,0.027746327221393585,0.004625273868441582,0.02298712730407715,2.678525743249338e-05
8086,0.027724791318178177,0.00459002610296011,0.02301093190908432,2.476656845828984e-05
8087,0.027730321511626244,0.00458507752045989,0.02301492728292942,2.606320231279824e-05
8088,0.02775067277252674,0.00462875934317708,0.022999145090579987,2.455369394738227e-05
8089,0.027764545753598213,0.004571246914565563,0.023067032918334007,2.525325726310257e-05
8090,0.02775966003537178,0.004636331927031279,0.02299882471561432,2.49007462116424e-05
8091,0.027740729972720146,0.004575326573103666,0.02304113656282425,2.485314689693041e-05
8092,0.02772350050508976,0.004608007613569498,0.02298843488097191,2.5411774913663976e-05
8093,0.027720095589756966,0.004597959108650684,0.022998787462711334,2.4669958293088712e-05
8094,0.02772943489253521,0.00458324421197176,0.02301805280148983,2.5627428840380162e-05
8095,0.02774062752723694,0.004621827509254217,0.02299581468105316,2.4596967705292627e-05
8096,0.027743231505155563,0.00457670958712697,0.023038942366838455,2.5515906600048766e-05
8097,0.027735484763979912,0.00461886590346694,0.022993259131908417,2.4671775463502854e-05
8098,0.02772432751953602,0.0045845648273825645,0.023013606667518616,2.5230971004930325e-05
8099,0.02771815098822117,0.004597451072186232,0.02299630083143711,2.4879620468709618e-05
8100,0.027720095589756966,0.004603052511811256,0.022992363199591637,2.493595820851624e-05
8101,0.027726339176297188,0.004582878202199936,0.023017821833491325,2.5127825210802257e-05
8102,0.02773057483136654,0.004615055862814188,0.02299177274107933,2.4749464500928298e-05
8103,0.027729351073503494,0.004581662360578775,0.023021146655082703,2.5308629119535908e-05
8104,0.027724262326955795,0.004607953131198883,0.022992780432105064,2.470579056534916e-05
8105,0.027719615027308464,0.0045910365879535675,0.02300187200307846,2.534130726417061e-05
8106,0.027718519791960716,0.004592824261635542,0.023001888766884804,2.476140252838377e-05
8107,0.027720719575881958,0.004604375455528498,0.022990263998508453,2.5216264475602657e-05
8108,0.027723414823412895,0.004584342706948519,0.023014776408672333,2.48593987635104e-05
8109,0.02772405743598938,0.0046093701384961605,0.022989585995674133,2.5020053726620972e-05
8110,0.027722278609871864,0.004585623275488615,0.023011740297079086,2.4982769900816493e-05
8111,0.027719557285308838,0.004602242261171341,0.022992953658103943,2.4872240828699432e-05
8112,0.027718011289834976,0.0045940768904984,0.022998366504907608,2.5113624360528775e-05
8113,0.02771834470331669,0.00459187850356102,0.0230023805052042,2.4817270968924277e-05
8114,0.027719875797629356,0.004603116773068905,0.022990791127085686,2.519388362998143e-05
8115,0.027721038088202477,0.004586717113852501,0.02301022782921791,2.4818578822305426e-05
8116,0.02772095799446106,0.004605135414749384,0.022989928722381592,2.51789406320313e-05
8117,0.027719752863049507,0.004588515497744083,0.023007024079561234,2.484287142578978e-05
8118,0.027718324214220047,0.004599619656801224,0.022993236780166626,2.5093711883528158e-05
8119,0.027717657387256622,0.004594901576638222,0.02299828641116619,2.489401595084928e-05
8120,0.027717968448996544,0.004592626355588436,0.02300034463405609,2.4999138986459002e-05
8121,0.02771868370473385,0.004600901622325182,0.022992931306362152,2.4970171580207534e-05
8122,0.027719248086214066,0.004589255433529615,0.023005347698926926,2.4928869606810622e-05
8123,0.027719099074602127,0.004601981956511736,0.022991904988884926,2.5042523702722974e-05
8124,0.027718544006347656,0.004590609576553106,0.023003511130809784,2.4884482627385296e-05
8125,0.027717895805835724,0.004598299507051706,0.022994181141257286,2.5083101718337275e-05
8126,0.02771761454641819,0.00459497282281518,0.022998325526714325,2.4863322323653847e-05
8127,0.027717744931578636,0.004593649413436651,0.022998662665486336,2.5086563255172223e-05
8128,0.027718117460608482,0.004598958883434534,0.02299482561647892,2.4866643798304722e-05
8129,0.0277183149009943,0.004591305740177631,0.023001693189144135,2.506350756448228e-05
8130,0.027718262746930122,0.0045998054556548595,0.02299400046467781,2.4891376597224735e-05
8131,0.027717964723706245,0.00459208944812417,0.02300073951482773,2.5027298761415295e-05
8132,0.027717653661966324,0.004597512539476156,0.02299549989402294,2.4928149287006818e-05
8133,0.027717458084225655,0.004594938829541206,0.022997578606009483,2.498802132322453e-05
8134,0.027717476710677147,0.004594376310706139,0.022998269647359848,2.4966318960650824e-05
8135,0.027717547491192818,0.004597686696797609,0.02299509197473526,2.4953955289674923e-05
8136,0.02771771140396595,0.004592567216604948,0.02300015278160572,2.4998018488986418e-05
8137,0.02771773375570774,0.004598570521920919,0.02299451269209385,2.4929939172579907e-05
8138,0.02771766483783722,0.00459282798692584,0.02299973927438259,2.501948256394826e-05
8139,0.02771748974919319,0.004597318824380636,0.022995583713054657,2.4917220798670314e-05
8140,0.027717379853129387,0.004594632424414158,0.022997593507170677,2.5030585675267503e-05
8141,0.027717331424355507,0.004595180507749319,0.022997580468654633,2.491416125849355e-05
8142,0.02771737240254879,0.004596687387675047,0.022995520383119583,2.5032833946170285e-05
8143,0.027717415243387222,0.004593565594404936,0.022999264299869537,2.4917142582125962e-05
8144,0.02771749347448349,0.0045977490954101086,0.022994602099061012,2.5028446543728933e-05
8145,0.027717430144548416,0.004593271296471357,0.022999543696641922,2.4922952434280887e-05
8146,0.027717366814613342,0.004597389604896307,0.0229948740452528,2.5020533939823508e-05
8147,0.027717256918549538,0.00459415465593338,0.022998452186584473,2.4929995561251417e-05
8148,0.02771723084151745,0.004596108105033636,0.02299606427550316,2.5011482648551464e-05
8149,0.027717184275388718,0.004595541395246983,0.022996952757239342,2.4937970010796562e-05
8150,0.027717169374227524,0.004594799596816301,0.022997356951236725,2.5002835172927007e-05
8151,0.02771723084151745,0.004596640355885029,0.022995859384536743,2.4946333724074066e-05
8152,0.027717191725969315,0.004594121128320694,0.02299809455871582,2.4995179046527483e-05
8153,0.027717219665646553,0.004596897400915623,0.02299555018544197,2.4954730179160833e-05
8154,0.027717160061001778,0.004594290163367987,0.02299792692065239,2.4988685254356824e-05
8155,0.027717135846614838,0.004596383310854435,0.02299594134092331,2.4962471798062325e-05
8156,0.027717052027583122,0.004595011472702026,0.02299712412059307,2.4983321054605767e-05
8157,0.027717065066099167,0.004595546051859856,0.022996673360466957,2.4968945581349544e-05
8158,0.027717042714357376,0.004595863167196512,0.022996284067630768,2.4979011868708767e-05
8159,0.02771705947816372,0.004594834521412849,0.022997353225946426,2.4974373445729725e-05
8160,0.027717022225260735,0.004596385173499584,0.022995758801698685,2.4975537598947994e-05
8161,0.027717042714357376,0.004594576079398394,0.022997573018074036,2.497886453056708e-05
8162,0.027717024087905884,0.004596423357725143,0.022995738312602043,2.4972663595690392e-05
8163,0.0277169868350029,0.004594773985445499,0.022997301071882248,2.4982535251183435e-05
8164,0.027716930955648422,0.004596035927534103,0.022996043786406517,2.4970186132122763e-05
8165,0.02771693281829357,0.004595266189426184,0.02299673482775688,2.498621506674681e-05
8166,0.027716955170035362,0.00459549343213439,0.022996623069047928,2.496780507499352e-05
8167,0.027716901153326035,0.004595815669745207,0.02299613505601883,2.4989818484755233e-05
8168,0.02771690860390663,0.004595067817717791,0.022997014224529266,2.496544038876891e-05
8169,0.02771691046655178,0.004596152808517218,0.022995788604021072,2.4993723855004646e-05
8170,0.027716869488358498,0.004594880621880293,0.02299717627465725,2.496246452210471e-05
8171,0.027716848999261856,0.004596211947500706,0.022995643317699432,2.4998867957037874e-05
8172,0.027716876938939095,0.004594967234879732,0.022997118532657623,2.4958188078016974e-05
8173,0.02771681547164917,0.004596031736582518,0.022995753213763237,2.5005932911881246e-05
8174,0.02771681547164917,0.004595212172716856,0.022996844723820686,2.495167609595228e-05
8175,0.027716780081391335,0.004595758859068155,0.02299594134092331,2.5016193831106648e-05
8176,0.02771679498255253,0.004595521371811628,0.022996563464403152,2.4942004529293627e-05
8177,0.027716759592294693,0.004595513921231031,0.022996090352535248,2.503102587070316e-05
8178,0.02771676890552044,0.004595720209181309,0.022996410727500916,2.4927867343649268e-05
8179,0.027716761454939842,0.0045953853987157345,0.02299611084163189,2.5052846467588097e-05
8180,0.027716737240552902,0.004595788661390543,0.022996410727500916,2.490775477781426e-05
8181,0.02771676331758499,0.004595418460667133,0.02299591526389122,2.5086081222980283e-05
8182,0.02771674655377865,0.004595676902681589,0.022996675223112106,2.4879080228856765e-05
8183,0.027716834098100662,0.004595622420310974,0.022995516657829285,2.5139082936220802e-05
8184,0.027716876938939095,0.004595456179231405,0.02299722284078598,2.483932075847406e-05
8185,0.02771695703268051,0.004595950711518526,0.0229948740452528,2.5226696379831992e-05
8186,0.027717119082808495,0.004595139063894749,0.022998042404651642,2.4787799702608027e-05
8187,0.027717288583517075,0.004596344195306301,0.02299405448138714,2.5377994461450726e-05
8188,0.02771768718957901,0.004594773985445499,0.02299925498664379,2.4731432858970948e-05
8189,0.027718251571059227,0.00459687877446413,0.02299311012029648,2.565286195022054e-05
8190,0.02771916054189205,0.004594395402818918,0.023001257330179214,2.4701656002434902e-05
8191,0.02772049978375435,0.0045976354740560055,0.022991951555013657,2.6182420697296038e-05
8192,0.027722680941224098,0.004593977704644203,0.0230046808719635,2.480438161001075e-05
8193,0.027726132422685623,0.0045988778583705425,0.02299095317721367,2.726007005549036e-05
8194,0.02773153968155384,0.0045936219394207,0.023011207580566406,2.534192390157841e-05
8195,0.027740010991692543,0.0046012247912585735,0.022991115227341652,2.9534259738284163e-05
8196,0.027752915397286415,0.0045936089009046555,0.023023992776870728,2.706270788621623e-05
8197,0.027771921828389168,0.004605691414326429,0.02299516275525093,3.4213357139378786e-05
8198,0.027798354625701904,0.004594646859914064,0.023047447204589844,3.125212242593989e-05
8199,0.027831563726067543,0.004613418132066727,0.023007038980722427,4.2221163312206045e-05
8200,0.02786586992442608,0.0045970119535923,0.0230804905295372,3.767350426642224e-05
8201,0.0278884656727314,0.004622260574251413,0.02302132174372673,4.897687176708132e-05
8202,0.027882663533091545,0.004596851300448179,0.02309321239590645,3.851998189929873e-05
8203,0.02784113399684429,0.00462205009534955,0.02301103249192238,4.1610212065279484e-05
8204,0.027779854834079742,0.004589563701301813,0.023049376904964447,2.8182786991237663e-05
8205,0.027731765061616898,0.004610212054103613,0.02298792079091072,2.6726182113634422e-05
8206,0.027720704674720764,0.004587245173752308,0.02300310507416725,2.6071207685163245e-05
8207,0.027742860838770866,0.004602720495313406,0.02300754189491272,2.6519623133935966e-05
8208,0.027772970497608185,0.004597270395606756,0.023000936955213547,3.4952379792230204e-05
8209,0.027784736827015877,0.004599773325026035,0.023035243153572083,2.994429087266326e-05
8210,0.02776907943189144,0.00460501853376627,0.02299865521490574,3.308089071651921e-05
8211,0.027739830315113068,0.004592542536556721,0.02302006259560585,2.544521339586936e-05
8212,0.027720492333173752,0.004604486282914877,0.022989865392446518,2.5227922378689982e-05
8213,0.02772282063961029,0.004588305484503508,0.022999858483672142,2.693139686016366e-05
8214,0.02773868292570114,0.004603867884725332,0.02300379052758217,2.620471059344709e-05
8215,0.0277502853423357,0.004592040088027716,0.02300051786005497,3.154532168991864e-05
8216,0.027746783569455147,0.004602196626365185,0.023012544959783554,2.6408079065731727e-05
8217,0.02773222140967846,0.004595866892486811,0.0229981429874897,2.7642563509289175e-05
8218,0.027719855308532715,0.0045967549085617065,0.022999262437224388,2.476760528224986e-05
8219,0.027718709781765938,0.00459726108238101,0.02299768291413784,2.4753078832873143e-05
8220,0.0277263130992651,0.004593429621309042,0.02299167588353157,2.8241573090781458e-05
8221,0.027733109891414642,0.004598509054630995,0.023004967719316483,2.5926407033693977e-05
8222,0.027732083573937416,0.004594133701175451,0.022993968799710274,2.879616840800736e-05
8223,0.027724923565983772,0.004598140716552734,0.02300233207643032,2.4890297936508432e-05
8224,0.027718478813767433,0.0045952387154102325,0.022996490821242332,2.534974191803485e-05
8225,0.02771775797009468,0.004596401937305927,0.02299264632165432,2.5741705030668527e-05
8226,0.027721835300326347,0.0045953490771353245,0.02300143614411354,2.501006929378491e-05
8227,0.027725394815206528,0.004596196115016937,0.022988973185420036,2.8044962164130993e-05
8228,0.027724863961338997,0.004594644531607628,0.023004230111837387,2.519774716347456e-05
8229,0.027720876038074493,0.004597599618136883,0.022990375757217407,2.658011180756148e-05
8230,0.027717225253582,0.004593399818986654,0.02299986593425274,2.4791816031211056e-05
8231,0.027716711163520813,0.00459861708804965,0.02299411967396736,2.479483009665273e-05
8232,0.027718858793377876,0.004592966288328171,0.022994376718997955,2.6303296181140468e-05
8233,0.027720851823687553,0.004597928375005722,0.022998381406068802,2.490834958734922e-05
8234,0.027720697224140167,0.004594406578689814,0.022992148995399475,2.682853300939314e-05
8235,0.02771860361099243,0.0045957425609230995,0.022999119013547897,2.474847133271396e-05
8236,0.027716586366295815,0.004596977028995752,0.02299271523952484,2.5379082217114046e-05
8237,0.027716191485524178,0.004593382589519024,0.022996913641691208,2.5178826035698876e-05
8238,0.02771732211112976,0.0045989081263542175,0.02299477718770504,2.4727240088395774e-05
8239,0.027718566358089447,0.004592343233525753,0.022995278239250183,2.6188959964201786e-05
8240,0.027718642726540565,0.004598991014063358,0.022995905950665474,2.474886605341453e-05
8241,0.0277175921946764,0.0045931232161819935,0.022995177656412125,2.585836591606494e-05
8242,0.02771635353565216,0.004597526043653488,0.022994844242930412,2.479682552802842e-05
8243,0.02771591581404209,0.004594841971993446,0.02299623005092144,2.4968720026663505e-05
8244,0.02771637588739395,0.004595824982970953,0.0229933001101017,2.5449997338000685e-05
8245,0.027717119082808495,0.00459617143496871,0.022997237741947174,2.4742019377299584e-05
8246,0.027717310935258865,0.004595044534653425,0.02299288846552372,2.5875660867313854e-05
8247,0.027716882526874542,0.004596339538693428,0.022996824234724045,2.474379652994685e-05
8248,0.027716195210814476,0.004595394711941481,0.022993803024291992,2.539944034651853e-05
8249,0.027715781703591347,0.004595644306391478,0.022995388135313988,2.494987529644277e-05
8250,0.02771582268178463,0.004596170037984848,0.022995242848992348,2.4881974240997806e-05
8251,0.02771621011197567,0.0045949979685246944,0.022994056344032288,2.543105983932037e-05
8252,0.027716435492038727,0.0045965369790792465,0.022996101528406143,2.4759383450145833e-05
8253,0.0277163814753294,0.004595045931637287,0.02299363911151886,2.553963531681802e-05
8254,0.027716048061847687,0.004596127197146416,0.02299591153860092,2.480204238963779e-05
8255,0.027715764939785004,0.0045957621186971664,0.022994112223386765,2.5178072974085808e-05
8256,0.027715642005205154,0.0045952582731842995,0.022995203733444214,2.5036064471350983e-05
8257,0.027715783566236496,0.004596637096256018,0.02299475483596325,2.487833990016952e-05
8258,0.02771597169339657,0.004594545345753431,0.02299480512738228,2.5324246962554753e-05
8259,0.027716021984815598,0.004597135819494724,0.022994855418801308,2.4805867724353448e-05
8260,0.02771591767668724,0.004594352096319199,0.02299497090280056,2.5318862753920257e-05
8261,0.02771574817597866,0.004597087856382132,0.022994277998805046,2.4876437237253413e-05
8262,0.02771560102701187,0.004594606347382069,0.02299559861421585,2.5079330953303725e-05
8263,0.02771558053791523,0.0045967199839651585,0.02299349382519722,2.5073339202208444e-05
8264,0.027715643867850304,0.004594978876411915,0.02299617975950241,2.4897261027945206e-05
8265,0.027715662494301796,0.004596436396241188,0.02299298346042633,2.524854426155798e-05
8266,0.02771572396159172,0.004595133941620588,0.022996319457888603,2.485389450157527e-05
8267,0.027715694159269333,0.004596451297402382,0.02299310825765133,2.5227045625797473e-05
8268,0.027715543285012245,0.004594985395669937,0.02299598604440689,2.4914290406741202e-05
8269,0.027715487405657768,0.004596771206706762,0.022993363440036774,2.507061253709253e-05
8270,0.027715498581528664,0.004594605416059494,0.02299567125737667,2.5044397261808626e-05
8271,0.027715541422367096,0.004597228951752186,0.02299359068274498,2.4944389224401675e-05
8272,0.027715565636754036,0.0045941611751914024,0.02299567684531212,2.5145413019345142e-05
8273,0.02771557681262493,0.004597664810717106,0.022993354126811028,2.4911218133638613e-05
8274,0.02771555632352829,0.0045937648974359035,0.022996142506599426,2.5129598725470714e-05
8275,0.027715541422367096,0.004598099272698164,0.022992631420493126,2.4961904273368418e-05
8276,0.027715545147657394,0.00459336070343852,0.022997017949819565,2.5033032216015272e-05
8277,0.027715593576431274,0.00459859287366271,0.022991681471467018,2.5063684006454423e-05
8278,0.027715690433979034,0.004592787008732557,0.02299816720187664,2.4947283236542717e-05
8279,0.02771585062146187,0.004599398002028465,0.022990699857473373,2.5150426154141314e-05
8280,0.02771594189107418,0.004591896664351225,0.022999471053481102,2.491489976819139e-05
8281,0.027716178447008133,0.004600662738084793,0.022989682853221893,2.5166471459669992e-05
8282,0.027716470882296562,0.004590525757521391,0.0230012945830822,2.493012470949907e-05
8283,0.027716871351003647,0.004602649714797735,0.02298860251903534,2.5123745217570104e-05
8284,0.02771752141416073,0.004588534589856863,0.023004142567515373,2.4968587240437046e-05
8285,0.027718398720026016,0.004605647176504135,0.022987358272075653,2.5078645194298588e-05
8286,0.027719780802726746,0.004585777409374714,0.023009043186903,2.4992306862259284e-05
8287,0.0277217049151659,0.0046102069318294525,0.022986089810729027,2.5081475541810505e-05
8288,0.027724549174308777,0.004582023713737726,0.023017646744847298,2.497596142347902e-05
8289,0.027728727087378502,0.004617286380380392,0.022985627874732018,2.5162587917293422e-05
8290,0.02773470990359783,0.004577112849801779,0.02303292788565159,2.493371175660286e-05
8291,0.027743419632315636,0.0046284436248242855,0.022988244891166687,2.534628401917871e-05
8292,0.02775586023926735,0.004571262747049332,0.023060018196702003,2.4915789254009724e-05
8293,0.027773182839155197,0.004645835608243942,0.02299909107387066,2.5651392206782475e-05
8294,0.027796177193522453,0.004565701819956303,0.023105595260858536,2.4976146960398182e-05
8295,0.027824897319078445,0.004670328926295042,0.023024188354611397,2.6076000722241588e-05
8296,0.027856556698679924,0.0045625558122992516,0.023168349638581276,2.513029903639108e-05
8297,0.027885107323527336,0.00469494704157114,0.02305755391716957,2.652151852089446e-05
8298,0.02789931371808052,0.004562036134302616,0.023210927844047546,2.5269995603593998e-05
8299,0.027888763695955276,0.004696363117545843,0.023059137165546417,2.665241845534183e-05
8300,0.027849460020661354,0.00456217909231782,0.023161502555012703,2.515587766538374e-05
8301,0.02779318206012249,0.004655999597162008,0.02300652116537094,2.6132242055609822e-05
8302,0.027742354199290276,0.004573987331241369,0.02304399386048317,2.4874354494386353e-05
8303,0.027717050164937973,0.004603233654052019,0.02298714406788349,2.5334724341519177e-05
8304,0.027722029015421867,0.004609641153365374,0.022987382486462593,2.5001101676025428e-05
8305,0.02774619869887829,0.0045747603289783,0.023046674206852913,2.4952818421297707e-05
8306,0.027771243825554848,0.004644494038075209,0.022998599335551262,2.5630073650972918e-05
8307,0.027781439945101738,0.0045675416477024555,0.023089086636900902,2.496254637662787e-05
8308,0.02777157351374626,0.004644807428121567,0.02299652434885502,2.6048370273201726e-05
8309,0.027748484164476395,0.004572416190057993,0.02305160090327263,2.4893397494452074e-05
8310,0.02772640436887741,0.004615007434040308,0.022982733324170113,2.5732855647220276e-05
8311,0.02771645411849022,0.004593119956552982,0.022999312728643417,2.480449984432198e-05
8312,0.02772081084549427,0.00458749383687973,0.023007526993751526,2.5158071366604418e-05
8313,0.027732575312256813,0.004619450308382511,0.02298744209110737,2.5136241674772464e-05
8314,0.027742013335227966,0.004575815051794052,0.02304163947701454,2.491190934961196e-05
8315,0.02774294838309288,0.004627611022442579,0.022986989468336105,2.5669576643849723e-05
8316,0.027735373005270958,0.004576774314045906,0.02303427644073963,2.4864317310857587e-05
8317,0.02772488445043564,0.004613333847373724,0.02298281155526638,2.57478477578843e-05
8318,0.02771761827170849,0.0045893024653196335,0.02300429344177246,2.4804354325169697e-05
8319,0.027716778218746185,0.004594333004206419,0.022995691746473312,2.5350425858050585e-05
8320,0.02772078849375248,0.004606909118592739,0.022989097982645035,2.4955919798230752e-05
8321,0.027725694701075554,0.004583495669066906,0.023017197847366333,2.5000113964779302e-05
8322,0.027727624401450157,0.0046153306029737,0.022985484451055527,2.536175998102408e-05
8323,0.027725700289011,0.00458199717104435,0.023019328713417053,2.487487654434517e-05
8324,0.0277213416993618,0.004609443247318268,0.022983921691775322,2.5595491024432704e-05
8325,0.027717381715774536,0.004588787909597158,0.023004470393061638,2.4824706997605972e-05
8326,0.02771579474210739,0.004597821738570929,0.022990860044956207,2.542235961300321e-05
8327,0.027716800570487976,0.0045998780988156796,0.022992515936493874,2.488123755028937e-05
8328,0.0277189202606678,0.0045894416980445385,0.023003939539194107,2.5107714463956654e-05
8329,0.027720384299755096,0.004607024136930704,0.022987715899944305,2.512892933737021e-05
8330,0.027720285579562187,0.004586867988109589,0.02300882339477539,2.491881423338782e-05
8331,0.02771870233118534,0.00460568955168128,0.02298613265156746,2.5375875338795595e-05
8332,0.02771669253706932,0.004589745309203863,0.02300270088016987,2.4849327019182965e-05
8333,0.027715347707271576,0.004599223379045725,0.022989215329289436,2.538179796829354e-05
8334,0.027715148404240608,0.0045960769057273865,0.0229947566986084,2.4862863938324153e-05
8335,0.02771589159965515,0.00459334347397089,0.022996585816144943,2.5192563043674454e-05
8336,0.02771683596074581,0.004601484630256891,0.02299037016928196,2.4996226784423925e-05
8337,0.027717284858226776,0.004590674303472042,0.02300157956779003,2.5006469513755292e-05
8338,0.027717024087905884,0.004602466709911823,0.022988609969615936,2.5189814550685696e-05
8339,0.02771618403494358,0.004591360222548246,0.023000270128250122,2.4910556021495722e-05
8340,0.027715303003787994,0.004599465522915125,0.02298940345644951,2.5286717573180795e-05
8341,0.0277146864682436,0.004594468977302313,0.022995758801698685,2.4891773136914708e-05
8342,0.027714645490050316,0.0045955590903759,0.022992953658103943,2.5226465368177742e-05
8343,0.027714962139725685,0.004598068539053202,0.022992152720689774,2.494826912879944e-05
8344,0.027715390548110008,0.0045931353233754635,0.02299678325653076,2.5094306693063118e-05
8345,0.02771567367017269,0.0045998417772352695,0.022990502417087555,2.5065904992516153e-05
8346,0.027715573087334633,0.0045928144827485085,0.022997818887233734,2.4988205041154288e-05
8347,0.027715256437659264,0.0045990408398211,0.022990358993411064,2.5171593733830377e-05
8348,0.027714869007468224,0.004594184458255768,0.02299598604440689,2.493977990525309e-05
8349,0.02771449275314808,0.004596746992319822,0.02299177460372448,2.519413646950852e-05
8350,0.027714375406503677,0.004596295766532421,0.022993341088294983,2.4947525162133388e-05
8351,0.02771439030766487,0.004594654776155949,0.02299405075609684,2.5136647309409454e-05
8352,0.027714550495147705,0.0045980000868439674,0.02299153059720993,2.500428308849223e-05
8353,0.027714693918824196,0.004593752324581146,0.022995665669441223,2.5055272999452427e-05
8354,0.027714792639017105,0.004598406609147787,0.02299097180366516,2.508268880774267e-05
8355,0.027714742347598076,0.004594109486788511,0.02299565263092518,2.4995779313030653e-05
8356,0.0277145616710186,0.004597504623234272,0.022991370409727097,2.5137595002888702e-05
8357,0.0277144405990839,0.0045952629297971725,0.022994309663772583,2.497370405762922e-05
8358,0.027714267373085022,0.00459602614864707,0.022992538288235664,2.514042535040062e-05
8359,0.02771422266960144,0.004596625454723835,0.022992655634880066,2.4988574296003208e-05
8360,0.027714155614376068,0.004594781436026096,0.022993871942162514,2.5100400307564996e-05
8361,0.027714239433407784,0.004597564693540335,0.022991515696048737,2.5031817131093703e-05
8362,0.02771429345011711,0.004594269674271345,0.022994782775640488,2.5048264433280565e-05
8363,0.0277143232524395,0.00459773326292634,0.022991174831986427,2.5083249056478962e-05
8364,0.027714265510439873,0.004594552796334028,0.022994665428996086,2.500921254977584e-05
8365,0.027714278548955917,0.004597165621817112,0.022991526871919632,2.5117353288806044e-05
8366,0.027714204043149948,0.0045953369699418545,0.022993896156549454,2.4994158593472093e-05
8367,0.027714140713214874,0.004596233833581209,0.02299230918288231,2.511956699891016e-05
8368,0.027714136987924576,0.004596273880451918,0.022992843762040138,2.5003735572681762e-05
8369,0.02771407552063465,0.004595340229570866,0.022993264719843864,2.5094081138377078e-05
8370,0.027714019641280174,0.004597024526447058,0.022991832345724106,2.5032521079992875e-05
8371,0.027714041993021965,0.004594804253429174,0.022993948310613632,2.5057661332539283e-05
8372,0.027714062482118607,0.00459735793992877,0.022991357371211052,2.506929376977496e-05
8373,0.02771402895450592,0.004594714380800724,0.022994184866547585,2.5025768991326913e-05
8374,0.02771400287747383,0.0045972480438649654,0.022991253063082695,2.5100149287027307e-05
8375,0.027713986113667488,0.00459500215947628,0.022993948310613632,2.5007235308294185e-05
8376,0.027713950723409653,0.0045968228951096535,0.02299155481159687,2.511445381969679e-05
8377,0.027713939547538757,0.00459550553932786,0.022993411868810654,2.5004608687595464e-05
8378,0.027713917195796967,0.004596295300871134,0.022992072626948357,2.5109909984166734e-05
8379,0.027713889256119728,0.004596058279275894,0.022992750629782677,2.501602648408152e-05
8380,0.027713872492313385,0.004595783539116383,0.022992631420493126,2.5091285351663828e-05
8381,0.02771385759115219,0.004596512299031019,0.022992156445980072,2.5037496016011573e-05
8382,0.027713850140571594,0.004595441743731499,0.022993076592683792,2.506640703359153e-05
8383,0.027713807299733162,0.00459675258025527,0.022991739213466644,2.5063027351279743e-05
8384,0.027713825926184654,0.004595294129103422,0.022993315011262894,2.5043351342901587e-05
8385,0.027713794261217117,0.0045968275517225266,0.022991538047790527,2.5085644665523432e-05
8386,0.027713820338249207,0.004595318343490362,0.022993365302681923,2.5027104129549116e-05
8387,0.02771380916237831,0.004596741404384375,0.022991564124822617,2.5100564016611315e-05
8388,0.027713734656572342,0.0045954505912959576,0.022993188351392746,2.5019222448463552e-05
8389,0.027713758870959282,0.0045965868048369884,0.022991642355918884,2.510586091375444e-05
8390,0.027713721618056297,0.0045956517569720745,0.022992972284555435,2.501927338016685e-05
8391,0.027713730931282043,0.004596414044499397,0.022991802543401718,2.5102697691181675e-05
8392,0.027713682502508163,0.004595833830535412,0.02299272082746029,2.5025805371114984e-05
8393,0.027713676914572716,0.004596262238919735,0.02299194410443306,2.5093935619224794e-05
8394,0.027713650837540627,0.0045959739945828915,0.02299249731004238,2.5035993530764244e-05
8395,0.027713660150766373,0.004596142563968897,0.022992102429270744,2.5082979846047238e-05
8396,0.027713630348443985,0.004596068523824215,0.022992325946688652,2.5047464077943005e-05
8397,0.027713626623153687,0.004596105311065912,0.02299216017127037,2.5072276912396774e-05
8398,0.02771359123289585,0.004596091341227293,0.0229922104626894,2.505779775674455e-05
8399,0.0277135968208313,0.004596132785081863,0.022992145270109177,2.506393320800271e-05
8400,0.027713576331734657,0.004596071317791939,0.022992176935076714,2.5065701265702955e-05
8401,0.027713557705283165,0.0045961737632751465,0.0229920893907547,2.505887096049264e-05
8402,0.027713552117347717,0.004595994483679533,0.0229922067373991,2.5070241463254206e-05
8403,0.027713553979992867,0.004596291575580835,0.022991975769400597,2.5057401217054576e-05
8404,0.027713539078831673,0.004595902748405933,0.02299227938055992,2.5071421987377107e-05
8405,0.027713514864444733,0.004596415441483259,0.022991802543401718,2.5059252948267385e-05
8406,0.02771352045238018,0.004595778416842222,0.022992396727204323,2.5068857212318107e-05
8407,0.027713550254702568,0.004596597980707884,0.02299162745475769,2.5064875444513746e-05
8408,0.02771352045238018,0.004595600068569183,0.022992607206106186,2.5062714485102333e-05
8409,0.02771352231502533,0.004596838261932135,0.02299131453037262,2.50738812610507e-05
8410,0.02771352231502533,0.0045953597873449326,0.022992895916104317,2.505347947590053e-05
8411,0.02771349810063839,0.004597158636897802,0.022990906611084938,2.5086508685490116e-05
8412,0.027713507413864136,0.004595037549734116,0.022993266582489014,2.504058284102939e-05
8413,0.027713630348443985,0.0045976038090884686,0.022990504279732704,2.5104307496803813e-05
8414,0.027713635936379433,0.004594611469656229,0.022993911057710648,2.50229404628044e-05
8415,0.027713773772120476,0.0045982361771166325,0.022989889606833458,2.5129793357336894e-05
8416,0.027713948860764503,0.004594033118337393,0.02299492061138153,2.499876427464187e-05
8417,0.027714179828763008,0.004599185660481453,0.02298915386199951,2.5168161300825886e-05
8418,0.02771458402276039,0.004593227058649063,0.022996531799435616,2.4965194825199433e-05
8419,0.027715139091014862,0.004600719083100557,0.022988278418779373,2.522830072848592e-05
8420,0.027715977281332016,0.004592154640704393,0.022999223321676254,2.491987106623128e-05
8421,0.027717258781194687,0.004603189881891012,0.022987429052591324,2.53279649768956e-05
8422,0.027719102799892426,0.004590810742229223,0.02300398238003254,2.4861970814527012e-05
8423,0.027721865102648735,0.004607268609106541,0.02298707701265812,2.550364297349006e-05
8424,0.02772594802081585,0.004589430522173643,0.023012511432170868,2.480111834302079e-05
8425,0.027731724083423615,0.004613997880369425,0.02298852428793907,2.5840439775492996e-05
8426,0.027739781886339188,0.004588528536260128,0.023027317598462105,2.478740680089686e-05
8427,0.02775050699710846,0.004624176304787397,0.022993575781583786,2.6550818802206777e-05
8428,0.02776373364031315,0.0045885141007602215,0.02305014431476593,2.5014949642354622e-05
8429,0.027778223156929016,0.004635730292648077,0.023001739755272865,2.8150619982625358e-05
8430,0.02779168076813221,0.004587443079799414,0.023073937743902206,2.60598990280414e-05
8431,0.02780122496187687,0.0046401903964579105,0.023003404960036278,3.1526036764262244e-05
8432,0.02780478447675705,0.004581518936902285,0.023079534992575645,2.874611527658999e-05
8433,0.02780296839773655,0.004631613846868277,0.022988654673099518,3.654001920949668e-05
8434,0.027797972783446312,0.004575911909341812,0.023062177002429962,3.1976622267393395e-05
8435,0.027791623026132584,0.004622801207005978,0.0229739248752594,3.8979127566562966e-05
8436,0.027783546596765518,0.004580322187393904,0.023047160357236862,3.121275221928954e-05
8437,0.027772342786192894,0.004624536260962486,0.022979997098445892,3.3561813324922696e-05
8438,0.027759164571762085,0.004584717098623514,0.02304399572312832,2.609048897284083e-05
8439,0.027749596163630486,0.004627718590199947,0.02299346961081028,2.568170748418197e-05
8440,0.02774878963828087,0.0045791189186275005,0.02303824946284294,2.628417314554099e-05
8441,0.027756214141845703,0.004628525581210852,0.022998634725809097,2.581067383289337e-05
8442,0.02776435948908329,0.004574667662382126,0.02302752062678337,3.2434389140689746e-05
8443,0.027764124795794487,0.004626007284969091,0.022996732965111732,2.8276641387492418e-05
8444,0.027751941233873367,0.00457758130505681,0.023014824837446213,3.190698771504685e-05
8445,0.027733681723475456,0.004614861216396093,0.022990968078374863,2.557024527050089e-05
8446,0.02771994285285473,0.004587081726640463,0.023003125563263893,2.594701982161496e-05
8447,0.02771647274494171,0.004601370543241501,0.022987063974142075,2.5607783754821867e-05
8448,0.02772054821252823,0.004597905557602644,0.022996678948402405,2.5192624889314175e-05
8449,0.027725279331207275,0.004592521116137505,0.022987885400652885,2.8974418455618434e-05
8450,0.02772625908255577,0.004602302331477404,0.022994833067059517,2.582481101853773e-05
8451,0.027724264189600945,0.004590735305100679,0.02299383096396923,2.7939529900322668e-05
8452,0.02772241272032261,0.0046035367995500565,0.02299495041370392,2.478523128957022e-05
8453,0.02772214449942112,0.004593677818775177,0.023001736029982567,2.5346025722683407e-05
8454,0.02772241085767746,0.0046048820950090885,0.022990306839346886,2.5444522179896012e-05
8455,0.027721649035811424,0.004591540899127722,0.023005634546279907,2.48946416832041e-05
8456,0.027720259502530098,0.004606362897902727,0.022982269525527954,2.6325500584789552e-05
8457,0.0277197677642107,0.004585794173181057,0.023009581491351128,2.4878465410438366e-05
8458,0.027720877900719643,0.004610802978277206,0.022980917245149612,2.5831430320977233e-05
8459,0.027722300961613655,0.0045842500403523445,0.023013673722743988,2.48757642111741e-05
8460,0.027722032740712166,0.004612586926668882,0.02298298478126526,2.5292049031122588e-05
8461,0.027719646692276,0.004585727117955685,0.023008933290839195,2.4997287255246192e-05
8462,0.027716385200619698,0.0046067493967711926,0.022983640432357788,2.5198914954671636e-05
8463,0.027714278548955917,0.00458992924541235,0.022999439388513565,2.498166031728033e-05
8464,0.027714047580957413,0.004600122570991516,0.02298766002058983,2.5252931663999334e-05
8465,0.02771494910120964,0.004595884121954441,0.022994063794612885,2.5000601453939453e-05
8466,0.027715515345335007,0.004596870392560959,0.022993167862296104,2.5095279852394015e-05
8467,0.027715174481272697,0.004598073195666075,0.022990910336375237,2.523791954445187e-05
8468,0.02771436609327793,0.004595715552568436,0.02299434505403042,2.4861001293174922e-05
8469,0.027713879942893982,0.004596850369125605,0.022988678887486458,2.5670340619399212e-05
8470,0.027713721618056297,0.004596067126840353,0.0229935459792614,2.4821589249768294e-05
8471,0.027713695541024208,0.0045965369790792465,0.02298859879374504,2.5712026399560273e-05
8472,0.027713507413864136,0.004595829639583826,0.022993292659521103,2.4877273972379044e-05
8473,0.027713242918252945,0.0045980229042470455,0.02298913709819317,2.5216433641617186e-05
8474,0.027713283896446228,0.004593736492097378,0.022993549704551697,2.519933696021326e-05
8475,0.027713635936379433,0.004600300919264555,0.022989027202129364,2.4861366910045035e-05
8476,0.02771415002644062,0.004591573961079121,0.022994279861450195,2.565937211329583e-05
8477,0.027714358642697334,0.0046019721776247025,0.02298835851252079,2.4805625798762776e-05
8478,0.027714265510439873,0.004590740893036127,0.022995345294475555,2.5636099962866865e-05
8479,0.027713997289538383,0.004602228756994009,0.022987432777881622,2.4866905732778832e-05
8480,0.02771376073360443,0.004591010045260191,0.022996636107563972,2.5222701879101805e-05
8481,0.02771380916237831,0.004601950757205486,0.02298615872859955,2.5139621357084252e-05
8482,0.027714088559150696,0.004591184202581644,0.022998139262199402,2.49530203291215e-05
8483,0.027714373543858528,0.00460242573171854,0.02298472821712494,2.5443994672968984e-05
8484,0.02771466039121151,0.004590182099491358,0.023000001907348633,2.4895398382795975e-05
8485,0.027714895084500313,0.0046041072346270084,0.022983482107520103,2.5461313271080144e-05
8486,0.027715230360627174,0.004588265437632799,0.02300231344997883,2.4930226572905667e-05
8487,0.027715714648365974,0.004606572911143303,0.022982722148299217,2.528402728785295e-05
8488,0.027716277167201042,0.004586291965097189,0.02300490252673626,2.5016417566803284e-05
8489,0.027716953307390213,0.004608977120369673,0.022982221096754074,2.5150922738248482e-05
8490,0.02771781198680401,0.004584668669849634,0.02300778590142727,2.507169483578764e-05
8491,0.0277189202606678,0.0046112253330647945,0.022982046008110046,2.512986793590244e-05
8492,0.02772037871181965,0.004583190660923719,0.023011870682239532,2.50632110692095e-05
8493,0.027722323313355446,0.004614327568560839,0.02298213541507721,2.5172257664962672e-05
8494,0.027724940329790115,0.004581190645694733,0.02301851660013199,2.5046736482181586e-05
8495,0.027728207409381866,0.0046193222515285015,0.022982895374298096,2.5197810828103684e-05
8496,0.027732275426387787,0.004578064661473036,0.023028913885354996,2.50593111559283e-05
8497,0.027737323194742203,0.004626624286174774,0.02298482321202755,2.5175204427796416e-05
8498,0.027743522077798843,0.00457398546859622,0.023044096305966377,2.5087856556638144e-05
8499,0.027750957757234573,0.004636100493371487,0.022989045828580856,2.516217682568822e-05
8500,0.02775942161679268,0.004569997079670429,0.023063965141773224,2.5092043870245107e-05
8501,0.027768515050411224,0.004646451212465763,0.022995851933956146,2.5242594347218983e-05
8502,0.027777325361967087,0.004567132797092199,0.023084890097379684,2.506027158233337e-05
8503,0.027784503996372223,0.0046545956283807755,0.023002607747912407,2.5460067263338715e-05
8504,0.02778834104537964,0.0045660133473575115,0.02309715375304222,2.503465293557383e-05
8505,0.02778737060725689,0.00465553579851985,0.023003116250038147,2.574369682406541e-05
8506,0.02778029628098011,0.004567079711705446,0.023088103160262108,2.5022922272910364e-05
8507,0.027767730876803398,0.004645134788006544,0.0229931827634573,2.588251663837582e-05
8508,0.027751708403229713,0.00457164878025651,0.023055195808410645,2.497278546798043e-05
8509,0.027735451236367226,0.004625416826456785,0.022981347516179085,2.573726487753447e-05
8510,0.0277223102748394,0.0045819091610610485,0.023015830665826797,2.491418126737699e-05
8511,0.027714494615793228,0.004604456014931202,0.02298286184668541,2.543572372815106e-05
8512,0.02771245315670967,0.004597203340381384,0.022990485653281212,2.4952923922683112e-05
8513,0.027715105563402176,0.004588869865983725,0.02300029806792736,2.518747169233393e-05
8514,0.027720456942915916,0.004612598102539778,0.02298235148191452,2.5101482606260106e-05
8515,0.02772621251642704,0.004580032546073198,0.023020904511213303,2.505523843865376e-05
8516,0.027730634436011314,0.004622252658009529,0.022981971502304077,2.5281899070250802e-05
8517,0.027732383459806442,0.004576853942126036,0.023030567914247513,2.4992154067149386e-05
8518,0.02773144282400608,0.004623096901923418,0.022981196641921997,2.5430006644455716e-05
8519,0.02772805467247963,0.004578411113470793,0.023024892434477806,2.495029184501618e-05
8520,0.027723390609025955,0.004616104997694492,0.02297971397638321,2.5514695153106004e-05
8521,0.027718670666217804,0.004584187176078558,0.023009907454252243,2.491502891643904e-05
8522,0.027714960277080536,0.004605426918715239,0.022981971502304077,2.55122304224642e-05
8523,0.027712849900126457,0.004592771641910076,0.022995581850409508,2.489934558980167e-05
8524,0.027712389826774597,0.004595478530973196,0.022989828139543533,2.5416669814148918e-05
8525,0.02771323174238205,0.0046016438864171505,0.022986922413110733,2.493302963557653e-05
8526,0.027714738622307777,0.00458860769867897,0.02299981191754341,2.5263945644837804e-05
8527,0.02771628648042679,0.004608008544892073,0.022983085364103317,2.5038307285285555e-05
8528,0.02771747298538685,0.004585241433233023,0.023006653413176537,2.511541242711246e-05
8529,0.027717985212802887,0.004610435571521521,0.022981559857726097,2.51978199230507e-05
8530,0.027717754244804382,0.004584862384945154,0.023007836192846298,2.5011164325405844e-05
8531,0.0277169831097126,0.0046090781688690186,0.022981159389019012,2.534903251216747e-05
8532,0.02771579660475254,0.004586814437061548,0.02300422452390194,2.4951632440206595e-05
8533,0.027714548632502556,0.0046052755787968636,0.022982116788625717,2.543155278544873e-05
8534,0.02771349437534809,0.004590317141264677,0.022998563945293427,2.4922654120018706e-05
8535,0.02771269716322422,0.004600647371262312,0.022984884679317474,2.5433049813727848e-05
8536,0.02771231159567833,0.004594486206769943,0.022993238642811775,2.4917348127928562e-05
8537,0.027712151408195496,0.004596396815031767,0.02298884466290474,2.5381745217600837e-05
8538,0.027712251991033554,0.004598391242325306,0.022989187389612198,2.4934672183007933e-05
8539,0.027712512761354446,0.0045931460335850716,0.02299281768500805,2.5309700504294597e-05
8540,0.027712812647223473,0.004601317923516035,0.022986633703112602,2.4972152459667996e-05
8541,0.027713051065802574,0.004591147881001234,0.022995734587311745,2.5233504857169464e-05
8542,0.02771315537393093,0.004602905362844467,0.02298511378467083,2.5027327865245752e-05
8543,0.027713192626833916,0.004590331111103296,0.022997066378593445,2.5159064534818754e-05
8544,0.027713090181350708,0.004603166598826647,0.02298443764448166,2.5097258912865072e-05
8545,0.027712931856513023,0.004590520169585943,0.022996962070465088,2.50898865488125e-05
8546,0.02771274745464325,0.004602407570928335,0.02298445999622345,2.5175962946377695e-05
8547,0.027712536975741386,0.004591438453644514,0.02299594134092331,2.5031411496456712e-05
8548,0.027712302282452583,0.004601070191711187,0.02298497036099434,2.525228410377167e-05
8549,0.027712155133485794,0.004592739511281252,0.022994477301836014,2.4987613869598135e-05
8550,0.02771197073161602,0.00459955632686615,0.022985849529504776,2.5313151127193123e-05
8551,0.027711866423487663,0.0045941295102238655,0.022992940619587898,2.495921216905117e-05
8552,0.0277117732912302,0.004598134662955999,0.02298687770962715,2.5351928343297914e-05
8553,0.02771179936826229,0.0045954338274896145,0.02299164980649948,2.4943035896285437e-05
8554,0.027711806818842888,0.004596977960318327,0.02298797480762005,2.5370807634317316e-05
8555,0.027711855247616768,0.004596487618982792,0.022990692406892776,2.4935201508924365e-05
8556,0.027711886912584305,0.004596100188791752,0.02298889495432377,2.537821274017915e-05
8557,0.0277118980884552,0.004597277380526066,0.022989965975284576,2.4931116058724e-05
8558,0.0277118980884552,0.004595465026795864,0.022989517077803612,2.538333137636073e-05
8559,0.027711935341358185,0.004597844090312719,0.02298945188522339,2.492779094609432e-05
8560,0.027711983770132065,0.0045950585044920444,0.022989969700574875,2.5391158487764187e-05
8561,0.027711976319551468,0.004598195664584637,0.022989163175225258,2.4923669116105884e-05
8562,0.027711987495422363,0.00459483964368701,0.02299012988805771,2.5403629479114898e-05
8563,0.02771199494600296,0.004598356783390045,0.022989047691226006,2.491800296411384e-05
8564,0.02771204710006714,0.004594753962010145,0.022990182042121887,2.5422099497518502e-05
8565,0.027712075039744377,0.004598408471792936,0.022989116609096527,2.4909855710575357e-05
8566,0.027712110430002213,0.004594780504703522,0.02299008145928383,2.544968265283387e-05
8567,0.027712132781744003,0.0045983740128576756,0.022989267483353615,2.4898203264456242e-05
8568,0.027712225914001465,0.004594900645315647,0.022989865392446518,2.5492043278063647e-05
8569,0.02771228738129139,0.004598304163664579,0.022989574819803238,2.4881692297640257e-05
8570,0.02771243080496788,0.004595044534653425,0.02298959158360958,2.5558767447364517e-05
8571,0.02771260030567646,0.004598227329552174,0.022990068420767784,2.4860561097739264e-05
8572,0.027712825685739517,0.004595230799168348,0.02298927865922451,2.5663026463007554e-05
8573,0.027713090181350708,0.004598149098455906,0.022990752011537552,2.4837983801262453e-05
8574,0.027713468298316002,0.004595469683408737,0.022988874465227127,2.5825009288382716e-05
8575,0.027713989838957787,0.004598078317940235,0.02299179509282112,2.4823390049277805e-05
8576,0.027714692056179047,0.0045958273112773895,0.022988472133874893,2.607856731628999e-05
8577,0.027715621516108513,0.0045980061404407024,0.022993426769971848,2.4837558157742023e-05
8578,0.02771686762571335,0.004596362821757793,0.02298811450600624,2.647803194122389e-05
8579,0.0277184396982193,0.004597921390086412,0.022995902225375175,2.4923414457589388e-05
8580,0.027720609679818153,0.004597231280058622,0.02298779785633087,2.7116009732708335e-05
8581,0.027723463252186775,0.004597857128828764,0.02299979142844677,2.516280801501125e-05
8582,0.0277272816747427,0.004598656203597784,0.02298796735703945,2.8131673388998024e-05
8583,0.027732081711292267,0.004597770515829325,0.023005859926342964,2.569035132182762e-05
8584,0.027738219127058983,0.004600890912115574,0.022988872602581978,2.9690841984120198e-05
8585,0.02774563431739807,0.0045976899564266205,0.023014653474092484,2.6658339265850373e-05
8586,0.027754049748182297,0.004604154732078314,0.022990752011537552,3.182867294526659e-05
8587,0.027762839570641518,0.004597275052219629,0.02302541770040989,2.8029449822497554e-05
8588,0.027770722284913063,0.004608081188052893,0.022992556914687157,3.401669891900383e-05
8589,0.027775797992944717,0.004595721606165171,0.023034395650029182,2.9136386729078367e-05
8590,0.02777606062591076,0.004611411597579718,0.02299102023243904,3.4725679142866284e-05
8591,0.02777017652988434,0.004591896664351225,0.02303478494286537,2.869883792300243e-05
8592,0.027758803218603134,0.0046128942631185055,0.02298375591635704,3.243051469326019e-05
8593,0.027744613587856293,0.004586193710565567,0.023025590926408768,2.6565798179944977e-05
8594,0.027731891721487045,0.004614008124917746,0.02297663688659668,2.824922376021277e-05
8595,0.02772456407546997,0.004581432323902845,0.0230182483792305,2.497653622413054e-05
8596,0.027724627405405045,0.004618455655872822,0.022979483008384705,2.53379675996257e-05
8597,0.02773188427090645,0.004579224158078432,0.023024801164865494,2.557200969022233e-05
8598,0.0277441143989563,0.004627929534763098,0.022992542013525963,2.472859705449082e-05
8599,0.02775832638144493,0.004577881656587124,0.02304524928331375,2.7038862754125148e-05
8600,0.027771763503551483,0.00464064022526145,0.02300662361085415,2.4899794880184345e-05
8601,0.027782410383224487,0.004574895836412907,0.023071328178048134,2.7237249014433473e-05
8602,0.027789583429694176,0.0046527087688446045,0.023013444617390633,2.46860090555856e-05
8603,0.027793359011411667,0.004570011515170336,0.023093614727258682,2.5946648747776635e-05
8604,0.02779482491314411,0.004659665282815695,0.023010464385151863,2.4939099603216164e-05
8605,0.027794353663921356,0.004565720912069082,0.023103253915905952,2.5075703888433054e-05
8606,0.027792111039161682,0.004657603334635496,0.022999918088316917,2.6917965442407876e-05
8607,0.027786821126937866,0.004565608687698841,0.023092448711395264,2.5752780857146718e-05
8608,0.02777773141860962,0.004644861910492182,0.02298588678240776,2.939658770628739e-05
8609,0.02776435576379299,0.004571912810206413,0.023060228675603867,2.644298001541756e-05
8610,0.027748139575123787,0.004624160937964916,0.022976301610469818,2.9535067369579338e-05
8611,0.02773202769458294,0.004584486596286297,0.023019302636384964,2.564754140621517e-05
8612,0.027719685807824135,0.004602516535669565,0.022981468588113785,2.7140298698213883e-05
8613,0.027713846415281296,0.00460050068795681,0.022989146411418915,2.483968455635477e-05
8614,0.0277150496840477,0.004586760886013508,0.023002466186881065,2.5164432372548617e-05
8615,0.027721555903553963,0.004615017678588629,0.022977231070399284,2.586139817140065e-05
8616,0.027729922905564308,0.004578817170113325,0.02302571013569832,2.5078859835048206e-05
8617,0.02773650549352169,0.004622871056199074,0.02297576703131199,2.757343463599682e-05
8618,0.027738723903894424,0.00457711610943079,0.023034242913126945,2.5472862034803256e-05
8619,0.02773587964475155,0.004621574189513922,0.02297547273337841,2.776637120405212e-05
8620,0.027729205787181854,0.004580096807330847,0.023023240268230438,2.5173496396746486e-05
8621,0.02772141993045807,0.004612969700247049,0.022976523265242577,2.6385387172922492e-05
8622,0.027714867144823074,0.004587084054946899,0.023003164678812027,2.492368730599992e-05
8623,0.027711471542716026,0.004601930268108845,0.022983761504292488,2.5155628463835455e-05
8624,0.027711225673556328,0.004596420098096132,0.022987181320786476,2.5524930606479757e-05
8625,0.027713250368833542,0.00459261192008853,0.02299625240266323,2.487723577360157e-05
8626,0.027715960517525673,0.00460508419200778,0.02297929674386978,2.6315661671105772e-05
8627,0.02771809883415699,0.0045866575092077255,0.023006657138466835,2.4956860215752386e-05
8628,0.027719052508473396,0.004610246047377586,0.02297697216272354,2.6366911697550677e-05
8629,0.027718782424926758,0.004584352485835552,0.023009764030575752,2.4933477106969804e-05
8630,0.027717536315321922,0.004610964097082615,0.022977758198976517,2.5762876248336397e-05
8631,0.027716035023331642,0.004585376940667629,0.023005641996860504,2.50030880124541e-05
8632,0.027714556083083153,0.00460791727527976,0.022980760782957077,2.5175428163493052e-05
8633,0.027713367715477943,0.0045889378525316715,0.022997858002781868,2.531431346142199e-05
8634,0.02771260216832161,0.004602777771651745,0.022985203191637993,2.4924314857344143e-05
8635,0.027712006121873856,0.004593757912516594,0.022990183904767036,2.5612778699724004e-05
8636,0.0277116522192955,0.0045973085798323154,0.022989898920059204,2.4888924599508755e-05
8637,0.027711426839232445,0.0045984950847923756,0.022984761744737625,2.5634231860749424e-05
8638,0.027711397036910057,0.004592950455844402,0.022993789985775948,2.4931472580647096e-05
8639,0.027711564674973488,0.004602187778800726,0.022982269525527954,2.5421468308195472e-05
8640,0.027711886912584305,0.004590366967022419,0.02299630641937256,2.5042765628313646e-05
8641,0.027712220326066017,0.00460426090285182,0.02298206090927124,2.5179717340506613e-05
8642,0.027712514623999596,0.004589573945850134,0.022996926680207253,2.520265115890652e-05
8643,0.027712643146514893,0.004604549612849951,0.022982921451330185,2.5034238205989823e-05
8644,0.027712557464838028,0.004590110387653112,0.022995829582214355,2.5323246518382803e-05
8645,0.027712194249033928,0.004603344481438398,0.022983891889452934,2.4991588361444883e-05
8646,0.027711722999811172,0.004591542761772871,0.02299349755048752,2.5336554244859144e-05
8647,0.02771119959652424,0.004601229913532734,0.022984856739640236,2.5022291083587334e-05
8648,0.027710705995559692,0.0045934715308249,0.02299094758927822,2.525755189708434e-05
8649,0.027710359543561935,0.004598857369273901,0.02298598736524582,2.5102826839429326e-05
8650,0.027710163965821266,0.004595578648149967,0.022988826036453247,2.515190135454759e-05
8651,0.02771012671291828,0.004596720449626446,0.022987401112914085,2.520137422834523e-05
8652,0.027710167691111565,0.004597518127411604,0.022987283766269684,2.507314275135286e-05
8653,0.027710258960723877,0.0045950389467179775,0.022988853976130486,2.5273026039940305e-05
8654,0.027710480615496635,0.004599060397595167,0.02298622392117977,2.503912583051715e-05
8655,0.027710523456335068,0.004593873396515846,0.022990213707089424,2.528737240936607e-05
8656,0.02771063894033432,0.004600061569362879,0.02298533357679844,2.504871918063145e-05
8657,0.02771066315472126,0.004593204706907272,0.022991226986050606,2.524646515666973e-05
8658,0.027710607275366783,0.0046005696058273315,0.022984560579061508,2.5095265300478786e-05
8659,0.027710599824786186,0.004592921119183302,0.022991789504885674,2.5177927454933524e-05
8660,0.027710558846592903,0.004600668791681528,0.022984063252806664,2.5165520128211938e-05
8661,0.027710482478141785,0.004592920653522015,0.022991999983787537,2.5112000002991408e-05
8662,0.02771049737930298,0.004600525833666325,0.02298378013074398,2.5238250600523315e-05
8663,0.0277104452252388,0.00459313252940774,0.022991983219981194,2.506582131900359e-05
8664,0.02771041728556156,0.004600247368216515,0.022983713075518608,2.5291243218816817e-05
8665,0.027710413560271263,0.0045934030786156654,0.02299179509282112,2.5043156711035408e-05
8666,0.027710383757948875,0.004599955398589373,0.022983869537711143,2.5311714125564322e-05
8667,0.027710312977433205,0.0045936875976622105,0.022991418838500977,2.5041230401257053e-05
8668,0.027710264548659325,0.004599696025252342,0.022984063252806664,2.5301034838776104e-05
8669,0.027710240334272385,0.004593910649418831,0.022991053760051727,2.505537122488022e-05
8670,0.02771010622382164,0.004599481821060181,0.022984273731708527,2.5269962861784734e-05
8671,0.02771006152033806,0.004594059661030769,0.022990602999925613,2.5079756596824154e-05
8672,0.027710074558854103,0.004599388223141432,0.022984525188803673,2.5232111511286348e-05
8673,0.027710052207112312,0.004594122990965843,0.022990388795733452,2.51080964517314e-05
8674,0.027710018679499626,0.004599388688802719,0.022984642535448074,2.5197354261763394e-05
8675,0.02771003544330597,0.00459408899769187,0.0229902733117342,2.5134502720902674e-05
8676,0.027709996327757835,0.004599518142640591,0.022984620183706284,2.5171459128614515e-05
8677,0.027710041031241417,0.004593919962644577,0.022990355268120766,2.5153336537186988e-05
8678,0.02771005406975746,0.004599791951477528,0.022984473034739494,2.5157502022921108e-05
8679,0.02771013230085373,0.004593614488840103,0.02299070544540882,2.5162344172713347e-05
8680,0.027710167691111565,0.004600250627845526,0.02298414148390293,2.515496453270316e-05
8681,0.027710210531949997,0.004593116231262684,0.02299129031598568,2.5160710720228963e-05
8682,0.027710236608982086,0.004600946791470051,0.022983472794294357,2.516349559300579e-05
8683,0.027710454538464546,0.004592359997332096,0.022992344573140144,2.51498040597653e-05
8684,0.027710651978850365,0.004601985216140747,0.022982753813266754,2.5182489480357617e-05
8685,0.027710825204849243,0.0045913029462099075,0.022993866354227066,2.5131095753749833e-05
8686,0.02771119214594364,0.0046034990809857845,0.02298162877559662,2.521289570722729e-05
8687,0.027711641043424606,0.004589796997606754,0.022996313869953156,2.510616286599543e-05
8688,0.027712246403098106,0.004605687223374844,0.02298026904463768,2.5257781089749187e-05
8689,0.0277131088078022,0.004587708041071892,0.023000016808509827,2.507674798835069e-05
8690,0.02771425060927868,0.004608915187418461,0.02297871932387352,2.5323550289613195e-05
8691,0.027715949341654778,0.004584869369864464,0.023005852475762367,2.5045474103535526e-05
8692,0.02771829441189766,0.004613704979419708,0.022977475076913834,2.54229198617395e-05
8693,0.02772151492536068,0.00458110123872757,0.023015320301055908,2.501851304259617e-05
8694,0.027726108208298683,0.004620896652340889,0.022977322340011597,2.5578003260307014e-05
8695,0.027732376009225845,0.004576330538839102,0.023030994459986687,2.5009934688569047e-05
8696,0.02774108201265335,0.004631642252206802,0.02298029698431492,2.5828594516497105e-05
8697,0.02775268256664276,0.004570891615003347,0.02305654063820839,2.5050094336620532e-05
8698,0.027767889201641083,0.004647064488381147,0.022989653050899506,2.6234210963593796e-05
8699,0.027786841616034508,0.004565750248730183,0.02309514954686165,2.5188597646774724e-05
8700,0.02780880592763424,0.004666504915803671,0.0230080708861351,2.6845977117773145e-05
8701,0.0278310626745224,0.0045623877085745335,0.02314137853682041,2.545943425502628e-05
8702,0.027848944067955017,0.004683045204728842,0.023027952760457993,2.7589032470132224e-05
8703,0.02785557508468628,0.004561308305710554,0.023165497928857803,2.5753635782166384e-05
8704,0.02784537523984909,0.004680810030549765,0.023024220019578934,2.8069049221812747e-05
8705,0.027817253023386,0.004562975373119116,0.023125557228922844,2.5744078811840154e-05
8706,0.027778418734669685,0.004650072194635868,0.022989530116319656,2.776331348286476e-05
8707,0.027741558849811554,0.004574601072818041,0.023040447384119034,2.5302337235189043e-05
8708,0.02771875448524952,0.004609032534062862,0.022975731641054153,2.6797933969646692e-05
8709,0.027714919298887253,0.0046022129245102406,0.022988321259617805,2.4876930183381774e-05
8710,0.027726203203201294,0.004582277033478022,0.023014448583126068,2.589549148979131e-05
8711,0.027743138372898102,0.004631963558495045,0.022986946627497673,2.484528704371769e-05
8712,0.027755727991461754,0.004572451580315828,0.023056257516145706,2.5403720428585075e-05
8713,0.02775753103196621,0.00464165722951293,0.022990485653281212,2.5077468308154494e-05
8714,0.027747824788093567,0.004573008045554161,0.023048900067806244,2.5183226171066053e-05
8715,0.02773181162774563,0.004625675734132528,0.0229796115309,2.53048801823752e-05
8716,0.027717195451259613,0.0045838081277906895,0.02300811931490898,2.5053528588614427e-05
8717,0.027709975838661194,0.004600779619067907,0.022982072085142136,2.5424787963856943e-05
8718,0.027711568400263786,0.0046036578714847565,0.022983085364103317,2.4965031116153114e-05
8719,0.027718812227249146,0.004584153648465872,0.023007262498140335,2.5478982934146188e-05
8720,0.02772650495171547,0.004620532039552927,0.02298138663172722,2.4917260816437192e-05
8721,0.027730470523238182,0.004578747786581516,0.02302413433790207,2.5517825633869506e-05
8722,0.027728838846087456,0.00462225591763854,0.02298206277191639,2.4904094971134327e-05
8723,0.027722887694835663,0.004581982735544443,0.023013141006231308,2.555307037255261e-05
8724,0.027715889737010002,0.00460989261046052,0.022981375455856323,2.4924558601924218e-05
8725,0.02771102637052536,0.004592326004058123,0.02299083210527897,2.5573832317604683e-05
8726,0.02770989201962948,0.004594691563397646,0.02299034781754017,2.4970715458039194e-05
8727,0.02771187201142311,0.0046054343692958355,0.0229786429554224,2.5558665583957918e-05
8728,0.02771511860191822,0.0045851957984268665,0.02300482615828514,2.5019502572831698e-05
8729,0.027717573568224907,0.004613440949469805,0.022976677864789963,2.5491204723948613e-05
8730,0.02771785669028759,0.004583049099892378,0.0230095237493515,2.505677730368916e-05
8731,0.027716096490621567,0.00461191451177001,0.02297726273536682,2.538358239689842e-05
8732,0.027713172137737274,0.0045869904570281506,0.023000720888376236,2.5091976567637175e-05
8733,0.027710525318980217,0.004603542387485504,0.022980619221925735,2.5272916900576092e-05
8734,0.027709070593118668,0.004594915546476841,0.022988449782133102,2.5141109290416352e-05
8735,0.027709171175956726,0.004594504367560148,0.022988710552453995,2.519126246625092e-05
8736,0.02771027386188507,0.004603044129908085,0.022981222718954086,2.5201463358826004e-05
8737,0.027711614966392517,0.0045889001339674,0.022997001186013222,2.5142906451947056e-05
8738,0.027712488546967506,0.004607297480106354,0.02297891490161419,2.5255121727241203e-05
8739,0.027712486684322357,0.004587741568684578,0.022999173030257225,2.5114404706982896e-05
8740,0.027711765840649605,0.004606133326888084,0.02297918312251568,2.5289840777986683e-05
8741,0.027710599824786186,0.004590352065861225,0.02299477532505989,2.5094499505939893e-05
8742,0.027709579095244408,0.004601325374096632,0.022981710731983185,2.5308330805273727e-05
8743,0.02770904265344143,0.004595194943249226,0.0229884572327137,2.5078350518015213e-05
8744,0.027709022164344788,0.00459600193426013,0.022986413910984993,2.5321072826045565e-05
8745,0.02770940586924553,0.004600046202540398,0.022984042763710022,2.5063325665541925e-05
8746,0.027709931135177612,0.00459239212796092,0.022990847006440163,2.5338487830595113e-05
8747,0.027710366994142532,0.004602822940796614,0.022982314229011536,2.504568692529574e-05
8748,0.027710525318980217,0.004591324366629124,0.022992365062236786,2.5367515263496898e-05
8749,0.02771034836769104,0.00460270419716835,0.0229825209826231,2.5024486603797413e-05
8750,0.02771003544330597,0.004592543933540583,0.022990424185991287,2.5413637558813207e-05
8751,0.02770967222750187,0.004600297659635544,0.022984372451901436,2.5000397727126256e-05
8752,0.027709396556019783,0.004595261998474598,0.022986721247434616,2.5482868295512162e-05
8753,0.027709322050213814,0.004597035702317953,0.022987406700849533,2.497576133464463e-05
8754,0.0277094803750515,0.004598368890583515,0.022983195260167122,2.5583145543350838e-05
8755,0.02770981751382351,0.004594231024384499,0.02299082651734352,2.4951852537924424e-05
8756,0.02771025337278843,0.004600811284035444,0.022980809211730957,2.5726312742335722e-05
8757,0.02771071530878544,0.00459258584305644,0.02299347147345543,2.4931599909905344e-05
8758,0.027711208909749985,0.004601969849318266,0.022979557514190674,2.5936096790246665e-05
8759,0.027711788192391396,0.00459225894883275,0.022994905710220337,2.492478597559966e-05
8760,0.027712566778063774,0.0046019237488508224,0.022979367524385452,2.62550911429571e-05
8761,0.027713552117347717,0.004593008663505316,0.02299574762582779,2.4959019356174394e-05
8762,0.027714990079402924,0.0046012201346457005,0.02297995239496231,2.6763671485241503e-05
8763,0.027717018499970436,0.004594405181705952,0.022997118532657623,2.5099079721258022e-05
8764,0.027719883248209953,0.004600620362907648,0.022981248795986176,2.7603007765719667e-05
8765,0.027723871171474457,0.004595992621034384,0.02300049364566803,2.5476907467236742e-05
8766,0.02772916667163372,0.004600886255502701,0.022983314469456673,2.8993159503443167e-05
8767,0.027736159041523933,0.0045974887907505035,0.023007119074463844,2.6310148314223625e-05
8768,0.027744892984628677,0.004602576140314341,0.022986456751823425,3.1172294256975874e-05
8769,0.02775532938539982,0.0045987204648554325,0.023017622530460358,2.779724854917731e-05
8770,0.027766630053520203,0.004605688154697418,0.02299072965979576,3.404253220651299e-05
8771,0.027777280658483505,0.004599348641932011,0.023029739037156105,2.963830229418818e-05
8772,0.027784530073404312,0.004609063267707825,0.022993842139840126,3.632508378359489e-05
8773,0.02778536267578602,0.004598394501954317,0.0230353195220232,3.032996755791828e-05
8774,0.027777433395385742,0.0046099587343633175,0.022990554571151733,3.5384076909394935e-05
8775,0.027761368080973625,0.004595115315169096,0.02302488312125206,2.8273860152694397e-05
8776,0.027741042897105217,0.004606919828802347,0.02298135682940483,3.055327761103399e-05
8777,0.027722643688321114,0.004591930191963911,0.023003825917840004,2.537738146202173e-05
8778,0.02771150693297386,0.00460289791226387,0.0229787714779377,2.5967403416871093e-05
8779,0.0277094766497612,0.004592765122652054,0.02298961952328682,2.5418552468181588e-05
8780,0.02771473489701748,0.004600805696099997,0.02298923209309578,2.4939459763118066e-05
8781,0.027723167091608047,0.004597053863108158,0.022986482828855515,2.7926378606935032e-05
8782,0.02773030661046505,0.004599438514560461,0.02300189808011055,2.5793777240323834e-05
8783,0.02773296646773815,0.00460086902603507,0.022985365241765976,2.9346527298912406e-05
8784,0.027730200439691544,0.00459681311622262,0.023004263639450073,2.5824905605986714e-05
8785,0.027723560109734535,0.004601891618221998,0.02298131212592125,2.8071170163457282e-05
8786,0.027716049924492836,0.00459379842504859,0.022996986284852028,2.5053061108337715e-05
8787,0.027710672467947006,0.004601442255079746,0.022979719564318657,2.5901757908286527e-05
8788,0.027708863839507103,0.004592864774167538,0.022990118712186813,2.517602297302801e-05
8789,0.02771044336259365,0.004601264838129282,0.022984538227319717,2.492813473509159e-05
8790,0.027713771909475327,0.004594247322529554,0.0229878518730402,2.63345027633477e-05
8791,0.02771683782339096,0.004600977059453726,0.022990893572568893,2.499324909877032e-05
8792,0.02771815098822117,0.004595967009663582,0.022986790165305138,2.7078940547653474e-05
8793,0.02771718055009842,0.0045996070839464664,0.022992387413978577,2.5037343220901676e-05
8794,0.027714567258954048,0.004596855491399765,0.022984562441706657,2.6630037609720603e-05
8795,0.027711475268006325,0.004597547464072704,0.022989345714449883,2.4916676920838654e-05
8796,0.027709126472473145,0.004597436636686325,0.022983428090810776,2.5652294425526634e-05
8797,0.02770817279815674,0.004596076440066099,0.022986359894275665,2.5147379346890375e-05
8798,0.027708591893315315,0.004598376806825399,0.02298499271273613,2.504434269212652e-05
8799,0.027709845453500748,0.004595539066940546,0.022985562682151794,2.574880090833176e-05
8800,0.02771119773387909,0.004599337000399828,0.022987306118011475,2.4911074433475733e-05
8801,0.027712034061551094,0.004595364909619093,0.022985853254795074,2.6163021175307222e-05
8802,0.02771197445690632,0.004599697422236204,0.022987723350524902,2.491057057341095e-05
8803,0.027711259201169014,0.004595180507749319,0.02298589237034321,2.603710163384676e-05
8804,0.02771010994911194,0.004599422682076693,0.02298605814576149,2.4925957404775545e-05
8805,0.027708984911441803,0.0045950948260724545,0.02298601344227791,2.5575151084922254e-05
8806,0.027708295732736588,0.004598894156515598,0.02298394963145256,2.5090477720368654e-05
8807,0.027708083391189575,0.00459538446739316,0.022986838594079018,2.5172332243528217e-05
8808,0.027708303183317184,0.004598409868776798,0.022982781752943993,2.542206675570924e-05
8809,0.027708711102604866,0.004595967009663582,0.02298780530691147,2.4987824872368947e-05
8810,0.02770911529660225,0.004597980994731188,0.02298254333436489,2.5718205506564118e-05
8811,0.02770940586924553,0.004596533719450235,0.022988151758909225,2.4944343749666587e-05
8812,0.02770935744047165,0.004597535356879234,0.02298291027545929,2.5782430384424515e-05
8813,0.027709104120731354,0.004596967250108719,0.022987358272075653,2.4955617845989764e-05
8814,0.027708692476153374,0.00459709158167243,0.022983528673648834,2.561429573688656e-05
8815,0.027708325535058975,0.004597213584929705,0.02298598177731037,2.502616735000629e-05
8816,0.02770800143480301,0.004596786107867956,0.022984404116868973,2.5362061933265068e-05
8817,0.02770785242319107,0.0045974100939929485,0.022984566166996956,2.5175122573273256e-05
8818,0.027707867324352264,0.00459658307954669,0.02298547886312008,2.516102176741697e-05
8819,0.027707938104867935,0.004597581457346678,0.022983556613326073,2.5359968276461586e-05
8820,0.02770809270441532,0.004596447106450796,0.022986382246017456,2.5052584533113986e-05
8821,0.027708211913704872,0.004597760271281004,0.022982964292168617,2.549742566770874e-05
8822,0.027708299458026886,0.004596322309225798,0.02298690192401409,2.501506060070824e-05
8823,0.02770833671092987,0.004597934894263744,0.022982731461524963,2.553369995439425e-05
8824,0.0277082622051239,0.004596156533807516,0.022986995056271553,2.502192000974901e-05
8825,0.027708115056157112,0.004598083905875683,0.022982653230428696,2.5475334041402675e-05
8826,0.027708008885383606,0.004595986567437649,0.02298670820891857,2.5063127395696938e-05
8827,0.027707906439900398,0.004598256200551987,0.022982805967330933,2.5368879505549558e-05
8828,0.027707790955901146,0.0045957728289067745,0.022986358031630516,2.513191975594964e-05
8829,0.02770775929093361,0.004598475527018309,0.022982969880104065,2.526267053326592e-05
8830,0.027707746252417564,0.004595550708472729,0.022986138239502907,2.5211465981556103e-05
8831,0.02770775370299816,0.004598760511726141,0.022983074188232422,2.5183575417031534e-05
8832,0.027707787230610847,0.004595260601490736,0.02298612706363201,2.527995457057841e-05
8833,0.027707859873771667,0.00459914468228817,0.02298302762210369,2.5137380362139083e-05
8834,0.02770794928073883,0.0045948936603963375,0.022986454889178276,2.532002326915972e-05
8835,0.02770799584686756,0.004599647130817175,0.022982746362686157,2.5120427380898036e-05
8836,0.02770804427564144,0.004594356287270784,0.022987060248851776,2.532580583647359e-05
8837,0.027708105742931366,0.004600373096764088,0.022982092574238777,2.512780156394001e-05
8838,0.027708156034350395,0.0045935967937111855,0.02298804745078087,2.5302460926468484e-05
8839,0.027708329260349274,0.004601399879902601,0.022981151938438416,2.5155326511594467e-05
8840,0.027708467096090317,0.0045924922451376915,0.022989673539996147,2.526034222682938e-05
8841,0.02770872972905636,0.00460289278998971,0.02297983318567276,2.5200759409926832e-05
8842,0.0277091134339571,0.004590955097228289,0.02299210987985134,2.5209701561834663e-05
8843,0.02770969271659851,0.004605110734701157,0.02297826111316681,2.526422031223774e-05
8844,0.027710476890206337,0.0045887562446296215,0.022995932027697563,2.5157802156172693e-05
8845,0.027711642906069756,0.004608468152582645,0.02297641895711422,2.535102430556435e-05
8846,0.0277133509516716,0.00458568474277854,0.02300211414694786,2.5110372007475235e-05
8847,0.027715813368558884,0.004613607656210661,0.02297484129667282,2.547282201703638e-05
8848,0.02771933749318123,0.004581531044095755,0.023012429475784302,2.5075421945075504e-05
8849,0.027724437415599823,0.004621592815965414,0.022974561899900436,2.565626346040517e-05
8850,0.027731772512197495,0.004576181527227163,0.023030240088701248,2.5070266929105856e-05
8851,0.02774219587445259,0.004634018521755934,0.02297842875123024,2.594960096757859e-05
8852,0.027756698429584503,0.0045700944028794765,0.023060938343405724,2.5133189410553314e-05
8853,0.02777629718184471,0.004652679432183504,0.0229914803057909,2.642765684868209e-05
8854,0.02780121937394142,0.004564665723592043,0.023109914734959602,2.532793405407574e-05
8855,0.027830591425299644,0.004677100107073784,0.023017749190330505,2.7148254957864992e-05
8856,0.02786005660891533,0.004561851266771555,0.02316979318857193,2.568256968515925e-05
8857,0.027882035821676254,0.004697193391621113,0.023045040667057037,2.7960417355643585e-05
8858,0.027885522693395615,0.004561346955597401,0.023194245994091034,2.5986226319218986e-05
8859,0.027863336727023125,0.004689223598688841,0.02303285524249077,2.825162300723605e-05
8860,0.02781744860112667,0.004563297610729933,0.023125261068344116,2.5777861083042808e-05
8861,0.027764074504375458,0.004644482396543026,0.022982245311141014,2.7469393899082206e-05
8862,0.027724089100956917,0.004580757115036249,0.023017555475234985,2.5155552066280507e-05
8863,0.02771090902388096,0.004597158636897802,0.02298261970281601,2.6225859983242117e-05
8864,0.02772301435470581,0.004618383944034576,0.022980106994509697,2.4904715246520936e-05
8865,0.02774701826274395,0.004574380815029144,0.02304532378911972,2.5462642952334136e-05
8866,0.027766281738877296,0.004647861700505018,0.022992387413978577,2.5206265490851365e-05
8867,0.02776920050382614,0.004569505341351032,0.023073652759194374,2.5208295483025722e-05
8868,0.027754701673984528,0.004641862120479345,0.02298494055867195,2.5579558496247046e-05
8869,0.027731837704777718,0.004576291423290968,0.023030109703540802,2.5087327230721712e-05
8870,0.027713606134057045,0.004611121490597725,0.022973952814936638,2.5706538508529775e-05
8871,0.02770843543112278,0.0045981211587786674,0.022985437884926796,2.497529385436792e-05
8872,0.02771567925810814,0.004586220718920231,0.02300112321972847,2.566738476161845e-05
8873,0.027727782726287842,0.0046229553408920765,0.022980187088251114,2.492819658073131e-05
8874,0.027735771611332893,0.004577165003865957,0.023030564188957214,2.5608558644307777e-05
8875,0.027734750881791115,0.004628498572856188,0.02298150584101677,2.4949553335318342e-05
8876,0.027725975960493088,0.004579841624945402,0.023018352687358856,2.5556304535712115e-05
8877,0.027715113013982773,0.004612390883266926,0.022977640852332115,2.5016106519615278e-05
8878,0.02770822122693062,0.004592848010361195,0.022987933829426765,2.5487808670732193e-05
8879,0.027707871049642563,0.00459274323657155,0.022989574819803238,2.511072852939833e-05
8880,0.027712488546967506,0.004610099829733372,0.022975469008088112,2.538364424253814e-05
8881,0.027717748656868935,0.004582525230944157,0.023009169846773148,2.5210803869413212e-05
8882,0.027720047160983086,0.004618114326149225,0.022975683212280273,2.5249843019992113e-05
8883,0.02771812118589878,0.004582438617944717,0.023009125143289566,2.5311401259386912e-05
8884,0.02771362103521824,0.004611392505466938,0.022976554930210114,2.5134893803624436e-05
8885,0.0277092307806015,0.00459035811945796,0.02299177460372448,2.5419421945116483e-05
8886,0.027707254514098167,0.004598075058311224,0.022983763366937637,2.5083218133659102e-05
8887,0.027708040550351143,0.004602254368364811,0.02297823503613472,2.5510456907795742e-05
8888,0.027710450813174248,0.004588245879858732,0.022996794432401657,2.5081959392991848e-05
8889,0.02771257795393467,0.0046104006469249725,0.022974485531449318,2.5538360205246136e-05
8890,0.027713142335414886,0.004585449118167162,0.023002229630947113,2.50927078013774e-05
8891,0.02771184965968132,0.004609622992575169,0.022974759340286255,2.549364580772817e-05
8892,0.027709681540727615,0.004588985349982977,0.022995173931121826,2.51043002208462e-05
8893,0.027707774192094803,0.004602219443768263,0.022978471592068672,2.5416484277229756e-05
8894,0.027706965804100037,0.00459640845656395,0.022984929382801056,2.512570790713653e-05
8895,0.027707377448678017,0.0045943292789161205,0.022986287251114845,2.5352184820803814e-05
8896,0.0277083832770586,0.004603416193276644,0.022979192435741425,2.5154975446639583e-05
8897,0.027709247544407845,0.004590060096234083,0.022992614656686783,2.53146263275994e-05
8898,0.0277094729244709,0.0046059065498411655,0.022977668792009354,2.5179626391036436e-05
8899,0.02770896628499031,0.004590214230120182,0.022992270067334175,2.5296398234786466e-05
8900,0.0277080275118351,0.004603237845003605,0.02297881431877613,2.519498229958117e-05
8901,0.02770720049738884,0.004593820311129093,0.022986946627497673,2.5286344680353068e-05
8902,0.02770674228668213,0.0045981439761817455,0.022982561960816383,2.5207209546351805e-05
8903,0.027706777676939964,0.004598685074597597,0.022981714457273483,2.527580909372773e-05
8904,0.027707137167453766,0.004593831952661276,0.022987190634012222,2.522277645766735e-05
8905,0.027707569301128387,0.004602195229381323,0.02297908253967762,2.5258399546146393e-05
8906,0.02770782820880413,0.004592035431414843,0.022989578545093536,2.524303999962285e-05
8907,0.02770768478512764,0.004602702800184488,0.022978810593485832,2.523450893932022e-05
8908,0.02770742028951645,0.004592870362102985,0.0229882150888443,2.5267228920711204e-05
8909,0.027707042172551155,0.004600530955940485,0.0229804627597332,2.5209652449120767e-05
8910,0.027706705033779144,0.004595501348376274,0.022984735667705536,2.529364064685069e-05
8911,0.02770654484629631,0.00459736492484808,0.022983232513070107,2.5189743610098958e-05
8912,0.027706634253263474,0.004598523024469614,0.022981518879532814,2.5318537154817022e-05
8913,0.027706796303391457,0.004594767466187477,0.022986145690083504,2.5176608687615953e-05
8914,0.027706963941454887,0.004600569140166044,0.022979700937867165,2.5338695195387118e-05
8915,0.027707042172551155,0.004593647550791502,0.02298755757510662,2.5167135390802287e-05
8916,0.02770705707371235,0.004600947722792625,0.022979333996772766,2.5355195248266682e-05
8917,0.02770693227648735,0.004594055935740471,0.022987093776464462,2.5156608899123967e-05
8918,0.027706792578101158,0.0045998538844287395,0.022980069741606712,2.5373627067892812e-05
8919,0.027706660330295563,0.004595516715198755,0.022985439747571945,2.514076368242968e-05
8920,0.027706580236554146,0.004598110914230347,0.02298145741224289,2.5402468963875435e-05
8921,0.027706662192940712,0.004597233608365059,0.02298385091125965,2.511551974748727e-05
8922,0.027706755325198174,0.004596616141498089,0.022982876747846603,2.5452214686083607e-05
8923,0.027706896886229515,0.004598518367856741,0.02298298478126526,2.5078770704567432e-05
8924,0.027707047760486603,0.0045958394184708595,0.022983524948358536,2.5536906832712702e-05
8925,0.02770732343196869,0.004598939325660467,0.022983219474554062,2.5032875782926567e-05
8926,0.027707526460289955,0.004596013110131025,0.022983118891716003,2.567861884017475e-05
8927,0.02770780399441719,0.004598447121679783,0.022984420880675316,2.498713911336381e-05
8928,0.027708275243639946,0.004596982151269913,0.022981703281402588,2.5917859602486715e-05
8929,0.027709005400538445,0.004597354214638472,0.022986821830272675,2.4965689590317197e-05
8930,0.02771001309156418,0.0045985071919858456,0.02297985553741455,2.6329975298722275e-05
8931,0.027711566537618637,0.004596068989485502,0.022990364581346512,2.5026678486028686e-05
8932,0.027713872492313385,0.004600381013005972,0.022978179156780243,2.7062242224928923e-05
8933,0.027717225253582,0.004594971891492605,0.022995725274086,2.5305515009677038e-05
8934,0.027722040191292763,0.004602656699717045,0.022977400571107864,2.8396611014613882e-05
8935,0.027728959918022156,0.004594420548528433,0.023004069924354553,2.6093743144883774e-05
8936,0.027738559991121292,0.00460568442940712,0.022978832945227623,3.0808605515630916e-05
8937,0.027751555666327477,0.004594855010509491,0.023017287254333496,2.788261917885393e-05
8938,0.027768149971961975,0.0046099647879600525,0.022984271869063377,3.4782744478434324e-05
8939,0.027787446975708008,0.004596499260514975,0.023036114871501923,3.096645377809182e-05
8940,0.02780640870332718,0.004615099634975195,0.022993318736553192,3.959805326303467e-05
8941,0.0278194360435009,0.004598306026309729,0.023052334785461426,3.375888627488166e-05
8942,0.027819301933050156,0.004617391154170036,0.022996896877884865,4.1002873331308365e-05
8943,0.027801519259810448,0.004597009625285864,0.0230446457862854,3.197261321474798e-05
8944,0.027769332751631737,0.004611935466527939,0.022984812036156654,3.451716838753782e-05
8945,0.027734627947211266,0.004593258257955313,0.023009680211544037,2.6337900635553524e-05
8946,0.027711527422070503,0.004602980334311724,0.022976340726017952,2.6441495720064268e-05
8947,0.027707166969776154,0.004594731610268354,0.02298402041196823,2.5682787963887677e-05
8948,0.027718372642993927,0.004598957486450672,0.022992629557847977,2.5357376216561534e-05
8949,0.027735134586691856,0.004601762164384127,0.02298227697610855,3.021903285116423e-05
8950,0.027746299281716347,0.004597917199134827,0.023011911660432816,2.729393781919498e-05
8951,0.027745481580495834,0.0046059442684054375,0.02298233099281788,3.14414719468914e-05
8952,0.02773374877870083,0.004594947677105665,0.023007385432720184,2.628317815833725e-05
8953,0.02771853841841221,0.004604059737175703,0.022976484149694443,2.7598947781370953e-05
8954,0.027708299458026886,0.004592809826135635,0.022990427911281586,2.5012492187670432e-05
8955,0.027707312256097794,0.00460148835554719,0.0229807049036026,2.5024010028573684e-05
8956,0.027713488787412643,0.004595333244651556,0.022983700037002563,2.6890971639659256e-05
8957,0.027721047401428223,0.004600617568939924,0.02299330197274685,2.542554648243822e-05
8958,0.027724532410502434,0.004598912782967091,0.022983193397521973,2.848529584298376e-05
8959,0.027721919119358063,0.004598728846758604,0.022995898500084877,2.5458128220634535e-05
8960,0.027715269476175308,0.004599595908075571,0.022980131208896637,2.7108701033284888e-05
8961,0.027708856388926506,0.004596134647727013,0.02298780530691147,2.4983160983538255e-05
8962,0.02770603634417057,0.004599113017320633,0.022980447858572006,2.5295001250924543e-05
8963,0.02770742028951645,0.004595679696649313,0.02298249490559101,2.5848954464890994e-05
8964,0.02771109901368618,0.0045995693653821945,0.022986499592661858,2.5005927454913035e-05
8965,0.027714094147086143,0.004596787039190531,0.022982491180300713,2.6963405616697855e-05
8966,0.02771443873643875,0.004599760286509991,0.02298922836780548,2.5089730115723796e-05
8967,0.027712207287549973,0.004596929531544447,0.022982338443398476,2.6587906177155674e-05
8968,0.02770889364182949,0.0045989579521119595,0.022985028102993965,2.4981278329505585e-05
8969,0.0277064461261034,0.004596341866999865,0.022982623428106308,2.5496412490610965e-05
8970,0.027705920860171318,0.00459839403629303,0.022980408743023872,2.5423527404200286e-05
8971,0.027707060799002647,0.004596450831741095,0.02298552729189396,2.5016561266966164e-05
8972,0.027708690613508224,0.004598481580615044,0.022979378700256348,2.6166071620536968e-05
8973,0.02770969644188881,0.004597122315317392,0.022987596690654755,2.4995744752231985e-05
8974,0.027709409594535828,0.004598170984536409,0.022980067878961563,2.623428918013815e-05
8975,0.02770816907286644,0.004597636871039867,0.022985590621829033,2.4988623408717103e-05
8976,0.027706773951649666,0.004597187042236328,0.022981325164437294,2.565242539276369e-05
8977,0.027705874294042587,0.0045981197617948055,0.02298179268836975,2.519215013307985e-05
8978,0.02770579792559147,0.004596296232193708,0.022983690723776817,2.516198219382204e-05
8979,0.027706416323781013,0.004598795901983976,0.02297937497496605,2.564917303971015e-05
8980,0.027707085013389587,0.004595953971147537,0.022986050695180893,2.5015913706738502e-05
8981,0.02770748920738697,0.0045992182567715645,0.022978726774454117,2.5908970201271586e-05
8982,0.027707355096936226,0.004595937207341194,0.022986359894275665,2.501153721823357e-05
8983,0.02770676277577877,0.004599034320563078,0.022979075089097023,2.573065648903139e-05
8984,0.027706144377589226,0.004596136510372162,0.02298453077673912,2.509524165361654e-05
8985,0.02770569734275341,0.004598464351147413,0.02298036403954029,2.537352884246502e-05
8986,0.027705593034625053,0.004596604499965906,0.02298237569630146,2.532265534682665e-05
8987,0.027705788612365723,0.004597924184054136,0.022982168942689896,2.5139164790743962e-05
8988,0.02770611084997654,0.004597198683768511,0.022981077432632446,2.5567092961864546e-05
8989,0.02770627848803997,0.0045975372195243835,0.02298342064023018,2.5064176952582784e-05
8990,0.02770628221333027,0.004597580060362816,0.022980552166700363,2.562985355325509e-05
8991,0.02770613133907318,0.004597289953380823,0.022983428090810776,2.508292527636513e-05
8992,0.027705853804945946,0.004597675055265427,0.0229807086288929,2.549405508034397e-05
8993,0.02770557999610901,0.004597172606736422,0.022982507944107056,2.518003930163104e-05
8994,0.02770550549030304,0.004597627557814121,0.022981364279985428,2.5302902940893546e-05
8995,0.027705499902367592,0.0045972238294780254,0.022981606423854828,2.533388396841474e-05
8996,0.027705593034625053,0.004597614984959364,0.02298210933804512,2.5173505491693504e-05
8997,0.027705680578947067,0.0045972783118486404,0.02298109605908394,2.546113137213979e-05
8998,0.0277057196944952,0.004597633611410856,0.022982453927397728,2.512634455342777e-05
8999,0.02770574577152729,0.0045972345396876335,0.022981079295277596,2.5486608137725852e-05
9000,0.02770567126572132,0.004597750958055258,0.02298220433294773,2.514300649636425e-05
9001,0.02770540490746498,0.004597385413944721,0.022981708869338036,2.526207026676275e-05
9002,0.027705583721399307,0.004597205203026533,0.0229811854660511,2.5438628654228523e-05
9003,0.027705354616045952,0.0045974659733474255,0.022981364279985428,2.530495657993015e-05
9004,0.02770553156733513,0.004597683437168598,0.022982008755207062,2.516805579944048e-05
9005,0.027705350890755653,0.004597376566380262,0.022981707006692886,2.5253340936615132e-05
9006,0.027705442160367966,0.004597233142703772,0.02298119105398655,2.540367677283939e-05
9007,0.027705376967787743,0.0045974901877343655,0.022981323301792145,2.531249265302904e-05
9008,0.02770545892417431,0.0045976415276527405,0.02298186719417572,2.5189952793880366e-05
9009,0.027705339714884758,0.0045973691157996655,0.02298172190785408,2.5249704776797444e-05
9010,0.027705401182174683,0.004597275517880917,0.022981245070695877,2.5375962650286965e-05
9011,0.027705352753400803,0.004597514867782593,0.02298125997185707,2.531545214878861e-05
9012,0.02770538069307804,0.004597617778927088,0.02298172004520893,2.5208595616277307e-05
9013,0.02770528942346573,0.004597369581460953,0.0229816734790802,2.5249137252103537e-05
9014,0.027705347165465355,0.004597306251525879,0.022981269285082817,2.5354293029522523e-05
9015,0.027705270797014236,0.004597530234605074,0.02298116311430931,2.531559584895149e-05
9016,0.027705341577529907,0.004597598686814308,0.02298162318766117,2.522401700844057e-05
9017,0.027705252170562744,0.004597371444106102,0.02298162691295147,2.5250625185435638e-05
9018,0.027705278247594833,0.004597335588186979,0.022981252521276474,2.5337867555208504e-05
9019,0.027705280110239983,0.004597519990056753,0.02298119105398655,2.531371865188703e-05
9020,0.027705268934369087,0.00459757586941123,0.02298150770366192,2.523696457501501e-05
9021,0.027705250307917595,0.004597388207912445,0.022981593385338783,2.5253588319174014e-05
9022,0.027705242857336998,0.004597354214638472,0.02298126183450222,2.532535290811211e-05
9023,0.027705248445272446,0.004597533028572798,0.022981159389019012,2.5311095669167116e-05
9024,0.02770524099469185,0.004597553517669439,0.022981449961662292,2.5247365556424484e-05
9025,0.02770521119236946,0.0045973979867994785,0.02298152819275856,2.5257189918193035e-05
9026,0.0277052354067564,0.004597385413944721,0.022981269285082817,2.531595600885339e-05
9027,0.027705200016498566,0.004597543738782406,0.02298111468553543,2.530830170144327e-05
9028,0.027705205604434013,0.004597543738782406,0.02298138476908207,2.5255718355765566e-05
9029,0.027705222368240356,0.004597409162670374,0.022981509566307068,2.52609679591842e-05
9030,0.027705185115337372,0.004597395658493042,0.022981245070695877,2.530873280193191e-05
9031,0.02770521119236946,0.00459753954783082,0.02298114448785782,2.530541860323865e-05
9032,0.02770514413714409,0.004597536753863096,0.022981295362114906,2.5262404960813e-05
9033,0.027705149725079536,0.004597398452460766,0.0229814276099205,2.5264685973525047e-05
9034,0.027705179527401924,0.004597424063831568,0.02298123762011528,2.5303692382294685e-05
9035,0.02770511619746685,0.004597544204443693,0.022981058806180954,2.5302717403974384e-05
9036,0.027705173939466476,0.0045975311659276485,0.022981304675340652,2.526752359699458e-05
9037,0.02770514041185379,0.004597421269863844,0.02298137918114662,2.5268007448175922e-05
9038,0.027705136686563492,0.004597433377057314,0.022981204092502594,2.5300008928752504e-05
9039,0.027705121785402298,0.004597533028572798,0.022981086745858192,2.5300198103650473e-05
9040,0.027705127373337746,0.0045975190587341785,0.022981250658631325,2.52715362876188e-05
9041,0.027705088257789612,0.004597436636686325,0.022981295362114906,2.5271097911172546e-05
9042,0.027705105021595955,0.004597458988428116,0.02298116125166416,2.5297045795014128e-05
9043,0.027705112472176552,0.004597533028572798,0.02298108860850334,2.529818084440194e-05
9044,0.027705103158950806,0.004597524646669626,0.022981204092502594,2.527494143578224e-05
9045,0.02770504727959633,0.00459744269028306,0.02298123575747013,2.5273831852246076e-05
9046,0.027705105021595955,0.004597472958266735,0.022981155663728714,2.529512312321458e-05
9047,0.02770504355430603,0.0045975311659276485,0.022981029003858566,2.5296665626228787e-05
9048,0.027705036103725433,0.004597512073814869,0.022981135174632072,2.5277582608396187e-05
9049,0.02770504541695118,0.004597455728799105,0.022981207817792892,2.527632204873953e-05
9050,0.02770504727959633,0.004597491584718227,0.022981086745858192,2.5293935323134065e-05
9051,0.027705026790499687,0.00459753954783082,0.022981010377407074,2.529536868678406e-05
9052,0.027705002576112747,0.00459751021116972,0.02298109233379364,2.5279714463977143e-05
9053,0.027704991400241852,0.004597466439008713,0.022981133311986923,2.5278401153627783e-05
9054,0.027704985812306404,0.004597495775669813,0.022981025278568268,2.529295306885615e-05
9055,0.027705036103725433,0.004597541410475969,0.02298102341592312,2.5294208171544597e-05
9056,0.02770499885082245,0.004597519990056753,0.022981071844697,2.5281311536673456e-05
9057,0.027704965323209763,0.004597478546202183,0.022981083020567894,2.5280392947024666e-05
9058,0.027704965323209763,0.00459749810397625,0.022981004789471626,2.5292370992247015e-05
9059,0.027704989537596703,0.004597540479153395,0.022980982437729836,2.529341509216465e-05
9060,0.027704982087016106,0.004597523715347052,0.02298104390501976,2.528288314351812e-05
9061,0.027704961597919464,0.004597489256411791,0.022981062531471252,2.5282086426159367e-05
9062,0.027704976499080658,0.004597523715347052,0.02298099175095558,2.5291959900641814e-05
9063,0.027704911306500435,0.004597542341798544,0.022980904206633568,2.5292945792898536e-05
9064,0.027704928070306778,0.004597519524395466,0.022980988025665283,2.5284180082962848e-05
9065,0.027704937383532524,0.004597503691911697,0.02298101596534252,2.5283599825343117e-05
9066,0.027704931795597076,0.004597515799105167,0.022980956360697746,2.529183984734118e-05
9067,0.027704905718564987,0.004597549792379141,0.022980893030762672,2.529260927985888e-05
9068,0.027704907581210136,0.004597521852701902,0.022980958223342896,2.5285404262831435e-05
9069,0.027704918757081032,0.004597516264766455,0.02298097498714924,2.5285224182880484e-05
9070,0.027704890817403793,0.004597535822540522,0.02298089675605297,2.5291841666330583e-05
9071,0.027704881504178047,0.00459755165502429,0.022980868816375732,2.5292263671872206e-05
9072,0.027704859152436256,0.004597535822540522,0.022980891168117523,2.528669938328676e-05
9073,0.027704842388629913,0.004597514867782593,0.02298089489340782,2.5286601157858968e-05
9074,0.027704866603016853,0.004597554448992014,0.02298085391521454,2.5291734345955774e-05
9075,0.027704907581210136,0.004597566556185484,0.022980879992246628,2.5292010832345113e-05
9076,0.027704855427145958,0.00459753954783082,0.02298087812960148,2.528760705899913e-05
9077,0.027704840525984764,0.004597525577992201,0.02298087626695633,2.5287727112299763e-05
9078,0.027704816311597824,0.004597548861056566,0.022980809211730957,2.52918507612776e-05
9079,0.027704821899533272,0.0045975493267178535,0.022980811074376106,2.5291999918408692e-05
9080,0.027704857289791107,0.004597542807459831,0.02298087254166603,2.528855657146778e-05
9081,0.027704810723662376,0.004597533028572798,0.022980833426117897,2.5288754841312766e-05
9082,0.027704838663339615,0.0045975614339113235,0.022980816662311554,2.5292130885645747e-05
9083,0.02770477719604969,0.0045975567772984505,0.022980758920311928,2.5292069040006027e-05
9084,0.027704808861017227,0.004597559105604887,0.02298080362379551,2.5289318728027865e-05
9085,0.02770480513572693,0.004597558174282312,0.02298079803586006,2.528973163862247e-05
9086,0.027704808861017227,0.0045975628308951855,0.022980783134698868,2.5292465579696e-05
9087,0.02770479954779148,0.004597563296556473,0.02298077568411827,2.529228186176624e-05
9088,0.027704758569598198,0.004597552120685577,0.02298075519502163,2.5290195480920374e-05
9089,0.02770477719604969,0.004597555845975876,0.022980768233537674,2.529056291677989e-05
9090,0.027704687789082527,0.004597559105604887,0.022980663925409317,2.5292956706834957e-05
9091,0.027704767882823944,0.004597571678459644,0.022980734705924988,2.529258381400723e-05
9092,0.02770470827817917,0.004597566556185484,0.022980686277151108,2.529085031710565e-05
9093,0.027704741805791855,0.0045975688844919205,0.022980714216828346,2.5291554266004823e-05
9094,0.02770472690463066,0.004597572144120932,0.022980688139796257,2.5293380531365983e-05
9095,0.027704719454050064,0.00459757074713707,0.02298068441450596,2.5292905775131658e-05
9096,0.027704689651727676,0.004597566090524197,0.022980663925409317,2.5291647034464404e-05
9097,0.02770473249256611,0.004597578197717667,0.022980693727731705,2.5292223654105328e-05
9098,0.027704695239663124,0.004597582388669252,0.022980645298957825,2.529376433813013e-05
9099,0.027704691514372826,0.004597574006766081,0.022980650886893272,2.529334778955672e-05
9100,0.027704734355211258,0.0045975735411047935,0.022980697453022003,2.529234188841656e-05
9101,0.027704698964953423,0.004597592167556286,0.022980641573667526,2.5292900318163447e-05
9102,0.02770465426146984,0.0045975809916853905,0.022980602458119392,2.5294268198194914e-05
9103,0.027704676613211632,0.004597568418830633,0.022980637848377228,2.5293951694038697e-05
9104,0.027704671025276184,0.004597590770572424,0.022980615496635437,2.5292987629654817e-05
9105,0.027704672887921333,0.004597583785653114,0.022980621084570885,2.529356424929574e-05
9106,0.02770465984940529,0.004597584716975689,0.022980600595474243,2.529472840251401e-05
9107,0.02770465426146984,0.004597607534378767,0.022980574518442154,2.5294413717347197e-05
9108,0.027704648673534393,0.004597589373588562,0.022980591282248497,2.5293613362009637e-05
9109,0.027704626321792603,0.0045975917018949986,0.02298056334257126,2.5294228180428036e-05
9110,0.027704637497663498,0.004597596824169159,0.022980565205216408,2.5295166778960265e-05
9111,0.027704590931534767,0.0045975930988788605,0.022980522364377975,2.5294926672358997e-05
9112,0.027704598382115364,0.004597596358507872,0.022980529814958572,2.5294375518569723e-05
9113,0.027704602107405663,0.0045975930988788605,0.02298053540289402,2.5294879378634505e-05
9114,0.027704577893018723,0.0045975991524755955,0.022980501875281334,2.52956469921628e-05
9115,0.027704618871212006,0.004597614984959364,0.022980526089668274,2.52954414463602e-05
9116,0.027704598382115364,0.004597611725330353,0.02298051118850708,2.5295001250924543e-05
9117,0.027704553678631783,0.004597602877765894,0.022980473935604095,2.5295434170402586e-05
9118,0.02770456299185753,0.004597608931362629,0.022980472072958946,2.5296045350842178e-05
9119,0.027704570442438126,0.00459762429818511,0.0229804664850235,2.5296003514085896e-05
9120,0.02770455926656723,0.00459760706871748,0.022980473935604095,2.529562152631115e-05
9121,0.027704542502760887,0.004597608000040054,0.022980455309152603,2.529598532419186e-05
9122,0.027704525738954544,0.004597613122314215,0.022980429232120514,2.5296531021012925e-05
9123,0.027704531326889992,0.004597612656652927,0.02298043668270111,2.5296596504631452e-05
9124,0.027704505249857903,0.004597615450620651,0.022980408743023872,2.5296239982708357e-05
9125,0.0277045089751482,0.004597614984959364,0.02298041060566902,2.52965182880871e-05
9126,0.027704522013664246,0.004597614053636789,0.022980423644185066,2.5297002139268443e-05
9127,0.027704475447535515,0.004597623832523823,0.02298036590218544,2.529722587496508e-05
9128,0.027704492211341858,0.004597623832523823,0.022980384528636932,2.529691300878767e-05
9129,0.027704495936632156,0.004597615450620651,0.022980395704507828,2.529706216591876e-05
9130,0.02770448476076126,0.004597633611410856,0.02298036217689514,2.529766243242193e-05
9131,0.027704469859600067,0.004597638733685017,0.02298034355044365,2.529780613258481e-05
9132,0.027704454958438873,0.0045976233668625355,0.02298034355044365,2.5297546017100103e-05
9133,0.027704432606697083,0.004597637336701155,0.022980306297540665,2.529779521864839e-05
9134,0.027704456821084023,0.004597627557814121,0.02298033982515335,2.5298208129242994e-05
9135,0.02770446054637432,0.004597638268023729,0.022980330511927605,2.52984173130244e-05
9136,0.027704419568181038,0.0045976280234754086,0.022980300709605217,2.5298122636741027e-05
9137,0.027704406529664993,0.004597633611410856,0.022980280220508575,2.529833000153303e-05
9138,0.02770438976585865,0.004597625695168972,0.02298026904463768,2.5298910259152763e-05
9139,0.027704421430826187,0.004597633145749569,0.02298029325902462,2.5299092158093117e-05
9140,0.027704430744051933,0.004597657360136509,0.022980280220508575,2.529880657675676e-05
9141,0.027704373002052307,0.004597642458975315,0.022980235517024994,2.5299017579527572e-05
9142,0.027704432606697083,0.004597655963152647,0.022980278357863426,2.5299535991507582e-05
9143,0.027704373002052307,0.004597650375217199,0.0229802243411541,2.5299625121988356e-05
9144,0.02770434506237507,0.004597642458975315,0.022980203852057457,2.5299490516772494e-05
9145,0.027704378589987755,0.004597649909555912,0.022980231791734695,2.529973971832078e-05
9146,0.027704359963536263,0.0045976582914590836,0.02298020012676716,2.530019082769286e-05
9147,0.027704359963536263,0.0045976536348462105,0.022980205714702606,2.5300254492321983e-05
9148,0.02770432084798813,0.004597642458975315,0.022980179637670517,2.5300079869339243e-05
9149,0.027704328298568726,0.004597657825797796,0.02298016846179962,2.530033998482395e-05
9150,0.02770434319972992,0.004597668536007404,0.02298017218708992,2.5300789275206625e-05
9151,0.027704324573278427,0.0045976536348462105,0.022980166599154472,2.5300849301856942e-05
9152,0.02770429663360119,0.0045976596884429455,0.022980133071541786,2.5300721972598694e-05
9153,0.02770429477095604,0.004597668070346117,0.02298012189567089,2.5300912966486067e-05
9154,0.027704285457730293,0.004597663879394531,0.022980114445090294,2.5301324058091268e-05
9155,0.027704231441020966,0.0045976643450558186,0.022980060428380966,2.53014422924025e-05
9156,0.027704276144504547,0.00459766760468483,0.02298010140657425,2.5301367713836953e-05
9157,0.027704274281859398,0.00459767272695899,0.022980093955993652,2.5301505957031623e-05
9158,0.027704263105988503,0.004597672261297703,0.022980082780122757,2.5301938876509666e-05
9159,0.027704261243343353,0.00459766760468483,0.022980082780122757,2.5302068024757318e-05
9160,0.02770424634218216,0.004597681574523449,0.02298005484044552,2.5302069843746722e-05
9161,0.02770426869392395,0.004597685765475035,0.02298007160425186,2.5302219000877813e-05
9162,0.027704237028956413,0.004597672261297703,0.02298005297780037,2.530249003029894e-05
9163,0.02770421653985977,0.004597671329975128,0.022980032488703728,2.5302646463387646e-05
9164,0.027704205363988876,0.004597678314894438,0.022980013862252235,2.5302701033069752e-05
9165,0.027704209089279175,0.004597683437168598,0.022980010136961937,2.5302888388978317e-05
9166,0.027704201638698578,0.004597672261297703,0.022980013862252235,2.5303046641056426e-05
9167,0.02770419791340828,0.004597693216055632,0.022979987785220146,2.5303188522229902e-05
9168,0.02770424447953701,0.0045976946130394936,0.022980034351348877,2.5303303118562326e-05
9169,0.02770419605076313,0.004597682040184736,0.022979997098445892,2.530346864659805e-05
9170,0.02770416997373104,0.004597699735313654,0.02297995239496231,2.530365964048542e-05
9171,0.027704207226634026,0.004597702529281378,0.022979985922574997,2.5303826987510547e-05
9172,0.027704203501343727,0.004597692750394344,0.022979991510510445,2.5303877919213846e-05
9173,0.02770417556166649,0.004597698803991079,0.02297995612025261,2.5304118025815114e-05
9174,0.027704155072569847,0.004597701597958803,0.02297993190586567,2.5304247174062766e-05
9175,0.0277041494846344,0.004597707651555538,0.022979918867349625,2.5304430891992524e-05
9176,0.027704158797860146,0.004597704391926527,0.02297993190586567,2.530451638449449e-05
9177,0.027704142034053802,0.0045977090485394,0.02297990955412388,2.5304738301201724e-05
9178,0.02770411968231201,0.004597702994942665,0.022979892790317535,2.530492201913148e-05
9179,0.02770409733057022,0.0045977006666362286,0.022979870438575745,2.5305025701527484e-05
9180,0.02770410291850567,0.004597709979861975,0.022979866713285446,2.5305240342277102e-05
9181,0.027704082429409027,0.00459771603345871,0.022979840636253357,2.5305334929726087e-05
9182,0.027704106643795967,0.004597711842507124,0.022979866713285446,2.53054440690903e-05
9183,0.027704084292054176,0.004597713239490986,0.022979844361543655,2.5305585950263776e-05
9184,0.02770407870411873,0.004597723484039307,0.022979825735092163,2.5305827875854447e-05
9185,0.02770407311618328,0.004597717430442572,0.022979823872447014,2.530609162931796e-05
9186,0.027704063802957535,0.0045977188274264336,0.022979814559221268,2.5305960662080906e-05
9187,0.027704063802957535,0.004597712308168411,0.022979820147156715,2.5306453608209267e-05
9188,0.02770400419831276,0.004597720690071583,0.022979751229286194,2.530655729060527e-05
9189,0.027703991159796715,0.004597711376845837,0.022979747503995895,2.5306446332251653e-05
9190,0.027704060077667236,0.0045977309346199036,0.022979794070124626,2.53068810707191e-05
9191,0.027704045176506042,0.004597726743668318,0.02297978289425373,2.5307099349447526e-05
9192,0.027703996747732162,0.004597728606313467,0.0229797326028347,2.5307015675934963e-05
9193,0.027704019099473953,0.004597714636474848,0.022979769855737686,2.530713209125679e-05
9194,0.02770400606095791,0.004597722552716732,0.022979745641350746,2.530760866648052e-05
9195,0.027704017236828804,0.004597727209329605,0.022979751229286194,2.530763413233217e-05
9196,0.027703991159796715,0.004597736056894064,0.02297971583902836,2.5307597752544098e-05
9197,0.027703991159796715,0.0045977430418133736,0.02297971025109291,2.5307861506007612e-05
9198,0.027703993022441864,0.004597739316523075,0.02297971211373806,2.530828169255983e-05
9199,0.027703944593667984,0.004597739316523075,0.02297966554760933,2.530816891521681e-05
9200,0.02770395390689373,0.004597728606313467,0.02297968417406082,2.530827077862341e-05
9201,0.027703948318958282,0.0045977309346199036,0.022979672998189926,2.5308692784165032e-05
9202,0.027703942731022835,0.00459773326292634,0.02297966554760933,2.530880919948686e-05
9203,0.027703972533345222,0.004597752820700407,0.022979674860835075,2.530873280193191e-05
9204,0.02770392596721649,0.004597741644829512,0.02297963947057724,2.5309031116194092e-05
9205,0.02770393341779709,0.004597743973135948,0.02297964319586754,2.5309433112852275e-05
9206,0.027703937143087387,0.004597750958055258,0.02297963760793209,2.530948222556617e-05
9207,0.02770387753844261,0.004597758408635855,0.022979572415351868,2.5309376724180765e-05
9208,0.027703866362571716,0.004597748629748821,0.02297957055270672,2.5309685952379368e-05
9209,0.02770388498902321,0.004597743507474661,0.02297959104180336,2.531002064642962e-05
9210,0.02770390920341015,0.004597771447151899,0.022979585453867912,2.531026075303089e-05
9211,0.02770386077463627,0.004597755614668131,0.022979555651545525,2.5310137061751448e-05
9212,0.027703864499926567,0.004597754683345556,0.022979557514190674,2.5310324417660013e-05
9213,0.027703849598765373,0.004597759339958429,0.022979537025094032,2.5310673663625494e-05
9214,0.02770381234586239,0.004597760271281004,0.02297949604690075,2.5310950150014833e-05
9215,0.02770385518670082,0.004597763065248728,0.02297953888773918,2.531084101065062e-05
9216,0.027703842148184776,0.004597766790539026,0.02297952026128769,2.5311053832410835e-05
9217,0.02770378440618515,0.004597763065248728,0.022979464381933212,2.5311437639174983e-05
9218,0.02770380489528179,0.004597768187522888,0.022979479283094406,2.531148675188888e-05
9219,0.02770381234586239,0.004597772844135761,0.022979483008384705,2.5311494027846493e-05
9220,0.027703816071152687,0.004597760736942291,0.02297949604690075,2.5311735953437164e-05
9221,0.027703823521733284,0.004597774241119623,0.0229794904589653,2.5312037905678153e-05
9222,0.027703817933797836,0.004597765393555164,0.0229794941842556,2.531200516386889e-05
9223,0.027703773230314255,0.004597775172442198,0.022979436442255974,2.531218524381984e-05
9224,0.027703797444701195,0.004597772844135761,0.022979464381933212,2.531237987568602e-05
9225,0.027703769505023956,0.004597784020006657,0.02297942340373993,2.5312696379842237e-05
9226,0.027703747153282166,0.004597769118845463,0.022979415953159332,2.531264181016013e-05
9227,0.0277037862688303,0.00459779379889369,0.022979428991675377,2.5312776415375993e-05
9228,0.027703719213604927,0.004597780294716358,0.0229793731123209,2.5313012883998454e-05
9229,0.02770373225212097,0.00459778867661953,0.0229793768376112,2.5313296646345407e-05
9230,0.02770373784005642,0.0045977807603776455,0.022979389876127243,2.5313302103313617e-05
9231,0.027703747153282166,0.004597796592861414,0.022979384288191795,2.5313420337624848e-05
9232,0.027703722938895226,0.0045977807603776455,0.0229793731123209,2.5313751393696293e-05
9233,0.027703724801540375,0.004597794730216265,0.022979360073804855,2.5313933292636648e-05
9234,0.02770373411476612,0.004597790539264679,0.02297937497496605,2.531390418880619e-05
9235,0.027703702449798584,0.004597789607942104,0.022979341447353363,2.5314227968920022e-05
9236,0.027703668922185898,0.004597786348313093,0.022979309782385826,2.531443715270143e-05
9237,0.0277036651968956,0.004597803112119436,0.022979289293289185,2.5314629965578206e-05
9238,0.0277036614716053,0.004597789142280817,0.02297929860651493,2.5314706363133155e-05
9239,0.027703702449798584,0.004597805440425873,0.02297932282090187,2.5314973754575476e-05
9240,0.02770364098250866,0.004597797524183989,0.022979266941547394,2.5315272068837658e-05
9241,0.02770366333425045,0.004597810097038746,0.02297927811741829,2.531538666517008e-05
9242,0.0277036651968956,0.004597813356667757,0.02297927439212799,2.531553946027998e-05
9243,0.02770361676812172,0.004597806837409735,0.02297923155128956,2.531571954023093e-05
9244,0.02770363725721836,0.004597813822329044,0.022979244589805603,2.531599602662027e-05
9245,0.027703583240509033,0.004597807303071022,0.022979196161031723,2.531610880396329e-05
9246,0.02770358882844448,0.004597812425345182,0.022979194298386574,2.5316210667369887e-05
9247,0.027703598141670227,0.004597821272909641,0.022979196161031723,2.531643258407712e-05
9248,0.027703573927283287,0.004597812425345182,0.02297917753458023,2.5316625396953896e-05
9249,0.02770359255373478,0.004597813822329044,0.022979196161031723,2.5316780011053197e-05
9250,0.02770356833934784,0.0045978291891515255,0.02297915332019329,2.5316887331428006e-05
9251,0.027703596279025078,0.004597821738570929,0.022979188710451126,2.5317149265902117e-05
9252,0.027703581377863884,0.004597826860845089,0.022979166358709335,2.531727841414977e-05
9253,0.02770356461405754,0.004597826395183802,0.02297915145754814,2.5317431209259667e-05
9254,0.027703551575541496,0.004597832448780537,0.02297913283109665,2.5317563995486125e-05
9255,0.027703600004315376,0.004597831517457962,0.02297917939722538,2.5317742256447673e-05
9256,0.02770353853702545,0.004597828723490238,0.022979121655225754,2.531792597437743e-05
9257,0.027703488245606422,0.0045978291891515255,0.022979067638516426,2.53180642175721e-05
9258,0.02770349755883217,0.004597833845764399,0.022979073226451874,2.531827885832172e-05
9259,0.027703503146767616,0.004597822204232216,0.022979088127613068,2.5318482585134916e-05
9260,0.027703506872057915,0.004597845952957869,0.022979067638516426,2.5318713596789166e-05
9261,0.027703536674380302,0.004597851540893316,0.022979089990258217,2.5318880943814293e-05
9262,0.027703486382961273,0.004597833845764399,0.02297905832529068,2.5319062842754647e-05
9263,0.02770349197089672,0.004597840365022421,0.02297905460000038,2.5319237465737388e-05
9264,0.027703488245606422,0.00459784222766757,0.022979047149419785,2.5319548512925394e-05
9265,0.027703486382961273,0.0045978412963449955,0.022979047149419785,2.5319672204204835e-05
9266,0.027703464031219482,0.004597851075232029,0.0229790136218071,2.5319875931018032e-05
9267,0.027703458443284035,0.004597852472215891,0.0229790061712265,2.532012149458751e-05
9268,0.02770341746509075,0.004597847815603018,0.022978967055678368,2.5320307031506673e-05
9269,0.027703411877155304,0.004597848281264305,0.02297896146774292,2.5320356144220568e-05
9270,0.027703439816832542,0.004597847815603018,0.02297898940742016,2.5320494387415238e-05
9271,0.02770342119038105,0.004597845952957869,0.022978970780968666,2.5320759959868155e-05
9272,0.027703432366251945,0.004597859922796488,0.022978968918323517,2.5320892746094614e-05
9273,0.02770339511334896,0.004597846884280443,0.022978942841291428,2.532104372221511e-05
9274,0.027703391388058662,0.004597865976393223,0.022978920489549637,2.532117832743097e-05
9275,0.027703389525413513,0.00459785433486104,0.022978927940130234,2.532146027078852e-05
9276,0.027703387662768364,0.004597864579409361,0.02297891490161419,2.5321551220258698e-05
9277,0.027703365311026573,0.004597855731844902,0.022978901863098145,2.5321694920421578e-05
9278,0.027703387662768364,0.004597865045070648,0.02297891303896904,2.532188045734074e-05
9279,0.027703339233994484,0.004597862251102924,0.02297886833548546,2.5322084184153937e-05
9280,0.027703333646059036,0.004597865045070648,0.022978857159614563,2.5322315195808187e-05
9281,0.02770335227251053,0.004597876686602831,0.02297886461019516,2.5322397050331347e-05
9282,0.027703305706381798,0.004597862716764212,0.022978829219937325,2.532257349230349e-05
9283,0.02770332247018814,0.004597865976393223,0.02297884039580822,2.532296275603585e-05
9284,0.027703307569026947,0.004597860854119062,0.022978831082582474,2.532302460167557e-05
9285,0.027703355997800827,0.004597875755280256,0.02297886461019516,2.5323026420664974e-05
9286,0.027703315019607544,0.004597894847393036,0.022978803142905235,2.5323452064185403e-05
9287,0.02770332247018814,0.004597882274538279,0.022978823632001877,2.532355756557081e-05
9288,0.027703292667865753,0.004597879946231842,0.02297879382967949,2.532368125685025e-05
9289,0.027703240513801575,0.00459786644205451,0.022978752851486206,2.5324003217974678e-05
9290,0.027703266590833664,0.004597892519086599,0.022978752851486206,2.5324305170215666e-05
9291,0.02770329639315605,0.00459788553416729,0.02297879010438919,2.5324334274046123e-05
9292,0.027703281491994858,0.004597892053425312,0.0229787677526474,2.5324579837615602e-05
9293,0.027703233063220978,0.004597879480570555,0.022978728637099266,2.532490179874003e-05
9294,0.027703257277607918,0.004597898107022047,0.022978732362389565,2.5325181923108175e-05
9295,0.027703244239091873,0.004597892984747887,0.022978724911808968,2.5325151000288315e-05
9296,0.02770320326089859,0.004597896244376898,0.022978680208325386,2.5325300157419406e-05
9297,0.027703218162059784,0.004597904160618782,0.022978685796260834,2.5325716705992818e-05
9298,0.027703190222382545,0.004597900900989771,0.022978659719228745,2.5325873139081523e-05
9299,0.02770315855741501,0.004597892053425312,0.022978637367486954,2.5325880415039137e-05
9300,0.027703197672963142,0.004597907420247793,0.022978659719228745,2.5326058676000684e-05
9301,0.0277031809091568,0.004597896244376898,0.022978652268648148,2.5326433387817815e-05
9302,0.027703147381544113,0.004597892519086599,0.02297862246632576,2.532650250941515e-05
9303,0.0277031771838665,0.004597903229296207,0.022978639230132103,2.5326580725959502e-05
9304,0.02770315483212471,0.004597905557602644,0.022978615015745163,2.5326868126285262e-05
9305,0.02770313434302807,0.004597899504005909,0.02297860011458397,2.5327106413897127e-05
9306,0.02770313248038292,0.004597904626280069,0.022978592664003372,2.5327120965812355e-05
9307,0.027703111991286278,0.004597911145538092,0.022978562861680984,2.532735925342422e-05
9308,0.027703091502189636,0.004597914405167103,0.022978540509939194,2.5327586627099663e-05
9309,0.02770313061773777,0.004597927443683147,0.022978562861680984,2.5327746698167175e-05
9310,0.027703119441866875,0.004597922321408987,0.022978557273745537,2.5327803086838685e-05
9311,0.02770310267806053,0.004597909282892942,0.02297855168581009,2.5328192350571044e-05
9312,0.02770311012864113,0.004597920924425125,0.02297854796051979,2.532839607738424e-05
9313,0.027703095227479935,0.004597929306328297,0.02297852374613285,2.5328386982437223e-05
9314,0.02770310640335083,0.004597924649715424,0.022978538647294044,2.5328687115688808e-05
9315,0.02770307846367359,0.0045979260466992855,0.022978506982326508,2.532893449824769e-05
9316,0.027703028172254562,0.004597913008183241,0.022978469729423523,2.532910366426222e-05
9317,0.0277030598372221,0.004597927443683147,0.022978484630584717,2.532926191634033e-05
9318,0.027703048661351204,0.004597929306328297,0.02297847345471382,2.5329420168418437e-05
9319,0.02770301327109337,0.004597928840667009,0.022978436201810837,2.5329682102892548e-05
9320,0.027703015133738518,0.004597942810505629,0.022978423163294792,2.532975486246869e-05
9321,0.027703041210770607,0.0045979321002960205,0.022978458553552628,2.5330049538752064e-05
9322,0.027702990919351578,0.004597952123731375,0.022978387773036957,2.53302732744487e-05
9323,0.027703015133738518,0.004597940947860479,0.022978421300649643,2.5330376956844702e-05
9324,0.027703020721673965,0.004597932565957308,0.022978436201810837,2.533054976083804e-05
9325,0.02770300768315792,0.004597952123731375,0.022978400811553,2.5330891730845906e-05
9326,0.027703003957867622,0.0045979502610862255,0.022978398948907852,2.5331033612019382e-05
9327,0.02770296484231949,0.004597946535795927,0.022978361696004868,2.5331084543722682e-05
9328,0.027702994644641876,0.004597947467118502,0.022978389635682106,2.5331450160592794e-05
9329,0.0277029387652874,0.004597940016537905,0.022978341206908226,2.5331615688628517e-05
9330,0.027702953666448593,0.004597950726747513,0.022978344932198524,2.5331664801342413e-05
9331,0.027702953666448593,0.00459793908521533,0.02297835424542427,2.533197039156221e-05
9332,0.027702955529093742,0.004597961436957121,0.02297833375632763,2.5331994038424455e-05
9333,0.02770293317735195,0.004597947001457214,0.022978324443101883,2.5332203222205862e-05
9334,0.027702918276190758,0.004597956780344248,0.022978298366069794,2.5332574296044186e-05
9335,0.02770291268825531,0.004597953055053949,0.022978296503424644,2.5332636141683906e-05
9336,0.0277029350399971,0.00459797028452158,0.022978302091360092,2.533273982407991e-05
9337,0.027702903375029564,0.0045979623682796955,0.022978276014328003,2.5333129087812267e-05
9338,0.027702877297997475,0.004597961436957121,0.022978248074650764,2.5333405574201606e-05
9339,0.027702871710062027,0.004597955383360386,0.022978249937295914,2.5333365556434728e-05
9340,0.02770288847386837,0.0045979698188602924,0.022978251799941063,2.5333565645269118e-05
9341,0.02770286798477173,0.004597960505634546,0.02297823876142502,2.5333916710224003e-05
9342,0.02770288661122322,0.00459797028452158,0.022978244349360466,2.5334138626931235e-05
9343,0.027702854946255684,0.004597976803779602,0.02297820709645748,2.5334080419270322e-05
9344,0.027702849358320236,0.0045979805290699005,0.022978197783231735,2.533434053475503e-05
9345,0.0277028176933527,0.004597971681505442,0.022978173568844795,2.533464976295363e-05
9346,0.027702827006578445,0.0045979865826666355,0.0229781661182642,2.5334800739074126e-05
9347,0.0277028139680624,0.004597977735102177,0.02297816425561905,2.5334702513646334e-05
9348,0.027702808380126953,0.0045979744754731655,0.0229781586676836,2.5335026293760166e-05
9349,0.027702821418642998,0.0045979819260537624,0.0229781623929739,2.5335368263768032e-05
9350,0.027702808380126953,0.004597966093569994,0.0229781661182642,2.5335435566375963e-05
9351,0.027702778577804565,0.004597989376634359,0.02297811023890972,2.533557744754944e-05
9352,0.027702802792191505,0.00459798751398921,0.02297813631594181,2.5335850295959972e-05
9353,0.027702786028385162,0.004597995895892382,0.02297811023890972,2.5336066755698994e-05
9354,0.027702726423740387,0.004597994964569807,0.022978050634264946,2.533611041144468e-05
9355,0.027702732011675835,0.004597993567585945,0.022978056222200394,2.5336299586342648e-05
9356,0.027702786028385162,0.004597989842295647,0.02297811210155487,2.533670158300083e-05
9357,0.027702724561095238,0.004597987048327923,0.022978054359555244,2.5336832550237887e-05
9358,0.027702728286385536,0.004597995430231094,0.022978048771619797,2.53368907578988e-05
9359,0.027702689170837402,0.0045979926362633705,0.022978011518716812,2.533718361519277e-05
9360,0.02770271897315979,0.0045979940332472324,0.0229780375957489,2.5337600163766183e-05
9361,0.02770271897315979,0.004598000552505255,0.022978030145168304,2.5337631086586043e-05
9362,0.027702730149030685,0.004598014522343874,0.022978028282523155,2.533764927648008e-05
9363,0.02770272269845009,0.004598003812134266,0.022978028282523155,2.5338033083244227e-05
9364,0.02770267240703106,0.004597994964569807,0.022977985441684723,2.5338438717881218e-05
9365,0.027702679857611656,0.0045980061404407024,0.022977981716394424,2.5338396881124936e-05
9366,0.02770262584090233,0.004598008003085852,0.022977925837039948,2.5338375053252093e-05
9367,0.027702657505869865,0.004598025232553482,0.022977937012910843,2.5338878913316876e-05
9368,0.02770262397825718,0.004598010331392288,0.02297791838645935,2.533911720092874e-05
9369,0.02770262025296688,0.0045980061404407024,0.02297791838645935,2.5339022613479756e-05
9370,0.027702633291482925,0.004598008934408426,0.022977929562330246,2.5339191779494286e-05
9371,0.02770264260470867,0.004598021041601896,0.0229779239743948,2.5339601052110083e-05
9372,0.027702635154128075,0.004598029889166355,0.022977905347943306,2.53397120104637e-05
9373,0.02770262397825718,0.004598043859004974,0.022977881133556366,2.5339813873870298e-05
9374,0.027702605351805687,0.004598025698214769,0.022977879270911217,2.5340152205899358e-05
9375,0.027702583000063896,0.004598035477101803,0.02297784574329853,2.534035775170196e-05
9376,0.027702605351805687,0.004598043393343687,0.022977858781814575,2.5340412321384065e-05
9377,0.02770257368683815,0.004598026629537344,0.02297784388065338,2.5340665160911158e-05
9378,0.027702592313289642,0.004598029889166355,0.022977858781814575,2.5340908905491233e-05
9379,0.02770254760980606,0.004598043393343687,0.0229777991771698,2.534101440687664e-05
9380,0.027702571824193,0.0045980410650372505,0.02297782525420189,2.5341221771668643e-05
9381,0.027702540159225464,0.004598029889166355,0.0229778029024601,2.5341536456835456e-05
9382,0.02770252898335457,0.004598033614456654,0.022977786138653755,2.534177474444732e-05
9383,0.027702530845999718,0.004598040133714676,0.022977782413363457,2.5341778382426128e-05
9384,0.027702532708644867,0.004598038271069527,0.022977784276008606,2.5342065782751888e-05
9385,0.027702532708644867,0.004598034080117941,0.022977786138653755,2.534246232244186e-05
9386,0.02770254947245121,0.004598028026521206,0.022977806627750397,2.5342616936541162e-05
9387,0.02770248055458069,0.004598045255988836,0.022977720946073532,2.5342604203615338e-05
9388,0.02770250290632248,0.004598049912601709,0.022977739572525024,2.534290797484573e-05
9389,0.027702482417225838,0.004598049446940422,0.022977717220783234,2.5343151719425805e-05
9390,0.027702495455741882,0.004598051309585571,0.02297772653400898,2.5343342713313177e-05
9391,0.02770244888961315,0.004598058294504881,0.022977672517299652,2.534344093874097e-05
9392,0.027702461928129196,0.004598056897521019,0.022977687418460846,2.5343624656670727e-05
9393,0.02770244888961315,0.004598040599375963,0.022977689281105995,2.5343926608911715e-05
9394,0.027702461928129196,0.004598071798682213,0.022977670654654503,2.534401028242428e-05
9395,0.02770247869193554,0.004598063416779041,0.022977694869041443,2.5344194000354037e-05
9396,0.02770242467522621,0.004598052706569433,0.02297765016555786,2.5344321329612285e-05
9397,0.027702419087290764,0.004598068073391914,0.02297762781381607,2.5344712412334047e-05
9398,0.027702394872903824,0.004598063882440329,0.02297760546207428,2.53448415605817e-05
9399,0.027702411636710167,0.004598076455295086,0.022977609187364578,2.5345068934257142e-05
9400,0.02770238183438778,0.004598065745085478,0.022977590560913086,2.5345192625536583e-05
9401,0.02770240604877472,0.004598080646246672,0.022977598011493683,2.5345541871502064e-05
9402,0.02770237997174263,0.004598082508891821,0.022977568209171295,2.534569830459077e-05
9403,0.027702344581484795,0.004598066210746765,0.022977549582719803,2.5345696485601366e-05
9404,0.02770237624645233,0.00459808437153697,0.022977560758590698,2.5345969334011897e-05
9405,0.027702348306775093,0.00459808437153697,0.02297753281891346,2.534628401917871e-05
9406,0.027702338993549347,0.004598076920956373,0.02297752909362316,2.5346358597744256e-05
9407,0.027702344581484795,0.0045980787836015224,0.02297753281891346,2.5346575057483278e-05
9408,0.02770230919122696,0.00459808437153697,0.022977489978075027,2.534684790589381e-05
9409,0.0277023296803236,0.004598076920956373,0.022977516055107117,2.5347100745420903e-05
9410,0.027702342718839645,0.004598065745085478,0.022977540269494057,2.5347091650473885e-05
9411,0.02770230360329151,0.004598085768520832,0.02297748066484928,2.5347424525534734e-05
9412,0.02770232781767845,0.004598099272698164,0.022977489978075027,2.5347722839796916e-05
9413,0.02770225889980793,0.004598079714924097,0.022977441549301147,2.5347748305648565e-05
9414,0.027702275663614273,0.004598094616085291,0.022977441549301147,2.5348041162942536e-05
9415,0.027702275663614273,0.004598088562488556,0.022977445274591446,2.53484322456643e-05
9416,0.027702275663614273,0.0045980955474078655,0.02297743782401085,2.5348354029119946e-05
9417,0.027702251449227333,0.0045980955474078655,0.02297741360962391,2.5348539566039108e-05
9418,0.02770223654806614,0.004598099738359451,0.022977391257882118,2.5348948838654906e-05
9419,0.02770223841071129,0.004598104394972324,0.02297738939523697,2.5349003408337012e-05
9420,0.027702242136001587,0.004598102066665888,0.022977394983172417,2.5349070710944943e-05
9421,0.027702204883098602,0.004598101135343313,0.022977355867624283,2.5349490897497162e-05
9422,0.027702221646904945,0.004598105791956186,0.022977368906140327,2.534960731281899e-05
9423,0.027702223509550095,0.00459811557084322,0.022977357730269432,2.5349740099045448e-05
9424,0.027702229097485542,0.004598097410053015,0.022977381944656372,2.5349960196763277e-05
9425,0.027702167630195618,0.004598104860633612,0.0229773111641407,2.5350329451612197e-05
9426,0.02770215831696987,0.004598125349730253,0.022977281361818314,2.5350307623739354e-05
9427,0.0277022123336792,0.004598112311214209,0.022977346554398537,2.5350585929118097e-05
9428,0.02770215831696987,0.004598104394972324,0.022977299988269806,2.5350831492687576e-05
9429,0.027702122926712036,0.004598117899149656,0.022977249696850777,2.5351104341098107e-05
9430,0.027702128514647484,0.0045981272123754025,0.02297724410891533,2.535138810344506e-05
9431,0.02770210988819599,0.004598126281052828,0.022977227345108986,2.5351462682010606e-05
9432,0.02770210988819599,0.004598129075020552,0.022977221757173538,2.5351553631480783e-05
9433,0.027702119201421738,0.004598129075020552,0.022977231070399284,2.535189014452044e-05
9434,0.027702076360583305,0.004598117899149656,0.022977197542786598,2.535209569032304e-05
9435,0.027702096849679947,0.004598135594278574,0.022977201268076897,2.5352199372719042e-05
9436,0.027702074497938156,0.0045981332659721375,0.022977178916335106,2.5352368538733572e-05
9437,0.027702098712325096,0.004598130937665701,0.022977203130722046,2.535266503400635e-05
9438,0.0277020912617445,0.004598134662955999,0.02297719195485115,2.53528451139573e-05
9439,0.02770206332206726,0.004598130472004414,0.02297716960310936,2.5352905140607618e-05
9440,0.027702057734131813,0.0045981453731656075,0.02297714725136757,2.5353272576467134e-05
9441,0.027702046558260918,0.004598138853907585,0.022977139800786972,2.5353425371577032e-05
9442,0.02770204097032547,0.004598134197294712,0.022977139800786972,2.535341445764061e-05
9443,0.027702009305357933,0.004598144441843033,0.02297709509730339,2.535384555812925e-05
9444,0.02770202048122883,0.004598136991262436,0.022977111861109734,2.5354180252179503e-05
9445,0.02770203910768032,0.0045981439761817455,0.02297712303698063,2.535421481297817e-05
9446,0.027702007442712784,0.004598152823746204,0.022977083921432495,2.5354402168886736e-05
9447,0.02770201861858368,0.004598143044859171,0.022977102547883987,2.5354822355438955e-05
9448,0.027702005580067635,0.00459815189242363,0.022977078333497047,2.535502426326275e-05
9449,0.02770199254155159,0.004598158877342939,0.022977057844400406,2.5355084289913066e-05
9450,0.02770201303064823,0.004598159808665514,0.022977076470851898,2.5355433535878547e-05
9451,0.02770194597542286,0.004598149564117193,0.022977016866207123,2.5355817342642695e-05
9452,0.027701953426003456,0.004598153289407492,0.02297702059149742,2.5355931938975118e-05
9453,0.02770194225013256,0.004598167724907398,0.022976992651820183,2.5356042897328734e-05
9454,0.02770196460187435,0.004598161671310663,0.02297702245414257,2.535630301281344e-05
9455,0.027701979503035545,0.004598166793584824,0.022977029904723167,2.5356621335959062e-05
9456,0.027701890096068382,0.004598163068294525,0.022976942360401154,2.5356792320962995e-05
9457,0.027701962739229202,0.0045981756411492825,0.02297700196504593,2.53568978223484e-05
9458,0.027701908722519875,0.0045981756411492825,0.022976946085691452,2.535713247198146e-05
9459,0.027701888233423233,0.004598164465278387,0.022976936772465706,2.5357321646879427e-05
9460,0.02770189568400383,0.00459817610681057,0.022976933047175407,2.5357438062201254e-05
9461,0.027701882645487785,0.004598172847181559,0.022976921871304512,2.5357623599120416e-05
9462,0.027701886370778084,0.004598176572471857,0.022976920008659363,2.5357869162689894e-05
9463,0.02770186960697174,0.0045981742441654205,0.02297690510749817,2.535808198445011e-05
9464,0.027701841667294502,0.0045981816947460175,0.022976867854595184,2.535825115046464e-05
9465,0.027701856568455696,0.004598186817020178,0.02297687716782093,2.5358423954457976e-05
9466,0.027701862156391144,0.004598179366439581,0.022976888343691826,2.5358700440847315e-05
9467,0.02770181931555271,0.004598178435117006,0.022976847365498543,2.5358927814522758e-05
9468,0.027701834216713905,0.0045981863513588905,0.02297685109078884,2.5359038772876374e-05
9469,0.027701815590262413,0.004598191007971764,0.0229768268764019,2.535937528591603e-05
9470,0.02770179882645607,0.004598185420036316,0.022976815700531006,2.535950807214249e-05
9471,0.02770180068910122,0.004598197992891073,0.02297680266201496,2.535975545470137e-05
9472,0.027701783925294876,0.004598184023052454,0.022976800799369812,2.5359926439705305e-05
9473,0.027701806277036667,0.004598196130245924,0.02297680824995041,2.5360168365295976e-05
9474,0.027701783925294876,0.004598190076649189,0.022976793348789215,2.5360424842801876e-05
9475,0.02770177647471428,0.004598203580826521,0.022976769134402275,2.5360730433021672e-05
9476,0.027701789513230324,0.0045981998555362225,0.022976785898208618,2.5360817744513042e-05
9477,0.027701744809746742,0.004598211497068405,0.022976728156208992,2.5360963263665326e-05
9478,0.027701744809746742,0.004598211031407118,0.022976726293563843,2.536141619202681e-05
9479,0.027701718732714653,0.0045981984585523605,0.022976713255047798,2.5361507141496986e-05
9480,0.027701716870069504,0.004598209168761969,0.022976700216531754,2.536150896048639e-05
9481,0.02770167589187622,0.004598211497068405,0.022976655513048172,2.5361818188684992e-05
9482,0.02770172245800495,0.004598206840455532,0.0229767058044672,2.536219108151272e-05
9483,0.027701688930392265,0.0045982045121490955,0.022976674139499664,2.536229476390872e-05
9484,0.027701715007424355,0.004598223604261875,0.02297668159008026,2.536229840188753e-05
9485,0.02770167402923107,0.004598225932568312,0.02297663316130638,2.536276042519603e-05
9486,0.02770168147981167,0.004598204977810383,0.02297666296362877,2.5362973246956244e-05
9487,0.02770170383155346,0.004598231520503759,0.02297665737569332,2.5363018721691333e-05
9488,0.027701666578650475,0.004598231986165047,0.022976618260145187,2.5363136956002563e-05
9489,0.027701614424586296,0.004598216153681278,0.022976581007242203,2.5363564418512397e-05
9490,0.027701616287231445,0.004598222207278013,0.022976575419306755,2.5363769964314997e-05
9491,0.027701642364263535,0.00459822965785861,0.022976592183113098,2.536383726692293e-05
9492,0.027701618149876595,0.004598233383148909,0.02297656238079071,2.5364219254697673e-05
9493,0.027701610699295998,0.004598226863890886,0.02297656238079071,2.5364444809383713e-05
9494,0.02770160883665085,0.00459822965785861,0.022976554930210114,2.5364590328535996e-05
9495,0.027701599523425102,0.004598235245794058,0.02297654002904892,2.536472129577305e-05
9496,0.027701573446393013,0.00459822965785861,0.02297651767730713,2.5365132387378253e-05
9497,0.0277016069740057,0.004598231520503759,0.022976547479629517,2.53653615800431e-05
9498,0.027701569721102715,0.004598231520503759,0.022976510226726532,2.5365368856000714e-05
9499,0.027701495215296745,0.004598238971084356,0.022976426407694817,2.5365718101966195e-05
9500,0.02770160883665085,0.00459823664277792,0.02297654002904892,2.5366109184687957e-05
9501,0.02770150825381279,0.0045982347801327705,0.02297644317150116,2.5366205591126345e-05
9502,0.027701521292328835,0.004598247352987528,0.02297644317150116,2.5366323825437576e-05
9503,0.027701525017619133,0.004598244093358517,0.022976446896791458,2.5366733098053373e-05
9504,0.02770151011645794,0.004598235245794058,0.02297643944621086,2.5366851332364604e-05
9505,0.02770151197910309,0.004598256200551987,0.02297642081975937,2.536686952225864e-05
9506,0.027701498940587044,0.004598244093358517,0.02297641895711422,2.5367362468387e-05
9507,0.02770153619349003,0.00459825387224555,0.02297644317150116,2.53676189458929e-05
9508,0.027701465412974358,0.004598252009600401,0.022976376116275787,2.5367533453390934e-05
9509,0.027701489627361298,0.004598269704729319,0.022976379841566086,2.5367924536112696e-05
9510,0.027701491490006447,0.004598254803568125,0.02297639660537243,2.5368271963088773e-05
9511,0.02770145982503891,0.004598250146955252,0.02297636866569519,2.5368248316226527e-05
9512,0.027701450511813164,0.0045982724986970425,0.022976335138082504,2.536847568990197e-05
9513,0.027701424434781075,0.004598270636051893,0.022976309061050415,2.5369005015818402e-05
9514,0.02770140953361988,0.004598252475261688,0.022976312786340714,2.5369012291776016e-05
9515,0.027701394632458687,0.0045982724986970425,0.022976277396082878,2.5368948627146892e-05
9516,0.027701418846845627,0.004598273430019617,0.02297629788517952,2.5369745344505645e-05
9517,0.027701381593942642,0.004598276223987341,0.022976256906986237,2.536963438615203e-05
9518,0.02770141139626503,0.004598281811922789,0.022976281121373177,2.536965075705666e-05
9519,0.027701402083039284,0.004598276223987341,0.02297627367079258,2.537029104132671e-05
9520,0.02770138531923294,0.004598279949277639,0.022976253181695938,2.537032196414657e-05
9521,0.02770139090716839,0.004598273895680904,0.022976266220211983,2.537032742111478e-05
9522,0.02770134061574936,0.00459827808663249,0.022976208478212357,2.5370805815327913e-05
9523,0.027701377868652344,0.004598276689648628,0.02297624573111534,2.5371044102939777e-05
9524,0.02770129218697548,0.004598282277584076,0.02297615446150303,2.537104592192918e-05
9525,0.027701361104846,0.004598287399858236,0.022976215928792953,2.5371407900820486e-05
9526,0.027701297774910927,0.004598274361342192,0.022976163774728775,2.537166619731579e-05
9527,0.027701331302523613,0.0045982892625033855,0.022976182401180267,2.5371693482156843e-05
9528,0.02770133502781391,0.004598292987793684,0.022976182401180267,2.5372002710355446e-05
9529,0.02770129404962063,0.004598298575729132,0.022976133972406387,2.5372335585416295e-05
9530,0.027701297774910927,0.004598285537213087,0.02297615073621273,2.5372264644829556e-05
9531,0.02770131267607212,0.004598301835358143,0.022976147010922432,2.5372683012392372e-05
9532,0.02770126424729824,0.004598300904035568,0.022976098582148552,2.5373037715326063e-05
9533,0.02770126610994339,0.004598283674567938,0.022976117208600044,2.5372946765855886e-05
9534,0.027701234444975853,0.0045982906594872475,0.02297607623040676,2.5373414246132597e-05
9535,0.027701251208782196,0.004598307888954878,0.022976074367761612,2.537376531108748e-05
9536,0.02770126983523369,0.004598304163664579,0.022976096719503403,2.537371801736299e-05
9537,0.027701260522007942,0.0045982967130839825,0.022976092994213104,2.5374074539286084e-05
9538,0.02770121395587921,0.004598312079906464,0.02297602966427803,2.5374562028446235e-05
9539,0.02770119346678257,0.004598309751600027,0.022976011037826538,2.537444743211381e-05
9540,0.02770117297768593,0.004598312079906464,0.022975988686084747,2.5374532924615778e-05
9541,0.027701206505298615,0.0045983134768903255,0.022976016625761986,2.5375285986228846e-05
9542,0.027701232582330704,0.004598323255777359,0.02297603338956833,2.537533873692155e-05
9543,0.027701176702976227,0.004598318133503199,0.0229759830981493,2.53752623393666e-05
9544,0.02770118974149227,0.004598324652761221,0.02297598496079445,2.5375809855177067e-05
9545,0.027701156213879585,0.0045983255840837955,0.022975949570536613,2.5376162739121355e-05
9546,0.027701161801815033,0.004598329775035381,0.022975951433181763,2.5376064513693564e-05
9547,0.02770114503800869,0.0045983148738741875,0.022975947707891464,2.537616092013195e-05
9548,0.027701139450073242,0.0045983255840837955,0.022975929081439972,2.5376917619723827e-05
9549,0.027701131999492645,0.004598323721438646,0.022975925356149673,2.5376864869031124e-05
9550,0.027701158076524734,0.0045983148738741875,0.02297595888376236,2.5376839403179474e-05
9551,0.027701087296009064,0.004598326049745083,0.022975875064730644,2.5377505153301172e-05
9552,0.02770114131271839,0.004598341882228851,0.02297591231763363,2.537757609388791e-05
9553,0.02770112454891205,0.004598342347890139,0.022975895553827286,2.5377546990057454e-05
9554,0.02770109847187996,0.00459833350032568,0.022975875064730644,2.5378229111083783e-05
9555,0.027701059356331825,0.004598334431648254,0.02297583408653736,2.5378316422575153e-05
9556,0.027701040729880333,0.0045983376912772655,0.02297581173479557,2.5378138161613606e-05
9557,0.027701063081622124,0.004598344210535288,0.022975824773311615,2.5378840291523375e-05
9558,0.027701038867235184,0.004598344676196575,0.022975798696279526,2.5379029466421343e-05
9559,0.02770105190575123,0.004598344210535288,0.02297581359744072,2.5378774807904847e-05
9560,0.027701102197170258,0.004598341416567564,0.02297586388885975,2.5379440558026545e-05
9561,0.02770102769136429,0.004598349332809448,0.022975780069828033,2.5379809812875465e-05
9562,0.027701018378138542,0.004598355386406183,0.02297576703131199,2.5379398721270263e-05
9563,0.02770100347697735,0.004598350264132023,0.022975752130150795,2.5379989892826416e-05
9564,0.027700988575816154,0.004598353058099747,0.022975733503699303,2.5380426450283267e-05
9565,0.027700990438461304,0.0045983619056642056,0.022975727915763855,2.538015178288333e-05
9566,0.027700984850525856,0.0045983497984707355,0.022975731641054153,2.538063927204348e-05
9567,0.027701012790203094,0.0045983679592609406,0.02297573909163475,2.5381137675140053e-05
9568,0.02770094946026802,0.004598367493599653,0.022975675761699677,2.5381026716786437e-05
9569,0.027700986713171005,0.004598370753228664,0.022975709289312363,2.538120861572679e-05
9570,0.027700919657945633,0.004598358180373907,0.022975651547312737,2.5381867089890875e-05
9571,0.02770090475678444,0.004598352592438459,0.02297564223408699,2.5381892555742525e-05
9572,0.02770090475678444,0.00459836283698678,0.022975632920861244,2.5381832529092208e-05
9573,0.02770092710852623,0.004598359111696482,0.022975657135248184,2.5382407329743728e-05
9574,0.027700936421751976,0.004598382394760847,0.02297564037144184,2.538271655794233e-05
9575,0.0277008805423975,0.004598370287567377,0.02297559753060341,2.5382574676768854e-05
9576,0.027700873091816902,0.0045983740128576756,0.022975584492087364,2.5383000320289284e-05
9577,0.027700871229171753,0.004598379600793123,0.022975575178861618,2.538348053349182e-05
9578,0.02770087495446205,0.0045983861200511456,0.02297557145357132,2.5383422325830907e-05
9579,0.027700895443558693,0.004598380532115698,0.02297559753060341,2.5383504180354066e-05
9580,0.027700819075107574,0.00459838192909956,0.022975515574216843,2.53840353252599e-05
9581,0.027700869366526604,0.004598386585712433,0.022975562140345573,2.5384246328030713e-05
9582,0.02770082838833332,0.004598392639309168,0.022975515574216843,2.538417356845457e-05
9583,0.027700847014784813,0.004598376341164112,0.02297554910182953,2.5384564651176333e-05
9584,0.02770083025097847,0.004598398692905903,0.022975508123636246,2.5384866603417322e-05
9585,0.027700763195753098,0.004598380532115698,0.022975457832217216,2.538494845794048e-05
9586,0.02770077995955944,0.004598391242325306,0.022975463420152664,2.5385172193637118e-05
9587,0.027700796723365784,0.004598396364599466,0.02297547273337841,2.538555236242246e-05
9588,0.027700766921043396,0.0045983861200511456,0.02297545224428177,2.5385705157532357e-05
9589,0.02770077809691429,0.004598387982696295,0.022975459694862366,2.538594344514422e-05
9590,0.027700770646333694,0.0045983982272446156,0.022975441068410873,2.5386274501215667e-05
9591,0.027700763195753098,0.004598397295922041,0.022975431755185127,2.538658372941427e-05
9592,0.02770075388252735,0.004598408937454224,0.022975411266088486,2.5386643756064586e-05
9593,0.027700770646333694,0.004598412662744522,0.02297542430460453,2.538683474995196e-05
9594,0.027700703591108322,0.004598395433276892,0.022975372150540352,2.5387262212461792e-05
9595,0.02770073525607586,0.004598413594067097,0.022975385189056396,2.538735861890018e-05
9596,0.02770071290433407,0.004598412197083235,0.022975362837314606,2.5387525965925306e-05
9597,0.02770070917904377,0.004598414059728384,0.02297535538673401,2.538778426242061e-05
9598,0.027700675651431084,0.004598409868776798,0.022975323721766472,2.538810804253444e-05
9599,0.02770068496465683,0.004598414991050959,0.02297532930970192,2.5388222638866864e-05
9600,0.02770066075026989,0.004598418716341257,0.022975299507379532,2.538842090871185e-05
9601,0.027700645849108696,0.004598418716341257,0.02297528274357319,2.538889748393558e-05
9602,0.027700666338205338,0.004598433617502451,0.022975288331508636,2.5388950234628282e-05
9603,0.027700649574398994,0.004598426632583141,0.02297527715563774,2.5389150323462673e-05
9604,0.027700619772076607,0.004598419647663832,0.022975251078605652,2.5389557777089067e-05
9605,0.027700666338205338,0.004598424304276705,0.022975293919444084,2.5389768779859878e-05
9606,0.02770058438181877,0.004598428960889578,0.02297520637512207,2.538982698752079e-05
9607,0.027700597420334816,0.004598436411470175,0.02297520823776722,2.539030901971273e-05
9608,0.027700603008270264,0.004598426166921854,0.022975225001573563,2.5390547307324596e-05
9609,0.02770061045885086,0.004598448518663645,0.02297521010041237,2.539059642003849e-05
9610,0.02770053595304489,0.0045984345488250256,0.022975146770477295,2.5390976588823833e-05
9611,0.02770058438181877,0.0045984406024217606,0.022975187748670578,2.5391311282874085e-05
9612,0.027700576931238174,0.004598445724695921,0.022975174710154533,2.5391322196810506e-05
9613,0.027700576931238174,0.004598438739776611,0.02297518029808998,2.5391474991920404e-05
9614,0.02770051546394825,0.004598440136760473,0.022975115105509758,2.5391927920281887e-05
9615,0.027700558304786682,0.0045984419994056225,0.022975154221057892,2.5392178940819576e-05
9616,0.027700532227754593,0.004598450846970081,0.022975120693445206,2.5392280804226175e-05
9617,0.0277005173265934,0.004598444327712059,0.02297511138021946,2.5392508177901618e-05
9618,0.027700524777173996,0.0045984587632119656,0.022975100204348564,2.5392972020199522e-05
9619,0.027700498700141907,0.004598449449986219,0.02297508344054222,2.5392917450517416e-05
9620,0.027700498700141907,0.004598453640937805,0.022975079715251923,2.5393133910256438e-05
9621,0.027700478211045265,0.0045984541065990925,0.022975057363510132,2.5393590476596728e-05
9622,0.02770046889781952,0.004598460625857115,0.02297503873705864,2.5393690521013923e-05
9623,0.027700476348400116,0.0045984587632119656,0.022975048050284386,2.539384877309203e-05
9624,0.027700508013367653,0.004598464351147413,0.022975072264671326,2.5394265321665443e-05
9625,0.02770044468343258,0.0045984587632119656,0.0229750145226717,2.539436536608264e-05
9626,0.027700435370206833,0.004598462488502264,0.022974999621510506,2.5394580006832257e-05
9627,0.027700426056981087,0.00459845969453454,0.02297499217092991,2.5394867407158017e-05
9628,0.02770041488111019,0.004598467145115137,0.022974971681833267,2.5395152988494374e-05
9629,0.027700448408722878,0.0045984648168087006,0.022975007072091103,2.539530032663606e-05
9630,0.0277003925293684,0.0045984783209860325,0.022974936291575432,2.5395533157279715e-05
9631,0.027700413018465042,0.004598482511937618,0.022974949330091476,2.5395904231118038e-05
9632,0.02770036645233631,0.004598462488502264,0.022974923253059387,2.5396097043994814e-05
9633,0.02770037204027176,0.004598475527018309,0.02297491580247879,2.539613160479348e-05
9634,0.02770039066672325,0.004598475992679596,0.022974932566285133,2.539653542044107e-05
9635,0.027700336650013924,0.004598469939082861,0.022974882274866104,2.5396724595339037e-05
9636,0.027700316160917282,0.0045984829775989056,0.022974848747253418,2.539676097512711e-05
9637,0.027700351551175117,0.0045984843745827675,0.022974882274866104,2.539709021220915e-05
9638,0.02770034596323967,0.004598484840244055,0.022974872961640358,2.539759771025274e-05
9639,0.027700334787368774,0.004598487168550491,0.022974859923124313,2.5397466743015684e-05
9640,0.02770032361149788,0.004598488565534353,0.02297484502196312,2.5397835997864604e-05
9641,0.027700303122401237,0.0045984904281795025,0.02297482080757618,2.5398272555321455e-05
9642,0.02770026959478855,0.004598477389663458,0.022974800318479538,2.5398225261596963e-05
9643,0.027700280770659447,0.004598498344421387,0.022974789142608643,2.5398596335435286e-05
9644,0.027700267732143402,0.004598486702889204,0.022974785417318344,2.5398932848474942e-05
9645,0.027700301259756088,0.00459849089384079,0.022974815219640732,2.539900378906168e-05
9646,0.027700243517756462,0.0045985025353729725,0.02297474630177021,2.539918386901263e-05
9647,0.027700278908014297,0.004598497413098812,0.022974781692028046,2.5399620426469482e-05
9648,0.02770022302865982,0.004598497878760099,0.02297472581267357,2.5399802325409837e-05
9649,0.027700213715434074,0.004598518367856741,0.02297469601035118,2.5399913283763453e-05
9650,0.027700211852788925,0.004598513711243868,0.02297469787299633,2.540022978791967e-05
9651,0.02770019695162773,0.004598505329340696,0.022974688559770584,2.540051173127722e-05
9652,0.027700183913111687,0.004598515573889017,0.022974666208028793,2.5400699087185785e-05
9653,0.027700191363692284,0.004598502069711685,0.022974684834480286,2.540088644309435e-05
9654,0.02770019881427288,0.004598511382937431,0.022974681109189987,2.5401246602996252e-05
9655,0.02770017459988594,0.004598510917276144,0.022974655032157898,2.5401508537470363e-05
9656,0.027700180187821388,0.004598528146743774,0.022974643856287003,2.540147033869289e-05
9657,0.027700122445821762,0.004598509520292282,0.02297460287809372,2.5401857783435844e-05
9658,0.027700157836079597,0.004598538391292095,0.022974606603384018,2.540220521041192e-05
9659,0.027700135484337807,0.004598524421453476,0.02297459915280342,2.5402216124348342e-05
9660,0.027700142934918404,0.004598529078066349,0.02297460101544857,2.540247623983305e-05
9661,0.027700150385499,0.00459853233769536,0.02297460474073887,2.540289278840646e-05
9662,0.02770012989640236,0.004598535597324371,0.02297457866370678,2.5403134713997133e-05
9663,0.027700068429112434,0.004598529078066349,0.022974524646997452,2.540326204325538e-05
9664,0.027700114995241165,0.004598543979227543,0.02297455444931984,2.540358946134802e-05
9665,0.027700088918209076,0.004598536994308233,0.02297453209757805,2.540391324146185e-05
9666,0.027700072154402733,0.004598545376211405,0.02297450602054596,2.540408240747638e-05
9667,0.027700066566467285,0.004598542582243681,0.02297450229525566,2.5404342522961088e-05
9668,0.027700025588274002,0.004598533269017935,0.022974468767642975,2.5404699044884183e-05
9669,0.027700042352080345,0.004598541650921106,0.022974476218223572,2.5404864572919905e-05
9670,0.02770000323653221,0.004598536994308233,0.022974438965320587,2.5405208361917175e-05
9671,0.027700014412403107,0.0045985388569533825,0.022974448278546333,2.54054775723489e-05
9672,0.027700020000338554,0.004598546307533979,0.022974444553256035,2.5405588530702516e-05
9673,0.027699992060661316,0.004598545376211405,0.022974416613578796,2.5405992346350104e-05
9674,0.027700014412403107,0.004598552826792002,0.02297443151473999,2.5406290660612285e-05
9675,0.027700021862983704,0.004598545376211405,0.022974444553256035,2.5406319764442742e-05
9676,0.02769997902214527,0.004598558414727449,0.02297438681125641,2.5406705390196294e-05
9677,0.027699969708919525,0.004598549101501703,0.02297438681125641,2.540694003982935e-05
9678,0.02769995480775833,0.004598557949066162,0.02297436073422432,2.540705827414058e-05
9679,0.027699938043951988,0.004598554223775864,0.022974345833063126,2.5407420253031887e-05
9680,0.02769995853304863,0.004598557483404875,0.02297436259686947,2.5407671273569576e-05
9681,0.027699919417500496,0.00459856865927577,0.02297431230545044,2.540778041293379e-05
9682,0.027699915692210197,0.004598557483404875,0.022974317893385887,2.5408142391825095e-05
9683,0.027699941769242287,0.004598565399646759,0.02297433465719223,2.5408327928744256e-05
9684,0.02769991010427475,0.004598560277372599,0.02297430858016014,2.54085043707164e-05
9685,0.027699898928403854,0.00459857564419508,0.022974280640482903,2.5408809960936196e-05
9686,0.027699941769242287,0.004598570521920919,0.022974325343966484,2.5409051886526868e-05
9687,0.027699938043951988,0.004598584957420826,0.022974306717514992,2.5409162844880484e-05
9688,0.027699880301952362,0.004598582629114389,0.022974250838160515,2.5409415684407577e-05
9689,0.027699870988726616,0.004598579369485378,0.022974243387579918,2.540978130127769e-05
9690,0.027699846774339676,0.004598590079694986,0.022974207997322083,2.5409934096387587e-05
9691,0.02769983746111393,0.004598584026098251,0.022974202409386635,2.5410106900380924e-05
9692,0.027699800208210945,0.004598582163453102,0.02297416515648365,2.541056710470002e-05
9693,0.02769983746111393,0.004598589148372412,0.02297419309616089,2.5410779926460236e-05
9694,0.027699830010533333,0.0045985751785337925,0.022974200546741486,2.5410829039174132e-05
9695,0.027699824422597885,0.004598576109856367,0.02297419123351574,2.541132016631309e-05
9696,0.027699794620275497,0.004598608706146479,0.022974129766225815,2.5411507522221655e-05
9697,0.02769978530704975,0.004598596598953009,0.022974129766225815,2.5411703973077238e-05
9698,0.027699755504727364,0.004598586354404688,0.022974109277129173,2.5412065951968543e-05
9699,0.02769976668059826,0.004598600789904594,0.022974103689193726,2.5412367904209532e-05
9700,0.02769974060356617,0.004598598461598158,0.022974079474806786,2.541253161325585e-05
9701,0.02769976668059826,0.004598588682711124,0.02297411486506462,2.541274079703726e-05
9702,0.02769971825182438,0.004598594736307859,0.022974057123064995,2.541304456826765e-05
9703,0.02769966796040535,0.004598596133291721,0.022974004969000816,2.5413328330614604e-05
9704,0.02769969403743744,0.0045986115001142025,0.022974014282226562,2.5413415642105974e-05
9705,0.027699701488018036,0.0045985993929207325,0.022974034771323204,2.541369030950591e-05
9706,0.027699682861566544,0.004598610103130341,0.022974003106355667,2.5414030460524373e-05
9707,0.027699675410985947,0.004598607309162617,0.02297399751842022,2.541410685807932e-05
9708,0.027699680998921394,0.004598613828420639,0.02297399565577507,2.5414370611542836e-05
9709,0.027699707075953484,0.004598615225404501,0.02297401800751686,2.5414748961338773e-05
9710,0.027699647471308708,0.004598622675985098,0.02297395095229149,2.541480898798909e-05
9711,0.027699632570147514,0.004598609637469053,0.02297394722700119,2.541513276810292e-05
9712,0.027699662372469902,0.004598622675985098,0.022973962128162384,2.541558933444321e-05
9713,0.027699608355760574,0.0045986296609044075,0.02297390252351761,2.541555295465514e-05
9714,0.027699626982212067,0.004598618950694799,0.022973928600549698,2.541569665481802e-05
9715,0.02769962139427662,0.004598618485033512,0.02297391928732395,2.5416382413823158e-05
9716,0.02769959159195423,0.004598640836775303,0.022973868995904922,2.5416416974621825e-05
9717,0.027699610218405724,0.0045986236073076725,0.022973904386162758,2.541641515563242e-05
9718,0.027699626982212067,0.004598633851855993,0.022973906248807907,2.5417228243895806e-05
9719,0.02769959345459938,0.004598649218678474,0.022973857820034027,2.5417284632567316e-05
9720,0.02769959717988968,0.004598625004291534,0.022973887622356415,2.5417039068997838e-05
9721,0.027699550613760948,0.0045986357145011425,0.02297382429242134,2.5418017685296945e-05
9722,0.027699537575244904,0.004598634783178568,0.022973813116550446,2.5418084987904876e-05
9723,0.02769952267408371,0.004598632920533419,0.02297380194067955,2.541772846598178e-05
9724,0.02769952453672886,0.004598645027726889,0.022973785176873207,2.541867615946103e-05
9725,0.027699535712599754,0.004598646424710751,0.022973796352744102,2.5418899895157665e-05
9726,0.0276995450258255,0.004598645959049463,0.022973807528614998,2.5418494260520674e-05
9727,0.027699526399374008,0.004598652012646198,0.02297377772629261,2.541928188293241e-05
9728,0.02769950032234192,0.004598662257194519,0.022973740473389626,2.5419632947887294e-05
9729,0.027699481695890427,0.004598634783178568,0.02297375164926052,2.5419129087822512e-05
9730,0.027699453756213188,0.004598663654178381,0.022973690181970596,2.5419960365979932e-05
9731,0.027699487283825874,0.004598663188517094,0.022973723709583282,2.542023139540106e-05
9732,0.02769947052001953,0.004598651081323624,0.022973718121647835,2.5420078600291163e-05
9733,0.027699461206793785,0.004598662257194519,0.022973695769906044,2.5420729798497632e-05
9734,0.027699436992406845,0.004598669707775116,0.022973662242293358,2.542108813941013e-05
9735,0.027699442580342293,0.004598661325871944,0.022973675280809402,2.54209699050989e-05
9736,0.027699464932084084,0.004598674830049276,0.02297368273139,2.5421386453672312e-05
9737,0.0276994276791811,0.004598676227033138,0.022973641753196716,2.542185211495962e-05
9738,0.02769939973950386,0.0045986720360815525,0.022973617538809776,2.5421963073313236e-05
9739,0.027699382975697517,0.004598664585500956,0.02297360822558403,2.542206311773043e-05
9740,0.027699358761310577,0.004598683211952448,0.02297356352210045,2.5422541511943564e-05
9741,0.027699356898665428,0.004598668310791254,0.022973574697971344,2.5422881662962027e-05
9742,0.02769932523369789,0.004598680417984724,0.022973529994487762,2.5423049009987153e-05
9743,0.027699341997504234,0.004598670173436403,0.02297355607151985,2.542317088227719e-05
9744,0.027699319645762444,0.004598678555339575,0.022973522543907166,2.5423612896702252e-05
9745,0.02769935131072998,0.004598683211952448,0.022973548620939255,2.5423845727345906e-05
9746,0.027699310332536697,0.004598671104758978,0.022973518818616867,2.542388938309159e-05
9747,0.02769932523369789,0.004598687402904034,0.02297351509332657,2.54243041126756e-05
9748,0.027699284255504608,0.004598690662533045,0.022973470389842987,2.5424773411941715e-05
9749,0.027699295431375504,0.004598692059516907,0.022973479703068733,2.5424640625715256e-05
9750,0.02769923210144043,0.004598693456500769,0.02297341264784336,2.542506263125688e-05
9751,0.027699261903762817,0.004598686937242746,0.022973448038101196,2.5425511921639554e-05
9752,0.027699239552021027,0.004598693922162056,0.02297341823577881,2.542556649132166e-05
9753,0.02769923210144043,0.004598697647452354,0.022973405197262764,2.5425708372495137e-05
9754,0.027699237689375877,0.004598699044436216,0.022973407059907913,2.542621768952813e-05
9755,0.027699235826730728,0.004598712082952261,0.02297339215874672,2.5426363208680414e-05
9756,0.027699226513504982,0.004598699510097504,0.02297339402139187,2.5426588763366453e-05
9757,0.027699224650859833,0.004598699510097504,0.02297339029610157,2.5426979846088216e-05
9758,0.02769920602440834,0.004598710220307112,0.022973358631134033,2.54272799793398e-05
9759,0.027699200436472893,0.004598703235387802,0.022973360493779182,2.5427394575672224e-05
9760,0.027699174359440804,0.004598704166710377,0.022973332554101944,2.5427729269722477e-05
9761,0.027699153870344162,0.004598715342581272,0.022973299026489258,2.542798756621778e-05
9762,0.02769915573298931,0.004598727449774742,0.022973287850618362,2.5428065782762133e-05
9763,0.027699148282408714,0.00459873303771019,0.02297327294945717,2.5428429580642842e-05
9764,0.027699150145053864,0.004598709754645824,0.02297329530119896,2.5428809749428183e-05
9765,0.027699101716279984,0.0045987265184521675,0.022973231971263885,2.542883339629043e-05
9766,0.027699129655957222,0.00459871394559741,0.02297326922416687,2.542922447901219e-05
9767,0.027699142694473267,0.004598727449774742,0.02297326736152172,2.542952643125318e-05
9768,0.027699090540409088,0.004598716739565134,0.022973226383328438,2.5429599190829322e-05
9769,0.027699120342731476,0.004598723258823156,0.02297324687242508,2.543001392041333e-05
9770,0.027699068188667297,0.004598734434694052,0.022973181679844856,2.5430255846004002e-05
9771,0.02769908681511879,0.0045987279154360294,0.022973207756876945,2.543041955505032e-05
9772,0.0276990607380867,0.004598740488290787,0.022973164916038513,2.5430894311284646e-05
9773,0.027699090540409088,0.004598736297339201,0.0229731984436512,2.5431067115277983e-05
9774,0.027699006721377373,0.0045987279154360294,0.02297312207520008,2.5431272661080584e-05
9775,0.027699071913957596,0.004598748870193958,0.022973164916038513,2.543177288316656e-05
9776,0.027699045836925507,0.004598749335855246,0.022973136976361275,2.5431892936467193e-05
9777,0.02769901417195797,0.004598737694323063,0.022973114624619484,2.5432154870941304e-05
9778,0.027699029073119164,0.004598747473210096,0.022973118349909782,2.543262053222861e-05
9779,0.027699032798409462,0.004598753992468119,0.022973116487264633,2.5432729671592824e-05
9780,0.027699064463377,0.004598760511726141,0.022973138839006424,2.5433007976971567e-05
9781,0.02769896201789379,0.00459873815998435,0.022973056882619858,2.5433331757085398e-05
9782,0.02769898623228073,0.004598740488290787,0.0229730773717165,2.5433490009163506e-05
9783,0.027698958292603493,0.004598759580403566,0.02297303080558777,2.5433848350076005e-05
9784,0.027698954567313194,0.004598766565322876,0.022973017767071724,2.5434002964175306e-05
9785,0.027698950842022896,0.004598749335855246,0.02297302894294262,2.5434288545511663e-05
9786,0.02769888937473297,0.0045987628400325775,0.0229729525744915,2.543472874094732e-05
9787,0.027698909863829613,0.004598769824951887,0.022972965613007545,2.5434663257328793e-05
9788,0.027698887512087822,0.004598760511726141,0.0229729525744915,2.5434927010792308e-05
9789,0.02769889496266842,0.00459875725209713,0.022972960025072098,2.5435596398892812e-05
9790,0.027698896825313568,0.004598758649080992,0.022972960025072098,2.543539994803723e-05
9791,0.027698839083313942,0.004598770756274462,0.022972889244556427,2.543572918511927e-05
9792,0.027698852121829987,0.004598763771355152,0.02297290787100792,2.5436469513806514e-05
9793,0.027698876336216927,0.004598771687597036,0.022972922772169113,2.5436127543798648e-05
9794,0.027698814868927002,0.004598773550242186,0.02297285944223404,2.5436427677050233e-05
9795,0.027698827907443047,0.004598779138177633,0.02297286130487919,2.543737537052948e-05
9796,0.027698861435055733,0.004598785657435656,0.022972891107201576,2.5436927899136208e-05
9797,0.02769882045686245,0.004598784260451794,0.022972848266363144,2.5437222575419582e-05
9798,0.027698785066604614,0.004598790779709816,0.022972803562879562,2.5438306693104096e-05
9799,0.027698777616024017,0.004598780069500208,0.02297281101346016,2.5437522708671167e-05
9800,0.027698826044797897,0.004598794970661402,0.022972840815782547,2.5438130251131952e-05
9801,0.027698805555701256,0.004598797298967838,0.022972814738750458,2.5439045202801935e-05
9802,0.027698732912540436,0.0045987763442099094,0.02297276444733143,2.543843220337294e-05
9803,0.027698751538991928,0.00459878658875823,0.022972770035266876,2.543896516726818e-05
9804,0.027698785066604614,0.004598799627274275,0.02297278679907322,2.5439789169467986e-05
9805,0.027698742225766182,0.0045987986959517,0.022972747683525085,2.543910341046285e-05
9806,0.02769872546195984,0.004598804749548435,0.022972721606492996,2.5439912860747427e-05
9807,0.02769872546195984,0.0045987986959517,0.022972725331783295,2.5440440367674455e-05
9808,0.02769874408841133,0.004598806146532297,0.02297273837029934,2.544006383686792e-05
9809,0.0276987012475729,0.004598796833306551,0.022972702980041504,2.544049493735656e-05
9810,0.027698691934347153,0.004598800092935562,0.02297268621623516,2.5441240723012015e-05
9811,0.027698712423443794,0.004598808940500021,0.022972699254751205,2.5440787794650532e-05
9812,0.027698706835508347,0.004598807077854872,0.02297269180417061,2.5441311663598754e-05
9813,0.027698665857315063,0.004598815925419331,0.02297263965010643,2.5442082915105857e-05
9814,0.02769862301647663,0.004598808940500021,0.022972606122493744,2.5441539037274197e-05
9815,0.027698632329702377,0.004598807077854872,0.02297261543571949,2.544193011999596e-05
9816,0.02769862860441208,0.004598816391080618,0.022972596809267998,2.544303788454272e-05
9817,0.027698665857315063,0.00459882989525795,0.022972624748945236,2.544227390899323e-05
9818,0.027698619291186333,0.0045988066121935844,0.022972598671913147,2.544270500948187e-05
9819,0.027698630467057228,0.004598818253725767,0.02297259122133255,2.5443974664085545e-05
9820,0.027698617428541183,0.004598832689225674,0.02297256886959076,2.5443148842896335e-05
9821,0.027698593214154243,0.004598815459758043,0.022972561419010162,2.5443358026677743e-05
9822,0.02769860252737999,0.004598849918693304,0.022972527891397476,2.5444929633522406e-05
9823,0.027698582038283348,0.0045988308265805244,0.022972531616687775,2.5443958293180913e-05
9824,0.02769855223596096,0.00459884200245142,0.02297249063849449,2.5444176571909338e-05
9825,0.02769852988421917,0.004598828963935375,0.02297247387468815,2.5445733626838773e-05
9826,0.027698514983057976,0.004598831292241812,0.022972460836172104,2.5444656785111874e-05
9827,0.02769853174686432,0.004598838742822409,0.02297246642410755,2.544504422985483e-05
9828,0.027698567137122154,0.004598846193403006,0.022972488775849342,2.5446457584621385e-05
9829,0.02769850194454193,0.0045988294295966625,0.02297244593501091,2.5445395294809714e-05
9830,0.02769852802157402,0.00459885410964489,0.02297244407236576,2.5445935534662567e-05
9831,0.027698511257767677,0.004598843865096569,0.022972432896494865,2.544705603213515e-05
9832,0.027698492631316185,0.00459885410964489,0.022972406819462776,2.5446319341426715e-05
9833,0.02769847959280014,0.004598857369273901,0.022972388193011284,2.5446735890000127e-05
9834,0.027698451653122902,0.00459884712472558,0.022972365841269493,2.5447830921621062e-05
9835,0.027698446065187454,0.0045988536439836025,0.022972354665398598,2.5447310690651648e-05
9836,0.027698418125510216,0.004598855506628752,0.02297232300043106,2.544765629863832e-05
9837,0.027698414400219917,0.004598863888531923,0.022972308099269867,2.544844574003946e-05
9838,0.027698425576090813,0.0045988610945641994,0.02297232300043106,2.5448249289183877e-05
9839,0.027698403224349022,0.004598849918693304,0.022972309961915016,2.54485166806262e-05
9840,0.027698367834091187,0.004598870873451233,0.02297225035727024,2.5449160602875054e-05
9841,0.027698414400219917,0.004598868545144796,0.02297230064868927,2.544911330915056e-05
9842,0.027698392048478127,0.004598866682499647,0.02297227829694748,2.5449462555116042e-05
9843,0.027698379009962082,0.0045988792553544044,0.02297225035727024,2.544985545682721e-05
9844,0.02769836224615574,0.004598863422870636,0.02297224849462509,2.5449977329117246e-05
9845,0.02769835852086544,0.004598875064402819,0.022972233593463898,2.545021561672911e-05
9846,0.02769833616912365,0.004598868545144796,0.022972213104367256,2.545065217418596e-05
9847,0.027698343619704247,0.0045988792553544044,0.022972209379076958,2.5450930479564704e-05
9848,0.027698276564478874,0.004598869476467371,0.02297215349972248,2.5450945031479932e-05
9849,0.02769830822944641,0.004598880652338266,0.022972170263528824,2.5451683541177772e-05
9850,0.027698345482349396,0.004598880652338266,0.02297220751643181,2.5451632609474473e-05
9851,0.027698323130607605,0.004598894156515598,0.022972168400883675,2.545201095927041e-05
9852,0.027698280289769173,0.004598886705935001,0.02297213114798069,2.5452387490076944e-05
9853,0.02769828401505947,0.004598893690854311,0.02297212742269039,2.5452565751038492e-05
9854,0.027698267251253128,0.004598898347467184,0.02297210320830345,2.545305142120924e-05
9855,0.02769823558628559,0.004598893225193024,0.022972077131271362,2.5453140551690012e-05
9856,0.027698252350091934,0.004598884843289852,0.022972101345658302,2.5453458874835633e-05
9857,0.027698220685124397,0.004598900210112333,0.022972051054239273,2.5453866328462027e-05
9858,0.027698220685124397,0.004598890896886587,0.02297206036746502,2.5453799025854096e-05
9859,0.027698175981640816,0.004598900675773621,0.022972004488110542,2.54542119364487e-05
9860,0.02769818715751171,0.00459890253841877,0.02297201193869114,2.5454615752096288e-05
9861,0.027698153629899025,0.004598905332386494,0.022971976548433304,2.545460120018106e-05
9862,0.02769816853106022,0.004598906729370356,0.02297198586165905,2.545509960327763e-05
9863,0.027698161080479622,0.004598891828209162,0.022971993312239647,2.5455388822592795e-05
9864,0.027698172256350517,0.004598915111273527,0.022971978411078453,2.545553979871329e-05
9865,0.027698146179318428,0.004598912782967091,0.022971954196691513,2.5455963623244315e-05
9866,0.027698105201125145,0.0045989141799509525,0.02297190949320793,2.5456261937506497e-05
9867,0.027698129415512085,0.004598906263709068,0.02297194115817547,2.545645838836208e-05
9868,0.027698133140802383,0.00459892675280571,0.022971922531723976,2.5456716684857383e-05
9869,0.0276980958878994,0.004598918370902538,0.02297189272940159,2.5457080482738093e-05
9870,0.02769809402525425,0.004598928149789572,0.022971879690885544,2.545730967540294e-05
9871,0.02769809402525425,0.004598915111273527,0.02297189086675644,2.5457589799771085e-05
9872,0.02769807167351246,0.004598919302225113,0.0229718629270792,2.5457862648181617e-05
9873,0.027698110789060593,0.0045989323407411575,0.02297188714146614,2.5458075469941832e-05
9874,0.027698058634996414,0.004598929081112146,0.02297183871269226,2.5458379241172224e-05
9875,0.02769806981086731,0.004598923958837986,0.022971851751208305,2.5458615709794685e-05
9876,0.02769807167351246,0.004598935600370169,0.02297184057533741,2.5458841264480725e-05
9877,0.027698010206222534,0.0045989262871444225,0.02297178842127323,2.545918323448859e-05
9878,0.027698040008544922,0.004598930943757296,0.02297181263566017,2.54594433499733e-05
9879,0.027698038145899773,0.00459895096719265,0.02297178842127323,2.545981260482222e-05
9880,0.02769797295331955,0.004598941653966904,0.022971730679273605,2.546004361647647e-05
9881,0.027698006480932236,0.004598954226821661,0.022971751168370247,2.5460278266109526e-05
9882,0.02769799716770649,0.0045989518985152245,0.02297174371778965,2.5460672986810096e-05
9883,0.02769796922802925,0.0045989505015313625,0.022971713915467262,2.5460989490966313e-05
9884,0.0276979748159647,0.0045989505015313625,0.02297171764075756,2.546106588852126e-05
9885,0.02769794501364231,0.004598939325660467,0.02297169901430607,2.5461395125603303e-05
9886,0.027697917073965073,0.004598958883434534,0.02297164872288704,2.546184987295419e-05
9887,0.027697917073965073,0.00459895608946681,0.022971652448177338,2.5461527911829762e-05
9888,0.027697905898094177,0.004598945379257202,0.02297164872288704,2.5462446501478553e-05
9889,0.027697887271642685,0.004598973318934441,0.02297160029411316,2.546259929658845e-05
9890,0.027697889134287834,0.0045989626087248325,0.022971615195274353,2.5462282792432234e-05
9891,0.027697892859578133,0.004598955623805523,0.02297161892056465,2.5463385100010782e-05
9892,0.02769785374403,0.004598961677402258,0.02297157421708107,2.5463385100010782e-05
9893,0.027697870507836342,0.004598953295499086,0.02297160215675831,2.546326140873134e-05
9894,0.027697842568159103,0.004598963540047407,0.022971557453274727,2.5464345526415855e-05
9895,0.02769782394170761,0.004598970524966717,0.022971533238887787,2.5463936253800057e-05
9896,0.02769782394170761,0.004598967265337706,0.022971535101532936,2.5464167265454307e-05
9897,0.027697807177901268,0.004598971921950579,0.022971509024500847,2.5465160433668643e-05
9898,0.02769777923822403,0.0045989640057086945,0.022971492260694504,2.5464736609137617e-05
9899,0.027697796002030373,0.00459898030385375,0.022971488535404205,2.5465216822340153e-05
9900,0.02769780158996582,0.004598978906869888,0.022971492260694504,2.5466017177677713e-05
9901,0.027697758749127388,0.0045989700593054295,0.022971462458372116,2.546550786064472e-05
9902,0.027697740122675896,0.004598984029144049,0.02297142520546913,2.5466168153798208e-05
9903,0.027697749435901642,0.0045989928767085075,0.022971423342823982,2.546675386838615e-05
9904,0.027697758749127388,0.004598995670676231,0.02297143079340458,2.5466337319812737e-05
9905,0.027697723358869553,0.00459897518157959,0.022971414029598236,2.5466901206527837e-05
9906,0.027697719633579254,0.004598996601998806,0.022971386089920998,2.5467532395850867e-05
9907,0.027697717770934105,0.00459899241104722,0.022971389815211296,2.5467075829510577e-05
9908,0.02769768051803112,0.004598991479724646,0.022971350699663162,2.546772338973824e-05
9909,0.02769770473241806,0.00459900451824069,0.02297135815024376,2.5468219973845407e-05
9910,0.027697674930095673,0.0045990063808858395,0.02297132834792137,2.546797441027593e-05
9911,0.02769768238067627,0.004599003586918116,0.02297133579850197,2.546854921092745e-05
9912,0.027697665616869926,0.0045989882200956345,0.02297133207321167,2.5469063984928653e-05
9913,0.027697673067450523,0.004599007312208414,0.022971320897340775,2.546896575950086e-05
9914,0.027697661891579628,0.004599014297127724,0.022971300408244133,2.5469269530731253e-05
9915,0.02769763022661209,0.004598997067660093,0.02297128364443779,2.5469895263086073e-05
9916,0.027697566896677017,0.004599010106176138,0.02297120727598667,2.54699607467046e-05
9917,0.027697628363966942,0.004599003586918116,0.022971274331212044,2.5470064429100603e-05
9918,0.027697613462805748,0.00459902361035347,0.02297123521566391,2.5470864784438163e-05
9919,0.027697568759322166,0.004599013831466436,0.022971199825406075,2.5470773834967986e-05
9920,0.027697604149580002,0.004599008243530989,0.022971240803599358,2.5470830223639496e-05
9921,0.02769758552312851,0.0045990231446921825,0.022971203550696373,2.5471528715570457e-05
9922,0.027697578072547913,0.004599019419401884,0.022971199825406075,2.547164331190288e-05
9923,0.027697531506419182,0.004599022213369608,0.022971151396632195,2.5471625122008845e-05
9924,0.02769753336906433,0.004599034786224365,0.022971136495471,2.5472414563409984e-05
9925,0.027697520330548286,0.004599025938659906,0.022971132770180702,2.5472598281339742e-05
9926,0.027697527781128883,0.004599024076014757,0.02297114208340645,2.5472521883784793e-05
9927,0.027697501704096794,0.004599038045853376,0.022971097379922867,2.5473344066995196e-05
9928,0.027697507292032242,0.0045990305952727795,0.022971108555793762,2.5473409550613724e-05
9929,0.027697492390871048,0.004599038977175951,0.02297108620405197,2.5473482310189866e-05
9930,0.027697492390871048,0.0045990534126758575,0.02297106757760048,2.547416261222679e-05
9931,0.027697458863258362,0.00459903571754694,0.022971050813794136,2.547414078435395e-05
9932,0.027697470039129257,0.004599052481353283,0.02297104522585869,2.547443909861613e-05
9933,0.02769746445119381,0.004599055740982294,0.022971034049987793,2.5474959329585545e-05
9934,0.027697458863258362,0.00459903571754694,0.022971048951148987,2.5475123038631864e-05
9935,0.027697432786226273,0.004599052015691996,0.022971004247665405,2.5475250367890112e-05
9936,0.027697457000613213,0.004599064122885466,0.02297101356089115,2.5475894290138967e-05
9937,0.027697380632162094,0.004599052015691996,0.022970950230956078,2.5475765141891316e-05
9938,0.027697404846549034,0.004599080421030521,0.02297094278037548,2.5475968868704513e-05
9939,0.02769734151661396,0.0045990534126758575,0.022970903664827347,2.5476925657130778e-05
9940,0.02769734524190426,0.004599052015691996,0.022970911115407944,2.5476476366748102e-05
9941,0.027697401121258736,0.004599076695740223,0.02297094091773033,2.547696203691885e-05
9942,0.027697348967194557,0.0045990608632564545,0.02297089993953705,2.5477756935288198e-05
9943,0.027697298675775528,0.004599055740982294,0.022970857098698616,2.547708572819829e-05
9944,0.027697330340743065,0.004599070176482201,0.02297087013721466,2.5477876988588832e-05
9945,0.027697307989001274,0.0045990715734660625,0.02297084406018257,2.5478515453869477e-05
9946,0.02769729681313038,0.004599072504788637,0.022970834746956825,2.547814801800996e-05
9947,0.027697311714291573,0.004599075764417648,0.022970842197537422,2.5478759198449552e-05
9948,0.02769731730222702,0.004599082749336958,0.022970836609601974,2.547946678532753e-05
9949,0.027697278186678886,0.0045990790240466595,0.02297080308198929,2.5478952011326328e-05
9950,0.027697302401065826,0.004599081818014383,0.02297082170844078,2.5479746909695677e-05
9951,0.02769726701080799,0.004599080886691809,0.022970784455537796,2.54802198469406e-05
9952,0.0276972483843565,0.004599074367433786,0.02297077514231205,2.547997428337112e-05
9953,0.02769722416996956,0.004599082749336958,0.022970737889409065,2.548060547269415e-05
9954,0.027697235345840454,0.004599093925207853,0.022970736026763916,2.5481067496002652e-05
9955,0.027697205543518066,0.004599080421030521,0.022970721125602722,2.5480921976850368e-05
9956,0.027697211131453514,0.00459909625351429,0.022970708087086678,2.5481365810264833e-05
9957,0.027697181329131126,0.004599102772772312,0.022970668971538544,2.5482080673100427e-05
9958,0.027697177603840828,0.004599078092724085,0.022970691323280334,2.54818096436793e-05
9959,0.027697177603840828,0.0045991018414497375,0.022970665246248245,2.548213342379313e-05
9960,0.027697158977389336,0.0045990911312401295,0.02297065407037735,2.5482999262749217e-05
9961,0.027697153389453888,0.004599090665578842,0.02297065034508705,2.5482568162260577e-05
9962,0.027697153389453888,0.004599105101078749,0.02297063358128071,2.5483024728600867e-05
9963,0.0276971235871315,0.004599091596901417,0.022970613092184067,2.5483981517027132e-05
9964,0.027697106823325157,0.00459910137578845,0.022970587015151978,2.5483434001216665e-05
9965,0.027697045356035233,0.004599106963723898,0.022970516234636307,2.5484254365437664e-05
9966,0.027697071433067322,0.0045991200022399426,0.022970527410507202,2.548478005337529e-05
9967,0.02769709937274456,0.004599106032401323,0.022970572113990784,2.54842725553317e-05
9968,0.02769709751009941,0.004599116276949644,0.02297055348753929,2.5485331207164563e-05
9969,0.02769707515835762,0.004599124193191528,0.022970523685216904,2.548544216551818e-05
9970,0.027697013691067696,0.00459912046790123,0.022970467805862427,2.5485147489234805e-05
9971,0.02769702672958374,0.004599110223352909,0.02297048643231392,2.5486266167717986e-05
9972,0.0276970025151968,0.004599124193191528,0.022970449179410934,2.5485891455900855e-05
9973,0.027697023004293442,0.0045991200022399426,0.022970469668507576,2.5486398953944445e-05
9974,0.027696993201971054,0.004599117673933506,0.022970441728830338,2.5486855520284735e-05
9975,0.027697008103132248,0.0045991274528205395,0.022970447316765785,2.5486686354270205e-05
9976,0.027696963399648666,0.004599136766046286,0.02297038957476616,2.548741758801043e-05
9977,0.027696963399648666,0.004599124193191528,0.022970400750637054,2.5487552193226293e-05
9978,0.027696985751390457,0.004599134437739849,0.0229704137891531,2.54877104453044e-05
9979,0.027696948498487473,0.004599130246788263,0.022970376536250114,2.5488481696811505e-05
9980,0.027696972712874413,0.004599138628691435,0.022970393300056458,2.548815064074006e-05
9981,0.027696963399648666,0.0045991442166268826,0.022970376536250114,2.5488583560218103e-05
9982,0.027696926146745682,0.004599138628691435,0.02297033928334713,2.548939301050268e-05
9983,0.027696898207068443,0.0045991381630301476,0.02297031506896019,2.548886368458625e-05
9984,0.027696911245584488,0.004599161446094513,0.022970302030444145,2.5489682229817845e-05
9985,0.027696866542100906,0.004599139094352722,0.022970277816057205,2.5490091502433643e-05
9986,0.027696866542100906,0.004599153529852629,0.02297026291489601,2.548982411099132e-05
9987,0.02769690752029419,0.0045991563238203526,0.022970298305153847,2.5490609914413653e-05
9988,0.027696873992681503,0.004599136766046286,0.022970281541347504,2.5490944608463906e-05
9989,0.027696873992681503,0.0045991516672074795,0.02297026850283146,2.549076270952355e-05
9990,0.02769683115184307,0.0045991577208042145,0.02297021634876728,2.549143937358167e-05
9991,0.027696853503584862,0.004599167499691248,0.022970227524638176,2.5491748601780273e-05
9992,0.02769683673977852,0.004599159583449364,0.02297021821141243,2.549170676502399e-05
9993,0.027696829289197922,0.004599174950271845,0.02297019213438034,2.5492430722806603e-05
9994,0.02769683301448822,0.004599177744239569,0.02297019027173519,2.5492725399089977e-05
9995,0.02769678458571434,0.004599159583449364,0.022970162332057953,2.549264536355622e-05
9996,0.027696792036294937,0.004599179606884718,0.02297014556825161,2.5493365683360025e-05
9997,0.02769673615694046,0.00459915678948164,0.022970110177993774,2.5493602151982486e-05
9998,0.027696773409843445,0.0045991684310138226,0.022970136255025864,2.549349665059708e-05
9999,0.0276967640966177,0.0045991744846105576,0.02297011762857437,2.5494395231362432e-05
